solid OpenSCAD_Model
  facet normal 0.870084 0.492903 0
    outer loop
      vertex -5.68245 3.51907 12
      vertex -5.84273 3.802 4
      vertex -5.84273 3.802 12
    endloop
  endfacet
  facet normal 0.870084 0.492903 0
    outer loop
      vertex -5.84273 3.802 4
      vertex -5.68245 3.51907 12
      vertex -5.68245 3.51907 4
    endloop
  endfacet
  facet normal -0.997252 -0.07409 0
    outer loop
      vertex 6.5931 7.57436 4
      vertex 6.5936 7.56763 8.92784
      vertex 6.5931 7.57436 8.9321
    endloop
  endfacet
  facet normal -0.997301 -0.0734249 9.13382e-07
    outer loop
      vertex 6.5931 7.57436 4
      vertex 6.59753 7.51425 8.8976
      vertex 6.5936 7.56763 8.92784
    endloop
  endfacet
  facet normal -0.997281 -0.0736895 -2.35275e-06
    outer loop
      vertex 6.5931 7.57436 4
      vertex 6.60158 7.45944 8.87001
      vertex 6.59753 7.51425 8.8976
    endloop
  endfacet
  facet normal -0.9973 -0.0734345 3.69847e-06
    outer loop
      vertex 6.5931 7.57436 4
      vertex 6.60571 7.40335 8.84515
      vertex 6.60158 7.45944 8.87001
    endloop
  endfacet
  facet normal -0.997281 -0.0736963 -5.5907e-06
    outer loop
      vertex 6.5931 7.57436 4
      vertex 6.60994 7.34611 8.82307
      vertex 6.60571 7.40335 8.84515
    endloop
  endfacet
  facet normal -0.997299 -0.0734511 6.07283e-06
    outer loop
      vertex 6.5931 7.57436 4
      vertex 6.61423 7.28786 8.80382
      vertex 6.60994 7.34611 8.82307
    endloop
  endfacet
  facet normal -0.997291 -0.0735613 -0
    outer loop
      vertex 6.61702 7.25007 8.79337
      vertex 6.5931 7.57436 4
      vertex 6.61702 7.25007 4
    endloop
  endfacet
  facet normal -0.997286 -0.0736274 -4.49813e-06
    outer loop
      vertex 6.5931 7.57436 4
      vertex 6.61702 7.25007 8.79337
      vertex 6.61423 7.28786 8.80382
    endloop
  endfacet
  facet normal -0.997252 -0.07409 0
    outer loop
      vertex 6.5936 7.56763 11.0722
      vertex 6.5931 7.57436 12
      vertex 6.5931 7.57436 11.0679
    endloop
  endfacet
  facet normal -0.997301 -0.0734271 -4.83517e-06
    outer loop
      vertex 6.59753 7.51425 11.1024
      vertex 6.5931 7.57436 12
      vertex 6.5936 7.56763 11.0722
    endloop
  endfacet
  facet normal -0.997282 -0.0736845 1.24953e-05
    outer loop
      vertex 6.60158 7.45944 11.13
      vertex 6.5931 7.57436 12
      vertex 6.59753 7.51425 11.1024
    endloop
  endfacet
  facet normal -0.9973 -0.0734416 -1.97651e-05
    outer loop
      vertex 6.60571 7.40335 11.1548
      vertex 6.5931 7.57436 12
      vertex 6.60158 7.45944 11.13
    endloop
  endfacet
  facet normal -0.997281 -0.0736868 3.01315e-05
    outer loop
      vertex 6.60994 7.34611 11.1769
      vertex 6.5931 7.57436 12
      vertex 6.60571 7.40335 11.1548
    endloop
  endfacet
  facet normal -0.997298 -0.0734601 -3.30999e-05
    outer loop
      vertex 6.61423 7.28786 11.1962
      vertex 6.5931 7.57436 12
      vertex 6.60994 7.34611 11.1769
    endloop
  endfacet
  facet normal -0.997286 -0.0736287 -0
    outer loop
      vertex 6.61702 7.25007 12
      vertex 6.61423 7.28786 11.1962
      vertex 6.61702 7.25007 11.2066
    endloop
  endfacet
  facet normal -0.997291 -0.0735613 3.18434e-06
    outer loop
      vertex 6.61423 7.28786 11.1962
      vertex 6.61702 7.25007 12
      vertex 6.5931 7.57436 12
    endloop
  endfacet
  facet normal -0.999704 -0.0243488 0
    outer loop
      vertex 6.61702 7.25007 4
      vertex 6.61754 7.22872 8.78746
      vertex 6.61702 7.25007 8.79337
    endloop
  endfacet
  facet normal -0.999699 -0.0245497 -8.96669e-07
    outer loop
      vertex 6.61702 7.25007 4
      vertex 6.61901 7.16886 8.77402
      vertex 6.61754 7.22872 8.78746
    endloop
  endfacet
  facet normal -0.999696 -0.0246406 -2.44328e-06
    outer loop
      vertex 6.61702 7.25007 4
      vertex 6.6205 7.10841 8.76353
      vertex 6.61901 7.16886 8.77402
    endloop
  endfacet
  facet normal -0.999701 -0.0244634 2.82896e-06
    outer loop
      vertex 6.61702 7.25007 4
      vertex 6.62199 7.04752 8.75602
      vertex 6.6205 7.10841 8.76353
    endloop
  endfacet
  facet normal -0.9997 -0.0245065 9.90672e-07
    outer loop
      vertex 6.61702 7.25007 4
      vertex 6.62349 6.98633 8.7515
      vertex 6.62199 7.04752 8.75602
    endloop
  endfacet
  facet normal -0.999699 -0.0245412 -9.33506e-07
    outer loop
      vertex 6.625 6.925 4
      vertex 6.62349 6.98633 8.7515
      vertex 6.61702 7.25007 4
    endloop
  endfacet
  facet normal -0.999697 -0.0246134 0
    outer loop
      vertex 6.62349 6.98633 8.7515
      vertex 6.625 6.925 4
      vertex 6.625 6.925 8.75
    endloop
  endfacet
  facet normal -0.999704 -0.0243488 0
    outer loop
      vertex 6.61754 7.22872 11.2125
      vertex 6.61702 7.25007 12
      vertex 6.61702 7.25007 11.2066
    endloop
  endfacet
  facet normal -0.999699 -0.0245487 5.42343e-06
    outer loop
      vertex 6.61901 7.16886 11.226
      vertex 6.61702 7.25007 12
      vertex 6.61754 7.22872 11.2125
    endloop
  endfacet
  facet normal -0.999696 -0.0246384 1.4844e-05
    outer loop
      vertex 6.6205 7.10841 11.2365
      vertex 6.61702 7.25007 12
      vertex 6.61901 7.16886 11.226
    endloop
  endfacet
  facet normal -0.999701 -0.0244652 -1.7319e-05
    outer loop
      vertex 6.62199 7.04752 11.244
      vertex 6.61702 7.25007 12
      vertex 6.6205 7.10841 11.2365
    endloop
  endfacet
  facet normal -0.9997 -0.0245058 8.79007e-06
    outer loop
      vertex 6.625 6.925 12
      vertex 6.62199 7.04752 11.244
      vertex 6.62349 6.98633 11.2485
    endloop
  endfacet
  facet normal -0.999697 -0.0246134 -0
    outer loop
      vertex 6.625 6.925 12
      vertex 6.62349 6.98633 11.2485
      vertex 6.625 6.925 11.25
    endloop
  endfacet
  facet normal -0.999699 -0.0245412 3.0554e-06
    outer loop
      vertex 6.62199 7.04752 11.244
      vertex 6.625 6.925 12
      vertex 6.61702 7.25007 12
    endloop
  endfacet
  facet normal -0.99246 -0.122568 0
    outer loop
      vertex 6.55329 7.89709 4
      vertex 6.55401 7.89126 9.20701
      vertex 6.55329 7.89709 9.21447
    endloop
  endfacet
  facet normal -0.992456 -0.122602 -3.84791e-08
    outer loop
      vertex 6.55329 7.89709 4
      vertex 6.55896 7.85119 9.16055
      vertex 6.55401 7.89126 9.20701
    endloop
  endfacet
  facet normal -0.992503 -0.122219 3.41685e-06
    outer loop
      vertex 6.55329 7.89709 4
      vertex 6.56417 7.80888 9.11612
      vertex 6.55896 7.85119 9.16055
    endloop
  endfacet
  facet normal -0.992479 -0.122413 3.26472e-08
    outer loop
      vertex 6.55329 7.89709 4
      vertex 6.56965 7.76445 9.07381
      vertex 6.56417 7.80888 9.11612
    endloop
  endfacet
  facet normal -0.99248 -0.122405 2.40457e-07
    outer loop
      vertex 6.55329 7.89709 4
      vertex 6.57538 7.71799 9.03374
      vertex 6.56965 7.76445 9.07381
    endloop
  endfacet
  facet normal -0.99247 -0.122492 -2.90987e-06
    outer loop
      vertex 6.55329 7.89709 4
      vertex 6.58135 7.66962 8.99599
      vertex 6.57538 7.71799 9.03374
    endloop
  endfacet
  facet normal -0.992472 -0.122475 -2.10939e-06
    outer loop
      vertex 6.55329 7.89709 4
      vertex 6.58754 7.61946 8.96066
      vertex 6.58135 7.66962 8.99599
    endloop
  endfacet
  facet normal -0.992478 -0.122426 -0
    outer loop
      vertex 6.5931 7.57436 8.9321
      vertex 6.55329 7.89709 4
      vertex 6.5931 7.57436 4
    endloop
  endfacet
  facet normal -0.992486 -0.122358 4.50797e-06
    outer loop
      vertex 6.55329 7.89709 4
      vertex 6.5931 7.57436 8.9321
      vertex 6.58754 7.61946 8.96066
    endloop
  endfacet
  facet normal -0.99246 -0.122568 0
    outer loop
      vertex 6.55401 7.89126 10.793
      vertex 6.55329 7.89709 12
      vertex 6.55329 7.89709 10.7855
    endloop
  endfacet
  facet normal -0.992456 -0.122602 1.6529e-07
    outer loop
      vertex 6.55896 7.85119 10.8394
      vertex 6.55329 7.89709 12
      vertex 6.55401 7.89126 10.793
    endloop
  endfacet
  facet normal -0.992502 -0.122231 -1.47223e-05
    outer loop
      vertex 6.56417 7.80888 10.8839
      vertex 6.55329 7.89709 12
      vertex 6.55896 7.85119 10.8394
    endloop
  endfacet
  facet normal -0.992479 -0.122413 -1.41465e-07
    outer loop
      vertex 6.56965 7.76445 10.9262
      vertex 6.55329 7.89709 12
      vertex 6.56417 7.80888 10.8839
    endloop
  endfacet
  facet normal -0.99248 -0.122405 -1.04987e-06
    outer loop
      vertex 6.57538 7.71799 10.9663
      vertex 6.55329 7.89709 12
      vertex 6.56965 7.76445 10.9262
    endloop
  endfacet
  facet normal -0.99247 -0.122484 1.28308e-05
    outer loop
      vertex 6.58135 7.66962 11.004
      vertex 6.55329 7.89709 12
      vertex 6.57538 7.71799 10.9663
    endloop
  endfacet
  facet normal -0.992472 -0.12247 9.40802e-06
    outer loop
      vertex 6.58754 7.61946 11.0393
      vertex 6.55329 7.89709 12
      vertex 6.58135 7.66962 11.004
    endloop
  endfacet
  facet normal -0.992485 -0.122368 -2.03694e-05
    outer loop
      vertex 6.5931 7.57436 11.0679
      vertex 6.55329 7.89709 12
      vertex 6.58754 7.61946 11.0393
    endloop
  endfacet
  facet normal -0.992478 -0.122426 0
    outer loop
      vertex 6.55329 7.89709 12
      vertex 6.5931 7.57436 11.0679
      vertex 6.5931 7.57436 12
    endloop
  endfacet
  facet normal 0.313689 0.949526 -0
    outer loop
      vertex -1.92314 0.585271 4
      vertex -2.23189 0.687271 12
      vertex -1.92314 0.585271 12
    endloop
  endfacet
  facet normal 0.313689 0.949526 0
    outer loop
      vertex -2.23189 0.687271 12
      vertex -1.92314 0.585271 4
      vertex -2.23189 0.687271 4
    endloop
  endfacet
  facet normal 0.985278 -0.170958 0
    outer loop
      vertex -6.55329 7.89709 12
      vertex -6.4977 8.21747 4
      vertex -6.4977 8.21747 12
    endloop
  endfacet
  facet normal 0.985278 -0.170958 0
    outer loop
      vertex -6.4977 8.21747 4
      vertex -6.55329 7.89709 12
      vertex -6.55329 7.89709 4
    endloop
  endfacet
  facet normal -0.0735641 0.99729 0
    outer loop
      vertex 0.649364 0.331901 4
      vertex 0.325073 0.30798 12
      vertex 0.649364 0.331901 12
    endloop
  endfacet
  facet normal -0.0735641 0.99729 0
    outer loop
      vertex 0.325073 0.30798 12
      vertex 0.649364 0.331901 4
      vertex 0.325073 0.30798 4
    endloop
  endfacet
  facet normal 0.932993 -0.359894 0
    outer loop
      vertex -6.23773 9.15689 12
      vertex -6.1207 9.46028 4
      vertex -6.1207 9.46028 12
    endloop
  endfacet
  facet normal 0.932993 -0.359894 0
    outer loop
      vertex -6.1207 9.46028 4
      vertex -6.23773 9.15689 12
      vertex -6.23773 9.15689 4
    endloop
  endfacet
  facet normal 0.0734999 -0.997295 0
    outer loop
      vertex -0.649364 13.5181 4
      vertex -0.325073 13.542 12
      vertex -0.649364 13.5181 12
    endloop
  endfacet
  facet normal 0.0734999 -0.997295 0
    outer loop
      vertex -0.325073 13.542 12
      vertex -0.649364 13.5181 4
      vertex -0.325073 13.542 4
    endloop
  endfacet
  facet normal 0.975706 -0.219086 0
    outer loop
      vertex -6.4977 8.21747 12
      vertex -6.42646 8.53474 4
      vertex -6.42646 8.53474 12
    endloop
  endfacet
  facet normal 0.975706 -0.219086 0
    outer loop
      vertex -6.42646 8.53474 4
      vertex -6.4977 8.21747 12
      vertex -6.4977 8.21747 4
    endloop
  endfacet
  facet normal -0.492903 0.870084 0
    outer loop
      vertex 3.40593 1.24255 4
      vertex 3.123 1.08227 12
      vertex 3.40593 1.24255 12
    endloop
  endfacet
  facet normal -0.492903 0.870084 0
    outer loop
      vertex 3.123 1.08227 12
      vertex 3.40593 1.24255 4
      vertex 3.123 1.08227 4
    endloop
  endfacet
  facet normal -0.893225 -0.449611 0
    outer loop
      vertex 5.98893 9.75755 4
      vertex 5.84273 10.048 12
      vertex 5.84273 10.048 4
    endloop
  endfacet
  facet normal -0.893225 -0.449611 0
    outer loop
      vertex 5.84273 10.048 12
      vertex 5.98893 9.75755 4
      vertex 5.98893 9.75755 12
    endloop
  endfacet
  facet normal 0.218968 -0.975732 0
    outer loop
      vertex -1.60974 13.3515 4
      vertex -1.29247 13.4227 12
      vertex -1.60974 13.3515 12
    endloop
  endfacet
  facet normal 0.218968 -0.975732 0
    outer loop
      vertex -1.29247 13.4227 12
      vertex -1.60974 13.3515 4
      vertex -1.29247 13.4227 4
    endloop
  endfacet
  facet normal -0.975706 0.219086 0
    outer loop
      vertex 6.42646 5.31526 4
      vertex 6.4977 5.63253 12
      vertex 6.4977 5.63253 4
    endloop
  endfacet
  facet normal -0.975706 0.219086 0
    outer loop
      vertex 6.4977 5.63253 12
      vertex 6.42646 5.31526 4
      vertex 6.42646 5.31526 12
    endloop
  endfacet
  facet normal -0.949526 0.313689 0
    outer loop
      vertex 6.23773 4.69311 4
      vertex 6.33973 5.00186 12
      vertex 6.33973 5.00186 4
    endloop
  endfacet
  facet normal -0.949526 0.313689 0
    outer loop
      vertex 6.33973 5.00186 12
      vertex 6.23773 4.69311 4
      vertex 6.23773 4.69311 12
    endloop
  endfacet
  facet normal -0.949526 -0.313689 0
    outer loop
      vertex 6.33973 8.84814 4
      vertex 6.23773 9.15689 12
      vertex 6.23773 9.15689 4
    endloop
  endfacet
  facet normal -0.949526 -0.313689 0
    outer loop
      vertex 6.23773 9.15689 12
      vertex 6.33973 8.84814 4
      vertex 6.33973 8.84814 12
    endloop
  endfacet
  facet normal 0.689517 -0.72427 0
    outer loop
      vertex -4.68458 11.6096 4
      vertex -4.44908 11.8338 12
      vertex -4.68458 11.6096 12
    endloop
  endfacet
  facet normal 0.689517 -0.72427 0
    outer loop
      vertex -4.44908 11.8338 12
      vertex -4.68458 11.6096 4
      vertex -4.44908 11.8338 4
    endloop
  endfacet
  facet normal 0.949526 -0.313689 0
    outer loop
      vertex -6.33973 8.84814 12
      vertex -6.23773 9.15689 4
      vertex -6.23773 9.15689 12
    endloop
  endfacet
  facet normal 0.949526 -0.313689 0
    outer loop
      vertex -6.23773 9.15689 4
      vertex -6.33973 8.84814 12
      vertex -6.33973 8.84814 4
    endloop
  endfacet
  facet normal -0.893225 0.449611 0
    outer loop
      vertex 5.84273 3.802 4
      vertex 5.98893 4.09245 12
      vertex 5.98893 4.09245 4
    endloop
  endfacet
  facet normal -0.893225 0.449611 0
    outer loop
      vertex 5.98893 4.09245 12
      vertex 5.84273 3.802 4
      vertex 5.84273 3.802 12
    endloop
  endfacet
  facet normal -0.359886 0.932996 0
    outer loop
      vertex 2.53528 0.804298 4
      vertex 2.23189 0.687271 12
      vertex 2.53528 0.804298 12
    endloop
  endfacet
  facet normal -0.359886 0.932996 0
    outer loop
      vertex 2.23189 0.687271 12
      vertex 2.53528 0.804298 4
      vertex 2.23189 0.687271 4
    endloop
  endfacet
  facet normal 0.757184 -0.653202 0
    outer loop
      vertex -5.12119 11.1279 12
      vertex -4.9088 11.3741 4
      vertex -4.9088 11.3741 12
    endloop
  endfacet
  facet normal 0.757184 -0.653202 0
    outer loop
      vertex -4.9088 11.3741 4
      vertex -5.12119 11.1279 12
      vertex -5.12119 11.1279 4
    endloop
  endfacet
  facet normal 0.0735641 0.99729 -0
    outer loop
      vertex -0.325073 0.30798 4
      vertex -0.649364 0.331901 12
      vertex -0.325073 0.30798 12
    endloop
  endfacet
  facet normal 0.0735641 0.99729 0
    outer loop
      vertex -0.649364 0.331901 12
      vertex -0.325073 0.30798 4
      vertex -0.649364 0.331901 4
    endloop
  endfacet
  facet normal -0.534988 0.84486 0
    outer loop
      vertex 3.68065 1.41651 4
      vertex 3.40593 1.24255 12
      vertex 3.68065 1.41651 12
    endloop
  endfacet
  facet normal -0.534988 0.84486 0
    outer loop
      vertex 3.40593 1.24255 12
      vertex 3.68065 1.41651 4
      vertex 3.40593 1.24255 4
    endloop
  endfacet
  facet normal -0.870062 -0.492943 0
    outer loop
      vertex 5.84273 10.048 4
      vertex 5.68245 10.3309 12
      vertex 5.68245 10.3309 4
    endloop
  endfacet
  facet normal -0.870062 -0.492943 0
    outer loop
      vertex 5.68245 10.3309 12
      vertex 5.84273 10.048 4
      vertex 5.84273 10.048 12
    endloop
  endfacet
  facet normal 0.653189 -0.757195 0
    outer loop
      vertex -4.44908 11.8338 4
      vertex -4.20286 12.0462 12
      vertex -4.44908 11.8338 12
    endloop
  endfacet
  facet normal 0.653189 -0.757195 0
    outer loop
      vertex -4.20286 12.0462 12
      vertex -4.44908 11.8338 4
      vertex -4.20286 12.0462 4
    endloop
  endfacet
  facet normal -0.963776 0.266714 0
    outer loop
      vertex 6.33973 5.00186 4
      vertex 6.42646 5.31526 12
      vertex 6.42646 5.31526 4
    endloop
  endfacet
  facet normal -0.963776 0.266714 0
    outer loop
      vertex 6.42646 5.31526 12
      vertex 6.33973 5.00186 4
      vertex 6.33973 5.00186 12
    endloop
  endfacet
  facet normal -0.615122 -0.788432 0
    outer loop
      vertex 3.94651 12.2462 4
      vertex 4.20286 12.0462 12
      vertex 3.94651 12.2462 12
    endloop
  endfacet
  facet normal -0.615122 -0.788432 -0
    outer loop
      vertex 4.20286 12.0462 12
      vertex 3.94651 12.2462 4
      vertex 4.20286 12.0462 4
    endloop
  endfacet
  facet normal -0.84493 -0.534877 0
    outer loop
      vertex 5.68245 10.3309 4
      vertex 5.50849 10.6057 12
      vertex 5.50849 10.6057 4
    endloop
  endfacet
  facet normal -0.84493 -0.534877 0
    outer loop
      vertex 5.50849 10.6057 12
      vertex 5.68245 10.3309 4
      vertex 5.68245 10.3309 12
    endloop
  endfacet
  facet normal 0.170988 -0.985273 0
    outer loop
      vertex -1.29247 13.4227 4
      vertex -0.972089 13.4783 12
      vertex -1.29247 13.4227 12
    endloop
  endfacet
  facet normal 0.170988 -0.985273 0
    outer loop
      vertex -0.972089 13.4783 12
      vertex -1.29247 13.4227 4
      vertex -0.972089 13.4783 4
    endloop
  endfacet
  facet normal -0.219103 0.975702 0
    outer loop
      vertex 1.60974 0.498544 4
      vertex 1.29247 0.427298 12
      vertex 1.60974 0.498544 12
    endloop
  endfacet
  facet normal -0.219103 0.975702 0
    outer loop
      vertex 1.29247 0.427298 12
      vertex 1.60974 0.498544 4
      vertex 1.29247 0.427298 4
    endloop
  endfacet
  facet normal -0.492717 -0.87019 0
    outer loop
      vertex 3.123 12.7677 4
      vertex 3.40593 12.6075 12
      vertex 3.123 12.7677 12
    endloop
  endfacet
  facet normal -0.492717 -0.87019 -0
    outer loop
      vertex 3.40593 12.6075 12
      vertex 3.123 12.7677 4
      vertex 3.40593 12.6075 4
    endloop
  endfacet
  facet normal 0.914211 -0.405239 0
    outer loop
      vertex -6.1207 9.46028 12
      vertex -5.98893 9.75755 4
      vertex -5.98893 9.75755 12
    endloop
  endfacet
  facet normal 0.914211 -0.405239 0
    outer loop
      vertex -5.98893 9.75755 4
      vertex -6.1207 9.46028 12
      vertex -6.1207 9.46028 4
    endloop
  endfacet
  facet normal 0.359886 0.932996 -0
    outer loop
      vertex -2.23189 0.687271 4
      vertex -2.53528 0.804298 12
      vertex -2.23189 0.687271 12
    endloop
  endfacet
  facet normal 0.359886 0.932996 0
    outer loop
      vertex -2.53528 0.804298 12
      vertex -2.23189 0.687271 4
      vertex -2.53528 0.804298 4
    endloop
  endfacet
  facet normal -0.985275 -0.170979 0
    outer loop
      vertex 6.4977 8.21747 4
      vertex 6.50507 8.175 10
      vertex 6.4977 8.21747 12
    endloop
  endfacet
  facet normal -0.985448 -0.169977 7.30763e-06
    outer loop
      vertex 6.4977 8.21747 4
      vertex 6.50533 8.17349 9.93867
      vertex 6.50507 8.175 10
    endloop
  endfacet
  facet normal -0.985028 -0.172393 -1.11254e-05
    outer loop
      vertex 6.4977 8.21747 4
      vertex 6.50612 8.16898 9.87748
      vertex 6.50533 8.17349 9.93867
    endloop
  endfacet
  facet normal -0.985341 -0.170598 4.12612e-06
    outer loop
      vertex 6.4977 8.21747 4
      vertex 6.50742 8.16147 9.81659
      vertex 6.50612 8.16898 9.87748
    endloop
  endfacet
  facet normal -0.98528 -0.170948 6.54801e-07
    outer loop
      vertex 6.4977 8.21747 4
      vertex 6.50924 8.15098 9.75614
      vertex 6.50742 8.16147 9.81659
    endloop
  endfacet
  facet normal -0.985301 -0.170824 2.13066e-06
    outer loop
      vertex 6.4977 8.21747 4
      vertex 6.51157 8.13754 9.69627
      vertex 6.50924 8.15098 9.75614
    endloop
  endfacet
  facet normal -0.985282 -0.170937 5.09867e-07
    outer loop
      vertex 6.4977 8.21747 4
      vertex 6.51441 8.12117 9.63714
      vertex 6.51157 8.13754 9.69627
    endloop
  endfacet
  facet normal -0.985265 -0.171035 -1.22307e-06
    outer loop
      vertex 6.4977 8.21747 4
      vertex 6.51775 8.10193 9.57889
      vertex 6.51441 8.12117 9.63714
    endloop
  endfacet
  facet normal -0.985286 -0.170912 1.41042e-06
    outer loop
      vertex 6.4977 8.21747 4
      vertex 6.52158 8.07985 9.52165
      vertex 6.51775 8.10193 9.57889
    endloop
  endfacet
  facet normal -0.985237 -0.171195 -5.85486e-06
    outer loop
      vertex 6.4977 8.21747 4
      vertex 6.5259 8.05499 9.46556
      vertex 6.52158 8.07985 9.52165
    endloop
  endfacet
  facet normal -0.985319 -0.170725 8.53653e-06
    outer loop
      vertex 6.4977 8.21747 4
      vertex 6.53068 8.0274 9.41075
      vertex 6.5259 8.05499 9.46556
    endloop
  endfacet
  facet normal -0.985263 -0.171047 -3.13155e-06
    outer loop
      vertex 6.4977 8.21747 4
      vertex 6.53593 7.99716 9.35737
      vertex 6.53068 8.0274 9.41075
    endloop
  endfacet
  facet normal -0.985253 -0.171105 -5.56905e-06
    outer loop
      vertex 6.4977 8.21747 4
      vertex 6.54163 7.96434 9.30554
      vertex 6.53593 7.99716 9.35737
    endloop
  endfacet
  facet normal -0.985279 -0.170955 1.77225e-06
    outer loop
      vertex 6.4977 8.21747 4
      vertex 6.54776 7.92901 9.25538
      vertex 6.54163 7.96434 9.30554
    endloop
  endfacet
  facet normal -0.985278 -0.170958 -0
    outer loop
      vertex 6.55329 7.89709 9.21447
      vertex 6.4977 8.21747 4
      vertex 6.55329 7.89709 4
    endloop
  endfacet
  facet normal -0.985319 -0.170721 1.49889e-05
    outer loop
      vertex 6.4977 8.21747 4
      vertex 6.55329 7.89709 9.21447
      vertex 6.54776 7.92901 9.25538
    endloop
  endfacet
  facet normal -0.985395 -0.170286 -1.51575e-05
    outer loop
      vertex 6.50533 8.17349 10.0613
      vertex 6.4977 8.21747 12
      vertex 6.50507 8.175 10
    endloop
  endfacet
  facet normal -0.985069 -0.172162 2.86774e-05
    outer loop
      vertex 6.50612 8.16898 10.1225
      vertex 6.4977 8.21747 12
      vertex 6.50533 8.17349 10.0613
    endloop
  endfacet
  facet normal -0.985331 -0.170656 -1.13943e-05
    outer loop
      vertex 6.50742 8.16147 10.1834
      vertex 6.4977 8.21747 12
      vertex 6.50612 8.16898 10.1225
    endloop
  endfacet
  facet normal -0.985279 -0.170955 -1.87888e-06
    outer loop
      vertex 6.50924 8.15098 10.2439
      vertex 6.4977 8.21747 12
      vertex 6.50742 8.16147 10.1834
    endloop
  endfacet
  facet normal -0.985298 -0.170842 -6.28448e-06
    outer loop
      vertex 6.51157 8.13754 10.3037
      vertex 6.4977 8.21747 12
      vertex 6.50924 8.15098 10.2439
    endloop
  endfacet
  facet normal -0.985281 -0.17094 -1.53703e-06
    outer loop
      vertex 6.51441 8.12117 10.3629
      vertex 6.4977 8.21747 12
      vertex 6.51157 8.13754 10.3037
    endloop
  endfacet
  facet normal -0.985266 -0.171028 3.76023e-06
    outer loop
      vertex 6.51775 8.10193 10.4211
      vertex 6.4977 8.21747 12
      vertex 6.51441 8.12117 10.3629
    endloop
  endfacet
  facet normal -0.985285 -0.170919 -4.41308e-06
    outer loop
      vertex 6.52158 8.07985 10.4784
      vertex 6.4977 8.21747 12
      vertex 6.51775 8.10193 10.4211
    endloop
  endfacet
  facet normal -0.985242 -0.171167 1.8643e-05
    outer loop
      vertex 6.5259 8.05499 10.5344
      vertex 6.4977 8.21747 12
      vertex 6.52158 8.07985 10.4784
    endloop
  endfacet
  facet normal -0.985312 -0.170761 -2.76304e-05
    outer loop
      vertex 6.53068 8.0274 10.5892
      vertex 6.4977 8.21747 12
      vertex 6.5259 8.05499 10.5344
    endloop
  endfacet
  facet normal -0.985265 -0.171035 1.03037e-05
    outer loop
      vertex 6.53593 7.99716 10.6426
      vertex 6.4977 8.21747 12
      vertex 6.53068 8.0274 10.5892
    endloop
  endfacet
  facet normal -0.985256 -0.171085 1.86267e-05
    outer loop
      vertex 6.54163 7.96434 10.6945
      vertex 6.4977 8.21747 12
      vertex 6.53593 7.99716 10.6426
    endloop
  endfacet
  facet normal -0.985278 -0.170961 -6.03179e-06
    outer loop
      vertex 6.54776 7.92901 10.7446
      vertex 6.4977 8.21747 12
      vertex 6.54163 7.96434 10.6945
    endloop
  endfacet
  facet normal -0.985311 -0.170767 -5.18847e-05
    outer loop
      vertex 6.55329 7.89709 10.7855
      vertex 6.4977 8.21747 12
      vertex 6.54776 7.92901 10.7446
    endloop
  endfacet
  facet normal -0.985278 -0.170958 0
    outer loop
      vertex 6.4977 8.21747 12
      vertex 6.55329 7.89709 10.7855
      vertex 6.55329 7.89709 12
    endloop
  endfacet
  facet normal 0.963776 -0.266714 0
    outer loop
      vertex -6.42646 8.53474 12
      vertex -6.33973 8.84814 4
      vertex -6.33973 8.84814 12
    endloop
  endfacet
  facet normal 0.963776 -0.266714 0
    outer loop
      vertex -6.33973 8.84814 4
      vertex -6.42646 8.53474 12
      vertex -6.42646 8.53474 4
    endloop
  endfacet
  facet normal -0.724239 -0.689549 0
    outer loop
      vertex 4.9088 11.3741 4
      vertex 4.68458 11.6096 12
      vertex 4.68458 11.6096 4
    endloop
  endfacet
  facet normal -0.724239 -0.689549 0
    outer loop
      vertex 4.68458 11.6096 12
      vertex 4.9088 11.3741 4
      vertex 4.9088 11.3741 12
    endloop
  endfacet
  facet normal 0.405247 0.914207 -0
    outer loop
      vertex -2.53528 0.804298 4
      vertex -2.83255 0.936071 12
      vertex -2.53528 0.804298 12
    endloop
  endfacet
  facet normal 0.405247 0.914207 0
    outer loop
      vertex -2.83255 0.936071 12
      vertex -2.53528 0.804298 4
      vertex -2.83255 0.936071 4
    endloop
  endfacet
  facet normal -0.870084 0.492903 0
    outer loop
      vertex 5.68245 3.51907 4
      vertex 5.84273 3.802 12
      vertex 5.84273 3.802 4
    endloop
  endfacet
  facet normal -0.870084 0.492903 0
    outer loop
      vertex 5.84273 3.802 12
      vertex 5.68245 3.51907 4
      vertex 5.68245 3.51907 12
    endloop
  endfacet
  facet normal -0.992478 0.122426 0
    outer loop
      vertex 6.55329 5.95291 4
      vertex 6.5931 6.27564 8.9321
      vertex 6.5931 6.27564 4
    endloop
  endfacet
  facet normal -0.992486 0.122358 4.50797e-06
    outer loop
      vertex 6.5931 6.27564 8.9321
      vertex 6.55329 5.95291 4
      vertex 6.58754 6.23054 8.96066
    endloop
  endfacet
  facet normal -0.992472 0.122475 -2.10939e-06
    outer loop
      vertex 6.58754 6.23054 8.96066
      vertex 6.55329 5.95291 4
      vertex 6.58135 6.18038 8.99599
    endloop
  endfacet
  facet normal -0.99247 0.122492 -2.90987e-06
    outer loop
      vertex 6.58135 6.18038 8.99599
      vertex 6.55329 5.95291 4
      vertex 6.57538 6.13201 9.03374
    endloop
  endfacet
  facet normal -0.99248 0.122405 2.40457e-07
    outer loop
      vertex 6.57538 6.13201 9.03374
      vertex 6.55329 5.95291 4
      vertex 6.56965 6.08555 9.07381
    endloop
  endfacet
  facet normal -0.992479 0.122413 3.26472e-08
    outer loop
      vertex 6.56965 6.08555 9.07381
      vertex 6.55329 5.95291 4
      vertex 6.56417 6.04112 9.11612
    endloop
  endfacet
  facet normal -0.992503 0.122219 3.41685e-06
    outer loop
      vertex 6.56417 6.04112 9.11612
      vertex 6.55329 5.95291 4
      vertex 6.55896 5.99881 9.16055
    endloop
  endfacet
  facet normal -0.992456 0.122602 -3.84791e-08
    outer loop
      vertex 6.55896 5.99881 9.16055
      vertex 6.55329 5.95291 4
      vertex 6.55401 5.95874 9.20701
    endloop
  endfacet
  facet normal -0.99246 0.122568 0
    outer loop
      vertex 6.55401 5.95874 9.20701
      vertex 6.55329 5.95291 4
      vertex 6.55329 5.95291 9.21447
    endloop
  endfacet
  facet normal -0.992485 0.122368 -2.03694e-05
    outer loop
      vertex 6.55329 5.95291 12
      vertex 6.5931 6.27564 11.0679
      vertex 6.58754 6.23054 11.0393
    endloop
  endfacet
  facet normal -0.992472 0.12247 9.40802e-06
    outer loop
      vertex 6.55329 5.95291 12
      vertex 6.58754 6.23054 11.0393
      vertex 6.58135 6.18038 11.004
    endloop
  endfacet
  facet normal -0.99247 0.122484 1.28308e-05
    outer loop
      vertex 6.55329 5.95291 12
      vertex 6.58135 6.18038 11.004
      vertex 6.57538 6.13201 10.9663
    endloop
  endfacet
  facet normal -0.99248 0.122405 -1.04987e-06
    outer loop
      vertex 6.55329 5.95291 12
      vertex 6.57538 6.13201 10.9663
      vertex 6.56965 6.08555 10.9262
    endloop
  endfacet
  facet normal -0.992479 0.122413 -1.41465e-07
    outer loop
      vertex 6.55329 5.95291 12
      vertex 6.56965 6.08555 10.9262
      vertex 6.56417 6.04112 10.8839
    endloop
  endfacet
  facet normal -0.992502 0.122231 -1.47223e-05
    outer loop
      vertex 6.55329 5.95291 12
      vertex 6.56417 6.04112 10.8839
      vertex 6.55896 5.99881 10.8394
    endloop
  endfacet
  facet normal -0.992456 0.122602 1.6529e-07
    outer loop
      vertex 6.55329 5.95291 12
      vertex 6.55896 5.99881 10.8394
      vertex 6.55401 5.95874 10.793
    endloop
  endfacet
  facet normal -0.99246 0.122568 0
    outer loop
      vertex 6.55329 5.95291 12
      vertex 6.55401 5.95874 10.793
      vertex 6.55329 5.95291 10.7855
    endloop
  endfacet
  facet normal -0.992478 0.122426 0
    outer loop
      vertex 6.5931 6.27564 11.0679
      vertex 6.55329 5.95291 12
      vertex 6.5931 6.27564 12
    endloop
  endfacet
  facet normal -0.653189 -0.757195 0
    outer loop
      vertex 4.20286 12.0462 4
      vertex 4.44908 11.8338 12
      vertex 4.20286 12.0462 12
    endloop
  endfacet
  facet normal -0.653189 -0.757195 -0
    outer loop
      vertex 4.44908 11.8338 12
      vertex 4.20286 12.0462 4
      vertex 4.44908 11.8338 4
    endloop
  endfacet
  facet normal 0.975706 0.219086 0
    outer loop
      vertex -6.42646 5.31526 12
      vertex -6.4977 5.63253 4
      vertex -6.4977 5.63253 12
    endloop
  endfacet
  facet normal 0.975706 0.219086 0
    outer loop
      vertex -6.4977 5.63253 4
      vertex -6.42646 5.31526 12
      vertex -6.42646 5.31526 4
    endloop
  endfacet
  facet normal 0.0246024 -0.999697 0
    outer loop
      vertex -0.325073 13.542 4
      vertex 0 13.55 12
      vertex -0.325073 13.542 12
    endloop
  endfacet
  facet normal 0.0246024 -0.999697 0
    outer loop
      vertex 0 13.55 12
      vertex -0.325073 13.542 4
      vertex 0 13.55 4
    endloop
  endfacet
  facet normal -0.170964 0.985277 0
    outer loop
      vertex 1.29247 0.427298 4
      vertex 0.972089 0.371706 12
      vertex 1.29247 0.427298 12
    endloop
  endfacet
  facet normal -0.170964 0.985277 0
    outer loop
      vertex 0.972089 0.371706 12
      vertex 1.29247 0.427298 4
      vertex 0.972089 0.371706 4
    endloop
  endfacet
  facet normal 0.997291 0.0735613 0
    outer loop
      vertex -6.5931 6.27564 12
      vertex -6.61702 6.59993 4
      vertex -6.61702 6.59993 12
    endloop
  endfacet
  facet normal 0.997291 0.0735613 0
    outer loop
      vertex -6.61702 6.59993 4
      vertex -6.5931 6.27564 12
      vertex -6.5931 6.27564 4
    endloop
  endfacet
  facet normal 0.75721 0.653171 0
    outer loop
      vertex -4.9088 2.47592 12
      vertex -5.12119 2.72214 4
      vertex -5.12119 2.72214 12
    endloop
  endfacet
  facet normal 0.75721 0.653171 0
    outer loop
      vertex -5.12119 2.72214 4
      vertex -4.9088 2.47592 12
      vertex -4.9088 2.47592 4
    endloop
  endfacet
  facet normal 0.615122 -0.788432 0
    outer loop
      vertex -4.20286 12.0462 4
      vertex -3.94651 12.2462 12
      vertex -4.20286 12.0462 12
    endloop
  endfacet
  facet normal 0.615122 -0.788432 0
    outer loop
      vertex -3.94651 12.2462 12
      vertex -4.20286 12.0462 4
      vertex -3.94651 12.2462 4
    endloop
  endfacet
  facet normal -0.0245409 0.999699 0
    outer loop
      vertex 0.325073 0.30798 4
      vertex 0 0.3 12
      vertex 0.325073 0.30798 12
    endloop
  endfacet
  facet normal -0.0245409 0.999699 0
    outer loop
      vertex 0 0.3 12
      vertex 0.325073 0.30798 4
      vertex 0 0.3 4
    endloop
  endfacet
  facet normal -0.535075 -0.844804 0
    outer loop
      vertex 3.40593 12.6075 4
      vertex 3.68065 12.4335 12
      vertex 3.40593 12.6075 12
    endloop
  endfacet
  facet normal -0.535075 -0.844804 -0
    outer loop
      vertex 3.68065 12.4335 12
      vertex 3.40593 12.6075 4
      vertex 3.68065 12.4335 4
    endloop
  endfacet
  facet normal -0.997291 0.0735613 0
    outer loop
      vertex 6.5931 6.27564 4
      vertex 6.61702 6.59993 8.79337
      vertex 6.61702 6.59993 4
    endloop
  endfacet
  facet normal -0.997286 0.0736274 -4.49813e-06
    outer loop
      vertex 6.61702 6.59993 8.79337
      vertex 6.5931 6.27564 4
      vertex 6.61423 6.56214 8.80382
    endloop
  endfacet
  facet normal -0.997299 0.0734511 6.07283e-06
    outer loop
      vertex 6.61423 6.56214 8.80382
      vertex 6.5931 6.27564 4
      vertex 6.60994 6.50389 8.82307
    endloop
  endfacet
  facet normal -0.997282 0.0736837 -4.99243e-06
    outer loop
      vertex 6.60994 6.50389 8.82307
      vertex 6.5931 6.27564 4
      vertex 6.60571 6.44664 8.84515
    endloop
  endfacet
  facet normal -0.997299 0.0734474 3.39267e-06
    outer loop
      vertex 6.60571 6.44664 8.84515
      vertex 6.5931 6.27564 4
      vertex 6.60158 6.39056 8.87001
    endloop
  endfacet
  facet normal -0.997281 0.0736895 -2.35275e-06
    outer loop
      vertex 6.60158 6.39056 8.87001
      vertex 6.5931 6.27564 4
      vertex 6.59753 6.33575 8.8976
    endloop
  endfacet
  facet normal -0.997301 0.0734249 9.13382e-07
    outer loop
      vertex 6.59753 6.33575 8.8976
      vertex 6.5931 6.27564 4
      vertex 6.5936 6.28237 8.92784
    endloop
  endfacet
  facet normal -0.997252 0.07409 0
    outer loop
      vertex 6.5936 6.28237 8.92784
      vertex 6.5931 6.27564 4
      vertex 6.5931 6.27564 8.9321
    endloop
  endfacet
  facet normal -0.997286 0.0736287 0
    outer loop
      vertex 6.61423 6.56214 11.1962
      vertex 6.61702 6.59993 12
      vertex 6.61702 6.59993 11.2066
    endloop
  endfacet
  facet normal -0.997298 0.0734601 -3.30999e-05
    outer loop
      vertex 6.5931 6.27564 12
      vertex 6.61423 6.56214 11.1962
      vertex 6.60994 6.50389 11.1769
    endloop
  endfacet
  facet normal -0.997282 0.0736753 2.69074e-05
    outer loop
      vertex 6.5931 6.27564 12
      vertex 6.60994 6.50389 11.1769
      vertex 6.60571 6.44664 11.1548
    endloop
  endfacet
  facet normal -0.997299 0.0734539 -1.81307e-05
    outer loop
      vertex 6.5931 6.27564 12
      vertex 6.60571 6.44664 11.1548
      vertex 6.60158 6.39056 11.13
    endloop
  endfacet
  facet normal -0.997282 0.0736845 1.24953e-05
    outer loop
      vertex 6.5931 6.27564 12
      vertex 6.60158 6.39056 11.13
      vertex 6.59753 6.33575 11.1024
    endloop
  endfacet
  facet normal -0.997301 0.0734271 -4.83517e-06
    outer loop
      vertex 6.5931 6.27564 12
      vertex 6.59753 6.33575 11.1024
      vertex 6.5936 6.28237 11.0722
    endloop
  endfacet
  facet normal -0.997252 0.07409 0
    outer loop
      vertex 6.5931 6.27564 12
      vertex 6.5936 6.28237 11.0722
      vertex 6.5931 6.27564 11.0679
    endloop
  endfacet
  facet normal -0.997291 0.0735613 3.18434e-06
    outer loop
      vertex 6.61423 6.56214 11.1962
      vertex 6.5931 6.27564 12
      vertex 6.61702 6.59993 12
    endloop
  endfacet
  facet normal -0.914211 -0.405239 0
    outer loop
      vertex 6.1207 9.46028 4
      vertex 5.98893 9.75755 12
      vertex 5.98893 9.75755 4
    endloop
  endfacet
  facet normal -0.914211 -0.405239 0
    outer loop
      vertex 5.98893 9.75755 12
      vertex 6.1207 9.46028 4
      vertex 6.1207 9.46028 12
    endloop
  endfacet
  facet normal -0.914211 0.405239 0
    outer loop
      vertex 5.98893 4.09245 4
      vertex 6.1207 4.38972 12
      vertex 6.1207 4.38972 4
    endloop
  endfacet
  facet normal -0.914211 0.405239 0
    outer loop
      vertex 6.1207 4.38972 12
      vertex 5.98893 4.09245 4
      vertex 5.98893 4.09245 12
    endloop
  endfacet
  facet normal -0.788343 0.615236 0
    outer loop
      vertex 5.12119 2.72214 4
      vertex 5.32125 2.97849 12
      vertex 5.32125 2.97849 4
    endloop
  endfacet
  facet normal -0.788343 0.615236 0
    outer loop
      vertex 5.32125 2.97849 12
      vertex 5.12119 2.72214 4
      vertex 5.12119 2.72214 12
    endloop
  endfacet
  facet normal -0.75721 0.653171 0
    outer loop
      vertex 4.9088 2.47592 4
      vertex 5.12119 2.72214 12
      vertex 5.12119 2.72214 4
    endloop
  endfacet
  facet normal -0.75721 0.653171 0
    outer loop
      vertex 5.12119 2.72214 12
      vertex 4.9088 2.47592 4
      vertex 4.9088 2.47592 12
    endloop
  endfacet
  facet normal 0.313689 -0.949526 0
    outer loop
      vertex -2.23189 13.1627 4
      vertex -1.92314 13.2647 12
      vertex -2.23189 13.1627 12
    endloop
  endfacet
  facet normal 0.313689 -0.949526 0
    outer loop
      vertex -1.92314 13.2647 12
      vertex -2.23189 13.1627 4
      vertex -1.92314 13.2647 4
    endloop
  endfacet
  facet normal -0.405317 -0.914176 0
    outer loop
      vertex 2.53528 13.0457 4
      vertex 2.83255 12.9139 12
      vertex 2.53528 13.0457 12
    endloop
  endfacet
  facet normal -0.405317 -0.914176 -0
    outer loop
      vertex 2.83255 12.9139 12
      vertex 2.53528 13.0457 4
      vertex 2.83255 12.9139 4
    endloop
  endfacet
  facet normal -0.313689 0.949526 0
    outer loop
      vertex 2.23189 0.687271 4
      vertex 1.92314 0.585271 12
      vertex 2.23189 0.687271 12
    endloop
  endfacet
  facet normal -0.313689 0.949526 0
    outer loop
      vertex 1.92314 0.585271 12
      vertex 2.23189 0.687271 4
      vertex 1.92314 0.585271 4
    endloop
  endfacet
  facet normal -0.817584 0.575809 0
    outer loop
      vertex 5.32125 2.97849 4
      vertex 5.50849 3.24435 12
      vertex 5.50849 3.24435 4
    endloop
  endfacet
  facet normal -0.817584 0.575809 0
    outer loop
      vertex 5.50849 3.24435 12
      vertex 5.32125 2.97849 4
      vertex 5.32125 2.97849 12
    endloop
  endfacet
  facet normal -0.218968 -0.975732 0
    outer loop
      vertex 1.29247 13.4227 4
      vertex 1.60974 13.3515 12
      vertex 1.29247 13.4227 12
    endloop
  endfacet
  facet normal -0.218968 -0.975732 -0
    outer loop
      vertex 1.60974 13.3515 12
      vertex 1.29247 13.4227 4
      vertex 1.60974 13.3515 4
    endloop
  endfacet
  facet normal 0.999699 -0.0245412 0
    outer loop
      vertex -6.625 6.925 12
      vertex -6.61702 7.25007 4
      vertex -6.61702 7.25007 12
    endloop
  endfacet
  facet normal 0.999699 -0.0245412 0
    outer loop
      vertex -6.61702 7.25007 4
      vertex -6.625 6.925 12
      vertex -6.625 6.925 4
    endloop
  endfacet
  facet normal 0.992478 -0.122426 0
    outer loop
      vertex -6.5931 7.57436 12
      vertex -6.55329 7.89709 4
      vertex -6.55329 7.89709 12
    endloop
  endfacet
  facet normal 0.992478 -0.122426 0
    outer loop
      vertex -6.55329 7.89709 4
      vertex -6.5931 7.57436 12
      vertex -6.5931 7.57436 4
    endloop
  endfacet
  facet normal -0.932993 -0.359894 0
    outer loop
      vertex 6.23773 9.15689 4
      vertex 6.1207 9.46028 12
      vertex 6.1207 9.46028 4
    endloop
  endfacet
  facet normal -0.932993 -0.359894 0
    outer loop
      vertex 6.1207 9.46028 12
      vertex 6.23773 9.15689 4
      vertex 6.23773 9.15689 12
    endloop
  endfacet
  facet normal -0.817523 -0.575896 0
    outer loop
      vertex 5.50849 10.6057 4
      vertex 5.32125 10.8715 12
      vertex 5.32125 10.8715 4
    endloop
  endfacet
  facet normal -0.817523 -0.575896 0
    outer loop
      vertex 5.32125 10.8715 12
      vertex 5.50849 10.6057 4
      vertex 5.50849 10.6057 12
    endloop
  endfacet
  facet normal -0.788401 -0.615162 0
    outer loop
      vertex 5.32125 10.8715 4
      vertex 5.12119 11.1279 12
      vertex 5.12119 11.1279 4
    endloop
  endfacet
  facet normal -0.788401 -0.615162 0
    outer loop
      vertex 5.12119 11.1279 12
      vertex 5.32125 10.8715 4
      vertex 5.32125 10.8715 12
    endloop
  endfacet
  facet normal -0.170988 -0.985273 0
    outer loop
      vertex 0.972089 13.4783 4
      vertex 1.29247 13.4227 12
      vertex 0.972089 13.4783 12
    endloop
  endfacet
  facet normal -0.170988 -0.985273 -0
    outer loop
      vertex 1.29247 13.4227 12
      vertex 0.972089 13.4783 4
      vertex 1.29247 13.4227 4
    endloop
  endfacet
  facet normal 0.985278 0.170958 0
    outer loop
      vertex -6.4977 5.63253 12
      vertex -6.55329 5.95291 4
      vertex -6.55329 5.95291 12
    endloop
  endfacet
  facet normal 0.985278 0.170958 0
    outer loop
      vertex -6.55329 5.95291 4
      vertex -6.4977 5.63253 12
      vertex -6.4977 5.63253 4
    endloop
  endfacet
  facet normal -0.689549 0.724239 0
    outer loop
      vertex 4.68458 2.24042 4
      vertex 4.44908 2.0162 12
      vertex 4.68458 2.24042 12
    endloop
  endfacet
  facet normal -0.689549 0.724239 0
    outer loop
      vertex 4.44908 2.0162 12
      vertex 4.68458 2.24042 4
      vertex 4.44908 2.0162 4
    endloop
  endfacet
  facet normal -0.449611 -0.893225 0
    outer loop
      vertex 2.83255 12.9139 4
      vertex 3.123 12.7677 12
      vertex 2.83255 12.9139 12
    endloop
  endfacet
  facet normal -0.449611 -0.893225 -0
    outer loop
      vertex 3.123 12.7677 12
      vertex 2.83255 12.9139 4
      vertex 3.123 12.7677 4
    endloop
  endfacet
  facet normal 0.122398 -0.992481 0
    outer loop
      vertex -0.972089 13.4783 4
      vertex -0.649364 13.5181 12
      vertex -0.972089 13.4783 12
    endloop
  endfacet
  facet normal 0.122398 -0.992481 0
    outer loop
      vertex -0.649364 13.5181 12
      vertex -0.972089 13.4783 4
      vertex -0.649364 13.5181 4
    endloop
  endfacet
  facet normal -0.932993 0.359894 0
    outer loop
      vertex 6.1207 4.38972 4
      vertex 6.23773 4.69311 12
      vertex 6.23773 4.69311 4
    endloop
  endfacet
  facet normal -0.932993 0.359894 0
    outer loop
      vertex 6.23773 4.69311 12
      vertex 6.1207 4.38972 4
      vertex 6.1207 4.38972 12
    endloop
  endfacet
  facet normal 0.84486 0.534988 0
    outer loop
      vertex -5.50849 3.24435 12
      vertex -5.68245 3.51907 4
      vertex -5.68245 3.51907 12
    endloop
  endfacet
  facet normal 0.84486 0.534988 0
    outer loop
      vertex -5.68245 3.51907 4
      vertex -5.50849 3.24435 12
      vertex -5.50849 3.24435 4
    endloop
  endfacet
  facet normal 0.932993 0.359894 0
    outer loop
      vertex -6.1207 4.38972 12
      vertex -6.23773 4.69311 4
      vertex -6.23773 4.69311 12
    endloop
  endfacet
  facet normal 0.932993 0.359894 0
    outer loop
      vertex -6.23773 4.69311 4
      vertex -6.1207 4.38972 12
      vertex -6.1207 4.38972 4
    endloop
  endfacet
  facet normal 0.615236 0.788343 -0
    outer loop
      vertex -3.94651 1.60375 4
      vertex -4.20286 1.80381 12
      vertex -3.94651 1.60375 12
    endloop
  endfacet
  facet normal 0.615236 0.788343 0
    outer loop
      vertex -4.20286 1.80381 12
      vertex -3.94651 1.60375 4
      vertex -4.20286 1.80381 4
    endloop
  endfacet
  facet normal 0.170964 0.985277 -0
    outer loop
      vertex -0.972089 0.371706 4
      vertex -1.29247 0.427298 12
      vertex -0.972089 0.371706 12
    endloop
  endfacet
  facet normal 0.170964 0.985277 0
    outer loop
      vertex -1.29247 0.427298 12
      vertex -0.972089 0.371706 4
      vertex -1.29247 0.427298 4
    endloop
  endfacet
  facet normal 0.999699 0.0245412 0
    outer loop
      vertex -6.61702 6.59993 12
      vertex -6.625 6.925 4
      vertex -6.625 6.925 12
    endloop
  endfacet
  facet normal 0.999699 0.0245412 0
    outer loop
      vertex -6.625 6.925 4
      vertex -6.61702 6.59993 12
      vertex -6.61702 6.59993 4
    endloop
  endfacet
  facet normal -0.266914 -0.96372 0
    outer loop
      vertex 1.60974 13.3515 4
      vertex 1.92314 13.2647 12
      vertex 1.60974 13.3515 12
    endloop
  endfacet
  facet normal -0.266914 -0.96372 -0
    outer loop
      vertex 1.92314 13.2647 12
      vertex 1.60974 13.3515 4
      vertex 1.92314 13.2647 4
    endloop
  endfacet
  facet normal -0.999697 0.0246094 0
    outer loop
      vertex 6.625 6.925 4
      vertex 6.62349 6.86366 8.7515
      vertex 6.625 6.925 8.75
    endloop
  endfacet
  facet normal -0.999699 0.0245412 -8.81857e-07
    outer loop
      vertex 6.61702 6.59993 4
      vertex 6.62349 6.86366 8.7515
      vertex 6.625 6.925 4
    endloop
  endfacet
  facet normal -0.9997 0.0245105 8.20614e-07
    outer loop
      vertex 6.62349 6.86366 8.7515
      vertex 6.61702 6.59993 4
      vertex 6.62199 6.80248 8.75602
    endloop
  endfacet
  facet normal -0.999701 0.0244634 2.82896e-06
    outer loop
      vertex 6.62199 6.80248 8.75602
      vertex 6.61702 6.59993 4
      vertex 6.6205 6.74159 8.76353
    endloop
  endfacet
  facet normal -0.999696 0.0246406 -2.44328e-06
    outer loop
      vertex 6.6205 6.74159 8.76353
      vertex 6.61702 6.59993 4
      vertex 6.61901 6.68114 8.77402
    endloop
  endfacet
  facet normal -0.999699 0.0245456 -8.27182e-07
    outer loop
      vertex 6.61901 6.68114 8.77402
      vertex 6.61702 6.59993 4
      vertex 6.61754 6.62127 8.78746
    endloop
  endfacet
  facet normal -0.999703 0.0243602 0
    outer loop
      vertex 6.61754 6.62127 8.78746
      vertex 6.61702 6.59993 4
      vertex 6.61702 6.59993 8.79337
    endloop
  endfacet
  facet normal -0.999697 0.0246094 0
    outer loop
      vertex 6.62349 6.86366 11.2485
      vertex 6.625 6.925 12
      vertex 6.625 6.925 11.25
    endloop
  endfacet
  facet normal -0.9997 0.0245099 8.13309e-06
    outer loop
      vertex 6.62199 6.80248 11.244
      vertex 6.625 6.925 12
      vertex 6.62349 6.86366 11.2485
    endloop
  endfacet
  facet normal -0.999701 0.0244652 -1.7319e-05
    outer loop
      vertex 6.61702 6.59993 12
      vertex 6.62199 6.80248 11.244
      vertex 6.6205 6.74159 11.2365
    endloop
  endfacet
  facet normal -0.999696 0.0246384 1.4844e-05
    outer loop
      vertex 6.61702 6.59993 12
      vertex 6.6205 6.74159 11.2365
      vertex 6.61901 6.68114 11.226
    endloop
  endfacet
  facet normal -0.999699 0.0245447 5.00316e-06
    outer loop
      vertex 6.61702 6.59993 12
      vertex 6.61901 6.68114 11.226
      vertex 6.61754 6.62127 11.2125
    endloop
  endfacet
  facet normal -0.999703 0.0243602 0
    outer loop
      vertex 6.61702 6.59993 12
      vertex 6.61754 6.62127 11.2125
      vertex 6.61702 6.59993 11.2066
    endloop
  endfacet
  facet normal -0.999699 0.0245412 3.0554e-06
    outer loop
      vertex 6.62199 6.80248 11.244
      vertex 6.61702 6.59993 12
      vertex 6.625 6.925 12
    endloop
  endfacet
  facet normal 0.219103 0.975702 -0
    outer loop
      vertex -1.29247 0.427298 4
      vertex -1.60974 0.498544 12
      vertex -1.29247 0.427298 12
    endloop
  endfacet
  facet normal 0.219103 0.975702 0
    outer loop
      vertex -1.60974 0.498544 12
      vertex -1.29247 0.427298 4
      vertex -1.60974 0.498544 4
    endloop
  endfacet
  facet normal -0.724239 0.689549 0
    outer loop
      vertex 4.68458 2.24042 4
      vertex 4.9088 2.47592 12
      vertex 4.9088 2.47592 4
    endloop
  endfacet
  facet normal -0.724239 0.689549 0
    outer loop
      vertex 4.9088 2.47592 12
      vertex 4.68458 2.24042 4
      vertex 4.68458 2.24042 12
    endloop
  endfacet
  facet normal 0.992478 0.122426 0
    outer loop
      vertex -6.55329 5.95291 12
      vertex -6.5931 6.27564 4
      vertex -6.5931 6.27564 12
    endloop
  endfacet
  facet normal 0.992478 0.122426 0
    outer loop
      vertex -6.5931 6.27564 4
      vertex -6.55329 5.95291 12
      vertex -6.55329 5.95291 4
    endloop
  endfacet
  facet normal 0.359814 -0.933024 0
    outer loop
      vertex -2.53528 13.0457 4
      vertex -2.23189 13.1627 12
      vertex -2.53528 13.0457 12
    endloop
  endfacet
  facet normal 0.359814 -0.933024 0
    outer loop
      vertex -2.23189 13.1627 12
      vertex -2.53528 13.0457 4
      vertex -2.23189 13.1627 4
    endloop
  endfacet
  facet normal -0.689517 -0.72427 0
    outer loop
      vertex 4.44908 11.8338 4
      vertex 4.68458 11.6096 12
      vertex 4.44908 11.8338 12
    endloop
  endfacet
  facet normal -0.689517 -0.72427 -0
    outer loop
      vertex 4.68458 11.6096 12
      vertex 4.44908 11.8338 4
      vertex 4.68458 11.6096 4
    endloop
  endfacet
  facet normal -0.975706 -0.219086 0
    outer loop
      vertex 6.4977 8.21747 4
      vertex 6.42646 8.53474 12
      vertex 6.42646 8.53474 4
    endloop
  endfacet
  facet normal -0.975706 -0.219086 0
    outer loop
      vertex 6.42646 8.53474 12
      vertex 6.4977 8.21747 4
      vertex 6.4977 8.21747 12
    endloop
  endfacet
  facet normal -0.963776 -0.266714 0
    outer loop
      vertex 6.42646 8.53474 4
      vertex 6.33973 8.84814 12
      vertex 6.33973 8.84814 4
    endloop
  endfacet
  facet normal -0.963776 -0.266714 0
    outer loop
      vertex 6.33973 8.84814 12
      vertex 6.42646 8.53474 4
      vertex 6.42646 8.53474 12
    endloop
  endfacet
  facet normal 0.534988 0.84486 -0
    outer loop
      vertex -3.40593 1.24255 4
      vertex -3.68065 1.41651 12
      vertex -3.40593 1.24255 12
    endloop
  endfacet
  facet normal 0.534988 0.84486 0
    outer loop
      vertex -3.68065 1.41651 12
      vertex -3.40593 1.24255 4
      vertex -3.68065 1.41651 4
    endloop
  endfacet
  facet normal -0.575932 -0.817498 0
    outer loop
      vertex 3.68065 12.4335 4
      vertex 3.94651 12.2462 12
      vertex 3.68065 12.4335 12
    endloop
  endfacet
  facet normal -0.575932 -0.817498 -0
    outer loop
      vertex 3.94651 12.2462 12
      vertex 3.68065 12.4335 4
      vertex 3.94651 12.2462 4
    endloop
  endfacet
  facet normal 0.893225 -0.449611 0
    outer loop
      vertex -5.98893 9.75755 12
      vertex -5.84273 10.048 4
      vertex -5.84273 10.048 12
    endloop
  endfacet
  facet normal 0.893225 -0.449611 0
    outer loop
      vertex -5.84273 10.048 4
      vertex -5.98893 9.75755 12
      vertex -5.98893 9.75755 4
    endloop
  endfacet
  facet normal 0.724239 0.689549 0
    outer loop
      vertex -4.68458 2.24042 12
      vertex -4.9088 2.47592 4
      vertex -4.9088 2.47592 12
    endloop
  endfacet
  facet normal 0.724239 0.689549 0
    outer loop
      vertex -4.9088 2.47592 4
      vertex -4.68458 2.24042 12
      vertex -4.68458 2.24042 4
    endloop
  endfacet
  facet normal -0.122398 -0.992481 0
    outer loop
      vertex 0.649364 13.5181 4
      vertex 0.972089 13.4783 12
      vertex 0.649364 13.5181 12
    endloop
  endfacet
  facet normal -0.122398 -0.992481 -0
    outer loop
      vertex 0.972089 13.4783 12
      vertex 0.649364 13.5181 4
      vertex 0.972089 13.4783 4
    endloop
  endfacet
  facet normal 0.997291 -0.0735613 0
    outer loop
      vertex -6.61702 7.25007 12
      vertex -6.5931 7.57436 4
      vertex -6.5931 7.57436 12
    endloop
  endfacet
  facet normal 0.997291 -0.0735613 0
    outer loop
      vertex -6.5931 7.57436 4
      vertex -6.61702 7.25007 12
      vertex -6.61702 7.25007 4
    endloop
  endfacet
  facet normal -0.653171 0.75721 0
    outer loop
      vertex 4.44908 2.0162 4
      vertex 4.20286 1.80381 12
      vertex 4.44908 2.0162 12
    endloop
  endfacet
  facet normal -0.653171 0.75721 0
    outer loop
      vertex 4.20286 1.80381 12
      vertex 4.44908 2.0162 4
      vertex 4.20286 1.80381 4
    endloop
  endfacet
  facet normal 0.949526 0.313689 0
    outer loop
      vertex -6.23773 4.69311 12
      vertex -6.33973 5.00186 4
      vertex -6.33973 5.00186 12
    endloop
  endfacet
  facet normal 0.949526 0.313689 0
    outer loop
      vertex -6.33973 5.00186 4
      vertex -6.23773 4.69311 12
      vertex -6.23773 4.69311 4
    endloop
  endfacet
  facet normal 0.449608 0.893226 -0
    outer loop
      vertex -2.83255 0.936071 4
      vertex -3.123 1.08227 12
      vertex -2.83255 0.936071 12
    endloop
  endfacet
  facet normal 0.449608 0.893226 0
    outer loop
      vertex -3.123 1.08227 12
      vertex -2.83255 0.936071 4
      vertex -3.123 1.08227 4
    endloop
  endfacet
  facet normal -0.359814 -0.933024 0
    outer loop
      vertex 2.23189 13.1627 4
      vertex 2.53528 13.0457 12
      vertex 2.23189 13.1627 12
    endloop
  endfacet
  facet normal -0.359814 -0.933024 -0
    outer loop
      vertex 2.53528 13.0457 12
      vertex 2.23189 13.1627 4
      vertex 2.53528 13.0457 4
    endloop
  endfacet
  facet normal -0.313689 -0.949526 0
    outer loop
      vertex 1.92314 13.2647 4
      vertex 2.23189 13.1627 12
      vertex 1.92314 13.2647 12
    endloop
  endfacet
  facet normal -0.313689 -0.949526 -0
    outer loop
      vertex 2.23189 13.1627 12
      vertex 1.92314 13.2647 4
      vertex 2.23189 13.1627 4
    endloop
  endfacet
  facet normal -0.84486 0.534988 0
    outer loop
      vertex 5.50849 3.24435 4
      vertex 5.68245 3.51907 12
      vertex 5.68245 3.51907 4
    endloop
  endfacet
  facet normal -0.84486 0.534988 0
    outer loop
      vertex 5.68245 3.51907 12
      vertex 5.50849 3.24435 4
      vertex 5.50849 3.24435 12
    endloop
  endfacet
  facet normal -0.122413 0.992479 0
    outer loop
      vertex 0.972089 0.371706 4
      vertex 0.649364 0.331901 12
      vertex 0.972089 0.371706 12
    endloop
  endfacet
  facet normal -0.122413 0.992479 0
    outer loop
      vertex 0.649364 0.331901 12
      vertex 0.972089 0.371706 4
      vertex 0.649364 0.331901 4
    endloop
  endfacet
  facet normal -0.449608 0.893226 0
    outer loop
      vertex 3.123 1.08227 4
      vertex 2.83255 0.936071 12
      vertex 3.123 1.08227 12
    endloop
  endfacet
  facet normal -0.449608 0.893226 0
    outer loop
      vertex 2.83255 0.936071 12
      vertex 3.123 1.08227 4
      vertex 2.83255 0.936071 4
    endloop
  endfacet
  facet normal -0.615236 0.788343 0
    outer loop
      vertex 4.20286 1.80381 4
      vertex 3.94651 1.60375 12
      vertex 4.20286 1.80381 12
    endloop
  endfacet
  facet normal -0.615236 0.788343 0
    outer loop
      vertex 3.94651 1.60375 12
      vertex 4.20286 1.80381 4
      vertex 3.94651 1.60375 4
    endloop
  endfacet
  facet normal 0.575932 -0.817498 0
    outer loop
      vertex -3.94651 12.2462 4
      vertex -3.68065 12.4335 12
      vertex -3.94651 12.2462 12
    endloop
  endfacet
  facet normal 0.575932 -0.817498 0
    outer loop
      vertex -3.68065 12.4335 12
      vertex -3.94651 12.2462 4
      vertex -3.68065 12.4335 4
    endloop
  endfacet
  facet normal -0.266706 0.963778 0
    outer loop
      vertex 1.92314 0.585271 4
      vertex 1.60974 0.498544 12
      vertex 1.92314 0.585271 12
    endloop
  endfacet
  facet normal -0.266706 0.963778 0
    outer loop
      vertex 1.60974 0.498544 12
      vertex 1.92314 0.585271 4
      vertex 1.60974 0.498544 4
    endloop
  endfacet
  facet normal -0.757184 -0.653202 0
    outer loop
      vertex 5.12119 11.1279 4
      vertex 4.9088 11.3741 12
      vertex 4.9088 11.3741 4
    endloop
  endfacet
  facet normal -0.757184 -0.653202 0
    outer loop
      vertex 4.9088 11.3741 12
      vertex 5.12119 11.1279 4
      vertex 5.12119 11.1279 12
    endloop
  endfacet
  facet normal -0.405247 0.914207 0
    outer loop
      vertex 2.83255 0.936071 4
      vertex 2.53528 0.804298 12
      vertex 2.83255 0.936071 12
    endloop
  endfacet
  facet normal -0.405247 0.914207 0
    outer loop
      vertex 2.53528 0.804298 12
      vertex 2.83255 0.936071 4
      vertex 2.53528 0.804298 4
    endloop
  endfacet
  facet normal 0.0245409 0.999699 -0
    outer loop
      vertex 0 0.3 4
      vertex -0.325073 0.30798 12
      vertex 0 0.3 12
    endloop
  endfacet
  facet normal 0.0245409 0.999699 0
    outer loop
      vertex -0.325073 0.30798 12
      vertex 0 0.3 4
      vertex -0.325073 0.30798 4
    endloop
  endfacet
  facet normal 0.893225 0.449611 0
    outer loop
      vertex -5.84273 3.802 12
      vertex -5.98893 4.09245 4
      vertex -5.98893 4.09245 12
    endloop
  endfacet
  facet normal 0.893225 0.449611 0
    outer loop
      vertex -5.98893 4.09245 4
      vertex -5.84273 3.802 12
      vertex -5.84273 3.802 4
    endloop
  endfacet
  facet normal 0.266706 0.963778 -0
    outer loop
      vertex -1.60974 0.498544 4
      vertex -1.92314 0.585271 12
      vertex -1.60974 0.498544 12
    endloop
  endfacet
  facet normal 0.266706 0.963778 0
    outer loop
      vertex -1.92314 0.585271 12
      vertex -1.60974 0.498544 4
      vertex -1.92314 0.585271 4
    endloop
  endfacet
  facet normal 0.653171 0.75721 -0
    outer loop
      vertex -4.20286 1.80381 4
      vertex -4.44908 2.0162 12
      vertex -4.20286 1.80381 12
    endloop
  endfacet
  facet normal 0.653171 0.75721 0
    outer loop
      vertex -4.44908 2.0162 12
      vertex -4.20286 1.80381 4
      vertex -4.44908 2.0162 4
    endloop
  endfacet
  facet normal 0.817523 -0.575896 0
    outer loop
      vertex -5.50849 10.6057 12
      vertex -5.32125 10.8715 4
      vertex -5.32125 10.8715 12
    endloop
  endfacet
  facet normal 0.817523 -0.575896 0
    outer loop
      vertex -5.32125 10.8715 4
      vertex -5.50849 10.6057 12
      vertex -5.50849 10.6057 4
    endloop
  endfacet
  facet normal -0.985278 0.170958 0
    outer loop
      vertex 6.4977 5.63253 4
      vertex 6.55329 5.95291 9.21447
      vertex 6.55329 5.95291 4
    endloop
  endfacet
  facet normal -0.985319 0.170721 1.49889e-05
    outer loop
      vertex 6.55329 5.95291 9.21447
      vertex 6.4977 5.63253 4
      vertex 6.54776 5.92099 9.25538
    endloop
  endfacet
  facet normal -0.985279 0.170955 1.77225e-06
    outer loop
      vertex 6.54776 5.92099 9.25538
      vertex 6.4977 5.63253 4
      vertex 6.54163 5.88566 9.30554
    endloop
  endfacet
  facet normal -0.985253 0.171105 -5.56905e-06
    outer loop
      vertex 6.54163 5.88566 9.30554
      vertex 6.4977 5.63253 4
      vertex 6.53593 5.85284 9.35737
    endloop
  endfacet
  facet normal -0.985263 0.171047 -3.13155e-06
    outer loop
      vertex 6.53593 5.85284 9.35737
      vertex 6.4977 5.63253 4
      vertex 6.53068 5.8226 9.41075
    endloop
  endfacet
  facet normal -0.985319 0.170725 8.53653e-06
    outer loop
      vertex 6.53068 5.8226 9.41075
      vertex 6.4977 5.63253 4
      vertex 6.5259 5.79501 9.46556
    endloop
  endfacet
  facet normal -0.985237 0.171195 -5.85486e-06
    outer loop
      vertex 6.5259 5.79501 9.46556
      vertex 6.4977 5.63253 4
      vertex 6.52158 5.77015 9.52165
    endloop
  endfacet
  facet normal -0.985286 0.170912 1.41042e-06
    outer loop
      vertex 6.52158 5.77015 9.52165
      vertex 6.4977 5.63253 4
      vertex 6.51775 5.74807 9.57889
    endloop
  endfacet
  facet normal -0.985279 0.170954 5.08508e-07
    outer loop
      vertex 6.51775 5.74807 9.57889
      vertex 6.4977 5.63253 4
      vertex 6.51441 5.72882 9.63714
    endloop
  endfacet
  facet normal -0.985265 0.171033 -8.85476e-07
    outer loop
      vertex 6.51441 5.72882 9.63714
      vertex 6.4977 5.63253 4
      vertex 6.51157 5.71246 9.69627
    endloop
  endfacet
  facet normal -0.985301 0.170824 2.13066e-06
    outer loop
      vertex 6.51157 5.71246 9.69627
      vertex 6.4977 5.63253 4
      vertex 6.50924 5.69902 9.75614
    endloop
  endfacet
  facet normal -0.98528 0.170948 6.54801e-07
    outer loop
      vertex 6.50924 5.69902 9.75614
      vertex 6.4977 5.63253 4
      vertex 6.50742 5.68853 9.81659
    endloop
  endfacet
  facet normal -0.985341 0.170598 4.12612e-06
    outer loop
      vertex 6.50742 5.68853 9.81659
      vertex 6.4977 5.63253 4
      vertex 6.50612 5.68102 9.87748
    endloop
  endfacet
  facet normal -0.985448 0.169977 7.30763e-06
    outer loop
      vertex 6.50533 5.67651 9.93867
      vertex 6.4977 5.63253 4
      vertex 6.50507 5.675 10
    endloop
  endfacet
  facet normal -0.985028 0.172393 -1.11254e-05
    outer loop
      vertex 6.50612 5.68102 9.87748
      vertex 6.4977 5.63253 4
      vertex 6.50533 5.67651 9.93867
    endloop
  endfacet
  facet normal -0.985311 0.170767 -5.18847e-05
    outer loop
      vertex 6.4977 5.63253 12
      vertex 6.55329 5.95291 10.7855
      vertex 6.54776 5.92099 10.7446
    endloop
  endfacet
  facet normal -0.985278 0.170961 -6.03179e-06
    outer loop
      vertex 6.4977 5.63253 12
      vertex 6.54776 5.92099 10.7446
      vertex 6.54163 5.88566 10.6945
    endloop
  endfacet
  facet normal -0.985256 0.171085 1.86267e-05
    outer loop
      vertex 6.4977 5.63253 12
      vertex 6.54163 5.88566 10.6945
      vertex 6.53593 5.85284 10.6426
    endloop
  endfacet
  facet normal -0.985265 0.171035 1.03037e-05
    outer loop
      vertex 6.4977 5.63253 12
      vertex 6.53593 5.85284 10.6426
      vertex 6.53068 5.8226 10.5892
    endloop
  endfacet
  facet normal -0.985312 0.170761 -2.76304e-05
    outer loop
      vertex 6.4977 5.63253 12
      vertex 6.53068 5.8226 10.5892
      vertex 6.5259 5.79501 10.5344
    endloop
  endfacet
  facet normal -0.985242 0.171167 1.8643e-05
    outer loop
      vertex 6.4977 5.63253 12
      vertex 6.5259 5.79501 10.5344
      vertex 6.52158 5.77015 10.4784
    endloop
  endfacet
  facet normal -0.985285 0.170919 -4.41308e-06
    outer loop
      vertex 6.4977 5.63253 12
      vertex 6.52158 5.77015 10.4784
      vertex 6.51775 5.74807 10.4211
    endloop
  endfacet
  facet normal -0.985279 0.170957 -1.56346e-06
    outer loop
      vertex 6.4977 5.63253 12
      vertex 6.51775 5.74807 10.4211
      vertex 6.51441 5.72882 10.3629
    endloop
  endfacet
  facet normal -0.985266 0.171027 2.66917e-06
    outer loop
      vertex 6.4977 5.63253 12
      vertex 6.51441 5.72882 10.3629
      vertex 6.51157 5.71246 10.3037
    endloop
  endfacet
  facet normal -0.985298 0.170842 -6.28448e-06
    outer loop
      vertex 6.4977 5.63253 12
      vertex 6.51157 5.71246 10.3037
      vertex 6.50924 5.69902 10.2439
    endloop
  endfacet
  facet normal -0.985279 0.170955 -1.87888e-06
    outer loop
      vertex 6.4977 5.63253 12
      vertex 6.50924 5.69902 10.2439
      vertex 6.50742 5.68853 10.1834
    endloop
  endfacet
  facet normal -0.985278 0.170958 0
    outer loop
      vertex 6.55329 5.95291 10.7855
      vertex 6.4977 5.63253 12
      vertex 6.55329 5.95291 12
    endloop
  endfacet
  facet normal -0.985331 0.170656 -1.13943e-05
    outer loop
      vertex 6.50612 5.68102 10.1225
      vertex 6.4977 5.63253 12
      vertex 6.50742 5.68853 10.1834
    endloop
  endfacet
  facet normal -0.985069 0.172162 2.86774e-05
    outer loop
      vertex 6.50533 5.67651 10.0613
      vertex 6.4977 5.63253 12
      vertex 6.50612 5.68102 10.1225
    endloop
  endfacet
  facet normal -0.985395 0.170286 -1.51575e-05
    outer loop
      vertex 6.50507 5.675 10
      vertex 6.4977 5.63253 12
      vertex 6.50533 5.67651 10.0613
    endloop
  endfacet
  facet normal -0.985275 0.170979 0
    outer loop
      vertex 6.4977 5.63253 12
      vertex 6.50507 5.675 10
      vertex 6.4977 5.63253 4
    endloop
  endfacet
  facet normal 0.449611 -0.893225 0
    outer loop
      vertex -3.123 12.7677 4
      vertex -2.83255 12.9139 12
      vertex -3.123 12.7677 12
    endloop
  endfacet
  facet normal 0.449611 -0.893225 0
    outer loop
      vertex -2.83255 12.9139 12
      vertex -3.123 12.7677 4
      vertex -2.83255 12.9139 4
    endloop
  endfacet
  facet normal 0.788401 -0.615162 0
    outer loop
      vertex -5.32125 10.8715 12
      vertex -5.12119 11.1279 4
      vertex -5.12119 11.1279 12
    endloop
  endfacet
  facet normal 0.788401 -0.615162 0
    outer loop
      vertex -5.12119 11.1279 4
      vertex -5.32125 10.8715 12
      vertex -5.32125 10.8715 4
    endloop
  endfacet
  facet normal -0.0734999 -0.997295 0
    outer loop
      vertex 0.325073 13.542 4
      vertex 0.649364 13.5181 12
      vertex 0.325073 13.542 12
    endloop
  endfacet
  facet normal -0.0734999 -0.997295 -0
    outer loop
      vertex 0.649364 13.5181 12
      vertex 0.325073 13.542 4
      vertex 0.649364 13.5181 4
    endloop
  endfacet
  facet normal -0.0246024 -0.999697 0
    outer loop
      vertex 0 13.55 4
      vertex 0.325073 13.542 12
      vertex 0 13.55 12
    endloop
  endfacet
  facet normal -0.0246024 -0.999697 -0
    outer loop
      vertex 0.325073 13.542 12
      vertex 0 13.55 4
      vertex 0.325073 13.542 4
    endloop
  endfacet
  facet normal 0.724239 -0.689549 0
    outer loop
      vertex -4.9088 11.3741 12
      vertex -4.68458 11.6096 4
      vertex -4.68458 11.6096 12
    endloop
  endfacet
  facet normal 0.724239 -0.689549 0
    outer loop
      vertex -4.68458 11.6096 4
      vertex -4.9088 11.3741 12
      vertex -4.9088 11.3741 4
    endloop
  endfacet
  facet normal 0.492717 -0.87019 0
    outer loop
      vertex -3.40593 12.6075 4
      vertex -3.123 12.7677 12
      vertex -3.40593 12.6075 12
    endloop
  endfacet
  facet normal 0.492717 -0.87019 0
    outer loop
      vertex -3.123 12.7677 12
      vertex -3.40593 12.6075 4
      vertex -3.123 12.7677 4
    endloop
  endfacet
  facet normal 0.535075 -0.844804 0
    outer loop
      vertex -3.68065 12.4335 4
      vertex -3.40593 12.6075 12
      vertex -3.68065 12.4335 12
    endloop
  endfacet
  facet normal 0.535075 -0.844804 0
    outer loop
      vertex -3.40593 12.6075 12
      vertex -3.68065 12.4335 4
      vertex -3.40593 12.6075 4
    endloop
  endfacet
  facet normal 0.122413 0.992479 -0
    outer loop
      vertex -0.649364 0.331901 4
      vertex -0.972089 0.371706 12
      vertex -0.649364 0.331901 12
    endloop
  endfacet
  facet normal 0.122413 0.992479 0
    outer loop
      vertex -0.972089 0.371706 12
      vertex -0.649364 0.331901 4
      vertex -0.972089 0.371706 4
    endloop
  endfacet
  facet normal 0.266914 -0.96372 0
    outer loop
      vertex -1.92314 13.2647 4
      vertex -1.60974 13.3515 12
      vertex -1.92314 13.2647 12
    endloop
  endfacet
  facet normal 0.266914 -0.96372 0
    outer loop
      vertex -1.60974 13.3515 12
      vertex -1.92314 13.2647 4
      vertex -1.60974 13.3515 4
    endloop
  endfacet
  facet normal 0.788343 0.615236 0
    outer loop
      vertex -5.12119 2.72214 12
      vertex -5.32125 2.97849 4
      vertex -5.32125 2.97849 12
    endloop
  endfacet
  facet normal 0.788343 0.615236 0
    outer loop
      vertex -5.32125 2.97849 4
      vertex -5.12119 2.72214 12
      vertex -5.12119 2.72214 4
    endloop
  endfacet
  facet normal 0.817584 0.575809 0
    outer loop
      vertex -5.32125 2.97849 12
      vertex -5.50849 3.24435 4
      vertex -5.50849 3.24435 12
    endloop
  endfacet
  facet normal 0.817584 0.575809 0
    outer loop
      vertex -5.50849 3.24435 4
      vertex -5.32125 2.97849 12
      vertex -5.32125 2.97849 4
    endloop
  endfacet
  facet normal 0.689549 0.724239 -0
    outer loop
      vertex -4.44908 2.0162 4
      vertex -4.68458 2.24042 12
      vertex -4.44908 2.0162 12
    endloop
  endfacet
  facet normal 0.689549 0.724239 0
    outer loop
      vertex -4.68458 2.24042 12
      vertex -4.44908 2.0162 4
      vertex -4.68458 2.24042 4
    endloop
  endfacet
  facet normal 0.963776 0.266714 0
    outer loop
      vertex -6.33973 5.00186 12
      vertex -6.42646 5.31526 4
      vertex -6.42646 5.31526 12
    endloop
  endfacet
  facet normal 0.963776 0.266714 0
    outer loop
      vertex -6.42646 5.31526 4
      vertex -6.33973 5.00186 12
      vertex -6.33973 5.00186 4
    endloop
  endfacet
  facet normal 0.914211 0.405239 0
    outer loop
      vertex -5.98893 4.09245 12
      vertex -6.1207 4.38972 4
      vertex -6.1207 4.38972 12
    endloop
  endfacet
  facet normal 0.914211 0.405239 0
    outer loop
      vertex -6.1207 4.38972 4
      vertex -5.98893 4.09245 12
      vertex -5.98893 4.09245 4
    endloop
  endfacet
  facet normal 0.405317 -0.914176 0
    outer loop
      vertex -2.83255 12.9139 4
      vertex -2.53528 13.0457 12
      vertex -2.83255 12.9139 12
    endloop
  endfacet
  facet normal 0.405317 -0.914176 0
    outer loop
      vertex -2.53528 13.0457 12
      vertex -2.83255 12.9139 4
      vertex -2.53528 13.0457 4
    endloop
  endfacet
  facet normal 0.84493 -0.534877 0
    outer loop
      vertex -5.68245 10.3309 12
      vertex -5.50849 10.6057 4
      vertex -5.50849 10.6057 12
    endloop
  endfacet
  facet normal 0.84493 -0.534877 0
    outer loop
      vertex -5.50849 10.6057 4
      vertex -5.68245 10.3309 12
      vertex -5.68245 10.3309 4
    endloop
  endfacet
  facet normal 0.575809 0.817584 -0
    outer loop
      vertex -3.68065 1.41651 4
      vertex -3.94651 1.60375 12
      vertex -3.68065 1.41651 12
    endloop
  endfacet
  facet normal 0.575809 0.817584 0
    outer loop
      vertex -3.94651 1.60375 12
      vertex -3.68065 1.41651 4
      vertex -3.94651 1.60375 4
    endloop
  endfacet
  facet normal 0.870062 -0.492943 0
    outer loop
      vertex -5.84273 10.048 12
      vertex -5.68245 10.3309 4
      vertex -5.68245 10.3309 12
    endloop
  endfacet
  facet normal 0.870062 -0.492943 0
    outer loop
      vertex -5.68245 10.3309 4
      vertex -5.84273 10.048 12
      vertex -5.84273 10.048 4
    endloop
  endfacet
  facet normal 0 0 1
    outer loop
      vertex 2 6.925 4
      vertex 6.625 6.925 4
      vertex 6.61702 7.25007 4
    endloop
  endfacet
  facet normal 0 0 1
    outer loop
      vertex 1.99759 7.02314 4
      vertex 6.61702 7.25007 4
      vertex 6.5931 7.57436 4
    endloop
  endfacet
  facet normal 0 0 1
    outer loop
      vertex 6.625 6.925 4
      vertex 2 6.925 4
      vertex 6.61702 6.59993 4
    endloop
  endfacet
  facet normal 0 0 1
    outer loop
      vertex 1.99037 7.12103 4
      vertex 6.5931 7.57436 4
      vertex 6.55329 7.89709 4
    endloop
  endfacet
  facet normal -0 0 1
    outer loop
      vertex 1.99759 6.82687 4
      vertex 6.61702 6.59993 4
      vertex 2 6.925 4
    endloop
  endfacet
  facet normal 0 0 1
    outer loop
      vertex 1.97835 7.21846 4
      vertex 6.55329 7.89709 4
      vertex 6.4977 8.21747 4
    endloop
  endfacet
  facet normal 0 0 1
    outer loop
      vertex 6.61702 6.59993 4
      vertex 1.99759 6.82687 4
      vertex 6.5931 6.27564 4
    endloop
  endfacet
  facet normal 0 0 1
    outer loop
      vertex 1.96157 7.31518 4
      vertex 6.4977 8.21747 4
      vertex 6.42646 8.53474 4
    endloop
  endfacet
  facet normal -0 0 1
    outer loop
      vertex 1.99037 6.72897 4
      vertex 6.5931 6.27564 4
      vertex 1.99759 6.82687 4
    endloop
  endfacet
  facet normal 0 0 1
    outer loop
      vertex 1.94006 7.41096 4
      vertex 6.42646 8.53474 4
      vertex 6.33973 8.84814 4
    endloop
  endfacet
  facet normal 0 0 1
    outer loop
      vertex 6.5931 6.27564 4
      vertex 1.99037 6.72897 4
      vertex 6.55329 5.95291 4
    endloop
  endfacet
  facet normal 0 0 1
    outer loop
      vertex 1.91388 7.50557 4
      vertex 6.33973 8.84814 4
      vertex 6.23773 9.15689 4
    endloop
  endfacet
  facet normal -0 0 1
    outer loop
      vertex 1.97835 6.63154 4
      vertex 6.55329 5.95291 4
      vertex 1.99037 6.72897 4
    endloop
  endfacet
  facet normal 0 0 1
    outer loop
      vertex 1.88309 7.59878 4
      vertex 6.23773 9.15689 4
      vertex 6.1207 9.46028 4
    endloop
  endfacet
  facet normal 0 0 1
    outer loop
      vertex 6.55329 5.95291 4
      vertex 1.97835 6.63154 4
      vertex 6.4977 5.63253 4
    endloop
  endfacet
  facet normal 0 0 1
    outer loop
      vertex 1.84776 7.69037 4
      vertex 6.1207 9.46028 4
      vertex 5.98893 9.75755 4
    endloop
  endfacet
  facet normal -0 0 1
    outer loop
      vertex 1.96157 6.53482 4
      vertex 6.4977 5.63253 4
      vertex 1.97835 6.63154 4
    endloop
  endfacet
  facet normal 0 0 1
    outer loop
      vertex 1.80798 7.78011 4
      vertex 5.98893 9.75755 4
      vertex 5.84273 10.048 4
    endloop
  endfacet
  facet normal 0 0 1
    outer loop
      vertex 6.4977 5.63253 4
      vertex 1.96157 6.53482 4
      vertex 6.42646 5.31526 4
    endloop
  endfacet
  facet normal 0 0 1
    outer loop
      vertex 1.76384 7.86779 4
      vertex 5.84273 10.048 4
      vertex 5.68245 10.3309 4
    endloop
  endfacet
  facet normal -0 0 1
    outer loop
      vertex 1.94006 6.43904 4
      vertex 6.42646 5.31526 4
      vertex 1.96157 6.53482 4
    endloop
  endfacet
  facet normal 0 0 1
    outer loop
      vertex 1.71546 7.95321 4
      vertex 5.68245 10.3309 4
      vertex 5.50849 10.6057 4
    endloop
  endfacet
  facet normal 0 0 1
    outer loop
      vertex 6.42646 5.31526 4
      vertex 1.94006 6.43904 4
      vertex 6.33973 5.00186 4
    endloop
  endfacet
  facet normal 0 0 1
    outer loop
      vertex 1.66294 8.03614 4
      vertex 5.50849 10.6057 4
      vertex 5.32125 10.8715 4
    endloop
  endfacet
  facet normal -0 0 1
    outer loop
      vertex 1.91388 6.34443 4
      vertex 6.33973 5.00186 4
      vertex 1.94006 6.43904 4
    endloop
  endfacet
  facet normal 0 0 1
    outer loop
      vertex 1.60641 8.1164 4
      vertex 5.32125 10.8715 4
      vertex 5.12119 11.1279 4
    endloop
  endfacet
  facet normal 0 0 1
    outer loop
      vertex 6.33973 5.00186 4
      vertex 1.91388 6.34443 4
      vertex 6.23773 4.69311 4
    endloop
  endfacet
  facet normal 0 0 1
    outer loop
      vertex 1.54602 8.19379 4
      vertex 5.12119 11.1279 4
      vertex 4.9088 11.3741 4
    endloop
  endfacet
  facet normal -0 0 1
    outer loop
      vertex 1.88309 6.25122 4
      vertex 6.23773 4.69311 4
      vertex 1.91388 6.34443 4
    endloop
  endfacet
  facet normal 0 0 1
    outer loop
      vertex 1.4819 8.26812 4
      vertex 4.9088 11.3741 4
      vertex 4.68458 11.6096 4
    endloop
  endfacet
  facet normal 0 0 1
    outer loop
      vertex 6.23773 4.69311 4
      vertex 1.88309 6.25122 4
      vertex 6.1207 4.38972 4
    endloop
  endfacet
  facet normal 0 0 1
    outer loop
      vertex 1.41421 8.33921 4
      vertex 4.68458 11.6096 4
      vertex 4.44908 11.8338 4
    endloop
  endfacet
  facet normal -0 0 1
    outer loop
      vertex 1.84776 6.15963 4
      vertex 6.1207 4.38972 4
      vertex 1.88309 6.25122 4
    endloop
  endfacet
  facet normal 0 0 1
    outer loop
      vertex 1.34312 8.4069 4
      vertex 4.44908 11.8338 4
      vertex 4.20286 12.0462 4
    endloop
  endfacet
  facet normal 0 0 1
    outer loop
      vertex 6.1207 4.38972 4
      vertex 1.84776 6.15963 4
      vertex 5.98893 4.09245 4
    endloop
  endfacet
  facet normal 0 0 1
    outer loop
      vertex 1.26879 8.47102 4
      vertex 4.20286 12.0462 4
      vertex 3.94651 12.2462 4
    endloop
  endfacet
  facet normal -0 0 1
    outer loop
      vertex 1.80798 6.06989 4
      vertex 5.98893 4.09245 4
      vertex 1.84776 6.15963 4
    endloop
  endfacet
  facet normal 0 0 1
    outer loop
      vertex 1.1914 8.53141 4
      vertex 3.94651 12.2462 4
      vertex 3.68065 12.4335 4
    endloop
  endfacet
  facet normal 0 0 1
    outer loop
      vertex 5.98893 4.09245 4
      vertex 1.80798 6.06989 4
      vertex 5.84273 3.802 4
    endloop
  endfacet
  facet normal 0 0 1
    outer loop
      vertex 1.11114 8.58794 4
      vertex 3.68065 12.4335 4
      vertex 3.40593 12.6075 4
    endloop
  endfacet
  facet normal -0 0 1
    outer loop
      vertex 1.76384 5.98221 4
      vertex 5.84273 3.802 4
      vertex 1.80798 6.06989 4
    endloop
  endfacet
  facet normal 0 0 1
    outer loop
      vertex 1.0282 8.64046 4
      vertex 3.40593 12.6075 4
      vertex 3.123 12.7677 4
    endloop
  endfacet
  facet normal 0 0 1
    outer loop
      vertex 5.84273 3.802 4
      vertex 1.76384 5.98221 4
      vertex 5.68245 3.51907 4
    endloop
  endfacet
  facet normal 0 0 1
    outer loop
      vertex 0.942793 8.68884 4
      vertex 3.123 12.7677 4
      vertex 2.83255 12.9139 4
    endloop
  endfacet
  facet normal -0 0 1
    outer loop
      vertex 1.71546 5.8968 4
      vertex 5.68245 3.51907 4
      vertex 1.76384 5.98221 4
    endloop
  endfacet
  facet normal 0 0 1
    outer loop
      vertex 0.85511 8.73298 4
      vertex 2.83255 12.9139 4
      vertex 2.53528 13.0457 4
    endloop
  endfacet
  facet normal 0 0 1
    outer loop
      vertex 5.68245 3.51907 4
      vertex 1.71546 5.8968 4
      vertex 5.50849 3.24435 4
    endloop
  endfacet
  facet normal 0 0 1
    outer loop
      vertex 0.765367 8.77276 4
      vertex 2.53528 13.0457 4
      vertex 2.23189 13.1627 4
    endloop
  endfacet
  facet normal -0 0 1
    outer loop
      vertex 1.66294 5.81386 4
      vertex 5.50849 3.24435 4
      vertex 1.71546 5.8968 4
    endloop
  endfacet
  facet normal 0 0 1
    outer loop
      vertex 5.50849 3.24435 4
      vertex 1.66294 5.81386 4
      vertex 5.32125 2.97849 4
    endloop
  endfacet
  facet normal 0 0 1
    outer loop
      vertex 6.61702 7.25007 4
      vertex 1.99759 7.02314 4
      vertex 2 6.925 4
    endloop
  endfacet
  facet normal 0 0 1
    outer loop
      vertex 6.5931 7.57436 4
      vertex 1.99037 7.12103 4
      vertex 1.99759 7.02314 4
    endloop
  endfacet
  facet normal 0 0 1
    outer loop
      vertex 6.55329 7.89709 4
      vertex 1.97835 7.21846 4
      vertex 1.99037 7.12103 4
    endloop
  endfacet
  facet normal 0 0 1
    outer loop
      vertex 6.4977 8.21747 4
      vertex 1.96157 7.31518 4
      vertex 1.97835 7.21846 4
    endloop
  endfacet
  facet normal 0 0 1
    outer loop
      vertex 6.42646 8.53474 4
      vertex 1.94006 7.41096 4
      vertex 1.96157 7.31518 4
    endloop
  endfacet
  facet normal 0 0 1
    outer loop
      vertex 0.673779 8.80809 4
      vertex 2.23189 13.1627 4
      vertex 1.92314 13.2647 4
    endloop
  endfacet
  facet normal 0 0 1
    outer loop
      vertex 6.33973 8.84814 4
      vertex 1.91388 7.50557 4
      vertex 1.94006 7.41096 4
    endloop
  endfacet
  facet normal 0 0 1
    outer loop
      vertex 6.23773 9.15689 4
      vertex 1.88309 7.59878 4
      vertex 1.91388 7.50557 4
    endloop
  endfacet
  facet normal 0 0 1
    outer loop
      vertex 6.1207 9.46028 4
      vertex 1.84776 7.69037 4
      vertex 1.88309 7.59878 4
    endloop
  endfacet
  facet normal 0 0 1
    outer loop
      vertex 5.98893 9.75755 4
      vertex 1.80798 7.78011 4
      vertex 1.84776 7.69037 4
    endloop
  endfacet
  facet normal 0 0 1
    outer loop
      vertex 5.84273 10.048 4
      vertex 1.76384 7.86779 4
      vertex 1.80798 7.78011 4
    endloop
  endfacet
  facet normal 0 0 1
    outer loop
      vertex 5.68245 10.3309 4
      vertex 1.71546 7.95321 4
      vertex 1.76384 7.86779 4
    endloop
  endfacet
  facet normal 0 0 1
    outer loop
      vertex 5.50849 10.6057 4
      vertex 1.66294 8.03614 4
      vertex 1.71546 7.95321 4
    endloop
  endfacet
  facet normal 0 0 1
    outer loop
      vertex 0.580569 8.83888 4
      vertex 1.92314 13.2647 4
      vertex 1.60974 13.3515 4
    endloop
  endfacet
  facet normal 0 0 1
    outer loop
      vertex 5.32125 10.8715 4
      vertex 1.60641 8.1164 4
      vertex 1.66294 8.03614 4
    endloop
  endfacet
  facet normal 0 0 1
    outer loop
      vertex 5.12119 11.1279 4
      vertex 1.54602 8.19379 4
      vertex 1.60641 8.1164 4
    endloop
  endfacet
  facet normal 0 0 1
    outer loop
      vertex 4.9088 11.3741 4
      vertex 1.4819 8.26812 4
      vertex 1.54602 8.19379 4
    endloop
  endfacet
  facet normal 0 0 1
    outer loop
      vertex 4.68458 11.6096 4
      vertex 1.41421 8.33921 4
      vertex 1.4819 8.26812 4
    endloop
  endfacet
  facet normal 0 0 1
    outer loop
      vertex 4.44908 11.8338 4
      vertex 1.34312 8.4069 4
      vertex 1.41421 8.33921 4
    endloop
  endfacet
  facet normal 0 0 1
    outer loop
      vertex 0.48596 8.86506 4
      vertex 1.60974 13.3515 4
      vertex 1.29247 13.4227 4
    endloop
  endfacet
  facet normal 0 0 1
    outer loop
      vertex 4.20286 12.0462 4
      vertex 1.26879 8.47102 4
      vertex 1.34312 8.4069 4
    endloop
  endfacet
  facet normal 0 0 1
    outer loop
      vertex 3.94651 12.2462 4
      vertex 1.1914 8.53141 4
      vertex 1.26879 8.47102 4
    endloop
  endfacet
  facet normal 0 0 1
    outer loop
      vertex 3.68065 12.4335 4
      vertex 1.11114 8.58794 4
      vertex 1.1914 8.53141 4
    endloop
  endfacet
  facet normal 0 0 1
    outer loop
      vertex 3.40593 12.6075 4
      vertex 1.0282 8.64046 4
      vertex 1.11114 8.58794 4
    endloop
  endfacet
  facet normal 0 0 1
    outer loop
      vertex 0.390181 8.88657 4
      vertex 1.29247 13.4227 4
      vertex 0.972089 13.4783 4
    endloop
  endfacet
  facet normal 0 0 1
    outer loop
      vertex 3.123 12.7677 4
      vertex 0.942793 8.68884 4
      vertex 1.0282 8.64046 4
    endloop
  endfacet
  facet normal 0 0 1
    outer loop
      vertex 2.83255 12.9139 4
      vertex 0.85511 8.73298 4
      vertex 0.942793 8.68884 4
    endloop
  endfacet
  facet normal 0 0 1
    outer loop
      vertex 2.53528 13.0457 4
      vertex 0.765367 8.77276 4
      vertex 0.85511 8.73298 4
    endloop
  endfacet
  facet normal 0 0 1
    outer loop
      vertex 2.23189 13.1627 4
      vertex 0.673779 8.80809 4
      vertex 0.765367 8.77276 4
    endloop
  endfacet
  facet normal 0 0 1
    outer loop
      vertex 0.293461 8.90335 4
      vertex 0.972089 13.4783 4
      vertex 0.649364 13.5181 4
    endloop
  endfacet
  facet normal 0 0 1
    outer loop
      vertex 1.92314 13.2647 4
      vertex 0.580569 8.83888 4
      vertex 0.673779 8.80809 4
    endloop
  endfacet
  facet normal 0 0 1
    outer loop
      vertex 1.60974 13.3515 4
      vertex 0.48596 8.86506 4
      vertex 0.580569 8.83888 4
    endloop
  endfacet
  facet normal 0 0 1
    outer loop
      vertex 1.29247 13.4227 4
      vertex 0.390181 8.88657 4
      vertex 0.48596 8.86506 4
    endloop
  endfacet
  facet normal 0 0 1
    outer loop
      vertex 0.196033 8.91537 4
      vertex 0.649364 13.5181 4
      vertex 0.325073 13.542 4
    endloop
  endfacet
  facet normal 0 0 1
    outer loop
      vertex 0.972089 13.4783 4
      vertex 0.293461 8.90335 4
      vertex 0.390181 8.88657 4
    endloop
  endfacet
  facet normal 0 0 1
    outer loop
      vertex 0.649364 13.5181 4
      vertex 0.196033 8.91537 4
      vertex 0.293461 8.90335 4
    endloop
  endfacet
  facet normal 0 0 1
    outer loop
      vertex 0.325073 13.542 4
      vertex 0.098135 8.92259 4
      vertex 0.196033 8.91537 4
    endloop
  endfacet
  facet normal 0 0 1
    outer loop
      vertex 0 13.55 4
      vertex 0.098135 8.92259 4
      vertex 0.325073 13.542 4
    endloop
  endfacet
  facet normal 0 0 1
    outer loop
      vertex 0 13.55 4
      vertex 0 8.925 4
      vertex 0.098135 8.92259 4
    endloop
  endfacet
  facet normal 0 0 1
    outer loop
      vertex 0 13.55 4
      vertex -0.098135 8.92259 4
      vertex 0 8.925 4
    endloop
  endfacet
  facet normal -0 0 1
    outer loop
      vertex -0.325073 13.542 4
      vertex -0.098135 8.92259 4
      vertex 0 13.55 4
    endloop
  endfacet
  facet normal 0 0 1
    outer loop
      vertex -0.098135 8.92259 4
      vertex -0.325073 13.542 4
      vertex -0.196033 8.91537 4
    endloop
  endfacet
  facet normal -0 0 1
    outer loop
      vertex -0.649364 13.5181 4
      vertex -0.196033 8.91537 4
      vertex -0.325073 13.542 4
    endloop
  endfacet
  facet normal 0 0 1
    outer loop
      vertex -0.196033 8.91537 4
      vertex -0.649364 13.5181 4
      vertex -0.293461 8.90335 4
    endloop
  endfacet
  facet normal -0 0 1
    outer loop
      vertex -0.972089 13.4783 4
      vertex -0.293461 8.90335 4
      vertex -0.649364 13.5181 4
    endloop
  endfacet
  facet normal 0 0 1
    outer loop
      vertex -0.293461 8.90335 4
      vertex -0.972089 13.4783 4
      vertex -0.390181 8.88657 4
    endloop
  endfacet
  facet normal -0 0 1
    outer loop
      vertex -1.29247 13.4227 4
      vertex -0.390181 8.88657 4
      vertex -0.972089 13.4783 4
    endloop
  endfacet
  facet normal 0 0 1
    outer loop
      vertex -0.390181 8.88657 4
      vertex -1.29247 13.4227 4
      vertex -0.48596 8.86506 4
    endloop
  endfacet
  facet normal -0 0 1
    outer loop
      vertex -1.60974 13.3515 4
      vertex -0.48596 8.86506 4
      vertex -1.29247 13.4227 4
    endloop
  endfacet
  facet normal 0 0 1
    outer loop
      vertex -0.48596 8.86506 4
      vertex -1.60974 13.3515 4
      vertex -0.580569 8.83888 4
    endloop
  endfacet
  facet normal -0 0 1
    outer loop
      vertex -1.92314 13.2647 4
      vertex -0.580569 8.83888 4
      vertex -1.60974 13.3515 4
    endloop
  endfacet
  facet normal 0 0 1
    outer loop
      vertex -0.580569 8.83888 4
      vertex -1.92314 13.2647 4
      vertex -0.673779 8.80809 4
    endloop
  endfacet
  facet normal -0 0 1
    outer loop
      vertex -2.23189 13.1627 4
      vertex -0.673779 8.80809 4
      vertex -1.92314 13.2647 4
    endloop
  endfacet
  facet normal 0 0 1
    outer loop
      vertex -0.673779 8.80809 4
      vertex -2.23189 13.1627 4
      vertex -0.765367 8.77276 4
    endloop
  endfacet
  facet normal -0 0 1
    outer loop
      vertex -2.53528 13.0457 4
      vertex -0.765367 8.77276 4
      vertex -2.23189 13.1627 4
    endloop
  endfacet
  facet normal 0 0 1
    outer loop
      vertex -0.765367 8.77276 4
      vertex -2.53528 13.0457 4
      vertex -0.85511 8.73298 4
    endloop
  endfacet
  facet normal -0 0 1
    outer loop
      vertex -2.83255 12.9139 4
      vertex -0.85511 8.73298 4
      vertex -2.53528 13.0457 4
    endloop
  endfacet
  facet normal 0 0 1
    outer loop
      vertex -0.85511 8.73298 4
      vertex -2.83255 12.9139 4
      vertex -0.942793 8.68884 4
    endloop
  endfacet
  facet normal -0 0 1
    outer loop
      vertex -3.123 12.7677 4
      vertex -0.942793 8.68884 4
      vertex -2.83255 12.9139 4
    endloop
  endfacet
  facet normal 0 0 1
    outer loop
      vertex -0.942793 8.68884 4
      vertex -3.123 12.7677 4
      vertex -1.0282 8.64046 4
    endloop
  endfacet
  facet normal -0 0 1
    outer loop
      vertex -3.40593 12.6075 4
      vertex -1.0282 8.64046 4
      vertex -3.123 12.7677 4
    endloop
  endfacet
  facet normal 0 0 1
    outer loop
      vertex -1.0282 8.64046 4
      vertex -3.40593 12.6075 4
      vertex -1.11114 8.58794 4
    endloop
  endfacet
  facet normal -0 0 1
    outer loop
      vertex -3.68065 12.4335 4
      vertex -1.11114 8.58794 4
      vertex -3.40593 12.6075 4
    endloop
  endfacet
  facet normal 0 0 1
    outer loop
      vertex -1.11114 8.58794 4
      vertex -3.68065 12.4335 4
      vertex -1.1914 8.53141 4
    endloop
  endfacet
  facet normal -0 0 1
    outer loop
      vertex -3.94651 12.2462 4
      vertex -1.1914 8.53141 4
      vertex -3.68065 12.4335 4
    endloop
  endfacet
  facet normal 0 0 1
    outer loop
      vertex -1.1914 8.53141 4
      vertex -3.94651 12.2462 4
      vertex -1.26879 8.47102 4
    endloop
  endfacet
  facet normal -0 0 1
    outer loop
      vertex -4.20286 12.0462 4
      vertex -1.26879 8.47102 4
      vertex -3.94651 12.2462 4
    endloop
  endfacet
  facet normal 0 0 1
    outer loop
      vertex -1.26879 8.47102 4
      vertex -4.20286 12.0462 4
      vertex -1.34312 8.4069 4
    endloop
  endfacet
  facet normal -0 0 1
    outer loop
      vertex -4.44908 11.8338 4
      vertex -1.34312 8.4069 4
      vertex -4.20286 12.0462 4
    endloop
  endfacet
  facet normal 0 0 1
    outer loop
      vertex -1.34312 8.4069 4
      vertex -4.44908 11.8338 4
      vertex -1.41421 8.33921 4
    endloop
  endfacet
  facet normal -0 0 1
    outer loop
      vertex -4.68458 11.6096 4
      vertex -1.41421 8.33921 4
      vertex -4.44908 11.8338 4
    endloop
  endfacet
  facet normal 0 0 1
    outer loop
      vertex -1.41421 8.33921 4
      vertex -4.68458 11.6096 4
      vertex -1.4819 8.26812 4
    endloop
  endfacet
  facet normal -0 0 1
    outer loop
      vertex -4.9088 11.3741 4
      vertex -1.4819 8.26812 4
      vertex -4.68458 11.6096 4
    endloop
  endfacet
  facet normal 0 0 1
    outer loop
      vertex -1.4819 8.26812 4
      vertex -4.9088 11.3741 4
      vertex -1.54602 8.19379 4
    endloop
  endfacet
  facet normal -0 0 1
    outer loop
      vertex -5.12119 11.1279 4
      vertex -1.54602 8.19379 4
      vertex -4.9088 11.3741 4
    endloop
  endfacet
  facet normal 0 0 1
    outer loop
      vertex -1.54602 8.19379 4
      vertex -5.12119 11.1279 4
      vertex -1.60641 8.1164 4
    endloop
  endfacet
  facet normal -0 0 1
    outer loop
      vertex -5.32125 10.8715 4
      vertex -1.60641 8.1164 4
      vertex -5.12119 11.1279 4
    endloop
  endfacet
  facet normal 0 0 1
    outer loop
      vertex -1.60641 8.1164 4
      vertex -5.32125 10.8715 4
      vertex -1.66294 8.03614 4
    endloop
  endfacet
  facet normal -0 0 1
    outer loop
      vertex 1.60641 5.7336 4
      vertex 5.32125 2.97849 4
      vertex 1.66294 5.81386 4
    endloop
  endfacet
  facet normal 0 0 1
    outer loop
      vertex 5.32125 2.97849 4
      vertex 1.60641 5.7336 4
      vertex 5.12119 2.72214 4
    endloop
  endfacet
  facet normal -0 0 1
    outer loop
      vertex 1.54602 5.65621 4
      vertex 5.12119 2.72214 4
      vertex 1.60641 5.7336 4
    endloop
  endfacet
  facet normal 0 0 1
    outer loop
      vertex 5.12119 2.72214 4
      vertex 1.54602 5.65621 4
      vertex 4.9088 2.47592 4
    endloop
  endfacet
  facet normal -0 0 1
    outer loop
      vertex 1.4819 5.58188 4
      vertex 4.9088 2.47592 4
      vertex 1.54602 5.65621 4
    endloop
  endfacet
  facet normal 0 0 1
    outer loop
      vertex 4.9088 2.47592 4
      vertex 1.4819 5.58188 4
      vertex 4.68458 2.24042 4
    endloop
  endfacet
  facet normal -0 0 1
    outer loop
      vertex 1.41421 5.51079 4
      vertex 4.68458 2.24042 4
      vertex 1.4819 5.58188 4
    endloop
  endfacet
  facet normal 0 0 1
    outer loop
      vertex 4.68458 2.24042 4
      vertex 1.41421 5.51079 4
      vertex 4.44908 2.0162 4
    endloop
  endfacet
  facet normal -0 0 1
    outer loop
      vertex 1.34312 5.4431 4
      vertex 4.44908 2.0162 4
      vertex 1.41421 5.51079 4
    endloop
  endfacet
  facet normal 0 0 1
    outer loop
      vertex 4.44908 2.0162 4
      vertex 1.34312 5.4431 4
      vertex 4.20286 1.80381 4
    endloop
  endfacet
  facet normal -0 0 1
    outer loop
      vertex 1.26879 5.37898 4
      vertex 4.20286 1.80381 4
      vertex 1.34312 5.4431 4
    endloop
  endfacet
  facet normal 0 0 1
    outer loop
      vertex 4.20286 1.80381 4
      vertex 1.26879 5.37898 4
      vertex 3.94651 1.60375 4
    endloop
  endfacet
  facet normal -0 0 1
    outer loop
      vertex 1.1914 5.31859 4
      vertex 3.94651 1.60375 4
      vertex 1.26879 5.37898 4
    endloop
  endfacet
  facet normal 0 0 1
    outer loop
      vertex 3.94651 1.60375 4
      vertex 1.1914 5.31859 4
      vertex 3.68065 1.41651 4
    endloop
  endfacet
  facet normal -0 0 1
    outer loop
      vertex 1.11114 5.26206 4
      vertex 3.68065 1.41651 4
      vertex 1.1914 5.31859 4
    endloop
  endfacet
  facet normal 0 0 1
    outer loop
      vertex 3.68065 1.41651 4
      vertex 1.11114 5.26206 4
      vertex 3.40593 1.24255 4
    endloop
  endfacet
  facet normal -0 0 1
    outer loop
      vertex 1.0282 5.20954 4
      vertex 3.40593 1.24255 4
      vertex 1.11114 5.26206 4
    endloop
  endfacet
  facet normal 0 0 1
    outer loop
      vertex 3.40593 1.24255 4
      vertex 1.0282 5.20954 4
      vertex 3.123 1.08227 4
    endloop
  endfacet
  facet normal -0 0 1
    outer loop
      vertex 0.942793 5.16116 4
      vertex 3.123 1.08227 4
      vertex 1.0282 5.20954 4
    endloop
  endfacet
  facet normal 0 0 1
    outer loop
      vertex 3.123 1.08227 4
      vertex 0.942793 5.16116 4
      vertex 2.83255 0.936071 4
    endloop
  endfacet
  facet normal -0 0 1
    outer loop
      vertex 0.85511 5.11702 4
      vertex 2.83255 0.936071 4
      vertex 0.942793 5.16116 4
    endloop
  endfacet
  facet normal 0 0 1
    outer loop
      vertex 2.83255 0.936071 4
      vertex 0.85511 5.11702 4
      vertex 2.53528 0.804298 4
    endloop
  endfacet
  facet normal -0 0 1
    outer loop
      vertex 0.765367 5.07724 4
      vertex 2.53528 0.804298 4
      vertex 0.85511 5.11702 4
    endloop
  endfacet
  facet normal 0 0 1
    outer loop
      vertex 2.53528 0.804298 4
      vertex 0.765367 5.07724 4
      vertex 2.23189 0.687271 4
    endloop
  endfacet
  facet normal -0 0 1
    outer loop
      vertex 0.673779 5.04191 4
      vertex 2.23189 0.687271 4
      vertex 0.765367 5.07724 4
    endloop
  endfacet
  facet normal 0 0 1
    outer loop
      vertex 2.23189 0.687271 4
      vertex 0.673779 5.04191 4
      vertex 1.92314 0.585271 4
    endloop
  endfacet
  facet normal -0 0 1
    outer loop
      vertex 0.580569 5.01112 4
      vertex 1.92314 0.585271 4
      vertex 0.673779 5.04191 4
    endloop
  endfacet
  facet normal 0 0 1
    outer loop
      vertex 1.92314 0.585271 4
      vertex 0.580569 5.01112 4
      vertex 1.60974 0.498544 4
    endloop
  endfacet
  facet normal -0 0 1
    outer loop
      vertex 0.48596 4.98494 4
      vertex 1.60974 0.498544 4
      vertex 0.580569 5.01112 4
    endloop
  endfacet
  facet normal 0 0 1
    outer loop
      vertex 1.60974 0.498544 4
      vertex 0.48596 4.98494 4
      vertex 1.29247 0.427298 4
    endloop
  endfacet
  facet normal -0 0 1
    outer loop
      vertex 0.390181 4.96343 4
      vertex 1.29247 0.427298 4
      vertex 0.48596 4.98494 4
    endloop
  endfacet
  facet normal 0 0 1
    outer loop
      vertex 1.29247 0.427298 4
      vertex 0.390181 4.96343 4
      vertex 0.972089 0.371706 4
    endloop
  endfacet
  facet normal -0 0 1
    outer loop
      vertex 0.293461 4.94665 4
      vertex 0.972089 0.371706 4
      vertex 0.390181 4.96343 4
    endloop
  endfacet
  facet normal 0 0 1
    outer loop
      vertex 0.972089 0.371706 4
      vertex 0.293461 4.94665 4
      vertex 0.649364 0.331901 4
    endloop
  endfacet
  facet normal -0 0 1
    outer loop
      vertex 0.196033 4.93463 4
      vertex 0.649364 0.331901 4
      vertex 0.293461 4.94665 4
    endloop
  endfacet
  facet normal 0 0 1
    outer loop
      vertex 0.649364 0.331901 4
      vertex 0.196033 4.93463 4
      vertex 0.325073 0.30798 4
    endloop
  endfacet
  facet normal -0 0 1
    outer loop
      vertex 0.098135 4.92741 4
      vertex 0.325073 0.30798 4
      vertex 0.196033 4.93463 4
    endloop
  endfacet
  facet normal -0 0 1
    outer loop
      vertex 0 4.925 4
      vertex 0.325073 0.30798 4
      vertex 0.098135 4.92741 4
    endloop
  endfacet
  facet normal 0 0 1
    outer loop
      vertex 0 4.925 4
      vertex 0 0.3 4
      vertex 0.325073 0.30798 4
    endloop
  endfacet
  facet normal 0 0 1
    outer loop
      vertex -0.098135 4.92741 4
      vertex 0 0.3 4
      vertex 0 4.925 4
    endloop
  endfacet
  facet normal 0 0 1
    outer loop
      vertex -0.325073 0.30798 4
      vertex -0.098135 4.92741 4
      vertex -0.196033 4.93463 4
    endloop
  endfacet
  facet normal 0 0 1
    outer loop
      vertex -0.649364 0.331901 4
      vertex -0.196033 4.93463 4
      vertex -0.293461 4.94665 4
    endloop
  endfacet
  facet normal 0 0 1
    outer loop
      vertex -0.098135 4.92741 4
      vertex -0.325073 0.30798 4
      vertex 0 0.3 4
    endloop
  endfacet
  facet normal 0 0 1
    outer loop
      vertex -0.972089 0.371706 4
      vertex -0.293461 4.94665 4
      vertex -0.390181 4.96343 4
    endloop
  endfacet
  facet normal 0 0 1
    outer loop
      vertex -1.29247 0.427298 4
      vertex -0.390181 4.96343 4
      vertex -0.48596 4.98494 4
    endloop
  endfacet
  facet normal 0 0 1
    outer loop
      vertex -1.60974 0.498544 4
      vertex -0.48596 4.98494 4
      vertex -0.580569 5.01112 4
    endloop
  endfacet
  facet normal 0 0 1
    outer loop
      vertex -0.196033 4.93463 4
      vertex -0.649364 0.331901 4
      vertex -0.325073 0.30798 4
    endloop
  endfacet
  facet normal 0 0 1
    outer loop
      vertex -1.92314 0.585271 4
      vertex -0.580569 5.01112 4
      vertex -0.673779 5.04191 4
    endloop
  endfacet
  facet normal 0 0 1
    outer loop
      vertex -2.23189 0.687271 4
      vertex -0.673779 5.04191 4
      vertex -0.765367 5.07724 4
    endloop
  endfacet
  facet normal 0 0 1
    outer loop
      vertex -2.53528 0.804298 4
      vertex -0.765367 5.07724 4
      vertex -0.85511 5.11702 4
    endloop
  endfacet
  facet normal 0 0 1
    outer loop
      vertex -2.83255 0.936071 4
      vertex -0.85511 5.11702 4
      vertex -0.942793 5.16116 4
    endloop
  endfacet
  facet normal 0 0 1
    outer loop
      vertex -0.293461 4.94665 4
      vertex -0.972089 0.371706 4
      vertex -0.649364 0.331901 4
    endloop
  endfacet
  facet normal 0 0 1
    outer loop
      vertex -3.123 1.08227 4
      vertex -0.942793 5.16116 4
      vertex -1.0282 5.20954 4
    endloop
  endfacet
  facet normal 0 0 1
    outer loop
      vertex -3.40593 1.24255 4
      vertex -1.0282 5.20954 4
      vertex -1.11114 5.26206 4
    endloop
  endfacet
  facet normal 0 0 1
    outer loop
      vertex -3.68065 1.41651 4
      vertex -1.11114 5.26206 4
      vertex -1.1914 5.31859 4
    endloop
  endfacet
  facet normal 0 0 1
    outer loop
      vertex -3.94651 1.60375 4
      vertex -1.1914 5.31859 4
      vertex -1.26879 5.37898 4
    endloop
  endfacet
  facet normal 0 0 1
    outer loop
      vertex -0.390181 4.96343 4
      vertex -1.29247 0.427298 4
      vertex -0.972089 0.371706 4
    endloop
  endfacet
  facet normal 0 0 1
    outer loop
      vertex -4.20286 1.80381 4
      vertex -1.26879 5.37898 4
      vertex -1.34312 5.4431 4
    endloop
  endfacet
  facet normal 0 0 1
    outer loop
      vertex -4.44908 2.0162 4
      vertex -1.34312 5.4431 4
      vertex -1.41421 5.51079 4
    endloop
  endfacet
  facet normal 0 0 1
    outer loop
      vertex -4.68458 2.24042 4
      vertex -1.41421 5.51079 4
      vertex -1.4819 5.58188 4
    endloop
  endfacet
  facet normal 0 0 1
    outer loop
      vertex -4.9088 2.47592 4
      vertex -1.4819 5.58188 4
      vertex -1.54602 5.65621 4
    endloop
  endfacet
  facet normal 0 0 1
    outer loop
      vertex -5.12119 2.72214 4
      vertex -1.54602 5.65621 4
      vertex -1.60641 5.7336 4
    endloop
  endfacet
  facet normal 0 0 1
    outer loop
      vertex -0.48596 4.98494 4
      vertex -1.60974 0.498544 4
      vertex -1.29247 0.427298 4
    endloop
  endfacet
  facet normal 0 0 1
    outer loop
      vertex -5.32125 2.97849 4
      vertex -1.60641 5.7336 4
      vertex -1.66294 5.81386 4
    endloop
  endfacet
  facet normal 0 0 1
    outer loop
      vertex -5.50849 3.24435 4
      vertex -1.66294 5.81386 4
      vertex -1.71546 5.8968 4
    endloop
  endfacet
  facet normal 0 0 1
    outer loop
      vertex -5.68245 3.51907 4
      vertex -1.71546 5.8968 4
      vertex -1.76384 5.98221 4
    endloop
  endfacet
  facet normal 0 0 1
    outer loop
      vertex -5.84273 3.802 4
      vertex -1.76384 5.98221 4
      vertex -1.80798 6.06989 4
    endloop
  endfacet
  facet normal 0 0 1
    outer loop
      vertex -5.98893 4.09245 4
      vertex -1.80798 6.06989 4
      vertex -1.84776 6.15963 4
    endloop
  endfacet
  facet normal 0 0 1
    outer loop
      vertex -6.1207 4.38972 4
      vertex -1.84776 6.15963 4
      vertex -1.88309 6.25122 4
    endloop
  endfacet
  facet normal 0 0 1
    outer loop
      vertex -6.23773 4.69311 4
      vertex -1.88309 6.25122 4
      vertex -1.91388 6.34443 4
    endloop
  endfacet
  facet normal 0 0 1
    outer loop
      vertex -0.580569 5.01112 4
      vertex -1.92314 0.585271 4
      vertex -1.60974 0.498544 4
    endloop
  endfacet
  facet normal 0 0 1
    outer loop
      vertex -6.33973 5.00186 4
      vertex -1.91388 6.34443 4
      vertex -1.94006 6.43904 4
    endloop
  endfacet
  facet normal 0 0 1
    outer loop
      vertex -6.42646 5.31526 4
      vertex -1.94006 6.43904 4
      vertex -1.96157 6.53482 4
    endloop
  endfacet
  facet normal 0 0 1
    outer loop
      vertex -6.4977 5.63253 4
      vertex -1.96157 6.53482 4
      vertex -1.97835 6.63154 4
    endloop
  endfacet
  facet normal 0 0 1
    outer loop
      vertex -6.55329 5.95291 4
      vertex -1.97835 6.63154 4
      vertex -1.99037 6.72897 4
    endloop
  endfacet
  facet normal 0 0 1
    outer loop
      vertex -6.5931 6.27564 4
      vertex -1.99037 6.72897 4
      vertex -1.99759 6.82687 4
    endloop
  endfacet
  facet normal 0 0 1
    outer loop
      vertex -6.61702 6.59993 4
      vertex -1.99759 6.82687 4
      vertex -2 6.925 4
    endloop
  endfacet
  facet normal -0 0 1
    outer loop
      vertex -5.50849 10.6057 4
      vertex -1.66294 8.03614 4
      vertex -5.32125 10.8715 4
    endloop
  endfacet
  facet normal 0 0 1
    outer loop
      vertex -0.673779 5.04191 4
      vertex -2.23189 0.687271 4
      vertex -1.92314 0.585271 4
    endloop
  endfacet
  facet normal 0 0 1
    outer loop
      vertex -1.66294 8.03614 4
      vertex -5.50849 10.6057 4
      vertex -1.71546 7.95321 4
    endloop
  endfacet
  facet normal 0 0 1
    outer loop
      vertex -0.765367 5.07724 4
      vertex -2.53528 0.804298 4
      vertex -2.23189 0.687271 4
    endloop
  endfacet
  facet normal -0 0 1
    outer loop
      vertex -5.68245 10.3309 4
      vertex -1.71546 7.95321 4
      vertex -5.50849 10.6057 4
    endloop
  endfacet
  facet normal 0 0 1
    outer loop
      vertex -0.85511 5.11702 4
      vertex -2.83255 0.936071 4
      vertex -2.53528 0.804298 4
    endloop
  endfacet
  facet normal 0 0 1
    outer loop
      vertex -1.71546 7.95321 4
      vertex -5.68245 10.3309 4
      vertex -1.76384 7.86779 4
    endloop
  endfacet
  facet normal 0 0 1
    outer loop
      vertex -0.942793 5.16116 4
      vertex -3.123 1.08227 4
      vertex -2.83255 0.936071 4
    endloop
  endfacet
  facet normal -0 0 1
    outer loop
      vertex -5.84273 10.048 4
      vertex -1.76384 7.86779 4
      vertex -5.68245 10.3309 4
    endloop
  endfacet
  facet normal 0 0 1
    outer loop
      vertex -1.0282 5.20954 4
      vertex -3.40593 1.24255 4
      vertex -3.123 1.08227 4
    endloop
  endfacet
  facet normal 0 0 1
    outer loop
      vertex -1.76384 7.86779 4
      vertex -5.84273 10.048 4
      vertex -1.80798 7.78011 4
    endloop
  endfacet
  facet normal 0 0 1
    outer loop
      vertex -1.11114 5.26206 4
      vertex -3.68065 1.41651 4
      vertex -3.40593 1.24255 4
    endloop
  endfacet
  facet normal -0 0 1
    outer loop
      vertex -5.98893 9.75755 4
      vertex -1.80798 7.78011 4
      vertex -5.84273 10.048 4
    endloop
  endfacet
  facet normal 0 0 1
    outer loop
      vertex -1.1914 5.31859 4
      vertex -3.94651 1.60375 4
      vertex -3.68065 1.41651 4
    endloop
  endfacet
  facet normal 0 0 1
    outer loop
      vertex -1.80798 7.78011 4
      vertex -5.98893 9.75755 4
      vertex -1.84776 7.69037 4
    endloop
  endfacet
  facet normal 0 0 1
    outer loop
      vertex -1.26879 5.37898 4
      vertex -4.20286 1.80381 4
      vertex -3.94651 1.60375 4
    endloop
  endfacet
  facet normal -0 0 1
    outer loop
      vertex -6.1207 9.46028 4
      vertex -1.84776 7.69037 4
      vertex -5.98893 9.75755 4
    endloop
  endfacet
  facet normal 0 0 1
    outer loop
      vertex -1.34312 5.4431 4
      vertex -4.44908 2.0162 4
      vertex -4.20286 1.80381 4
    endloop
  endfacet
  facet normal 0 0 1
    outer loop
      vertex -1.84776 7.69037 4
      vertex -6.1207 9.46028 4
      vertex -1.88309 7.59878 4
    endloop
  endfacet
  facet normal 0 0 1
    outer loop
      vertex -1.41421 5.51079 4
      vertex -4.68458 2.24042 4
      vertex -4.44908 2.0162 4
    endloop
  endfacet
  facet normal -0 0 1
    outer loop
      vertex -6.23773 9.15689 4
      vertex -1.88309 7.59878 4
      vertex -6.1207 9.46028 4
    endloop
  endfacet
  facet normal 0 0 1
    outer loop
      vertex -1.4819 5.58188 4
      vertex -4.9088 2.47592 4
      vertex -4.68458 2.24042 4
    endloop
  endfacet
  facet normal 0 0 1
    outer loop
      vertex -1.88309 7.59878 4
      vertex -6.23773 9.15689 4
      vertex -1.91388 7.50557 4
    endloop
  endfacet
  facet normal 0 0 1
    outer loop
      vertex -1.54602 5.65621 4
      vertex -5.12119 2.72214 4
      vertex -4.9088 2.47592 4
    endloop
  endfacet
  facet normal -0 0 1
    outer loop
      vertex -6.33973 8.84814 4
      vertex -1.91388 7.50557 4
      vertex -6.23773 9.15689 4
    endloop
  endfacet
  facet normal 0 0 1
    outer loop
      vertex -1.60641 5.7336 4
      vertex -5.32125 2.97849 4
      vertex -5.12119 2.72214 4
    endloop
  endfacet
  facet normal 0 0 1
    outer loop
      vertex -1.91388 7.50557 4
      vertex -6.33973 8.84814 4
      vertex -1.94006 7.41096 4
    endloop
  endfacet
  facet normal 0 0 1
    outer loop
      vertex -1.66294 5.81386 4
      vertex -5.50849 3.24435 4
      vertex -5.32125 2.97849 4
    endloop
  endfacet
  facet normal -0 0 1
    outer loop
      vertex -6.42646 8.53474 4
      vertex -1.94006 7.41096 4
      vertex -6.33973 8.84814 4
    endloop
  endfacet
  facet normal 0 0 1
    outer loop
      vertex -1.71546 5.8968 4
      vertex -5.68245 3.51907 4
      vertex -5.50849 3.24435 4
    endloop
  endfacet
  facet normal 0 0 1
    outer loop
      vertex -1.94006 7.41096 4
      vertex -6.42646 8.53474 4
      vertex -1.96157 7.31518 4
    endloop
  endfacet
  facet normal 0 0 1
    outer loop
      vertex -1.76384 5.98221 4
      vertex -5.84273 3.802 4
      vertex -5.68245 3.51907 4
    endloop
  endfacet
  facet normal -0 0 1
    outer loop
      vertex -6.4977 8.21747 4
      vertex -1.96157 7.31518 4
      vertex -6.42646 8.53474 4
    endloop
  endfacet
  facet normal 0 0 1
    outer loop
      vertex -1.80798 6.06989 4
      vertex -5.98893 4.09245 4
      vertex -5.84273 3.802 4
    endloop
  endfacet
  facet normal 0 0 1
    outer loop
      vertex -1.96157 7.31518 4
      vertex -6.4977 8.21747 4
      vertex -1.97835 7.21846 4
    endloop
  endfacet
  facet normal 0 0 1
    outer loop
      vertex -1.84776 6.15963 4
      vertex -6.1207 4.38972 4
      vertex -5.98893 4.09245 4
    endloop
  endfacet
  facet normal -0 0 1
    outer loop
      vertex -6.55329 7.89709 4
      vertex -1.97835 7.21846 4
      vertex -6.4977 8.21747 4
    endloop
  endfacet
  facet normal 0 0 1
    outer loop
      vertex -1.88309 6.25122 4
      vertex -6.23773 4.69311 4
      vertex -6.1207 4.38972 4
    endloop
  endfacet
  facet normal 0 0 1
    outer loop
      vertex -1.97835 7.21846 4
      vertex -6.55329 7.89709 4
      vertex -1.99037 7.12103 4
    endloop
  endfacet
  facet normal 0 0 1
    outer loop
      vertex -1.91388 6.34443 4
      vertex -6.33973 5.00186 4
      vertex -6.23773 4.69311 4
    endloop
  endfacet
  facet normal -0 0 1
    outer loop
      vertex -6.5931 7.57436 4
      vertex -1.99037 7.12103 4
      vertex -6.55329 7.89709 4
    endloop
  endfacet
  facet normal 0 0 1
    outer loop
      vertex -1.94006 6.43904 4
      vertex -6.42646 5.31526 4
      vertex -6.33973 5.00186 4
    endloop
  endfacet
  facet normal 0 0 1
    outer loop
      vertex -1.99037 7.12103 4
      vertex -6.5931 7.57436 4
      vertex -1.99759 7.02314 4
    endloop
  endfacet
  facet normal 0 0 1
    outer loop
      vertex -1.96157 6.53482 4
      vertex -6.4977 5.63253 4
      vertex -6.42646 5.31526 4
    endloop
  endfacet
  facet normal -0 0 1
    outer loop
      vertex -6.61702 7.25007 4
      vertex -1.99759 7.02314 4
      vertex -6.5931 7.57436 4
    endloop
  endfacet
  facet normal 0 0 1
    outer loop
      vertex -1.97835 6.63154 4
      vertex -6.55329 5.95291 4
      vertex -6.4977 5.63253 4
    endloop
  endfacet
  facet normal 0 0 1
    outer loop
      vertex -1.99759 7.02314 4
      vertex -6.61702 7.25007 4
      vertex -2 6.925 4
    endloop
  endfacet
  facet normal 0 0 1
    outer loop
      vertex -1.99037 6.72897 4
      vertex -6.5931 6.27564 4
      vertex -6.55329 5.95291 4
    endloop
  endfacet
  facet normal 0 0 1
    outer loop
      vertex -6.625 6.925 4
      vertex -2 6.925 4
      vertex -6.61702 7.25007 4
    endloop
  endfacet
  facet normal 0 0 1
    outer loop
      vertex -1.99759 6.82687 4
      vertex -6.61702 6.59993 4
      vertex -6.5931 6.27564 4
    endloop
  endfacet
  facet normal 0 0 1
    outer loop
      vertex -2 6.925 4
      vertex -6.625 6.925 4
      vertex -6.61702 6.59993 4
    endloop
  endfacet
  facet normal -0.575809 0.817584 0
    outer loop
      vertex 3.94651 1.60375 4
      vertex 3.68065 1.41651 12
      vertex 3.94651 1.60375 12
    endloop
  endfacet
  facet normal -0.575809 0.817584 0
    outer loop
      vertex 3.68065 1.41651 12
      vertex 3.94651 1.60375 4
      vertex 3.68065 1.41651 4
    endloop
  endfacet
  facet normal 0.492903 0.870084 -0
    outer loop
      vertex -3.123 1.08227 4
      vertex -3.40593 1.24255 12
      vertex -3.123 1.08227 12
    endloop
  endfacet
  facet normal 0.492903 0.870084 0
    outer loop
      vertex -3.40593 1.24255 12
      vertex -3.123 1.08227 4
      vertex -3.40593 1.24255 4
    endloop
  endfacet
  facet normal 0.999699 0.0245519 0
    outer loop
      vertex -1.99759 6.82687 4
      vertex -2 6.925 0
      vertex -2 6.925 4
    endloop
  endfacet
  facet normal 0.999699 0.0245519 0
    outer loop
      vertex -2 6.925 0
      vertex -1.99759 6.82687 4
      vertex -1.99759 6.82687 0
    endloop
  endfacet
  facet normal -0.997291 -0.0735565 0
    outer loop
      vertex 1.99759 7.02314 0
      vertex 1.99037 7.12103 4
      vertex 1.99037 7.12103 0
    endloop
  endfacet
  facet normal -0.997291 -0.0735565 0
    outer loop
      vertex 1.99037 7.12103 4
      vertex 1.99759 7.02314 0
      vertex 1.99759 7.02314 4
    endloop
  endfacet
  facet normal -0.999699 -0.0245494 0
    outer loop
      vertex 2 6.925 0
      vertex 1.99759 7.02314 4
      vertex 1.99759 7.02314 0
    endloop
  endfacet
  facet normal -0.999699 -0.0245494 0
    outer loop
      vertex 1.99759 7.02314 4
      vertex 2 6.925 0
      vertex 2 6.925 4
    endloop
  endfacet
  facet normal -0.992476 -0.122442 0
    outer loop
      vertex 1.99037 7.12103 0
      vertex 1.97835 7.21846 4
      vertex 1.97835 7.21846 0
    endloop
  endfacet
  facet normal -0.992476 -0.122442 0
    outer loop
      vertex 1.97835 7.21846 4
      vertex 1.99037 7.12103 0
      vertex 1.99037 7.12103 4
    endloop
  endfacet
  facet normal -0.0735505 0.997291 0
    outer loop
      vertex 0.196033 4.93463 0
      vertex 0.098135 4.92741 4
      vertex 0.196033 4.93463 4
    endloop
  endfacet
  facet normal -0.0735505 0.997291 0
    outer loop
      vertex 0.098135 4.92741 4
      vertex 0.196033 4.93463 0
      vertex 0.098135 4.92741 0
    endloop
  endfacet
  facet normal 0.949536 -0.313659 0
    outer loop
      vertex -1.91388 7.50557 4
      vertex -1.88309 7.59878 0
      vertex -1.88309 7.59878 4
    endloop
  endfacet
  facet normal 0.949536 -0.313659 0
    outer loop
      vertex -1.88309 7.59878 0
      vertex -1.91388 7.50557 4
      vertex -1.91388 7.50557 0
    endloop
  endfacet
  facet normal -0.405238 -0.914211 0
    outer loop
      vertex 0.765367 8.77276 0
      vertex 0.85511 8.73298 4
      vertex 0.765367 8.77276 4
    endloop
  endfacet
  facet normal -0.405238 -0.914211 -0
    outer loop
      vertex 0.85511 8.73298 4
      vertex 0.765367 8.77276 0
      vertex 0.85511 8.73298 0
    endloop
  endfacet
  facet normal 0.0245506 0.999699 -0
    outer loop
      vertex 0 4.925 0
      vertex -0.098135 4.92741 4
      vertex 0 4.925 4
    endloop
  endfacet
  facet normal 0.0245506 0.999699 0
    outer loop
      vertex -0.098135 4.92741 4
      vertex 0 4.925 0
      vertex -0.098135 4.92741 0
    endloop
  endfacet
  facet normal -0.788375 0.615195 0
    outer loop
      vertex 1.54602 5.65621 0
      vertex 1.60641 5.7336 4
      vertex 1.60641 5.7336 0
    endloop
  endfacet
  facet normal -0.788375 0.615195 0
    outer loop
      vertex 1.60641 5.7336 4
      vertex 1.54602 5.65621 0
      vertex 1.54602 5.65621 4
    endloop
  endfacet
  facet normal -0.534989 0.844859 0
    outer loop
      vertex 1.11114 5.26206 0
      vertex 1.0282 5.20954 4
      vertex 1.11114 5.26206 4
    endloop
  endfacet
  facet normal -0.534989 0.844859 0
    outer loop
      vertex 1.0282 5.20954 4
      vertex 1.11114 5.26206 0
      vertex 1.0282 5.20954 0
    endloop
  endfacet
  facet normal -0.975698 0.219119 0
    outer loop
      vertex 1.94006 6.43904 0
      vertex 1.96157 6.53482 4
      vertex 1.96157 6.53482 0
    endloop
  endfacet
  facet normal -0.975698 0.219119 0
    outer loop
      vertex 1.96157 6.53482 4
      vertex 1.94006 6.43904 0
      vertex 1.94006 6.43904 4
    endloop
  endfacet
  facet normal 0.689576 -0.724213 0
    outer loop
      vertex -1.41421 8.33921 0
      vertex -1.34312 8.4069 4
      vertex -1.41421 8.33921 4
    endloop
  endfacet
  facet normal 0.689576 -0.724213 0
    outer loop
      vertex -1.34312 8.4069 4
      vertex -1.41421 8.33921 0
      vertex -1.34312 8.4069 0
    endloop
  endfacet
  facet normal -0.997292 0.073549 0
    outer loop
      vertex 1.99037 6.72897 0
      vertex 1.99759 6.82687 4
      vertex 1.99759 6.82687 0
    endloop
  endfacet
  facet normal -0.997292 0.073549 0
    outer loop
      vertex 1.99759 6.82687 4
      vertex 1.99037 6.72897 0
      vertex 1.99037 6.72897 4
    endloop
  endfacet
  facet normal -0.949536 -0.313659 0
    outer loop
      vertex 1.91388 7.50557 0
      vertex 1.88309 7.59878 4
      vertex 1.88309 7.59878 0
    endloop
  endfacet
  facet normal -0.949536 -0.313659 0
    outer loop
      vertex 1.88309 7.59878 4
      vertex 1.91388 7.50557 0
      vertex 1.91388 7.50557 4
    endloop
  endfacet
  facet normal -0.0245506 0.999699 0
    outer loop
      vertex 0.098135 4.92741 0
      vertex 0 4.925 4
      vertex 0.098135 4.92741 4
    endloop
  endfacet
  facet normal -0.0245506 0.999699 0
    outer loop
      vertex 0 4.925 4
      vertex 0.098135 4.92741 0
      vertex 0 4.925 0
    endloop
  endfacet
  facet normal 0.405238 0.914211 -0
    outer loop
      vertex -0.765367 5.07724 0
      vertex -0.85511 5.11702 4
      vertex -0.765367 5.07724 4
    endloop
  endfacet
  facet normal 0.405238 0.914211 0
    outer loop
      vertex -0.85511 5.11702 4
      vertex -0.765367 5.07724 0
      vertex -0.85511 5.11702 0
    endloop
  endfacet
  facet normal -0.893201 0.449657 0
    outer loop
      vertex 1.76384 5.98221 0
      vertex 1.80798 6.06989 4
      vertex 1.80798 6.06989 0
    endloop
  endfacet
  facet normal -0.893201 0.449657 0
    outer loop
      vertex 1.80798 6.06989 4
      vertex 1.76384 5.98221 0
      vertex 1.76384 5.98221 4
    endloop
  endfacet
  facet normal 0.122445 -0.992475 0
    outer loop
      vertex -0.293461 8.90335 0
      vertex -0.196033 8.91537 4
      vertex -0.293461 8.90335 4
    endloop
  endfacet
  facet normal 0.122445 -0.992475 0
    outer loop
      vertex -0.196033 8.91537 4
      vertex -0.293461 8.90335 0
      vertex -0.196033 8.91537 0
    endloop
  endfacet
  facet normal -0.219122 -0.975698 0
    outer loop
      vertex 0.390181 8.88657 0
      vertex 0.48596 8.86506 4
      vertex 0.390181 8.88657 4
    endloop
  endfacet
  facet normal -0.219122 -0.975698 -0
    outer loop
      vertex 0.48596 8.86506 4
      vertex 0.390181 8.88657 0
      vertex 0.48596 8.86506 0
    endloop
  endfacet
  facet normal 0.788375 -0.615195 0
    outer loop
      vertex -1.60641 8.1164 4
      vertex -1.54602 8.19379 0
      vertex -1.54602 8.19379 4
    endloop
  endfacet
  facet normal 0.788375 -0.615195 0
    outer loop
      vertex -1.54602 8.19379 0
      vertex -1.60641 8.1164 4
      vertex -1.60641 8.1164 0
    endloop
  endfacet
  facet normal 0.893201 -0.449657 0
    outer loop
      vertex -1.80798 7.78011 4
      vertex -1.76384 7.86779 0
      vertex -1.76384 7.86779 4
    endloop
  endfacet
  facet normal 0.893201 -0.449657 0
    outer loop
      vertex -1.76384 7.86779 0
      vertex -1.80798 7.78011 4
      vertex -1.80798 7.78011 0
    endloop
  endfacet
  facet normal 0.689576 0.724213 -0
    outer loop
      vertex -1.34312 5.4431 0
      vertex -1.41421 5.51079 4
      vertex -1.34312 5.4431 4
    endloop
  endfacet
  facet normal 0.689576 0.724213 0
    outer loop
      vertex -1.41421 5.51079 4
      vertex -1.34312 5.4431 0
      vertex -1.41421 5.51079 0
    endloop
  endfacet
  facet normal 0.932993 -0.359894 0
    outer loop
      vertex -1.88309 7.59878 4
      vertex -1.84776 7.69037 0
      vertex -1.84776 7.69037 4
    endloop
  endfacet
  facet normal 0.932993 -0.359894 0
    outer loop
      vertex -1.84776 7.69037 0
      vertex -1.88309 7.59878 4
      vertex -1.88309 7.59878 0
    endloop
  endfacet
  facet normal -0.87013 -0.492822 0
    outer loop
      vertex 1.76384 7.86779 0
      vertex 1.71546 7.95321 4
      vertex 1.71546 7.95321 0
    endloop
  endfacet
  facet normal -0.87013 -0.492822 0
    outer loop
      vertex 1.71546 7.95321 4
      vertex 1.76384 7.86779 0
      vertex 1.76384 7.86779 4
    endloop
  endfacet
  facet normal -0.653187 -0.757196 0
    outer loop
      vertex 1.26879 8.47102 0
      vertex 1.34312 8.4069 4
      vertex 1.26879 8.47102 4
    endloop
  endfacet
  facet normal -0.653187 -0.757196 -0
    outer loop
      vertex 1.34312 8.4069 4
      vertex 1.26879 8.47102 0
      vertex 1.34312 8.4069 0
    endloop
  endfacet
  facet normal -0.817563 0.575839 0
    outer loop
      vertex 1.60641 5.7336 0
      vertex 1.66294 5.81386 4
      vertex 1.66294 5.81386 0
    endloop
  endfacet
  facet normal -0.817563 0.575839 0
    outer loop
      vertex 1.66294 5.81386 4
      vertex 1.60641 5.7336 0
      vertex 1.60641 5.7336 4
    endloop
  endfacet
  facet normal 0.724213 0.689576 0
    outer loop
      vertex -1.41421 5.51079 4
      vertex -1.4819 5.58188 0
      vertex -1.4819 5.58188 4
    endloop
  endfacet
  facet normal 0.724213 0.689576 0
    outer loop
      vertex -1.4819 5.58188 0
      vertex -1.41421 5.51079 4
      vertex -1.41421 5.51079 0
    endloop
  endfacet
  facet normal 0.999699 -0.0245494 0
    outer loop
      vertex -2 6.925 4
      vertex -1.99759 7.02314 0
      vertex -1.99759 7.02314 4
    endloop
  endfacet
  facet normal 0.999699 -0.0245494 0
    outer loop
      vertex -1.99759 7.02314 0
      vertex -2 6.925 4
      vertex -2 6.925 0
    endloop
  endfacet
  facet normal 0.170937 -0.985282 0
    outer loop
      vertex -0.390181 8.88657 0
      vertex -0.293461 8.90335 4
      vertex -0.390181 8.88657 4
    endloop
  endfacet
  facet normal 0.170937 -0.985282 0
    outer loop
      vertex -0.293461 8.90335 4
      vertex -0.390181 8.88657 0
      vertex -0.293461 8.90335 0
    endloop
  endfacet
  facet normal -0.84483 -0.535035 0
    outer loop
      vertex 1.71546 7.95321 0
      vertex 1.66294 8.03614 4
      vertex 1.66294 8.03614 0
    endloop
  endfacet
  facet normal -0.84483 -0.535035 0
    outer loop
      vertex 1.66294 8.03614 4
      vertex 1.71546 7.95321 0
      vertex 1.71546 7.95321 4
    endloop
  endfacet
  facet normal 0.449645 -0.893208 0
    outer loop
      vertex -0.942793 8.68884 0
      vertex -0.85511 8.73298 4
      vertex -0.942793 8.68884 4
    endloop
  endfacet
  facet normal 0.449645 -0.893208 0
    outer loop
      vertex -0.85511 8.73298 4
      vertex -0.942793 8.68884 0
      vertex -0.85511 8.73298 0
    endloop
  endfacet
  facet normal -0.893201 -0.449657 0
    outer loop
      vertex 1.80798 7.78011 0
      vertex 1.76384 7.86779 4
      vertex 1.76384 7.86779 0
    endloop
  endfacet
  facet normal -0.893201 -0.449657 0
    outer loop
      vertex 1.76384 7.86779 4
      vertex 1.80798 7.78011 0
      vertex 1.80798 7.78011 4
    endloop
  endfacet
  facet normal 0.653187 0.757196 -0
    outer loop
      vertex -1.26879 5.37898 0
      vertex -1.34312 5.4431 4
      vertex -1.26879 5.37898 4
    endloop
  endfacet
  facet normal 0.653187 0.757196 0
    outer loop
      vertex -1.34312 5.4431 4
      vertex -1.26879 5.37898 0
      vertex -1.34312 5.4431 0
    endloop
  endfacet
  facet normal -0.963782 0.266693 0
    outer loop
      vertex 1.91388 6.34443 0
      vertex 1.94006 6.43904 4
      vertex 1.94006 6.43904 0
    endloop
  endfacet
  facet normal -0.963782 0.266693 0
    outer loop
      vertex 1.94006 6.43904 4
      vertex 1.91388 6.34443 0
      vertex 1.91388 6.34443 4
    endloop
  endfacet
  facet normal 0.492879 -0.870098 0
    outer loop
      vertex -1.0282 8.64046 0
      vertex -0.942793 8.68884 4
      vertex -1.0282 8.64046 4
    endloop
  endfacet
  facet normal 0.492879 -0.870098 0
    outer loop
      vertex -0.942793 8.68884 4
      vertex -1.0282 8.64046 0
      vertex -0.942793 8.68884 0
    endloop
  endfacet
  facet normal 0.992476 -0.122442 0
    outer loop
      vertex -1.99037 7.12103 4
      vertex -1.97835 7.21846 0
      vertex -1.97835 7.21846 4
    endloop
  endfacet
  facet normal 0.992476 -0.122442 0
    outer loop
      vertex -1.97835 7.21846 0
      vertex -1.99037 7.12103 4
      vertex -1.99037 7.12103 0
    endloop
  endfacet
  facet normal 0.0245506 -0.999699 0
    outer loop
      vertex -0.098135 8.92259 0
      vertex 0 8.925 4
      vertex -0.098135 8.92259 4
    endloop
  endfacet
  facet normal 0.0245506 -0.999699 0
    outer loop
      vertex 0 8.925 4
      vertex -0.098135 8.92259 0
      vertex 0 8.925 0
    endloop
  endfacet
  facet normal -0.122445 -0.992475 0
    outer loop
      vertex 0.196033 8.91537 0
      vertex 0.293461 8.90335 4
      vertex 0.196033 8.91537 4
    endloop
  endfacet
  facet normal -0.122445 -0.992475 -0
    outer loop
      vertex 0.293461 8.90335 4
      vertex 0.196033 8.91537 0
      vertex 0.293461 8.90335 0
    endloop
  endfacet
  facet normal -0.870105 0.492866 0
    outer loop
      vertex 1.71546 5.8968 0
      vertex 1.76384 5.98221 4
      vertex 1.76384 5.98221 0
    endloop
  endfacet
  facet normal -0.870105 0.492866 0
    outer loop
      vertex 1.76384 5.98221 4
      vertex 1.71546 5.8968 0
      vertex 1.71546 5.8968 4
    endloop
  endfacet
  facet normal -0.992476 0.122442 0
    outer loop
      vertex 1.97835 6.63154 0
      vertex 1.99037 6.72897 4
      vertex 1.99037 6.72897 0
    endloop
  endfacet
  facet normal -0.992476 0.122442 0
    outer loop
      vertex 1.99037 6.72897 4
      vertex 1.97835 6.63154 0
      vertex 1.97835 6.63154 4
    endloop
  endfacet
  facet normal 0.3599 -0.932991 0
    outer loop
      vertex -0.765367 8.77276 0
      vertex -0.673779 8.80809 4
      vertex -0.765367 8.77276 4
    endloop
  endfacet
  facet normal 0.3599 -0.932991 0
    outer loop
      vertex -0.673779 8.80809 4
      vertex -0.765367 8.77276 0
      vertex -0.673779 8.80809 0
    endloop
  endfacet
  facet normal 0.870105 0.492866 0
    outer loop
      vertex -1.71546 5.8968 4
      vertex -1.76384 5.98221 0
      vertex -1.76384 5.98221 4
    endloop
  endfacet
  facet normal 0.870105 0.492866 0
    outer loop
      vertex -1.76384 5.98221 0
      vertex -1.71546 5.8968 4
      vertex -1.71546 5.8968 0
    endloop
  endfacet
  facet normal -0.170937 0.985282 0
    outer loop
      vertex 0.390181 4.96343 0
      vertex 0.293461 4.94665 4
      vertex 0.390181 4.96343 4
    endloop
  endfacet
  facet normal -0.170937 0.985282 0
    outer loop
      vertex 0.293461 4.94665 4
      vertex 0.390181 4.96343 0
      vertex 0.293461 4.94665 0
    endloop
  endfacet
  facet normal -0.724213 0.689576 0
    outer loop
      vertex 1.41421 5.51079 0
      vertex 1.4819 5.58188 4
      vertex 1.4819 5.58188 0
    endloop
  endfacet
  facet normal -0.724213 0.689576 0
    outer loop
      vertex 1.4819 5.58188 4
      vertex 1.41421 5.51079 0
      vertex 1.41421 5.51079 4
    endloop
  endfacet
  facet normal 0.997292 0.073549 0
    outer loop
      vertex -1.99037 6.72897 4
      vertex -1.99759 6.82687 0
      vertex -1.99759 6.82687 4
    endloop
  endfacet
  facet normal 0.997292 0.073549 0
    outer loop
      vertex -1.99759 6.82687 0
      vertex -1.99037 6.72897 4
      vertex -1.99037 6.72897 0
    endloop
  endfacet
  facet normal 0.817563 -0.575839 0
    outer loop
      vertex -1.66294 8.03614 4
      vertex -1.60641 8.1164 0
      vertex -1.60641 8.1164 4
    endloop
  endfacet
  facet normal 0.817563 -0.575839 0
    outer loop
      vertex -1.60641 8.1164 0
      vertex -1.66294 8.03614 4
      vertex -1.66294 8.03614 0
    endloop
  endfacet
  facet normal -0.0245506 -0.999699 0
    outer loop
      vertex 0 8.925 0
      vertex 0.098135 8.92259 4
      vertex 0 8.925 4
    endloop
  endfacet
  facet normal -0.0245506 -0.999699 -0
    outer loop
      vertex 0.098135 8.92259 4
      vertex 0 8.925 0
      vertex 0.098135 8.92259 0
    endloop
  endfacet
  facet normal -0.757196 0.653187 0
    outer loop
      vertex 1.4819 5.58188 0
      vertex 1.54602 5.65621 4
      vertex 1.54602 5.65621 0
    endloop
  endfacet
  facet normal -0.757196 0.653187 0
    outer loop
      vertex 1.54602 5.65621 4
      vertex 1.4819 5.58188 0
      vertex 1.4819 5.58188 4
    endloop
  endfacet
  facet normal 0.653187 -0.757196 0
    outer loop
      vertex -1.34312 8.4069 0
      vertex -1.26879 8.47102 4
      vertex -1.34312 8.4069 4
    endloop
  endfacet
  facet normal 0.653187 -0.757196 0
    outer loop
      vertex -1.26879 8.47102 4
      vertex -1.34312 8.4069 0
      vertex -1.26879 8.47102 0
    endloop
  endfacet
  facet normal 0.266695 0.963781 -0
    outer loop
      vertex -0.48596 4.98494 0
      vertex -0.580569 5.01112 4
      vertex -0.48596 4.98494 4
    endloop
  endfacet
  facet normal 0.266695 0.963781 0
    outer loop
      vertex -0.580569 5.01112 4
      vertex -0.48596 4.98494 0
      vertex -0.580569 5.01112 0
    endloop
  endfacet
  facet normal -0.615195 0.788375 0
    outer loop
      vertex 1.26879 5.37898 0
      vertex 1.1914 5.31859 4
      vertex 1.26879 5.37898 4
    endloop
  endfacet
  facet normal -0.615195 0.788375 0
    outer loop
      vertex 1.1914 5.31859 4
      vertex 1.26879 5.37898 0
      vertex 1.1914 5.31859 0
    endloop
  endfacet
  facet normal 0.992476 0.122442 0
    outer loop
      vertex -1.97835 6.63154 4
      vertex -1.99037 6.72897 0
      vertex -1.99037 6.72897 4
    endloop
  endfacet
  facet normal 0.992476 0.122442 0
    outer loop
      vertex -1.99037 6.72897 0
      vertex -1.97835 6.63154 4
      vertex -1.97835 6.63154 0
    endloop
  endfacet
  facet normal -0.689576 0.724213 0
    outer loop
      vertex 1.41421 5.51079 0
      vertex 1.34312 5.4431 4
      vertex 1.41421 5.51079 4
    endloop
  endfacet
  facet normal -0.689576 0.724213 0
    outer loop
      vertex 1.34312 5.4431 4
      vertex 1.41421 5.51079 0
      vertex 1.34312 5.4431 0
    endloop
  endfacet
  facet normal -0.788375 -0.615195 0
    outer loop
      vertex 1.60641 8.1164 0
      vertex 1.54602 8.19379 4
      vertex 1.54602 8.19379 0
    endloop
  endfacet
  facet normal -0.788375 -0.615195 0
    outer loop
      vertex 1.54602 8.19379 4
      vertex 1.60641 8.1164 0
      vertex 1.60641 8.1164 4
    endloop
  endfacet
  facet normal 0.313659 0.949536 -0
    outer loop
      vertex -0.580569 5.01112 0
      vertex -0.673779 5.04191 4
      vertex -0.580569 5.01112 4
    endloop
  endfacet
  facet normal 0.313659 0.949536 0
    outer loop
      vertex -0.673779 5.04191 4
      vertex -0.580569 5.01112 0
      vertex -0.673779 5.04191 0
    endloop
  endfacet
  facet normal -0.914206 -0.40525 0
    outer loop
      vertex 1.84776 7.69037 0
      vertex 1.80798 7.78011 4
      vertex 1.80798 7.78011 0
    endloop
  endfacet
  facet normal -0.914206 -0.40525 0
    outer loop
      vertex 1.80798 7.78011 4
      vertex 1.84776 7.69037 0
      vertex 1.84776 7.69037 4
    endloop
  endfacet
  facet normal -0.949536 0.313659 0
    outer loop
      vertex 1.88309 6.25122 0
      vertex 1.91388 6.34443 4
      vertex 1.91388 6.34443 0
    endloop
  endfacet
  facet normal -0.949536 0.313659 0
    outer loop
      vertex 1.91388 6.34443 4
      vertex 1.88309 6.25122 0
      vertex 1.88309 6.25122 4
    endloop
  endfacet
  facet normal 0.0735505 -0.997291 0
    outer loop
      vertex -0.196033 8.91537 0
      vertex -0.098135 8.92259 4
      vertex -0.196033 8.91537 4
    endloop
  endfacet
  facet normal 0.0735505 -0.997291 0
    outer loop
      vertex -0.098135 8.92259 4
      vertex -0.196033 8.91537 0
      vertex -0.098135 8.92259 0
    endloop
  endfacet
  facet normal 0.492879 0.870098 -0
    outer loop
      vertex -0.942793 5.16116 0
      vertex -1.0282 5.20954 4
      vertex -0.942793 5.16116 4
    endloop
  endfacet
  facet normal 0.492879 0.870098 0
    outer loop
      vertex -1.0282 5.20954 4
      vertex -0.942793 5.16116 0
      vertex -1.0282 5.20954 0
    endloop
  endfacet
  facet normal -0.266695 0.963781 0
    outer loop
      vertex 0.580569 5.01112 0
      vertex 0.48596 4.98494 4
      vertex 0.580569 5.01112 4
    endloop
  endfacet
  facet normal -0.266695 0.963781 0
    outer loop
      vertex 0.48596 4.98494 4
      vertex 0.580569 5.01112 0
      vertex 0.48596 4.98494 0
    endloop
  endfacet
  facet normal -0.313659 -0.949536 0
    outer loop
      vertex 0.580569 8.83888 0
      vertex 0.673779 8.80809 4
      vertex 0.580569 8.83888 4
    endloop
  endfacet
  facet normal -0.313659 -0.949536 -0
    outer loop
      vertex 0.673779 8.80809 4
      vertex 0.580569 8.83888 0
      vertex 0.673779 8.80809 0
    endloop
  endfacet
  facet normal 0.219122 -0.975698 0
    outer loop
      vertex -0.48596 8.86506 0
      vertex -0.390181 8.88657 4
      vertex -0.48596 8.86506 4
    endloop
  endfacet
  facet normal 0.219122 -0.975698 0
    outer loop
      vertex -0.390181 8.88657 4
      vertex -0.48596 8.86506 0
      vertex -0.390181 8.88657 0
    endloop
  endfacet
  facet normal -0.575839 -0.817563 0
    outer loop
      vertex 1.11114 8.58794 0
      vertex 1.1914 8.53141 4
      vertex 1.11114 8.58794 4
    endloop
  endfacet
  facet normal -0.575839 -0.817563 -0
    outer loop
      vertex 1.1914 8.53141 4
      vertex 1.11114 8.58794 0
      vertex 1.1914 8.53141 0
    endloop
  endfacet
  facet normal 0.313659 -0.949536 0
    outer loop
      vertex -0.673779 8.80809 0
      vertex -0.580569 8.83888 4
      vertex -0.673779 8.80809 4
    endloop
  endfacet
  facet normal 0.313659 -0.949536 0
    outer loop
      vertex -0.580569 8.83888 4
      vertex -0.673779 8.80809 0
      vertex -0.580569 8.83888 0
    endloop
  endfacet
  facet normal -0.817563 -0.575839 0
    outer loop
      vertex 1.66294 8.03614 0
      vertex 1.60641 8.1164 4
      vertex 1.60641 8.1164 0
    endloop
  endfacet
  facet normal -0.817563 -0.575839 0
    outer loop
      vertex 1.60641 8.1164 4
      vertex 1.66294 8.03614 0
      vertex 1.66294 8.03614 4
    endloop
  endfacet
  facet normal 0.985282 0.170937 0
    outer loop
      vertex -1.96157 6.53482 4
      vertex -1.97835 6.63154 0
      vertex -1.97835 6.63154 4
    endloop
  endfacet
  facet normal 0.985282 0.170937 0
    outer loop
      vertex -1.97835 6.63154 0
      vertex -1.96157 6.53482 4
      vertex -1.96157 6.53482 0
    endloop
  endfacet
  facet normal -0.0735505 -0.997291 0
    outer loop
      vertex 0.098135 8.92259 0
      vertex 0.196033 8.91537 4
      vertex 0.098135 8.92259 4
    endloop
  endfacet
  facet normal -0.0735505 -0.997291 -0
    outer loop
      vertex 0.196033 8.91537 4
      vertex 0.098135 8.92259 0
      vertex 0.196033 8.91537 0
    endloop
  endfacet
  facet normal 0.3599 0.932991 -0
    outer loop
      vertex -0.673779 5.04191 0
      vertex -0.765367 5.07724 4
      vertex -0.673779 5.04191 4
    endloop
  endfacet
  facet normal 0.3599 0.932991 0
    outer loop
      vertex -0.765367 5.07724 4
      vertex -0.673779 5.04191 0
      vertex -0.765367 5.07724 0
    endloop
  endfacet
  facet normal -0.985282 -0.170937 0
    outer loop
      vertex 1.97835 7.21846 0
      vertex 1.96157 7.31518 4
      vertex 1.96157 7.31518 0
    endloop
  endfacet
  facet normal -0.985282 -0.170937 0
    outer loop
      vertex 1.96157 7.31518 4
      vertex 1.97835 7.21846 0
      vertex 1.97835 7.21846 4
    endloop
  endfacet
  facet normal -0.492879 -0.870098 0
    outer loop
      vertex 0.942793 8.68884 0
      vertex 1.0282 8.64046 4
      vertex 0.942793 8.68884 4
    endloop
  endfacet
  facet normal -0.492879 -0.870098 -0
    outer loop
      vertex 1.0282 8.64046 4
      vertex 0.942793 8.68884 0
      vertex 1.0282 8.64046 0
    endloop
  endfacet
  facet normal -0.914206 0.40525 0
    outer loop
      vertex 1.80798 6.06989 0
      vertex 1.84776 6.15963 4
      vertex 1.84776 6.15963 0
    endloop
  endfacet
  facet normal -0.914206 0.40525 0
    outer loop
      vertex 1.84776 6.15963 4
      vertex 1.80798 6.06989 0
      vertex 1.80798 6.06989 4
    endloop
  endfacet
  facet normal -0.999699 0.0245519 0
    outer loop
      vertex 1.99759 6.82687 0
      vertex 2 6.925 4
      vertex 2 6.925 0
    endloop
  endfacet
  facet normal -0.999699 0.0245519 0
    outer loop
      vertex 2 6.925 4
      vertex 1.99759 6.82687 0
      vertex 1.99759 6.82687 4
    endloop
  endfacet
  facet normal -0.653187 0.757196 0
    outer loop
      vertex 1.34312 5.4431 0
      vertex 1.26879 5.37898 4
      vertex 1.34312 5.4431 4
    endloop
  endfacet
  facet normal -0.653187 0.757196 0
    outer loop
      vertex 1.26879 5.37898 4
      vertex 1.34312 5.4431 0
      vertex 1.26879 5.37898 0
    endloop
  endfacet
  facet normal -0.3599 -0.932991 0
    outer loop
      vertex 0.673779 8.80809 0
      vertex 0.765367 8.77276 4
      vertex 0.673779 8.80809 4
    endloop
  endfacet
  facet normal -0.3599 -0.932991 -0
    outer loop
      vertex 0.765367 8.77276 4
      vertex 0.673779 8.80809 0
      vertex 0.765367 8.77276 0
    endloop
  endfacet
  facet normal 0.844859 0.534989 0
    outer loop
      vertex -1.66294 5.81386 4
      vertex -1.71546 5.8968 0
      vertex -1.71546 5.8968 4
    endloop
  endfacet
  facet normal 0.844859 0.534989 0
    outer loop
      vertex -1.71546 5.8968 0
      vertex -1.66294 5.81386 4
      vertex -1.66294 5.81386 0
    endloop
  endfacet
  facet normal -0.575839 0.817563 0
    outer loop
      vertex 1.1914 5.31859 0
      vertex 1.11114 5.26206 4
      vertex 1.1914 5.31859 4
    endloop
  endfacet
  facet normal -0.575839 0.817563 0
    outer loop
      vertex 1.11114 5.26206 4
      vertex 1.1914 5.31859 0
      vertex 1.11114 5.26206 0
    endloop
  endfacet
  facet normal -0.975698 -0.219119 0
    outer loop
      vertex 1.96157 7.31518 0
      vertex 1.94006 7.41096 4
      vertex 1.94006 7.41096 0
    endloop
  endfacet
  facet normal -0.975698 -0.219119 0
    outer loop
      vertex 1.94006 7.41096 4
      vertex 1.96157 7.31518 0
      vertex 1.96157 7.31518 4
    endloop
  endfacet
  facet normal -0.724213 -0.689576 0
    outer loop
      vertex 1.4819 8.26812 0
      vertex 1.41421 8.33921 4
      vertex 1.41421 8.33921 0
    endloop
  endfacet
  facet normal -0.724213 -0.689576 0
    outer loop
      vertex 1.41421 8.33921 4
      vertex 1.4819 8.26812 0
      vertex 1.4819 8.26812 4
    endloop
  endfacet
  facet normal 0.757196 0.653187 0
    outer loop
      vertex -1.4819 5.58188 4
      vertex -1.54602 5.65621 0
      vertex -1.54602 5.65621 4
    endloop
  endfacet
  facet normal 0.757196 0.653187 0
    outer loop
      vertex -1.54602 5.65621 0
      vertex -1.4819 5.58188 4
      vertex -1.4819 5.58188 0
    endloop
  endfacet
  facet normal -0.963782 -0.266693 0
    outer loop
      vertex 1.94006 7.41096 0
      vertex 1.91388 7.50557 4
      vertex 1.91388 7.50557 0
    endloop
  endfacet
  facet normal -0.963782 -0.266693 0
    outer loop
      vertex 1.91388 7.50557 4
      vertex 1.94006 7.41096 0
      vertex 1.94006 7.41096 4
    endloop
  endfacet
  facet normal 0.122445 0.992475 -0
    outer loop
      vertex -0.196033 4.93463 0
      vertex -0.293461 4.94665 4
      vertex -0.196033 4.93463 4
    endloop
  endfacet
  facet normal 0.122445 0.992475 0
    outer loop
      vertex -0.293461 4.94665 4
      vertex -0.196033 4.93463 0
      vertex -0.293461 4.94665 0
    endloop
  endfacet
  facet normal -0.534989 -0.844859 0
    outer loop
      vertex 1.0282 8.64046 0
      vertex 1.11114 8.58794 4
      vertex 1.0282 8.64046 4
    endloop
  endfacet
  facet normal -0.534989 -0.844859 -0
    outer loop
      vertex 1.11114 8.58794 4
      vertex 1.0282 8.64046 0
      vertex 1.11114 8.58794 0
    endloop
  endfacet
  facet normal 0.87013 -0.492822 0
    outer loop
      vertex -1.76384 7.86779 4
      vertex -1.71546 7.95321 0
      vertex -1.71546 7.95321 4
    endloop
  endfacet
  facet normal 0.87013 -0.492822 0
    outer loop
      vertex -1.71546 7.95321 0
      vertex -1.76384 7.86779 4
      vertex -1.76384 7.86779 0
    endloop
  endfacet
  facet normal -0.615195 -0.788375 0
    outer loop
      vertex 1.1914 8.53141 0
      vertex 1.26879 8.47102 4
      vertex 1.1914 8.53141 4
    endloop
  endfacet
  facet normal -0.615195 -0.788375 -0
    outer loop
      vertex 1.26879 8.47102 4
      vertex 1.1914 8.53141 0
      vertex 1.26879 8.47102 0
    endloop
  endfacet
  facet normal -0.449645 -0.893208 0
    outer loop
      vertex 0.85511 8.73298 0
      vertex 0.942793 8.68884 4
      vertex 0.85511 8.73298 4
    endloop
  endfacet
  facet normal -0.449645 -0.893208 -0
    outer loop
      vertex 0.942793 8.68884 4
      vertex 0.85511 8.73298 0
      vertex 0.942793 8.68884 0
    endloop
  endfacet
  facet normal 0.757196 -0.653187 0
    outer loop
      vertex -1.54602 8.19379 4
      vertex -1.4819 8.26812 0
      vertex -1.4819 8.26812 4
    endloop
  endfacet
  facet normal 0.757196 -0.653187 0
    outer loop
      vertex -1.4819 8.26812 0
      vertex -1.54602 8.19379 4
      vertex -1.54602 8.19379 0
    endloop
  endfacet
  facet normal 0.932993 0.359894 0
    outer loop
      vertex -1.84776 6.15963 4
      vertex -1.88309 6.25122 0
      vertex -1.88309 6.25122 4
    endloop
  endfacet
  facet normal 0.932993 0.359894 0
    outer loop
      vertex -1.88309 6.25122 0
      vertex -1.84776 6.15963 4
      vertex -1.84776 6.15963 0
    endloop
  endfacet
  facet normal 0.949536 0.313659 0
    outer loop
      vertex -1.88309 6.25122 4
      vertex -1.91388 6.34443 0
      vertex -1.91388 6.34443 4
    endloop
  endfacet
  facet normal 0.949536 0.313659 0
    outer loop
      vertex -1.91388 6.34443 0
      vertex -1.88309 6.25122 4
      vertex -1.88309 6.25122 0
    endloop
  endfacet
  facet normal 0.817563 0.575839 0
    outer loop
      vertex -1.60641 5.7336 4
      vertex -1.66294 5.81386 0
      vertex -1.66294 5.81386 4
    endloop
  endfacet
  facet normal 0.817563 0.575839 0
    outer loop
      vertex -1.66294 5.81386 0
      vertex -1.60641 5.7336 4
      vertex -1.60641 5.7336 0
    endloop
  endfacet
  facet normal -0.932993 -0.359894 0
    outer loop
      vertex 1.88309 7.59878 0
      vertex 1.84776 7.69037 4
      vertex 1.84776 7.69037 0
    endloop
  endfacet
  facet normal -0.932993 -0.359894 0
    outer loop
      vertex 1.84776 7.69037 4
      vertex 1.88309 7.59878 0
      vertex 1.88309 7.59878 4
    endloop
  endfacet
  facet normal 0.0735505 0.997291 -0
    outer loop
      vertex -0.098135 4.92741 0
      vertex -0.196033 4.93463 4
      vertex -0.098135 4.92741 4
    endloop
  endfacet
  facet normal 0.0735505 0.997291 0
    outer loop
      vertex -0.196033 4.93463 4
      vertex -0.098135 4.92741 0
      vertex -0.196033 4.93463 0
    endloop
  endfacet
  facet normal 0.975698 0.219119 0
    outer loop
      vertex -1.94006 6.43904 4
      vertex -1.96157 6.53482 0
      vertex -1.96157 6.53482 4
    endloop
  endfacet
  facet normal 0.975698 0.219119 0
    outer loop
      vertex -1.96157 6.53482 0
      vertex -1.94006 6.43904 4
      vertex -1.94006 6.43904 0
    endloop
  endfacet
  facet normal -0.844859 0.534989 0
    outer loop
      vertex 1.66294 5.81386 0
      vertex 1.71546 5.8968 4
      vertex 1.71546 5.8968 0
    endloop
  endfacet
  facet normal -0.844859 0.534989 0
    outer loop
      vertex 1.71546 5.8968 4
      vertex 1.66294 5.81386 0
      vertex 1.66294 5.81386 4
    endloop
  endfacet
  facet normal -0.122445 0.992475 0
    outer loop
      vertex 0.293461 4.94665 0
      vertex 0.196033 4.93463 4
      vertex 0.293461 4.94665 4
    endloop
  endfacet
  facet normal -0.122445 0.992475 0
    outer loop
      vertex 0.196033 4.93463 4
      vertex 0.293461 4.94665 0
      vertex 0.196033 4.93463 0
    endloop
  endfacet
  facet normal -0.492879 0.870098 0
    outer loop
      vertex 1.0282 5.20954 0
      vertex 0.942793 5.16116 4
      vertex 1.0282 5.20954 4
    endloop
  endfacet
  facet normal -0.492879 0.870098 0
    outer loop
      vertex 0.942793 5.16116 4
      vertex 1.0282 5.20954 0
      vertex 0.942793 5.16116 0
    endloop
  endfacet
  facet normal 0.84483 -0.535035 0
    outer loop
      vertex -1.71546 7.95321 4
      vertex -1.66294 8.03614 0
      vertex -1.66294 8.03614 4
    endloop
  endfacet
  facet normal 0.84483 -0.535035 0
    outer loop
      vertex -1.66294 8.03614 0
      vertex -1.71546 7.95321 4
      vertex -1.71546 7.95321 0
    endloop
  endfacet
  facet normal 0.914206 0.40525 0
    outer loop
      vertex -1.80798 6.06989 4
      vertex -1.84776 6.15963 0
      vertex -1.84776 6.15963 4
    endloop
  endfacet
  facet normal 0.914206 0.40525 0
    outer loop
      vertex -1.84776 6.15963 0
      vertex -1.80798 6.06989 4
      vertex -1.80798 6.06989 0
    endloop
  endfacet
  facet normal -0.313659 0.949536 0
    outer loop
      vertex 0.673779 5.04191 0
      vertex 0.580569 5.01112 4
      vertex 0.673779 5.04191 4
    endloop
  endfacet
  facet normal -0.313659 0.949536 0
    outer loop
      vertex 0.580569 5.01112 4
      vertex 0.673779 5.04191 0
      vertex 0.580569 5.01112 0
    endloop
  endfacet
  facet normal -0.449645 0.893208 0
    outer loop
      vertex 0.942793 5.16116 0
      vertex 0.85511 5.11702 4
      vertex 0.942793 5.16116 4
    endloop
  endfacet
  facet normal -0.449645 0.893208 0
    outer loop
      vertex 0.85511 5.11702 4
      vertex 0.942793 5.16116 0
      vertex 0.85511 5.11702 0
    endloop
  endfacet
  facet normal -0.405238 0.914211 0
    outer loop
      vertex 0.85511 5.11702 0
      vertex 0.765367 5.07724 4
      vertex 0.85511 5.11702 4
    endloop
  endfacet
  facet normal -0.405238 0.914211 0
    outer loop
      vertex 0.765367 5.07724 4
      vertex 0.85511 5.11702 0
      vertex 0.765367 5.07724 0
    endloop
  endfacet
  facet normal 0.975698 -0.219119 0
    outer loop
      vertex -1.96157 7.31518 4
      vertex -1.94006 7.41096 0
      vertex -1.94006 7.41096 4
    endloop
  endfacet
  facet normal 0.975698 -0.219119 0
    outer loop
      vertex -1.94006 7.41096 0
      vertex -1.96157 7.31518 4
      vertex -1.96157 7.31518 0
    endloop
  endfacet
  facet normal -0.219122 0.975698 0
    outer loop
      vertex 0.48596 4.98494 0
      vertex 0.390181 4.96343 4
      vertex 0.48596 4.98494 4
    endloop
  endfacet
  facet normal -0.219122 0.975698 0
    outer loop
      vertex 0.390181 4.96343 4
      vertex 0.48596 4.98494 0
      vertex 0.390181 4.96343 0
    endloop
  endfacet
  facet normal -0.689576 -0.724213 0
    outer loop
      vertex 1.34312 8.4069 0
      vertex 1.41421 8.33921 4
      vertex 1.34312 8.4069 4
    endloop
  endfacet
  facet normal -0.689576 -0.724213 -0
    outer loop
      vertex 1.41421 8.33921 4
      vertex 1.34312 8.4069 0
      vertex 1.41421 8.33921 0
    endloop
  endfacet
  facet normal 0.575839 -0.817563 0
    outer loop
      vertex -1.1914 8.53141 0
      vertex -1.11114 8.58794 4
      vertex -1.1914 8.53141 4
    endloop
  endfacet
  facet normal 0.575839 -0.817563 0
    outer loop
      vertex -1.11114 8.58794 4
      vertex -1.1914 8.53141 0
      vertex -1.11114 8.58794 0
    endloop
  endfacet
  facet normal 0.724213 -0.689576 0
    outer loop
      vertex -1.4819 8.26812 4
      vertex -1.41421 8.33921 0
      vertex -1.41421 8.33921 4
    endloop
  endfacet
  facet normal 0.724213 -0.689576 0
    outer loop
      vertex -1.41421 8.33921 0
      vertex -1.4819 8.26812 4
      vertex -1.4819 8.26812 0
    endloop
  endfacet
  facet normal -0.985282 0.170937 0
    outer loop
      vertex 1.96157 6.53482 0
      vertex 1.97835 6.63154 4
      vertex 1.97835 6.63154 0
    endloop
  endfacet
  facet normal -0.985282 0.170937 0
    outer loop
      vertex 1.97835 6.63154 4
      vertex 1.96157 6.53482 0
      vertex 1.96157 6.53482 4
    endloop
  endfacet
  facet normal 0.219122 0.975698 -0
    outer loop
      vertex -0.390181 4.96343 0
      vertex -0.48596 4.98494 4
      vertex -0.390181 4.96343 4
    endloop
  endfacet
  facet normal 0.219122 0.975698 0
    outer loop
      vertex -0.48596 4.98494 4
      vertex -0.390181 4.96343 0
      vertex -0.48596 4.98494 0
    endloop
  endfacet
  facet normal -0.3599 0.932991 0
    outer loop
      vertex 0.765367 5.07724 0
      vertex 0.673779 5.04191 4
      vertex 0.765367 5.07724 4
    endloop
  endfacet
  facet normal -0.3599 0.932991 0
    outer loop
      vertex 0.673779 5.04191 4
      vertex 0.765367 5.07724 0
      vertex 0.673779 5.04191 0
    endloop
  endfacet
  facet normal 0.615195 -0.788375 0
    outer loop
      vertex -1.26879 8.47102 0
      vertex -1.1914 8.53141 4
      vertex -1.26879 8.47102 4
    endloop
  endfacet
  facet normal 0.615195 -0.788375 0
    outer loop
      vertex -1.1914 8.53141 4
      vertex -1.26879 8.47102 0
      vertex -1.1914 8.53141 0
    endloop
  endfacet
  facet normal 0.534989 -0.844859 0
    outer loop
      vertex -1.11114 8.58794 0
      vertex -1.0282 8.64046 4
      vertex -1.11114 8.58794 4
    endloop
  endfacet
  facet normal 0.534989 -0.844859 0
    outer loop
      vertex -1.0282 8.64046 4
      vertex -1.11114 8.58794 0
      vertex -1.0282 8.64046 0
    endloop
  endfacet
  facet normal 0.963782 -0.266693 0
    outer loop
      vertex -1.94006 7.41096 4
      vertex -1.91388 7.50557 0
      vertex -1.91388 7.50557 4
    endloop
  endfacet
  facet normal 0.963782 -0.266693 0
    outer loop
      vertex -1.91388 7.50557 0
      vertex -1.94006 7.41096 4
      vertex -1.94006 7.41096 0
    endloop
  endfacet
  facet normal 0.534989 0.844859 -0
    outer loop
      vertex -1.0282 5.20954 0
      vertex -1.11114 5.26206 4
      vertex -1.0282 5.20954 4
    endloop
  endfacet
  facet normal 0.534989 0.844859 0
    outer loop
      vertex -1.11114 5.26206 4
      vertex -1.0282 5.20954 0
      vertex -1.11114 5.26206 0
    endloop
  endfacet
  facet normal 0.997291 -0.0735565 0
    outer loop
      vertex -1.99759 7.02314 4
      vertex -1.99037 7.12103 0
      vertex -1.99037 7.12103 4
    endloop
  endfacet
  facet normal 0.997291 -0.0735565 0
    outer loop
      vertex -1.99037 7.12103 0
      vertex -1.99759 7.02314 4
      vertex -1.99759 7.02314 0
    endloop
  endfacet
  facet normal 0.985282 -0.170937 0
    outer loop
      vertex -1.97835 7.21846 4
      vertex -1.96157 7.31518 0
      vertex -1.96157 7.31518 4
    endloop
  endfacet
  facet normal 0.985282 -0.170937 0
    outer loop
      vertex -1.96157 7.31518 0
      vertex -1.97835 7.21846 4
      vertex -1.97835 7.21846 0
    endloop
  endfacet
  facet normal 0.170937 0.985282 -0
    outer loop
      vertex -0.293461 4.94665 0
      vertex -0.390181 4.96343 4
      vertex -0.293461 4.94665 4
    endloop
  endfacet
  facet normal 0.170937 0.985282 0
    outer loop
      vertex -0.390181 4.96343 4
      vertex -0.293461 4.94665 0
      vertex -0.390181 4.96343 0
    endloop
  endfacet
  facet normal 0.266695 -0.963781 0
    outer loop
      vertex -0.580569 8.83888 0
      vertex -0.48596 8.86506 4
      vertex -0.580569 8.83888 4
    endloop
  endfacet
  facet normal 0.266695 -0.963781 0
    outer loop
      vertex -0.48596 8.86506 4
      vertex -0.580569 8.83888 0
      vertex -0.48596 8.86506 0
    endloop
  endfacet
  facet normal 0.788375 0.615195 0
    outer loop
      vertex -1.54602 5.65621 4
      vertex -1.60641 5.7336 0
      vertex -1.60641 5.7336 4
    endloop
  endfacet
  facet normal 0.788375 0.615195 0
    outer loop
      vertex -1.60641 5.7336 0
      vertex -1.54602 5.65621 4
      vertex -1.54602 5.65621 0
    endloop
  endfacet
  facet normal -0.170937 -0.985282 0
    outer loop
      vertex 0.293461 8.90335 0
      vertex 0.390181 8.88657 4
      vertex 0.293461 8.90335 4
    endloop
  endfacet
  facet normal -0.170937 -0.985282 -0
    outer loop
      vertex 0.390181 8.88657 4
      vertex 0.293461 8.90335 0
      vertex 0.390181 8.88657 0
    endloop
  endfacet
  facet normal 0.914206 -0.40525 0
    outer loop
      vertex -1.84776 7.69037 4
      vertex -1.80798 7.78011 0
      vertex -1.80798 7.78011 4
    endloop
  endfacet
  facet normal 0.914206 -0.40525 0
    outer loop
      vertex -1.80798 7.78011 0
      vertex -1.84776 7.69037 4
      vertex -1.84776 7.69037 0
    endloop
  endfacet
  facet normal -0.266695 -0.963781 0
    outer loop
      vertex 0.48596 8.86506 0
      vertex 0.580569 8.83888 4
      vertex 0.48596 8.86506 4
    endloop
  endfacet
  facet normal -0.266695 -0.963781 -0
    outer loop
      vertex 0.580569 8.83888 4
      vertex 0.48596 8.86506 0
      vertex 0.580569 8.83888 0
    endloop
  endfacet
  facet normal 0.449645 0.893208 -0
    outer loop
      vertex -0.85511 5.11702 0
      vertex -0.942793 5.16116 4
      vertex -0.85511 5.11702 4
    endloop
  endfacet
  facet normal 0.449645 0.893208 0
    outer loop
      vertex -0.942793 5.16116 4
      vertex -0.85511 5.11702 0
      vertex -0.942793 5.16116 0
    endloop
  endfacet
  facet normal 0.615195 0.788375 -0
    outer loop
      vertex -1.1914 5.31859 0
      vertex -1.26879 5.37898 4
      vertex -1.1914 5.31859 4
    endloop
  endfacet
  facet normal 0.615195 0.788375 0
    outer loop
      vertex -1.26879 5.37898 4
      vertex -1.1914 5.31859 0
      vertex -1.26879 5.37898 0
    endloop
  endfacet
  facet normal -0.757196 -0.653187 0
    outer loop
      vertex 1.54602 8.19379 0
      vertex 1.4819 8.26812 4
      vertex 1.4819 8.26812 0
    endloop
  endfacet
  facet normal -0.757196 -0.653187 0
    outer loop
      vertex 1.4819 8.26812 4
      vertex 1.54602 8.19379 0
      vertex 1.54602 8.19379 4
    endloop
  endfacet
  facet normal 0.963782 0.266693 0
    outer loop
      vertex -1.91388 6.34443 4
      vertex -1.94006 6.43904 0
      vertex -1.94006 6.43904 4
    endloop
  endfacet
  facet normal 0.963782 0.266693 0
    outer loop
      vertex -1.94006 6.43904 0
      vertex -1.91388 6.34443 4
      vertex -1.91388 6.34443 0
    endloop
  endfacet
  facet normal -0.932993 0.359894 0
    outer loop
      vertex 1.84776 6.15963 0
      vertex 1.88309 6.25122 4
      vertex 1.88309 6.25122 0
    endloop
  endfacet
  facet normal -0.932993 0.359894 0
    outer loop
      vertex 1.88309 6.25122 4
      vertex 1.84776 6.15963 0
      vertex 1.84776 6.15963 4
    endloop
  endfacet
  facet normal 0.405238 -0.914211 0
    outer loop
      vertex -0.85511 8.73298 0
      vertex -0.765367 8.77276 4
      vertex -0.85511 8.73298 4
    endloop
  endfacet
  facet normal 0.405238 -0.914211 0
    outer loop
      vertex -0.765367 8.77276 4
      vertex -0.85511 8.73298 0
      vertex -0.765367 8.77276 0
    endloop
  endfacet
  facet normal 0.575839 0.817563 -0
    outer loop
      vertex -1.11114 5.26206 0
      vertex -1.1914 5.31859 4
      vertex -1.11114 5.26206 4
    endloop
  endfacet
  facet normal 0.575839 0.817563 0
    outer loop
      vertex -1.1914 5.31859 4
      vertex -1.11114 5.26206 0
      vertex -1.1914 5.31859 0
    endloop
  endfacet
  facet normal 0.893201 0.449657 0
    outer loop
      vertex -1.76384 5.98221 4
      vertex -1.80798 6.06989 0
      vertex -1.80798 6.06989 4
    endloop
  endfacet
  facet normal 0.893201 0.449657 0
    outer loop
      vertex -1.80798 6.06989 0
      vertex -1.76384 5.98221 4
      vertex -1.76384 5.98221 0
    endloop
  endfacet
  facet normal 0.870062 0.492943 0
    outer loop
      vertex -5.68245 -10.3309 12
      vertex -5.84273 -10.048 4
      vertex -5.84273 -10.048 12
    endloop
  endfacet
  facet normal 0.870062 0.492943 0
    outer loop
      vertex -5.84273 -10.048 4
      vertex -5.68245 -10.3309 12
      vertex -5.68245 -10.3309 4
    endloop
  endfacet
  facet normal -0.997291 -0.0735613 0
    outer loop
      vertex 6.61702 -6.59993 4
      vertex 6.5931 -6.27564 12
      vertex 6.5931 -6.27564 4
    endloop
  endfacet
  facet normal -0.997291 -0.0735613 0
    outer loop
      vertex 6.5931 -6.27564 12
      vertex 6.61702 -6.59993 4
      vertex 6.61702 -6.59993 12
    endloop
  endfacet
  facet normal -0.999699 -0.0245412 0
    outer loop
      vertex 6.625 -6.925 4
      vertex 6.61702 -6.59993 12
      vertex 6.61702 -6.59993 4
    endloop
  endfacet
  facet normal -0.999699 -0.0245412 0
    outer loop
      vertex 6.61702 -6.59993 12
      vertex 6.625 -6.925 4
      vertex 6.625 -6.925 12
    endloop
  endfacet
  facet normal -0.992478 -0.122426 0
    outer loop
      vertex 6.5931 -6.27564 4
      vertex 6.55329 -5.95291 12
      vertex 6.55329 -5.95291 4
    endloop
  endfacet
  facet normal -0.992478 -0.122426 0
    outer loop
      vertex 6.55329 -5.95291 12
      vertex 6.5931 -6.27564 4
      vertex 6.5931 -6.27564 12
    endloop
  endfacet
  facet normal 0.313689 0.949526 -0
    outer loop
      vertex -1.92314 -13.2647 4
      vertex -2.23189 -13.1627 12
      vertex -1.92314 -13.2647 12
    endloop
  endfacet
  facet normal 0.313689 0.949526 0
    outer loop
      vertex -2.23189 -13.1627 12
      vertex -1.92314 -13.2647 4
      vertex -2.23189 -13.1627 4
    endloop
  endfacet
  facet normal 0.985275 -0.170979 0
    outer loop
      vertex -6.4977 -5.63253 12
      vertex -6.50507 -5.675 10
      vertex -6.4977 -5.63253 4
    endloop
  endfacet
  facet normal 0.985395 -0.170286 -1.51575e-05
    outer loop
      vertex -6.4977 -5.63253 12
      vertex -6.50533 -5.67651 10.0613
      vertex -6.50507 -5.675 10
    endloop
  endfacet
  facet normal 0.985069 -0.172162 2.86774e-05
    outer loop
      vertex -6.4977 -5.63253 12
      vertex -6.50612 -5.68102 10.1225
      vertex -6.50533 -5.67651 10.0613
    endloop
  endfacet
  facet normal 0.985331 -0.170656 -1.13943e-05
    outer loop
      vertex -6.4977 -5.63253 12
      vertex -6.50742 -5.68853 10.1834
      vertex -6.50612 -5.68102 10.1225
    endloop
  endfacet
  facet normal 0.985279 -0.170955 -1.87888e-06
    outer loop
      vertex -6.4977 -5.63253 12
      vertex -6.50924 -5.69902 10.2439
      vertex -6.50742 -5.68853 10.1834
    endloop
  endfacet
  facet normal 0.985298 -0.170842 -6.28448e-06
    outer loop
      vertex -6.4977 -5.63253 12
      vertex -6.51157 -5.71246 10.3037
      vertex -6.50924 -5.69902 10.2439
    endloop
  endfacet
  facet normal 0.985266 -0.171027 2.66917e-06
    outer loop
      vertex -6.4977 -5.63253 12
      vertex -6.51441 -5.72882 10.3629
      vertex -6.51157 -5.71246 10.3037
    endloop
  endfacet
  facet normal 0.985279 -0.170957 -1.56346e-06
    outer loop
      vertex -6.4977 -5.63253 12
      vertex -6.51775 -5.74807 10.4211
      vertex -6.51441 -5.72882 10.3629
    endloop
  endfacet
  facet normal 0.985285 -0.170919 -4.41308e-06
    outer loop
      vertex -6.4977 -5.63253 12
      vertex -6.52158 -5.77015 10.4784
      vertex -6.51775 -5.74807 10.4211
    endloop
  endfacet
  facet normal 0.985242 -0.171167 1.8643e-05
    outer loop
      vertex -6.4977 -5.63253 12
      vertex -6.5259 -5.79501 10.5344
      vertex -6.52158 -5.77015 10.4784
    endloop
  endfacet
  facet normal 0.985312 -0.170761 -2.76304e-05
    outer loop
      vertex -6.4977 -5.63253 12
      vertex -6.53068 -5.8226 10.5892
      vertex -6.5259 -5.79501 10.5344
    endloop
  endfacet
  facet normal 0.985265 -0.171035 1.03037e-05
    outer loop
      vertex -6.4977 -5.63253 12
      vertex -6.53593 -5.85284 10.6426
      vertex -6.53068 -5.8226 10.5892
    endloop
  endfacet
  facet normal 0.985256 -0.171085 1.86267e-05
    outer loop
      vertex -6.4977 -5.63253 12
      vertex -6.54163 -5.88566 10.6945
      vertex -6.53593 -5.85284 10.6426
    endloop
  endfacet
  facet normal 0.985278 -0.170961 -6.03179e-06
    outer loop
      vertex -6.4977 -5.63253 12
      vertex -6.54776 -5.92099 10.7446
      vertex -6.54163 -5.88566 10.6945
    endloop
  endfacet
  facet normal 0.985278 -0.170958 0
    outer loop
      vertex -6.55329 -5.95291 10.7855
      vertex -6.4977 -5.63253 12
      vertex -6.55329 -5.95291 12
    endloop
  endfacet
  facet normal 0.985311 -0.170767 -5.18847e-05
    outer loop
      vertex -6.4977 -5.63253 12
      vertex -6.55329 -5.95291 10.7855
      vertex -6.54776 -5.92099 10.7446
    endloop
  endfacet
  facet normal 0.985448 -0.169977 7.30763e-06
    outer loop
      vertex -6.50533 -5.67651 9.93867
      vertex -6.4977 -5.63253 4
      vertex -6.50507 -5.675 10
    endloop
  endfacet
  facet normal 0.985028 -0.172393 -1.11254e-05
    outer loop
      vertex -6.50612 -5.68102 9.87748
      vertex -6.4977 -5.63253 4
      vertex -6.50533 -5.67651 9.93867
    endloop
  endfacet
  facet normal 0.985341 -0.170598 4.12612e-06
    outer loop
      vertex -6.50742 -5.68853 9.81659
      vertex -6.4977 -5.63253 4
      vertex -6.50612 -5.68102 9.87748
    endloop
  endfacet
  facet normal 0.98528 -0.170948 6.54801e-07
    outer loop
      vertex -6.50924 -5.69902 9.75614
      vertex -6.4977 -5.63253 4
      vertex -6.50742 -5.68853 9.81659
    endloop
  endfacet
  facet normal 0.985301 -0.170824 2.13066e-06
    outer loop
      vertex -6.51157 -5.71246 9.69627
      vertex -6.4977 -5.63253 4
      vertex -6.50924 -5.69902 9.75614
    endloop
  endfacet
  facet normal 0.985265 -0.171033 -8.85476e-07
    outer loop
      vertex -6.51441 -5.72882 9.63714
      vertex -6.4977 -5.63253 4
      vertex -6.51157 -5.71246 9.69627
    endloop
  endfacet
  facet normal 0.985279 -0.170954 5.08508e-07
    outer loop
      vertex -6.51775 -5.74807 9.57889
      vertex -6.4977 -5.63253 4
      vertex -6.51441 -5.72882 9.63714
    endloop
  endfacet
  facet normal 0.985286 -0.170912 1.41042e-06
    outer loop
      vertex -6.52158 -5.77015 9.52165
      vertex -6.4977 -5.63253 4
      vertex -6.51775 -5.74807 9.57889
    endloop
  endfacet
  facet normal 0.985237 -0.171195 -5.85486e-06
    outer loop
      vertex -6.5259 -5.79501 9.46556
      vertex -6.4977 -5.63253 4
      vertex -6.52158 -5.77015 9.52165
    endloop
  endfacet
  facet normal 0.985319 -0.170725 8.53653e-06
    outer loop
      vertex -6.53068 -5.8226 9.41075
      vertex -6.4977 -5.63253 4
      vertex -6.5259 -5.79501 9.46556
    endloop
  endfacet
  facet normal 0.985263 -0.171047 -3.13155e-06
    outer loop
      vertex -6.53593 -5.85284 9.35737
      vertex -6.4977 -5.63253 4
      vertex -6.53068 -5.8226 9.41075
    endloop
  endfacet
  facet normal 0.985253 -0.171105 -5.56905e-06
    outer loop
      vertex -6.54163 -5.88566 9.30554
      vertex -6.4977 -5.63253 4
      vertex -6.53593 -5.85284 9.35737
    endloop
  endfacet
  facet normal 0.985279 -0.170955 1.77225e-06
    outer loop
      vertex -6.54776 -5.92099 9.25538
      vertex -6.4977 -5.63253 4
      vertex -6.54163 -5.88566 9.30554
    endloop
  endfacet
  facet normal 0.985319 -0.170721 1.49889e-05
    outer loop
      vertex -6.55329 -5.95291 9.21447
      vertex -6.4977 -5.63253 4
      vertex -6.54776 -5.92099 9.25538
    endloop
  endfacet
  facet normal 0.985278 -0.170958 0
    outer loop
      vertex -6.4977 -5.63253 4
      vertex -6.55329 -5.95291 9.21447
      vertex -6.55329 -5.95291 4
    endloop
  endfacet
  facet normal -0.0734999 0.997295 0
    outer loop
      vertex 0.649364 -13.5181 4
      vertex 0.325073 -13.542 12
      vertex 0.649364 -13.5181 12
    endloop
  endfacet
  facet normal -0.0734999 0.997295 0
    outer loop
      vertex 0.325073 -13.542 12
      vertex 0.649364 -13.5181 4
      vertex 0.325073 -13.542 4
    endloop
  endfacet
  facet normal 0.932993 -0.359894 0
    outer loop
      vertex -6.23773 -4.69311 12
      vertex -6.1207 -4.38972 4
      vertex -6.1207 -4.38972 12
    endloop
  endfacet
  facet normal 0.932993 -0.359894 0
    outer loop
      vertex -6.1207 -4.38972 4
      vertex -6.23773 -4.69311 12
      vertex -6.23773 -4.69311 4
    endloop
  endfacet
  facet normal 0.0735641 -0.99729 0
    outer loop
      vertex -0.649364 -0.331901 4
      vertex -0.325073 -0.30798 12
      vertex -0.649364 -0.331901 12
    endloop
  endfacet
  facet normal 0.0735641 -0.99729 0
    outer loop
      vertex -0.325073 -0.30798 12
      vertex -0.649364 -0.331901 4
      vertex -0.325073 -0.30798 4
    endloop
  endfacet
  facet normal 0.975706 -0.219086 0
    outer loop
      vertex -6.4977 -5.63253 12
      vertex -6.42646 -5.31526 4
      vertex -6.42646 -5.31526 12
    endloop
  endfacet
  facet normal 0.975706 -0.219086 0
    outer loop
      vertex -6.42646 -5.31526 4
      vertex -6.4977 -5.63253 12
      vertex -6.4977 -5.63253 4
    endloop
  endfacet
  facet normal -0.492717 0.87019 0
    outer loop
      vertex 3.40593 -12.6075 4
      vertex 3.123 -12.7677 12
      vertex 3.40593 -12.6075 12
    endloop
  endfacet
  facet normal -0.492717 0.87019 0
    outer loop
      vertex 3.123 -12.7677 12
      vertex 3.40593 -12.6075 4
      vertex 3.123 -12.7677 4
    endloop
  endfacet
  facet normal -0.893225 -0.449611 0
    outer loop
      vertex 5.98893 -4.09245 4
      vertex 5.84273 -3.802 12
      vertex 5.84273 -3.802 4
    endloop
  endfacet
  facet normal -0.893225 -0.449611 0
    outer loop
      vertex 5.84273 -3.802 12
      vertex 5.98893 -4.09245 4
      vertex 5.98893 -4.09245 12
    endloop
  endfacet
  facet normal 0.219103 -0.975702 0
    outer loop
      vertex -1.60974 -0.498544 4
      vertex -1.29247 -0.427298 12
      vertex -1.60974 -0.498544 12
    endloop
  endfacet
  facet normal 0.219103 -0.975702 0
    outer loop
      vertex -1.29247 -0.427298 12
      vertex -1.60974 -0.498544 4
      vertex -1.29247 -0.427298 4
    endloop
  endfacet
  facet normal -0.975706 0.219086 0
    outer loop
      vertex 6.42646 -8.53474 4
      vertex 6.4977 -8.21747 12
      vertex 6.4977 -8.21747 4
    endloop
  endfacet
  facet normal -0.975706 0.219086 0
    outer loop
      vertex 6.4977 -8.21747 12
      vertex 6.42646 -8.53474 4
      vertex 6.42646 -8.53474 12
    endloop
  endfacet
  facet normal -0.949526 0.313689 0
    outer loop
      vertex 6.23773 -9.15689 4
      vertex 6.33973 -8.84814 12
      vertex 6.33973 -8.84814 4
    endloop
  endfacet
  facet normal -0.949526 0.313689 0
    outer loop
      vertex 6.33973 -8.84814 12
      vertex 6.23773 -9.15689 4
      vertex 6.23773 -9.15689 12
    endloop
  endfacet
  facet normal -0.949526 -0.313689 0
    outer loop
      vertex 6.33973 -5.00186 4
      vertex 6.23773 -4.69311 12
      vertex 6.23773 -4.69311 4
    endloop
  endfacet
  facet normal -0.949526 -0.313689 0
    outer loop
      vertex 6.23773 -4.69311 12
      vertex 6.33973 -5.00186 4
      vertex 6.33973 -5.00186 12
    endloop
  endfacet
  facet normal 0.689549 -0.724239 0
    outer loop
      vertex -4.68458 -2.24042 4
      vertex -4.44908 -2.0162 12
      vertex -4.68458 -2.24042 12
    endloop
  endfacet
  facet normal 0.689549 -0.724239 0
    outer loop
      vertex -4.44908 -2.0162 12
      vertex -4.68458 -2.24042 4
      vertex -4.44908 -2.0162 4
    endloop
  endfacet
  facet normal 0.949526 -0.313689 0
    outer loop
      vertex -6.33973 -5.00186 12
      vertex -6.23773 -4.69311 4
      vertex -6.23773 -4.69311 12
    endloop
  endfacet
  facet normal 0.949526 -0.313689 0
    outer loop
      vertex -6.23773 -4.69311 4
      vertex -6.33973 -5.00186 12
      vertex -6.33973 -5.00186 4
    endloop
  endfacet
  facet normal -0.893225 0.449611 0
    outer loop
      vertex 5.84273 -10.048 4
      vertex 5.98893 -9.75755 12
      vertex 5.98893 -9.75755 4
    endloop
  endfacet
  facet normal -0.893225 0.449611 0
    outer loop
      vertex 5.98893 -9.75755 12
      vertex 5.84273 -10.048 4
      vertex 5.84273 -10.048 12
    endloop
  endfacet
  facet normal -0.359814 0.933024 0
    outer loop
      vertex 2.53528 -13.0457 4
      vertex 2.23189 -13.1627 12
      vertex 2.53528 -13.0457 12
    endloop
  endfacet
  facet normal -0.359814 0.933024 0
    outer loop
      vertex 2.23189 -13.1627 12
      vertex 2.53528 -13.0457 4
      vertex 2.23189 -13.1627 4
    endloop
  endfacet
  facet normal 0.75721 -0.653171 0
    outer loop
      vertex -5.12119 -2.72214 12
      vertex -4.9088 -2.47592 4
      vertex -4.9088 -2.47592 12
    endloop
  endfacet
  facet normal 0.75721 -0.653171 0
    outer loop
      vertex -4.9088 -2.47592 4
      vertex -5.12119 -2.72214 12
      vertex -5.12119 -2.72214 4
    endloop
  endfacet
  facet normal 0.0734999 0.997295 -0
    outer loop
      vertex -0.325073 -13.542 4
      vertex -0.649364 -13.5181 12
      vertex -0.325073 -13.542 12
    endloop
  endfacet
  facet normal 0.0734999 0.997295 0
    outer loop
      vertex -0.649364 -13.5181 12
      vertex -0.325073 -13.542 4
      vertex -0.649364 -13.5181 4
    endloop
  endfacet
  facet normal -0.535075 0.844804 0
    outer loop
      vertex 3.68065 -12.4335 4
      vertex 3.40593 -12.6075 12
      vertex 3.68065 -12.4335 12
    endloop
  endfacet
  facet normal -0.535075 0.844804 0
    outer loop
      vertex 3.40593 -12.6075 12
      vertex 3.68065 -12.4335 4
      vertex 3.40593 -12.6075 4
    endloop
  endfacet
  facet normal -0.870084 -0.492903 0
    outer loop
      vertex 5.84273 -3.802 4
      vertex 5.68245 -3.51907 12
      vertex 5.68245 -3.51907 4
    endloop
  endfacet
  facet normal -0.870084 -0.492903 0
    outer loop
      vertex 5.68245 -3.51907 12
      vertex 5.84273 -3.802 4
      vertex 5.84273 -3.802 12
    endloop
  endfacet
  facet normal 0.653171 -0.75721 0
    outer loop
      vertex -4.44908 -2.0162 4
      vertex -4.20286 -1.80381 12
      vertex -4.44908 -2.0162 12
    endloop
  endfacet
  facet normal 0.653171 -0.75721 0
    outer loop
      vertex -4.20286 -1.80381 12
      vertex -4.44908 -2.0162 4
      vertex -4.20286 -1.80381 4
    endloop
  endfacet
  facet normal -0.963776 0.266714 0
    outer loop
      vertex 6.33973 -8.84814 4
      vertex 6.42646 -8.53474 12
      vertex 6.42646 -8.53474 4
    endloop
  endfacet
  facet normal -0.963776 0.266714 0
    outer loop
      vertex 6.42646 -8.53474 12
      vertex 6.33973 -8.84814 4
      vertex 6.33973 -8.84814 12
    endloop
  endfacet
  facet normal -0.615236 -0.788343 0
    outer loop
      vertex 3.94651 -1.60375 4
      vertex 4.20286 -1.80381 12
      vertex 3.94651 -1.60375 12
    endloop
  endfacet
  facet normal -0.615236 -0.788343 -0
    outer loop
      vertex 4.20286 -1.80381 12
      vertex 3.94651 -1.60375 4
      vertex 4.20286 -1.80381 4
    endloop
  endfacet
  facet normal -0.84486 -0.534988 0
    outer loop
      vertex 5.68245 -3.51907 4
      vertex 5.50849 -3.24435 12
      vertex 5.50849 -3.24435 4
    endloop
  endfacet
  facet normal -0.84486 -0.534988 0
    outer loop
      vertex 5.50849 -3.24435 12
      vertex 5.68245 -3.51907 4
      vertex 5.68245 -3.51907 12
    endloop
  endfacet
  facet normal 0.170964 -0.985277 0
    outer loop
      vertex -1.29247 -0.427298 4
      vertex -0.972089 -0.371706 12
      vertex -1.29247 -0.427298 12
    endloop
  endfacet
  facet normal 0.170964 -0.985277 0
    outer loop
      vertex -0.972089 -0.371706 12
      vertex -1.29247 -0.427298 4
      vertex -0.972089 -0.371706 4
    endloop
  endfacet
  facet normal -0.218968 0.975732 0
    outer loop
      vertex 1.60974 -13.3515 4
      vertex 1.29247 -13.4227 12
      vertex 1.60974 -13.3515 12
    endloop
  endfacet
  facet normal -0.218968 0.975732 0
    outer loop
      vertex 1.29247 -13.4227 12
      vertex 1.60974 -13.3515 4
      vertex 1.29247 -13.4227 4
    endloop
  endfacet
  facet normal -0.492903 -0.870084 0
    outer loop
      vertex 3.123 -1.08227 4
      vertex 3.40593 -1.24255 12
      vertex 3.123 -1.08227 12
    endloop
  endfacet
  facet normal -0.492903 -0.870084 -0
    outer loop
      vertex 3.40593 -1.24255 12
      vertex 3.123 -1.08227 4
      vertex 3.40593 -1.24255 4
    endloop
  endfacet
  facet normal 0.914211 -0.405239 0
    outer loop
      vertex -6.1207 -4.38972 12
      vertex -5.98893 -4.09245 4
      vertex -5.98893 -4.09245 12
    endloop
  endfacet
  facet normal 0.914211 -0.405239 0
    outer loop
      vertex -5.98893 -4.09245 4
      vertex -6.1207 -4.38972 12
      vertex -6.1207 -4.38972 4
    endloop
  endfacet
  facet normal 0.359814 0.933024 -0
    outer loop
      vertex -2.23189 -13.1627 4
      vertex -2.53528 -13.0457 12
      vertex -2.23189 -13.1627 12
    endloop
  endfacet
  facet normal 0.359814 0.933024 0
    outer loop
      vertex -2.53528 -13.0457 12
      vertex -2.23189 -13.1627 4
      vertex -2.53528 -13.0457 4
    endloop
  endfacet
  facet normal 0.963776 -0.266714 0
    outer loop
      vertex -6.42646 -5.31526 12
      vertex -6.33973 -5.00186 4
      vertex -6.33973 -5.00186 12
    endloop
  endfacet
  facet normal 0.963776 -0.266714 0
    outer loop
      vertex -6.33973 -5.00186 4
      vertex -6.42646 -5.31526 12
      vertex -6.42646 -5.31526 4
    endloop
  endfacet
  facet normal -0.724239 -0.689549 0
    outer loop
      vertex 4.9088 -2.47592 4
      vertex 4.68458 -2.24042 12
      vertex 4.68458 -2.24042 4
    endloop
  endfacet
  facet normal -0.724239 -0.689549 0
    outer loop
      vertex 4.68458 -2.24042 12
      vertex 4.9088 -2.47592 4
      vertex 4.9088 -2.47592 12
    endloop
  endfacet
  facet normal 0.405317 0.914176 -0
    outer loop
      vertex -2.53528 -13.0457 4
      vertex -2.83255 -12.9139 12
      vertex -2.53528 -13.0457 12
    endloop
  endfacet
  facet normal 0.405317 0.914176 0
    outer loop
      vertex -2.83255 -12.9139 12
      vertex -2.53528 -13.0457 4
      vertex -2.83255 -12.9139 4
    endloop
  endfacet
  facet normal -0.870062 0.492943 0
    outer loop
      vertex 5.68245 -10.3309 4
      vertex 5.84273 -10.048 12
      vertex 5.84273 -10.048 4
    endloop
  endfacet
  facet normal -0.870062 0.492943 0
    outer loop
      vertex 5.84273 -10.048 12
      vertex 5.68245 -10.3309 4
      vertex 5.68245 -10.3309 12
    endloop
  endfacet
  facet normal -0.992478 0.122426 0
    outer loop
      vertex 6.55329 -7.89709 4
      vertex 6.5931 -7.57436 12
      vertex 6.5931 -7.57436 4
    endloop
  endfacet
  facet normal -0.992478 0.122426 0
    outer loop
      vertex 6.5931 -7.57436 12
      vertex 6.55329 -7.89709 4
      vertex 6.55329 -7.89709 12
    endloop
  endfacet
  facet normal -0.653171 -0.75721 0
    outer loop
      vertex 4.20286 -1.80381 4
      vertex 4.44908 -2.0162 12
      vertex 4.20286 -1.80381 12
    endloop
  endfacet
  facet normal -0.653171 -0.75721 -0
    outer loop
      vertex 4.44908 -2.0162 12
      vertex 4.20286 -1.80381 4
      vertex 4.44908 -2.0162 4
    endloop
  endfacet
  facet normal 0.975706 0.219086 0
    outer loop
      vertex -6.42646 -8.53474 12
      vertex -6.4977 -8.21747 4
      vertex -6.4977 -8.21747 12
    endloop
  endfacet
  facet normal 0.975706 0.219086 0
    outer loop
      vertex -6.4977 -8.21747 4
      vertex -6.42646 -8.53474 12
      vertex -6.42646 -8.53474 4
    endloop
  endfacet
  facet normal 0.0245409 -0.999699 0
    outer loop
      vertex -0.325073 -0.30798 4
      vertex 0 -0.3 12
      vertex -0.325073 -0.30798 12
    endloop
  endfacet
  facet normal 0.0245409 -0.999699 0
    outer loop
      vertex 0 -0.3 12
      vertex -0.325073 -0.30798 4
      vertex 0 -0.3 4
    endloop
  endfacet
  facet normal -0.170988 0.985273 0
    outer loop
      vertex 1.29247 -13.4227 4
      vertex 0.972089 -13.4783 12
      vertex 1.29247 -13.4227 12
    endloop
  endfacet
  facet normal -0.170988 0.985273 0
    outer loop
      vertex 0.972089 -13.4783 12
      vertex 1.29247 -13.4227 4
      vertex 0.972089 -13.4783 4
    endloop
  endfacet
  facet normal 0.997286 0.0736274 -4.49813e-06
    outer loop
      vertex -6.5931 -7.57436 4
      vertex -6.61702 -7.25007 8.79337
      vertex -6.61423 -7.28786 8.80382
    endloop
  endfacet
  facet normal 0.997299 0.0734511 6.07283e-06
    outer loop
      vertex -6.5931 -7.57436 4
      vertex -6.61423 -7.28786 8.80382
      vertex -6.60994 -7.34611 8.82307
    endloop
  endfacet
  facet normal 0.997281 0.0736963 -5.5907e-06
    outer loop
      vertex -6.5931 -7.57436 4
      vertex -6.60994 -7.34611 8.82307
      vertex -6.60571 -7.40335 8.84515
    endloop
  endfacet
  facet normal 0.9973 0.0734345 3.69847e-06
    outer loop
      vertex -6.5931 -7.57436 4
      vertex -6.60571 -7.40335 8.84515
      vertex -6.60158 -7.45944 8.87001
    endloop
  endfacet
  facet normal 0.997281 0.0736895 -2.35275e-06
    outer loop
      vertex -6.5931 -7.57436 4
      vertex -6.60158 -7.45944 8.87001
      vertex -6.59753 -7.51425 8.8976
    endloop
  endfacet
  facet normal 0.997301 0.0734249 9.13382e-07
    outer loop
      vertex -6.5931 -7.57436 4
      vertex -6.59753 -7.51425 8.8976
      vertex -6.5936 -7.56763 8.92784
    endloop
  endfacet
  facet normal 0.997252 0.07409 -0
    outer loop
      vertex -6.5931 -7.57436 4
      vertex -6.5936 -7.56763 8.92784
      vertex -6.5931 -7.57436 8.9321
    endloop
  endfacet
  facet normal 0.997291 0.0735613 0
    outer loop
      vertex -6.61702 -7.25007 8.79337
      vertex -6.5931 -7.57436 4
      vertex -6.61702 -7.25007 4
    endloop
  endfacet
  facet normal 0.997286 0.0736287 0
    outer loop
      vertex -6.61702 -7.25007 12
      vertex -6.61423 -7.28786 11.1962
      vertex -6.61702 -7.25007 11.2066
    endloop
  endfacet
  facet normal 0.997291 0.0735613 3.18434e-06
    outer loop
      vertex -6.5931 -7.57436 12
      vertex -6.61423 -7.28786 11.1962
      vertex -6.61702 -7.25007 12
    endloop
  endfacet
  facet normal 0.997298 0.0734601 -3.30999e-05
    outer loop
      vertex -6.61423 -7.28786 11.1962
      vertex -6.5931 -7.57436 12
      vertex -6.60994 -7.34611 11.1769
    endloop
  endfacet
  facet normal 0.997281 0.0736868 3.01315e-05
    outer loop
      vertex -6.60994 -7.34611 11.1769
      vertex -6.5931 -7.57436 12
      vertex -6.60571 -7.40335 11.1548
    endloop
  endfacet
  facet normal 0.9973 0.0734416 -1.97651e-05
    outer loop
      vertex -6.60571 -7.40335 11.1548
      vertex -6.5931 -7.57436 12
      vertex -6.60158 -7.45944 11.13
    endloop
  endfacet
  facet normal 0.997282 0.0736845 1.24953e-05
    outer loop
      vertex -6.60158 -7.45944 11.13
      vertex -6.5931 -7.57436 12
      vertex -6.59753 -7.51425 11.1024
    endloop
  endfacet
  facet normal 0.997301 0.0734271 -4.83517e-06
    outer loop
      vertex -6.59753 -7.51425 11.1024
      vertex -6.5931 -7.57436 12
      vertex -6.5936 -7.56763 11.0722
    endloop
  endfacet
  facet normal 0.997252 0.07409 0
    outer loop
      vertex -6.5936 -7.56763 11.0722
      vertex -6.5931 -7.57436 12
      vertex -6.5931 -7.57436 11.0679
    endloop
  endfacet
  facet normal 0.757184 0.653202 0
    outer loop
      vertex -4.9088 -11.3741 12
      vertex -5.12119 -11.1279 4
      vertex -5.12119 -11.1279 12
    endloop
  endfacet
  facet normal 0.757184 0.653202 0
    outer loop
      vertex -5.12119 -11.1279 4
      vertex -4.9088 -11.3741 12
      vertex -4.9088 -11.3741 4
    endloop
  endfacet
  facet normal 0.615236 -0.788343 0
    outer loop
      vertex -4.20286 -1.80381 4
      vertex -3.94651 -1.60375 12
      vertex -4.20286 -1.80381 12
    endloop
  endfacet
  facet normal 0.615236 -0.788343 0
    outer loop
      vertex -3.94651 -1.60375 12
      vertex -4.20286 -1.80381 4
      vertex -3.94651 -1.60375 4
    endloop
  endfacet
  facet normal -0.0246024 0.999697 0
    outer loop
      vertex 0.325073 -13.542 4
      vertex 0 -13.55 12
      vertex 0.325073 -13.542 12
    endloop
  endfacet
  facet normal -0.0246024 0.999697 0
    outer loop
      vertex 0 -13.55 12
      vertex 0.325073 -13.542 4
      vertex 0 -13.55 4
    endloop
  endfacet
  facet normal -0.534988 -0.84486 0
    outer loop
      vertex 3.40593 -1.24255 4
      vertex 3.68065 -1.41651 12
      vertex 3.40593 -1.24255 12
    endloop
  endfacet
  facet normal -0.534988 -0.84486 -0
    outer loop
      vertex 3.68065 -1.41651 12
      vertex 3.40593 -1.24255 4
      vertex 3.68065 -1.41651 4
    endloop
  endfacet
  facet normal -0.997291 0.0735613 0
    outer loop
      vertex 6.5931 -7.57436 4
      vertex 6.61702 -7.25007 12
      vertex 6.61702 -7.25007 4
    endloop
  endfacet
  facet normal -0.997291 0.0735613 0
    outer loop
      vertex 6.61702 -7.25007 12
      vertex 6.5931 -7.57436 4
      vertex 6.5931 -7.57436 12
    endloop
  endfacet
  facet normal -0.914211 -0.405239 0
    outer loop
      vertex 6.1207 -4.38972 4
      vertex 5.98893 -4.09245 12
      vertex 5.98893 -4.09245 4
    endloop
  endfacet
  facet normal -0.914211 -0.405239 0
    outer loop
      vertex 5.98893 -4.09245 12
      vertex 6.1207 -4.38972 4
      vertex 6.1207 -4.38972 12
    endloop
  endfacet
  facet normal -0.914211 0.405239 0
    outer loop
      vertex 5.98893 -9.75755 4
      vertex 6.1207 -9.46028 12
      vertex 6.1207 -9.46028 4
    endloop
  endfacet
  facet normal -0.914211 0.405239 0
    outer loop
      vertex 6.1207 -9.46028 12
      vertex 5.98893 -9.75755 4
      vertex 5.98893 -9.75755 12
    endloop
  endfacet
  facet normal -0.788401 0.615162 0
    outer loop
      vertex 5.12119 -11.1279 4
      vertex 5.32125 -10.8715 12
      vertex 5.32125 -10.8715 4
    endloop
  endfacet
  facet normal -0.788401 0.615162 0
    outer loop
      vertex 5.32125 -10.8715 12
      vertex 5.12119 -11.1279 4
      vertex 5.12119 -11.1279 12
    endloop
  endfacet
  facet normal -0.757184 0.653202 0
    outer loop
      vertex 4.9088 -11.3741 4
      vertex 5.12119 -11.1279 12
      vertex 5.12119 -11.1279 4
    endloop
  endfacet
  facet normal -0.757184 0.653202 0
    outer loop
      vertex 5.12119 -11.1279 12
      vertex 4.9088 -11.3741 4
      vertex 4.9088 -11.3741 12
    endloop
  endfacet
  facet normal 0.313689 -0.949526 0
    outer loop
      vertex -2.23189 -0.687271 4
      vertex -1.92314 -0.585271 12
      vertex -2.23189 -0.687271 12
    endloop
  endfacet
  facet normal 0.313689 -0.949526 0
    outer loop
      vertex -1.92314 -0.585271 12
      vertex -2.23189 -0.687271 4
      vertex -1.92314 -0.585271 4
    endloop
  endfacet
  facet normal -0.405247 -0.914207 0
    outer loop
      vertex 2.53528 -0.804298 4
      vertex 2.83255 -0.936071 12
      vertex 2.53528 -0.804298 12
    endloop
  endfacet
  facet normal -0.405247 -0.914207 -0
    outer loop
      vertex 2.83255 -0.936071 12
      vertex 2.53528 -0.804298 4
      vertex 2.83255 -0.936071 4
    endloop
  endfacet
  facet normal -0.313689 0.949526 0
    outer loop
      vertex 2.23189 -13.1627 4
      vertex 1.92314 -13.2647 12
      vertex 2.23189 -13.1627 12
    endloop
  endfacet
  facet normal -0.313689 0.949526 0
    outer loop
      vertex 1.92314 -13.2647 12
      vertex 2.23189 -13.1627 4
      vertex 1.92314 -13.2647 4
    endloop
  endfacet
  facet normal -0.817523 0.575896 0
    outer loop
      vertex 5.32125 -10.8715 4
      vertex 5.50849 -10.6057 12
      vertex 5.50849 -10.6057 4
    endloop
  endfacet
  facet normal -0.817523 0.575896 0
    outer loop
      vertex 5.50849 -10.6057 12
      vertex 5.32125 -10.8715 4
      vertex 5.32125 -10.8715 12
    endloop
  endfacet
  facet normal -0.219103 -0.975702 0
    outer loop
      vertex 1.29247 -0.427298 4
      vertex 1.60974 -0.498544 12
      vertex 1.29247 -0.427298 12
    endloop
  endfacet
  facet normal -0.219103 -0.975702 -0
    outer loop
      vertex 1.60974 -0.498544 12
      vertex 1.29247 -0.427298 4
      vertex 1.60974 -0.498544 4
    endloop
  endfacet
  facet normal 0.999703 -0.0243602 0
    outer loop
      vertex -6.61754 -6.62127 8.78746
      vertex -6.61702 -6.59993 4
      vertex -6.61702 -6.59993 8.79337
    endloop
  endfacet
  facet normal 0.999699 -0.0245456 -8.27182e-07
    outer loop
      vertex -6.61901 -6.68114 8.77402
      vertex -6.61702 -6.59993 4
      vertex -6.61754 -6.62127 8.78746
    endloop
  endfacet
  facet normal 0.999696 -0.0246406 -2.44328e-06
    outer loop
      vertex -6.6205 -6.74159 8.76353
      vertex -6.61702 -6.59993 4
      vertex -6.61901 -6.68114 8.77402
    endloop
  endfacet
  facet normal 0.999701 -0.0244634 2.82896e-06
    outer loop
      vertex -6.62199 -6.80248 8.75602
      vertex -6.61702 -6.59993 4
      vertex -6.6205 -6.74159 8.76353
    endloop
  endfacet
  facet normal 0.9997 -0.0245105 8.20614e-07
    outer loop
      vertex -6.62349 -6.86366 8.7515
      vertex -6.61702 -6.59993 4
      vertex -6.62199 -6.80248 8.75602
    endloop
  endfacet
  facet normal 0.999697 -0.0246094 0
    outer loop
      vertex -6.625 -6.925 4
      vertex -6.62349 -6.86366 8.7515
      vertex -6.625 -6.925 8.75
    endloop
  endfacet
  facet normal 0.999699 -0.0245412 -8.81857e-07
    outer loop
      vertex -6.62349 -6.86366 8.7515
      vertex -6.625 -6.925 4
      vertex -6.61702 -6.59993 4
    endloop
  endfacet
  facet normal 0.999703 -0.0243602 0
    outer loop
      vertex -6.61702 -6.59993 12
      vertex -6.61754 -6.62127 11.2125
      vertex -6.61702 -6.59993 11.2066
    endloop
  endfacet
  facet normal 0.999699 -0.0245447 5.00316e-06
    outer loop
      vertex -6.61702 -6.59993 12
      vertex -6.61901 -6.68114 11.226
      vertex -6.61754 -6.62127 11.2125
    endloop
  endfacet
  facet normal 0.999696 -0.0246384 1.4844e-05
    outer loop
      vertex -6.61702 -6.59993 12
      vertex -6.6205 -6.74159 11.2365
      vertex -6.61901 -6.68114 11.226
    endloop
  endfacet
  facet normal 0.999701 -0.0244652 -1.7319e-05
    outer loop
      vertex -6.61702 -6.59993 12
      vertex -6.62199 -6.80248 11.244
      vertex -6.6205 -6.74159 11.2365
    endloop
  endfacet
  facet normal 0.999699 -0.0245412 3.0554e-06
    outer loop
      vertex -6.625 -6.925 12
      vertex -6.62199 -6.80248 11.244
      vertex -6.61702 -6.59993 12
    endloop
  endfacet
  facet normal 0.9997 -0.0245099 8.13309e-06
    outer loop
      vertex -6.62199 -6.80248 11.244
      vertex -6.625 -6.925 12
      vertex -6.62349 -6.86366 11.2485
    endloop
  endfacet
  facet normal 0.999697 -0.0246094 0
    outer loop
      vertex -6.62349 -6.86366 11.2485
      vertex -6.625 -6.925 12
      vertex -6.625 -6.925 11.25
    endloop
  endfacet
  facet normal 0.99246 -0.122568 0
    outer loop
      vertex -6.55401 -5.95874 9.20701
      vertex -6.55329 -5.95291 4
      vertex -6.55329 -5.95291 9.21447
    endloop
  endfacet
  facet normal 0.992456 -0.122602 -3.84791e-08
    outer loop
      vertex -6.55896 -5.99881 9.16055
      vertex -6.55329 -5.95291 4
      vertex -6.55401 -5.95874 9.20701
    endloop
  endfacet
  facet normal 0.992503 -0.122219 3.41685e-06
    outer loop
      vertex -6.56417 -6.04112 9.11612
      vertex -6.55329 -5.95291 4
      vertex -6.55896 -5.99881 9.16055
    endloop
  endfacet
  facet normal 0.992479 -0.122413 3.26472e-08
    outer loop
      vertex -6.56965 -6.08555 9.07381
      vertex -6.55329 -5.95291 4
      vertex -6.56417 -6.04112 9.11612
    endloop
  endfacet
  facet normal 0.99248 -0.122405 2.40457e-07
    outer loop
      vertex -6.57538 -6.13201 9.03374
      vertex -6.55329 -5.95291 4
      vertex -6.56965 -6.08555 9.07381
    endloop
  endfacet
  facet normal 0.99247 -0.122492 -2.90987e-06
    outer loop
      vertex -6.58135 -6.18038 8.99599
      vertex -6.55329 -5.95291 4
      vertex -6.57538 -6.13201 9.03374
    endloop
  endfacet
  facet normal 0.992472 -0.122475 -2.10939e-06
    outer loop
      vertex -6.58754 -6.23054 8.96066
      vertex -6.55329 -5.95291 4
      vertex -6.58135 -6.18038 8.99599
    endloop
  endfacet
  facet normal 0.992486 -0.122358 4.50797e-06
    outer loop
      vertex -6.5931 -6.27564 8.9321
      vertex -6.55329 -5.95291 4
      vertex -6.58754 -6.23054 8.96066
    endloop
  endfacet
  facet normal 0.992478 -0.122426 0
    outer loop
      vertex -6.55329 -5.95291 4
      vertex -6.5931 -6.27564 8.9321
      vertex -6.5931 -6.27564 4
    endloop
  endfacet
  facet normal 0.99246 -0.122568 0
    outer loop
      vertex -6.55329 -5.95291 12
      vertex -6.55401 -5.95874 10.793
      vertex -6.55329 -5.95291 10.7855
    endloop
  endfacet
  facet normal 0.992456 -0.122602 1.6529e-07
    outer loop
      vertex -6.55329 -5.95291 12
      vertex -6.55896 -5.99881 10.8394
      vertex -6.55401 -5.95874 10.793
    endloop
  endfacet
  facet normal 0.992502 -0.122231 -1.47223e-05
    outer loop
      vertex -6.55329 -5.95291 12
      vertex -6.56417 -6.04112 10.8839
      vertex -6.55896 -5.99881 10.8394
    endloop
  endfacet
  facet normal 0.992479 -0.122413 -1.41465e-07
    outer loop
      vertex -6.55329 -5.95291 12
      vertex -6.56965 -6.08555 10.9262
      vertex -6.56417 -6.04112 10.8839
    endloop
  endfacet
  facet normal 0.99248 -0.122405 -1.04987e-06
    outer loop
      vertex -6.55329 -5.95291 12
      vertex -6.57538 -6.13201 10.9663
      vertex -6.56965 -6.08555 10.9262
    endloop
  endfacet
  facet normal 0.99247 -0.122484 1.28308e-05
    outer loop
      vertex -6.55329 -5.95291 12
      vertex -6.58135 -6.18038 11.004
      vertex -6.57538 -6.13201 10.9663
    endloop
  endfacet
  facet normal 0.992472 -0.12247 9.40802e-06
    outer loop
      vertex -6.55329 -5.95291 12
      vertex -6.58754 -6.23054 11.0393
      vertex -6.58135 -6.18038 11.004
    endloop
  endfacet
  facet normal 0.992478 -0.122426 0
    outer loop
      vertex -6.5931 -6.27564 11.0679
      vertex -6.55329 -5.95291 12
      vertex -6.5931 -6.27564 12
    endloop
  endfacet
  facet normal 0.992485 -0.122368 -2.03694e-05
    outer loop
      vertex -6.55329 -5.95291 12
      vertex -6.5931 -6.27564 11.0679
      vertex -6.58754 -6.23054 11.0393
    endloop
  endfacet
  facet normal -0.932993 -0.359894 0
    outer loop
      vertex 6.23773 -4.69311 4
      vertex 6.1207 -4.38972 12
      vertex 6.1207 -4.38972 4
    endloop
  endfacet
  facet normal -0.932993 -0.359894 0
    outer loop
      vertex 6.1207 -4.38972 12
      vertex 6.23773 -4.69311 4
      vertex 6.23773 -4.69311 12
    endloop
  endfacet
  facet normal -0.817584 -0.575809 0
    outer loop
      vertex 5.50849 -3.24435 4
      vertex 5.32125 -2.97849 12
      vertex 5.32125 -2.97849 4
    endloop
  endfacet
  facet normal -0.817584 -0.575809 0
    outer loop
      vertex 5.32125 -2.97849 12
      vertex 5.50849 -3.24435 4
      vertex 5.50849 -3.24435 12
    endloop
  endfacet
  facet normal -0.170964 -0.985277 0
    outer loop
      vertex 0.972089 -0.371706 4
      vertex 1.29247 -0.427298 12
      vertex 0.972089 -0.371706 12
    endloop
  endfacet
  facet normal -0.170964 -0.985277 -0
    outer loop
      vertex 1.29247 -0.427298 12
      vertex 0.972089 -0.371706 4
      vertex 1.29247 -0.427298 4
    endloop
  endfacet
  facet normal 0.985278 0.170958 0
    outer loop
      vertex -6.4977 -8.21747 12
      vertex -6.55329 -7.89709 10.7855
      vertex -6.55329 -7.89709 12
    endloop
  endfacet
  facet normal 0.985311 0.170767 -5.18847e-05
    outer loop
      vertex -6.55329 -7.89709 10.7855
      vertex -6.4977 -8.21747 12
      vertex -6.54776 -7.92901 10.7446
    endloop
  endfacet
  facet normal 0.985278 0.170961 -6.03179e-06
    outer loop
      vertex -6.54776 -7.92901 10.7446
      vertex -6.4977 -8.21747 12
      vertex -6.54163 -7.96434 10.6945
    endloop
  endfacet
  facet normal 0.985256 0.171085 1.86267e-05
    outer loop
      vertex -6.54163 -7.96434 10.6945
      vertex -6.4977 -8.21747 12
      vertex -6.53593 -7.99716 10.6426
    endloop
  endfacet
  facet normal 0.985265 0.171035 1.03037e-05
    outer loop
      vertex -6.53593 -7.99716 10.6426
      vertex -6.4977 -8.21747 12
      vertex -6.53068 -8.0274 10.5892
    endloop
  endfacet
  facet normal 0.985312 0.170761 -2.76304e-05
    outer loop
      vertex -6.53068 -8.0274 10.5892
      vertex -6.4977 -8.21747 12
      vertex -6.5259 -8.05499 10.5344
    endloop
  endfacet
  facet normal 0.985242 0.171167 1.8643e-05
    outer loop
      vertex -6.5259 -8.05499 10.5344
      vertex -6.4977 -8.21747 12
      vertex -6.52158 -8.07985 10.4784
    endloop
  endfacet
  facet normal 0.985285 0.170919 -4.41308e-06
    outer loop
      vertex -6.52158 -8.07985 10.4784
      vertex -6.4977 -8.21747 12
      vertex -6.51775 -8.10193 10.4211
    endloop
  endfacet
  facet normal 0.985266 0.171028 3.76023e-06
    outer loop
      vertex -6.51775 -8.10193 10.4211
      vertex -6.4977 -8.21747 12
      vertex -6.51441 -8.12117 10.3629
    endloop
  endfacet
  facet normal 0.985281 0.17094 -1.53703e-06
    outer loop
      vertex -6.51441 -8.12117 10.3629
      vertex -6.4977 -8.21747 12
      vertex -6.51157 -8.13754 10.3037
    endloop
  endfacet
  facet normal 0.985298 0.170842 -6.28448e-06
    outer loop
      vertex -6.51157 -8.13754 10.3037
      vertex -6.4977 -8.21747 12
      vertex -6.50924 -8.15098 10.2439
    endloop
  endfacet
  facet normal 0.985395 0.170286 -1.51575e-05
    outer loop
      vertex -6.50533 -8.17349 10.0613
      vertex -6.4977 -8.21747 12
      vertex -6.50507 -8.175 10
    endloop
  endfacet
  facet normal 0.985069 0.172162 2.86774e-05
    outer loop
      vertex -6.50612 -8.16898 10.1225
      vertex -6.4977 -8.21747 12
      vertex -6.50533 -8.17349 10.0613
    endloop
  endfacet
  facet normal 0.985331 0.170656 -1.13943e-05
    outer loop
      vertex -6.50742 -8.16147 10.1834
      vertex -6.4977 -8.21747 12
      vertex -6.50612 -8.16898 10.1225
    endloop
  endfacet
  facet normal 0.985279 0.170955 -1.87888e-06
    outer loop
      vertex -6.50924 -8.15098 10.2439
      vertex -6.4977 -8.21747 12
      vertex -6.50742 -8.16147 10.1834
    endloop
  endfacet
  facet normal 0.985319 0.170721 1.49889e-05
    outer loop
      vertex -6.4977 -8.21747 4
      vertex -6.55329 -7.89709 9.21447
      vertex -6.54776 -7.92901 9.25538
    endloop
  endfacet
  facet normal 0.985279 0.170955 1.77225e-06
    outer loop
      vertex -6.4977 -8.21747 4
      vertex -6.54776 -7.92901 9.25538
      vertex -6.54163 -7.96434 9.30554
    endloop
  endfacet
  facet normal 0.985253 0.171105 -5.56905e-06
    outer loop
      vertex -6.4977 -8.21747 4
      vertex -6.54163 -7.96434 9.30554
      vertex -6.53593 -7.99716 9.35737
    endloop
  endfacet
  facet normal 0.985263 0.171047 -3.13155e-06
    outer loop
      vertex -6.4977 -8.21747 4
      vertex -6.53593 -7.99716 9.35737
      vertex -6.53068 -8.0274 9.41075
    endloop
  endfacet
  facet normal 0.985319 0.170725 8.53653e-06
    outer loop
      vertex -6.4977 -8.21747 4
      vertex -6.53068 -8.0274 9.41075
      vertex -6.5259 -8.05499 9.46556
    endloop
  endfacet
  facet normal 0.985237 0.171195 -5.85486e-06
    outer loop
      vertex -6.4977 -8.21747 4
      vertex -6.5259 -8.05499 9.46556
      vertex -6.52158 -8.07985 9.52165
    endloop
  endfacet
  facet normal 0.985286 0.170912 1.41042e-06
    outer loop
      vertex -6.4977 -8.21747 4
      vertex -6.52158 -8.07985 9.52165
      vertex -6.51775 -8.10193 9.57889
    endloop
  endfacet
  facet normal 0.985265 0.171035 -1.22307e-06
    outer loop
      vertex -6.4977 -8.21747 4
      vertex -6.51775 -8.10193 9.57889
      vertex -6.51441 -8.12117 9.63714
    endloop
  endfacet
  facet normal 0.985282 0.170937 5.09867e-07
    outer loop
      vertex -6.4977 -8.21747 4
      vertex -6.51441 -8.12117 9.63714
      vertex -6.51157 -8.13754 9.69627
    endloop
  endfacet
  facet normal 0.985301 0.170824 2.13066e-06
    outer loop
      vertex -6.4977 -8.21747 4
      vertex -6.51157 -8.13754 9.69627
      vertex -6.50924 -8.15098 9.75614
    endloop
  endfacet
  facet normal 0.98528 0.170948 6.54801e-07
    outer loop
      vertex -6.4977 -8.21747 4
      vertex -6.50924 -8.15098 9.75614
      vertex -6.50742 -8.16147 9.81659
    endloop
  endfacet
  facet normal 0.985341 0.170598 4.12612e-06
    outer loop
      vertex -6.4977 -8.21747 4
      vertex -6.50742 -8.16147 9.81659
      vertex -6.50612 -8.16898 9.87748
    endloop
  endfacet
  facet normal 0.985028 0.172393 -1.11254e-05
    outer loop
      vertex -6.4977 -8.21747 4
      vertex -6.50612 -8.16898 9.87748
      vertex -6.50533 -8.17349 9.93867
    endloop
  endfacet
  facet normal 0.985278 0.170958 0
    outer loop
      vertex -6.55329 -7.89709 9.21447
      vertex -6.4977 -8.21747 4
      vertex -6.55329 -7.89709 4
    endloop
  endfacet
  facet normal 0.985448 0.169977 7.30763e-06
    outer loop
      vertex -6.50507 -8.175 10
      vertex -6.4977 -8.21747 4
      vertex -6.50533 -8.17349 9.93867
    endloop
  endfacet
  facet normal 0.985275 0.170979 -0
    outer loop
      vertex -6.4977 -8.21747 4
      vertex -6.50507 -8.175 10
      vertex -6.4977 -8.21747 12
    endloop
  endfacet
  facet normal -0.689517 0.72427 0
    outer loop
      vertex 4.68458 -11.6096 4
      vertex 4.44908 -11.8338 12
      vertex 4.68458 -11.6096 12
    endloop
  endfacet
  facet normal -0.689517 0.72427 0
    outer loop
      vertex 4.44908 -11.8338 12
      vertex 4.68458 -11.6096 4
      vertex 4.44908 -11.8338 4
    endloop
  endfacet
  facet normal -0.788343 -0.615236 0
    outer loop
      vertex 5.32125 -2.97849 4
      vertex 5.12119 -2.72214 12
      vertex 5.12119 -2.72214 4
    endloop
  endfacet
  facet normal -0.788343 -0.615236 0
    outer loop
      vertex 5.12119 -2.72214 12
      vertex 5.32125 -2.97849 4
      vertex 5.32125 -2.97849 12
    endloop
  endfacet
  facet normal -0.449608 -0.893226 0
    outer loop
      vertex 2.83255 -0.936071 4
      vertex 3.123 -1.08227 12
      vertex 2.83255 -0.936071 12
    endloop
  endfacet
  facet normal -0.449608 -0.893226 -0
    outer loop
      vertex 3.123 -1.08227 12
      vertex 2.83255 -0.936071 4
      vertex 3.123 -1.08227 4
    endloop
  endfacet
  facet normal 0.122413 -0.992479 0
    outer loop
      vertex -0.972089 -0.371706 4
      vertex -0.649364 -0.331901 12
      vertex -0.972089 -0.371706 12
    endloop
  endfacet
  facet normal 0.122413 -0.992479 0
    outer loop
      vertex -0.649364 -0.331901 12
      vertex -0.972089 -0.371706 4
      vertex -0.649364 -0.331901 4
    endloop
  endfacet
  facet normal -0.932993 0.359894 0
    outer loop
      vertex 6.1207 -9.46028 4
      vertex 6.23773 -9.15689 12
      vertex 6.23773 -9.15689 4
    endloop
  endfacet
  facet normal -0.932993 0.359894 0
    outer loop
      vertex 6.23773 -9.15689 12
      vertex 6.1207 -9.46028 4
      vertex 6.1207 -9.46028 12
    endloop
  endfacet
  facet normal 0.84493 0.534877 0
    outer loop
      vertex -5.50849 -10.6057 12
      vertex -5.68245 -10.3309 4
      vertex -5.68245 -10.3309 12
    endloop
  endfacet
  facet normal 0.84493 0.534877 0
    outer loop
      vertex -5.68245 -10.3309 4
      vertex -5.50849 -10.6057 12
      vertex -5.50849 -10.6057 4
    endloop
  endfacet
  facet normal 0.932993 0.359894 0
    outer loop
      vertex -6.1207 -9.46028 12
      vertex -6.23773 -9.15689 4
      vertex -6.23773 -9.15689 12
    endloop
  endfacet
  facet normal 0.932993 0.359894 0
    outer loop
      vertex -6.23773 -9.15689 4
      vertex -6.1207 -9.46028 12
      vertex -6.1207 -9.46028 4
    endloop
  endfacet
  facet normal 0.615122 0.788432 -0
    outer loop
      vertex -3.94651 -12.2462 4
      vertex -4.20286 -12.0462 12
      vertex -3.94651 -12.2462 12
    endloop
  endfacet
  facet normal 0.615122 0.788432 0
    outer loop
      vertex -4.20286 -12.0462 12
      vertex -3.94651 -12.2462 4
      vertex -4.20286 -12.0462 4
    endloop
  endfacet
  facet normal 0.170988 0.985273 -0
    outer loop
      vertex -0.972089 -13.4783 4
      vertex -1.29247 -13.4227 12
      vertex -0.972089 -13.4783 12
    endloop
  endfacet
  facet normal 0.170988 0.985273 0
    outer loop
      vertex -1.29247 -13.4227 12
      vertex -0.972089 -13.4783 4
      vertex -1.29247 -13.4227 4
    endloop
  endfacet
  facet normal -0.985278 -0.170958 0
    outer loop
      vertex 6.55329 -5.95291 4
      vertex 6.4977 -5.63253 12
      vertex 6.4977 -5.63253 4
    endloop
  endfacet
  facet normal -0.985278 -0.170958 0
    outer loop
      vertex 6.4977 -5.63253 12
      vertex 6.55329 -5.95291 4
      vertex 6.55329 -5.95291 12
    endloop
  endfacet
  facet normal 0.999697 0.0246134 0
    outer loop
      vertex -6.62349 -6.98633 8.7515
      vertex -6.625 -6.925 4
      vertex -6.625 -6.925 8.75
    endloop
  endfacet
  facet normal 0.9997 0.0245065 9.90672e-07
    outer loop
      vertex -6.61702 -7.25007 4
      vertex -6.62349 -6.98633 8.7515
      vertex -6.62199 -7.04752 8.75602
    endloop
  endfacet
  facet normal 0.999701 0.0244634 2.82896e-06
    outer loop
      vertex -6.61702 -7.25007 4
      vertex -6.62199 -7.04752 8.75602
      vertex -6.6205 -7.10841 8.76353
    endloop
  endfacet
  facet normal 0.999696 0.0246406 -2.44328e-06
    outer loop
      vertex -6.61702 -7.25007 4
      vertex -6.6205 -7.10841 8.76353
      vertex -6.61901 -7.16886 8.77402
    endloop
  endfacet
  facet normal 0.999699 0.0245497 -8.96669e-07
    outer loop
      vertex -6.61702 -7.25007 4
      vertex -6.61901 -7.16886 8.77402
      vertex -6.61754 -7.22872 8.78746
    endloop
  endfacet
  facet normal 0.999704 0.0243488 -0
    outer loop
      vertex -6.61702 -7.25007 4
      vertex -6.61754 -7.22872 8.78746
      vertex -6.61702 -7.25007 8.79337
    endloop
  endfacet
  facet normal 0.999699 0.0245412 -9.33506e-07
    outer loop
      vertex -6.62349 -6.98633 8.7515
      vertex -6.61702 -7.25007 4
      vertex -6.625 -6.925 4
    endloop
  endfacet
  facet normal 0.999697 0.0246134 0
    outer loop
      vertex -6.625 -6.925 12
      vertex -6.62349 -6.98633 11.2485
      vertex -6.625 -6.925 11.25
    endloop
  endfacet
  facet normal 0.9997 0.0245058 8.79007e-06
    outer loop
      vertex -6.625 -6.925 12
      vertex -6.62199 -7.04752 11.244
      vertex -6.62349 -6.98633 11.2485
    endloop
  endfacet
  facet normal 0.999699 0.0245412 3.0554e-06
    outer loop
      vertex -6.61702 -7.25007 12
      vertex -6.62199 -7.04752 11.244
      vertex -6.625 -6.925 12
    endloop
  endfacet
  facet normal 0.999701 0.0244652 -1.7319e-05
    outer loop
      vertex -6.62199 -7.04752 11.244
      vertex -6.61702 -7.25007 12
      vertex -6.6205 -7.10841 11.2365
    endloop
  endfacet
  facet normal 0.999696 0.0246384 1.4844e-05
    outer loop
      vertex -6.6205 -7.10841 11.2365
      vertex -6.61702 -7.25007 12
      vertex -6.61901 -7.16886 11.226
    endloop
  endfacet
  facet normal 0.999699 0.0245487 5.42343e-06
    outer loop
      vertex -6.61901 -7.16886 11.226
      vertex -6.61702 -7.25007 12
      vertex -6.61754 -7.22872 11.2125
    endloop
  endfacet
  facet normal 0.999704 0.0243488 0
    outer loop
      vertex -6.61754 -7.22872 11.2125
      vertex -6.61702 -7.25007 12
      vertex -6.61702 -7.25007 11.2066
    endloop
  endfacet
  facet normal -0.266706 -0.963778 0
    outer loop
      vertex 1.60974 -0.498544 4
      vertex 1.92314 -0.585271 12
      vertex 1.60974 -0.498544 12
    endloop
  endfacet
  facet normal -0.266706 -0.963778 -0
    outer loop
      vertex 1.92314 -0.585271 12
      vertex 1.60974 -0.498544 4
      vertex 1.92314 -0.585271 4
    endloop
  endfacet
  facet normal -0.999699 0.0245412 0
    outer loop
      vertex 6.61702 -7.25007 4
      vertex 6.625 -6.925 12
      vertex 6.625 -6.925 4
    endloop
  endfacet
  facet normal -0.999699 0.0245412 0
    outer loop
      vertex 6.625 -6.925 12
      vertex 6.61702 -7.25007 4
      vertex 6.61702 -7.25007 12
    endloop
  endfacet
  facet normal 0.218968 0.975732 -0
    outer loop
      vertex -1.29247 -13.4227 4
      vertex -1.60974 -13.3515 12
      vertex -1.29247 -13.4227 12
    endloop
  endfacet
  facet normal 0.218968 0.975732 0
    outer loop
      vertex -1.60974 -13.3515 12
      vertex -1.29247 -13.4227 4
      vertex -1.60974 -13.3515 4
    endloop
  endfacet
  facet normal -0.724239 0.689549 0
    outer loop
      vertex 4.68458 -11.6096 4
      vertex 4.9088 -11.3741 12
      vertex 4.9088 -11.3741 4
    endloop
  endfacet
  facet normal -0.724239 0.689549 0
    outer loop
      vertex 4.9088 -11.3741 12
      vertex 4.68458 -11.6096 4
      vertex 4.68458 -11.6096 12
    endloop
  endfacet
  facet normal 0.992486 0.122358 4.50797e-06
    outer loop
      vertex -6.55329 -7.89709 4
      vertex -6.5931 -7.57436 8.9321
      vertex -6.58754 -7.61946 8.96066
    endloop
  endfacet
  facet normal 0.992472 0.122475 -2.10939e-06
    outer loop
      vertex -6.55329 -7.89709 4
      vertex -6.58754 -7.61946 8.96066
      vertex -6.58135 -7.66962 8.99599
    endloop
  endfacet
  facet normal 0.99247 0.122492 -2.90987e-06
    outer loop
      vertex -6.55329 -7.89709 4
      vertex -6.58135 -7.66962 8.99599
      vertex -6.57538 -7.71799 9.03374
    endloop
  endfacet
  facet normal 0.99248 0.122405 2.40457e-07
    outer loop
      vertex -6.55329 -7.89709 4
      vertex -6.57538 -7.71799 9.03374
      vertex -6.56965 -7.76445 9.07381
    endloop
  endfacet
  facet normal 0.992479 0.122413 3.26472e-08
    outer loop
      vertex -6.55329 -7.89709 4
      vertex -6.56965 -7.76445 9.07381
      vertex -6.56417 -7.80888 9.11612
    endloop
  endfacet
  facet normal 0.992503 0.122219 3.41685e-06
    outer loop
      vertex -6.55329 -7.89709 4
      vertex -6.56417 -7.80888 9.11612
      vertex -6.55896 -7.85119 9.16055
    endloop
  endfacet
  facet normal 0.992456 0.122602 -3.84791e-08
    outer loop
      vertex -6.55329 -7.89709 4
      vertex -6.55896 -7.85119 9.16055
      vertex -6.55401 -7.89126 9.20701
    endloop
  endfacet
  facet normal 0.99246 0.122568 -0
    outer loop
      vertex -6.55329 -7.89709 4
      vertex -6.55401 -7.89126 9.20701
      vertex -6.55329 -7.89709 9.21447
    endloop
  endfacet
  facet normal 0.992478 0.122426 0
    outer loop
      vertex -6.5931 -7.57436 8.9321
      vertex -6.55329 -7.89709 4
      vertex -6.5931 -7.57436 4
    endloop
  endfacet
  facet normal 0.992478 0.122426 0
    outer loop
      vertex -6.55329 -7.89709 12
      vertex -6.5931 -7.57436 11.0679
      vertex -6.5931 -7.57436 12
    endloop
  endfacet
  facet normal 0.992485 0.122368 -2.03694e-05
    outer loop
      vertex -6.5931 -7.57436 11.0679
      vertex -6.55329 -7.89709 12
      vertex -6.58754 -7.61946 11.0393
    endloop
  endfacet
  facet normal 0.992472 0.12247 9.40802e-06
    outer loop
      vertex -6.58754 -7.61946 11.0393
      vertex -6.55329 -7.89709 12
      vertex -6.58135 -7.66962 11.004
    endloop
  endfacet
  facet normal 0.99247 0.122484 1.28308e-05
    outer loop
      vertex -6.58135 -7.66962 11.004
      vertex -6.55329 -7.89709 12
      vertex -6.57538 -7.71799 10.9663
    endloop
  endfacet
  facet normal 0.99248 0.122405 -1.04987e-06
    outer loop
      vertex -6.57538 -7.71799 10.9663
      vertex -6.55329 -7.89709 12
      vertex -6.56965 -7.76445 10.9262
    endloop
  endfacet
  facet normal 0.992479 0.122413 -1.41465e-07
    outer loop
      vertex -6.56965 -7.76445 10.9262
      vertex -6.55329 -7.89709 12
      vertex -6.56417 -7.80888 10.8839
    endloop
  endfacet
  facet normal 0.992502 0.122231 -1.47223e-05
    outer loop
      vertex -6.56417 -7.80888 10.8839
      vertex -6.55329 -7.89709 12
      vertex -6.55896 -7.85119 10.8394
    endloop
  endfacet
  facet normal 0.992456 0.122602 1.6529e-07
    outer loop
      vertex -6.55896 -7.85119 10.8394
      vertex -6.55329 -7.89709 12
      vertex -6.55401 -7.89126 10.793
    endloop
  endfacet
  facet normal 0.99246 0.122568 0
    outer loop
      vertex -6.55401 -7.89126 10.793
      vertex -6.55329 -7.89709 12
      vertex -6.55329 -7.89709 10.7855
    endloop
  endfacet
  facet normal 0.359886 -0.932996 0
    outer loop
      vertex -2.53528 -0.804298 4
      vertex -2.23189 -0.687271 12
      vertex -2.53528 -0.804298 12
    endloop
  endfacet
  facet normal 0.359886 -0.932996 0
    outer loop
      vertex -2.23189 -0.687271 12
      vertex -2.53528 -0.804298 4
      vertex -2.23189 -0.687271 4
    endloop
  endfacet
  facet normal -0.689549 -0.724239 0
    outer loop
      vertex 4.44908 -2.0162 4
      vertex 4.68458 -2.24042 12
      vertex 4.44908 -2.0162 12
    endloop
  endfacet
  facet normal -0.689549 -0.724239 -0
    outer loop
      vertex 4.68458 -2.24042 12
      vertex 4.44908 -2.0162 4
      vertex 4.68458 -2.24042 4
    endloop
  endfacet
  facet normal -0.975706 -0.219086 0
    outer loop
      vertex 6.4977 -5.63253 4
      vertex 6.42646 -5.31526 12
      vertex 6.42646 -5.31526 4
    endloop
  endfacet
  facet normal -0.975706 -0.219086 0
    outer loop
      vertex 6.42646 -5.31526 12
      vertex 6.4977 -5.63253 4
      vertex 6.4977 -5.63253 12
    endloop
  endfacet
  facet normal -0.963776 -0.266714 0
    outer loop
      vertex 6.42646 -5.31526 4
      vertex 6.33973 -5.00186 12
      vertex 6.33973 -5.00186 4
    endloop
  endfacet
  facet normal -0.963776 -0.266714 0
    outer loop
      vertex 6.33973 -5.00186 12
      vertex 6.42646 -5.31526 4
      vertex 6.42646 -5.31526 12
    endloop
  endfacet
  facet normal 0.535075 0.844804 -0
    outer loop
      vertex -3.40593 -12.6075 4
      vertex -3.68065 -12.4335 12
      vertex -3.40593 -12.6075 12
    endloop
  endfacet
  facet normal 0.535075 0.844804 0
    outer loop
      vertex -3.68065 -12.4335 12
      vertex -3.40593 -12.6075 4
      vertex -3.68065 -12.4335 4
    endloop
  endfacet
  facet normal -0.575809 -0.817584 0
    outer loop
      vertex 3.68065 -1.41651 4
      vertex 3.94651 -1.60375 12
      vertex 3.68065 -1.41651 12
    endloop
  endfacet
  facet normal -0.575809 -0.817584 -0
    outer loop
      vertex 3.94651 -1.60375 12
      vertex 3.68065 -1.41651 4
      vertex 3.94651 -1.60375 4
    endloop
  endfacet
  facet normal 0.893225 -0.449611 0
    outer loop
      vertex -5.98893 -4.09245 12
      vertex -5.84273 -3.802 4
      vertex -5.84273 -3.802 12
    endloop
  endfacet
  facet normal 0.893225 -0.449611 0
    outer loop
      vertex -5.84273 -3.802 4
      vertex -5.98893 -4.09245 12
      vertex -5.98893 -4.09245 4
    endloop
  endfacet
  facet normal 0.724239 0.689549 0
    outer loop
      vertex -4.68458 -11.6096 12
      vertex -4.9088 -11.3741 4
      vertex -4.9088 -11.3741 12
    endloop
  endfacet
  facet normal 0.724239 0.689549 0
    outer loop
      vertex -4.9088 -11.3741 4
      vertex -4.68458 -11.6096 12
      vertex -4.68458 -11.6096 4
    endloop
  endfacet
  facet normal -0.122413 -0.992479 0
    outer loop
      vertex 0.649364 -0.331901 4
      vertex 0.972089 -0.371706 12
      vertex 0.649364 -0.331901 12
    endloop
  endfacet
  facet normal -0.122413 -0.992479 -0
    outer loop
      vertex 0.972089 -0.371706 12
      vertex 0.649364 -0.331901 4
      vertex 0.972089 -0.371706 4
    endloop
  endfacet
  facet normal 0.997252 -0.07409 0
    outer loop
      vertex -6.5936 -6.28237 8.92784
      vertex -6.5931 -6.27564 4
      vertex -6.5931 -6.27564 8.9321
    endloop
  endfacet
  facet normal 0.997301 -0.0734249 9.13382e-07
    outer loop
      vertex -6.59753 -6.33575 8.8976
      vertex -6.5931 -6.27564 4
      vertex -6.5936 -6.28237 8.92784
    endloop
  endfacet
  facet normal 0.997281 -0.0736895 -2.35275e-06
    outer loop
      vertex -6.60158 -6.39056 8.87001
      vertex -6.5931 -6.27564 4
      vertex -6.59753 -6.33575 8.8976
    endloop
  endfacet
  facet normal 0.997299 -0.0734474 3.39267e-06
    outer loop
      vertex -6.60571 -6.44664 8.84515
      vertex -6.5931 -6.27564 4
      vertex -6.60158 -6.39056 8.87001
    endloop
  endfacet
  facet normal 0.997282 -0.0736837 -4.99243e-06
    outer loop
      vertex -6.60994 -6.50389 8.82307
      vertex -6.5931 -6.27564 4
      vertex -6.60571 -6.44664 8.84515
    endloop
  endfacet
  facet normal 0.997299 -0.0734511 6.07283e-06
    outer loop
      vertex -6.61423 -6.56214 8.80382
      vertex -6.5931 -6.27564 4
      vertex -6.60994 -6.50389 8.82307
    endloop
  endfacet
  facet normal 0.997286 -0.0736274 -4.49813e-06
    outer loop
      vertex -6.61702 -6.59993 8.79337
      vertex -6.5931 -6.27564 4
      vertex -6.61423 -6.56214 8.80382
    endloop
  endfacet
  facet normal 0.997291 -0.0735613 0
    outer loop
      vertex -6.5931 -6.27564 4
      vertex -6.61702 -6.59993 8.79337
      vertex -6.61702 -6.59993 4
    endloop
  endfacet
  facet normal 0.997252 -0.07409 0
    outer loop
      vertex -6.5931 -6.27564 12
      vertex -6.5936 -6.28237 11.0722
      vertex -6.5931 -6.27564 11.0679
    endloop
  endfacet
  facet normal 0.997301 -0.0734271 -4.83517e-06
    outer loop
      vertex -6.5931 -6.27564 12
      vertex -6.59753 -6.33575 11.1024
      vertex -6.5936 -6.28237 11.0722
    endloop
  endfacet
  facet normal 0.997282 -0.0736845 1.24953e-05
    outer loop
      vertex -6.5931 -6.27564 12
      vertex -6.60158 -6.39056 11.13
      vertex -6.59753 -6.33575 11.1024
    endloop
  endfacet
  facet normal 0.997299 -0.0734539 -1.81307e-05
    outer loop
      vertex -6.5931 -6.27564 12
      vertex -6.60571 -6.44664 11.1548
      vertex -6.60158 -6.39056 11.13
    endloop
  endfacet
  facet normal 0.997282 -0.0736753 2.69074e-05
    outer loop
      vertex -6.5931 -6.27564 12
      vertex -6.60994 -6.50389 11.1769
      vertex -6.60571 -6.44664 11.1548
    endloop
  endfacet
  facet normal 0.997298 -0.0734601 -3.30999e-05
    outer loop
      vertex -6.5931 -6.27564 12
      vertex -6.61423 -6.56214 11.1962
      vertex -6.60994 -6.50389 11.1769
    endloop
  endfacet
  facet normal 0.997291 -0.0735613 3.18434e-06
    outer loop
      vertex -6.61702 -6.59993 12
      vertex -6.61423 -6.56214 11.1962
      vertex -6.5931 -6.27564 12
    endloop
  endfacet
  facet normal 0.997286 -0.0736287 0
    outer loop
      vertex -6.61423 -6.56214 11.1962
      vertex -6.61702 -6.59993 12
      vertex -6.61702 -6.59993 11.2066
    endloop
  endfacet
  facet normal -0.653189 0.757195 0
    outer loop
      vertex 4.44908 -11.8338 4
      vertex 4.20286 -12.0462 12
      vertex 4.44908 -11.8338 12
    endloop
  endfacet
  facet normal -0.653189 0.757195 0
    outer loop
      vertex 4.20286 -12.0462 12
      vertex 4.44908 -11.8338 4
      vertex 4.20286 -12.0462 4
    endloop
  endfacet
  facet normal 0.949526 0.313689 0
    outer loop
      vertex -6.23773 -9.15689 12
      vertex -6.33973 -8.84814 4
      vertex -6.33973 -8.84814 12
    endloop
  endfacet
  facet normal 0.949526 0.313689 0
    outer loop
      vertex -6.33973 -8.84814 4
      vertex -6.23773 -9.15689 12
      vertex -6.23773 -9.15689 4
    endloop
  endfacet
  facet normal 0.449611 0.893225 -0
    outer loop
      vertex -2.83255 -12.9139 4
      vertex -3.123 -12.7677 12
      vertex -2.83255 -12.9139 12
    endloop
  endfacet
  facet normal 0.449611 0.893225 0
    outer loop
      vertex -3.123 -12.7677 12
      vertex -2.83255 -12.9139 4
      vertex -3.123 -12.7677 4
    endloop
  endfacet
  facet normal -0.359886 -0.932996 0
    outer loop
      vertex 2.23189 -0.687271 4
      vertex 2.53528 -0.804298 12
      vertex 2.23189 -0.687271 12
    endloop
  endfacet
  facet normal -0.359886 -0.932996 -0
    outer loop
      vertex 2.53528 -0.804298 12
      vertex 2.23189 -0.687271 4
      vertex 2.53528 -0.804298 4
    endloop
  endfacet
  facet normal -0.313689 -0.949526 0
    outer loop
      vertex 1.92314 -0.585271 4
      vertex 2.23189 -0.687271 12
      vertex 1.92314 -0.585271 12
    endloop
  endfacet
  facet normal -0.313689 -0.949526 -0
    outer loop
      vertex 2.23189 -0.687271 12
      vertex 1.92314 -0.585271 4
      vertex 2.23189 -0.687271 4
    endloop
  endfacet
  facet normal -0.84493 0.534877 0
    outer loop
      vertex 5.50849 -10.6057 4
      vertex 5.68245 -10.3309 12
      vertex 5.68245 -10.3309 4
    endloop
  endfacet
  facet normal -0.84493 0.534877 0
    outer loop
      vertex 5.68245 -10.3309 12
      vertex 5.50849 -10.6057 4
      vertex 5.50849 -10.6057 12
    endloop
  endfacet
  facet normal -0.122398 0.992481 0
    outer loop
      vertex 0.972089 -13.4783 4
      vertex 0.649364 -13.5181 12
      vertex 0.972089 -13.4783 12
    endloop
  endfacet
  facet normal -0.122398 0.992481 0
    outer loop
      vertex 0.649364 -13.5181 12
      vertex 0.972089 -13.4783 4
      vertex 0.649364 -13.5181 4
    endloop
  endfacet
  facet normal -0.449611 0.893225 0
    outer loop
      vertex 3.123 -12.7677 4
      vertex 2.83255 -12.9139 12
      vertex 3.123 -12.7677 12
    endloop
  endfacet
  facet normal -0.449611 0.893225 0
    outer loop
      vertex 2.83255 -12.9139 12
      vertex 3.123 -12.7677 4
      vertex 2.83255 -12.9139 4
    endloop
  endfacet
  facet normal -0.615122 0.788432 0
    outer loop
      vertex 4.20286 -12.0462 4
      vertex 3.94651 -12.2462 12
      vertex 4.20286 -12.0462 12
    endloop
  endfacet
  facet normal -0.615122 0.788432 0
    outer loop
      vertex 3.94651 -12.2462 12
      vertex 4.20286 -12.0462 4
      vertex 3.94651 -12.2462 4
    endloop
  endfacet
  facet normal 0.575809 -0.817584 0
    outer loop
      vertex -3.94651 -1.60375 4
      vertex -3.68065 -1.41651 12
      vertex -3.94651 -1.60375 12
    endloop
  endfacet
  facet normal 0.575809 -0.817584 0
    outer loop
      vertex -3.68065 -1.41651 12
      vertex -3.94651 -1.60375 4
      vertex -3.68065 -1.41651 4
    endloop
  endfacet
  facet normal -0.266914 0.96372 0
    outer loop
      vertex 1.92314 -13.2647 4
      vertex 1.60974 -13.3515 12
      vertex 1.92314 -13.2647 12
    endloop
  endfacet
  facet normal -0.266914 0.96372 0
    outer loop
      vertex 1.60974 -13.3515 12
      vertex 1.92314 -13.2647 4
      vertex 1.60974 -13.3515 4
    endloop
  endfacet
  facet normal -0.75721 -0.653171 0
    outer loop
      vertex 5.12119 -2.72214 4
      vertex 4.9088 -2.47592 12
      vertex 4.9088 -2.47592 4
    endloop
  endfacet
  facet normal -0.75721 -0.653171 0
    outer loop
      vertex 4.9088 -2.47592 12
      vertex 5.12119 -2.72214 4
      vertex 5.12119 -2.72214 12
    endloop
  endfacet
  facet normal -0.405317 0.914176 0
    outer loop
      vertex 2.83255 -12.9139 4
      vertex 2.53528 -13.0457 12
      vertex 2.83255 -12.9139 12
    endloop
  endfacet
  facet normal -0.405317 0.914176 0
    outer loop
      vertex 2.53528 -13.0457 12
      vertex 2.83255 -12.9139 4
      vertex 2.53528 -13.0457 4
    endloop
  endfacet
  facet normal 0.0246024 0.999697 -0
    outer loop
      vertex 0 -13.55 4
      vertex -0.325073 -13.542 12
      vertex 0 -13.55 12
    endloop
  endfacet
  facet normal 0.0246024 0.999697 0
    outer loop
      vertex -0.325073 -13.542 12
      vertex 0 -13.55 4
      vertex -0.325073 -13.542 4
    endloop
  endfacet
  facet normal 0.266914 0.96372 -0
    outer loop
      vertex -1.60974 -13.3515 4
      vertex -1.92314 -13.2647 12
      vertex -1.60974 -13.3515 12
    endloop
  endfacet
  facet normal 0.266914 0.96372 0
    outer loop
      vertex -1.92314 -13.2647 12
      vertex -1.60974 -13.3515 4
      vertex -1.92314 -13.2647 4
    endloop
  endfacet
  facet normal 0.653189 0.757195 -0
    outer loop
      vertex -4.20286 -12.0462 4
      vertex -4.44908 -11.8338 12
      vertex -4.20286 -12.0462 12
    endloop
  endfacet
  facet normal 0.653189 0.757195 0
    outer loop
      vertex -4.44908 -11.8338 12
      vertex -4.20286 -12.0462 4
      vertex -4.44908 -11.8338 4
    endloop
  endfacet
  facet normal 0.817584 -0.575809 0
    outer loop
      vertex -5.50849 -3.24435 12
      vertex -5.32125 -2.97849 4
      vertex -5.32125 -2.97849 12
    endloop
  endfacet
  facet normal 0.817584 -0.575809 0
    outer loop
      vertex -5.32125 -2.97849 4
      vertex -5.50849 -3.24435 12
      vertex -5.50849 -3.24435 4
    endloop
  endfacet
  facet normal -0.985278 0.170958 0
    outer loop
      vertex 6.4977 -8.21747 4
      vertex 6.55329 -7.89709 12
      vertex 6.55329 -7.89709 4
    endloop
  endfacet
  facet normal -0.985278 0.170958 0
    outer loop
      vertex 6.55329 -7.89709 12
      vertex 6.4977 -8.21747 4
      vertex 6.4977 -8.21747 12
    endloop
  endfacet
  facet normal 0.449608 -0.893226 0
    outer loop
      vertex -3.123 -1.08227 4
      vertex -2.83255 -0.936071 12
      vertex -3.123 -1.08227 12
    endloop
  endfacet
  facet normal 0.449608 -0.893226 0
    outer loop
      vertex -2.83255 -0.936071 12
      vertex -3.123 -1.08227 4
      vertex -2.83255 -0.936071 4
    endloop
  endfacet
  facet normal 0.788343 -0.615236 0
    outer loop
      vertex -5.32125 -2.97849 12
      vertex -5.12119 -2.72214 4
      vertex -5.12119 -2.72214 12
    endloop
  endfacet
  facet normal 0.788343 -0.615236 0
    outer loop
      vertex -5.12119 -2.72214 4
      vertex -5.32125 -2.97849 12
      vertex -5.32125 -2.97849 4
    endloop
  endfacet
  facet normal -0.0735641 -0.99729 0
    outer loop
      vertex 0.325073 -0.30798 4
      vertex 0.649364 -0.331901 12
      vertex 0.325073 -0.30798 12
    endloop
  endfacet
  facet normal -0.0735641 -0.99729 -0
    outer loop
      vertex 0.649364 -0.331901 12
      vertex 0.325073 -0.30798 4
      vertex 0.649364 -0.331901 4
    endloop
  endfacet
  facet normal -0.0245409 -0.999699 0
    outer loop
      vertex 0 -0.3 4
      vertex 0.325073 -0.30798 12
      vertex 0 -0.3 12
    endloop
  endfacet
  facet normal -0.0245409 -0.999699 -0
    outer loop
      vertex 0.325073 -0.30798 12
      vertex 0 -0.3 4
      vertex 0.325073 -0.30798 4
    endloop
  endfacet
  facet normal 0.724239 -0.689549 0
    outer loop
      vertex -4.9088 -2.47592 12
      vertex -4.68458 -2.24042 4
      vertex -4.68458 -2.24042 12
    endloop
  endfacet
  facet normal 0.724239 -0.689549 0
    outer loop
      vertex -4.68458 -2.24042 4
      vertex -4.9088 -2.47592 12
      vertex -4.9088 -2.47592 4
    endloop
  endfacet
  facet normal 0.492903 -0.870084 0
    outer loop
      vertex -3.40593 -1.24255 4
      vertex -3.123 -1.08227 12
      vertex -3.40593 -1.24255 12
    endloop
  endfacet
  facet normal 0.492903 -0.870084 0
    outer loop
      vertex -3.123 -1.08227 12
      vertex -3.40593 -1.24255 4
      vertex -3.123 -1.08227 4
    endloop
  endfacet
  facet normal 0.534988 -0.84486 0
    outer loop
      vertex -3.68065 -1.41651 4
      vertex -3.40593 -1.24255 12
      vertex -3.68065 -1.41651 12
    endloop
  endfacet
  facet normal 0.534988 -0.84486 0
    outer loop
      vertex -3.40593 -1.24255 12
      vertex -3.68065 -1.41651 4
      vertex -3.40593 -1.24255 4
    endloop
  endfacet
  facet normal 0.122398 0.992481 -0
    outer loop
      vertex -0.649364 -13.5181 4
      vertex -0.972089 -13.4783 12
      vertex -0.649364 -13.5181 12
    endloop
  endfacet
  facet normal 0.122398 0.992481 0
    outer loop
      vertex -0.972089 -13.4783 12
      vertex -0.649364 -13.5181 4
      vertex -0.972089 -13.4783 4
    endloop
  endfacet
  facet normal 0.266706 -0.963778 0
    outer loop
      vertex -1.92314 -0.585271 4
      vertex -1.60974 -0.498544 12
      vertex -1.92314 -0.585271 12
    endloop
  endfacet
  facet normal 0.266706 -0.963778 0
    outer loop
      vertex -1.60974 -0.498544 12
      vertex -1.92314 -0.585271 4
      vertex -1.60974 -0.498544 4
    endloop
  endfacet
  facet normal 0.788401 0.615162 0
    outer loop
      vertex -5.12119 -11.1279 12
      vertex -5.32125 -10.8715 4
      vertex -5.32125 -10.8715 12
    endloop
  endfacet
  facet normal 0.788401 0.615162 0
    outer loop
      vertex -5.32125 -10.8715 4
      vertex -5.12119 -11.1279 12
      vertex -5.12119 -11.1279 4
    endloop
  endfacet
  facet normal 0.817523 0.575896 0
    outer loop
      vertex -5.32125 -10.8715 12
      vertex -5.50849 -10.6057 4
      vertex -5.50849 -10.6057 12
    endloop
  endfacet
  facet normal 0.817523 0.575896 0
    outer loop
      vertex -5.50849 -10.6057 4
      vertex -5.32125 -10.8715 12
      vertex -5.32125 -10.8715 4
    endloop
  endfacet
  facet normal 0.689517 0.72427 -0
    outer loop
      vertex -4.44908 -11.8338 4
      vertex -4.68458 -11.6096 12
      vertex -4.44908 -11.8338 12
    endloop
  endfacet
  facet normal 0.689517 0.72427 0
    outer loop
      vertex -4.68458 -11.6096 12
      vertex -4.44908 -11.8338 4
      vertex -4.68458 -11.6096 4
    endloop
  endfacet
  facet normal 0.963776 0.266714 0
    outer loop
      vertex -6.33973 -8.84814 12
      vertex -6.42646 -8.53474 4
      vertex -6.42646 -8.53474 12
    endloop
  endfacet
  facet normal 0.963776 0.266714 0
    outer loop
      vertex -6.42646 -8.53474 4
      vertex -6.33973 -8.84814 12
      vertex -6.33973 -8.84814 4
    endloop
  endfacet
  facet normal 0.914211 0.405239 0
    outer loop
      vertex -5.98893 -9.75755 12
      vertex -6.1207 -9.46028 4
      vertex -6.1207 -9.46028 12
    endloop
  endfacet
  facet normal 0.914211 0.405239 0
    outer loop
      vertex -6.1207 -9.46028 4
      vertex -5.98893 -9.75755 12
      vertex -5.98893 -9.75755 4
    endloop
  endfacet
  facet normal 0.405247 -0.914207 0
    outer loop
      vertex -2.83255 -0.936071 4
      vertex -2.53528 -0.804298 12
      vertex -2.83255 -0.936071 12
    endloop
  endfacet
  facet normal 0.405247 -0.914207 0
    outer loop
      vertex -2.53528 -0.804298 12
      vertex -2.83255 -0.936071 4
      vertex -2.53528 -0.804298 4
    endloop
  endfacet
  facet normal 0.84486 -0.534988 0
    outer loop
      vertex -5.68245 -3.51907 12
      vertex -5.50849 -3.24435 4
      vertex -5.50849 -3.24435 12
    endloop
  endfacet
  facet normal 0.84486 -0.534988 0
    outer loop
      vertex -5.50849 -3.24435 4
      vertex -5.68245 -3.51907 12
      vertex -5.68245 -3.51907 4
    endloop
  endfacet
  facet normal 0.575932 0.817498 -0
    outer loop
      vertex -3.68065 -12.4335 4
      vertex -3.94651 -12.2462 12
      vertex -3.68065 -12.4335 12
    endloop
  endfacet
  facet normal 0.575932 0.817498 0
    outer loop
      vertex -3.94651 -12.2462 12
      vertex -3.68065 -12.4335 4
      vertex -3.94651 -12.2462 4
    endloop
  endfacet
  facet normal 0.893225 0.449611 0
    outer loop
      vertex -5.84273 -10.048 12
      vertex -5.98893 -9.75755 4
      vertex -5.98893 -9.75755 12
    endloop
  endfacet
  facet normal 0.893225 0.449611 0
    outer loop
      vertex -5.98893 -9.75755 4
      vertex -5.84273 -10.048 12
      vertex -5.84273 -10.048 4
    endloop
  endfacet
  facet normal 0.870084 -0.492903 0
    outer loop
      vertex -5.84273 -3.802 12
      vertex -5.68245 -3.51907 4
      vertex -5.68245 -3.51907 12
    endloop
  endfacet
  facet normal 0.870084 -0.492903 0
    outer loop
      vertex -5.68245 -3.51907 4
      vertex -5.84273 -3.802 12
      vertex -5.84273 -3.802 4
    endloop
  endfacet
  facet normal 0 0 1
    outer loop
      vertex 2 -6.925 4
      vertex 6.625 -6.925 4
      vertex 6.61702 -6.59993 4
    endloop
  endfacet
  facet normal 0 0 1
    outer loop
      vertex 1.99759 -6.82687 4
      vertex 6.61702 -6.59993 4
      vertex 6.5931 -6.27564 4
    endloop
  endfacet
  facet normal 0 0 1
    outer loop
      vertex 6.625 -6.925 4
      vertex 2 -6.925 4
      vertex 6.61702 -7.25007 4
    endloop
  endfacet
  facet normal 0 0 1
    outer loop
      vertex 1.99037 -6.72897 4
      vertex 6.5931 -6.27564 4
      vertex 6.55329 -5.95291 4
    endloop
  endfacet
  facet normal -0 0 1
    outer loop
      vertex 1.99759 -7.02314 4
      vertex 6.61702 -7.25007 4
      vertex 2 -6.925 4
    endloop
  endfacet
  facet normal 0 0 1
    outer loop
      vertex 1.97835 -6.63154 4
      vertex 6.55329 -5.95291 4
      vertex 6.4977 -5.63253 4
    endloop
  endfacet
  facet normal 0 0 1
    outer loop
      vertex 6.61702 -7.25007 4
      vertex 1.99759 -7.02314 4
      vertex 6.5931 -7.57436 4
    endloop
  endfacet
  facet normal 0 0 1
    outer loop
      vertex 1.96157 -6.53482 4
      vertex 6.4977 -5.63253 4
      vertex 6.42646 -5.31526 4
    endloop
  endfacet
  facet normal -0 0 1
    outer loop
      vertex 1.99037 -7.12103 4
      vertex 6.5931 -7.57436 4
      vertex 1.99759 -7.02314 4
    endloop
  endfacet
  facet normal 0 0 1
    outer loop
      vertex 1.94006 -6.43904 4
      vertex 6.42646 -5.31526 4
      vertex 6.33973 -5.00186 4
    endloop
  endfacet
  facet normal 0 0 1
    outer loop
      vertex 6.5931 -7.57436 4
      vertex 1.99037 -7.12103 4
      vertex 6.55329 -7.89709 4
    endloop
  endfacet
  facet normal 0 0 1
    outer loop
      vertex 1.91388 -6.34443 4
      vertex 6.33973 -5.00186 4
      vertex 6.23773 -4.69311 4
    endloop
  endfacet
  facet normal -0 0 1
    outer loop
      vertex 1.97835 -7.21846 4
      vertex 6.55329 -7.89709 4
      vertex 1.99037 -7.12103 4
    endloop
  endfacet
  facet normal 0 0 1
    outer loop
      vertex 1.88309 -6.25122 4
      vertex 6.23773 -4.69311 4
      vertex 6.1207 -4.38972 4
    endloop
  endfacet
  facet normal 0 0 1
    outer loop
      vertex 6.55329 -7.89709 4
      vertex 1.97835 -7.21846 4
      vertex 6.4977 -8.21747 4
    endloop
  endfacet
  facet normal 0 0 1
    outer loop
      vertex 1.84776 -6.15963 4
      vertex 6.1207 -4.38972 4
      vertex 5.98893 -4.09245 4
    endloop
  endfacet
  facet normal -0 0 1
    outer loop
      vertex 1.96157 -7.31518 4
      vertex 6.4977 -8.21747 4
      vertex 1.97835 -7.21846 4
    endloop
  endfacet
  facet normal 0 0 1
    outer loop
      vertex 1.80798 -6.06989 4
      vertex 5.98893 -4.09245 4
      vertex 5.84273 -3.802 4
    endloop
  endfacet
  facet normal 0 0 1
    outer loop
      vertex 6.4977 -8.21747 4
      vertex 1.96157 -7.31518 4
      vertex 6.42646 -8.53474 4
    endloop
  endfacet
  facet normal 0 0 1
    outer loop
      vertex 1.76384 -5.98221 4
      vertex 5.84273 -3.802 4
      vertex 5.68245 -3.51907 4
    endloop
  endfacet
  facet normal -0 0 1
    outer loop
      vertex 1.94006 -7.41096 4
      vertex 6.42646 -8.53474 4
      vertex 1.96157 -7.31518 4
    endloop
  endfacet
  facet normal 0 0 1
    outer loop
      vertex 1.71546 -5.8968 4
      vertex 5.68245 -3.51907 4
      vertex 5.50849 -3.24435 4
    endloop
  endfacet
  facet normal 0 0 1
    outer loop
      vertex 6.42646 -8.53474 4
      vertex 1.94006 -7.41096 4
      vertex 6.33973 -8.84814 4
    endloop
  endfacet
  facet normal 0 0 1
    outer loop
      vertex 1.66294 -5.81386 4
      vertex 5.50849 -3.24435 4
      vertex 5.32125 -2.97849 4
    endloop
  endfacet
  facet normal -0 0 1
    outer loop
      vertex 1.91388 -7.50557 4
      vertex 6.33973 -8.84814 4
      vertex 1.94006 -7.41096 4
    endloop
  endfacet
  facet normal 0 0 1
    outer loop
      vertex 1.60641 -5.7336 4
      vertex 5.32125 -2.97849 4
      vertex 5.12119 -2.72214 4
    endloop
  endfacet
  facet normal 0 0 1
    outer loop
      vertex 6.33973 -8.84814 4
      vertex 1.91388 -7.50557 4
      vertex 6.23773 -9.15689 4
    endloop
  endfacet
  facet normal 0 0 1
    outer loop
      vertex 1.54602 -5.65621 4
      vertex 5.12119 -2.72214 4
      vertex 4.9088 -2.47592 4
    endloop
  endfacet
  facet normal -0 0 1
    outer loop
      vertex 1.88309 -7.59878 4
      vertex 6.23773 -9.15689 4
      vertex 1.91388 -7.50557 4
    endloop
  endfacet
  facet normal 0 0 1
    outer loop
      vertex 1.4819 -5.58188 4
      vertex 4.9088 -2.47592 4
      vertex 4.68458 -2.24042 4
    endloop
  endfacet
  facet normal 0 0 1
    outer loop
      vertex 6.23773 -9.15689 4
      vertex 1.88309 -7.59878 4
      vertex 6.1207 -9.46028 4
    endloop
  endfacet
  facet normal 0 0 1
    outer loop
      vertex 1.41421 -5.51079 4
      vertex 4.68458 -2.24042 4
      vertex 4.44908 -2.0162 4
    endloop
  endfacet
  facet normal -0 0 1
    outer loop
      vertex 1.84776 -7.69037 4
      vertex 6.1207 -9.46028 4
      vertex 1.88309 -7.59878 4
    endloop
  endfacet
  facet normal 0 0 1
    outer loop
      vertex 1.34312 -5.4431 4
      vertex 4.44908 -2.0162 4
      vertex 4.20286 -1.80381 4
    endloop
  endfacet
  facet normal 0 0 1
    outer loop
      vertex 6.1207 -9.46028 4
      vertex 1.84776 -7.69037 4
      vertex 5.98893 -9.75755 4
    endloop
  endfacet
  facet normal 0 0 1
    outer loop
      vertex 1.26879 -5.37898 4
      vertex 4.20286 -1.80381 4
      vertex 3.94651 -1.60375 4
    endloop
  endfacet
  facet normal -0 0 1
    outer loop
      vertex 1.80798 -7.78011 4
      vertex 5.98893 -9.75755 4
      vertex 1.84776 -7.69037 4
    endloop
  endfacet
  facet normal 0 0 1
    outer loop
      vertex 1.1914 -5.31859 4
      vertex 3.94651 -1.60375 4
      vertex 3.68065 -1.41651 4
    endloop
  endfacet
  facet normal 0 0 1
    outer loop
      vertex 5.98893 -9.75755 4
      vertex 1.80798 -7.78011 4
      vertex 5.84273 -10.048 4
    endloop
  endfacet
  facet normal 0 0 1
    outer loop
      vertex 1.11114 -5.26206 4
      vertex 3.68065 -1.41651 4
      vertex 3.40593 -1.24255 4
    endloop
  endfacet
  facet normal -0 0 1
    outer loop
      vertex 1.76384 -7.86779 4
      vertex 5.84273 -10.048 4
      vertex 1.80798 -7.78011 4
    endloop
  endfacet
  facet normal 0 0 1
    outer loop
      vertex 1.0282 -5.20954 4
      vertex 3.40593 -1.24255 4
      vertex 3.123 -1.08227 4
    endloop
  endfacet
  facet normal 0 0 1
    outer loop
      vertex 5.84273 -10.048 4
      vertex 1.76384 -7.86779 4
      vertex 5.68245 -10.3309 4
    endloop
  endfacet
  facet normal 0 0 1
    outer loop
      vertex 0.942793 -5.16116 4
      vertex 3.123 -1.08227 4
      vertex 2.83255 -0.936071 4
    endloop
  endfacet
  facet normal -0 0 1
    outer loop
      vertex 1.71546 -7.95321 4
      vertex 5.68245 -10.3309 4
      vertex 1.76384 -7.86779 4
    endloop
  endfacet
  facet normal 0 0 1
    outer loop
      vertex 0.85511 -5.11702 4
      vertex 2.83255 -0.936071 4
      vertex 2.53528 -0.804298 4
    endloop
  endfacet
  facet normal 0 0 1
    outer loop
      vertex 5.68245 -10.3309 4
      vertex 1.71546 -7.95321 4
      vertex 5.50849 -10.6057 4
    endloop
  endfacet
  facet normal 0 0 1
    outer loop
      vertex 0.765367 -5.07724 4
      vertex 2.53528 -0.804298 4
      vertex 2.23189 -0.687271 4
    endloop
  endfacet
  facet normal -0 0 1
    outer loop
      vertex 1.66294 -8.03614 4
      vertex 5.50849 -10.6057 4
      vertex 1.71546 -7.95321 4
    endloop
  endfacet
  facet normal 0 0 1
    outer loop
      vertex 5.50849 -10.6057 4
      vertex 1.66294 -8.03614 4
      vertex 5.32125 -10.8715 4
    endloop
  endfacet
  facet normal 0 0 1
    outer loop
      vertex 6.61702 -6.59993 4
      vertex 1.99759 -6.82687 4
      vertex 2 -6.925 4
    endloop
  endfacet
  facet normal 0 0 1
    outer loop
      vertex 6.5931 -6.27564 4
      vertex 1.99037 -6.72897 4
      vertex 1.99759 -6.82687 4
    endloop
  endfacet
  facet normal 0 0 1
    outer loop
      vertex 6.55329 -5.95291 4
      vertex 1.97835 -6.63154 4
      vertex 1.99037 -6.72897 4
    endloop
  endfacet
  facet normal 0 0 1
    outer loop
      vertex 6.4977 -5.63253 4
      vertex 1.96157 -6.53482 4
      vertex 1.97835 -6.63154 4
    endloop
  endfacet
  facet normal 0 0 1
    outer loop
      vertex 6.42646 -5.31526 4
      vertex 1.94006 -6.43904 4
      vertex 1.96157 -6.53482 4
    endloop
  endfacet
  facet normal 0 0 1
    outer loop
      vertex 0.673779 -5.04191 4
      vertex 2.23189 -0.687271 4
      vertex 1.92314 -0.585271 4
    endloop
  endfacet
  facet normal 0 0 1
    outer loop
      vertex 6.33973 -5.00186 4
      vertex 1.91388 -6.34443 4
      vertex 1.94006 -6.43904 4
    endloop
  endfacet
  facet normal 0 0 1
    outer loop
      vertex 6.23773 -4.69311 4
      vertex 1.88309 -6.25122 4
      vertex 1.91388 -6.34443 4
    endloop
  endfacet
  facet normal 0 0 1
    outer loop
      vertex 6.1207 -4.38972 4
      vertex 1.84776 -6.15963 4
      vertex 1.88309 -6.25122 4
    endloop
  endfacet
  facet normal 0 0 1
    outer loop
      vertex 5.98893 -4.09245 4
      vertex 1.80798 -6.06989 4
      vertex 1.84776 -6.15963 4
    endloop
  endfacet
  facet normal 0 0 1
    outer loop
      vertex 5.84273 -3.802 4
      vertex 1.76384 -5.98221 4
      vertex 1.80798 -6.06989 4
    endloop
  endfacet
  facet normal 0 0 1
    outer loop
      vertex 5.68245 -3.51907 4
      vertex 1.71546 -5.8968 4
      vertex 1.76384 -5.98221 4
    endloop
  endfacet
  facet normal 0 0 1
    outer loop
      vertex 5.50849 -3.24435 4
      vertex 1.66294 -5.81386 4
      vertex 1.71546 -5.8968 4
    endloop
  endfacet
  facet normal 0 0 1
    outer loop
      vertex 0.580569 -5.01112 4
      vertex 1.92314 -0.585271 4
      vertex 1.60974 -0.498544 4
    endloop
  endfacet
  facet normal 0 0 1
    outer loop
      vertex 5.32125 -2.97849 4
      vertex 1.60641 -5.7336 4
      vertex 1.66294 -5.81386 4
    endloop
  endfacet
  facet normal 0 0 1
    outer loop
      vertex 5.12119 -2.72214 4
      vertex 1.54602 -5.65621 4
      vertex 1.60641 -5.7336 4
    endloop
  endfacet
  facet normal 0 0 1
    outer loop
      vertex 4.9088 -2.47592 4
      vertex 1.4819 -5.58188 4
      vertex 1.54602 -5.65621 4
    endloop
  endfacet
  facet normal 0 0 1
    outer loop
      vertex 4.68458 -2.24042 4
      vertex 1.41421 -5.51079 4
      vertex 1.4819 -5.58188 4
    endloop
  endfacet
  facet normal 0 0 1
    outer loop
      vertex 4.44908 -2.0162 4
      vertex 1.34312 -5.4431 4
      vertex 1.41421 -5.51079 4
    endloop
  endfacet
  facet normal 0 0 1
    outer loop
      vertex 0.48596 -4.98494 4
      vertex 1.60974 -0.498544 4
      vertex 1.29247 -0.427298 4
    endloop
  endfacet
  facet normal 0 0 1
    outer loop
      vertex 4.20286 -1.80381 4
      vertex 1.26879 -5.37898 4
      vertex 1.34312 -5.4431 4
    endloop
  endfacet
  facet normal 0 0 1
    outer loop
      vertex 3.94651 -1.60375 4
      vertex 1.1914 -5.31859 4
      vertex 1.26879 -5.37898 4
    endloop
  endfacet
  facet normal 0 0 1
    outer loop
      vertex 3.68065 -1.41651 4
      vertex 1.11114 -5.26206 4
      vertex 1.1914 -5.31859 4
    endloop
  endfacet
  facet normal 0 0 1
    outer loop
      vertex 3.40593 -1.24255 4
      vertex 1.0282 -5.20954 4
      vertex 1.11114 -5.26206 4
    endloop
  endfacet
  facet normal 0 0 1
    outer loop
      vertex 0.390181 -4.96343 4
      vertex 1.29247 -0.427298 4
      vertex 0.972089 -0.371706 4
    endloop
  endfacet
  facet normal 0 0 1
    outer loop
      vertex 3.123 -1.08227 4
      vertex 0.942793 -5.16116 4
      vertex 1.0282 -5.20954 4
    endloop
  endfacet
  facet normal 0 0 1
    outer loop
      vertex 2.83255 -0.936071 4
      vertex 0.85511 -5.11702 4
      vertex 0.942793 -5.16116 4
    endloop
  endfacet
  facet normal 0 0 1
    outer loop
      vertex 2.53528 -0.804298 4
      vertex 0.765367 -5.07724 4
      vertex 0.85511 -5.11702 4
    endloop
  endfacet
  facet normal 0 0 1
    outer loop
      vertex 2.23189 -0.687271 4
      vertex 0.673779 -5.04191 4
      vertex 0.765367 -5.07724 4
    endloop
  endfacet
  facet normal 0 0 1
    outer loop
      vertex 0.293461 -4.94665 4
      vertex 0.972089 -0.371706 4
      vertex 0.649364 -0.331901 4
    endloop
  endfacet
  facet normal 0 0 1
    outer loop
      vertex 1.92314 -0.585271 4
      vertex 0.580569 -5.01112 4
      vertex 0.673779 -5.04191 4
    endloop
  endfacet
  facet normal 0 0 1
    outer loop
      vertex 1.60974 -0.498544 4
      vertex 0.48596 -4.98494 4
      vertex 0.580569 -5.01112 4
    endloop
  endfacet
  facet normal 0 0 1
    outer loop
      vertex 1.29247 -0.427298 4
      vertex 0.390181 -4.96343 4
      vertex 0.48596 -4.98494 4
    endloop
  endfacet
  facet normal 0 0 1
    outer loop
      vertex 0.196033 -4.93463 4
      vertex 0.649364 -0.331901 4
      vertex 0.325073 -0.30798 4
    endloop
  endfacet
  facet normal 0 0 1
    outer loop
      vertex 0.972089 -0.371706 4
      vertex 0.293461 -4.94665 4
      vertex 0.390181 -4.96343 4
    endloop
  endfacet
  facet normal 0 0 1
    outer loop
      vertex 0.649364 -0.331901 4
      vertex 0.196033 -4.93463 4
      vertex 0.293461 -4.94665 4
    endloop
  endfacet
  facet normal 0 0 1
    outer loop
      vertex 0.325073 -0.30798 4
      vertex 0.098135 -4.92741 4
      vertex 0.196033 -4.93463 4
    endloop
  endfacet
  facet normal 0 0 1
    outer loop
      vertex 0 -0.3 4
      vertex 0.098135 -4.92741 4
      vertex 0.325073 -0.30798 4
    endloop
  endfacet
  facet normal 0 0 1
    outer loop
      vertex 0 -0.3 4
      vertex 0 -4.925 4
      vertex 0.098135 -4.92741 4
    endloop
  endfacet
  facet normal 0 0 1
    outer loop
      vertex 0 -0.3 4
      vertex -0.098135 -4.92741 4
      vertex 0 -4.925 4
    endloop
  endfacet
  facet normal -0 0 1
    outer loop
      vertex -0.325073 -0.30798 4
      vertex -0.098135 -4.92741 4
      vertex 0 -0.3 4
    endloop
  endfacet
  facet normal 0 0 1
    outer loop
      vertex -0.098135 -4.92741 4
      vertex -0.325073 -0.30798 4
      vertex -0.196033 -4.93463 4
    endloop
  endfacet
  facet normal -0 0 1
    outer loop
      vertex -0.649364 -0.331901 4
      vertex -0.196033 -4.93463 4
      vertex -0.325073 -0.30798 4
    endloop
  endfacet
  facet normal 0 0 1
    outer loop
      vertex -0.196033 -4.93463 4
      vertex -0.649364 -0.331901 4
      vertex -0.293461 -4.94665 4
    endloop
  endfacet
  facet normal -0 0 1
    outer loop
      vertex -0.972089 -0.371706 4
      vertex -0.293461 -4.94665 4
      vertex -0.649364 -0.331901 4
    endloop
  endfacet
  facet normal 0 0 1
    outer loop
      vertex -0.293461 -4.94665 4
      vertex -0.972089 -0.371706 4
      vertex -0.390181 -4.96343 4
    endloop
  endfacet
  facet normal -0 0 1
    outer loop
      vertex -1.29247 -0.427298 4
      vertex -0.390181 -4.96343 4
      vertex -0.972089 -0.371706 4
    endloop
  endfacet
  facet normal 0 0 1
    outer loop
      vertex -0.390181 -4.96343 4
      vertex -1.29247 -0.427298 4
      vertex -0.48596 -4.98494 4
    endloop
  endfacet
  facet normal -0 0 1
    outer loop
      vertex -1.60974 -0.498544 4
      vertex -0.48596 -4.98494 4
      vertex -1.29247 -0.427298 4
    endloop
  endfacet
  facet normal 0 0 1
    outer loop
      vertex -0.48596 -4.98494 4
      vertex -1.60974 -0.498544 4
      vertex -0.580569 -5.01112 4
    endloop
  endfacet
  facet normal -0 0 1
    outer loop
      vertex -1.92314 -0.585271 4
      vertex -0.580569 -5.01112 4
      vertex -1.60974 -0.498544 4
    endloop
  endfacet
  facet normal 0 0 1
    outer loop
      vertex -0.580569 -5.01112 4
      vertex -1.92314 -0.585271 4
      vertex -0.673779 -5.04191 4
    endloop
  endfacet
  facet normal -0 0 1
    outer loop
      vertex -2.23189 -0.687271 4
      vertex -0.673779 -5.04191 4
      vertex -1.92314 -0.585271 4
    endloop
  endfacet
  facet normal 0 0 1
    outer loop
      vertex -0.673779 -5.04191 4
      vertex -2.23189 -0.687271 4
      vertex -0.765367 -5.07724 4
    endloop
  endfacet
  facet normal -0 0 1
    outer loop
      vertex -2.53528 -0.804298 4
      vertex -0.765367 -5.07724 4
      vertex -2.23189 -0.687271 4
    endloop
  endfacet
  facet normal 0 0 1
    outer loop
      vertex -0.765367 -5.07724 4
      vertex -2.53528 -0.804298 4
      vertex -0.85511 -5.11702 4
    endloop
  endfacet
  facet normal -0 0 1
    outer loop
      vertex -2.83255 -0.936071 4
      vertex -0.85511 -5.11702 4
      vertex -2.53528 -0.804298 4
    endloop
  endfacet
  facet normal 0 0 1
    outer loop
      vertex -0.85511 -5.11702 4
      vertex -2.83255 -0.936071 4
      vertex -0.942793 -5.16116 4
    endloop
  endfacet
  facet normal -0 0 1
    outer loop
      vertex -3.123 -1.08227 4
      vertex -0.942793 -5.16116 4
      vertex -2.83255 -0.936071 4
    endloop
  endfacet
  facet normal 0 0 1
    outer loop
      vertex -0.942793 -5.16116 4
      vertex -3.123 -1.08227 4
      vertex -1.0282 -5.20954 4
    endloop
  endfacet
  facet normal -0 0 1
    outer loop
      vertex -3.40593 -1.24255 4
      vertex -1.0282 -5.20954 4
      vertex -3.123 -1.08227 4
    endloop
  endfacet
  facet normal 0 0 1
    outer loop
      vertex -1.0282 -5.20954 4
      vertex -3.40593 -1.24255 4
      vertex -1.11114 -5.26206 4
    endloop
  endfacet
  facet normal -0 0 1
    outer loop
      vertex -3.68065 -1.41651 4
      vertex -1.11114 -5.26206 4
      vertex -3.40593 -1.24255 4
    endloop
  endfacet
  facet normal 0 0 1
    outer loop
      vertex -1.11114 -5.26206 4
      vertex -3.68065 -1.41651 4
      vertex -1.1914 -5.31859 4
    endloop
  endfacet
  facet normal -0 0 1
    outer loop
      vertex -3.94651 -1.60375 4
      vertex -1.1914 -5.31859 4
      vertex -3.68065 -1.41651 4
    endloop
  endfacet
  facet normal 0 0 1
    outer loop
      vertex -1.1914 -5.31859 4
      vertex -3.94651 -1.60375 4
      vertex -1.26879 -5.37898 4
    endloop
  endfacet
  facet normal -0 0 1
    outer loop
      vertex -4.20286 -1.80381 4
      vertex -1.26879 -5.37898 4
      vertex -3.94651 -1.60375 4
    endloop
  endfacet
  facet normal 0 0 1
    outer loop
      vertex -1.26879 -5.37898 4
      vertex -4.20286 -1.80381 4
      vertex -1.34312 -5.4431 4
    endloop
  endfacet
  facet normal -0 0 1
    outer loop
      vertex -4.44908 -2.0162 4
      vertex -1.34312 -5.4431 4
      vertex -4.20286 -1.80381 4
    endloop
  endfacet
  facet normal 0 0 1
    outer loop
      vertex -1.34312 -5.4431 4
      vertex -4.44908 -2.0162 4
      vertex -1.41421 -5.51079 4
    endloop
  endfacet
  facet normal -0 0 1
    outer loop
      vertex -4.68458 -2.24042 4
      vertex -1.41421 -5.51079 4
      vertex -4.44908 -2.0162 4
    endloop
  endfacet
  facet normal 0 0 1
    outer loop
      vertex -1.41421 -5.51079 4
      vertex -4.68458 -2.24042 4
      vertex -1.4819 -5.58188 4
    endloop
  endfacet
  facet normal -0 0 1
    outer loop
      vertex -4.9088 -2.47592 4
      vertex -1.4819 -5.58188 4
      vertex -4.68458 -2.24042 4
    endloop
  endfacet
  facet normal 0 0 1
    outer loop
      vertex -1.4819 -5.58188 4
      vertex -4.9088 -2.47592 4
      vertex -1.54602 -5.65621 4
    endloop
  endfacet
  facet normal -0 0 1
    outer loop
      vertex -5.12119 -2.72214 4
      vertex -1.54602 -5.65621 4
      vertex -4.9088 -2.47592 4
    endloop
  endfacet
  facet normal 0 0 1
    outer loop
      vertex -1.54602 -5.65621 4
      vertex -5.12119 -2.72214 4
      vertex -1.60641 -5.7336 4
    endloop
  endfacet
  facet normal -0 0 1
    outer loop
      vertex -5.32125 -2.97849 4
      vertex -1.60641 -5.7336 4
      vertex -5.12119 -2.72214 4
    endloop
  endfacet
  facet normal 0 0 1
    outer loop
      vertex -1.60641 -5.7336 4
      vertex -5.32125 -2.97849 4
      vertex -1.66294 -5.81386 4
    endloop
  endfacet
  facet normal -0 0 1
    outer loop
      vertex 1.60641 -8.1164 4
      vertex 5.32125 -10.8715 4
      vertex 1.66294 -8.03614 4
    endloop
  endfacet
  facet normal 0 0 1
    outer loop
      vertex 5.32125 -10.8715 4
      vertex 1.60641 -8.1164 4
      vertex 5.12119 -11.1279 4
    endloop
  endfacet
  facet normal -0 0 1
    outer loop
      vertex 1.54602 -8.19379 4
      vertex 5.12119 -11.1279 4
      vertex 1.60641 -8.1164 4
    endloop
  endfacet
  facet normal 0 0 1
    outer loop
      vertex 5.12119 -11.1279 4
      vertex 1.54602 -8.19379 4
      vertex 4.9088 -11.3741 4
    endloop
  endfacet
  facet normal -0 0 1
    outer loop
      vertex 1.4819 -8.26812 4
      vertex 4.9088 -11.3741 4
      vertex 1.54602 -8.19379 4
    endloop
  endfacet
  facet normal 0 0 1
    outer loop
      vertex 4.9088 -11.3741 4
      vertex 1.4819 -8.26812 4
      vertex 4.68458 -11.6096 4
    endloop
  endfacet
  facet normal -0 0 1
    outer loop
      vertex 1.41421 -8.33921 4
      vertex 4.68458 -11.6096 4
      vertex 1.4819 -8.26812 4
    endloop
  endfacet
  facet normal 0 0 1
    outer loop
      vertex 4.68458 -11.6096 4
      vertex 1.41421 -8.33921 4
      vertex 4.44908 -11.8338 4
    endloop
  endfacet
  facet normal -0 0 1
    outer loop
      vertex 1.34312 -8.4069 4
      vertex 4.44908 -11.8338 4
      vertex 1.41421 -8.33921 4
    endloop
  endfacet
  facet normal 0 0 1
    outer loop
      vertex 4.44908 -11.8338 4
      vertex 1.34312 -8.4069 4
      vertex 4.20286 -12.0462 4
    endloop
  endfacet
  facet normal -0 0 1
    outer loop
      vertex 1.26879 -8.47102 4
      vertex 4.20286 -12.0462 4
      vertex 1.34312 -8.4069 4
    endloop
  endfacet
  facet normal 0 0 1
    outer loop
      vertex 4.20286 -12.0462 4
      vertex 1.26879 -8.47102 4
      vertex 3.94651 -12.2462 4
    endloop
  endfacet
  facet normal -0 0 1
    outer loop
      vertex 1.1914 -8.53141 4
      vertex 3.94651 -12.2462 4
      vertex 1.26879 -8.47102 4
    endloop
  endfacet
  facet normal 0 0 1
    outer loop
      vertex 3.94651 -12.2462 4
      vertex 1.1914 -8.53141 4
      vertex 3.68065 -12.4335 4
    endloop
  endfacet
  facet normal -0 0 1
    outer loop
      vertex 1.11114 -8.58794 4
      vertex 3.68065 -12.4335 4
      vertex 1.1914 -8.53141 4
    endloop
  endfacet
  facet normal 0 0 1
    outer loop
      vertex 3.68065 -12.4335 4
      vertex 1.11114 -8.58794 4
      vertex 3.40593 -12.6075 4
    endloop
  endfacet
  facet normal -0 0 1
    outer loop
      vertex 1.0282 -8.64046 4
      vertex 3.40593 -12.6075 4
      vertex 1.11114 -8.58794 4
    endloop
  endfacet
  facet normal 0 0 1
    outer loop
      vertex 3.40593 -12.6075 4
      vertex 1.0282 -8.64046 4
      vertex 3.123 -12.7677 4
    endloop
  endfacet
  facet normal -0 0 1
    outer loop
      vertex 0.942793 -8.68884 4
      vertex 3.123 -12.7677 4
      vertex 1.0282 -8.64046 4
    endloop
  endfacet
  facet normal 0 0 1
    outer loop
      vertex 3.123 -12.7677 4
      vertex 0.942793 -8.68884 4
      vertex 2.83255 -12.9139 4
    endloop
  endfacet
  facet normal -0 0 1
    outer loop
      vertex 0.85511 -8.73298 4
      vertex 2.83255 -12.9139 4
      vertex 0.942793 -8.68884 4
    endloop
  endfacet
  facet normal 0 0 1
    outer loop
      vertex 2.83255 -12.9139 4
      vertex 0.85511 -8.73298 4
      vertex 2.53528 -13.0457 4
    endloop
  endfacet
  facet normal -0 0 1
    outer loop
      vertex 0.765367 -8.77276 4
      vertex 2.53528 -13.0457 4
      vertex 0.85511 -8.73298 4
    endloop
  endfacet
  facet normal 0 0 1
    outer loop
      vertex 2.53528 -13.0457 4
      vertex 0.765367 -8.77276 4
      vertex 2.23189 -13.1627 4
    endloop
  endfacet
  facet normal -0 0 1
    outer loop
      vertex 0.673779 -8.80809 4
      vertex 2.23189 -13.1627 4
      vertex 0.765367 -8.77276 4
    endloop
  endfacet
  facet normal 0 0 1
    outer loop
      vertex 2.23189 -13.1627 4
      vertex 0.673779 -8.80809 4
      vertex 1.92314 -13.2647 4
    endloop
  endfacet
  facet normal -0 0 1
    outer loop
      vertex 0.580569 -8.83888 4
      vertex 1.92314 -13.2647 4
      vertex 0.673779 -8.80809 4
    endloop
  endfacet
  facet normal 0 0 1
    outer loop
      vertex 1.92314 -13.2647 4
      vertex 0.580569 -8.83888 4
      vertex 1.60974 -13.3515 4
    endloop
  endfacet
  facet normal -0 0 1
    outer loop
      vertex 0.48596 -8.86506 4
      vertex 1.60974 -13.3515 4
      vertex 0.580569 -8.83888 4
    endloop
  endfacet
  facet normal 0 0 1
    outer loop
      vertex 1.60974 -13.3515 4
      vertex 0.48596 -8.86506 4
      vertex 1.29247 -13.4227 4
    endloop
  endfacet
  facet normal -0 0 1
    outer loop
      vertex 0.390181 -8.88657 4
      vertex 1.29247 -13.4227 4
      vertex 0.48596 -8.86506 4
    endloop
  endfacet
  facet normal 0 0 1
    outer loop
      vertex 1.29247 -13.4227 4
      vertex 0.390181 -8.88657 4
      vertex 0.972089 -13.4783 4
    endloop
  endfacet
  facet normal -0 0 1
    outer loop
      vertex 0.293461 -8.90335 4
      vertex 0.972089 -13.4783 4
      vertex 0.390181 -8.88657 4
    endloop
  endfacet
  facet normal 0 0 1
    outer loop
      vertex 0.972089 -13.4783 4
      vertex 0.293461 -8.90335 4
      vertex 0.649364 -13.5181 4
    endloop
  endfacet
  facet normal -0 0 1
    outer loop
      vertex 0.196033 -8.91537 4
      vertex 0.649364 -13.5181 4
      vertex 0.293461 -8.90335 4
    endloop
  endfacet
  facet normal 0 0 1
    outer loop
      vertex 0.649364 -13.5181 4
      vertex 0.196033 -8.91537 4
      vertex 0.325073 -13.542 4
    endloop
  endfacet
  facet normal -0 0 1
    outer loop
      vertex 0.098135 -8.92259 4
      vertex 0.325073 -13.542 4
      vertex 0.196033 -8.91537 4
    endloop
  endfacet
  facet normal -0 0 1
    outer loop
      vertex 0 -8.925 4
      vertex 0.325073 -13.542 4
      vertex 0.098135 -8.92259 4
    endloop
  endfacet
  facet normal 0 0 1
    outer loop
      vertex 0 -8.925 4
      vertex 0 -13.55 4
      vertex 0.325073 -13.542 4
    endloop
  endfacet
  facet normal 0 0 1
    outer loop
      vertex -0.098135 -8.92259 4
      vertex 0 -13.55 4
      vertex 0 -8.925 4
    endloop
  endfacet
  facet normal 0 0 1
    outer loop
      vertex -0.325073 -13.542 4
      vertex -0.098135 -8.92259 4
      vertex -0.196033 -8.91537 4
    endloop
  endfacet
  facet normal 0 0 1
    outer loop
      vertex -0.649364 -13.5181 4
      vertex -0.196033 -8.91537 4
      vertex -0.293461 -8.90335 4
    endloop
  endfacet
  facet normal 0 0 1
    outer loop
      vertex -0.098135 -8.92259 4
      vertex -0.325073 -13.542 4
      vertex 0 -13.55 4
    endloop
  endfacet
  facet normal 0 0 1
    outer loop
      vertex -0.972089 -13.4783 4
      vertex -0.293461 -8.90335 4
      vertex -0.390181 -8.88657 4
    endloop
  endfacet
  facet normal 0 0 1
    outer loop
      vertex -1.29247 -13.4227 4
      vertex -0.390181 -8.88657 4
      vertex -0.48596 -8.86506 4
    endloop
  endfacet
  facet normal 0 0 1
    outer loop
      vertex -1.60974 -13.3515 4
      vertex -0.48596 -8.86506 4
      vertex -0.580569 -8.83888 4
    endloop
  endfacet
  facet normal 0 0 1
    outer loop
      vertex -0.196033 -8.91537 4
      vertex -0.649364 -13.5181 4
      vertex -0.325073 -13.542 4
    endloop
  endfacet
  facet normal 0 0 1
    outer loop
      vertex -1.92314 -13.2647 4
      vertex -0.580569 -8.83888 4
      vertex -0.673779 -8.80809 4
    endloop
  endfacet
  facet normal 0 0 1
    outer loop
      vertex -2.23189 -13.1627 4
      vertex -0.673779 -8.80809 4
      vertex -0.765367 -8.77276 4
    endloop
  endfacet
  facet normal 0 0 1
    outer loop
      vertex -2.53528 -13.0457 4
      vertex -0.765367 -8.77276 4
      vertex -0.85511 -8.73298 4
    endloop
  endfacet
  facet normal 0 0 1
    outer loop
      vertex -2.83255 -12.9139 4
      vertex -0.85511 -8.73298 4
      vertex -0.942793 -8.68884 4
    endloop
  endfacet
  facet normal 0 0 1
    outer loop
      vertex -0.293461 -8.90335 4
      vertex -0.972089 -13.4783 4
      vertex -0.649364 -13.5181 4
    endloop
  endfacet
  facet normal 0 0 1
    outer loop
      vertex -3.123 -12.7677 4
      vertex -0.942793 -8.68884 4
      vertex -1.0282 -8.64046 4
    endloop
  endfacet
  facet normal 0 0 1
    outer loop
      vertex -3.40593 -12.6075 4
      vertex -1.0282 -8.64046 4
      vertex -1.11114 -8.58794 4
    endloop
  endfacet
  facet normal 0 0 1
    outer loop
      vertex -3.68065 -12.4335 4
      vertex -1.11114 -8.58794 4
      vertex -1.1914 -8.53141 4
    endloop
  endfacet
  facet normal 0 0 1
    outer loop
      vertex -3.94651 -12.2462 4
      vertex -1.1914 -8.53141 4
      vertex -1.26879 -8.47102 4
    endloop
  endfacet
  facet normal 0 0 1
    outer loop
      vertex -0.390181 -8.88657 4
      vertex -1.29247 -13.4227 4
      vertex -0.972089 -13.4783 4
    endloop
  endfacet
  facet normal 0 0 1
    outer loop
      vertex -4.20286 -12.0462 4
      vertex -1.26879 -8.47102 4
      vertex -1.34312 -8.4069 4
    endloop
  endfacet
  facet normal 0 0 1
    outer loop
      vertex -4.44908 -11.8338 4
      vertex -1.34312 -8.4069 4
      vertex -1.41421 -8.33921 4
    endloop
  endfacet
  facet normal 0 0 1
    outer loop
      vertex -4.68458 -11.6096 4
      vertex -1.41421 -8.33921 4
      vertex -1.4819 -8.26812 4
    endloop
  endfacet
  facet normal 0 0 1
    outer loop
      vertex -4.9088 -11.3741 4
      vertex -1.4819 -8.26812 4
      vertex -1.54602 -8.19379 4
    endloop
  endfacet
  facet normal 0 0 1
    outer loop
      vertex -5.12119 -11.1279 4
      vertex -1.54602 -8.19379 4
      vertex -1.60641 -8.1164 4
    endloop
  endfacet
  facet normal 0 0 1
    outer loop
      vertex -0.48596 -8.86506 4
      vertex -1.60974 -13.3515 4
      vertex -1.29247 -13.4227 4
    endloop
  endfacet
  facet normal 0 0 1
    outer loop
      vertex -5.32125 -10.8715 4
      vertex -1.60641 -8.1164 4
      vertex -1.66294 -8.03614 4
    endloop
  endfacet
  facet normal 0 0 1
    outer loop
      vertex -5.50849 -10.6057 4
      vertex -1.66294 -8.03614 4
      vertex -1.71546 -7.95321 4
    endloop
  endfacet
  facet normal 0 0 1
    outer loop
      vertex -5.68245 -10.3309 4
      vertex -1.71546 -7.95321 4
      vertex -1.76384 -7.86779 4
    endloop
  endfacet
  facet normal 0 0 1
    outer loop
      vertex -5.84273 -10.048 4
      vertex -1.76384 -7.86779 4
      vertex -1.80798 -7.78011 4
    endloop
  endfacet
  facet normal 0 0 1
    outer loop
      vertex -5.98893 -9.75755 4
      vertex -1.80798 -7.78011 4
      vertex -1.84776 -7.69037 4
    endloop
  endfacet
  facet normal 0 0 1
    outer loop
      vertex -6.1207 -9.46028 4
      vertex -1.84776 -7.69037 4
      vertex -1.88309 -7.59878 4
    endloop
  endfacet
  facet normal 0 0 1
    outer loop
      vertex -6.23773 -9.15689 4
      vertex -1.88309 -7.59878 4
      vertex -1.91388 -7.50557 4
    endloop
  endfacet
  facet normal 0 0 1
    outer loop
      vertex -0.580569 -8.83888 4
      vertex -1.92314 -13.2647 4
      vertex -1.60974 -13.3515 4
    endloop
  endfacet
  facet normal 0 0 1
    outer loop
      vertex -6.33973 -8.84814 4
      vertex -1.91388 -7.50557 4
      vertex -1.94006 -7.41096 4
    endloop
  endfacet
  facet normal 0 0 1
    outer loop
      vertex -6.42646 -8.53474 4
      vertex -1.94006 -7.41096 4
      vertex -1.96157 -7.31518 4
    endloop
  endfacet
  facet normal 0 0 1
    outer loop
      vertex -6.4977 -8.21747 4
      vertex -1.96157 -7.31518 4
      vertex -1.97835 -7.21846 4
    endloop
  endfacet
  facet normal 0 0 1
    outer loop
      vertex -6.55329 -7.89709 4
      vertex -1.97835 -7.21846 4
      vertex -1.99037 -7.12103 4
    endloop
  endfacet
  facet normal 0 0 1
    outer loop
      vertex -6.5931 -7.57436 4
      vertex -1.99037 -7.12103 4
      vertex -1.99759 -7.02314 4
    endloop
  endfacet
  facet normal 0 0 1
    outer loop
      vertex -6.61702 -7.25007 4
      vertex -1.99759 -7.02314 4
      vertex -2 -6.925 4
    endloop
  endfacet
  facet normal -0 0 1
    outer loop
      vertex -5.50849 -3.24435 4
      vertex -1.66294 -5.81386 4
      vertex -5.32125 -2.97849 4
    endloop
  endfacet
  facet normal 0 0 1
    outer loop
      vertex -0.673779 -8.80809 4
      vertex -2.23189 -13.1627 4
      vertex -1.92314 -13.2647 4
    endloop
  endfacet
  facet normal 0 0 1
    outer loop
      vertex -1.66294 -5.81386 4
      vertex -5.50849 -3.24435 4
      vertex -1.71546 -5.8968 4
    endloop
  endfacet
  facet normal 0 0 1
    outer loop
      vertex -0.765367 -8.77276 4
      vertex -2.53528 -13.0457 4
      vertex -2.23189 -13.1627 4
    endloop
  endfacet
  facet normal -0 0 1
    outer loop
      vertex -5.68245 -3.51907 4
      vertex -1.71546 -5.8968 4
      vertex -5.50849 -3.24435 4
    endloop
  endfacet
  facet normal 0 0 1
    outer loop
      vertex -0.85511 -8.73298 4
      vertex -2.83255 -12.9139 4
      vertex -2.53528 -13.0457 4
    endloop
  endfacet
  facet normal 0 0 1
    outer loop
      vertex -1.71546 -5.8968 4
      vertex -5.68245 -3.51907 4
      vertex -1.76384 -5.98221 4
    endloop
  endfacet
  facet normal 0 0 1
    outer loop
      vertex -0.942793 -8.68884 4
      vertex -3.123 -12.7677 4
      vertex -2.83255 -12.9139 4
    endloop
  endfacet
  facet normal -0 0 1
    outer loop
      vertex -5.84273 -3.802 4
      vertex -1.76384 -5.98221 4
      vertex -5.68245 -3.51907 4
    endloop
  endfacet
  facet normal 0 0 1
    outer loop
      vertex -1.0282 -8.64046 4
      vertex -3.40593 -12.6075 4
      vertex -3.123 -12.7677 4
    endloop
  endfacet
  facet normal 0 0 1
    outer loop
      vertex -1.76384 -5.98221 4
      vertex -5.84273 -3.802 4
      vertex -1.80798 -6.06989 4
    endloop
  endfacet
  facet normal 0 0 1
    outer loop
      vertex -1.11114 -8.58794 4
      vertex -3.68065 -12.4335 4
      vertex -3.40593 -12.6075 4
    endloop
  endfacet
  facet normal -0 0 1
    outer loop
      vertex -5.98893 -4.09245 4
      vertex -1.80798 -6.06989 4
      vertex -5.84273 -3.802 4
    endloop
  endfacet
  facet normal 0 0 1
    outer loop
      vertex -1.1914 -8.53141 4
      vertex -3.94651 -12.2462 4
      vertex -3.68065 -12.4335 4
    endloop
  endfacet
  facet normal 0 0 1
    outer loop
      vertex -1.80798 -6.06989 4
      vertex -5.98893 -4.09245 4
      vertex -1.84776 -6.15963 4
    endloop
  endfacet
  facet normal 0 0 1
    outer loop
      vertex -1.26879 -8.47102 4
      vertex -4.20286 -12.0462 4
      vertex -3.94651 -12.2462 4
    endloop
  endfacet
  facet normal -0 0 1
    outer loop
      vertex -6.1207 -4.38972 4
      vertex -1.84776 -6.15963 4
      vertex -5.98893 -4.09245 4
    endloop
  endfacet
  facet normal 0 0 1
    outer loop
      vertex -1.34312 -8.4069 4
      vertex -4.44908 -11.8338 4
      vertex -4.20286 -12.0462 4
    endloop
  endfacet
  facet normal 0 0 1
    outer loop
      vertex -1.84776 -6.15963 4
      vertex -6.1207 -4.38972 4
      vertex -1.88309 -6.25122 4
    endloop
  endfacet
  facet normal 0 0 1
    outer loop
      vertex -1.41421 -8.33921 4
      vertex -4.68458 -11.6096 4
      vertex -4.44908 -11.8338 4
    endloop
  endfacet
  facet normal -0 0 1
    outer loop
      vertex -6.23773 -4.69311 4
      vertex -1.88309 -6.25122 4
      vertex -6.1207 -4.38972 4
    endloop
  endfacet
  facet normal 0 0 1
    outer loop
      vertex -1.4819 -8.26812 4
      vertex -4.9088 -11.3741 4
      vertex -4.68458 -11.6096 4
    endloop
  endfacet
  facet normal 0 0 1
    outer loop
      vertex -1.88309 -6.25122 4
      vertex -6.23773 -4.69311 4
      vertex -1.91388 -6.34443 4
    endloop
  endfacet
  facet normal 0 0 1
    outer loop
      vertex -1.54602 -8.19379 4
      vertex -5.12119 -11.1279 4
      vertex -4.9088 -11.3741 4
    endloop
  endfacet
  facet normal -0 0 1
    outer loop
      vertex -6.33973 -5.00186 4
      vertex -1.91388 -6.34443 4
      vertex -6.23773 -4.69311 4
    endloop
  endfacet
  facet normal 0 0 1
    outer loop
      vertex -1.60641 -8.1164 4
      vertex -5.32125 -10.8715 4
      vertex -5.12119 -11.1279 4
    endloop
  endfacet
  facet normal 0 0 1
    outer loop
      vertex -1.91388 -6.34443 4
      vertex -6.33973 -5.00186 4
      vertex -1.94006 -6.43904 4
    endloop
  endfacet
  facet normal 0 0 1
    outer loop
      vertex -1.66294 -8.03614 4
      vertex -5.50849 -10.6057 4
      vertex -5.32125 -10.8715 4
    endloop
  endfacet
  facet normal -0 0 1
    outer loop
      vertex -6.42646 -5.31526 4
      vertex -1.94006 -6.43904 4
      vertex -6.33973 -5.00186 4
    endloop
  endfacet
  facet normal 0 0 1
    outer loop
      vertex -1.71546 -7.95321 4
      vertex -5.68245 -10.3309 4
      vertex -5.50849 -10.6057 4
    endloop
  endfacet
  facet normal 0 0 1
    outer loop
      vertex -1.94006 -6.43904 4
      vertex -6.42646 -5.31526 4
      vertex -1.96157 -6.53482 4
    endloop
  endfacet
  facet normal 0 0 1
    outer loop
      vertex -1.76384 -7.86779 4
      vertex -5.84273 -10.048 4
      vertex -5.68245 -10.3309 4
    endloop
  endfacet
  facet normal -0 0 1
    outer loop
      vertex -6.4977 -5.63253 4
      vertex -1.96157 -6.53482 4
      vertex -6.42646 -5.31526 4
    endloop
  endfacet
  facet normal 0 0 1
    outer loop
      vertex -1.80798 -7.78011 4
      vertex -5.98893 -9.75755 4
      vertex -5.84273 -10.048 4
    endloop
  endfacet
  facet normal 0 0 1
    outer loop
      vertex -1.96157 -6.53482 4
      vertex -6.4977 -5.63253 4
      vertex -1.97835 -6.63154 4
    endloop
  endfacet
  facet normal 0 0 1
    outer loop
      vertex -1.84776 -7.69037 4
      vertex -6.1207 -9.46028 4
      vertex -5.98893 -9.75755 4
    endloop
  endfacet
  facet normal -0 0 1
    outer loop
      vertex -6.55329 -5.95291 4
      vertex -1.97835 -6.63154 4
      vertex -6.4977 -5.63253 4
    endloop
  endfacet
  facet normal 0 0 1
    outer loop
      vertex -1.88309 -7.59878 4
      vertex -6.23773 -9.15689 4
      vertex -6.1207 -9.46028 4
    endloop
  endfacet
  facet normal 0 0 1
    outer loop
      vertex -1.97835 -6.63154 4
      vertex -6.55329 -5.95291 4
      vertex -1.99037 -6.72897 4
    endloop
  endfacet
  facet normal 0 0 1
    outer loop
      vertex -1.91388 -7.50557 4
      vertex -6.33973 -8.84814 4
      vertex -6.23773 -9.15689 4
    endloop
  endfacet
  facet normal -0 0 1
    outer loop
      vertex -6.5931 -6.27564 4
      vertex -1.99037 -6.72897 4
      vertex -6.55329 -5.95291 4
    endloop
  endfacet
  facet normal 0 0 1
    outer loop
      vertex -1.94006 -7.41096 4
      vertex -6.42646 -8.53474 4
      vertex -6.33973 -8.84814 4
    endloop
  endfacet
  facet normal 0 0 1
    outer loop
      vertex -1.99037 -6.72897 4
      vertex -6.5931 -6.27564 4
      vertex -1.99759 -6.82687 4
    endloop
  endfacet
  facet normal 0 0 1
    outer loop
      vertex -1.96157 -7.31518 4
      vertex -6.4977 -8.21747 4
      vertex -6.42646 -8.53474 4
    endloop
  endfacet
  facet normal -0 0 1
    outer loop
      vertex -6.61702 -6.59993 4
      vertex -1.99759 -6.82687 4
      vertex -6.5931 -6.27564 4
    endloop
  endfacet
  facet normal 0 0 1
    outer loop
      vertex -1.97835 -7.21846 4
      vertex -6.55329 -7.89709 4
      vertex -6.4977 -8.21747 4
    endloop
  endfacet
  facet normal 0 0 1
    outer loop
      vertex -1.99759 -6.82687 4
      vertex -6.61702 -6.59993 4
      vertex -2 -6.925 4
    endloop
  endfacet
  facet normal 0 0 1
    outer loop
      vertex -1.99037 -7.12103 4
      vertex -6.5931 -7.57436 4
      vertex -6.55329 -7.89709 4
    endloop
  endfacet
  facet normal 0 0 1
    outer loop
      vertex -6.625 -6.925 4
      vertex -2 -6.925 4
      vertex -6.61702 -6.59993 4
    endloop
  endfacet
  facet normal 0 0 1
    outer loop
      vertex -1.99759 -7.02314 4
      vertex -6.61702 -7.25007 4
      vertex -6.5931 -7.57436 4
    endloop
  endfacet
  facet normal 0 0 1
    outer loop
      vertex -2 -6.925 4
      vertex -6.625 -6.925 4
      vertex -6.61702 -7.25007 4
    endloop
  endfacet
  facet normal -0.575932 0.817498 0
    outer loop
      vertex 3.94651 -12.2462 4
      vertex 3.68065 -12.4335 12
      vertex 3.94651 -12.2462 12
    endloop
  endfacet
  facet normal -0.575932 0.817498 0
    outer loop
      vertex 3.68065 -12.4335 12
      vertex 3.94651 -12.2462 4
      vertex 3.68065 -12.4335 4
    endloop
  endfacet
  facet normal 0.492717 0.87019 -0
    outer loop
      vertex -3.123 -12.7677 4
      vertex -3.40593 -12.6075 12
      vertex -3.123 -12.7677 12
    endloop
  endfacet
  facet normal 0.492717 0.87019 0
    outer loop
      vertex -3.40593 -12.6075 12
      vertex -3.123 -12.7677 4
      vertex -3.40593 -12.6075 4
    endloop
  endfacet
  facet normal 0.999699 0.0245494 0
    outer loop
      vertex -1.99759 -7.02314 4
      vertex -2 -6.925 0
      vertex -2 -6.925 4
    endloop
  endfacet
  facet normal 0.999699 0.0245494 0
    outer loop
      vertex -2 -6.925 0
      vertex -1.99759 -7.02314 4
      vertex -1.99759 -7.02314 0
    endloop
  endfacet
  facet normal -0.997292 -0.073549 0
    outer loop
      vertex 1.99759 -6.82687 0
      vertex 1.99037 -6.72897 4
      vertex 1.99037 -6.72897 0
    endloop
  endfacet
  facet normal -0.997292 -0.073549 0
    outer loop
      vertex 1.99037 -6.72897 4
      vertex 1.99759 -6.82687 0
      vertex 1.99759 -6.82687 4
    endloop
  endfacet
  facet normal -0.999699 -0.0245519 0
    outer loop
      vertex 2 -6.925 0
      vertex 1.99759 -6.82687 4
      vertex 1.99759 -6.82687 0
    endloop
  endfacet
  facet normal -0.999699 -0.0245519 0
    outer loop
      vertex 1.99759 -6.82687 4
      vertex 2 -6.925 0
      vertex 2 -6.925 4
    endloop
  endfacet
  facet normal -0.992476 -0.122442 0
    outer loop
      vertex 1.99037 -6.72897 0
      vertex 1.97835 -6.63154 4
      vertex 1.97835 -6.63154 0
    endloop
  endfacet
  facet normal -0.992476 -0.122442 0
    outer loop
      vertex 1.97835 -6.63154 4
      vertex 1.99037 -6.72897 0
      vertex 1.99037 -6.72897 4
    endloop
  endfacet
  facet normal -0.0735505 0.997291 0
    outer loop
      vertex 0.196033 -8.91537 0
      vertex 0.098135 -8.92259 4
      vertex 0.196033 -8.91537 4
    endloop
  endfacet
  facet normal -0.0735505 0.997291 0
    outer loop
      vertex 0.098135 -8.92259 4
      vertex 0.196033 -8.91537 0
      vertex 0.098135 -8.92259 0
    endloop
  endfacet
  facet normal 0.949536 -0.313659 0
    outer loop
      vertex -1.91388 -6.34443 4
      vertex -1.88309 -6.25122 0
      vertex -1.88309 -6.25122 4
    endloop
  endfacet
  facet normal 0.949536 -0.313659 0
    outer loop
      vertex -1.88309 -6.25122 0
      vertex -1.91388 -6.34443 4
      vertex -1.91388 -6.34443 0
    endloop
  endfacet
  facet normal -0.405238 -0.914211 0
    outer loop
      vertex 0.765367 -5.07724 0
      vertex 0.85511 -5.11702 4
      vertex 0.765367 -5.07724 4
    endloop
  endfacet
  facet normal -0.405238 -0.914211 -0
    outer loop
      vertex 0.85511 -5.11702 4
      vertex 0.765367 -5.07724 0
      vertex 0.85511 -5.11702 0
    endloop
  endfacet
  facet normal 0.0245506 0.999699 -0
    outer loop
      vertex 0 -8.925 0
      vertex -0.098135 -8.92259 4
      vertex 0 -8.925 4
    endloop
  endfacet
  facet normal 0.0245506 0.999699 0
    outer loop
      vertex -0.098135 -8.92259 4
      vertex 0 -8.925 0
      vertex -0.098135 -8.92259 0
    endloop
  endfacet
  facet normal -0.788375 0.615195 0
    outer loop
      vertex 1.54602 -8.19379 0
      vertex 1.60641 -8.1164 4
      vertex 1.60641 -8.1164 0
    endloop
  endfacet
  facet normal -0.788375 0.615195 0
    outer loop
      vertex 1.60641 -8.1164 4
      vertex 1.54602 -8.19379 0
      vertex 1.54602 -8.19379 4
    endloop
  endfacet
  facet normal -0.534989 0.844859 0
    outer loop
      vertex 1.11114 -8.58794 0
      vertex 1.0282 -8.64046 4
      vertex 1.11114 -8.58794 4
    endloop
  endfacet
  facet normal -0.534989 0.844859 0
    outer loop
      vertex 1.0282 -8.64046 4
      vertex 1.11114 -8.58794 0
      vertex 1.0282 -8.64046 0
    endloop
  endfacet
  facet normal -0.975698 0.219119 0
    outer loop
      vertex 1.94006 -7.41096 0
      vertex 1.96157 -7.31518 4
      vertex 1.96157 -7.31518 0
    endloop
  endfacet
  facet normal -0.975698 0.219119 0
    outer loop
      vertex 1.96157 -7.31518 4
      vertex 1.94006 -7.41096 0
      vertex 1.94006 -7.41096 4
    endloop
  endfacet
  facet normal 0.689576 -0.724213 0
    outer loop
      vertex -1.41421 -5.51079 0
      vertex -1.34312 -5.4431 4
      vertex -1.41421 -5.51079 4
    endloop
  endfacet
  facet normal 0.689576 -0.724213 0
    outer loop
      vertex -1.34312 -5.4431 4
      vertex -1.41421 -5.51079 0
      vertex -1.34312 -5.4431 0
    endloop
  endfacet
  facet normal -0.997291 0.0735565 0
    outer loop
      vertex 1.99037 -7.12103 0
      vertex 1.99759 -7.02314 4
      vertex 1.99759 -7.02314 0
    endloop
  endfacet
  facet normal -0.997291 0.0735565 0
    outer loop
      vertex 1.99759 -7.02314 4
      vertex 1.99037 -7.12103 0
      vertex 1.99037 -7.12103 4
    endloop
  endfacet
  facet normal -0.949536 -0.313659 0
    outer loop
      vertex 1.91388 -6.34443 0
      vertex 1.88309 -6.25122 4
      vertex 1.88309 -6.25122 0
    endloop
  endfacet
  facet normal -0.949536 -0.313659 0
    outer loop
      vertex 1.88309 -6.25122 4
      vertex 1.91388 -6.34443 0
      vertex 1.91388 -6.34443 4
    endloop
  endfacet
  facet normal -0.0245506 0.999699 0
    outer loop
      vertex 0.098135 -8.92259 0
      vertex 0 -8.925 4
      vertex 0.098135 -8.92259 4
    endloop
  endfacet
  facet normal -0.0245506 0.999699 0
    outer loop
      vertex 0 -8.925 4
      vertex 0.098135 -8.92259 0
      vertex 0 -8.925 0
    endloop
  endfacet
  facet normal 0.405238 0.914211 -0
    outer loop
      vertex -0.765367 -8.77276 0
      vertex -0.85511 -8.73298 4
      vertex -0.765367 -8.77276 4
    endloop
  endfacet
  facet normal 0.405238 0.914211 0
    outer loop
      vertex -0.85511 -8.73298 4
      vertex -0.765367 -8.77276 0
      vertex -0.85511 -8.73298 0
    endloop
  endfacet
  facet normal -0.893201 0.449657 0
    outer loop
      vertex 1.76384 -7.86779 0
      vertex 1.80798 -7.78011 4
      vertex 1.80798 -7.78011 0
    endloop
  endfacet
  facet normal -0.893201 0.449657 0
    outer loop
      vertex 1.80798 -7.78011 4
      vertex 1.76384 -7.86779 0
      vertex 1.76384 -7.86779 4
    endloop
  endfacet
  facet normal 0.122445 -0.992475 0
    outer loop
      vertex -0.293461 -4.94665 0
      vertex -0.196033 -4.93463 4
      vertex -0.293461 -4.94665 4
    endloop
  endfacet
  facet normal 0.122445 -0.992475 0
    outer loop
      vertex -0.196033 -4.93463 4
      vertex -0.293461 -4.94665 0
      vertex -0.196033 -4.93463 0
    endloop
  endfacet
  facet normal -0.219122 -0.975698 0
    outer loop
      vertex 0.390181 -4.96343 0
      vertex 0.48596 -4.98494 4
      vertex 0.390181 -4.96343 4
    endloop
  endfacet
  facet normal -0.219122 -0.975698 -0
    outer loop
      vertex 0.48596 -4.98494 4
      vertex 0.390181 -4.96343 0
      vertex 0.48596 -4.98494 0
    endloop
  endfacet
  facet normal 0.788375 -0.615195 0
    outer loop
      vertex -1.60641 -5.7336 4
      vertex -1.54602 -5.65621 0
      vertex -1.54602 -5.65621 4
    endloop
  endfacet
  facet normal 0.788375 -0.615195 0
    outer loop
      vertex -1.54602 -5.65621 0
      vertex -1.60641 -5.7336 4
      vertex -1.60641 -5.7336 0
    endloop
  endfacet
  facet normal 0.893201 -0.449657 0
    outer loop
      vertex -1.80798 -6.06989 4
      vertex -1.76384 -5.98221 0
      vertex -1.76384 -5.98221 4
    endloop
  endfacet
  facet normal 0.893201 -0.449657 0
    outer loop
      vertex -1.76384 -5.98221 0
      vertex -1.80798 -6.06989 4
      vertex -1.80798 -6.06989 0
    endloop
  endfacet
  facet normal 0.689576 0.724213 -0
    outer loop
      vertex -1.34312 -8.4069 0
      vertex -1.41421 -8.33921 4
      vertex -1.34312 -8.4069 4
    endloop
  endfacet
  facet normal 0.689576 0.724213 0
    outer loop
      vertex -1.41421 -8.33921 4
      vertex -1.34312 -8.4069 0
      vertex -1.41421 -8.33921 0
    endloop
  endfacet
  facet normal 0.932993 -0.359894 0
    outer loop
      vertex -1.88309 -6.25122 4
      vertex -1.84776 -6.15963 0
      vertex -1.84776 -6.15963 4
    endloop
  endfacet
  facet normal 0.932993 -0.359894 0
    outer loop
      vertex -1.84776 -6.15963 0
      vertex -1.88309 -6.25122 4
      vertex -1.88309 -6.25122 0
    endloop
  endfacet
  facet normal -0.870105 -0.492866 0
    outer loop
      vertex 1.76384 -5.98221 0
      vertex 1.71546 -5.8968 4
      vertex 1.71546 -5.8968 0
    endloop
  endfacet
  facet normal -0.870105 -0.492866 0
    outer loop
      vertex 1.71546 -5.8968 4
      vertex 1.76384 -5.98221 0
      vertex 1.76384 -5.98221 4
    endloop
  endfacet
  facet normal -0.653187 -0.757196 0
    outer loop
      vertex 1.26879 -5.37898 0
      vertex 1.34312 -5.4431 4
      vertex 1.26879 -5.37898 4
    endloop
  endfacet
  facet normal -0.653187 -0.757196 -0
    outer loop
      vertex 1.34312 -5.4431 4
      vertex 1.26879 -5.37898 0
      vertex 1.34312 -5.4431 0
    endloop
  endfacet
  facet normal -0.817563 0.575839 0
    outer loop
      vertex 1.60641 -8.1164 0
      vertex 1.66294 -8.03614 4
      vertex 1.66294 -8.03614 0
    endloop
  endfacet
  facet normal -0.817563 0.575839 0
    outer loop
      vertex 1.66294 -8.03614 4
      vertex 1.60641 -8.1164 0
      vertex 1.60641 -8.1164 4
    endloop
  endfacet
  facet normal 0.724213 0.689576 0
    outer loop
      vertex -1.41421 -8.33921 4
      vertex -1.4819 -8.26812 0
      vertex -1.4819 -8.26812 4
    endloop
  endfacet
  facet normal 0.724213 0.689576 0
    outer loop
      vertex -1.4819 -8.26812 0
      vertex -1.41421 -8.33921 4
      vertex -1.41421 -8.33921 0
    endloop
  endfacet
  facet normal 0.999699 -0.0245519 0
    outer loop
      vertex -2 -6.925 4
      vertex -1.99759 -6.82687 0
      vertex -1.99759 -6.82687 4
    endloop
  endfacet
  facet normal 0.999699 -0.0245519 0
    outer loop
      vertex -1.99759 -6.82687 0
      vertex -2 -6.925 4
      vertex -2 -6.925 0
    endloop
  endfacet
  facet normal 0.170937 -0.985282 0
    outer loop
      vertex -0.390181 -4.96343 0
      vertex -0.293461 -4.94665 4
      vertex -0.390181 -4.96343 4
    endloop
  endfacet
  facet normal 0.170937 -0.985282 0
    outer loop
      vertex -0.293461 -4.94665 4
      vertex -0.390181 -4.96343 0
      vertex -0.293461 -4.94665 0
    endloop
  endfacet
  facet normal -0.844859 -0.534989 0
    outer loop
      vertex 1.71546 -5.8968 0
      vertex 1.66294 -5.81386 4
      vertex 1.66294 -5.81386 0
    endloop
  endfacet
  facet normal -0.844859 -0.534989 0
    outer loop
      vertex 1.66294 -5.81386 4
      vertex 1.71546 -5.8968 0
      vertex 1.71546 -5.8968 4
    endloop
  endfacet
  facet normal 0.449645 -0.893208 0
    outer loop
      vertex -0.942793 -5.16116 0
      vertex -0.85511 -5.11702 4
      vertex -0.942793 -5.16116 4
    endloop
  endfacet
  facet normal 0.449645 -0.893208 0
    outer loop
      vertex -0.85511 -5.11702 4
      vertex -0.942793 -5.16116 0
      vertex -0.85511 -5.11702 0
    endloop
  endfacet
  facet normal -0.893201 -0.449657 0
    outer loop
      vertex 1.80798 -6.06989 0
      vertex 1.76384 -5.98221 4
      vertex 1.76384 -5.98221 0
    endloop
  endfacet
  facet normal -0.893201 -0.449657 0
    outer loop
      vertex 1.76384 -5.98221 4
      vertex 1.80798 -6.06989 0
      vertex 1.80798 -6.06989 4
    endloop
  endfacet
  facet normal 0.653187 0.757196 -0
    outer loop
      vertex -1.26879 -8.47102 0
      vertex -1.34312 -8.4069 4
      vertex -1.26879 -8.47102 4
    endloop
  endfacet
  facet normal 0.653187 0.757196 0
    outer loop
      vertex -1.34312 -8.4069 4
      vertex -1.26879 -8.47102 0
      vertex -1.34312 -8.4069 0
    endloop
  endfacet
  facet normal -0.963782 0.266693 0
    outer loop
      vertex 1.91388 -7.50557 0
      vertex 1.94006 -7.41096 4
      vertex 1.94006 -7.41096 0
    endloop
  endfacet
  facet normal -0.963782 0.266693 0
    outer loop
      vertex 1.94006 -7.41096 4
      vertex 1.91388 -7.50557 0
      vertex 1.91388 -7.50557 4
    endloop
  endfacet
  facet normal 0.492879 -0.870098 0
    outer loop
      vertex -1.0282 -5.20954 0
      vertex -0.942793 -5.16116 4
      vertex -1.0282 -5.20954 4
    endloop
  endfacet
  facet normal 0.492879 -0.870098 0
    outer loop
      vertex -0.942793 -5.16116 4
      vertex -1.0282 -5.20954 0
      vertex -0.942793 -5.16116 0
    endloop
  endfacet
  facet normal 0.992476 -0.122442 0
    outer loop
      vertex -1.99037 -6.72897 4
      vertex -1.97835 -6.63154 0
      vertex -1.97835 -6.63154 4
    endloop
  endfacet
  facet normal 0.992476 -0.122442 0
    outer loop
      vertex -1.97835 -6.63154 0
      vertex -1.99037 -6.72897 4
      vertex -1.99037 -6.72897 0
    endloop
  endfacet
  facet normal 0.0245506 -0.999699 0
    outer loop
      vertex -0.098135 -4.92741 0
      vertex 0 -4.925 4
      vertex -0.098135 -4.92741 4
    endloop
  endfacet
  facet normal 0.0245506 -0.999699 0
    outer loop
      vertex 0 -4.925 4
      vertex -0.098135 -4.92741 0
      vertex 0 -4.925 0
    endloop
  endfacet
  facet normal -0.122445 -0.992475 0
    outer loop
      vertex 0.196033 -4.93463 0
      vertex 0.293461 -4.94665 4
      vertex 0.196033 -4.93463 4
    endloop
  endfacet
  facet normal -0.122445 -0.992475 -0
    outer loop
      vertex 0.293461 -4.94665 4
      vertex 0.196033 -4.93463 0
      vertex 0.293461 -4.94665 0
    endloop
  endfacet
  facet normal -0.87013 0.492822 0
    outer loop
      vertex 1.71546 -7.95321 0
      vertex 1.76384 -7.86779 4
      vertex 1.76384 -7.86779 0
    endloop
  endfacet
  facet normal -0.87013 0.492822 0
    outer loop
      vertex 1.76384 -7.86779 4
      vertex 1.71546 -7.95321 0
      vertex 1.71546 -7.95321 4
    endloop
  endfacet
  facet normal -0.992476 0.122442 0
    outer loop
      vertex 1.97835 -7.21846 0
      vertex 1.99037 -7.12103 4
      vertex 1.99037 -7.12103 0
    endloop
  endfacet
  facet normal -0.992476 0.122442 0
    outer loop
      vertex 1.99037 -7.12103 4
      vertex 1.97835 -7.21846 0
      vertex 1.97835 -7.21846 4
    endloop
  endfacet
  facet normal 0.3599 -0.932991 0
    outer loop
      vertex -0.765367 -5.07724 0
      vertex -0.673779 -5.04191 4
      vertex -0.765367 -5.07724 4
    endloop
  endfacet
  facet normal 0.3599 -0.932991 0
    outer loop
      vertex -0.673779 -5.04191 4
      vertex -0.765367 -5.07724 0
      vertex -0.673779 -5.04191 0
    endloop
  endfacet
  facet normal 0.87013 0.492822 0
    outer loop
      vertex -1.71546 -7.95321 4
      vertex -1.76384 -7.86779 0
      vertex -1.76384 -7.86779 4
    endloop
  endfacet
  facet normal 0.87013 0.492822 0
    outer loop
      vertex -1.76384 -7.86779 0
      vertex -1.71546 -7.95321 4
      vertex -1.71546 -7.95321 0
    endloop
  endfacet
  facet normal -0.170937 0.985282 0
    outer loop
      vertex 0.390181 -8.88657 0
      vertex 0.293461 -8.90335 4
      vertex 0.390181 -8.88657 4
    endloop
  endfacet
  facet normal -0.170937 0.985282 0
    outer loop
      vertex 0.293461 -8.90335 4
      vertex 0.390181 -8.88657 0
      vertex 0.293461 -8.90335 0
    endloop
  endfacet
  facet normal -0.724213 0.689576 0
    outer loop
      vertex 1.41421 -8.33921 0
      vertex 1.4819 -8.26812 4
      vertex 1.4819 -8.26812 0
    endloop
  endfacet
  facet normal -0.724213 0.689576 0
    outer loop
      vertex 1.4819 -8.26812 4
      vertex 1.41421 -8.33921 0
      vertex 1.41421 -8.33921 4
    endloop
  endfacet
  facet normal 0.997291 0.0735565 0
    outer loop
      vertex -1.99037 -7.12103 4
      vertex -1.99759 -7.02314 0
      vertex -1.99759 -7.02314 4
    endloop
  endfacet
  facet normal 0.997291 0.0735565 0
    outer loop
      vertex -1.99759 -7.02314 0
      vertex -1.99037 -7.12103 4
      vertex -1.99037 -7.12103 0
    endloop
  endfacet
  facet normal 0.817563 -0.575839 0
    outer loop
      vertex -1.66294 -5.81386 4
      vertex -1.60641 -5.7336 0
      vertex -1.60641 -5.7336 4
    endloop
  endfacet
  facet normal 0.817563 -0.575839 0
    outer loop
      vertex -1.60641 -5.7336 0
      vertex -1.66294 -5.81386 4
      vertex -1.66294 -5.81386 0
    endloop
  endfacet
  facet normal -0.0245506 -0.999699 0
    outer loop
      vertex 0 -4.925 0
      vertex 0.098135 -4.92741 4
      vertex 0 -4.925 4
    endloop
  endfacet
  facet normal -0.0245506 -0.999699 -0
    outer loop
      vertex 0.098135 -4.92741 4
      vertex 0 -4.925 0
      vertex 0.098135 -4.92741 0
    endloop
  endfacet
  facet normal -0.757196 0.653187 0
    outer loop
      vertex 1.4819 -8.26812 0
      vertex 1.54602 -8.19379 4
      vertex 1.54602 -8.19379 0
    endloop
  endfacet
  facet normal -0.757196 0.653187 0
    outer loop
      vertex 1.54602 -8.19379 4
      vertex 1.4819 -8.26812 0
      vertex 1.4819 -8.26812 4
    endloop
  endfacet
  facet normal 0.653187 -0.757196 0
    outer loop
      vertex -1.34312 -5.4431 0
      vertex -1.26879 -5.37898 4
      vertex -1.34312 -5.4431 4
    endloop
  endfacet
  facet normal 0.653187 -0.757196 0
    outer loop
      vertex -1.26879 -5.37898 4
      vertex -1.34312 -5.4431 0
      vertex -1.26879 -5.37898 0
    endloop
  endfacet
  facet normal 0.266695 0.963781 -0
    outer loop
      vertex -0.48596 -8.86506 0
      vertex -0.580569 -8.83888 4
      vertex -0.48596 -8.86506 4
    endloop
  endfacet
  facet normal 0.266695 0.963781 0
    outer loop
      vertex -0.580569 -8.83888 4
      vertex -0.48596 -8.86506 0
      vertex -0.580569 -8.83888 0
    endloop
  endfacet
  facet normal 0.0735505 0.997291 -0
    outer loop
      vertex -0.098135 -8.92259 0
      vertex -0.196033 -8.91537 4
      vertex -0.098135 -8.92259 4
    endloop
  endfacet
  facet normal 0.0735505 0.997291 0
    outer loop
      vertex -0.196033 -8.91537 4
      vertex -0.098135 -8.92259 0
      vertex -0.196033 -8.91537 0
    endloop
  endfacet
  facet normal -0.615195 0.788375 0
    outer loop
      vertex 1.26879 -8.47102 0
      vertex 1.1914 -8.53141 4
      vertex 1.26879 -8.47102 4
    endloop
  endfacet
  facet normal -0.615195 0.788375 0
    outer loop
      vertex 1.1914 -8.53141 4
      vertex 1.26879 -8.47102 0
      vertex 1.1914 -8.53141 0
    endloop
  endfacet
  facet normal 0.992476 0.122442 0
    outer loop
      vertex -1.97835 -7.21846 4
      vertex -1.99037 -7.12103 0
      vertex -1.99037 -7.12103 4
    endloop
  endfacet
  facet normal 0.992476 0.122442 0
    outer loop
      vertex -1.99037 -7.12103 0
      vertex -1.97835 -7.21846 4
      vertex -1.97835 -7.21846 0
    endloop
  endfacet
  facet normal -0.689576 0.724213 0
    outer loop
      vertex 1.41421 -8.33921 0
      vertex 1.34312 -8.4069 4
      vertex 1.41421 -8.33921 4
    endloop
  endfacet
  facet normal -0.689576 0.724213 0
    outer loop
      vertex 1.34312 -8.4069 4
      vertex 1.41421 -8.33921 0
      vertex 1.34312 -8.4069 0
    endloop
  endfacet
  facet normal -0.788375 -0.615195 0
    outer loop
      vertex 1.60641 -5.7336 0
      vertex 1.54602 -5.65621 4
      vertex 1.54602 -5.65621 0
    endloop
  endfacet
  facet normal -0.788375 -0.615195 0
    outer loop
      vertex 1.54602 -5.65621 4
      vertex 1.60641 -5.7336 0
      vertex 1.60641 -5.7336 4
    endloop
  endfacet
  facet normal 0.313659 0.949536 -0
    outer loop
      vertex -0.580569 -8.83888 0
      vertex -0.673779 -8.80809 4
      vertex -0.580569 -8.83888 4
    endloop
  endfacet
  facet normal 0.313659 0.949536 0
    outer loop
      vertex -0.673779 -8.80809 4
      vertex -0.580569 -8.83888 0
      vertex -0.673779 -8.80809 0
    endloop
  endfacet
  facet normal -0.914206 -0.40525 0
    outer loop
      vertex 1.84776 -6.15963 0
      vertex 1.80798 -6.06989 4
      vertex 1.80798 -6.06989 0
    endloop
  endfacet
  facet normal -0.914206 -0.40525 0
    outer loop
      vertex 1.80798 -6.06989 4
      vertex 1.84776 -6.15963 0
      vertex 1.84776 -6.15963 4
    endloop
  endfacet
  facet normal -0.949536 0.313659 0
    outer loop
      vertex 1.88309 -7.59878 0
      vertex 1.91388 -7.50557 4
      vertex 1.91388 -7.50557 0
    endloop
  endfacet
  facet normal -0.949536 0.313659 0
    outer loop
      vertex 1.91388 -7.50557 4
      vertex 1.88309 -7.59878 0
      vertex 1.88309 -7.59878 4
    endloop
  endfacet
  facet normal 0.0735505 -0.997291 0
    outer loop
      vertex -0.196033 -4.93463 0
      vertex -0.098135 -4.92741 4
      vertex -0.196033 -4.93463 4
    endloop
  endfacet
  facet normal 0.0735505 -0.997291 0
    outer loop
      vertex -0.098135 -4.92741 4
      vertex -0.196033 -4.93463 0
      vertex -0.098135 -4.92741 0
    endloop
  endfacet
  facet normal 0.492879 0.870098 -0
    outer loop
      vertex -0.942793 -8.68884 0
      vertex -1.0282 -8.64046 4
      vertex -0.942793 -8.68884 4
    endloop
  endfacet
  facet normal 0.492879 0.870098 0
    outer loop
      vertex -1.0282 -8.64046 4
      vertex -0.942793 -8.68884 0
      vertex -1.0282 -8.64046 0
    endloop
  endfacet
  facet normal -0.266695 0.963781 0
    outer loop
      vertex 0.580569 -8.83888 0
      vertex 0.48596 -8.86506 4
      vertex 0.580569 -8.83888 4
    endloop
  endfacet
  facet normal -0.266695 0.963781 0
    outer loop
      vertex 0.48596 -8.86506 4
      vertex 0.580569 -8.83888 0
      vertex 0.48596 -8.86506 0
    endloop
  endfacet
  facet normal -0.313659 -0.949536 0
    outer loop
      vertex 0.580569 -5.01112 0
      vertex 0.673779 -5.04191 4
      vertex 0.580569 -5.01112 4
    endloop
  endfacet
  facet normal -0.313659 -0.949536 -0
    outer loop
      vertex 0.673779 -5.04191 4
      vertex 0.580569 -5.01112 0
      vertex 0.673779 -5.04191 0
    endloop
  endfacet
  facet normal 0.219122 -0.975698 0
    outer loop
      vertex -0.48596 -4.98494 0
      vertex -0.390181 -4.96343 4
      vertex -0.48596 -4.98494 4
    endloop
  endfacet
  facet normal 0.219122 -0.975698 0
    outer loop
      vertex -0.390181 -4.96343 4
      vertex -0.48596 -4.98494 0
      vertex -0.390181 -4.96343 0
    endloop
  endfacet
  facet normal -0.575839 -0.817563 0
    outer loop
      vertex 1.11114 -5.26206 0
      vertex 1.1914 -5.31859 4
      vertex 1.11114 -5.26206 4
    endloop
  endfacet
  facet normal -0.575839 -0.817563 -0
    outer loop
      vertex 1.1914 -5.31859 4
      vertex 1.11114 -5.26206 0
      vertex 1.1914 -5.31859 0
    endloop
  endfacet
  facet normal 0.313659 -0.949536 0
    outer loop
      vertex -0.673779 -5.04191 0
      vertex -0.580569 -5.01112 4
      vertex -0.673779 -5.04191 4
    endloop
  endfacet
  facet normal 0.313659 -0.949536 0
    outer loop
      vertex -0.580569 -5.01112 4
      vertex -0.673779 -5.04191 0
      vertex -0.580569 -5.01112 0
    endloop
  endfacet
  facet normal -0.817563 -0.575839 0
    outer loop
      vertex 1.66294 -5.81386 0
      vertex 1.60641 -5.7336 4
      vertex 1.60641 -5.7336 0
    endloop
  endfacet
  facet normal -0.817563 -0.575839 0
    outer loop
      vertex 1.60641 -5.7336 4
      vertex 1.66294 -5.81386 0
      vertex 1.66294 -5.81386 4
    endloop
  endfacet
  facet normal 0.985282 0.170937 0
    outer loop
      vertex -1.96157 -7.31518 4
      vertex -1.97835 -7.21846 0
      vertex -1.97835 -7.21846 4
    endloop
  endfacet
  facet normal 0.985282 0.170937 0
    outer loop
      vertex -1.97835 -7.21846 0
      vertex -1.96157 -7.31518 4
      vertex -1.96157 -7.31518 0
    endloop
  endfacet
  facet normal -0.0735505 -0.997291 0
    outer loop
      vertex 0.098135 -4.92741 0
      vertex 0.196033 -4.93463 4
      vertex 0.098135 -4.92741 4
    endloop
  endfacet
  facet normal -0.0735505 -0.997291 -0
    outer loop
      vertex 0.196033 -4.93463 4
      vertex 0.098135 -4.92741 0
      vertex 0.196033 -4.93463 0
    endloop
  endfacet
  facet normal 0.3599 0.932991 -0
    outer loop
      vertex -0.673779 -8.80809 0
      vertex -0.765367 -8.77276 4
      vertex -0.673779 -8.80809 4
    endloop
  endfacet
  facet normal 0.3599 0.932991 0
    outer loop
      vertex -0.765367 -8.77276 4
      vertex -0.673779 -8.80809 0
      vertex -0.765367 -8.77276 0
    endloop
  endfacet
  facet normal -0.985282 -0.170937 0
    outer loop
      vertex 1.97835 -6.63154 0
      vertex 1.96157 -6.53482 4
      vertex 1.96157 -6.53482 0
    endloop
  endfacet
  facet normal -0.985282 -0.170937 0
    outer loop
      vertex 1.96157 -6.53482 4
      vertex 1.97835 -6.63154 0
      vertex 1.97835 -6.63154 4
    endloop
  endfacet
  facet normal -0.492879 -0.870098 0
    outer loop
      vertex 0.942793 -5.16116 0
      vertex 1.0282 -5.20954 4
      vertex 0.942793 -5.16116 4
    endloop
  endfacet
  facet normal -0.492879 -0.870098 -0
    outer loop
      vertex 1.0282 -5.20954 4
      vertex 0.942793 -5.16116 0
      vertex 1.0282 -5.20954 0
    endloop
  endfacet
  facet normal -0.914206 0.40525 0
    outer loop
      vertex 1.80798 -7.78011 0
      vertex 1.84776 -7.69037 4
      vertex 1.84776 -7.69037 0
    endloop
  endfacet
  facet normal -0.914206 0.40525 0
    outer loop
      vertex 1.84776 -7.69037 4
      vertex 1.80798 -7.78011 0
      vertex 1.80798 -7.78011 4
    endloop
  endfacet
  facet normal -0.999699 0.0245494 0
    outer loop
      vertex 1.99759 -7.02314 0
      vertex 2 -6.925 4
      vertex 2 -6.925 0
    endloop
  endfacet
  facet normal -0.999699 0.0245494 0
    outer loop
      vertex 2 -6.925 4
      vertex 1.99759 -7.02314 0
      vertex 1.99759 -7.02314 4
    endloop
  endfacet
  facet normal -0.653187 0.757196 0
    outer loop
      vertex 1.34312 -8.4069 0
      vertex 1.26879 -8.47102 4
      vertex 1.34312 -8.4069 4
    endloop
  endfacet
  facet normal -0.653187 0.757196 0
    outer loop
      vertex 1.26879 -8.47102 4
      vertex 1.34312 -8.4069 0
      vertex 1.26879 -8.47102 0
    endloop
  endfacet
  facet normal -0.3599 -0.932991 0
    outer loop
      vertex 0.673779 -5.04191 0
      vertex 0.765367 -5.07724 4
      vertex 0.673779 -5.04191 4
    endloop
  endfacet
  facet normal -0.3599 -0.932991 -0
    outer loop
      vertex 0.765367 -5.07724 4
      vertex 0.673779 -5.04191 0
      vertex 0.765367 -5.07724 0
    endloop
  endfacet
  facet normal 0.84483 0.535035 0
    outer loop
      vertex -1.66294 -8.03614 4
      vertex -1.71546 -7.95321 0
      vertex -1.71546 -7.95321 4
    endloop
  endfacet
  facet normal 0.84483 0.535035 0
    outer loop
      vertex -1.71546 -7.95321 0
      vertex -1.66294 -8.03614 4
      vertex -1.66294 -8.03614 0
    endloop
  endfacet
  facet normal -0.575839 0.817563 0
    outer loop
      vertex 1.1914 -8.53141 0
      vertex 1.11114 -8.58794 4
      vertex 1.1914 -8.53141 4
    endloop
  endfacet
  facet normal -0.575839 0.817563 0
    outer loop
      vertex 1.11114 -8.58794 4
      vertex 1.1914 -8.53141 0
      vertex 1.11114 -8.58794 0
    endloop
  endfacet
  facet normal -0.975698 -0.219119 0
    outer loop
      vertex 1.96157 -6.53482 0
      vertex 1.94006 -6.43904 4
      vertex 1.94006 -6.43904 0
    endloop
  endfacet
  facet normal -0.975698 -0.219119 0
    outer loop
      vertex 1.94006 -6.43904 4
      vertex 1.96157 -6.53482 0
      vertex 1.96157 -6.53482 4
    endloop
  endfacet
  facet normal -0.724213 -0.689576 0
    outer loop
      vertex 1.4819 -5.58188 0
      vertex 1.41421 -5.51079 4
      vertex 1.41421 -5.51079 0
    endloop
  endfacet
  facet normal -0.724213 -0.689576 0
    outer loop
      vertex 1.41421 -5.51079 4
      vertex 1.4819 -5.58188 0
      vertex 1.4819 -5.58188 4
    endloop
  endfacet
  facet normal 0.757196 0.653187 0
    outer loop
      vertex -1.4819 -8.26812 4
      vertex -1.54602 -8.19379 0
      vertex -1.54602 -8.19379 4
    endloop
  endfacet
  facet normal 0.757196 0.653187 0
    outer loop
      vertex -1.54602 -8.19379 0
      vertex -1.4819 -8.26812 4
      vertex -1.4819 -8.26812 0
    endloop
  endfacet
  facet normal -0.963782 -0.266693 0
    outer loop
      vertex 1.94006 -6.43904 0
      vertex 1.91388 -6.34443 4
      vertex 1.91388 -6.34443 0
    endloop
  endfacet
  facet normal -0.963782 -0.266693 0
    outer loop
      vertex 1.91388 -6.34443 4
      vertex 1.94006 -6.43904 0
      vertex 1.94006 -6.43904 4
    endloop
  endfacet
  facet normal 0.122445 0.992475 -0
    outer loop
      vertex -0.196033 -8.91537 0
      vertex -0.293461 -8.90335 4
      vertex -0.196033 -8.91537 4
    endloop
  endfacet
  facet normal 0.122445 0.992475 0
    outer loop
      vertex -0.293461 -8.90335 4
      vertex -0.196033 -8.91537 0
      vertex -0.293461 -8.90335 0
    endloop
  endfacet
  facet normal -0.534989 -0.844859 0
    outer loop
      vertex 1.0282 -5.20954 0
      vertex 1.11114 -5.26206 4
      vertex 1.0282 -5.20954 4
    endloop
  endfacet
  facet normal -0.534989 -0.844859 -0
    outer loop
      vertex 1.11114 -5.26206 4
      vertex 1.0282 -5.20954 0
      vertex 1.11114 -5.26206 0
    endloop
  endfacet
  facet normal 0.870105 -0.492866 0
    outer loop
      vertex -1.76384 -5.98221 4
      vertex -1.71546 -5.8968 0
      vertex -1.71546 -5.8968 4
    endloop
  endfacet
  facet normal 0.870105 -0.492866 0
    outer loop
      vertex -1.71546 -5.8968 0
      vertex -1.76384 -5.98221 4
      vertex -1.76384 -5.98221 0
    endloop
  endfacet
  facet normal -0.615195 -0.788375 0
    outer loop
      vertex 1.1914 -5.31859 0
      vertex 1.26879 -5.37898 4
      vertex 1.1914 -5.31859 4
    endloop
  endfacet
  facet normal -0.615195 -0.788375 -0
    outer loop
      vertex 1.26879 -5.37898 4
      vertex 1.1914 -5.31859 0
      vertex 1.26879 -5.37898 0
    endloop
  endfacet
  facet normal -0.449645 -0.893208 0
    outer loop
      vertex 0.85511 -5.11702 0
      vertex 0.942793 -5.16116 4
      vertex 0.85511 -5.11702 4
    endloop
  endfacet
  facet normal -0.449645 -0.893208 -0
    outer loop
      vertex 0.942793 -5.16116 4
      vertex 0.85511 -5.11702 0
      vertex 0.942793 -5.16116 0
    endloop
  endfacet
  facet normal 0.757196 -0.653187 0
    outer loop
      vertex -1.54602 -5.65621 4
      vertex -1.4819 -5.58188 0
      vertex -1.4819 -5.58188 4
    endloop
  endfacet
  facet normal 0.757196 -0.653187 0
    outer loop
      vertex -1.4819 -5.58188 0
      vertex -1.54602 -5.65621 4
      vertex -1.54602 -5.65621 0
    endloop
  endfacet
  facet normal 0.932993 0.359894 0
    outer loop
      vertex -1.84776 -7.69037 4
      vertex -1.88309 -7.59878 0
      vertex -1.88309 -7.59878 4
    endloop
  endfacet
  facet normal 0.932993 0.359894 0
    outer loop
      vertex -1.88309 -7.59878 0
      vertex -1.84776 -7.69037 4
      vertex -1.84776 -7.69037 0
    endloop
  endfacet
  facet normal 0.949536 0.313659 0
    outer loop
      vertex -1.88309 -7.59878 4
      vertex -1.91388 -7.50557 0
      vertex -1.91388 -7.50557 4
    endloop
  endfacet
  facet normal 0.949536 0.313659 0
    outer loop
      vertex -1.91388 -7.50557 0
      vertex -1.88309 -7.59878 4
      vertex -1.88309 -7.59878 0
    endloop
  endfacet
  facet normal 0.817563 0.575839 0
    outer loop
      vertex -1.60641 -8.1164 4
      vertex -1.66294 -8.03614 0
      vertex -1.66294 -8.03614 4
    endloop
  endfacet
  facet normal 0.817563 0.575839 0
    outer loop
      vertex -1.66294 -8.03614 0
      vertex -1.60641 -8.1164 4
      vertex -1.60641 -8.1164 0
    endloop
  endfacet
  facet normal -0.932993 -0.359894 0
    outer loop
      vertex 1.88309 -6.25122 0
      vertex 1.84776 -6.15963 4
      vertex 1.84776 -6.15963 0
    endloop
  endfacet
  facet normal -0.932993 -0.359894 0
    outer loop
      vertex 1.84776 -6.15963 4
      vertex 1.88309 -6.25122 0
      vertex 1.88309 -6.25122 4
    endloop
  endfacet
  facet normal 0.975698 0.219119 0
    outer loop
      vertex -1.94006 -7.41096 4
      vertex -1.96157 -7.31518 0
      vertex -1.96157 -7.31518 4
    endloop
  endfacet
  facet normal 0.975698 0.219119 0
    outer loop
      vertex -1.96157 -7.31518 0
      vertex -1.94006 -7.41096 4
      vertex -1.94006 -7.41096 0
    endloop
  endfacet
  facet normal -0.84483 0.535035 0
    outer loop
      vertex 1.66294 -8.03614 0
      vertex 1.71546 -7.95321 4
      vertex 1.71546 -7.95321 0
    endloop
  endfacet
  facet normal -0.84483 0.535035 0
    outer loop
      vertex 1.71546 -7.95321 4
      vertex 1.66294 -8.03614 0
      vertex 1.66294 -8.03614 4
    endloop
  endfacet
  facet normal -0.122445 0.992475 0
    outer loop
      vertex 0.293461 -8.90335 0
      vertex 0.196033 -8.91537 4
      vertex 0.293461 -8.90335 4
    endloop
  endfacet
  facet normal -0.122445 0.992475 0
    outer loop
      vertex 0.196033 -8.91537 4
      vertex 0.293461 -8.90335 0
      vertex 0.196033 -8.91537 0
    endloop
  endfacet
  facet normal -0.492879 0.870098 0
    outer loop
      vertex 1.0282 -8.64046 0
      vertex 0.942793 -8.68884 4
      vertex 1.0282 -8.64046 4
    endloop
  endfacet
  facet normal -0.492879 0.870098 0
    outer loop
      vertex 0.942793 -8.68884 4
      vertex 1.0282 -8.64046 0
      vertex 0.942793 -8.68884 0
    endloop
  endfacet
  facet normal 0.844859 -0.534989 0
    outer loop
      vertex -1.71546 -5.8968 4
      vertex -1.66294 -5.81386 0
      vertex -1.66294 -5.81386 4
    endloop
  endfacet
  facet normal 0.844859 -0.534989 0
    outer loop
      vertex -1.66294 -5.81386 0
      vertex -1.71546 -5.8968 4
      vertex -1.71546 -5.8968 0
    endloop
  endfacet
  facet normal 0.914206 0.40525 0
    outer loop
      vertex -1.80798 -7.78011 4
      vertex -1.84776 -7.69037 0
      vertex -1.84776 -7.69037 4
    endloop
  endfacet
  facet normal 0.914206 0.40525 0
    outer loop
      vertex -1.84776 -7.69037 0
      vertex -1.80798 -7.78011 4
      vertex -1.80798 -7.78011 0
    endloop
  endfacet
  facet normal -0.313659 0.949536 0
    outer loop
      vertex 0.673779 -8.80809 0
      vertex 0.580569 -8.83888 4
      vertex 0.673779 -8.80809 4
    endloop
  endfacet
  facet normal -0.313659 0.949536 0
    outer loop
      vertex 0.580569 -8.83888 4
      vertex 0.673779 -8.80809 0
      vertex 0.580569 -8.83888 0
    endloop
  endfacet
  facet normal -0.449645 0.893208 0
    outer loop
      vertex 0.942793 -8.68884 0
      vertex 0.85511 -8.73298 4
      vertex 0.942793 -8.68884 4
    endloop
  endfacet
  facet normal -0.449645 0.893208 0
    outer loop
      vertex 0.85511 -8.73298 4
      vertex 0.942793 -8.68884 0
      vertex 0.85511 -8.73298 0
    endloop
  endfacet
  facet normal -0.405238 0.914211 0
    outer loop
      vertex 0.85511 -8.73298 0
      vertex 0.765367 -8.77276 4
      vertex 0.85511 -8.73298 4
    endloop
  endfacet
  facet normal -0.405238 0.914211 0
    outer loop
      vertex 0.765367 -8.77276 4
      vertex 0.85511 -8.73298 0
      vertex 0.765367 -8.77276 0
    endloop
  endfacet
  facet normal 0.975698 -0.219119 0
    outer loop
      vertex -1.96157 -6.53482 4
      vertex -1.94006 -6.43904 0
      vertex -1.94006 -6.43904 4
    endloop
  endfacet
  facet normal 0.975698 -0.219119 0
    outer loop
      vertex -1.94006 -6.43904 0
      vertex -1.96157 -6.53482 4
      vertex -1.96157 -6.53482 0
    endloop
  endfacet
  facet normal -0.219122 0.975698 0
    outer loop
      vertex 0.48596 -8.86506 0
      vertex 0.390181 -8.88657 4
      vertex 0.48596 -8.86506 4
    endloop
  endfacet
  facet normal -0.219122 0.975698 0
    outer loop
      vertex 0.390181 -8.88657 4
      vertex 0.48596 -8.86506 0
      vertex 0.390181 -8.88657 0
    endloop
  endfacet
  facet normal -0.689576 -0.724213 0
    outer loop
      vertex 1.34312 -5.4431 0
      vertex 1.41421 -5.51079 4
      vertex 1.34312 -5.4431 4
    endloop
  endfacet
  facet normal -0.689576 -0.724213 -0
    outer loop
      vertex 1.41421 -5.51079 4
      vertex 1.34312 -5.4431 0
      vertex 1.41421 -5.51079 0
    endloop
  endfacet
  facet normal 0.575839 -0.817563 0
    outer loop
      vertex -1.1914 -5.31859 0
      vertex -1.11114 -5.26206 4
      vertex -1.1914 -5.31859 4
    endloop
  endfacet
  facet normal 0.575839 -0.817563 0
    outer loop
      vertex -1.11114 -5.26206 4
      vertex -1.1914 -5.31859 0
      vertex -1.11114 -5.26206 0
    endloop
  endfacet
  facet normal 0.724213 -0.689576 0
    outer loop
      vertex -1.4819 -5.58188 4
      vertex -1.41421 -5.51079 0
      vertex -1.41421 -5.51079 4
    endloop
  endfacet
  facet normal 0.724213 -0.689576 0
    outer loop
      vertex -1.41421 -5.51079 0
      vertex -1.4819 -5.58188 4
      vertex -1.4819 -5.58188 0
    endloop
  endfacet
  facet normal -0.985282 0.170937 0
    outer loop
      vertex 1.96157 -7.31518 0
      vertex 1.97835 -7.21846 4
      vertex 1.97835 -7.21846 0
    endloop
  endfacet
  facet normal -0.985282 0.170937 0
    outer loop
      vertex 1.97835 -7.21846 4
      vertex 1.96157 -7.31518 0
      vertex 1.96157 -7.31518 4
    endloop
  endfacet
  facet normal 0.219122 0.975698 -0
    outer loop
      vertex -0.390181 -8.88657 0
      vertex -0.48596 -8.86506 4
      vertex -0.390181 -8.88657 4
    endloop
  endfacet
  facet normal 0.219122 0.975698 0
    outer loop
      vertex -0.48596 -8.86506 4
      vertex -0.390181 -8.88657 0
      vertex -0.48596 -8.86506 0
    endloop
  endfacet
  facet normal -0.3599 0.932991 0
    outer loop
      vertex 0.765367 -8.77276 0
      vertex 0.673779 -8.80809 4
      vertex 0.765367 -8.77276 4
    endloop
  endfacet
  facet normal -0.3599 0.932991 0
    outer loop
      vertex 0.673779 -8.80809 4
      vertex 0.765367 -8.77276 0
      vertex 0.673779 -8.80809 0
    endloop
  endfacet
  facet normal 0.615195 -0.788375 0
    outer loop
      vertex -1.26879 -5.37898 0
      vertex -1.1914 -5.31859 4
      vertex -1.26879 -5.37898 4
    endloop
  endfacet
  facet normal 0.615195 -0.788375 0
    outer loop
      vertex -1.1914 -5.31859 4
      vertex -1.26879 -5.37898 0
      vertex -1.1914 -5.31859 0
    endloop
  endfacet
  facet normal 0.534989 -0.844859 0
    outer loop
      vertex -1.11114 -5.26206 0
      vertex -1.0282 -5.20954 4
      vertex -1.11114 -5.26206 4
    endloop
  endfacet
  facet normal 0.534989 -0.844859 0
    outer loop
      vertex -1.0282 -5.20954 4
      vertex -1.11114 -5.26206 0
      vertex -1.0282 -5.20954 0
    endloop
  endfacet
  facet normal 0.963782 -0.266693 0
    outer loop
      vertex -1.94006 -6.43904 4
      vertex -1.91388 -6.34443 0
      vertex -1.91388 -6.34443 4
    endloop
  endfacet
  facet normal 0.963782 -0.266693 0
    outer loop
      vertex -1.91388 -6.34443 0
      vertex -1.94006 -6.43904 4
      vertex -1.94006 -6.43904 0
    endloop
  endfacet
  facet normal 0.534989 0.844859 -0
    outer loop
      vertex -1.0282 -8.64046 0
      vertex -1.11114 -8.58794 4
      vertex -1.0282 -8.64046 4
    endloop
  endfacet
  facet normal 0.534989 0.844859 0
    outer loop
      vertex -1.11114 -8.58794 4
      vertex -1.0282 -8.64046 0
      vertex -1.11114 -8.58794 0
    endloop
  endfacet
  facet normal 0.997292 -0.073549 0
    outer loop
      vertex -1.99759 -6.82687 4
      vertex -1.99037 -6.72897 0
      vertex -1.99037 -6.72897 4
    endloop
  endfacet
  facet normal 0.997292 -0.073549 0
    outer loop
      vertex -1.99037 -6.72897 0
      vertex -1.99759 -6.82687 4
      vertex -1.99759 -6.82687 0
    endloop
  endfacet
  facet normal 0.985282 -0.170937 0
    outer loop
      vertex -1.97835 -6.63154 4
      vertex -1.96157 -6.53482 0
      vertex -1.96157 -6.53482 4
    endloop
  endfacet
  facet normal 0.985282 -0.170937 0
    outer loop
      vertex -1.96157 -6.53482 0
      vertex -1.97835 -6.63154 4
      vertex -1.97835 -6.63154 0
    endloop
  endfacet
  facet normal 0.170937 0.985282 -0
    outer loop
      vertex -0.293461 -8.90335 0
      vertex -0.390181 -8.88657 4
      vertex -0.293461 -8.90335 4
    endloop
  endfacet
  facet normal 0.170937 0.985282 0
    outer loop
      vertex -0.390181 -8.88657 4
      vertex -0.293461 -8.90335 0
      vertex -0.390181 -8.88657 0
    endloop
  endfacet
  facet normal 0.266695 -0.963781 0
    outer loop
      vertex -0.580569 -5.01112 0
      vertex -0.48596 -4.98494 4
      vertex -0.580569 -5.01112 4
    endloop
  endfacet
  facet normal 0.266695 -0.963781 0
    outer loop
      vertex -0.48596 -4.98494 4
      vertex -0.580569 -5.01112 0
      vertex -0.48596 -4.98494 0
    endloop
  endfacet
  facet normal 0.788375 0.615195 0
    outer loop
      vertex -1.54602 -8.19379 4
      vertex -1.60641 -8.1164 0
      vertex -1.60641 -8.1164 4
    endloop
  endfacet
  facet normal 0.788375 0.615195 0
    outer loop
      vertex -1.60641 -8.1164 0
      vertex -1.54602 -8.19379 4
      vertex -1.54602 -8.19379 0
    endloop
  endfacet
  facet normal -0.170937 -0.985282 0
    outer loop
      vertex 0.293461 -4.94665 0
      vertex 0.390181 -4.96343 4
      vertex 0.293461 -4.94665 4
    endloop
  endfacet
  facet normal -0.170937 -0.985282 -0
    outer loop
      vertex 0.390181 -4.96343 4
      vertex 0.293461 -4.94665 0
      vertex 0.390181 -4.96343 0
    endloop
  endfacet
  facet normal 0.914206 -0.40525 0
    outer loop
      vertex -1.84776 -6.15963 4
      vertex -1.80798 -6.06989 0
      vertex -1.80798 -6.06989 4
    endloop
  endfacet
  facet normal 0.914206 -0.40525 0
    outer loop
      vertex -1.80798 -6.06989 0
      vertex -1.84776 -6.15963 4
      vertex -1.84776 -6.15963 0
    endloop
  endfacet
  facet normal -0.266695 -0.963781 0
    outer loop
      vertex 0.48596 -4.98494 0
      vertex 0.580569 -5.01112 4
      vertex 0.48596 -4.98494 4
    endloop
  endfacet
  facet normal -0.266695 -0.963781 -0
    outer loop
      vertex 0.580569 -5.01112 4
      vertex 0.48596 -4.98494 0
      vertex 0.580569 -5.01112 0
    endloop
  endfacet
  facet normal 0.449645 0.893208 -0
    outer loop
      vertex -0.85511 -8.73298 0
      vertex -0.942793 -8.68884 4
      vertex -0.85511 -8.73298 4
    endloop
  endfacet
  facet normal 0.449645 0.893208 0
    outer loop
      vertex -0.942793 -8.68884 4
      vertex -0.85511 -8.73298 0
      vertex -0.942793 -8.68884 0
    endloop
  endfacet
  facet normal 0.615195 0.788375 -0
    outer loop
      vertex -1.1914 -8.53141 0
      vertex -1.26879 -8.47102 4
      vertex -1.1914 -8.53141 4
    endloop
  endfacet
  facet normal 0.615195 0.788375 0
    outer loop
      vertex -1.26879 -8.47102 4
      vertex -1.1914 -8.53141 0
      vertex -1.26879 -8.47102 0
    endloop
  endfacet
  facet normal -0.757196 -0.653187 0
    outer loop
      vertex 1.54602 -5.65621 0
      vertex 1.4819 -5.58188 4
      vertex 1.4819 -5.58188 0
    endloop
  endfacet
  facet normal -0.757196 -0.653187 0
    outer loop
      vertex 1.4819 -5.58188 4
      vertex 1.54602 -5.65621 0
      vertex 1.54602 -5.65621 4
    endloop
  endfacet
  facet normal 0.963782 0.266693 0
    outer loop
      vertex -1.91388 -7.50557 4
      vertex -1.94006 -7.41096 0
      vertex -1.94006 -7.41096 4
    endloop
  endfacet
  facet normal 0.963782 0.266693 0
    outer loop
      vertex -1.94006 -7.41096 0
      vertex -1.91388 -7.50557 4
      vertex -1.91388 -7.50557 0
    endloop
  endfacet
  facet normal -0.932993 0.359894 0
    outer loop
      vertex 1.84776 -7.69037 0
      vertex 1.88309 -7.59878 4
      vertex 1.88309 -7.59878 0
    endloop
  endfacet
  facet normal -0.932993 0.359894 0
    outer loop
      vertex 1.88309 -7.59878 4
      vertex 1.84776 -7.69037 0
      vertex 1.84776 -7.69037 4
    endloop
  endfacet
  facet normal 0.405238 -0.914211 0
    outer loop
      vertex -0.85511 -5.11702 0
      vertex -0.765367 -5.07724 4
      vertex -0.85511 -5.11702 4
    endloop
  endfacet
  facet normal 0.405238 -0.914211 0
    outer loop
      vertex -0.765367 -5.07724 4
      vertex -0.85511 -5.11702 0
      vertex -0.765367 -5.07724 0
    endloop
  endfacet
  facet normal 0.575839 0.817563 -0
    outer loop
      vertex -1.11114 -8.58794 0
      vertex -1.1914 -8.53141 4
      vertex -1.11114 -8.58794 4
    endloop
  endfacet
  facet normal 0.575839 0.817563 0
    outer loop
      vertex -1.1914 -8.53141 4
      vertex -1.11114 -8.58794 0
      vertex -1.1914 -8.53141 0
    endloop
  endfacet
  facet normal 0.893201 0.449657 0
    outer loop
      vertex -1.76384 -7.86779 4
      vertex -1.80798 -7.78011 0
      vertex -1.80798 -7.78011 4
    endloop
  endfacet
  facet normal 0.893201 0.449657 0
    outer loop
      vertex -1.80798 -7.78011 0
      vertex -1.76384 -7.86779 4
      vertex -1.76384 -7.86779 0
    endloop
  endfacet
  facet normal 0 -0.12241 0.99248
    outer loop
      vertex 13.0927 7.10841 8.76353
      vertex 6.62199 7.04752 8.75602
      vertex 13.1272 7.04752 8.75602
    endloop
  endfacet
  facet normal 0 -0.12241 0.99248
    outer loop
      vertex 6.62199 7.04752 8.75602
      vertex 13.0927 7.10841 8.76353
      vertex 6.6205 7.10841 8.76353
    endloop
  endfacet
  facet normal 0 -0.893218 0.449624
    outer loop
      vertex 6.53068 8.0274 9.41075
      vertex 12.5301 8.05499 9.46556
      vertex 6.5259 8.05499 9.46556
    endloop
  endfacet
  facet normal 0 -0.893218 0.449624
    outer loop
      vertex 12.5301 8.05499 9.46556
      vertex 6.53068 8.0274 9.41075
      vertex 12.5476 8.0274 9.41075
    endloop
  endfacet
  facet normal 0 -0.492412 -0.870362
    outer loop
      vertex 6.59753 7.51425 11.1024
      vertex 12.8326 7.56763 11.0722
      vertex 12.8628 7.51425 11.1024
    endloop
  endfacet
  facet normal -0 -0.492412 -0.870362
    outer loop
      vertex 12.8326 7.56763 11.0722
      vertex 6.59753 7.51425 11.1024
      vertex 6.5936 7.56763 11.0722
    endloop
  endfacet
  facet normal 0 0.219035 0.975717
    outer loop
      vertex 6.61754 6.62127 8.78746
      vertex 13.3131 6.68114 8.77402
      vertex 6.61901 6.68114 8.77402
    endloop
  endfacet
  facet normal 0 0.219035 0.975717
    outer loop
      vertex 13.3131 6.68114 8.77402
      vertex 6.61754 6.62127 8.78746
      vertex 13.3432 6.62127 8.78746
    endloop
  endfacet
  facet normal 0 -0.99248 0.12241
    outer loop
      vertex 6.50742 8.16147 9.81659
      vertex 12.4579 8.16898 9.87748
      vertex 6.50612 8.16898 9.87748
    endloop
  endfacet
  facet normal 0 -0.99248 0.12241
    outer loop
      vertex 12.4579 8.16898 9.87748
      vertex 6.50742 8.16147 9.81659
      vertex 12.4627 8.16147 9.81659
    endloop
  endfacet
  facet normal 0 -0.266618 0.963802
    outer loop
      vertex 12.991 7.28786 8.80382
      vertex 6.61754 7.22872 8.78746
      vertex 13.0245 7.22872 8.78746
    endloop
  endfacet
  facet normal 1.63855e-06 -0.266782 0.963757
    outer loop
      vertex 12.991 7.28786 8.80382
      vertex 6.61702 7.25007 8.79337
      vertex 6.61754 7.22872 8.78746
    endloop
  endfacet
  facet normal 0 -0.266526 0.963828
    outer loop
      vertex 6.61702 7.25007 8.79337
      vertex 12.991 7.28786 8.80382
      vertex 6.61423 7.28786 8.80382
    endloop
  endfacet
  facet normal 0 -0.449754 -0.893153
    outer loop
      vertex 6.60158 7.45944 11.13
      vertex 12.8628 7.51425 11.1024
      vertex 12.8938 7.45944 11.13
    endloop
  endfacet
  facet normal -0 -0.449754 -0.893153
    outer loop
      vertex 12.8628 7.51425 11.1024
      vertex 6.60158 7.45944 11.13
      vertex 6.59753 7.51425 11.1024
    endloop
  endfacet
  facet normal 0 0.997295 0.0735055
    outer loop
      vertex 13.7739 5.68102 9.87748
      vertex 6.50533 5.67651 9.93867
      vertex 13.7756 5.67651 9.93867
    endloop
  endfacet
  facet normal 0 0.997295 0.0735055
    outer loop
      vertex 6.50533 5.67651 9.93867
      vertex 13.7739 5.68102 9.87748
      vertex 6.50612 5.68102 9.87748
    endloop
  endfacet
  facet normal 0 -0.171135 -0.985248
    outer loop
      vertex 6.6205 7.10841 11.2365
      vertex 13.0585 7.16886 11.226
      vertex 13.0927 7.10841 11.2365
    endloop
  endfacet
  facet normal -0 -0.171135 -0.985248
    outer loop
      vertex 13.0585 7.16886 11.226
      vertex 6.6205 7.10841 11.2365
      vertex 6.61901 7.16886 11.226
    endloop
  endfacet
  facet normal 0 -0.997295 0.0735055
    outer loop
      vertex 6.50612 8.16898 9.87748
      vertex 12.4551 8.17349 9.93867
      vertex 6.50533 8.17349 9.93867
    endloop
  endfacet
  facet normal 0 -0.997295 0.0735055
    outer loop
      vertex 12.4551 8.17349 9.93867
      vertex 6.50612 8.16898 9.87748
      vertex 12.4579 8.16898 9.87748
    endloop
  endfacet
  facet normal 0 0.653391 -0.757021
    outer loop
      vertex 6.56965 6.08555 10.9262
      vertex 13.5752 6.13201 10.9663
      vertex 13.5958 6.08555 10.9262
    endloop
  endfacet
  facet normal 0 0.653391 -0.757021
    outer loop
      vertex 13.5752 6.13201 10.9663
      vertex 6.56965 6.08555 10.9262
      vertex 6.57538 6.13201 10.9663
    endloop
  endfacet
  facet normal 0 -0.757263 0.65311
    outer loop
      vertex 6.55896 7.85119 9.16055
      vertex 12.6338 7.89126 9.20701
      vertex 6.55401 7.89126 9.20701
    endloop
  endfacet
  facet normal 0 -0.757263 0.65311
    outer loop
      vertex 12.6338 7.89126 9.20701
      vertex 6.55896 7.85119 9.16055
      vertex 12.6592 7.85119 9.16055
    endloop
  endfacet
  facet normal 0 -0.0244505 0.999701
    outer loop
      vertex 13.1595 6.98633 8.7515
      vertex 6.62349 6.98633 8.7515
      vertex 6.625 6.925 8.75
    endloop
  endfacet
  facet normal 0 -0.0244505 0.999701
    outer loop
      vertex 13.1595 6.98633 8.7515
      vertex 6.625 6.925 8.75
      vertex 13.1904 6.925 8.75
    endloop
  endfacet
  facet normal 0 -0.653391 -0.757021
    outer loop
      vertex 6.57538 7.71799 10.9663
      vertex 12.7141 7.76445 10.9262
      vertex 12.7435 7.71799 10.9663
    endloop
  endfacet
  facet normal -0 -0.653391 -0.757021
    outer loop
      vertex 12.7141 7.76445 10.9262
      vertex 6.57538 7.71799 10.9663
      vertex 6.56965 7.76445 10.9262
    endloop
  endfacet
  facet normal 0 0.817559 0.575845
    outer loop
      vertex 13.6687 5.92099 9.25538
      vertex 6.54163 5.88566 9.30554
      vertex 13.6844 5.88566 9.30554
    endloop
  endfacet
  facet normal 0 0.817559 0.575845
    outer loop
      vertex 6.54163 5.88566 9.30554
      vertex 13.6687 5.92099 9.25538
      vertex 6.54776 5.92099 9.25538
    endloop
  endfacet
  facet normal 0 0.360125 -0.932904
    outer loop
      vertex 6.60571 6.44664 11.1548
      vertex 13.4023 6.50389 11.1769
      vertex 13.4311 6.44664 11.1548
    endloop
  endfacet
  facet normal 0 0.360125 -0.932904
    outer loop
      vertex 13.4023 6.50389 11.1769
      vertex 6.60571 6.44664 11.1548
      vertex 6.60994 6.50389 11.1769
    endloop
  endfacet
  facet normal 0 0.404443 -0.914563
    outer loop
      vertex 6.60158 6.39056 11.13
      vertex 13.4311 6.44664 11.1548
      vertex 13.4594 6.39056 11.13
    endloop
  endfacet
  facet normal 0 0.404443 -0.914563
    outer loop
      vertex 13.4311 6.44664 11.1548
      vertex 6.60158 6.39056 11.13
      vertex 6.60571 6.44664 11.1548
    endloop
  endfacet
  facet normal 0 -0.615249 0.788333
    outer loop
      vertex 12.7435 7.71799 9.03374
      vertex 6.58135 7.66962 8.99599
      vertex 12.7741 7.66962 8.99599
    endloop
  endfacet
  facet normal 0 -0.615249 0.788333
    outer loop
      vertex 6.58135 7.66962 8.99599
      vertex 12.7435 7.71799 9.03374
      vertex 6.57538 7.71799 9.03374
    endloop
  endfacet
  facet normal -0 -0.997296 -0.0734935
    outer loop
      vertex 12.4551 8.17349 10.0613
      vertex 6.50612 8.16898 10.1225
      vertex 6.50533 8.17349 10.0613
    endloop
  endfacet
  facet normal 0 -0.997296 -0.0734935
    outer loop
      vertex 6.50612 8.16898 10.1225
      vertex 12.4551 8.17349 10.0613
      vertex 12.4579 8.16898 10.1225
    endloop
  endfacet
  facet normal 0 0.614742 -0.788728
    outer loop
      vertex 6.57538 6.13201 10.9663
      vertex 13.5537 6.18038 11.004
      vertex 13.5752 6.13201 10.9663
    endloop
  endfacet
  facet normal 0 0.614742 -0.788728
    outer loop
      vertex 13.5537 6.18038 11.004
      vertex 6.57538 6.13201 10.9663
      vertex 6.58135 6.18038 11.004
    endloop
  endfacet
  facet normal 0 0.0244466 0.999701
    outer loop
      vertex 6.62349 6.86366 8.7515
      vertex 13.1904 6.925 8.75
      vertex 6.625 6.925 8.75
    endloop
  endfacet
  facet normal 0 0.0244466 0.999701
    outer loop
      vertex 13.1904 6.925 8.75
      vertex 6.62349 6.86366 8.7515
      vertex 13.2212 6.86366 8.7515
    endloop
  endfacet
  facet normal 0 0.615249 0.788333
    outer loop
      vertex 6.57538 6.13201 9.03374
      vertex 13.5537 6.18038 8.99599
      vertex 6.58135 6.18038 8.99599
    endloop
  endfacet
  facet normal 0 0.615249 0.788333
    outer loop
      vertex 13.5537 6.18038 8.99599
      vertex 6.57538 6.13201 9.03374
      vertex 13.5752 6.13201 9.03374
    endloop
  endfacet
  facet normal 0 0.492906 0.870083
    outer loop
      vertex 6.5936 6.28237 8.92784
      vertex 13.4849 6.33575 8.8976
      vertex 6.59753 6.33575 8.8976
    endloop
  endfacet
  facet normal 0 0.492906 0.870083
    outer loop
      vertex 13.4849 6.33575 8.8976
      vertex 6.5936 6.28237 8.92784
      vertex 13.5085 6.28237 8.92784
    endloop
  endfacet
  facet normal 0 -0.949544 0.313635
    outer loop
      vertex 6.51775 8.10193 9.57889
      vertex 12.4882 8.12117 9.63714
      vertex 6.51441 8.12117 9.63714
    endloop
  endfacet
  facet normal 0 -0.949544 0.313635
    outer loop
      vertex 12.4882 8.12117 9.63714
      vertex 6.51775 8.10193 9.57889
      vertex 12.5004 8.10193 9.57889
    endloop
  endfacet
  facet normal 0 0.997296 -0.0734935
    outer loop
      vertex 6.50533 5.67651 10.0613
      vertex 13.7739 5.68102 10.1225
      vertex 13.7756 5.67651 10.0613
    endloop
  endfacet
  facet normal 0 0.997296 -0.0734935
    outer loop
      vertex 13.7739 5.68102 10.1225
      vertex 6.50533 5.67651 10.0613
      vertex 6.50612 5.68102 10.1225
    endloop
  endfacet
  facet normal 0 -0.534986 0.844861
    outer loop
      vertex 12.8032 7.61946 8.96066
      vertex 6.5936 7.56763 8.92784
      vertex 12.8326 7.56763 8.92784
    endloop
  endfacet
  facet normal -1.67307e-06 -0.534843 0.844951
    outer loop
      vertex 12.8032 7.61946 8.96066
      vertex 6.5931 7.57436 8.9321
      vertex 6.5936 7.56763 8.92784
    endloop
  endfacet
  facet normal 0 -0.535008 0.844847
    outer loop
      vertex 6.5931 7.57436 8.9321
      vertex 12.8032 7.61946 8.96066
      vertex 6.58754 7.61946 8.96066
    endloop
  endfacet
  facet normal 0 -0.449624 0.893218
    outer loop
      vertex 12.8628 7.51425 8.8976
      vertex 6.60158 7.45944 8.87001
      vertex 12.8938 7.45944 8.87001
    endloop
  endfacet
  facet normal 0 -0.449624 0.893218
    outer loop
      vertex 6.60158 7.45944 8.87001
      vertex 12.8628 7.51425 8.8976
      vertex 6.59753 7.51425 8.8976
    endloop
  endfacet
  facet normal -0 -0.893185 -0.449689
    outer loop
      vertex 12.5301 8.05499 10.5344
      vertex 6.53068 8.0274 10.5892
      vertex 6.5259 8.05499 10.5344
    endloop
  endfacet
  facet normal 0 -0.893185 -0.449689
    outer loop
      vertex 6.53068 8.0274 10.5892
      vertex 12.5301 8.05499 10.5344
      vertex 12.5476 8.0274 10.5892
    endloop
  endfacet
  facet normal 0 0.0733553 -0.997306
    outer loop
      vertex 6.62199 6.80248 11.244
      vertex 13.2212 6.86366 11.2485
      vertex 13.252 6.80248 11.244
    endloop
  endfacet
  facet normal 0 0.0733553 -0.997306
    outer loop
      vertex 13.2212 6.86366 11.2485
      vertex 6.62199 6.80248 11.244
      vertex 6.62349 6.86366 11.2485
    endloop
  endfacet
  facet normal 0 -0.963749 0.266812
    outer loop
      vertex 6.51441 8.12117 9.63714
      vertex 12.4778 8.13754 9.69627
      vertex 6.51157 8.13754 9.69627
    endloop
  endfacet
  facet normal 0 -0.963749 0.266812
    outer loop
      vertex 12.4778 8.13754 9.69627
      vertex 6.51441 8.12117 9.63714
      vertex 12.4882 8.12117 9.63714
    endloop
  endfacet
  facet normal 0 -0.313782 0.949495
    outer loop
      vertex 12.958 7.34611 8.82307
      vertex 6.61423 7.28786 8.80382
      vertex 12.991 7.28786 8.80382
    endloop
  endfacet
  facet normal 0 -0.313782 0.949495
    outer loop
      vertex 6.61423 7.28786 8.80382
      vertex 12.958 7.34611 8.82307
      vertex 6.60994 7.34611 8.82307
    endloop
  endfacet
  facet normal -0 -0.724715 -0.689049
    outer loop
      vertex 12.6592 7.85119 10.8394
      vertex 6.56417 7.80888 10.8839
      vertex 6.55896 7.85119 10.8394
    endloop
  endfacet
  facet normal 0 -0.724715 -0.689049
    outer loop
      vertex 6.56417 7.80888 10.8839
      vertex 12.6592 7.85119 10.8394
      vertex 12.686 7.80888 10.8839
    endloop
  endfacet
  facet normal -0 -0.992482 -0.12239
    outer loop
      vertex 12.4579 8.16898 10.1225
      vertex 6.50742 8.16147 10.1834
      vertex 6.50612 8.16898 10.1225
    endloop
  endfacet
  facet normal 0 -0.992482 -0.12239
    outer loop
      vertex 6.50742 8.16147 10.1834
      vertex 12.4579 8.16898 10.1225
      vertex 12.4627 8.16147 10.1834
    endloop
  endfacet
  facet normal 0 -0.724173 0.689619
    outer loop
      vertex 6.56417 7.80888 9.11612
      vertex 12.6592 7.85119 9.16055
      vertex 6.55896 7.85119 9.16055
    endloop
  endfacet
  facet normal 0 -0.724173 0.689619
    outer loop
      vertex 12.6592 7.85119 9.16055
      vertex 6.56417 7.80888 9.11612
      vertex 12.686 7.80888 9.11612
    endloop
  endfacet
  facet normal -0 -0.975662 -0.219279
    outer loop
      vertex 12.4693 8.15098 10.2439
      vertex 6.51157 8.13754 10.3037
      vertex 6.50924 8.15098 10.2439
    endloop
  endfacet
  facet normal 0 -0.975662 -0.219279
    outer loop
      vertex 6.51157 8.13754 10.3037
      vertex 12.4693 8.15098 10.2439
      vertex 12.4778 8.13754 10.3037
    endloop
  endfacet
  facet normal 0 0.534843 0.844951
    outer loop
      vertex 6.5931 6.27564 8.9321
      vertex 13.5085 6.28237 8.92784
      vertex 6.5936 6.28237 8.92784
    endloop
  endfacet
  facet normal -2.24319e-07 0.535008 0.844847
    outer loop
      vertex 6.58754 6.23054 8.96066
      vertex 13.5085 6.28237 8.92784
      vertex 6.5931 6.27564 8.9321
    endloop
  endfacet
  facet normal 0 0.534986 0.844861
    outer loop
      vertex 13.5085 6.28237 8.92784
      vertex 6.58754 6.23054 8.96066
      vertex 13.5315 6.23054 8.96066
    endloop
  endfacet
  facet normal 0 0.405261 0.914201
    outer loop
      vertex 6.60158 6.39056 8.87001
      vertex 13.4311 6.44664 8.84515
      vertex 6.60571 6.44664 8.84515
    endloop
  endfacet
  facet normal 0 0.405261 0.914201
    outer loop
      vertex 13.4311 6.44664 8.84515
      vertex 6.60158 6.39056 8.87001
      vertex 13.4594 6.39056 8.87001
    endloop
  endfacet
  facet normal 0 0.963872 -0.266367
    outer loop
      vertex 6.51157 5.71246 10.3037
      vertex 13.7539 5.72882 10.3629
      vertex 13.7612 5.71246 10.3037
    endloop
  endfacet
  facet normal 0 0.963872 -0.266367
    outer loop
      vertex 13.7539 5.72882 10.3629
      vertex 6.51157 5.71246 10.3037
      vertex 6.51441 5.72882 10.3629
    endloop
  endfacet
  facet normal 0 0.314516 -0.949252
    outer loop
      vertex 6.60994 6.50389 11.1769
      vertex 13.373 6.56214 11.1962
      vertex 13.4023 6.50389 11.1769
    endloop
  endfacet
  facet normal 0 0.314516 -0.949252
    outer loop
      vertex 13.373 6.56214 11.1962
      vertex 6.60994 6.50389 11.1769
      vertex 6.61423 6.56214 11.1962
    endloop
  endfacet
  facet normal 0 -0.932992 0.359896
    outer loop
      vertex 6.52158 8.07985 9.52165
      vertex 12.5004 8.10193 9.57889
      vertex 6.51775 8.10193 9.57889
    endloop
  endfacet
  facet normal 0 -0.932992 0.359896
    outer loop
      vertex 12.5004 8.10193 9.57889
      vertex 6.52158 8.07985 9.52165
      vertex 12.5144 8.07985 9.52165
    endloop
  endfacet
  facet normal 0 0.65311 0.757263
    outer loop
      vertex 6.56965 6.08555 9.07381
      vertex 13.5752 6.13201 9.03374
      vertex 6.57538 6.13201 9.03374
    endloop
  endfacet
  facet normal 0 0.65311 0.757263
    outer loop
      vertex 13.5752 6.13201 9.03374
      vertex 6.56965 6.08555 9.07381
      vertex 13.5958 6.08555 9.07381
    endloop
  endfacet
  facet normal 0 -0.0244505 -0.999701
    outer loop
      vertex 6.625 6.925 11.25
      vertex 13.1595 6.98633 11.2485
      vertex 13.1904 6.925 11.25
    endloop
  endfacet
  facet normal -0 -0.0244505 -0.999701
    outer loop
      vertex 13.1595 6.98633 11.2485
      vertex 6.625 6.925 11.25
      vertex 6.62349 6.98633 11.2485
    endloop
  endfacet
  facet normal 0 -0.870083 0.492906
    outer loop
      vertex 6.53593 7.99716 9.35737
      vertex 12.5476 8.0274 9.41075
      vertex 6.53068 8.0274 9.41075
    endloop
  endfacet
  facet normal 0 -0.870083 0.492906
    outer loop
      vertex 12.5476 8.0274 9.41075
      vertex 6.53593 7.99716 9.35737
      vertex 12.5667 7.99716 9.35737
    endloop
  endfacet
  facet normal 0 -0.914228 0.405201
    outer loop
      vertex 6.5259 8.05499 9.46556
      vertex 12.5144 8.07985 9.52165
      vertex 6.52158 8.07985 9.52165
    endloop
  endfacet
  facet normal 0 -0.914228 0.405201
    outer loop
      vertex 12.5144 8.07985 9.52165
      vertex 6.5259 8.05499 9.46556
      vertex 12.5301 8.05499 9.46556
    endloop
  endfacet
  facet normal 0 0.359842 0.933013
    outer loop
      vertex 6.60571 6.44664 8.84515
      vertex 13.4023 6.50389 8.82307
      vertex 6.60994 6.50389 8.82307
    endloop
  endfacet
  facet normal 0 0.359842 0.933013
    outer loop
      vertex 13.4023 6.50389 8.82307
      vertex 6.60571 6.44664 8.84515
      vertex 13.4311 6.44664 8.84515
    endloop
  endfacet
  facet normal 0 -0.359896 0.932992
    outer loop
      vertex 12.9256 7.40335 8.84515
      vertex 6.60994 7.34611 8.82307
      vertex 12.958 7.34611 8.82307
    endloop
  endfacet
  facet normal 0 -0.359896 0.932992
    outer loop
      vertex 6.60994 7.34611 8.82307
      vertex 12.9256 7.40335 8.84515
      vertex 6.60571 7.40335 8.84515
    endloop
  endfacet
  facet normal 0 -0.817559 0.575845
    outer loop
      vertex 6.54776 7.92901 9.25538
      vertex 12.5875 7.96434 9.30554
      vertex 6.54163 7.96434 9.30554
    endloop
  endfacet
  facet normal 0 -0.817559 0.575845
    outer loop
      vertex 12.5875 7.96434 9.30554
      vertex 6.54776 7.92901 9.25538
      vertex 12.6099 7.92901 9.25538
    endloop
  endfacet
  facet normal 0 -0.492906 0.870083
    outer loop
      vertex 12.8326 7.56763 8.92784
      vertex 6.59753 7.51425 8.8976
      vertex 12.8628 7.51425 8.8976
    endloop
  endfacet
  facet normal 0 -0.492906 0.870083
    outer loop
      vertex 6.59753 7.51425 8.8976
      vertex 12.8326 7.56763 8.92784
      vertex 6.5936 7.56763 8.92784
    endloop
  endfacet
  facet normal 0 -0.844861 0.534986
    outer loop
      vertex 6.54163 7.96434 9.30554
      vertex 12.5667 7.99716 9.35737
      vertex 6.53593 7.99716 9.35737
    endloop
  endfacet
  facet normal 0 -0.844861 0.534986
    outer loop
      vertex 12.5667 7.99716 9.35737
      vertex 6.54163 7.96434 9.30554
      vertex 12.5875 7.96434 9.30554
    endloop
  endfacet
  facet normal -0.00159775 -0.0745063 0.997219
    outer loop
      vertex 13.1272 7.04752 8.75602
      vertex 13.1595 6.98633 8.7515
      vertex 13.1406 7.02381 8.75427
    endloop
  endfacet
  facet normal 0 -0.0736676 0.997283
    outer loop
      vertex 13.1272 7.04752 8.75602
      vertex 6.62349 6.98633 8.7515
      vertex 13.1595 6.98633 8.7515
    endloop
  endfacet
  facet normal 0 -0.0736676 0.997283
    outer loop
      vertex 6.62349 6.98633 8.7515
      vertex 13.1272 7.04752 8.75602
      vertex 6.62199 7.04752 8.75602
    endloop
  endfacet
  facet normal 0 0.949415 -0.314025
    outer loop
      vertex 6.51441 5.72882 10.3629
      vertex 13.7454 5.74807 10.4211
      vertex 13.7539 5.72882 10.3629
    endloop
  endfacet
  facet normal 0 0.949415 -0.314025
    outer loop
      vertex 13.7454 5.74807 10.4211
      vertex 6.51441 5.72882 10.3629
      vertex 6.51775 5.74807 10.4211
    endloop
  endfacet
  facet normal 0 0.575518 -0.817789
    outer loop
      vertex 6.58135 6.18038 11.004
      vertex 13.5315 6.23054 11.0393
      vertex 13.5537 6.18038 11.004
    endloop
  endfacet
  facet normal 0 0.575518 -0.817789
    outer loop
      vertex 13.5315 6.23054 11.0393
      vertex 6.58135 6.18038 11.004
      vertex 6.58754 6.23054 11.0393
    endloop
  endfacet
  facet normal 0 -0.314516 -0.949252
    outer loop
      vertex 6.61423 7.28786 11.1962
      vertex 12.958 7.34611 11.1769
      vertex 12.991 7.28786 11.1962
    endloop
  endfacet
  facet normal -0 -0.314516 -0.949252
    outer loop
      vertex 12.958 7.34611 11.1769
      vertex 6.61423 7.28786 11.1962
      vertex 6.60994 7.34611 11.1769
    endloop
  endfacet
  facet normal 0 0.817234 -0.576305
    outer loop
      vertex 6.54163 5.88566 10.6945
      vertex 13.6687 5.92099 10.7446
      vertex 13.6844 5.88566 10.6945
    endloop
  endfacet
  facet normal 0 0.817234 -0.576305
    outer loop
      vertex 13.6687 5.92099 10.7446
      vertex 6.54163 5.88566 10.6945
      vertex 6.54776 5.92099 10.7446
    endloop
  endfacet
  facet normal -0 -0.949463 -0.313878
    outer loop
      vertex 12.4882 8.12117 10.3629
      vertex 6.51775 8.10193 10.4211
      vertex 6.51441 8.12117 10.3629
    endloop
  endfacet
  facet normal 0 -0.949463 -0.313878
    outer loop
      vertex 6.51775 8.10193 10.4211
      vertex 12.4882 8.12117 10.3629
      vertex 12.5004 8.10193 10.4211
    endloop
  endfacet
  facet normal 0 0.689619 0.724173
    outer loop
      vertex 6.56417 6.04112 9.11612
      vertex 13.5958 6.08555 9.07381
      vertex 6.56965 6.08555 9.07381
    endloop
  endfacet
  facet normal 0 0.689619 0.724173
    outer loop
      vertex 13.5958 6.08555 9.07381
      vertex 6.56417 6.04112 9.11612
      vertex 13.6155 6.04112 9.11612
    endloop
  endfacet
  facet normal 0 0.985299 -0.170839
    outer loop
      vertex 6.50742 5.68853 10.1834
      vertex 13.7669 5.69902 10.2439
      vertex 13.771 5.68853 10.1834
    endloop
  endfacet
  facet normal 0 0.985299 -0.170839
    outer loop
      vertex 13.7669 5.69902 10.2439
      vertex 6.50742 5.68853 10.1834
      vertex 6.50924 5.69902 10.2439
    endloop
  endfacet
  facet normal 0.0297609 -0.563658 -0.825472
    outer loop
      vertex 12.8032 7.61946 11.0393
      vertex 12.7741 7.66962 11.004
      vertex 12.7802 7.66013 11.0107
    endloop
  endfacet
  facet normal 0 -0.575518 -0.817789
    outer loop
      vertex 6.58754 7.61946 11.0393
      vertex 12.7741 7.66962 11.004
      vertex 12.8032 7.61946 11.0393
    endloop
  endfacet
  facet normal -0 -0.575518 -0.817789
    outer loop
      vertex 12.7741 7.66962 11.004
      vertex 6.58754 7.61946 11.0393
      vertex 6.58135 7.66962 11.004
    endloop
  endfacet
  facet normal 0 -0.21907 0.975709
    outer loop
      vertex 13.0245 7.22872 8.78746
      vertex 6.61901 7.16886 8.77402
      vertex 13.0585 7.16886 8.77402
    endloop
  endfacet
  facet normal 0 -0.21907 0.975709
    outer loop
      vertex 6.61901 7.16886 8.77402
      vertex 13.0245 7.22872 8.78746
      vertex 6.61754 7.22872 8.78746
    endloop
  endfacet
  facet normal 0 0.975803 0.218651
    outer loop
      vertex 13.7658 5.70198 9.74293
      vertex 6.50924 5.69902 9.75614
      vertex 13.7669 5.69902 9.75614
    endloop
  endfacet
  facet normal 9.42699e-07 0.975693 0.219144
    outer loop
      vertex 13.7612 5.71246 9.69627
      vertex 6.50924 5.69902 9.75614
      vertex 13.7658 5.70198 9.74293
    endloop
  endfacet
  facet normal 0 0.975717 0.219035
    outer loop
      vertex 6.50924 5.69902 9.75614
      vertex 13.7612 5.71246 9.69627
      vertex 6.51157 5.71246 9.69627
    endloop
  endfacet
  facet normal 0 0.913986 -0.405745
    outer loop
      vertex 6.52158 5.77015 10.4784
      vertex 13.7246 5.79501 10.5344
      vertex 13.7356 5.77015 10.4784
    endloop
  endfacet
  facet normal 0 0.913986 -0.405745
    outer loop
      vertex 13.7246 5.79501 10.5344
      vertex 6.52158 5.77015 10.4784
      vertex 6.5259 5.79501 10.5344
    endloop
  endfacet
  facet normal 0 0.0244466 -0.999701
    outer loop
      vertex 6.62349 6.86366 11.2485
      vertex 13.1904 6.925 11.25
      vertex 13.2212 6.86366 11.2485
    endloop
  endfacet
  facet normal 0 0.0244466 -0.999701
    outer loop
      vertex 13.1904 6.925 11.25
      vertex 6.62349 6.86366 11.2485
      vertex 6.625 6.925 11.25
    endloop
  endfacet
  facet normal 0 0.0736795 0.997282
    outer loop
      vertex 6.62199 6.80248 8.75602
      vertex 13.2212 6.86366 8.7515
      vertex 6.62349 6.86366 8.7515
    endloop
  endfacet
  facet normal 0 0.0736795 0.997282
    outer loop
      vertex 13.2212 6.86366 8.7515
      vertex 6.62199 6.80248 8.75602
      vertex 13.252 6.80248 8.75602
    endloop
  endfacet
  facet normal 0 0.999697 0.0246134
    outer loop
      vertex 13.7756 5.67651 9.93867
      vertex 6.50507 5.675 10
      vertex 13.7762 5.675 10
    endloop
  endfacet
  facet normal 0 0.999697 0.0246134
    outer loop
      vertex 6.50507 5.675 10
      vertex 13.7756 5.67651 9.93867
      vertex 6.50533 5.67651 9.93867
    endloop
  endfacet
  facet normal 0 0.756845 -0.653594
    outer loop
      vertex 6.55401 5.95874 10.793
      vertex 13.6342 5.99881 10.8394
      vertex 13.652 5.95874 10.793
    endloop
  endfacet
  facet normal 0 0.756845 -0.653594
    outer loop
      vertex 13.6342 5.99881 10.8394
      vertex 6.55401 5.95874 10.793
      vertex 6.55896 5.99881 10.8394
    endloop
  endfacet
  facet normal 0 0.933119 -0.359568
    outer loop
      vertex 6.51775 5.74807 10.4211
      vertex 13.7356 5.77015 10.4784
      vertex 13.7454 5.74807 10.4211
    endloop
  endfacet
  facet normal 0 0.933119 -0.359568
    outer loop
      vertex 13.7356 5.77015 10.4784
      vertex 6.51775 5.74807 10.4211
      vertex 6.52158 5.77015 10.4784
    endloop
  endfacet
  facet normal 0 0.985275 0.170977
    outer loop
      vertex 13.7669 5.69902 9.75614
      vertex 6.50742 5.68853 9.81659
      vertex 13.771 5.68853 9.81659
    endloop
  endfacet
  facet normal 0 0.985275 0.170977
    outer loop
      vertex 6.50742 5.68853 9.81659
      vertex 13.7669 5.69902 9.75614
      vertex 6.50924 5.69902 9.75614
    endloop
  endfacet
  facet normal 0 -0.36018 -0.932883
    outer loop
      vertex 6.60994 7.34611 11.1769
      vertex 12.9256 7.40335 11.1548
      vertex 12.958 7.34611 11.1769
    endloop
  endfacet
  facet normal -0 -0.36018 -0.932883
    outer loop
      vertex 12.9256 7.40335 11.1548
      vertex 6.60994 7.34611 11.1769
      vertex 6.60571 7.40335 11.1548
    endloop
  endfacet
  facet normal 0 -0.689533 -0.724254
    outer loop
      vertex 6.56965 7.76445 10.9262
      vertex 12.686 7.80888 10.8839
      vertex 12.7141 7.76445 10.9262
    endloop
  endfacet
  facet normal -0 -0.689533 -0.724254
    outer loop
      vertex 12.686 7.80888 10.8839
      vertex 6.56965 7.76445 10.9262
      vertex 6.56417 7.80888 10.8839
    endloop
  endfacet
  facet normal 0 -0.170977 0.985275
    outer loop
      vertex 13.0585 7.16886 8.77402
      vertex 6.6205 7.10841 8.76353
      vertex 13.0927 7.10841 8.76353
    endloop
  endfacet
  facet normal 0 -0.170977 0.985275
    outer loop
      vertex 6.6205 7.10841 8.76353
      vertex 13.0585 7.16886 8.77402
      vertex 6.61901 7.16886 8.77402
    endloop
  endfacet
  facet normal 0 0.893185 -0.449689
    outer loop
      vertex 6.5259 5.79501 10.5344
      vertex 13.7123 5.8226 10.5892
      vertex 13.7246 5.79501 10.5344
    endloop
  endfacet
  facet normal 0 0.893185 -0.449689
    outer loop
      vertex 13.7123 5.8226 10.5892
      vertex 6.5259 5.79501 10.5344
      vertex 6.53068 5.8226 10.5892
    endloop
  endfacet
  facet normal 0 -0.405201 0.914228
    outer loop
      vertex 12.8938 7.45944 8.87001
      vertex 6.60571 7.40335 8.84515
      vertex 12.9256 7.40335 8.84515
    endloop
  endfacet
  facet normal 0 -0.405201 0.914228
    outer loop
      vertex 6.60571 7.40335 8.84515
      vertex 12.8938 7.45944 8.87001
      vertex 6.60158 7.45944 8.87001
    endloop
  endfacet
  facet normal 0 0.122249 -0.992499
    outer loop
      vertex 6.6205 6.74159 11.2365
      vertex 13.252 6.80248 11.244
      vertex 13.2827 6.74159 11.2365
    endloop
  endfacet
  facet normal 0 0.122249 -0.992499
    outer loop
      vertex 13.252 6.80248 11.244
      vertex 6.6205 6.74159 11.2365
      vertex 6.62199 6.80248 11.244
    endloop
  endfacet
  facet normal -0 -0.999697 -0.0246255
    outer loop
      vertex 12.4541 8.175 10
      vertex 6.50533 8.17349 10.0613
      vertex 6.50507 8.175 10
    endloop
  endfacet
  facet normal 0 -0.999697 -0.0246255
    outer loop
      vertex 6.50533 8.17349 10.0613
      vertex 12.4541 8.175 10
      vertex 12.4551 8.17349 10.0613
    endloop
  endfacet
  facet normal 0 0.689533 -0.724254
    outer loop
      vertex 6.56417 6.04112 10.8839
      vertex 13.5958 6.08555 10.9262
      vertex 13.6155 6.04112 10.8839
    endloop
  endfacet
  facet normal 0 0.689533 -0.724254
    outer loop
      vertex 13.5958 6.08555 10.9262
      vertex 6.56417 6.04112 10.8839
      vertex 6.56965 6.08555 10.9262
    endloop
  endfacet
  facet normal 0 0.999697 -0.0246255
    outer loop
      vertex 13.7762 5.675 10
      vertex 6.50533 5.67651 10.0613
      vertex 13.7756 5.67651 10.0613
    endloop
  endfacet
  facet normal 0 0.999697 -0.0246255
    outer loop
      vertex 6.50533 5.67651 10.0613
      vertex 13.7762 5.675 10
      vertex 6.50507 5.675 10
    endloop
  endfacet
  facet normal 0 0.12241 0.99248
    outer loop
      vertex 6.6205 6.74159 8.76353
      vertex 13.252 6.80248 8.75602
      vertex 6.62199 6.80248 8.75602
    endloop
  endfacet
  facet normal 0 0.12241 0.99248
    outer loop
      vertex 13.252 6.80248 8.75602
      vertex 6.6205 6.74159 8.76353
      vertex 13.2827 6.74159 8.76353
    endloop
  endfacet
  facet normal 0 0.932992 0.359896
    outer loop
      vertex 13.7356 5.77015 9.52165
      vertex 6.51775 5.74807 9.57889
      vertex 13.7454 5.74807 9.57889
    endloop
  endfacet
  facet normal 0 0.932992 0.359896
    outer loop
      vertex 6.51775 5.74807 9.57889
      vertex 13.7356 5.77015 9.52165
      vertex 6.52158 5.77015 9.52165
    endloop
  endfacet
  facet normal -0 -0.845187 -0.534471
    outer loop
      vertex 12.5667 7.99716 10.6426
      vertex 6.54163 7.96434 10.6945
      vertex 6.53593 7.99716 10.6426
    endloop
  endfacet
  facet normal 0 -0.845187 -0.534471
    outer loop
      vertex 6.54163 7.96434 10.6945
      vertex 12.5667 7.99716 10.6426
      vertex 12.5875 7.96434 10.6945
    endloop
  endfacet
  facet normal 0 0.844861 0.534986
    outer loop
      vertex 13.6844 5.88566 9.30554
      vertex 6.53593 5.85284 9.35737
      vertex 13.6989 5.85284 9.35737
    endloop
  endfacet
  facet normal 0 0.844861 0.534986
    outer loop
      vertex 6.53593 5.85284 9.35737
      vertex 13.6844 5.88566 9.30554
      vertex 6.54163 5.88566 9.30554
    endloop
  endfacet
  facet normal 0 0.949495 0.313782
    outer loop
      vertex 13.7454 5.74807 9.57889
      vertex 6.51441 5.72882 9.63714
      vertex 13.7539 5.72882 9.63714
    endloop
  endfacet
  facet normal 0 0.949495 0.313782
    outer loop
      vertex 6.51441 5.72882 9.63714
      vertex 13.7454 5.74807 9.57889
      vertex 6.51775 5.74807 9.57889
    endloop
  endfacet
  facet normal 0 0.870083 0.492906
    outer loop
      vertex 13.6989 5.85284 9.35737
      vertex 6.53068 5.8226 9.41075
      vertex 13.7123 5.8226 9.41075
    endloop
  endfacet
  facet normal 0 0.870083 0.492906
    outer loop
      vertex 6.53068 5.8226 9.41075
      vertex 13.6989 5.85284 9.35737
      vertex 6.53593 5.85284 9.35737
    endloop
  endfacet
  facet normal -0 -0.933119 -0.359568
    outer loop
      vertex 12.5004 8.10193 10.4211
      vertex 6.52158 8.07985 10.4784
      vertex 6.51775 8.10193 10.4211
    endloop
  endfacet
  facet normal 0 -0.933119 -0.359568
    outer loop
      vertex 6.52158 8.07985 10.4784
      vertex 12.5004 8.10193 10.4211
      vertex 12.5144 8.07985 10.4784
    endloop
  endfacet
  facet normal 0 0.170977 0.985275
    outer loop
      vertex 6.61901 6.68114 8.77402
      vertex 13.2827 6.74159 8.76353
      vertex 6.6205 6.74159 8.76353
    endloop
  endfacet
  facet normal 0 0.170977 0.985275
    outer loop
      vertex 13.2827 6.74159 8.76353
      vertex 6.61901 6.68114 8.77402
      vertex 13.3131 6.68114 8.77402
    endloop
  endfacet
  facet normal 0 -0.788407 0.615154
    outer loop
      vertex 6.55329 7.89709 9.21447
      vertex 12.6099 7.92901 9.25538
      vertex 6.54776 7.92901 9.25538
    endloop
  endfacet
  facet normal -6.65905e-06 -0.787929 0.615767
    outer loop
      vertex 6.55401 7.89126 9.20701
      vertex 12.6099 7.92901 9.25538
      vertex 6.55329 7.89709 9.21447
    endloop
  endfacet
  facet normal 0 -0.788333 0.615249
    outer loop
      vertex 12.6099 7.92901 9.25538
      vertex 6.55401 7.89126 9.20701
      vertex 12.6338 7.89126 9.20701
    endloop
  endfacet
  facet normal 0.00315345 0.450792 0.892624
    outer loop
      vertex 13.4594 6.39056 8.87001
      vertex 13.4849 6.33575 8.8976
      vertex 13.4694 6.37057 8.88007
    endloop
  endfacet
  facet normal 0 0.449624 0.893218
    outer loop
      vertex 6.59753 6.33575 8.8976
      vertex 13.4594 6.39056 8.87001
      vertex 6.60158 6.39056 8.87001
    endloop
  endfacet
  facet normal 0 0.449624 0.893218
    outer loop
      vertex 13.4594 6.39056 8.87001
      vertex 6.59753 6.33575 8.8976
      vertex 13.4849 6.33575 8.8976
    endloop
  endfacet
  facet normal 0 -0.65311 0.757263
    outer loop
      vertex 12.7141 7.76445 9.07381
      vertex 6.57538 7.71799 9.03374
      vertex 12.7435 7.71799 9.03374
    endloop
  endfacet
  facet normal 0 -0.65311 0.757263
    outer loop
      vertex 6.57538 7.71799 9.03374
      vertex 12.7141 7.76445 9.07381
      vertex 6.56965 7.76445 9.07381
    endloop
  endfacet
  facet normal -0 -0.756845 -0.653594
    outer loop
      vertex 12.6338 7.89126 10.793
      vertex 6.55896 7.85119 10.8394
      vertex 6.55401 7.89126 10.793
    endloop
  endfacet
  facet normal 0 -0.756845 -0.653594
    outer loop
      vertex 6.55896 7.85119 10.8394
      vertex 12.6338 7.89126 10.793
      vertex 12.6592 7.85119 10.8394
    endloop
  endfacet
  facet normal -0 -0.985299 -0.170839
    outer loop
      vertex 12.4627 8.16147 10.1834
      vertex 6.50924 8.15098 10.2439
      vertex 6.50742 8.16147 10.1834
    endloop
  endfacet
  facet normal 0 -0.985299 -0.170839
    outer loop
      vertex 6.50924 8.15098 10.2439
      vertex 12.4627 8.16147 10.1834
      vertex 12.4693 8.15098 10.2439
    endloop
  endfacet
  facet normal 0 -0.404383 -0.91459
    outer loop
      vertex 6.60571 7.40335 11.1548
      vertex 12.8938 7.45944 11.13
      vertex 12.9256 7.40335 11.1548
    endloop
  endfacet
  facet normal -0 -0.404383 -0.91459
    outer loop
      vertex 12.8938 7.45944 11.13
      vertex 6.60571 7.40335 11.1548
      vertex 6.60158 7.45944 11.13
    endloop
  endfacet
  facet normal 0.00793661 -0.572745 0.819695
    outer loop
      vertex 12.7741 7.66962 8.99599
      vertex 12.8032 7.61946 8.96066
      vertex 12.7802 7.66013 8.9893
    endloop
  endfacet
  facet normal 0 -0.575845 0.817559
    outer loop
      vertex 12.7741 7.66962 8.99599
      vertex 6.58754 7.61946 8.96066
      vertex 12.8032 7.61946 8.96066
    endloop
  endfacet
  facet normal 0 -0.575845 0.817559
    outer loop
      vertex 6.58754 7.61946 8.96066
      vertex 12.7741 7.66962 8.99599
      vertex 6.58135 7.66962 8.99599
    endloop
  endfacet
  facet normal 0 0.789522 -0.613722
    outer loop
      vertex 13.652 5.95874 10.793
      vertex 6.55329 5.95291 10.7855
      vertex 6.55401 5.95874 10.793
    endloop
  endfacet
  facet normal 0 0.788518 -0.615012
    outer loop
      vertex 6.54776 5.92099 10.7446
      vertex 13.652 5.95874 10.793
      vertex 13.6687 5.92099 10.7446
    endloop
  endfacet
  facet normal 2.58799e-06 0.788334 -0.615248
    outer loop
      vertex 13.652 5.95874 10.793
      vertex 6.54776 5.92099 10.7446
      vertex 6.55329 5.95291 10.7855
    endloop
  endfacet
  facet normal 0 0.313782 0.949495
    outer loop
      vertex 6.60994 6.50389 8.82307
      vertex 13.373 6.56214 8.80382
      vertex 6.61423 6.56214 8.80382
    endloop
  endfacet
  facet normal 0 0.313782 0.949495
    outer loop
      vertex 13.373 6.56214 8.80382
      vertex 6.60994 6.50389 8.82307
      vertex 13.4023 6.50389 8.82307
    endloop
  endfacet
  facet normal 0 0.535916 -0.844271
    outer loop
      vertex 6.58754 6.23054 11.0393
      vertex 13.5085 6.28237 11.0722
      vertex 13.5315 6.23054 11.0393
    endloop
  endfacet
  facet normal 0 0.538414 -0.84268
    outer loop
      vertex 13.5085 6.28237 11.0722
      vertex 6.5931 6.27564 11.0679
      vertex 6.5936 6.28237 11.0722
    endloop
  endfacet
  facet normal 3.93214e-06 0.535542 -0.844509
    outer loop
      vertex 13.5085 6.28237 11.0722
      vertex 6.58754 6.23054 11.0393
      vertex 6.5931 6.27564 11.0679
    endloop
  endfacet
  facet normal 0 -0.985275 0.170977
    outer loop
      vertex 6.50924 8.15098 9.75614
      vertex 12.4627 8.16147 9.81659
      vertex 6.50742 8.16147 9.81659
    endloop
  endfacet
  facet normal 0 -0.985275 0.170977
    outer loop
      vertex 12.4627 8.16147 9.81659
      vertex 6.50924 8.15098 9.75614
      vertex 12.4693 8.15098 9.75614
    endloop
  endfacet
  facet normal 0 0.757263 0.65311
    outer loop
      vertex 13.6342 5.99881 9.16055
      vertex 6.55401 5.95874 9.20701
      vertex 13.652 5.95874 9.20701
    endloop
  endfacet
  facet normal 0 0.757263 0.65311
    outer loop
      vertex 6.55401 5.95874 9.20701
      vertex 13.6342 5.99881 9.16055
      vertex 6.55896 5.99881 9.16055
    endloop
  endfacet
  facet normal 0 0.575845 0.817559
    outer loop
      vertex 6.58135 6.18038 8.99599
      vertex 13.5315 6.23054 8.96066
      vertex 6.58754 6.23054 8.96066
    endloop
  endfacet
  facet normal 0 0.575845 0.817559
    outer loop
      vertex 13.5315 6.23054 8.96066
      vertex 6.58135 6.18038 8.99599
      vertex 13.5537 6.18038 8.99599
    endloop
  endfacet
  facet normal 0 0.99248 0.12241
    outer loop
      vertex 13.771 5.68853 9.81659
      vertex 6.50612 5.68102 9.87748
      vertex 13.7739 5.68102 9.87748
    endloop
  endfacet
  facet normal 0 0.99248 0.12241
    outer loop
      vertex 6.50612 5.68102 9.87748
      vertex 13.771 5.68853 9.81659
      vertex 6.50742 5.68853 9.81659
    endloop
  endfacet
  facet normal 0 0.492412 -0.870362
    outer loop
      vertex 6.5936 6.28237 11.0722
      vertex 13.4849 6.33575 11.1024
      vertex 13.5085 6.28237 11.0722
    endloop
  endfacet
  facet normal 0 0.492412 -0.870362
    outer loop
      vertex 13.4849 6.33575 11.1024
      vertex 6.5936 6.28237 11.0722
      vertex 6.59753 6.33575 11.1024
    endloop
  endfacet
  facet normal 0 0.893218 0.449624
    outer loop
      vertex 13.7123 5.8226 9.41075
      vertex 6.5259 5.79501 9.46556
      vertex 13.7246 5.79501 9.46556
    endloop
  endfacet
  facet normal 0 0.893218 0.449624
    outer loop
      vertex 6.5259 5.79501 9.46556
      vertex 13.7123 5.8226 9.41075
      vertex 6.53068 5.8226 9.41075
    endloop
  endfacet
  facet normal -0.0490758 -0.0989965 -0.993877
    outer loop
      vertex 13.1595 6.98633 11.2485
      vertex 13.1272 7.04752 11.244
      vertex 13.1406 7.02381 11.2457
    endloop
  endfacet
  facet normal 0 -0.0733434 -0.997307
    outer loop
      vertex 6.62349 6.98633 11.2485
      vertex 13.1272 7.04752 11.244
      vertex 13.1595 6.98633 11.2485
    endloop
  endfacet
  facet normal -0 -0.0733434 -0.997307
    outer loop
      vertex 13.1272 7.04752 11.244
      vertex 6.62349 6.98633 11.2485
      vertex 6.62199 7.04752 11.244
    endloop
  endfacet
  facet normal 0 -0.535916 -0.844271
    outer loop
      vertex 6.5936 7.56763 11.0722
      vertex 12.8032 7.61946 11.0393
      vertex 12.8326 7.56763 11.0722
    endloop
  endfacet
  facet normal 2.92605e-05 -0.538412 -0.842681
    outer loop
      vertex 6.5931 7.57436 11.0679
      vertex 12.8032 7.61946 11.0393
      vertex 6.5936 7.56763 11.0722
    endloop
  endfacet
  facet normal -0 -0.535542 -0.844509
    outer loop
      vertex 12.8032 7.61946 11.0393
      vertex 6.5931 7.57436 11.0679
      vertex 6.58754 7.61946 11.0393
    endloop
  endfacet
  facet normal 1.65533e-05 -0.789521 -0.613723
    outer loop
      vertex 12.6099 7.92901 10.7446
      vertex 6.55401 7.89126 10.793
      vertex 6.55329 7.89709 10.7855
    endloop
  endfacet
  facet normal -0 -0.788334 -0.615247
    outer loop
      vertex 12.6099 7.92901 10.7446
      vertex 6.55329 7.89709 10.7855
      vertex 6.54776 7.92901 10.7446
    endloop
  endfacet
  facet normal 0 -0.788518 -0.615012
    outer loop
      vertex 6.55401 7.89126 10.793
      vertex 12.6099 7.92901 10.7446
      vertex 12.6338 7.89126 10.793
    endloop
  endfacet
  facet normal -0 -0.817234 -0.576305
    outer loop
      vertex 12.5875 7.96434 10.6945
      vertex 6.54776 7.92901 10.7446
      vertex 6.54163 7.96434 10.6945
    endloop
  endfacet
  facet normal 0 -0.817234 -0.576305
    outer loop
      vertex 6.54776 7.92901 10.7446
      vertex 12.5875 7.96434 10.6945
      vertex 12.6099 7.92901 10.7446
    endloop
  endfacet
  facet normal 0 0.963791 0.26666
    outer loop
      vertex 13.7539 5.72882 9.63714
      vertex 6.51157 5.71246 9.69627
      vertex 13.7612 5.71246 9.69627
    endloop
  endfacet
  facet normal 0 0.963791 0.26666
    outer loop
      vertex 6.51157 5.71246 9.69627
      vertex 13.7539 5.72882 9.63714
      vertex 6.51441 5.72882 9.63714
    endloop
  endfacet
  facet normal 0 0.171135 -0.985248
    outer loop
      vertex 6.61901 6.68114 11.226
      vertex 13.2827 6.74159 11.2365
      vertex 13.3131 6.68114 11.226
    endloop
  endfacet
  facet normal 0 0.171135 -0.985248
    outer loop
      vertex 13.2827 6.74159 11.2365
      vertex 6.61901 6.68114 11.226
      vertex 6.6205 6.74159 11.2365
    endloop
  endfacet
  facet normal 0 0.914228 0.405201
    outer loop
      vertex 13.7246 5.79501 9.46556
      vertex 6.52158 5.77015 9.52165
      vertex 13.7356 5.77015 9.52165
    endloop
  endfacet
  facet normal 0 0.914228 0.405201
    outer loop
      vertex 6.52158 5.77015 9.52165
      vertex 13.7246 5.79501 9.46556
      vertex 6.5259 5.79501 9.46556
    endloop
  endfacet
  facet normal 0 -0.26571 -0.964053
    outer loop
      vertex 6.61754 7.22872 11.2125
      vertex 12.991 7.28786 11.1962
      vertex 13.0245 7.22872 11.2125
    endloop
  endfacet
  facet normal 6.52241e-06 -0.266363 -0.963873
    outer loop
      vertex 6.61702 7.25007 11.2066
      vertex 12.991 7.28786 11.1962
      vertex 6.61754 7.22872 11.2125
    endloop
  endfacet
  facet normal -0 -0.26534 -0.964155
    outer loop
      vertex 12.991 7.28786 11.1962
      vertex 6.61702 7.25007 11.2066
      vertex 6.61423 7.28786 11.1962
    endloop
  endfacet
  facet normal 0 0.266898 0.963725
    outer loop
      vertex 6.61702 6.59993 8.79337
      vertex 13.3432 6.62127 8.78746
      vertex 6.61754 6.62127 8.78746
    endloop
  endfacet
  facet normal 1.27399e-06 0.266525 0.963828
    outer loop
      vertex 6.61423 6.56214 8.80382
      vertex 13.3432 6.62127 8.78746
      vertex 6.61702 6.59993 8.79337
    endloop
  endfacet
  facet normal 0 0.26666 0.963791
    outer loop
      vertex 13.3432 6.62127 8.78746
      vertex 6.61423 6.56214 8.80382
      vertex 13.373 6.56214 8.80382
    endloop
  endfacet
  facet normal 0 0.724715 -0.689049
    outer loop
      vertex 6.55896 5.99881 10.8394
      vertex 13.6155 6.04112 10.8839
      vertex 13.6342 5.99881 10.8394
    endloop
  endfacet
  facet normal 0 0.724715 -0.689049
    outer loop
      vertex 13.6155 6.04112 10.8839
      vertex 6.55896 5.99881 10.8394
      vertex 6.56417 6.04112 10.8839
    endloop
  endfacet
  facet normal 0 -0.220001 -0.9755
    outer loop
      vertex 6.61901 7.16886 11.226
      vertex 13.0245 7.22872 11.2125
      vertex 13.0585 7.16886 11.226
    endloop
  endfacet
  facet normal -0 -0.220001 -0.9755
    outer loop
      vertex 13.0245 7.22872 11.2125
      vertex 6.61901 7.16886 11.226
      vertex 6.61754 7.22872 11.2125
    endloop
  endfacet
  facet normal 0 -0.689619 0.724173
    outer loop
      vertex 12.686 7.80888 9.11612
      vertex 6.56965 7.76445 9.07381
      vertex 12.7141 7.76445 9.07381
    endloop
  endfacet
  facet normal 0 -0.689619 0.724173
    outer loop
      vertex 6.56965 7.76445 9.07381
      vertex 12.686 7.80888 9.11612
      vertex 6.56417 7.80888 9.11612
    endloop
  endfacet
  facet normal 0 0.870162 -0.492766
    outer loop
      vertex 6.53068 5.8226 10.5892
      vertex 13.6989 5.85284 10.6426
      vertex 13.7123 5.8226 10.5892
    endloop
  endfacet
  facet normal 0 0.870162 -0.492766
    outer loop
      vertex 13.6989 5.85284 10.6426
      vertex 6.53068 5.8226 10.5892
      vertex 6.53593 5.85284 10.6426
    endloop
  endfacet
  facet normal 0 0.788333 0.615249
    outer loop
      vertex 13.652 5.95874 9.20701
      vertex 6.54776 5.92099 9.25538
      vertex 13.6687 5.92099 9.25538
    endloop
  endfacet
  facet normal -1.03748e-06 0.788407 0.615154
    outer loop
      vertex 6.54776 5.92099 9.25538
      vertex 13.652 5.95874 9.20701
      vertex 6.55329 5.95291 9.21447
    endloop
  endfacet
  facet normal 0 0.787928 0.615767
    outer loop
      vertex 6.55329 5.95291 9.21447
      vertex 13.652 5.95874 9.20701
      vertex 6.55401 5.95874 9.20701
    endloop
  endfacet
  facet normal 0 0.992482 -0.12239
    outer loop
      vertex 6.50612 5.68102 10.1225
      vertex 13.771 5.68853 10.1834
      vertex 13.7739 5.68102 10.1225
    endloop
  endfacet
  facet normal 0 0.992482 -0.12239
    outer loop
      vertex 13.771 5.68853 10.1834
      vertex 6.50612 5.68102 10.1225
      vertex 6.50742 5.68853 10.1834
    endloop
  endfacet
  facet normal 0 -0.999697 0.0246134
    outer loop
      vertex 6.50533 8.17349 9.93867
      vertex 12.4541 8.175 10
      vertex 6.50507 8.175 10
    endloop
  endfacet
  facet normal 0 -0.999697 0.0246134
    outer loop
      vertex 12.4541 8.175 10
      vertex 6.50533 8.17349 9.93867
      vertex 12.4551 8.17349 9.93867
    endloop
  endfacet
  facet normal -0 -0.870162 -0.492766
    outer loop
      vertex 12.5476 8.0274 10.5892
      vertex 6.53593 7.99716 10.6426
      vertex 6.53068 8.0274 10.5892
    endloop
  endfacet
  facet normal 0 -0.870162 -0.492766
    outer loop
      vertex 6.53593 7.99716 10.6426
      vertex 12.5476 8.0274 10.5892
      vertex 12.5667 7.99716 10.6426
    endloop
  endfacet
  facet normal 0 0.219966 -0.975508
    outer loop
      vertex 6.61754 6.62127 11.2125
      vertex 13.3131 6.68114 11.226
      vertex 13.3432 6.62127 11.2125
    endloop
  endfacet
  facet normal 0 0.219966 -0.975508
    outer loop
      vertex 13.3131 6.68114 11.226
      vertex 6.61754 6.62127 11.2125
      vertex 6.61901 6.68114 11.226
    endloop
  endfacet
  facet normal -0.0435892 0.433075 -0.900303
    outer loop
      vertex 13.4849 6.33575 11.1024
      vertex 13.4594 6.39056 11.13
      vertex 13.4694 6.37057 11.1199
    endloop
  endfacet
  facet normal 0 0.449754 -0.893153
    outer loop
      vertex 6.59753 6.33575 11.1024
      vertex 13.4594 6.39056 11.13
      vertex 13.4849 6.33575 11.1024
    endloop
  endfacet
  facet normal 0 0.449754 -0.893153
    outer loop
      vertex 13.4594 6.39056 11.13
      vertex 6.59753 6.33575 11.1024
      vertex 6.60158 6.39056 11.13
    endloop
  endfacet
  facet normal 0 -0.122249 -0.992499
    outer loop
      vertex 6.62199 7.04752 11.244
      vertex 13.0927 7.10841 11.2365
      vertex 13.1272 7.04752 11.244
    endloop
  endfacet
  facet normal -0 -0.122249 -0.992499
    outer loop
      vertex 13.0927 7.10841 11.2365
      vertex 6.62199 7.04752 11.244
      vertex 6.6205 7.10841 11.2365
    endloop
  endfacet
  facet normal 0 0.724173 0.689619
    outer loop
      vertex 13.6155 6.04112 9.11612
      vertex 6.55896 5.99881 9.16055
      vertex 13.6342 5.99881 9.16055
    endloop
  endfacet
  facet normal 0 0.724173 0.689619
    outer loop
      vertex 6.55896 5.99881 9.16055
      vertex 13.6155 6.04112 9.11612
      vertex 6.56417 6.04112 9.11612
    endloop
  endfacet
  facet normal 0 -0.614742 -0.788728
    outer loop
      vertex 6.58135 7.66962 11.004
      vertex 12.7435 7.71799 10.9663
      vertex 12.7741 7.66962 11.004
    endloop
  endfacet
  facet normal -0 -0.614742 -0.788728
    outer loop
      vertex 12.7435 7.71799 10.9663
      vertex 6.58135 7.66962 11.004
      vertex 6.57538 7.71799 10.9663
    endloop
  endfacet
  facet normal 1.15386e-06 0.975632 -0.219412
    outer loop
      vertex 6.50924 5.69902 10.2439
      vertex 13.7612 5.71246 10.3037
      vertex 13.7658 5.70198 10.2571
    endloop
  endfacet
  facet normal 0 0.975768 -0.218809
    outer loop
      vertex 6.50924 5.69902 10.2439
      vertex 13.7658 5.70198 10.2571
      vertex 13.7669 5.69902 10.2439
    endloop
  endfacet
  facet normal 0 0.975662 -0.219279
    outer loop
      vertex 13.7612 5.71246 10.3037
      vertex 6.50924 5.69902 10.2439
      vertex 6.51157 5.71246 10.3037
    endloop
  endfacet
  facet normal -0 -0.96383 -0.266518
    outer loop
      vertex 12.4778 8.13754 10.3037
      vertex 6.51441 8.12117 10.3629
      vertex 6.51157 8.13754 10.3037
    endloop
  endfacet
  facet normal 0 -0.96383 -0.266518
    outer loop
      vertex 6.51441 8.12117 10.3629
      vertex 12.4778 8.13754 10.3037
      vertex 12.4882 8.12117 10.3629
    endloop
  endfacet
  facet normal 0 0.845187 -0.534471
    outer loop
      vertex 6.53593 5.85284 10.6426
      vertex 13.6844 5.88566 10.6945
      vertex 13.6989 5.85284 10.6426
    endloop
  endfacet
  facet normal 0 0.845187 -0.534471
    outer loop
      vertex 13.6844 5.88566 10.6945
      vertex 6.53593 5.85284 10.6426
      vertex 6.54163 5.88566 10.6945
    endloop
  endfacet
  facet normal 0 -0.975717 0.219035
    outer loop
      vertex 6.51157 8.13754 9.69627
      vertex 12.4693 8.15098 9.75614
      vertex 6.50924 8.15098 9.75614
    endloop
  endfacet
  facet normal 0 -0.975717 0.219035
    outer loop
      vertex 12.4693 8.15098 9.75614
      vertex 6.51157 8.13754 9.69627
      vertex 12.4778 8.13754 9.69627
    endloop
  endfacet
  facet normal 0 0.265751 -0.964042
    outer loop
      vertex 6.61423 6.56214 11.1962
      vertex 13.3432 6.62127 11.2125
      vertex 13.373 6.56214 11.1962
    endloop
  endfacet
  facet normal 0 0.266479 -0.963841
    outer loop
      vertex 13.3432 6.62127 11.2125
      vertex 6.61702 6.59993 11.2066
      vertex 6.61754 6.62127 11.2125
    endloop
  endfacet
  facet normal 3.8889e-06 0.26534 -0.964155
    outer loop
      vertex 13.3432 6.62127 11.2125
      vertex 6.61423 6.56214 11.1962
      vertex 6.61702 6.59993 11.2066
    endloop
  endfacet
  facet normal -0 -0.913986 -0.405745
    outer loop
      vertex 12.5144 8.07985 10.4784
      vertex 6.5259 8.05499 10.5344
      vertex 6.52158 8.07985 10.4784
    endloop
  endfacet
  facet normal 0 -0.913986 -0.405745
    outer loop
      vertex 6.5259 8.05499 10.5344
      vertex 12.5144 8.07985 10.4784
      vertex 12.5301 8.05499 10.5344
    endloop
  endfacet
  facet normal 0 -0.219035 0.975717
    outer loop
      vertex -6.61754 -6.62127 8.78746
      vertex -13.3131 -6.68114 8.77402
      vertex -6.61901 -6.68114 8.77402
    endloop
  endfacet
  facet normal 0 -0.219035 0.975717
    outer loop
      vertex -13.3131 -6.68114 8.77402
      vertex -6.61754 -6.62127 8.78746
      vertex -13.3432 -6.62127 8.78746
    endloop
  endfacet
  facet normal 0 -0.405261 0.914201
    outer loop
      vertex -6.60158 -6.39056 8.87001
      vertex -13.4311 -6.44664 8.84515
      vertex -6.60571 -6.44664 8.84515
    endloop
  endfacet
  facet normal 0 -0.405261 0.914201
    outer loop
      vertex -13.4311 -6.44664 8.84515
      vertex -6.60158 -6.39056 8.87001
      vertex -13.4594 -6.39056 8.87001
    endloop
  endfacet
  facet normal 0 0.870162 -0.492766
    outer loop
      vertex -12.5476 -8.0274 10.5892
      vertex -6.53593 -7.99716 10.6426
      vertex -6.53068 -8.0274 10.5892
    endloop
  endfacet
  facet normal 0 0.870162 -0.492766
    outer loop
      vertex -6.53593 -7.99716 10.6426
      vertex -12.5476 -8.0274 10.5892
      vertex -12.5667 -7.99716 10.6426
    endloop
  endfacet
  facet normal 0 -0.122249 -0.992499
    outer loop
      vertex -13.252 -6.80248 11.244
      vertex -6.6205 -6.74159 11.2365
      vertex -6.62199 -6.80248 11.244
    endloop
  endfacet
  facet normal -0 -0.122249 -0.992499
    outer loop
      vertex -6.6205 -6.74159 11.2365
      vertex -13.252 -6.80248 11.244
      vertex -13.2827 -6.74159 11.2365
    endloop
  endfacet
  facet normal 0 0.975662 -0.219279
    outer loop
      vertex -12.4693 -8.15098 10.2439
      vertex -6.51157 -8.13754 10.3037
      vertex -6.50924 -8.15098 10.2439
    endloop
  endfacet
  facet normal 0 0.975662 -0.219279
    outer loop
      vertex -6.51157 -8.13754 10.3037
      vertex -12.4693 -8.15098 10.2439
      vertex -12.4778 -8.13754 10.3037
    endloop
  endfacet
  facet normal 0 -0.689619 0.724173
    outer loop
      vertex -6.56417 -6.04112 9.11612
      vertex -13.5958 -6.08555 9.07381
      vertex -6.56965 -6.08555 9.07381
    endloop
  endfacet
  facet normal 0 -0.689619 0.724173
    outer loop
      vertex -13.5958 -6.08555 9.07381
      vertex -6.56417 -6.04112 9.11612
      vertex -13.6155 -6.04112 9.11612
    endloop
  endfacet
  facet normal 0 0.914228 0.405201
    outer loop
      vertex -6.5259 -8.05499 9.46556
      vertex -12.5144 -8.07985 9.52165
      vertex -6.52158 -8.07985 9.52165
    endloop
  endfacet
  facet normal 0 0.914228 0.405201
    outer loop
      vertex -12.5144 -8.07985 9.52165
      vertex -6.5259 -8.05499 9.46556
      vertex -12.5301 -8.05499 9.46556
    endloop
  endfacet
  facet normal 0 0.992482 -0.12239
    outer loop
      vertex -12.4579 -8.16898 10.1225
      vertex -6.50742 -8.16147 10.1834
      vertex -6.50612 -8.16898 10.1225
    endloop
  endfacet
  facet normal 0 0.992482 -0.12239
    outer loop
      vertex -6.50742 -8.16147 10.1834
      vertex -12.4579 -8.16898 10.1225
      vertex -12.4627 -8.16147 10.1834
    endloop
  endfacet
  facet normal 0 -0.538414 -0.84268
    outer loop
      vertex -13.5085 -6.28237 11.0722
      vertex -6.5931 -6.27564 11.0679
      vertex -6.5936 -6.28237 11.0722
    endloop
  endfacet
  facet normal -3.93214e-06 -0.535542 -0.844509
    outer loop
      vertex -13.5085 -6.28237 11.0722
      vertex -6.58754 -6.23054 11.0393
      vertex -6.5931 -6.27564 11.0679
    endloop
  endfacet
  facet normal -0 -0.535916 -0.844271
    outer loop
      vertex -6.58754 -6.23054 11.0393
      vertex -13.5085 -6.28237 11.0722
      vertex -13.5315 -6.23054 11.0393
    endloop
  endfacet
  facet normal 0 0.817234 -0.576305
    outer loop
      vertex -12.5875 -7.96434 10.6945
      vertex -6.54776 -7.92901 10.7446
      vertex -6.54163 -7.96434 10.6945
    endloop
  endfacet
  facet normal 0 0.817234 -0.576305
    outer loop
      vertex -6.54776 -7.92901 10.7446
      vertex -12.5875 -7.96434 10.6945
      vertex -12.6099 -7.92901 10.7446
    endloop
  endfacet
  facet normal 0 -0.575518 -0.817789
    outer loop
      vertex -13.5315 -6.23054 11.0393
      vertex -6.58135 -6.18038 11.004
      vertex -6.58754 -6.23054 11.0393
    endloop
  endfacet
  facet normal -0 -0.575518 -0.817789
    outer loop
      vertex -6.58135 -6.18038 11.004
      vertex -13.5315 -6.23054 11.0393
      vertex -13.5537 -6.18038 11.004
    endloop
  endfacet
  facet normal 0 -0.0244466 0.999701
    outer loop
      vertex -6.62349 -6.86366 8.7515
      vertex -13.1904 -6.925 8.75
      vertex -6.625 -6.925 8.75
    endloop
  endfacet
  facet normal 0 -0.0244466 0.999701
    outer loop
      vertex -13.1904 -6.925 8.75
      vertex -6.62349 -6.86366 8.7515
      vertex -13.2212 -6.86366 8.7515
    endloop
  endfacet
  facet normal 0 0.615249 0.788333
    outer loop
      vertex -6.58135 -7.66962 8.99599
      vertex -12.7435 -7.71799 9.03374
      vertex -6.57538 -7.71799 9.03374
    endloop
  endfacet
  facet normal 0 0.615249 0.788333
    outer loop
      vertex -12.7435 -7.71799 9.03374
      vertex -6.58135 -7.66962 8.99599
      vertex -12.7741 -7.66962 8.99599
    endloop
  endfacet
  facet normal 0 -0.870083 0.492906
    outer loop
      vertex -13.6989 -5.85284 9.35737
      vertex -6.53068 -5.8226 9.41075
      vertex -13.7123 -5.8226 9.41075
    endloop
  endfacet
  facet normal 0 -0.870083 0.492906
    outer loop
      vertex -6.53068 -5.8226 9.41075
      vertex -13.6989 -5.85284 9.35737
      vertex -6.53593 -5.85284 9.35737
    endloop
  endfacet
  facet normal 0 0.724173 0.689619
    outer loop
      vertex -6.56417 -7.80888 9.11612
      vertex -12.6592 -7.85119 9.16055
      vertex -6.55896 -7.85119 9.16055
    endloop
  endfacet
  facet normal 0 0.724173 0.689619
    outer loop
      vertex -12.6592 -7.85119 9.16055
      vertex -6.56417 -7.80888 9.11612
      vertex -12.686 -7.80888 9.11612
    endloop
  endfacet
  facet normal 0 0.359896 0.932992
    outer loop
      vertex -6.60994 -7.34611 8.82307
      vertex -12.9256 -7.40335 8.84515
      vertex -6.60571 -7.40335 8.84515
    endloop
  endfacet
  facet normal 0 0.359896 0.932992
    outer loop
      vertex -12.9256 -7.40335 8.84515
      vertex -6.60994 -7.34611 8.82307
      vertex -12.958 -7.34611 8.82307
    endloop
  endfacet
  facet normal 0 0.266526 0.963828
    outer loop
      vertex -6.61702 -7.25007 8.79337
      vertex -12.991 -7.28786 8.80382
      vertex -6.61423 -7.28786 8.80382
    endloop
  endfacet
  facet normal -1.63855e-06 0.266782 0.963757
    outer loop
      vertex -6.61754 -7.22872 8.78746
      vertex -12.991 -7.28786 8.80382
      vertex -6.61702 -7.25007 8.79337
    endloop
  endfacet
  facet normal 0 0.266618 0.963802
    outer loop
      vertex -12.991 -7.28786 8.80382
      vertex -6.61754 -7.22872 8.78746
      vertex -13.0245 -7.22872 8.78746
    endloop
  endfacet
  facet normal 0 -0.99248 0.12241
    outer loop
      vertex -13.771 -5.68853 9.81659
      vertex -6.50612 -5.68102 9.87748
      vertex -13.7739 -5.68102 9.87748
    endloop
  endfacet
  facet normal 0 -0.99248 0.12241
    outer loop
      vertex -6.50612 -5.68102 9.87748
      vertex -13.771 -5.68853 9.81659
      vertex -6.50742 -5.68853 9.81659
    endloop
  endfacet
  facet normal 0 -0.449624 0.893218
    outer loop
      vertex -6.59753 -6.33575 8.8976
      vertex -13.4594 -6.39056 8.87001
      vertex -6.60158 -6.39056 8.87001
    endloop
  endfacet
  facet normal 0 -0.449624 0.893218
    outer loop
      vertex -13.4849 -6.33575 8.8976
      vertex -13.4594 -6.39056 8.87001
      vertex -6.59753 -6.33575 8.8976
    endloop
  endfacet
  facet normal -0.00315345 -0.450792 0.892624
    outer loop
      vertex -13.4594 -6.39056 8.87001
      vertex -13.4849 -6.33575 8.8976
      vertex -13.4694 -6.37057 8.88007
    endloop
  endfacet
  facet normal 0 0.492906 0.870083
    outer loop
      vertex -6.59753 -7.51425 8.8976
      vertex -12.8326 -7.56763 8.92784
      vertex -6.5936 -7.56763 8.92784
    endloop
  endfacet
  facet normal 0 0.492906 0.870083
    outer loop
      vertex -12.8326 -7.56763 8.92784
      vertex -6.59753 -7.51425 8.8976
      vertex -12.8628 -7.51425 8.8976
    endloop
  endfacet
  facet normal 0 -0.534843 0.844951
    outer loop
      vertex -6.5931 -6.27564 8.9321
      vertex -13.5085 -6.28237 8.92784
      vertex -6.5936 -6.28237 8.92784
    endloop
  endfacet
  facet normal 2.24319e-07 -0.535008 0.844847
    outer loop
      vertex -6.58754 -6.23054 8.96066
      vertex -13.5085 -6.28237 8.92784
      vertex -6.5931 -6.27564 8.9321
    endloop
  endfacet
  facet normal 0 -0.534986 0.844861
    outer loop
      vertex -13.5085 -6.28237 8.92784
      vertex -6.58754 -6.23054 8.96066
      vertex -13.5315 -6.23054 8.96066
    endloop
  endfacet
  facet normal 0 0.65311 0.757263
    outer loop
      vertex -6.57538 -7.71799 9.03374
      vertex -12.7141 -7.76445 9.07381
      vertex -6.56965 -7.76445 9.07381
    endloop
  endfacet
  facet normal 0 0.65311 0.757263
    outer loop
      vertex -12.7141 -7.76445 9.07381
      vertex -6.57538 -7.71799 9.03374
      vertex -12.7435 -7.71799 9.03374
    endloop
  endfacet
  facet normal 0 0.817559 0.575845
    outer loop
      vertex -6.54776 -7.92901 9.25538
      vertex -12.5875 -7.96434 9.30554
      vertex -6.54163 -7.96434 9.30554
    endloop
  endfacet
  facet normal 0 0.817559 0.575845
    outer loop
      vertex -12.5875 -7.96434 9.30554
      vertex -6.54776 -7.92901 9.25538
      vertex -12.6099 -7.92901 9.25538
    endloop
  endfacet
  facet normal -0 -0.949415 -0.314025
    outer loop
      vertex -6.51441 -5.72882 10.3629
      vertex -13.7454 -5.74807 10.4211
      vertex -13.7539 -5.72882 10.3629
    endloop
  endfacet
  facet normal 0 -0.949415 -0.314025
    outer loop
      vertex -13.7454 -5.74807 10.4211
      vertex -6.51441 -5.72882 10.3629
      vertex -6.51775 -5.74807 10.4211
    endloop
  endfacet
  facet normal 0 -0.575845 0.817559
    outer loop
      vertex -6.58135 -6.18038 8.99599
      vertex -13.5315 -6.23054 8.96066
      vertex -6.58754 -6.23054 8.96066
    endloop
  endfacet
  facet normal 0 -0.575845 0.817559
    outer loop
      vertex -13.5315 -6.23054 8.96066
      vertex -6.58135 -6.18038 8.99599
      vertex -13.5537 -6.18038 8.99599
    endloop
  endfacet
  facet normal 0 0.985275 0.170977
    outer loop
      vertex -6.50924 -8.15098 9.75614
      vertex -12.4627 -8.16147 9.81659
      vertex -6.50742 -8.16147 9.81659
    endloop
  endfacet
  facet normal 0 0.985275 0.170977
    outer loop
      vertex -12.4627 -8.16147 9.81659
      vertex -6.50924 -8.15098 9.75614
      vertex -12.4693 -8.15098 9.75614
    endloop
  endfacet
  facet normal 0 -0.914228 0.405201
    outer loop
      vertex -13.7246 -5.79501 9.46556
      vertex -6.52158 -5.77015 9.52165
      vertex -13.7356 -5.77015 9.52165
    endloop
  endfacet
  facet normal 0 -0.914228 0.405201
    outer loop
      vertex -6.52158 -5.77015 9.52165
      vertex -13.7246 -5.79501 9.46556
      vertex -6.5259 -5.79501 9.46556
    endloop
  endfacet
  facet normal 0 0.314516 -0.949252
    outer loop
      vertex -12.958 -7.34611 11.1769
      vertex -6.61423 -7.28786 11.1962
      vertex -6.60994 -7.34611 11.1769
    endloop
  endfacet
  facet normal 0 0.314516 -0.949252
    outer loop
      vertex -6.61423 -7.28786 11.1962
      vertex -12.958 -7.34611 11.1769
      vertex -12.991 -7.28786 11.1962
    endloop
  endfacet
  facet normal 0 0.949463 -0.313878
    outer loop
      vertex -12.4882 -8.12117 10.3629
      vertex -6.51775 -8.10193 10.4211
      vertex -6.51441 -8.12117 10.3629
    endloop
  endfacet
  facet normal 0 0.949463 -0.313878
    outer loop
      vertex -6.51775 -8.10193 10.4211
      vertex -12.4882 -8.12117 10.3629
      vertex -12.5004 -8.10193 10.4211
    endloop
  endfacet
  facet normal 0 -0.0244466 -0.999701
    outer loop
      vertex -13.1904 -6.925 11.25
      vertex -6.62349 -6.86366 11.2485
      vertex -6.625 -6.925 11.25
    endloop
  endfacet
  facet normal -0 -0.0244466 -0.999701
    outer loop
      vertex -6.62349 -6.86366 11.2485
      vertex -13.1904 -6.925 11.25
      vertex -13.2212 -6.86366 11.2485
    endloop
  endfacet
  facet normal 0 -0.0733553 -0.997306
    outer loop
      vertex -13.2212 -6.86366 11.2485
      vertex -6.62199 -6.80248 11.244
      vertex -6.62349 -6.86366 11.2485
    endloop
  endfacet
  facet normal -0 -0.0733553 -0.997306
    outer loop
      vertex -6.62199 -6.80248 11.244
      vertex -13.2212 -6.86366 11.2485
      vertex -13.252 -6.80248 11.244
    endloop
  endfacet
  facet normal 0 -0.985275 0.170977
    outer loop
      vertex -13.7669 -5.69902 9.75614
      vertex -6.50742 -5.68853 9.81659
      vertex -13.771 -5.68853 9.81659
    endloop
  endfacet
  facet normal 0 -0.985275 0.170977
    outer loop
      vertex -6.50742 -5.68853 9.81659
      vertex -13.7669 -5.69902 9.75614
      vertex -6.50924 -5.69902 9.75614
    endloop
  endfacet
  facet normal 0 0.0244505 0.999701
    outer loop
      vertex -13.1595 -6.98633 8.7515
      vertex -6.625 -6.925 8.75
      vertex -13.1904 -6.925 8.75
    endloop
  endfacet
  facet normal 0 0.0244505 0.999701
    outer loop
      vertex -6.62349 -6.98633 8.7515
      vertex -6.625 -6.925 8.75
      vertex -13.1595 -6.98633 8.7515
    endloop
  endfacet
  facet normal 0 -0.0736795 0.997282
    outer loop
      vertex -6.62199 -6.80248 8.75602
      vertex -13.2212 -6.86366 8.7515
      vertex -6.62349 -6.86366 8.7515
    endloop
  endfacet
  facet normal 0 -0.0736795 0.997282
    outer loop
      vertex -13.2212 -6.86366 8.7515
      vertex -6.62199 -6.80248 8.75602
      vertex -13.252 -6.80248 8.75602
    endloop
  endfacet
  facet normal 0 0.171135 -0.985248
    outer loop
      vertex -13.0585 -7.16886 11.226
      vertex -6.6205 -7.10841 11.2365
      vertex -6.61901 -7.16886 11.226
    endloop
  endfacet
  facet normal 0 0.171135 -0.985248
    outer loop
      vertex -6.6205 -7.10841 11.2365
      vertex -13.0585 -7.16886 11.226
      vertex -13.0927 -7.10841 11.2365
    endloop
  endfacet
  facet normal 0 0.985299 -0.170839
    outer loop
      vertex -12.4627 -8.16147 10.1834
      vertex -6.50924 -8.15098 10.2439
      vertex -6.50742 -8.16147 10.1834
    endloop
  endfacet
  facet normal 0 0.985299 -0.170839
    outer loop
      vertex -6.50924 -8.15098 10.2439
      vertex -12.4627 -8.16147 10.1834
      vertex -12.4693 -8.15098 10.2439
    endloop
  endfacet
  facet normal 0 0.933119 -0.359568
    outer loop
      vertex -12.5004 -8.10193 10.4211
      vertex -6.52158 -8.07985 10.4784
      vertex -6.51775 -8.10193 10.4211
    endloop
  endfacet
  facet normal 0 0.933119 -0.359568
    outer loop
      vertex -6.52158 -8.07985 10.4784
      vertex -12.5004 -8.10193 10.4211
      vertex -12.5144 -8.07985 10.4784
    endloop
  endfacet
  facet normal 0 0.963749 0.266812
    outer loop
      vertex -6.51441 -8.12117 9.63714
      vertex -12.4778 -8.13754 9.69627
      vertex -6.51157 -8.13754 9.69627
    endloop
  endfacet
  facet normal 0 0.963749 0.266812
    outer loop
      vertex -12.4778 -8.13754 9.69627
      vertex -6.51441 -8.12117 9.63714
      vertex -12.4882 -8.12117 9.63714
    endloop
  endfacet
  facet normal 0 0.788407 0.615154
    outer loop
      vertex -6.55329 -7.89709 9.21447
      vertex -12.6099 -7.92901 9.25538
      vertex -6.54776 -7.92901 9.25538
    endloop
  endfacet
  facet normal 6.65905e-06 0.787929 0.615767
    outer loop
      vertex -6.55401 -7.89126 9.20701
      vertex -12.6099 -7.92901 9.25538
      vertex -6.55329 -7.89709 9.21447
    endloop
  endfacet
  facet normal 0 0.788333 0.615249
    outer loop
      vertex -12.6099 -7.92901 9.25538
      vertex -6.55401 -7.89126 9.20701
      vertex -12.6338 -7.89126 9.20701
    endloop
  endfacet
  facet normal 0 0.220001 -0.9755
    outer loop
      vertex -13.0245 -7.22872 11.2125
      vertex -6.61901 -7.16886 11.226
      vertex -6.61754 -7.22872 11.2125
    endloop
  endfacet
  facet normal 0 0.220001 -0.9755
    outer loop
      vertex -6.61901 -7.16886 11.226
      vertex -13.0245 -7.22872 11.2125
      vertex -13.0585 -7.16886 11.226
    endloop
  endfacet
  facet normal 0 0.313782 0.949495
    outer loop
      vertex -6.61423 -7.28786 8.80382
      vertex -12.958 -7.34611 8.82307
      vertex -6.60994 -7.34611 8.82307
    endloop
  endfacet
  facet normal 0 0.313782 0.949495
    outer loop
      vertex -12.958 -7.34611 8.82307
      vertex -6.61423 -7.28786 8.80382
      vertex -12.991 -7.28786 8.80382
    endloop
  endfacet
  facet normal 0 0.999697 -0.0246255
    outer loop
      vertex -12.4541 -8.175 10
      vertex -6.50533 -8.17349 10.0613
      vertex -6.50507 -8.175 10
    endloop
  endfacet
  facet normal 0 0.999697 -0.0246255
    outer loop
      vertex -6.50533 -8.17349 10.0613
      vertex -12.4541 -8.175 10
      vertex -12.4551 -8.17349 10.0613
    endloop
  endfacet
  facet normal -0 -0.933119 -0.359568
    outer loop
      vertex -6.51775 -5.74807 10.4211
      vertex -13.7356 -5.77015 10.4784
      vertex -13.7454 -5.74807 10.4211
    endloop
  endfacet
  facet normal 0 -0.933119 -0.359568
    outer loop
      vertex -13.7356 -5.77015 10.4784
      vertex -6.51775 -5.74807 10.4211
      vertex -6.52158 -5.77015 10.4784
    endloop
  endfacet
  facet normal 0 0.0736676 0.997283
    outer loop
      vertex -6.62349 -6.98633 8.7515
      vertex -13.1272 -7.04752 8.75602
      vertex -6.62199 -7.04752 8.75602
    endloop
  endfacet
  facet normal -0 0.0736676 0.997283
    outer loop
      vertex -13.1595 -6.98633 8.7515
      vertex -13.1272 -7.04752 8.75602
      vertex -6.62349 -6.98633 8.7515
    endloop
  endfacet
  facet normal 0.00159775 0.0745063 0.997219
    outer loop
      vertex -13.1272 -7.04752 8.75602
      vertex -13.1595 -6.98633 8.7515
      vertex -13.1406 -7.02381 8.75427
    endloop
  endfacet
  facet normal 0 0.12241 0.99248
    outer loop
      vertex -6.62199 -7.04752 8.75602
      vertex -13.0927 -7.10841 8.76353
      vertex -6.6205 -7.10841 8.76353
    endloop
  endfacet
  facet normal 0 0.12241 0.99248
    outer loop
      vertex -13.0927 -7.10841 8.76353
      vertex -6.62199 -7.04752 8.75602
      vertex -13.1272 -7.04752 8.75602
    endloop
  endfacet
  facet normal 0 -0.893218 0.449624
    outer loop
      vertex -13.7123 -5.8226 9.41075
      vertex -6.5259 -5.79501 9.46556
      vertex -13.7246 -5.79501 9.46556
    endloop
  endfacet
  facet normal 0 -0.893218 0.449624
    outer loop
      vertex -6.5259 -5.79501 9.46556
      vertex -13.7123 -5.8226 9.41075
      vertex -6.53068 -5.8226 9.41075
    endloop
  endfacet
  facet normal 0 0.870083 0.492906
    outer loop
      vertex -6.53593 -7.99716 9.35737
      vertex -12.5476 -8.0274 9.41075
      vertex -6.53068 -8.0274 9.41075
    endloop
  endfacet
  facet normal 0 0.870083 0.492906
    outer loop
      vertex -12.5476 -8.0274 9.41075
      vertex -6.53593 -7.99716 9.35737
      vertex -12.5667 -7.99716 9.35737
    endloop
  endfacet
  facet normal 0 0.756845 -0.653594
    outer loop
      vertex -12.6338 -7.89126 10.793
      vertex -6.55896 -7.85119 10.8394
      vertex -6.55401 -7.89126 10.793
    endloop
  endfacet
  facet normal 0 0.756845 -0.653594
    outer loop
      vertex -6.55896 -7.85119 10.8394
      vertex -12.6338 -7.89126 10.793
      vertex -12.6592 -7.85119 10.8394
    endloop
  endfacet
  facet normal -0 -0.870162 -0.492766
    outer loop
      vertex -6.53068 -5.8226 10.5892
      vertex -13.6989 -5.85284 10.6426
      vertex -13.7123 -5.8226 10.5892
    endloop
  endfacet
  facet normal 0 -0.870162 -0.492766
    outer loop
      vertex -13.6989 -5.85284 10.6426
      vertex -6.53068 -5.8226 10.5892
      vertex -6.53593 -5.85284 10.6426
    endloop
  endfacet
  facet normal 0 0.36018 -0.932883
    outer loop
      vertex -12.9256 -7.40335 11.1548
      vertex -6.60994 -7.34611 11.1769
      vertex -6.60571 -7.40335 11.1548
    endloop
  endfacet
  facet normal 0 0.36018 -0.932883
    outer loop
      vertex -6.60994 -7.34611 11.1769
      vertex -12.9256 -7.40335 11.1548
      vertex -12.958 -7.34611 11.1769
    endloop
  endfacet
  facet normal 0 -0.170977 0.985275
    outer loop
      vertex -6.61901 -6.68114 8.77402
      vertex -13.2827 -6.74159 8.76353
      vertex -6.6205 -6.74159 8.76353
    endloop
  endfacet
  facet normal 0 -0.170977 0.985275
    outer loop
      vertex -13.2827 -6.74159 8.76353
      vertex -6.61901 -6.68114 8.77402
      vertex -13.3131 -6.68114 8.77402
    endloop
  endfacet
  facet normal 0 0.844861 0.534986
    outer loop
      vertex -6.54163 -7.96434 9.30554
      vertex -12.5667 -7.99716 9.35737
      vertex -6.53593 -7.99716 9.35737
    endloop
  endfacet
  facet normal 0 0.844861 0.534986
    outer loop
      vertex -12.5667 -7.99716 9.35737
      vertex -6.54163 -7.96434 9.30554
      vertex -12.5875 -7.96434 9.30554
    endloop
  endfacet
  facet normal -1.65533e-05 0.789521 -0.613723
    outer loop
      vertex -12.6099 -7.92901 10.7446
      vertex -6.55401 -7.89126 10.793
      vertex -6.55329 -7.89709 10.7855
    endloop
  endfacet
  facet normal 0 0.788334 -0.615247
    outer loop
      vertex -12.6099 -7.92901 10.7446
      vertex -6.55329 -7.89709 10.7855
      vertex -6.54776 -7.92901 10.7446
    endloop
  endfacet
  facet normal 0 0.788518 -0.615012
    outer loop
      vertex -6.55401 -7.89126 10.793
      vertex -12.6099 -7.92901 10.7446
      vertex -12.6338 -7.89126 10.793
    endloop
  endfacet
  facet normal 0 -0.266898 0.963725
    outer loop
      vertex -6.61702 -6.59993 8.79337
      vertex -13.3432 -6.62127 8.78746
      vertex -6.61754 -6.62127 8.78746
    endloop
  endfacet
  facet normal -1.27399e-06 -0.266525 0.963828
    outer loop
      vertex -6.61423 -6.56214 8.80382
      vertex -13.3432 -6.62127 8.78746
      vertex -6.61702 -6.59993 8.79337
    endloop
  endfacet
  facet normal 0 -0.26666 0.963791
    outer loop
      vertex -13.3432 -6.62127 8.78746
      vertex -6.61423 -6.56214 8.80382
      vertex -13.373 -6.56214 8.80382
    endloop
  endfacet
  facet normal 0 -0.997295 0.0735055
    outer loop
      vertex -13.7739 -5.68102 9.87748
      vertex -6.50533 -5.67651 9.93867
      vertex -13.7756 -5.67651 9.93867
    endloop
  endfacet
  facet normal 0 -0.997295 0.0735055
    outer loop
      vertex -6.50533 -5.67651 9.93867
      vertex -13.7739 -5.68102 9.87748
      vertex -6.50612 -5.68102 9.87748
    endloop
  endfacet
  facet normal 0 0.122249 -0.992499
    outer loop
      vertex -13.0927 -7.10841 11.2365
      vertex -6.62199 -7.04752 11.244
      vertex -6.6205 -7.10841 11.2365
    endloop
  endfacet
  facet normal 0 0.122249 -0.992499
    outer loop
      vertex -6.62199 -7.04752 11.244
      vertex -13.0927 -7.10841 11.2365
      vertex -13.1272 -7.04752 11.244
    endloop
  endfacet
  facet normal 0 0.449624 0.893218
    outer loop
      vertex -6.60158 -7.45944 8.87001
      vertex -12.8628 -7.51425 8.8976
      vertex -6.59753 -7.51425 8.8976
    endloop
  endfacet
  facet normal 0 0.449624 0.893218
    outer loop
      vertex -12.8628 -7.51425 8.8976
      vertex -6.60158 -7.45944 8.87001
      vertex -12.8938 -7.45944 8.87001
    endloop
  endfacet
  facet normal 0 0.535008 0.844847
    outer loop
      vertex -6.5931 -7.57436 8.9321
      vertex -12.8032 -7.61946 8.96066
      vertex -6.58754 -7.61946 8.96066
    endloop
  endfacet
  facet normal 1.67307e-06 0.534843 0.844951
    outer loop
      vertex -6.5936 -7.56763 8.92784
      vertex -12.8032 -7.61946 8.96066
      vertex -6.5931 -7.57436 8.9321
    endloop
  endfacet
  facet normal 0 0.534986 0.844861
    outer loop
      vertex -12.8032 -7.61946 8.96066
      vertex -6.5936 -7.56763 8.92784
      vertex -12.8326 -7.56763 8.92784
    endloop
  endfacet
  facet normal 0 -0.171135 -0.985248
    outer loop
      vertex -13.2827 -6.74159 11.2365
      vertex -6.61901 -6.68114 11.226
      vertex -6.6205 -6.74159 11.2365
    endloop
  endfacet
  facet normal -0 -0.171135 -0.985248
    outer loop
      vertex -6.61901 -6.68114 11.226
      vertex -13.2827 -6.74159 11.2365
      vertex -13.3131 -6.68114 11.226
    endloop
  endfacet
  facet normal 0 0.653391 -0.757021
    outer loop
      vertex -12.7141 -7.76445 10.9262
      vertex -6.57538 -7.71799 10.9663
      vertex -6.56965 -7.76445 10.9262
    endloop
  endfacet
  facet normal 0 0.653391 -0.757021
    outer loop
      vertex -6.57538 -7.71799 10.9663
      vertex -12.7141 -7.76445 10.9262
      vertex -12.7435 -7.71799 10.9663
    endloop
  endfacet
  facet normal 0 0.99248 0.12241
    outer loop
      vertex -6.50742 -8.16147 9.81659
      vertex -12.4579 -8.16898 9.87748
      vertex -6.50612 -8.16898 9.87748
    endloop
  endfacet
  facet normal 0 0.99248 0.12241
    outer loop
      vertex -12.4579 -8.16898 9.87748
      vertex -6.50742 -8.16147 9.81659
      vertex -12.4627 -8.16147 9.81659
    endloop
  endfacet
  facet normal 0 0.893185 -0.449689
    outer loop
      vertex -12.5301 -8.05499 10.5344
      vertex -6.53068 -8.0274 10.5892
      vertex -6.5259 -8.05499 10.5344
    endloop
  endfacet
  facet normal 0 0.893185 -0.449689
    outer loop
      vertex -6.53068 -8.0274 10.5892
      vertex -12.5301 -8.05499 10.5344
      vertex -12.5476 -8.0274 10.5892
    endloop
  endfacet
  facet normal 0 0.21907 0.975709
    outer loop
      vertex -6.61901 -7.16886 8.77402
      vertex -13.0245 -7.22872 8.78746
      vertex -6.61754 -7.22872 8.78746
    endloop
  endfacet
  facet normal 0 0.21907 0.975709
    outer loop
      vertex -13.0245 -7.22872 8.78746
      vertex -6.61901 -7.16886 8.77402
      vertex -13.0585 -7.16886 8.77402
    endloop
  endfacet
  facet normal 0 0.757263 0.65311
    outer loop
      vertex -6.55896 -7.85119 9.16055
      vertex -12.6338 -7.89126 9.20701
      vertex -6.55401 -7.89126 9.20701
    endloop
  endfacet
  facet normal 0 0.757263 0.65311
    outer loop
      vertex -12.6338 -7.89126 9.20701
      vertex -6.55896 -7.85119 9.16055
      vertex -12.6592 -7.85119 9.16055
    endloop
  endfacet
  facet normal 0 -0.359842 0.933013
    outer loop
      vertex -6.60571 -6.44664 8.84515
      vertex -13.4023 -6.50389 8.82307
      vertex -6.60994 -6.50389 8.82307
    endloop
  endfacet
  facet normal 0 -0.359842 0.933013
    outer loop
      vertex -13.4023 -6.50389 8.82307
      vertex -6.60571 -6.44664 8.84515
      vertex -13.4311 -6.44664 8.84515
    endloop
  endfacet
  facet normal 0 -0.219966 -0.975508
    outer loop
      vertex -13.3131 -6.68114 11.226
      vertex -6.61754 -6.62127 11.2125
      vertex -6.61901 -6.68114 11.226
    endloop
  endfacet
  facet normal -0 -0.219966 -0.975508
    outer loop
      vertex -6.61754 -6.62127 11.2125
      vertex -13.3131 -6.68114 11.226
      vertex -13.3432 -6.62127 11.2125
    endloop
  endfacet
  facet normal 0 -0.817559 0.575845
    outer loop
      vertex -13.6687 -5.92099 9.25538
      vertex -6.54163 -5.88566 9.30554
      vertex -13.6844 -5.88566 9.30554
    endloop
  endfacet
  facet normal 0 -0.817559 0.575845
    outer loop
      vertex -6.54163 -5.88566 9.30554
      vertex -13.6687 -5.92099 9.25538
      vertex -6.54776 -5.92099 9.25538
    endloop
  endfacet
  facet normal 0 -0.999697 0.0246134
    outer loop
      vertex -13.7756 -5.67651 9.93867
      vertex -6.50507 -5.675 10
      vertex -13.7762 -5.675 10
    endloop
  endfacet
  facet normal 0 -0.999697 0.0246134
    outer loop
      vertex -6.50507 -5.675 10
      vertex -13.7756 -5.67651 9.93867
      vertex -6.50533 -5.67651 9.93867
    endloop
  endfacet
  facet normal 0 -0.614742 -0.788728
    outer loop
      vertex -13.5537 -6.18038 11.004
      vertex -6.57538 -6.13201 10.9663
      vertex -6.58135 -6.18038 11.004
    endloop
  endfacet
  facet normal -0 -0.614742 -0.788728
    outer loop
      vertex -6.57538 -6.13201 10.9663
      vertex -13.5537 -6.18038 11.004
      vertex -13.5752 -6.13201 10.9663
    endloop
  endfacet
  facet normal 0 0.405201 0.914228
    outer loop
      vertex -6.60571 -7.40335 8.84515
      vertex -12.8938 -7.45944 8.87001
      vertex -6.60158 -7.45944 8.87001
    endloop
  endfacet
  facet normal 0 0.405201 0.914228
    outer loop
      vertex -12.8938 -7.45944 8.87001
      vertex -6.60571 -7.40335 8.84515
      vertex -12.9256 -7.40335 8.84515
    endloop
  endfacet
  facet normal 0 0.535542 -0.844509
    outer loop
      vertex -12.8032 -7.61946 11.0393
      vertex -6.5931 -7.57436 11.0679
      vertex -6.58754 -7.61946 11.0393
    endloop
  endfacet
  facet normal -2.92605e-05 0.538412 -0.842681
    outer loop
      vertex -12.8032 -7.61946 11.0393
      vertex -6.5936 -7.56763 11.0722
      vertex -6.5931 -7.57436 11.0679
    endloop
  endfacet
  facet normal 0 0.535916 -0.844271
    outer loop
      vertex -6.5936 -7.56763 11.0722
      vertex -12.8032 -7.61946 11.0393
      vertex -12.8326 -7.56763 11.0722
    endloop
  endfacet
  facet normal 0 -0.65311 0.757263
    outer loop
      vertex -6.56965 -6.08555 9.07381
      vertex -13.5752 -6.13201 9.03374
      vertex -6.57538 -6.13201 9.03374
    endloop
  endfacet
  facet normal 0 -0.65311 0.757263
    outer loop
      vertex -13.5752 -6.13201 9.03374
      vertex -6.56965 -6.08555 9.07381
      vertex -13.5958 -6.08555 9.07381
    endloop
  endfacet
  facet normal 0 0.997296 -0.0734935
    outer loop
      vertex -12.4551 -8.17349 10.0613
      vertex -6.50612 -8.16898 10.1225
      vertex -6.50533 -8.17349 10.0613
    endloop
  endfacet
  facet normal 0 0.997296 -0.0734935
    outer loop
      vertex -6.50612 -8.16898 10.1225
      vertex -12.4551 -8.17349 10.0613
      vertex -12.4579 -8.16898 10.1225
    endloop
  endfacet
  facet normal 0 0.170977 0.985275
    outer loop
      vertex -6.6205 -7.10841 8.76353
      vertex -13.0585 -7.16886 8.77402
      vertex -6.61901 -7.16886 8.77402
    endloop
  endfacet
  facet normal 0 0.170977 0.985275
    outer loop
      vertex -13.0585 -7.16886 8.77402
      vertex -6.6205 -7.10841 8.76353
      vertex -13.0927 -7.10841 8.76353
    endloop
  endfacet
  facet normal -0 -0.985299 -0.170839
    outer loop
      vertex -6.50742 -5.68853 10.1834
      vertex -13.7669 -5.69902 10.2439
      vertex -13.771 -5.68853 10.1834
    endloop
  endfacet
  facet normal 0 -0.985299 -0.170839
    outer loop
      vertex -13.7669 -5.69902 10.2439
      vertex -6.50742 -5.68853 10.1834
      vertex -6.50924 -5.69902 10.2439
    endloop
  endfacet
  facet normal 0 0.724715 -0.689049
    outer loop
      vertex -12.6592 -7.85119 10.8394
      vertex -6.56417 -7.80888 10.8839
      vertex -6.55896 -7.85119 10.8394
    endloop
  endfacet
  facet normal 0 0.724715 -0.689049
    outer loop
      vertex -6.56417 -7.80888 10.8839
      vertex -12.6592 -7.85119 10.8394
      vertex -12.686 -7.80888 10.8839
    endloop
  endfacet
  facet normal 0 0.997295 0.0735055
    outer loop
      vertex -6.50612 -8.16898 9.87748
      vertex -12.4551 -8.17349 9.93867
      vertex -6.50533 -8.17349 9.93867
    endloop
  endfacet
  facet normal 0 0.997295 0.0735055
    outer loop
      vertex -12.4551 -8.17349 9.93867
      vertex -6.50612 -8.16898 9.87748
      vertex -12.4579 -8.16898 9.87748
    endloop
  endfacet
  facet normal 0 0.893218 0.449624
    outer loop
      vertex -6.53068 -8.0274 9.41075
      vertex -12.5301 -8.05499 9.46556
      vertex -6.5259 -8.05499 9.46556
    endloop
  endfacet
  facet normal 0 0.893218 0.449624
    outer loop
      vertex -12.5301 -8.05499 9.46556
      vertex -6.53068 -8.0274 9.41075
      vertex -12.5476 -8.0274 9.41075
    endloop
  endfacet
  facet normal 0 -0.492906 0.870083
    outer loop
      vertex -6.5936 -6.28237 8.92784
      vertex -13.4849 -6.33575 8.8976
      vertex -6.59753 -6.33575 8.8976
    endloop
  endfacet
  facet normal 0 -0.492906 0.870083
    outer loop
      vertex -13.4849 -6.33575 8.8976
      vertex -6.5936 -6.28237 8.92784
      vertex -13.5085 -6.28237 8.92784
    endloop
  endfacet
  facet normal 0 -0.844861 0.534986
    outer loop
      vertex -13.6844 -5.88566 9.30554
      vertex -6.53593 -5.85284 9.35737
      vertex -13.6989 -5.85284 9.35737
    endloop
  endfacet
  facet normal 0 -0.844861 0.534986
    outer loop
      vertex -6.53593 -5.85284 9.35737
      vertex -13.6844 -5.88566 9.30554
      vertex -6.54163 -5.88566 9.30554
    endloop
  endfacet
  facet normal 0 0.932992 0.359896
    outer loop
      vertex -6.52158 -8.07985 9.52165
      vertex -12.5004 -8.10193 9.57889
      vertex -6.51775 -8.10193 9.57889
    endloop
  endfacet
  facet normal 0 0.932992 0.359896
    outer loop
      vertex -12.5004 -8.10193 9.57889
      vertex -6.52158 -8.07985 9.52165
      vertex -12.5144 -8.07985 9.52165
    endloop
  endfacet
  facet normal 0 0.0733434 -0.997307
    outer loop
      vertex -13.1272 -7.04752 11.244
      vertex -6.62349 -6.98633 11.2485
      vertex -6.62199 -7.04752 11.244
    endloop
  endfacet
  facet normal 0.0490758 0.0989965 -0.993877
    outer loop
      vertex -13.1595 -6.98633 11.2485
      vertex -13.1272 -7.04752 11.244
      vertex -13.1406 -7.02381 11.2457
    endloop
  endfacet
  facet normal 0 0.0733434 -0.997307
    outer loop
      vertex -13.1272 -7.04752 11.244
      vertex -13.1595 -6.98633 11.2485
      vertex -6.62349 -6.98633 11.2485
    endloop
  endfacet
  facet normal -0 -0.963872 -0.266367
    outer loop
      vertex -6.51157 -5.71246 10.3037
      vertex -13.7539 -5.72882 10.3629
      vertex -13.7612 -5.71246 10.3037
    endloop
  endfacet
  facet normal 0 -0.963872 -0.266367
    outer loop
      vertex -13.7539 -5.72882 10.3629
      vertex -6.51157 -5.71246 10.3037
      vertex -6.51441 -5.72882 10.3629
    endloop
  endfacet
  facet normal 0 0.492412 -0.870362
    outer loop
      vertex -12.8326 -7.56763 11.0722
      vertex -6.59753 -7.51425 11.1024
      vertex -6.5936 -7.56763 11.0722
    endloop
  endfacet
  facet normal 0 0.492412 -0.870362
    outer loop
      vertex -6.59753 -7.51425 11.1024
      vertex -12.8326 -7.56763 11.0722
      vertex -12.8628 -7.51425 11.1024
    endloop
  endfacet
  facet normal -0 -0.997296 -0.0734935
    outer loop
      vertex -6.50533 -5.67651 10.0613
      vertex -13.7739 -5.68102 10.1225
      vertex -13.7756 -5.67651 10.0613
    endloop
  endfacet
  facet normal 0 -0.997296 -0.0734935
    outer loop
      vertex -13.7739 -5.68102 10.1225
      vertex -6.50533 -5.67651 10.0613
      vertex -6.50612 -5.68102 10.1225
    endloop
  endfacet
  facet normal 0 -0.932992 0.359896
    outer loop
      vertex -13.7356 -5.77015 9.52165
      vertex -6.51775 -5.74807 9.57889
      vertex -13.7454 -5.74807 9.57889
    endloop
  endfacet
  facet normal 0 -0.932992 0.359896
    outer loop
      vertex -6.51775 -5.74807 9.57889
      vertex -13.7356 -5.77015 9.52165
      vertex -6.52158 -5.77015 9.52165
    endloop
  endfacet
  facet normal 0 -0.999697 -0.0246255
    outer loop
      vertex -13.7762 -5.675 10
      vertex -6.50533 -5.67651 10.0613
      vertex -13.7756 -5.67651 10.0613
    endloop
  endfacet
  facet normal 0 -0.999697 -0.0246255
    outer loop
      vertex -6.50533 -5.67651 10.0613
      vertex -13.7762 -5.675 10
      vertex -6.50507 -5.675 10
    endloop
  endfacet
  facet normal 0 -0.757263 0.65311
    outer loop
      vertex -13.6342 -5.99881 9.16055
      vertex -6.55401 -5.95874 9.20701
      vertex -13.652 -5.95874 9.20701
    endloop
  endfacet
  facet normal 0 -0.757263 0.65311
    outer loop
      vertex -6.55401 -5.95874 9.20701
      vertex -13.6342 -5.99881 9.16055
      vertex -6.55896 -5.99881 9.16055
    endloop
  endfacet
  facet normal 0 -0.360125 -0.932904
    outer loop
      vertex -13.4023 -6.50389 11.1769
      vertex -6.60571 -6.44664 11.1548
      vertex -6.60994 -6.50389 11.1769
    endloop
  endfacet
  facet normal -0 -0.360125 -0.932904
    outer loop
      vertex -6.60571 -6.44664 11.1548
      vertex -13.4023 -6.50389 11.1769
      vertex -13.4311 -6.44664 11.1548
    endloop
  endfacet
  facet normal 0 -0.689533 -0.724254
    outer loop
      vertex -13.5958 -6.08555 10.9262
      vertex -6.56417 -6.04112 10.8839
      vertex -6.56965 -6.08555 10.9262
    endloop
  endfacet
  facet normal -0 -0.689533 -0.724254
    outer loop
      vertex -6.56417 -6.04112 10.8839
      vertex -13.5958 -6.08555 10.9262
      vertex -13.6155 -6.04112 10.8839
    endloop
  endfacet
  facet normal 0 -0.12241 0.99248
    outer loop
      vertex -6.6205 -6.74159 8.76353
      vertex -13.252 -6.80248 8.75602
      vertex -6.62199 -6.80248 8.75602
    endloop
  endfacet
  facet normal 0 -0.12241 0.99248
    outer loop
      vertex -13.252 -6.80248 8.75602
      vertex -6.6205 -6.74159 8.76353
      vertex -13.2827 -6.74159 8.76353
    endloop
  endfacet
  facet normal 0 -0.653391 -0.757021
    outer loop
      vertex -13.5752 -6.13201 10.9663
      vertex -6.56965 -6.08555 10.9262
      vertex -6.57538 -6.13201 10.9663
    endloop
  endfacet
  facet normal -0 -0.653391 -0.757021
    outer loop
      vertex -6.56965 -6.08555 10.9262
      vertex -13.5752 -6.13201 10.9663
      vertex -13.5958 -6.08555 10.9262
    endloop
  endfacet
  facet normal 0 0.845187 -0.534471
    outer loop
      vertex -12.5667 -7.99716 10.6426
      vertex -6.54163 -7.96434 10.6945
      vertex -6.53593 -7.99716 10.6426
    endloop
  endfacet
  facet normal 0 0.845187 -0.534471
    outer loop
      vertex -6.54163 -7.96434 10.6945
      vertex -12.5667 -7.99716 10.6426
      vertex -12.5875 -7.96434 10.6945
    endloop
  endfacet
  facet normal 0 -0.963791 0.26666
    outer loop
      vertex -13.7539 -5.72882 9.63714
      vertex -6.51157 -5.71246 9.69627
      vertex -13.7612 -5.71246 9.69627
    endloop
  endfacet
  facet normal 0 -0.963791 0.26666
    outer loop
      vertex -6.51157 -5.71246 9.69627
      vertex -13.7539 -5.72882 9.63714
      vertex -6.51441 -5.72882 9.63714
    endloop
  endfacet
  facet normal -1.15386e-06 -0.975632 -0.219412
    outer loop
      vertex -6.50924 -5.69902 10.2439
      vertex -13.7612 -5.71246 10.3037
      vertex -13.7658 -5.70198 10.2571
    endloop
  endfacet
  facet normal -0 -0.975768 -0.218809
    outer loop
      vertex -6.50924 -5.69902 10.2439
      vertex -13.7658 -5.70198 10.2571
      vertex -13.7669 -5.69902 10.2439
    endloop
  endfacet
  facet normal 0 -0.975662 -0.219279
    outer loop
      vertex -13.7612 -5.71246 10.3037
      vertex -6.50924 -5.69902 10.2439
      vertex -6.51157 -5.71246 10.3037
    endloop
  endfacet
  facet normal 0 -0.615249 0.788333
    outer loop
      vertex -6.57538 -6.13201 9.03374
      vertex -13.5537 -6.18038 8.99599
      vertex -6.58135 -6.18038 8.99599
    endloop
  endfacet
  facet normal 0 -0.615249 0.788333
    outer loop
      vertex -13.5537 -6.18038 8.99599
      vertex -6.57538 -6.13201 9.03374
      vertex -13.5752 -6.13201 9.03374
    endloop
  endfacet
  facet normal 0 0.404383 -0.91459
    outer loop
      vertex -12.8938 -7.45944 11.13
      vertex -6.60571 -7.40335 11.1548
      vertex -6.60158 -7.45944 11.13
    endloop
  endfacet
  facet normal 0 0.404383 -0.91459
    outer loop
      vertex -6.60571 -7.40335 11.1548
      vertex -12.8938 -7.45944 11.13
      vertex -12.9256 -7.40335 11.1548
    endloop
  endfacet
  facet normal -0 -0.913986 -0.405745
    outer loop
      vertex -6.52158 -5.77015 10.4784
      vertex -13.7246 -5.79501 10.5344
      vertex -13.7356 -5.77015 10.4784
    endloop
  endfacet
  facet normal 0 -0.913986 -0.405745
    outer loop
      vertex -13.7246 -5.79501 10.5344
      vertex -6.52158 -5.77015 10.4784
      vertex -6.5259 -5.79501 10.5344
    endloop
  endfacet
  facet normal 0 -0.975803 0.218651
    outer loop
      vertex -13.7658 -5.70198 9.74293
      vertex -6.50924 -5.69902 9.75614
      vertex -13.7669 -5.69902 9.75614
    endloop
  endfacet
  facet normal -9.42699e-07 -0.975693 0.219144
    outer loop
      vertex -13.7612 -5.71246 9.69627
      vertex -6.50924 -5.69902 9.75614
      vertex -13.7658 -5.70198 9.74293
    endloop
  endfacet
  facet normal 0 -0.975717 0.219035
    outer loop
      vertex -6.50924 -5.69902 9.75614
      vertex -13.7612 -5.71246 9.69627
      vertex -6.51157 -5.71246 9.69627
    endloop
  endfacet
  facet normal 0 0.949544 0.313635
    outer loop
      vertex -6.51775 -8.10193 9.57889
      vertex -12.4882 -8.12117 9.63714
      vertex -6.51441 -8.12117 9.63714
    endloop
  endfacet
  facet normal 0 0.949544 0.313635
    outer loop
      vertex -12.4882 -8.12117 9.63714
      vertex -6.51775 -8.10193 9.57889
      vertex -12.5004 -8.10193 9.57889
    endloop
  endfacet
  facet normal 0 0.689619 0.724173
    outer loop
      vertex -6.56965 -7.76445 9.07381
      vertex -12.686 -7.80888 9.11612
      vertex -6.56417 -7.80888 9.11612
    endloop
  endfacet
  facet normal 0 0.689619 0.724173
    outer loop
      vertex -12.686 -7.80888 9.11612
      vertex -6.56965 -7.76445 9.07381
      vertex -12.7141 -7.76445 9.07381
    endloop
  endfacet
  facet normal 0 -0.314516 -0.949252
    outer loop
      vertex -13.373 -6.56214 11.1962
      vertex -6.60994 -6.50389 11.1769
      vertex -6.61423 -6.56214 11.1962
    endloop
  endfacet
  facet normal -0 -0.314516 -0.949252
    outer loop
      vertex -6.60994 -6.50389 11.1769
      vertex -13.373 -6.56214 11.1962
      vertex -13.4023 -6.50389 11.1769
    endloop
  endfacet
  facet normal 0 0.26534 -0.964155
    outer loop
      vertex -12.991 -7.28786 11.1962
      vertex -6.61702 -7.25007 11.2066
      vertex -6.61423 -7.28786 11.1962
    endloop
  endfacet
  facet normal -6.52241e-06 0.266363 -0.963873
    outer loop
      vertex -12.991 -7.28786 11.1962
      vertex -6.61754 -7.22872 11.2125
      vertex -6.61702 -7.25007 11.2066
    endloop
  endfacet
  facet normal 0 0.26571 -0.964053
    outer loop
      vertex -6.61754 -7.22872 11.2125
      vertex -12.991 -7.28786 11.1962
      vertex -13.0245 -7.22872 11.2125
    endloop
  endfacet
  facet normal 0 -0.492412 -0.870362
    outer loop
      vertex -13.4849 -6.33575 11.1024
      vertex -6.5936 -6.28237 11.0722
      vertex -6.59753 -6.33575 11.1024
    endloop
  endfacet
  facet normal -0 -0.492412 -0.870362
    outer loop
      vertex -6.5936 -6.28237 11.0722
      vertex -13.4849 -6.33575 11.1024
      vertex -13.5085 -6.28237 11.0722
    endloop
  endfacet
  facet normal -0 -0.756845 -0.653594
    outer loop
      vertex -6.55401 -5.95874 10.793
      vertex -13.6342 -5.99881 10.8394
      vertex -13.652 -5.95874 10.793
    endloop
  endfacet
  facet normal 0 -0.756845 -0.653594
    outer loop
      vertex -13.6342 -5.99881 10.8394
      vertex -6.55401 -5.95874 10.793
      vertex -6.55896 -5.99881 10.8394
    endloop
  endfacet
  facet normal 0 0.913986 -0.405745
    outer loop
      vertex -12.5144 -8.07985 10.4784
      vertex -6.5259 -8.05499 10.5344
      vertex -6.52158 -8.07985 10.4784
    endloop
  endfacet
  facet normal 0 0.913986 -0.405745
    outer loop
      vertex -6.5259 -8.05499 10.5344
      vertex -12.5144 -8.07985 10.4784
      vertex -12.5301 -8.05499 10.5344
    endloop
  endfacet
  facet normal -0 -0.724715 -0.689049
    outer loop
      vertex -6.55896 -5.99881 10.8394
      vertex -13.6155 -6.04112 10.8839
      vertex -13.6342 -5.99881 10.8394
    endloop
  endfacet
  facet normal 0 -0.724715 -0.689049
    outer loop
      vertex -13.6155 -6.04112 10.8839
      vertex -6.55896 -5.99881 10.8394
      vertex -6.56417 -6.04112 10.8839
    endloop
  endfacet
  facet normal 0 0.575518 -0.817789
    outer loop
      vertex -12.7741 -7.66962 11.004
      vertex -6.58754 -7.61946 11.0393
      vertex -6.58135 -7.66962 11.004
    endloop
  endfacet
  facet normal -0.0297609 0.563658 -0.825472
    outer loop
      vertex -12.8032 -7.61946 11.0393
      vertex -12.7741 -7.66962 11.004
      vertex -12.7802 -7.66013 11.0107
    endloop
  endfacet
  facet normal 0 0.575518 -0.817789
    outer loop
      vertex -12.7741 -7.66962 11.004
      vertex -12.8032 -7.61946 11.0393
      vertex -6.58754 -7.61946 11.0393
    endloop
  endfacet
  facet normal 0 0.975717 0.219035
    outer loop
      vertex -6.51157 -8.13754 9.69627
      vertex -12.4693 -8.15098 9.75614
      vertex -6.50924 -8.15098 9.75614
    endloop
  endfacet
  facet normal 0 0.975717 0.219035
    outer loop
      vertex -12.4693 -8.15098 9.75614
      vertex -6.51157 -8.13754 9.69627
      vertex -12.4778 -8.13754 9.69627
    endloop
  endfacet
  facet normal 0 0.999697 0.0246134
    outer loop
      vertex -6.50533 -8.17349 9.93867
      vertex -12.4541 -8.175 10
      vertex -6.50507 -8.175 10
    endloop
  endfacet
  facet normal 0 0.999697 0.0246134
    outer loop
      vertex -12.4541 -8.175 10
      vertex -6.50533 -8.17349 9.93867
      vertex -12.4551 -8.17349 9.93867
    endloop
  endfacet
  facet normal -0 -0.845187 -0.534471
    outer loop
      vertex -6.53593 -5.85284 10.6426
      vertex -13.6844 -5.88566 10.6945
      vertex -13.6989 -5.85284 10.6426
    endloop
  endfacet
  facet normal 0 -0.845187 -0.534471
    outer loop
      vertex -13.6844 -5.88566 10.6945
      vertex -6.53593 -5.85284 10.6426
      vertex -6.54163 -5.88566 10.6945
    endloop
  endfacet
  facet normal 0 0.614742 -0.788728
    outer loop
      vertex -12.7435 -7.71799 10.9663
      vertex -6.58135 -7.66962 11.004
      vertex -6.57538 -7.71799 10.9663
    endloop
  endfacet
  facet normal 0 0.614742 -0.788728
    outer loop
      vertex -6.58135 -7.66962 11.004
      vertex -12.7435 -7.71799 10.9663
      vertex -12.7741 -7.66962 11.004
    endloop
  endfacet
  facet normal 0 -0.724173 0.689619
    outer loop
      vertex -13.6155 -6.04112 9.11612
      vertex -6.55896 -5.99881 9.16055
      vertex -13.6342 -5.99881 9.16055
    endloop
  endfacet
  facet normal 0 -0.724173 0.689619
    outer loop
      vertex -6.55896 -5.99881 9.16055
      vertex -13.6155 -6.04112 9.11612
      vertex -6.56417 -6.04112 9.11612
    endloop
  endfacet
  facet normal 0 -0.949495 0.313782
    outer loop
      vertex -13.7454 -5.74807 9.57889
      vertex -6.51441 -5.72882 9.63714
      vertex -13.7539 -5.72882 9.63714
    endloop
  endfacet
  facet normal 0 -0.949495 0.313782
    outer loop
      vertex -6.51441 -5.72882 9.63714
      vertex -13.7454 -5.74807 9.57889
      vertex -6.51775 -5.74807 9.57889
    endloop
  endfacet
  facet normal 0 0.0244505 -0.999701
    outer loop
      vertex -13.1595 -6.98633 11.2485
      vertex -6.625 -6.925 11.25
      vertex -6.62349 -6.98633 11.2485
    endloop
  endfacet
  facet normal 0 0.0244505 -0.999701
    outer loop
      vertex -6.625 -6.925 11.25
      vertex -13.1595 -6.98633 11.2485
      vertex -13.1904 -6.925 11.25
    endloop
  endfacet
  facet normal 0 0.575845 0.817559
    outer loop
      vertex -6.58754 -7.61946 8.96066
      vertex -12.7741 -7.66962 8.99599
      vertex -6.58135 -7.66962 8.99599
    endloop
  endfacet
  facet normal -0 0.575845 0.817559
    outer loop
      vertex -12.8032 -7.61946 8.96066
      vertex -12.7741 -7.66962 8.99599
      vertex -6.58754 -7.61946 8.96066
    endloop
  endfacet
  facet normal -0.00793661 0.572745 0.819695
    outer loop
      vertex -12.7741 -7.66962 8.99599
      vertex -12.8032 -7.61946 8.96066
      vertex -12.7802 -7.66013 8.9893
    endloop
  endfacet
  facet normal 0 0.96383 -0.266518
    outer loop
      vertex -12.4778 -8.13754 10.3037
      vertex -6.51441 -8.12117 10.3629
      vertex -6.51157 -8.13754 10.3037
    endloop
  endfacet
  facet normal 0 0.96383 -0.266518
    outer loop
      vertex -6.51441 -8.12117 10.3629
      vertex -12.4778 -8.13754 10.3037
      vertex -12.4882 -8.12117 10.3629
    endloop
  endfacet
  facet normal -0 -0.992482 -0.12239
    outer loop
      vertex -6.50612 -5.68102 10.1225
      vertex -13.771 -5.68853 10.1834
      vertex -13.7739 -5.68102 10.1225
    endloop
  endfacet
  facet normal 0 -0.992482 -0.12239
    outer loop
      vertex -13.771 -5.68853 10.1834
      vertex -6.50612 -5.68102 10.1225
      vertex -6.50742 -5.68853 10.1834
    endloop
  endfacet
  facet normal -0 -0.893185 -0.449689
    outer loop
      vertex -6.5259 -5.79501 10.5344
      vertex -13.7123 -5.8226 10.5892
      vertex -13.7246 -5.79501 10.5344
    endloop
  endfacet
  facet normal 0 -0.893185 -0.449689
    outer loop
      vertex -13.7123 -5.8226 10.5892
      vertex -6.5259 -5.79501 10.5344
      vertex -6.53068 -5.8226 10.5892
    endloop
  endfacet
  facet normal 0 -0.266479 -0.963841
    outer loop
      vertex -13.3432 -6.62127 11.2125
      vertex -6.61702 -6.59993 11.2066
      vertex -6.61754 -6.62127 11.2125
    endloop
  endfacet
  facet normal -3.8889e-06 -0.26534 -0.964155
    outer loop
      vertex -13.3432 -6.62127 11.2125
      vertex -6.61423 -6.56214 11.1962
      vertex -6.61702 -6.59993 11.2066
    endloop
  endfacet
  facet normal -0 -0.265751 -0.964042
    outer loop
      vertex -6.61423 -6.56214 11.1962
      vertex -13.3432 -6.62127 11.2125
      vertex -13.373 -6.56214 11.1962
    endloop
  endfacet
  facet normal 0 0.449754 -0.893153
    outer loop
      vertex -12.8628 -7.51425 11.1024
      vertex -6.60158 -7.45944 11.13
      vertex -6.59753 -7.51425 11.1024
    endloop
  endfacet
  facet normal 0 0.449754 -0.893153
    outer loop
      vertex -6.60158 -7.45944 11.13
      vertex -12.8628 -7.51425 11.1024
      vertex -12.8938 -7.45944 11.13
    endloop
  endfacet
  facet normal 0 0.689533 -0.724254
    outer loop
      vertex -12.686 -7.80888 10.8839
      vertex -6.56965 -7.76445 10.9262
      vertex -6.56417 -7.80888 10.8839
    endloop
  endfacet
  facet normal 0 0.689533 -0.724254
    outer loop
      vertex -6.56965 -7.76445 10.9262
      vertex -12.686 -7.80888 10.8839
      vertex -12.7141 -7.76445 10.9262
    endloop
  endfacet
  facet normal 0 -0.788333 0.615249
    outer loop
      vertex -13.652 -5.95874 9.20701
      vertex -6.54776 -5.92099 9.25538
      vertex -13.6687 -5.92099 9.25538
    endloop
  endfacet
  facet normal 1.03748e-06 -0.788407 0.615154
    outer loop
      vertex -6.54776 -5.92099 9.25538
      vertex -13.652 -5.95874 9.20701
      vertex -6.55329 -5.95291 9.21447
    endloop
  endfacet
  facet normal 0 -0.787928 0.615767
    outer loop
      vertex -6.55329 -5.95291 9.21447
      vertex -13.652 -5.95874 9.20701
      vertex -6.55401 -5.95874 9.20701
    endloop
  endfacet
  facet normal 0 -0.789522 -0.613722
    outer loop
      vertex -13.652 -5.95874 10.793
      vertex -6.55329 -5.95291 10.7855
      vertex -6.55401 -5.95874 10.793
    endloop
  endfacet
  facet normal -0 -0.788518 -0.615012
    outer loop
      vertex -6.54776 -5.92099 10.7446
      vertex -13.652 -5.95874 10.793
      vertex -13.6687 -5.92099 10.7446
    endloop
  endfacet
  facet normal -2.58799e-06 -0.788334 -0.615248
    outer loop
      vertex -13.652 -5.95874 10.793
      vertex -6.54776 -5.92099 10.7446
      vertex -6.55329 -5.95291 10.7855
    endloop
  endfacet
  facet normal -0 -0.817234 -0.576305
    outer loop
      vertex -6.54163 -5.88566 10.6945
      vertex -13.6687 -5.92099 10.7446
      vertex -13.6844 -5.88566 10.6945
    endloop
  endfacet
  facet normal 0 -0.817234 -0.576305
    outer loop
      vertex -13.6687 -5.92099 10.7446
      vertex -6.54163 -5.88566 10.6945
      vertex -6.54776 -5.92099 10.7446
    endloop
  endfacet
  facet normal 0 -0.404443 -0.914563
    outer loop
      vertex -13.4311 -6.44664 11.1548
      vertex -6.60158 -6.39056 11.13
      vertex -6.60571 -6.44664 11.1548
    endloop
  endfacet
  facet normal -0 -0.404443 -0.914563
    outer loop
      vertex -6.60158 -6.39056 11.13
      vertex -13.4311 -6.44664 11.1548
      vertex -13.4594 -6.39056 11.13
    endloop
  endfacet
  facet normal 0 -0.449754 -0.893153
    outer loop
      vertex -13.4594 -6.39056 11.13
      vertex -6.59753 -6.33575 11.1024
      vertex -6.60158 -6.39056 11.13
    endloop
  endfacet
  facet normal 0.0435892 -0.433075 -0.900303
    outer loop
      vertex -13.4849 -6.33575 11.1024
      vertex -13.4594 -6.39056 11.13
      vertex -13.4694 -6.37057 11.1199
    endloop
  endfacet
  facet normal 0 -0.449754 -0.893153
    outer loop
      vertex -13.4594 -6.39056 11.13
      vertex -13.4849 -6.33575 11.1024
      vertex -6.59753 -6.33575 11.1024
    endloop
  endfacet
  facet normal 0 -0.313782 0.949495
    outer loop
      vertex -6.60994 -6.50389 8.82307
      vertex -13.373 -6.56214 8.80382
      vertex -6.61423 -6.56214 8.80382
    endloop
  endfacet
  facet normal 0 -0.313782 0.949495
    outer loop
      vertex -13.373 -6.56214 8.80382
      vertex -6.60994 -6.50389 8.82307
      vertex -13.4023 -6.50389 8.82307
    endloop
  endfacet
  facet normal 0 0 -1
    outer loop
      vertex 4.17842 5.7586 0.389999
      vertex 3.56982 6.01797 0.389999
      vertex 4.17842 6.01797 0.389999
    endloop
  endfacet
  facet normal 0 0 -1
    outer loop
      vertex 3.26297 6.01797 0.389999
      vertex 3.56982 7.85568 0.389999
      vertex 3.56982 6.01797 0.389999
    endloop
  endfacet
  facet normal 0 0 -1
    outer loop
      vertex 3.26297 8.14729 0.389999
      vertex 3.56982 7.85568 0.389999
      vertex 3.26297 6.01797 0.389999
    endloop
  endfacet
  facet normal 0 0 -1
    outer loop
      vertex 2.68149 5.7586 0.389999
      vertex 3.56982 6.01797 0.389999
      vertex 4.17842 5.7586 0.389999
    endloop
  endfacet
  facet normal -0 0 -1
    outer loop
      vertex 3.56982 6.01797 0.389999
      vertex 2.68149 5.7586 0.389999
      vertex 3.26297 6.01797 0.389999
    endloop
  endfacet
  facet normal -0 0 -1
    outer loop
      vertex 3.26297 6.01797 0.389999
      vertex 2.68149 5.7586 0.389999
      vertex 2.68149 6.01797 0.389999
    endloop
  endfacet
  facet normal 0 0 -1
    outer loop
      vertex 3.56982 7.85568 0.389999
      vertex 4.10893 7.75906 0.389999
      vertex 4.10893 7.47087 0.389999
    endloop
  endfacet
  facet normal 0 0 -1
    outer loop
      vertex 4.10893 7.75906 0.389999
      vertex 3.56982 7.85568 0.389999
      vertex 3.54437 8.14729 0.389999
    endloop
  endfacet
  facet normal 0 0 -1
    outer loop
      vertex 3.56982 7.85568 0.389999
      vertex 3.26297 8.14729 0.389999
      vertex 3.54437 8.14729 0.389999
    endloop
  endfacet
  facet normal 0 -1 0
    outer loop
      vertex 3.56982 6.01797 0
      vertex 4.17842 6.01797 0.389999
      vertex 3.56982 6.01797 0.389999
    endloop
  endfacet
  facet normal 0 -1 -0
    outer loop
      vertex 4.17842 6.01797 0.389999
      vertex 3.56982 6.01797 0
      vertex 4.17842 6.01797 0
    endloop
  endfacet
  facet normal -1 0 0
    outer loop
      vertex 3.56982 6.01797 0
      vertex 3.56982 7.85568 0.389999
      vertex 3.56982 7.85568 0
    endloop
  endfacet
  facet normal -1 -0 0
    outer loop
      vertex 3.56982 7.85568 0.389999
      vertex 3.56982 6.01797 0
      vertex 3.56982 6.01797 0.389999
    endloop
  endfacet
  facet normal 0.58097 0.813925 -0
    outer loop
      vertex 4.10893 7.47087 0
      vertex 3.56982 7.85568 0.389999
      vertex 4.10893 7.47087 0.389999
    endloop
  endfacet
  facet normal 0.58097 0.813925 0
    outer loop
      vertex 3.56982 7.85568 0.389999
      vertex 4.10893 7.47087 0
      vertex 3.56982 7.85568 0
    endloop
  endfacet
  facet normal -1 0 0
    outer loop
      vertex 4.10893 7.47087 0
      vertex 4.10893 7.75906 0.389999
      vertex 4.10893 7.75906 0
    endloop
  endfacet
  facet normal -1 -0 0
    outer loop
      vertex 4.10893 7.75906 0.389999
      vertex 4.10893 7.47087 0
      vertex 4.10893 7.47087 0.389999
    endloop
  endfacet
  facet normal -0.566623 -0.823977 0
    outer loop
      vertex 3.54437 8.14729 0
      vertex 4.10893 7.75906 0.389999
      vertex 3.54437 8.14729 0.389999
    endloop
  endfacet
  facet normal -0.566623 -0.823977 -0
    outer loop
      vertex 4.10893 7.75906 0.389999
      vertex 3.54437 8.14729 0
      vertex 4.10893 7.75906 0
    endloop
  endfacet
  facet normal 0 -1 0
    outer loop
      vertex 3.26297 8.14729 0
      vertex 3.54437 8.14729 0.389999
      vertex 3.26297 8.14729 0.389999
    endloop
  endfacet
  facet normal 0 -1 -0
    outer loop
      vertex 3.54437 8.14729 0.389999
      vertex 3.26297 8.14729 0
      vertex 3.54437 8.14729 0
    endloop
  endfacet
  facet normal 1 -0 0
    outer loop
      vertex 3.26297 6.01797 0.389999
      vertex 3.26297 8.14729 0
      vertex 3.26297 8.14729 0.389999
    endloop
  endfacet
  facet normal 1 0 0
    outer loop
      vertex 3.26297 8.14729 0
      vertex 3.26297 6.01797 0.389999
      vertex 3.26297 6.01797 0
    endloop
  endfacet
  facet normal 0 -1 0
    outer loop
      vertex 2.68149 6.01797 0
      vertex 3.26297 6.01797 0.389999
      vertex 2.68149 6.01797 0.389999
    endloop
  endfacet
  facet normal 0 -1 -0
    outer loop
      vertex 3.26297 6.01797 0.389999
      vertex 2.68149 6.01797 0
      vertex 3.26297 6.01797 0
    endloop
  endfacet
  facet normal 1 -0 0
    outer loop
      vertex 2.68149 5.7586 0.389999
      vertex 2.68149 6.01797 0
      vertex 2.68149 6.01797 0.389999
    endloop
  endfacet
  facet normal 1 0 0
    outer loop
      vertex 2.68149 6.01797 0
      vertex 2.68149 5.7586 0.389999
      vertex 2.68149 5.7586 0
    endloop
  endfacet
  facet normal 0 1 -0
    outer loop
      vertex 4.17842 5.7586 0
      vertex 2.68149 5.7586 0.389999
      vertex 4.17842 5.7586 0.389999
    endloop
  endfacet
  facet normal 0 1 0
    outer loop
      vertex 2.68149 5.7586 0.389999
      vertex 4.17842 5.7586 0
      vertex 2.68149 5.7586 0
    endloop
  endfacet
  facet normal -1 0 0
    outer loop
      vertex 4.17842 5.7586 0
      vertex 4.17842 6.01797 0.389999
      vertex 4.17842 6.01797 0
    endloop
  endfacet
  facet normal -1 -0 0
    outer loop
      vertex 4.17842 6.01797 0.389999
      vertex 4.17842 5.7586 0
      vertex 4.17842 5.7586 0.389999
    endloop
  endfacet
  facet normal 0 0 -1
    outer loop
      vertex 3.9326 -7.84999 0.389999
      vertex 4.26828 -7.89407 0.389999
      vertex 4.26828 -8.10937 0.389999
    endloop
  endfacet
  facet normal 0 0 -1
    outer loop
      vertex 4.26828 -7.89407 0.389999
      vertex 3.9326 -7.84999 0.389999
      vertex 4.25797 -7.87089 0.389999
    endloop
  endfacet
  facet normal 0 0 -1
    outer loop
      vertex 4.25797 -7.87089 0.389999
      vertex 3.9326 -7.84999 0.389999
      vertex 4.24741 -7.84803 0.389999
    endloop
  endfacet
  facet normal -0 0 -1
    outer loop
      vertex 4.24741 -7.84803 0.389999
      vertex 3.9326 -7.84999 0.389999
      vertex 4.23657 -7.82551 0.389999
    endloop
  endfacet
  facet normal -0 0 -1
    outer loop
      vertex 4.23657 -7.82551 0.389999
      vertex 3.9326 -7.84999 0.389999
      vertex 4.22548 -7.80331 0.389999
    endloop
  endfacet
  facet normal -0 0 -1
    outer loop
      vertex 4.22548 -7.80331 0.389999
      vertex 3.9326 -7.84999 0.389999
      vertex 4.21413 -7.78143 0.389999
    endloop
  endfacet
  facet normal -0 0 -1
    outer loop
      vertex 4.21413 -7.78143 0.389999
      vertex 3.9326 -7.84999 0.389999
      vertex 4.2025 -7.75987 0.389999
    endloop
  endfacet
  facet normal -0 0 -1
    outer loop
      vertex 4.2025 -7.75987 0.389999
      vertex 3.9326 -7.84999 0.389999
      vertex 4.19061 -7.73863 0.389999
    endloop
  endfacet
  facet normal -0 0 -1
    outer loop
      vertex 4.19061 -7.73863 0.389999
      vertex 3.9326 -7.84999 0.389999
      vertex 4.17847 -7.71771 0.389999
    endloop
  endfacet
  facet normal 0 0 -1
    outer loop
      vertex 3.92639 -7.83599 0.389999
      vertex 4.17847 -7.71771 0.389999
      vertex 3.9326 -7.84999 0.389999
    endloop
  endfacet
  facet normal -0 0 -1
    outer loop
      vertex 4.17847 -7.71771 0.389999
      vertex 3.92639 -7.83599 0.389999
      vertex 4.16605 -7.69712 0.389999
    endloop
  endfacet
  facet normal 0 0 -1
    outer loop
      vertex 3.91974 -7.82194 0.389999
      vertex 4.16605 -7.69712 0.389999
      vertex 3.92639 -7.83599 0.389999
    endloop
  endfacet
  facet normal -0 0 -1
    outer loop
      vertex 4.16605 -7.69712 0.389999
      vertex 3.91974 -7.82194 0.389999
      vertex 4.15337 -7.67685 0.389999
    endloop
  endfacet
  facet normal 0 0 -1
    outer loop
      vertex 3.91264 -7.80781 0.389999
      vertex 4.15337 -7.67685 0.389999
      vertex 3.91974 -7.82194 0.389999
    endloop
  endfacet
  facet normal -0 0 -1
    outer loop
      vertex 4.15337 -7.67685 0.389999
      vertex 3.91264 -7.80781 0.389999
      vertex 4.14043 -7.6569 0.389999
    endloop
  endfacet
  facet normal 0 0 -1
    outer loop
      vertex 3.90511 -7.79362 0.389999
      vertex 4.14043 -7.6569 0.389999
      vertex 3.91264 -7.80781 0.389999
    endloop
  endfacet
  facet normal -0 0 -1
    outer loop
      vertex 4.14043 -7.6569 0.389999
      vertex 3.90511 -7.79362 0.389999
      vertex 4.12721 -7.63728 0.389999
    endloop
  endfacet
  facet normal 0 0 -1
    outer loop
      vertex 3.89711 -7.77937 0.389999
      vertex 4.12721 -7.63728 0.389999
      vertex 3.90511 -7.79362 0.389999
    endloop
  endfacet
  facet normal -0 0 -1
    outer loop
      vertex 4.12721 -7.63728 0.389999
      vertex 3.89711 -7.77937 0.389999
      vertex 4.11375 -7.61798 0.389999
    endloop
  endfacet
  facet normal 0 0 -1
    outer loop
      vertex 3.88869 -7.76506 0.389999
      vertex 4.11375 -7.61798 0.389999
      vertex 3.89711 -7.77937 0.389999
    endloop
  endfacet
  facet normal -0 0 -1
    outer loop
      vertex 4.11375 -7.61798 0.389999
      vertex 3.88869 -7.76506 0.389999
      vertex 4.10001 -7.599 0.389999
    endloop
  endfacet
  facet normal 0 0 -1
    outer loop
      vertex 3.87981 -7.75068 0.389999
      vertex 4.10001 -7.599 0.389999
      vertex 3.88869 -7.76506 0.389999
    endloop
  endfacet
  facet normal 0 0 -1
    outer loop
      vertex 3.87047 -7.73623 0.389999
      vertex 4.10001 -7.599 0.389999
      vertex 3.87981 -7.75068 0.389999
    endloop
  endfacet
  facet normal -0 0 -1
    outer loop
      vertex 4.10001 -7.599 0.389999
      vertex 3.87047 -7.73623 0.389999
      vertex 4.08601 -7.58033 0.389999
    endloop
  endfacet
  facet normal -0 0 -1
    outer loop
      vertex 4.08601 -7.58033 0.389999
      vertex 3.8607 -7.72172 0.389999
      vertex 4.07175 -7.56201 0.389999
    endloop
  endfacet
  facet normal 0 0 -1
    outer loop
      vertex 3.8607 -7.72172 0.389999
      vertex 4.08601 -7.58033 0.389999
      vertex 3.87047 -7.73623 0.389999
    endloop
  endfacet
  facet normal 0 0 -1
    outer loop
      vertex 2.68657 -8.10937 0.389999
      vertex 3.9326 -7.84999 0.389999
      vertex 4.26828 -8.10937 0.389999
    endloop
  endfacet
  facet normal -0 0 -1
    outer loop
      vertex 3.9326 -7.84999 0.389999
      vertex 2.68657 -8.10937 0.389999
      vertex 2.68657 -7.84999 0.389999
    endloop
  endfacet
  facet normal 0 0 -1
    outer loop
      vertex 3.85048 -7.70715 0.389999
      vertex 4.07175 -7.56201 0.389999
      vertex 3.8607 -7.72172 0.389999
    endloop
  endfacet
  facet normal -0 0 -1
    outer loop
      vertex 4.07175 -7.56201 0.389999
      vertex 3.85048 -7.70715 0.389999
      vertex 4.05722 -7.54399 0.389999
    endloop
  endfacet
  facet normal 0 0 -1
    outer loop
      vertex 3.83981 -7.6925 0.389999
      vertex 4.05722 -7.54399 0.389999
      vertex 3.85048 -7.70715 0.389999
    endloop
  endfacet
  facet normal -0 0 -1
    outer loop
      vertex 4.05722 -7.54399 0.389999
      vertex 3.83981 -7.6925 0.389999
      vertex 4.04253 -7.52624 0.389999
    endloop
  endfacet
  facet normal 0 0 -1
    outer loop
      vertex 3.8287 -7.67781 0.389999
      vertex 4.04253 -7.52624 0.389999
      vertex 3.83981 -7.6925 0.389999
    endloop
  endfacet
  facet normal -0 0 -1
    outer loop
      vertex 4.04253 -7.52624 0.389999
      vertex 3.8287 -7.67781 0.389999
      vertex 4.02773 -7.50868 0.389999
    endloop
  endfacet
  facet normal 0 0 -1
    outer loop
      vertex 3.81715 -7.66304 0.389999
      vertex 4.02773 -7.50868 0.389999
      vertex 3.8287 -7.67781 0.389999
    endloop
  endfacet
  facet normal -0 0 -1
    outer loop
      vertex 4.02773 -7.50868 0.389999
      vertex 3.81715 -7.66304 0.389999
      vertex 4.01285 -7.49133 0.389999
    endloop
  endfacet
  facet normal 0 0 -1
    outer loop
      vertex 3.80516 -7.6482 0.389999
      vertex 4.01285 -7.49133 0.389999
      vertex 3.81715 -7.66304 0.389999
    endloop
  endfacet
  facet normal -0 0 -1
    outer loop
      vertex 4.01285 -7.49133 0.389999
      vertex 3.80516 -7.6482 0.389999
      vertex 3.99788 -7.47418 0.389999
    endloop
  endfacet
  facet normal 0 0 -1
    outer loop
      vertex 3.79271 -7.63331 0.389999
      vertex 3.99788 -7.47418 0.389999
      vertex 3.80516 -7.6482 0.389999
    endloop
  endfacet
  facet normal -0 0 -1
    outer loop
      vertex 3.99788 -7.47418 0.389999
      vertex 3.79271 -7.63331 0.389999
      vertex 3.98282 -7.45723 0.389999
    endloop
  endfacet
  facet normal 0 0 -1
    outer loop
      vertex 3.77982 -7.61834 0.389999
      vertex 3.98282 -7.45723 0.389999
      vertex 3.79271 -7.63331 0.389999
    endloop
  endfacet
  facet normal -0 0 -1
    outer loop
      vertex 3.98282 -7.45723 0.389999
      vertex 3.77982 -7.61834 0.389999
      vertex 3.96768 -7.44047 0.389999
    endloop
  endfacet
  facet normal 0 0 -1
    outer loop
      vertex 3.76648 -7.60331 0.389999
      vertex 3.96768 -7.44047 0.389999
      vertex 3.77982 -7.61834 0.389999
    endloop
  endfacet
  facet normal -0 0 -1
    outer loop
      vertex 3.96768 -7.44047 0.389999
      vertex 3.76648 -7.60331 0.389999
      vertex 3.95244 -7.42392 0.389999
    endloop
  endfacet
  facet normal 0 0 -1
    outer loop
      vertex 3.75264 -7.58815 0.389999
      vertex 3.95244 -7.42392 0.389999
      vertex 3.76648 -7.60331 0.389999
    endloop
  endfacet
  facet normal -0 0 -1
    outer loop
      vertex 3.95244 -7.42392 0.389999
      vertex 3.75264 -7.58815 0.389999
      vertex 3.93712 -7.40756 0.389999
    endloop
  endfacet
  facet normal 0 0 -1
    outer loop
      vertex 3.73825 -7.57277 0.389999
      vertex 3.93712 -7.40756 0.389999
      vertex 3.75264 -7.58815 0.389999
    endloop
  endfacet
  facet normal -0 0 -1
    outer loop
      vertex 3.93712 -7.40756 0.389999
      vertex 3.73825 -7.57277 0.389999
      vertex 3.92172 -7.3914 0.389999
    endloop
  endfacet
  facet normal 0 0 -1
    outer loop
      vertex 3.72331 -7.55717 0.389999
      vertex 3.92172 -7.3914 0.389999
      vertex 3.73825 -7.57277 0.389999
    endloop
  endfacet
  facet normal -0 0 -1
    outer loop
      vertex 3.92172 -7.3914 0.389999
      vertex 3.72331 -7.55717 0.389999
      vertex 3.90622 -7.37544 0.389999
    endloop
  endfacet
  facet normal -0 0 -1
    outer loop
      vertex 3.90622 -7.37544 0.389999
      vertex 3.72331 -7.55717 0.389999
      vertex 3.89064 -7.35969 0.389999
    endloop
  endfacet
  facet normal 0 0 -1
    outer loop
      vertex 3.70781 -7.54135 0.389999
      vertex 3.89064 -7.35969 0.389999
      vertex 3.72331 -7.55717 0.389999
    endloop
  endfacet
  facet normal -0 0 -1
    outer loop
      vertex 3.89064 -7.35969 0.389999
      vertex 3.70781 -7.54135 0.389999
      vertex 3.87497 -7.34413 0.389999
    endloop
  endfacet
  facet normal 0 0 -1
    outer loop
      vertex 3.69177 -7.52531 0.389999
      vertex 3.87497 -7.34413 0.389999
      vertex 3.70781 -7.54135 0.389999
    endloop
  endfacet
  facet normal -0 0 -1
    outer loop
      vertex 3.87497 -7.34413 0.389999
      vertex 3.69177 -7.52531 0.389999
      vertex 3.85921 -7.32878 0.389999
    endloop
  endfacet
  facet normal 0 0 -1
    outer loop
      vertex 3.67517 -7.50906 0.389999
      vertex 3.85921 -7.32878 0.389999
      vertex 3.69177 -7.52531 0.389999
    endloop
  endfacet
  facet normal -0 0 -1
    outer loop
      vertex 3.85921 -7.32878 0.389999
      vertex 3.67517 -7.50906 0.389999
      vertex 3.84337 -7.31361 0.389999
    endloop
  endfacet
  facet normal 0 0 -1
    outer loop
      vertex 3.65804 -7.4926 0.389999
      vertex 3.84337 -7.31361 0.389999
      vertex 3.67517 -7.50906 0.389999
    endloop
  endfacet
  facet normal -0 0 -1
    outer loop
      vertex 3.84337 -7.31361 0.389999
      vertex 3.65804 -7.4926 0.389999
      vertex 3.82742 -7.29866 0.389999
    endloop
  endfacet
  facet normal 0 0 -1
    outer loop
      vertex 3.64034 -7.4759 0.389999
      vertex 3.82742 -7.29866 0.389999
      vertex 3.65804 -7.4926 0.389999
    endloop
  endfacet
  facet normal -0 0 -1
    outer loop
      vertex 3.82742 -7.29866 0.389999
      vertex 3.64034 -7.4759 0.389999
      vertex 3.81142 -7.2839 0.389999
    endloop
  endfacet
  facet normal 0 0 -1
    outer loop
      vertex 3.62209 -7.459 0.389999
      vertex 3.81142 -7.2839 0.389999
      vertex 3.64034 -7.4759 0.389999
    endloop
  endfacet
  facet normal -0 0 -1
    outer loop
      vertex 3.81142 -7.2839 0.389999
      vertex 3.62209 -7.459 0.389999
      vertex 3.7953 -7.26934 0.389999
    endloop
  endfacet
  facet normal -0 0 -1
    outer loop
      vertex 3.7953 -7.26934 0.389999
      vertex 3.62209 -7.459 0.389999
      vertex 3.77916 -7.25494 0.389999
    endloop
  endfacet
  facet normal 0 0 -1
    outer loop
      vertex 3.60329 -7.44188 0.389999
      vertex 3.77916 -7.25494 0.389999
      vertex 3.62209 -7.459 0.389999
    endloop
  endfacet
  facet normal -0 0 -1
    outer loop
      vertex 3.77916 -7.25494 0.389999
      vertex 3.60329 -7.44188 0.389999
      vertex 3.76303 -7.24066 0.389999
    endloop
  endfacet
  facet normal 0 0 -1
    outer loop
      vertex 3.58392 -7.42454 0.389999
      vertex 3.76303 -7.24066 0.389999
      vertex 3.60329 -7.44188 0.389999
    endloop
  endfacet
  facet normal -0 0 -1
    outer loop
      vertex 3.76303 -7.24066 0.389999
      vertex 3.58392 -7.42454 0.389999
      vertex 3.74692 -7.22651 0.389999
    endloop
  endfacet
  facet normal 0 0 -1
    outer loop
      vertex 3.56403 -7.40699 0.389999
      vertex 3.74692 -7.22651 0.389999
      vertex 3.58392 -7.42454 0.389999
    endloop
  endfacet
  facet normal -0 0 -1
    outer loop
      vertex 3.74692 -7.22651 0.389999
      vertex 3.56403 -7.40699 0.389999
      vertex 3.73082 -7.21247 0.389999
    endloop
  endfacet
  facet normal -0 0 -1
    outer loop
      vertex 3.73082 -7.21247 0.389999
      vertex 3.56403 -7.40699 0.389999
      vertex 3.71474 -7.19857 0.389999
    endloop
  endfacet
  facet normal 0 0 -1
    outer loop
      vertex 3.54356 -7.38922 0.389999
      vertex 3.71474 -7.19857 0.389999
      vertex 3.56403 -7.40699 0.389999
    endloop
  endfacet
  facet normal -0 0 -1
    outer loop
      vertex 3.71474 -7.19857 0.389999
      vertex 3.54356 -7.38922 0.389999
      vertex 3.69868 -7.1848 0.389999
    endloop
  endfacet
  facet normal 0 0 -1
    outer loop
      vertex 3.52255 -7.37123 0.389999
      vertex 3.69868 -7.1848 0.389999
      vertex 3.54356 -7.38922 0.389999
    endloop
  endfacet
  facet normal -0 0 -1
    outer loop
      vertex 3.69868 -7.1848 0.389999
      vertex 3.52255 -7.37123 0.389999
      vertex 3.68265 -7.17114 0.389999
    endloop
  endfacet
  facet normal 0 0 -1
    outer loop
      vertex 3.50099 -7.35302 0.389999
      vertex 3.68265 -7.17114 0.389999
      vertex 3.52255 -7.37123 0.389999
    endloop
  endfacet
  facet normal -0 0 -1
    outer loop
      vertex 3.68265 -7.17114 0.389999
      vertex 3.50099 -7.35302 0.389999
      vertex 3.66661 -7.15759 0.389999
    endloop
  endfacet
  facet normal -0 0 -1
    outer loop
      vertex 3.66661 -7.15759 0.389999
      vertex 3.50099 -7.35302 0.389999
      vertex 3.6506 -7.14418 0.389999
    endloop
  endfacet
  facet normal 0 0 -1
    outer loop
      vertex 3.4789 -7.33461 0.389999
      vertex 3.6506 -7.14418 0.389999
      vertex 3.50099 -7.35302 0.389999
    endloop
  endfacet
  facet normal -0 0 -1
    outer loop
      vertex 3.6506 -7.14418 0.389999
      vertex 3.4789 -7.33461 0.389999
      vertex 3.63463 -7.13089 0.389999
    endloop
  endfacet
  facet normal 0 0 -1
    outer loop
      vertex 3.45624 -7.31596 0.389999
      vertex 3.63463 -7.13089 0.389999
      vertex 3.4789 -7.33461 0.389999
    endloop
  endfacet
  facet normal -0 0 -1
    outer loop
      vertex 3.63463 -7.13089 0.389999
      vertex 3.45624 -7.31596 0.389999
      vertex 3.61865 -7.11772 0.389999
    endloop
  endfacet
  facet normal -0 0 -1
    outer loop
      vertex 3.61865 -7.11772 0.389999
      vertex 3.45624 -7.31596 0.389999
      vertex 3.60271 -7.10469 0.389999
    endloop
  endfacet
  facet normal 0 0 -1
    outer loop
      vertex 3.41534 -7.28259 0.389999
      vertex 3.60271 -7.10469 0.389999
      vertex 3.45624 -7.31596 0.389999
    endloop
  endfacet
  facet normal -0 0 -1
    outer loop
      vertex 3.60271 -7.10469 0.389999
      vertex 3.41534 -7.28259 0.389999
      vertex 3.58676 -7.09176 0.389999
    endloop
  endfacet
  facet normal -0 0 -1
    outer loop
      vertex 3.58676 -7.09176 0.389999
      vertex 3.41534 -7.28259 0.389999
      vertex 3.57085 -7.07896 0.389999
    endloop
  endfacet
  facet normal -0 0 -1
    outer loop
      vertex 3.57085 -7.07896 0.389999
      vertex 3.41534 -7.28259 0.389999
      vertex 3.55495 -7.0663 0.389999
    endloop
  endfacet
  facet normal 0 0 -1
    outer loop
      vertex 3.37604 -7.25024 0.389999
      vertex 3.55495 -7.0663 0.389999
      vertex 3.41534 -7.28259 0.389999
    endloop
  endfacet
  facet normal -0 0 -1
    outer loop
      vertex 3.55495 -7.0663 0.389999
      vertex 3.37604 -7.25024 0.389999
      vertex 3.53906 -7.05374 0.389999
    endloop
  endfacet
  facet normal -0 0 -1
    outer loop
      vertex 3.53906 -7.05374 0.389999
      vertex 3.37604 -7.25024 0.389999
      vertex 3.50743 -7.02896 0.389999
    endloop
  endfacet
  facet normal 0 0 -1
    outer loop
      vertex 3.33832 -7.21894 0.389999
      vertex 3.50743 -7.02896 0.389999
      vertex 3.37604 -7.25024 0.389999
    endloop
  endfacet
  facet normal -0 0 -1
    outer loop
      vertex 3.50743 -7.02896 0.389999
      vertex 3.33832 -7.21894 0.389999
      vertex 3.49187 -7.01658 0.389999
    endloop
  endfacet
  facet normal -0 0 -1
    outer loop
      vertex 3.49187 -7.01658 0.389999
      vertex 3.33832 -7.21894 0.389999
      vertex 3.47647 -7.00422 0.389999
    endloop
  endfacet
  facet normal 0 0 -1
    outer loop
      vertex 3.30217 -7.1887 0.389999
      vertex 3.47647 -7.00422 0.389999
      vertex 3.33832 -7.21894 0.389999
    endloop
  endfacet
  facet normal -0 0 -1
    outer loop
      vertex 3.47647 -7.00422 0.389999
      vertex 3.30217 -7.1887 0.389999
      vertex 3.46124 -6.99186 0.389999
    endloop
  endfacet
  facet normal -0 0 -1
    outer loop
      vertex 3.46124 -6.99186 0.389999
      vertex 3.30217 -7.1887 0.389999
      vertex 3.44621 -6.97949 0.389999
    endloop
  endfacet
  facet normal 0 0 -1
    outer loop
      vertex 3.26761 -7.15948 0.389999
      vertex 3.44621 -6.97949 0.389999
      vertex 3.30217 -7.1887 0.389999
    endloop
  endfacet
  facet normal -0 0 -1
    outer loop
      vertex 3.44621 -6.97949 0.389999
      vertex 3.26761 -7.15948 0.389999
      vertex 3.43135 -6.96713 0.389999
    endloop
  endfacet
  facet normal -0 0 -1
    outer loop
      vertex 3.43135 -6.96713 0.389999
      vertex 3.26761 -7.15948 0.389999
      vertex 3.41667 -6.95477 0.389999
    endloop
  endfacet
  facet normal 0 0 -1
    outer loop
      vertex 3.23463 -7.13133 0.389999
      vertex 3.41667 -6.95477 0.389999
      vertex 3.26761 -7.15948 0.389999
    endloop
  endfacet
  facet normal -0 0 -1
    outer loop
      vertex 3.41667 -6.95477 0.389999
      vertex 3.23463 -7.13133 0.389999
      vertex 3.40219 -6.94239 0.389999
    endloop
  endfacet
  facet normal -0 0 -1
    outer loop
      vertex 3.40219 -6.94239 0.389999
      vertex 3.23463 -7.13133 0.389999
      vertex 3.38788 -6.93003 0.389999
    endloop
  endfacet
  facet normal 0 0 -1
    outer loop
      vertex 3.20325 -7.10421 0.389999
      vertex 3.38788 -6.93003 0.389999
      vertex 3.23463 -7.13133 0.389999
    endloop
  endfacet
  facet normal -0 0 -1
    outer loop
      vertex 3.38788 -6.93003 0.389999
      vertex 3.20325 -7.10421 0.389999
      vertex 3.37375 -6.91769 0.389999
    endloop
  endfacet
  facet normal -0 0 -1
    outer loop
      vertex 3.37375 -6.91769 0.389999
      vertex 3.20325 -7.10421 0.389999
      vertex 3.3598 -6.90532 0.389999
    endloop
  endfacet
  facet normal 0 0 -1
    outer loop
      vertex 3.17345 -7.07814 0.389999
      vertex 3.3598 -6.90532 0.389999
      vertex 3.20325 -7.10421 0.389999
    endloop
  endfacet
  facet normal -0 0 -1
    outer loop
      vertex 3.3598 -6.90532 0.389999
      vertex 3.17345 -7.07814 0.389999
      vertex 3.34604 -6.89296 0.389999
    endloop
  endfacet
  facet normal -0 0 -1
    outer loop
      vertex 3.34604 -6.89296 0.389999
      vertex 3.17345 -7.07814 0.389999
      vertex 3.33246 -6.8806 0.389999
    endloop
  endfacet
  facet normal 0 0 -1
    outer loop
      vertex 3.14522 -7.0531 0.389999
      vertex 3.33246 -6.8806 0.389999
      vertex 3.17345 -7.07814 0.389999
    endloop
  endfacet
  facet normal -0 0 -1
    outer loop
      vertex 3.33246 -6.8806 0.389999
      vertex 3.14522 -7.0531 0.389999
      vertex 3.31905 -6.86822 0.389999
    endloop
  endfacet
  facet normal -0 0 -1
    outer loop
      vertex 3.31905 -6.86822 0.389999
      vertex 3.14522 -7.0531 0.389999
      vertex 3.30583 -6.85586 0.389999
    endloop
  endfacet
  facet normal 0 0 -1
    outer loop
      vertex 3.11858 -7.02911 0.389999
      vertex 3.30583 -6.85586 0.389999
      vertex 3.14522 -7.0531 0.389999
    endloop
  endfacet
  facet normal -0 0 -1
    outer loop
      vertex 3.30583 -6.85586 0.389999
      vertex 3.11858 -7.02911 0.389999
      vertex 3.2928 -6.8435 0.389999
    endloop
  endfacet
  facet normal -0 0 -1
    outer loop
      vertex 3.2928 -6.8435 0.389999
      vertex 3.11858 -7.02911 0.389999
      vertex 3.27994 -6.83113 0.389999
    endloop
  endfacet
  facet normal 0 0 -1
    outer loop
      vertex 3.09352 -7.00618 0.389999
      vertex 3.27994 -6.83113 0.389999
      vertex 3.11858 -7.02911 0.389999
    endloop
  endfacet
  facet normal -0 0 -1
    outer loop
      vertex 3.27994 -6.83113 0.389999
      vertex 3.09352 -7.00618 0.389999
      vertex 3.26732 -6.81872 0.389999
    endloop
  endfacet
  facet normal -0 0 -1
    outer loop
      vertex 3.26732 -6.81872 0.389999
      vertex 3.09352 -7.00618 0.389999
      vertex 3.25499 -6.80626 0.389999
    endloop
  endfacet
  facet normal 0 0 -1
    outer loop
      vertex 3.07005 -6.98428 0.389999
      vertex 3.25499 -6.80626 0.389999
      vertex 3.09352 -7.00618 0.389999
    endloop
  endfacet
  facet normal -0 0 -1
    outer loop
      vertex 3.25499 -6.80626 0.389999
      vertex 3.07005 -6.98428 0.389999
      vertex 3.24294 -6.79371 0.389999
    endloop
  endfacet
  facet normal 0 0 -1
    outer loop
      vertex 3.04817 -6.96342 0.389999
      vertex 3.24294 -6.79371 0.389999
      vertex 3.07005 -6.98428 0.389999
    endloop
  endfacet
  facet normal -0 0 -1
    outer loop
      vertex 3.24294 -6.79371 0.389999
      vertex 3.04817 -6.96342 0.389999
      vertex 3.23119 -6.78109 0.389999
    endloop
  endfacet
  facet normal -0 0 -1
    outer loop
      vertex 3.23119 -6.78109 0.389999
      vertex 3.04817 -6.96342 0.389999
      vertex 3.21971 -6.76841 0.389999
    endloop
  endfacet
  facet normal 0 0 -1
    outer loop
      vertex 3.02786 -6.94361 0.389999
      vertex 3.21971 -6.76841 0.389999
      vertex 3.04817 -6.96342 0.389999
    endloop
  endfacet
  facet normal -0 0 -1
    outer loop
      vertex 3.21971 -6.76841 0.389999
      vertex 3.02786 -6.94361 0.389999
      vertex 3.20853 -6.75566 0.389999
    endloop
  endfacet
  facet normal 0 0 -1
    outer loop
      vertex 3.00916 -6.92486 0.389999
      vertex 3.20853 -6.75566 0.389999
      vertex 3.02786 -6.94361 0.389999
    endloop
  endfacet
  facet normal -0 0 -1
    outer loop
      vertex 3.20853 -6.75566 0.389999
      vertex 3.00916 -6.92486 0.389999
      vertex 3.19763 -6.74284 0.389999
    endloop
  endfacet
  facet normal 0 0 -1
    outer loop
      vertex 2.99202 -6.90713 0.389999
      vertex 3.19763 -6.74284 0.389999
      vertex 3.00916 -6.92486 0.389999
    endloop
  endfacet
  facet normal -0 0 -1
    outer loop
      vertex 3.19763 -6.74284 0.389999
      vertex 2.99202 -6.90713 0.389999
      vertex 3.18701 -6.72995 0.389999
    endloop
  endfacet
  facet normal 0 0 -1
    outer loop
      vertex 2.97647 -6.89045 0.389999
      vertex 3.18701 -6.72995 0.389999
      vertex 2.99202 -6.90713 0.389999
    endloop
  endfacet
  facet normal -0 0 -1
    outer loop
      vertex 3.18701 -6.72995 0.389999
      vertex 2.97647 -6.89045 0.389999
      vertex 3.1767 -6.71698 0.389999
    endloop
  endfacet
  facet normal 0 0 -1
    outer loop
      vertex 2.96191 -6.87429 0.389999
      vertex 3.1767 -6.71698 0.389999
      vertex 2.97647 -6.89045 0.389999
    endloop
  endfacet
  facet normal -0 0 -1
    outer loop
      vertex 3.1767 -6.71698 0.389999
      vertex 2.96191 -6.87429 0.389999
      vertex 3.16666 -6.70395 0.389999
    endloop
  endfacet
  facet normal 0 0 -1
    outer loop
      vertex 2.9478 -6.85815 0.389999
      vertex 3.16666 -6.70395 0.389999
      vertex 2.96191 -6.87429 0.389999
    endloop
  endfacet
  facet normal -0 0 -1
    outer loop
      vertex 3.16666 -6.70395 0.389999
      vertex 2.9478 -6.85815 0.389999
      vertex 3.15692 -6.69084 0.389999
    endloop
  endfacet
  facet normal -0 0 -1
    outer loop
      vertex 3.15692 -6.69084 0.389999
      vertex 2.9478 -6.85815 0.389999
      vertex 3.14746 -6.67767 0.389999
    endloop
  endfacet
  facet normal 0 0 -1
    outer loop
      vertex 2.93411 -6.84199 0.389999
      vertex 3.14746 -6.67767 0.389999
      vertex 2.9478 -6.85815 0.389999
    endloop
  endfacet
  facet normal -0 0 -1
    outer loop
      vertex 3.14746 -6.67767 0.389999
      vertex 2.93411 -6.84199 0.389999
      vertex 3.13828 -6.66441 0.389999
    endloop
  endfacet
  facet normal 0 0 -1
    outer loop
      vertex 2.92085 -6.82583 0.389999
      vertex 3.13828 -6.66441 0.389999
      vertex 2.93411 -6.84199 0.389999
    endloop
  endfacet
  facet normal -0 0 -1
    outer loop
      vertex 3.13828 -6.66441 0.389999
      vertex 2.92085 -6.82583 0.389999
      vertex 3.12939 -6.6511 0.389999
    endloop
  endfacet
  facet normal 0 0 -1
    outer loop
      vertex 2.90802 -6.80967 0.389999
      vertex 3.12939 -6.6511 0.389999
      vertex 2.92085 -6.82583 0.389999
    endloop
  endfacet
  facet normal -0 0 -1
    outer loop
      vertex 3.12939 -6.6511 0.389999
      vertex 2.90802 -6.80967 0.389999
      vertex 3.1208 -6.63772 0.389999
    endloop
  endfacet
  facet normal 0 0 -1
    outer loop
      vertex 2.89561 -6.79351 0.389999
      vertex 3.1208 -6.63772 0.389999
      vertex 2.90802 -6.80967 0.389999
    endloop
  endfacet
  facet normal -0 0 -1
    outer loop
      vertex 3.1208 -6.63772 0.389999
      vertex 2.89561 -6.79351 0.389999
      vertex 3.11249 -6.62426 0.389999
    endloop
  endfacet
  facet normal 0 0 -1
    outer loop
      vertex 2.88365 -6.77737 0.389999
      vertex 3.11249 -6.62426 0.389999
      vertex 2.89561 -6.79351 0.389999
    endloop
  endfacet
  facet normal -0 0 -1
    outer loop
      vertex 3.11249 -6.62426 0.389999
      vertex 2.88365 -6.77737 0.389999
      vertex 3.10446 -6.61073 0.389999
    endloop
  endfacet
  facet normal 0 0 -1
    outer loop
      vertex 2.8721 -6.76121 0.389999
      vertex 3.10446 -6.61073 0.389999
      vertex 2.88365 -6.77737 0.389999
    endloop
  endfacet
  facet normal 0 0 -1
    outer loop
      vertex 2.86098 -6.74505 0.389999
      vertex 3.10446 -6.61073 0.389999
      vertex 2.8721 -6.76121 0.389999
    endloop
  endfacet
  facet normal -0 0 -1
    outer loop
      vertex 3.10446 -6.61073 0.389999
      vertex 2.86098 -6.74505 0.389999
      vertex 3.09682 -6.59706 0.389999
    endloop
  endfacet
  facet normal 0 0 -1
    outer loop
      vertex 2.85028 -6.72889 0.389999
      vertex 3.09682 -6.59706 0.389999
      vertex 2.86098 -6.74505 0.389999
    endloop
  endfacet
  facet normal -0 0 -1
    outer loop
      vertex 3.09682 -6.59706 0.389999
      vertex 2.85028 -6.72889 0.389999
      vertex 3.08963 -6.58319 0.389999
    endloop
  endfacet
  facet normal -0 0 -1
    outer loop
      vertex 3.08963 -6.58319 0.389999
      vertex 2.84003 -6.71275 0.389999
      vertex 3.08292 -6.56909 0.389999
    endloop
  endfacet
  facet normal 0 0 -1
    outer loop
      vertex 2.84003 -6.71275 0.389999
      vertex 3.08963 -6.58319 0.389999
      vertex 2.85028 -6.72889 0.389999
    endloop
  endfacet
  facet normal 0 0 -1
    outer loop
      vertex 3.94278 -6.33949 0.389999
      vertex 4.25012 -6.27736 0.389999
      vertex 4.25473 -6.31065 0.389999
    endloop
  endfacet
  facet normal -0 0 -1
    outer loop
      vertex 4.25012 -6.27736 0.389999
      vertex 3.93982 -6.31724 0.389999
      vertex 4.24432 -6.24487 0.389999
    endloop
  endfacet
  facet normal 0 0 -1
    outer loop
      vertex 3.93614 -6.29559 0.389999
      vertex 4.24432 -6.24487 0.389999
      vertex 3.93982 -6.31724 0.389999
    endloop
  endfacet
  facet normal 0 0 -1
    outer loop
      vertex 3.93175 -6.27453 0.389999
      vertex 4.23729 -6.21318 0.389999
      vertex 3.93614 -6.29559 0.389999
    endloop
  endfacet
  facet normal -0 0 -1
    outer loop
      vertex 4.23729 -6.21318 0.389999
      vertex 3.93175 -6.27453 0.389999
      vertex 4.22905 -6.18231 0.389999
    endloop
  endfacet
  facet normal -0 0 -1
    outer loop
      vertex 4.22905 -6.18231 0.389999
      vertex 3.92664 -6.25407 0.389999
      vertex 4.2196 -6.15225 0.389999
    endloop
  endfacet
  facet normal 0 0 -1
    outer loop
      vertex 3.92079 -6.2342 0.389999
      vertex 4.2196 -6.15225 0.389999
      vertex 3.92664 -6.25407 0.389999
    endloop
  endfacet
  facet normal 0 0 -1
    outer loop
      vertex 3.91425 -6.21492 0.389999
      vertex 4.20894 -6.123 0.389999
      vertex 3.92079 -6.2342 0.389999
    endloop
  endfacet
  facet normal -0 0 -1
    outer loop
      vertex 4.20894 -6.123 0.389999
      vertex 3.91425 -6.21492 0.389999
      vertex 4.19705 -6.09455 0.389999
    endloop
  endfacet
  facet normal 0 0 -1
    outer loop
      vertex 3.90695 -6.19624 0.389999
      vertex 4.19705 -6.09455 0.389999
      vertex 3.91425 -6.21492 0.389999
    endloop
  endfacet
  facet normal -0 0 -1
    outer loop
      vertex 4.18396 -6.06692 0.389999
      vertex 3.90695 -6.19624 0.389999
      vertex 4.16965 -6.0401 0.389999
    endloop
  endfacet
  facet normal 0 0 -1
    outer loop
      vertex 3.89896 -6.17814 0.389999
      vertex 4.16965 -6.0401 0.389999
      vertex 3.90695 -6.19624 0.389999
    endloop
  endfacet
  facet normal 0 0 -1
    outer loop
      vertex 3.89023 -6.16064 0.389999
      vertex 4.15413 -6.01408 0.389999
      vertex 3.89896 -6.17814 0.389999
    endloop
  endfacet
  facet normal -0 0 -1
    outer loop
      vertex 4.15413 -6.01408 0.389999
      vertex 3.89023 -6.16064 0.389999
      vertex 4.13739 -5.98887 0.389999
    endloop
  endfacet
  facet normal -0 0 -1
    outer loop
      vertex 4.13739 -5.98887 0.389999
      vertex 3.88078 -6.14373 0.389999
      vertex 4.11943 -5.96447 0.389999
    endloop
  endfacet
  facet normal 0 0 -1
    outer loop
      vertex 3.87062 -6.12741 0.389999
      vertex 4.11943 -5.96447 0.389999
      vertex 3.88078 -6.14373 0.389999
    endloop
  endfacet
  facet normal 0 0 -1
    outer loop
      vertex 3.85973 -6.11169 0.389999
      vertex 4.10027 -5.94088 0.389999
      vertex 3.87062 -6.12741 0.389999
    endloop
  endfacet
  facet normal -0 0 -1
    outer loop
      vertex 4.10027 -5.94088 0.389999
      vertex 3.85973 -6.11169 0.389999
      vertex 4.07988 -5.9181 0.389999
    endloop
  endfacet
  facet normal 0 0 -1
    outer loop
      vertex 4.25012 -6.27736 0.389999
      vertex 3.94278 -6.33949 0.389999
      vertex 3.93982 -6.31724 0.389999
    endloop
  endfacet
  facet normal -0 0 -1
    outer loop
      vertex 4.24432 -6.24487 0.389999
      vertex 3.93614 -6.29559 0.389999
      vertex 4.23729 -6.21318 0.389999
    endloop
  endfacet
  facet normal 0 0 -1
    outer loop
      vertex 3.92664 -6.25407 0.389999
      vertex 4.22905 -6.18231 0.389999
      vertex 3.93175 -6.27453 0.389999
    endloop
  endfacet
  facet normal -0 0 -1
    outer loop
      vertex 4.2196 -6.15225 0.389999
      vertex 3.92079 -6.2342 0.389999
      vertex 4.20894 -6.123 0.389999
    endloop
  endfacet
  facet normal -0 0 -1
    outer loop
      vertex 4.19705 -6.09455 0.389999
      vertex 3.90695 -6.19624 0.389999
      vertex 4.18396 -6.06692 0.389999
    endloop
  endfacet
  facet normal -0 0 -1
    outer loop
      vertex 4.16965 -6.0401 0.389999
      vertex 3.89896 -6.17814 0.389999
      vertex 4.15413 -6.01408 0.389999
    endloop
  endfacet
  facet normal 0 0 -1
    outer loop
      vertex 3.88078 -6.14373 0.389999
      vertex 4.13739 -5.98887 0.389999
      vertex 3.89023 -6.16064 0.389999
    endloop
  endfacet
  facet normal -0 0 -1
    outer loop
      vertex 4.11943 -5.96447 0.389999
      vertex 3.87062 -6.12741 0.389999
      vertex 4.10027 -5.94088 0.389999
    endloop
  endfacet
  facet normal 0 0 -1
    outer loop
      vertex 3.84811 -6.09655 0.389999
      vertex 4.07988 -5.9181 0.389999
      vertex 3.85973 -6.11169 0.389999
    endloop
  endfacet
  facet normal -0 0 -1
    outer loop
      vertex 4.07988 -5.9181 0.389999
      vertex 3.84811 -6.09655 0.389999
      vertex 4.05829 -5.89614 0.389999
    endloop
  endfacet
  facet normal 0 0 -1
    outer loop
      vertex 3.83578 -6.08201 0.389999
      vertex 4.05829 -5.89614 0.389999
      vertex 3.84811 -6.09655 0.389999
    endloop
  endfacet
  facet normal -0 0 -1
    outer loop
      vertex 4.05829 -5.89614 0.389999
      vertex 3.83578 -6.08201 0.389999
      vertex 4.03548 -5.87498 0.389999
    endloop
  endfacet
  facet normal 0 0 -1
    outer loop
      vertex 3.82272 -6.06807 0.389999
      vertex 4.03548 -5.87498 0.389999
      vertex 3.83578 -6.08201 0.389999
    endloop
  endfacet
  facet normal -0 0 -1
    outer loop
      vertex 4.03548 -5.87498 0.389999
      vertex 3.82272 -6.06807 0.389999
      vertex 4.01144 -5.85463 0.389999
    endloop
  endfacet
  facet normal 0 0 -1
    outer loop
      vertex 3.80894 -6.05471 0.389999
      vertex 4.01144 -5.85463 0.389999
      vertex 3.82272 -6.06807 0.389999
    endloop
  endfacet
  facet normal -0 0 -1
    outer loop
      vertex 4.01144 -5.85463 0.389999
      vertex 3.80894 -6.05471 0.389999
      vertex 3.9864 -5.83528 0.389999
    endloop
  endfacet
  facet normal 0 0 -1
    outer loop
      vertex 3.79445 -6.04196 0.389999
      vertex 3.9864 -5.83528 0.389999
      vertex 3.80894 -6.05471 0.389999
    endloop
  endfacet
  facet normal -0 0 -1
    outer loop
      vertex 3.9864 -5.83528 0.389999
      vertex 3.79445 -6.04196 0.389999
      vertex 3.96053 -5.81709 0.389999
    endloop
  endfacet
  facet normal 0 0 -1
    outer loop
      vertex 3.77936 -6.02986 0.389999
      vertex 3.96053 -5.81709 0.389999
      vertex 3.79445 -6.04196 0.389999
    endloop
  endfacet
  facet normal -0 0 -1
    outer loop
      vertex 3.96053 -5.81709 0.389999
      vertex 3.77936 -6.02986 0.389999
      vertex 3.93384 -5.80008 0.389999
    endloop
  endfacet
  facet normal 0 0 -1
    outer loop
      vertex 3.76378 -6.01849 0.389999
      vertex 3.93384 -5.80008 0.389999
      vertex 3.77936 -6.02986 0.389999
    endloop
  endfacet
  facet normal -0 0 -1
    outer loop
      vertex 3.93384 -5.80008 0.389999
      vertex 3.76378 -6.01849 0.389999
      vertex 3.9063 -5.78424 0.389999
    endloop
  endfacet
  facet normal 0 0 -1
    outer loop
      vertex 3.74774 -6.00785 0.389999
      vertex 3.9063 -5.78424 0.389999
      vertex 3.76378 -6.01849 0.389999
    endloop
  endfacet
  facet normal -0 0 -1
    outer loop
      vertex 3.9063 -5.78424 0.389999
      vertex 3.74774 -6.00785 0.389999
      vertex 3.87794 -5.76956 0.389999
    endloop
  endfacet
  facet normal 0 0 -1
    outer loop
      vertex 3.73122 -5.99795 0.389999
      vertex 3.87794 -5.76956 0.389999
      vertex 3.74774 -6.00785 0.389999
    endloop
  endfacet
  facet normal -0 0 -1
    outer loop
      vertex 3.87794 -5.76956 0.389999
      vertex 3.73122 -5.99795 0.389999
      vertex 3.84877 -5.75607 0.389999
    endloop
  endfacet
  facet normal 0 0 -1
    outer loop
      vertex 3.71422 -5.98878 0.389999
      vertex 3.84877 -5.75607 0.389999
      vertex 3.73122 -5.99795 0.389999
    endloop
  endfacet
  facet normal -0 0 -1
    outer loop
      vertex 3.84877 -5.75607 0.389999
      vertex 3.71422 -5.98878 0.389999
      vertex 3.81876 -5.74376 0.389999
    endloop
  endfacet
  facet normal 0 0 -1
    outer loop
      vertex 3.69675 -5.98036 0.389999
      vertex 3.81876 -5.74376 0.389999
      vertex 3.71422 -5.98878 0.389999
    endloop
  endfacet
  facet normal -0 0 -1
    outer loop
      vertex 3.81876 -5.74376 0.389999
      vertex 3.69675 -5.98036 0.389999
      vertex 3.78792 -5.7326 0.389999
    endloop
  endfacet
  facet normal 0 0 -1
    outer loop
      vertex 3.67879 -5.97265 0.389999
      vertex 3.78792 -5.7326 0.389999
      vertex 3.69675 -5.98036 0.389999
    endloop
  endfacet
  facet normal -0 0 -1
    outer loop
      vertex 3.78792 -5.7326 0.389999
      vertex 3.67879 -5.97265 0.389999
      vertex 3.75626 -5.72262 0.389999
    endloop
  endfacet
  facet normal 0 0 -1
    outer loop
      vertex 3.66037 -5.96568 0.389999
      vertex 3.75626 -5.72262 0.389999
      vertex 3.67879 -5.97265 0.389999
    endloop
  endfacet
  facet normal -0 0 -1
    outer loop
      vertex 3.75626 -5.72262 0.389999
      vertex 3.66037 -5.96568 0.389999
      vertex 3.72377 -5.71383 0.389999
    endloop
  endfacet
  facet normal 0 0 -1
    outer loop
      vertex 3.64148 -5.95945 0.389999
      vertex 3.72377 -5.71383 0.389999
      vertex 3.66037 -5.96568 0.389999
    endloop
  endfacet
  facet normal -0 0 -1
    outer loop
      vertex 3.72377 -5.71383 0.389999
      vertex 3.64148 -5.95945 0.389999
      vertex 3.69044 -5.7062 0.389999
    endloop
  endfacet
  facet normal 0 0 -1
    outer loop
      vertex 3.6221 -5.95395 0.389999
      vertex 3.69044 -5.7062 0.389999
      vertex 3.64148 -5.95945 0.389999
    endloop
  endfacet
  facet normal -0 0 -1
    outer loop
      vertex 3.69044 -5.7062 0.389999
      vertex 3.6221 -5.95395 0.389999
      vertex 3.65631 -5.69975 0.389999
    endloop
  endfacet
  facet normal 0 0 -1
    outer loop
      vertex 3.60225 -5.94918 0.389999
      vertex 3.65631 -5.69975 0.389999
      vertex 3.6221 -5.95395 0.389999
    endloop
  endfacet
  facet normal -0 0 -1
    outer loop
      vertex 3.65631 -5.69975 0.389999
      vertex 3.60225 -5.94918 0.389999
      vertex 3.62134 -5.69447 0.389999
    endloop
  endfacet
  facet normal 0 0 -1
    outer loop
      vertex 3.58192 -5.94516 0.389999
      vertex 3.62134 -5.69447 0.389999
      vertex 3.60225 -5.94918 0.389999
    endloop
  endfacet
  facet normal 0 0 -1
    outer loop
      vertex 3.56113 -5.94184 0.389999
      vertex 3.62134 -5.69447 0.389999
      vertex 3.58192 -5.94516 0.389999
    endloop
  endfacet
  facet normal -0 0 -1
    outer loop
      vertex 3.62134 -5.69447 0.389999
      vertex 3.56113 -5.94184 0.389999
      vertex 3.58554 -5.69036 0.389999
    endloop
  endfacet
  facet normal 0 0 -1
    outer loop
      vertex 3.53986 -5.93928 0.389999
      vertex 3.58554 -5.69036 0.389999
      vertex 3.56113 -5.94184 0.389999
    endloop
  endfacet
  facet normal -0 0 -1
    outer loop
      vertex 3.58554 -5.69036 0.389999
      vertex 3.53986 -5.93928 0.389999
      vertex 3.5489 -5.68744 0.389999
    endloop
  endfacet
  facet normal 0 0 -1
    outer loop
      vertex 3.5181 -5.93745 0.389999
      vertex 3.5489 -5.68744 0.389999
      vertex 3.53986 -5.93928 0.389999
    endloop
  endfacet
  facet normal 0 0 -1
    outer loop
      vertex 3.5181 -5.93745 0.389999
      vertex 3.51146 -5.68567 0.389999
      vertex 3.5489 -5.68744 0.389999
    endloop
  endfacet
  facet normal 0 0 -1
    outer loop
      vertex 3.4959 -5.93635 0.389999
      vertex 3.51146 -5.68567 0.389999
      vertex 3.5181 -5.93745 0.389999
    endloop
  endfacet
  facet normal 0 0 -1
    outer loop
      vertex 3.47319 -5.68509 0.389999
      vertex 3.4959 -5.93635 0.389999
      vertex 3.47319 -5.93599 0.389999
    endloop
  endfacet
  facet normal 0 0 -1
    outer loop
      vertex 3.4959 -5.93635 0.389999
      vertex 3.47319 -5.68509 0.389999
      vertex 3.51146 -5.68567 0.389999
    endloop
  endfacet
  facet normal 0 0 -1
    outer loop
      vertex 3.44937 -5.93635 0.389999
      vertex 3.47319 -5.68509 0.389999
      vertex 3.47319 -5.93599 0.389999
    endloop
  endfacet
  facet normal 0 0 -1
    outer loop
      vertex 3.44937 -5.93635 0.389999
      vertex 3.43129 -5.68567 0.389999
      vertex 3.47319 -5.68509 0.389999
    endloop
  endfacet
  facet normal 0 0 -1
    outer loop
      vertex 3.42616 -5.93748 0.389999
      vertex 3.43129 -5.68567 0.389999
      vertex 3.44937 -5.93635 0.389999
    endloop
  endfacet
  facet normal 0 0 -1
    outer loop
      vertex 3.39053 -5.68744 0.389999
      vertex 3.42616 -5.93748 0.389999
      vertex 3.40359 -5.93936 0.389999
    endloop
  endfacet
  facet normal 0 0 -1
    outer loop
      vertex 3.42616 -5.93748 0.389999
      vertex 3.39053 -5.68744 0.389999
      vertex 3.43129 -5.68567 0.389999
    endloop
  endfacet
  facet normal 0 0 -1
    outer loop
      vertex 3.35094 -5.69038 0.389999
      vertex 3.40359 -5.93936 0.389999
      vertex 3.38164 -5.94198 0.389999
    endloop
  endfacet
  facet normal 0 0 -1
    outer loop
      vertex 3.35094 -5.69038 0.389999
      vertex 3.38164 -5.94198 0.389999
      vertex 3.36031 -5.94537 0.389999
    endloop
  endfacet
  facet normal 0 0 -1
    outer loop
      vertex 3.40359 -5.93936 0.389999
      vertex 3.35094 -5.69038 0.389999
      vertex 3.39053 -5.68744 0.389999
    endloop
  endfacet
  facet normal 0 0 -1
    outer loop
      vertex 3.3125 -5.69452 0.389999
      vertex 3.36031 -5.94537 0.389999
      vertex 3.33958 -5.9495 0.389999
    endloop
  endfacet
  facet normal 0 0 -1
    outer loop
      vertex 3.27522 -5.69983 0.389999
      vertex 3.33958 -5.9495 0.389999
      vertex 3.3195 -5.95437 0.389999
    endloop
  endfacet
  facet normal 0 0 -1
    outer loop
      vertex 3.36031 -5.94537 0.389999
      vertex 3.3125 -5.69452 0.389999
      vertex 3.35094 -5.69038 0.389999
    endloop
  endfacet
  facet normal 0 0 -1
    outer loop
      vertex 3.23911 -5.70631 0.389999
      vertex 3.3195 -5.95437 0.389999
      vertex 3.30003 -5.96 0.389999
    endloop
  endfacet
  facet normal 0 0 -1
    outer loop
      vertex 3.20413 -5.71397 0.389999
      vertex 3.30003 -5.96 0.389999
      vertex 3.28119 -5.9664 0.389999
    endloop
  endfacet
  facet normal 0 0 -1
    outer loop
      vertex 3.33958 -5.9495 0.389999
      vertex 3.27522 -5.69983 0.389999
      vertex 3.3125 -5.69452 0.389999
    endloop
  endfacet
  facet normal 0 0 -1
    outer loop
      vertex 3.20413 -5.71397 0.389999
      vertex 3.28119 -5.9664 0.389999
      vertex 3.26295 -5.97352 0.389999
    endloop
  endfacet
  facet normal 0 0 -1
    outer loop
      vertex 3.17032 -5.72281 0.389999
      vertex 3.26295 -5.97352 0.389999
      vertex 3.24535 -5.98141 0.389999
    endloop
  endfacet
  facet normal 0 0 -1
    outer loop
      vertex 3.3195 -5.95437 0.389999
      vertex 3.23911 -5.70631 0.389999
      vertex 3.27522 -5.69983 0.389999
    endloop
  endfacet
  facet normal 0 0 -1
    outer loop
      vertex 3.13765 -5.73283 0.389999
      vertex 3.24535 -5.98141 0.389999
      vertex 3.22838 -5.99005 0.389999
    endloop
  endfacet
  facet normal 0 0 -1
    outer loop
      vertex 3.10616 -5.74403 0.389999
      vertex 3.22838 -5.99005 0.389999
      vertex 3.21201 -5.99943 0.389999
    endloop
  endfacet
  facet normal 0 0 -1
    outer loop
      vertex 3.30003 -5.96 0.389999
      vertex 3.20413 -5.71397 0.389999
      vertex 3.23911 -5.70631 0.389999
    endloop
  endfacet
  facet normal 0 0 -1
    outer loop
      vertex 3.07581 -5.75642 0.389999
      vertex 3.21201 -5.99943 0.389999
      vertex 3.19627 -6.00956 0.389999
    endloop
  endfacet
  facet normal 0 0 -1
    outer loop
      vertex 3.04662 -5.76997 0.389999
      vertex 3.19627 -6.00956 0.389999
      vertex 3.18115 -6.02046 0.389999
    endloop
  endfacet
  facet normal 0 0 -1
    outer loop
      vertex 3.26295 -5.97352 0.389999
      vertex 3.17032 -5.72281 0.389999
      vertex 3.20413 -5.71397 0.389999
    endloop
  endfacet
  facet normal 0 0 -1
    outer loop
      vertex 3.01857 -5.78471 0.389999
      vertex 3.18115 -6.02046 0.389999
      vertex 3.16666 -6.03209 0.389999
    endloop
  endfacet
  facet normal 0 0 -1
    outer loop
      vertex 2.9917 -5.80062 0.389999
      vertex 3.16666 -6.03209 0.389999
      vertex 3.15279 -6.04448 0.389999
    endloop
  endfacet
  facet normal 0 0 -1
    outer loop
      vertex 2.96597 -5.81773 0.389999
      vertex 3.15279 -6.04448 0.389999
      vertex 3.13962 -6.05755 0.389999
    endloop
  endfacet
  facet normal 0 0 -1
    outer loop
      vertex 3.24535 -5.98141 0.389999
      vertex 3.13765 -5.73283 0.389999
      vertex 3.17032 -5.72281 0.389999
    endloop
  endfacet
  facet normal 0 0 -1
    outer loop
      vertex 2.91798 -5.85545 0.389999
      vertex 3.13962 -6.05755 0.389999
      vertex 3.12726 -6.07122 0.389999
    endloop
  endfacet
  facet normal 0 0 -1
    outer loop
      vertex 2.89583 -5.876 0.389999
      vertex 3.12726 -6.07122 0.389999
      vertex 3.11569 -6.08552 0.389999
    endloop
  endfacet
  facet normal 0 0 -1
    outer loop
      vertex 3.22838 -5.99005 0.389999
      vertex 3.10616 -5.74403 0.389999
      vertex 3.13765 -5.73283 0.389999
    endloop
  endfacet
  facet normal 0 0 -1
    outer loop
      vertex 2.875 -5.89753 0.389999
      vertex 3.11569 -6.08552 0.389999
      vertex 3.10492 -6.10043 0.389999
    endloop
  endfacet
  facet normal 0 0 -1
    outer loop
      vertex 2.85551 -5.92006 0.389999
      vertex 3.10492 -6.10043 0.389999
      vertex 3.09494 -6.11593 0.389999
    endloop
  endfacet
  facet normal 0 0 -1
    outer loop
      vertex 2.82059 -5.96807 0.389999
      vertex 3.09494 -6.11593 0.389999
      vertex 3.08577 -6.13206 0.389999
    endloop
  endfacet
  facet normal 0 0 -1
    outer loop
      vertex 2.80515 -5.99357 0.389999
      vertex 3.08577 -6.13206 0.389999
      vertex 3.07739 -6.14878 0.389999
    endloop
  endfacet
  facet normal 0 0 -1
    outer loop
      vertex 3.21201 -5.99943 0.389999
      vertex 3.07581 -5.75642 0.389999
      vertex 3.10616 -5.74403 0.389999
    endloop
  endfacet
  facet normal 0 0 -1
    outer loop
      vertex 2.79103 -6.02006 0.389999
      vertex 3.07739 -6.14878 0.389999
      vertex 3.06981 -6.16612 0.389999
    endloop
  endfacet
  facet normal 0 0 -1
    outer loop
      vertex 2.77827 -6.04754 0.389999
      vertex 3.06981 -6.16612 0.389999
      vertex 3.06302 -6.18408 0.389999
    endloop
  endfacet
  facet normal 0 0 -1
    outer loop
      vertex 2.75677 -6.10548 0.389999
      vertex 3.06302 -6.18408 0.389999
      vertex 3.05704 -6.20263 0.389999
    endloop
  endfacet
  facet normal 0 0 -1
    outer loop
      vertex 2.74805 -6.13594 0.389999
      vertex 3.05704 -6.20263 0.389999
      vertex 3.05185 -6.22181 0.389999
    endloop
  endfacet
  facet normal 0 0 -1
    outer loop
      vertex 2.74066 -6.16737 0.389999
      vertex 3.05185 -6.22181 0.389999
      vertex 3.04747 -6.24159 0.389999
    endloop
  endfacet
  facet normal 0 0 -1
    outer loop
      vertex 3.19627 -6.00956 0.389999
      vertex 3.04662 -5.76997 0.389999
      vertex 3.07581 -5.75642 0.389999
    endloop
  endfacet
  facet normal 0 0 -1
    outer loop
      vertex 2.73462 -6.19981 0.389999
      vertex 3.04747 -6.24159 0.389999
      vertex 3.04387 -6.26199 0.389999
    endloop
  endfacet
  facet normal 0 0 -1
    outer loop
      vertex 2.7299 -6.23324 0.389999
      vertex 3.04387 -6.26199 0.389999
      vertex 3.04108 -6.28299 0.389999
    endloop
  endfacet
  facet normal 0 0 -1
    outer loop
      vertex 2.72655 -6.26767 0.389999
      vertex 3.04108 -6.28299 0.389999
      vertex 3.03909 -6.30461 0.389999
    endloop
  endfacet
  facet normal 0 0 -1
    outer loop
      vertex 2.72453 -6.30308 0.389999
      vertex 3.03909 -6.30461 0.389999
      vertex 3.03789 -6.32682 0.389999
    endloop
  endfacet
  facet normal 0 0 -1
    outer loop
      vertex 2.72386 -6.33949 0.389999
      vertex 3.03789 -6.32682 0.389999
      vertex 3.03749 -6.34965 0.389999
    endloop
  endfacet
  facet normal 0 0 -1
    outer loop
      vertex 2.83018 -6.69659 0.389999
      vertex 3.08292 -6.56909 0.389999
      vertex 2.84003 -6.71275 0.389999
    endloop
  endfacet
  facet normal -0 0 -1
    outer loop
      vertex 3.08292 -6.56909 0.389999
      vertex 2.83018 -6.69659 0.389999
      vertex 3.07666 -6.55479 0.389999
    endloop
  endfacet
  facet normal 0 0 -1
    outer loop
      vertex 2.82079 -6.68043 0.389999
      vertex 3.07666 -6.55479 0.389999
      vertex 2.83018 -6.69659 0.389999
    endloop
  endfacet
  facet normal 0 0 -1
    outer loop
      vertex 2.8118 -6.66427 0.389999
      vertex 3.07666 -6.55479 0.389999
      vertex 2.82079 -6.68043 0.389999
    endloop
  endfacet
  facet normal -0 0 -1
    outer loop
      vertex 3.07666 -6.55479 0.389999
      vertex 2.8118 -6.66427 0.389999
      vertex 3.07086 -6.54028 0.389999
    endloop
  endfacet
  facet normal 0 0 -1
    outer loop
      vertex 2.80325 -6.64811 0.389999
      vertex 3.07086 -6.54028 0.389999
      vertex 2.8118 -6.66427 0.389999
    endloop
  endfacet
  facet normal -0 0 -1
    outer loop
      vertex 3.07086 -6.54028 0.389999
      vertex 2.80325 -6.64811 0.389999
      vertex 3.06554 -6.52555 0.389999
    endloop
  endfacet
  facet normal 0 0 -1
    outer loop
      vertex 2.79514 -6.63197 0.389999
      vertex 3.06554 -6.52555 0.389999
      vertex 2.80325 -6.64811 0.389999
    endloop
  endfacet
  facet normal -0 0 -1
    outer loop
      vertex 3.06554 -6.52555 0.389999
      vertex 2.79514 -6.63197 0.389999
      vertex 3.06067 -6.51062 0.389999
    endloop
  endfacet
  facet normal 0 0 -1
    outer loop
      vertex 2.78745 -6.61581 0.389999
      vertex 3.06067 -6.51062 0.389999
      vertex 2.79514 -6.63197 0.389999
    endloop
  endfacet
  facet normal 0 0 -1
    outer loop
      vertex 2.78018 -6.59965 0.389999
      vertex 3.06067 -6.51062 0.389999
      vertex 2.78745 -6.61581 0.389999
    endloop
  endfacet
  facet normal -0 0 -1
    outer loop
      vertex 3.06067 -6.51062 0.389999
      vertex 2.78018 -6.59965 0.389999
      vertex 3.05626 -6.49546 0.389999
    endloop
  endfacet
  facet normal 0 0 -1
    outer loop
      vertex 2.77336 -6.58348 0.389999
      vertex 3.05626 -6.49546 0.389999
      vertex 2.78018 -6.59965 0.389999
    endloop
  endfacet
  facet normal -0 0 -1
    outer loop
      vertex 3.05626 -6.49546 0.389999
      vertex 2.77336 -6.58348 0.389999
      vertex 3.05232 -6.48011 0.389999
    endloop
  endfacet
  facet normal 0 0 -1
    outer loop
      vertex 2.76698 -6.56729 0.389999
      vertex 3.05232 -6.48011 0.389999
      vertex 2.77336 -6.58348 0.389999
    endloop
  endfacet
  facet normal 0 0 -1
    outer loop
      vertex 2.76105 -6.5511 0.389999
      vertex 3.05232 -6.48011 0.389999
      vertex 2.76698 -6.56729 0.389999
    endloop
  endfacet
  facet normal -0 0 -1
    outer loop
      vertex 3.05232 -6.48011 0.389999
      vertex 2.76105 -6.5511 0.389999
      vertex 3.04884 -6.46453 0.389999
    endloop
  endfacet
  facet normal 0 0 -1
    outer loop
      vertex 2.75554 -6.53488 0.389999
      vertex 3.04884 -6.46453 0.389999
      vertex 2.76105 -6.5511 0.389999
    endloop
  endfacet
  facet normal -0 0 -1
    outer loop
      vertex 3.04884 -6.46453 0.389999
      vertex 2.75554 -6.53488 0.389999
      vertex 3.04584 -6.44876 0.389999
    endloop
  endfacet
  facet normal 0 0 -1
    outer loop
      vertex 2.75049 -6.51866 0.389999
      vertex 3.04584 -6.44876 0.389999
      vertex 2.75554 -6.53488 0.389999
    endloop
  endfacet
  facet normal 0 0 -1
    outer loop
      vertex 2.74586 -6.50244 0.389999
      vertex 3.04584 -6.44876 0.389999
      vertex 2.75049 -6.51866 0.389999
    endloop
  endfacet
  facet normal -0 0 -1
    outer loop
      vertex 3.04584 -6.44876 0.389999
      vertex 2.74586 -6.50244 0.389999
      vertex 3.04329 -6.43277 0.389999
    endloop
  endfacet
  facet normal 0 0 -1
    outer loop
      vertex 2.74168 -6.48619 0.389999
      vertex 3.04329 -6.43277 0.389999
      vertex 2.74586 -6.50244 0.389999
    endloop
  endfacet
  facet normal -0 0 -1
    outer loop
      vertex 3.04329 -6.43277 0.389999
      vertex 2.74168 -6.48619 0.389999
      vertex 3.0412 -6.41658 0.389999
    endloop
  endfacet
  facet normal 0 0 -1
    outer loop
      vertex 3.05185 -6.22181 0.389999
      vertex 2.74066 -6.16737 0.389999
      vertex 2.74805 -6.13594 0.389999
    endloop
  endfacet
  facet normal 0 0 -1
    outer loop
      vertex 3.05704 -6.20263 0.389999
      vertex 2.74805 -6.13594 0.389999
      vertex 2.75677 -6.10548 0.389999
    endloop
  endfacet
  facet normal 0 0 -1
    outer loop
      vertex 3.16666 -6.03209 0.389999
      vertex 2.9917 -5.80062 0.389999
      vertex 3.01857 -5.78471 0.389999
    endloop
  endfacet
  facet normal 0 0 -1
    outer loop
      vertex 3.15279 -6.04448 0.389999
      vertex 2.96597 -5.81773 0.389999
      vertex 2.9917 -5.80062 0.389999
    endloop
  endfacet
  facet normal 0 0 -1
    outer loop
      vertex 3.13962 -6.05755 0.389999
      vertex 2.94141 -5.83599 0.389999
      vertex 2.96597 -5.81773 0.389999
    endloop
  endfacet
  facet normal 0 0 -1
    outer loop
      vertex 3.13962 -6.05755 0.389999
      vertex 2.91798 -5.85545 0.389999
      vertex 2.94141 -5.83599 0.389999
    endloop
  endfacet
  facet normal 0 0 -1
    outer loop
      vertex 3.12726 -6.07122 0.389999
      vertex 2.89583 -5.876 0.389999
      vertex 2.91798 -5.85545 0.389999
    endloop
  endfacet
  facet normal 0 0 -1
    outer loop
      vertex 3.11569 -6.08552 0.389999
      vertex 2.875 -5.89753 0.389999
      vertex 2.89583 -5.876 0.389999
    endloop
  endfacet
  facet normal 0 0 -1
    outer loop
      vertex 3.18115 -6.02046 0.389999
      vertex 3.01857 -5.78471 0.389999
      vertex 3.04662 -5.76997 0.389999
    endloop
  endfacet
  facet normal 0 0 -1
    outer loop
      vertex 3.04747 -6.24159 0.389999
      vertex 2.73462 -6.19981 0.389999
      vertex 2.74066 -6.16737 0.389999
    endloop
  endfacet
  facet normal 0 0 -1
    outer loop
      vertex 3.07739 -6.14878 0.389999
      vertex 2.79103 -6.02006 0.389999
      vertex 2.80515 -5.99357 0.389999
    endloop
  endfacet
  facet normal 0 0 -1
    outer loop
      vertex 3.03909 -6.30461 0.389999
      vertex 2.72453 -6.30308 0.389999
      vertex 2.72655 -6.26767 0.389999
    endloop
  endfacet
  facet normal 0 0 -1
    outer loop
      vertex 3.10492 -6.10043 0.389999
      vertex 2.85551 -5.92006 0.389999
      vertex 2.875 -5.89753 0.389999
    endloop
  endfacet
  facet normal 0 0 -1
    outer loop
      vertex 3.06981 -6.16612 0.389999
      vertex 2.77827 -6.04754 0.389999
      vertex 2.79103 -6.02006 0.389999
    endloop
  endfacet
  facet normal 0 0 -1
    outer loop
      vertex 2.73795 -6.46994 0.389999
      vertex 3.0412 -6.41658 0.389999
      vertex 2.74168 -6.48619 0.389999
    endloop
  endfacet
  facet normal 0 0 -1
    outer loop
      vertex 3.06302 -6.18408 0.389999
      vertex 2.76686 -6.07602 0.389999
      vertex 2.77827 -6.04754 0.389999
    endloop
  endfacet
  facet normal 0 0 -1
    outer loop
      vertex 2.73465 -6.45367 0.389999
      vertex 3.0412 -6.41658 0.389999
      vertex 2.73795 -6.46994 0.389999
    endloop
  endfacet
  facet normal -0 0 -1
    outer loop
      vertex 3.0412 -6.41658 0.389999
      vertex 2.73465 -6.45367 0.389999
      vertex 3.03958 -6.40016 0.389999
    endloop
  endfacet
  facet normal 0 0 -1
    outer loop
      vertex 3.06302 -6.18408 0.389999
      vertex 2.75677 -6.10548 0.389999
      vertex 2.76686 -6.07602 0.389999
    endloop
  endfacet
  facet normal 0 0 -1
    outer loop
      vertex 2.73178 -6.43739 0.389999
      vertex 3.03958 -6.40016 0.389999
      vertex 2.73465 -6.45367 0.389999
    endloop
  endfacet
  facet normal 0 0 -1
    outer loop
      vertex 2.72937 -6.42111 0.389999
      vertex 3.03958 -6.40016 0.389999
      vertex 2.73178 -6.43739 0.389999
    endloop
  endfacet
  facet normal 0 0 -1
    outer loop
      vertex 3.08577 -6.13206 0.389999
      vertex 2.80515 -5.99357 0.389999
      vertex 2.82059 -5.96807 0.389999
    endloop
  endfacet
  facet normal -0 0 -1
    outer loop
      vertex 3.03958 -6.40016 0.389999
      vertex 2.72937 -6.42111 0.389999
      vertex 3.03842 -6.38354 0.389999
    endloop
  endfacet
  facet normal 0 0 -1
    outer loop
      vertex 2.72739 -6.4048 0.389999
      vertex 3.03842 -6.38354 0.389999
      vertex 2.72937 -6.42111 0.389999
    endloop
  endfacet
  facet normal 0 0 -1
    outer loop
      vertex 3.09494 -6.11593 0.389999
      vertex 2.82059 -5.96807 0.389999
      vertex 2.83739 -5.94357 0.389999
    endloop
  endfacet
  facet normal -0 0 -1
    outer loop
      vertex 3.03842 -6.38354 0.389999
      vertex 2.72739 -6.4048 0.389999
      vertex 3.03772 -6.3667 0.389999
    endloop
  endfacet
  facet normal 0 0 -1
    outer loop
      vertex 3.09494 -6.11593 0.389999
      vertex 2.83739 -5.94357 0.389999
      vertex 2.85551 -5.92006 0.389999
    endloop
  endfacet
  facet normal 0 0 -1
    outer loop
      vertex 2.72585 -6.38848 0.389999
      vertex 3.03772 -6.3667 0.389999
      vertex 2.72739 -6.4048 0.389999
    endloop
  endfacet
  facet normal 0 0 -1
    outer loop
      vertex 2.72475 -6.37216 0.389999
      vertex 3.03772 -6.3667 0.389999
      vertex 2.72585 -6.38848 0.389999
    endloop
  endfacet
  facet normal 0 0 -1
    outer loop
      vertex 3.04387 -6.26199 0.389999
      vertex 2.7299 -6.23324 0.389999
      vertex 2.73462 -6.19981 0.389999
    endloop
  endfacet
  facet normal -0 0 -1
    outer loop
      vertex 3.03772 -6.3667 0.389999
      vertex 2.72475 -6.37216 0.389999
      vertex 3.03749 -6.34965 0.389999
    endloop
  endfacet
  facet normal 0 0 -1
    outer loop
      vertex 2.72409 -6.35583 0.389999
      vertex 3.03749 -6.34965 0.389999
      vertex 2.72475 -6.37216 0.389999
    endloop
  endfacet
  facet normal 0 0 -1
    outer loop
      vertex 3.04108 -6.28299 0.389999
      vertex 2.72655 -6.26767 0.389999
      vertex 2.7299 -6.23324 0.389999
    endloop
  endfacet
  facet normal 0 0 -1
    outer loop
      vertex 2.72386 -6.33949 0.389999
      vertex 3.03749 -6.34965 0.389999
      vertex 2.72409 -6.35583 0.389999
    endloop
  endfacet
  facet normal -0 0 -1
    outer loop
      vertex 3.03789 -6.32682 0.389999
      vertex 2.72386 -6.33949 0.389999
      vertex 2.72453 -6.30308 0.389999
    endloop
  endfacet
  facet normal -0.913698 -0.406394 0
    outer loop
      vertex 4.26828 -7.89407 0
      vertex 4.25797 -7.87089 0.389999
      vertex 4.25797 -7.87089 0
    endloop
  endfacet
  facet normal -0.913698 -0.406394 0
    outer loop
      vertex 4.25797 -7.87089 0.389999
      vertex 4.26828 -7.89407 0
      vertex 4.26828 -7.89407 0.389999
    endloop
  endfacet
  facet normal -0.90782 -0.41936 0
    outer loop
      vertex 4.25797 -7.87089 0
      vertex 4.24741 -7.84803 0.389999
      vertex 4.24741 -7.84803 0
    endloop
  endfacet
  facet normal -0.90782 -0.41936 0
    outer loop
      vertex 4.24741 -7.84803 0.389999
      vertex 4.25797 -7.87089 0
      vertex 4.25797 -7.87089 0.389999
    endloop
  endfacet
  facet normal -0.901048 -0.433719 0
    outer loop
      vertex 4.24741 -7.84803 0
      vertex 4.23657 -7.82551 0.389999
      vertex 4.23657 -7.82551 0
    endloop
  endfacet
  facet normal -0.901048 -0.433719 0
    outer loop
      vertex 4.23657 -7.82551 0.389999
      vertex 4.24741 -7.84803 0
      vertex 4.24741 -7.84803 0.389999
    endloop
  endfacet
  facet normal -0.894588 -0.446891 0
    outer loop
      vertex 4.23657 -7.82551 0
      vertex 4.22548 -7.80331 0.389999
      vertex 4.22548 -7.80331 0
    endloop
  endfacet
  facet normal -0.894588 -0.446891 0
    outer loop
      vertex 4.22548 -7.80331 0.389999
      vertex 4.23657 -7.82551 0
      vertex 4.23657 -7.82551 0.389999
    endloop
  endfacet
  facet normal -0.887675 -0.460471 0
    outer loop
      vertex 4.22548 -7.80331 0
      vertex 4.21413 -7.78143 0.389999
      vertex 4.21413 -7.78143 0
    endloop
  endfacet
  facet normal -0.887675 -0.460471 0
    outer loop
      vertex 4.21413 -7.78143 0.389999
      vertex 4.22548 -7.80331 0
      vertex 4.22548 -7.80331 0.389999
    endloop
  endfacet
  facet normal -0.880117 -0.474757 0
    outer loop
      vertex 4.21413 -7.78143 0
      vertex 4.2025 -7.75987 0.389999
      vertex 4.2025 -7.75987 0
    endloop
  endfacet
  facet normal -0.880117 -0.474757 0
    outer loop
      vertex 4.2025 -7.75987 0.389999
      vertex 4.21413 -7.78143 0
      vertex 4.21413 -7.78143 0.389999
    endloop
  endfacet
  facet normal -0.872583 -0.488466 0
    outer loop
      vertex 4.2025 -7.75987 0
      vertex 4.19061 -7.73863 0.389999
      vertex 4.19061 -7.73863 0
    endloop
  endfacet
  facet normal -0.872583 -0.488466 0
    outer loop
      vertex 4.19061 -7.73863 0.389999
      vertex 4.2025 -7.75987 0
      vertex 4.2025 -7.75987 0.389999
    endloop
  endfacet
  facet normal -0.864916 -0.501916 0
    outer loop
      vertex 4.19061 -7.73863 0
      vertex 4.17847 -7.71771 0.389999
      vertex 4.17847 -7.71771 0
    endloop
  endfacet
  facet normal -0.864916 -0.501916 0
    outer loop
      vertex 4.17847 -7.71771 0.389999
      vertex 4.19061 -7.73863 0
      vertex 4.19061 -7.73863 0.389999
    endloop
  endfacet
  facet normal -0.85628 -0.516513 0
    outer loop
      vertex 4.17847 -7.71771 0
      vertex 4.16605 -7.69712 0.389999
      vertex 4.16605 -7.69712 0
    endloop
  endfacet
  facet normal -0.85628 -0.516513 0
    outer loop
      vertex 4.16605 -7.69712 0.389999
      vertex 4.17847 -7.71771 0
      vertex 4.17847 -7.71771 0.389999
    endloop
  endfacet
  facet normal -0.847787 -0.530337 0
    outer loop
      vertex 4.16605 -7.69712 0
      vertex 4.15337 -7.67685 0.389999
      vertex 4.15337 -7.67685 0
    endloop
  endfacet
  facet normal -0.847787 -0.530337 0
    outer loop
      vertex 4.15337 -7.67685 0.389999
      vertex 4.16605 -7.69712 0
      vertex 4.16605 -7.69712 0.389999
    endloop
  endfacet
  facet normal -0.838972 -0.544175 0
    outer loop
      vertex 4.15337 -7.67685 0
      vertex 4.14043 -7.6569 0.389999
      vertex 4.14043 -7.6569 0
    endloop
  endfacet
  facet normal -0.838972 -0.544175 0
    outer loop
      vertex 4.14043 -7.6569 0.389999
      vertex 4.15337 -7.67685 0
      vertex 4.15337 -7.67685 0.389999
    endloop
  endfacet
  facet normal -0.829309 -0.55879 0
    outer loop
      vertex 4.14043 -7.6569 0
      vertex 4.12721 -7.63728 0.389999
      vertex 4.12721 -7.63728 0
    endloop
  endfacet
  facet normal -0.829309 -0.55879 0
    outer loop
      vertex 4.12721 -7.63728 0.389999
      vertex 4.14043 -7.6569 0
      vertex 4.14043 -7.6569 0.389999
    endloop
  endfacet
  facet normal -0.820229 -0.572035 0
    outer loop
      vertex 4.12721 -7.63728 0
      vertex 4.11375 -7.61798 0.389999
      vertex 4.11375 -7.61798 0
    endloop
  endfacet
  facet normal -0.820229 -0.572035 0
    outer loop
      vertex 4.11375 -7.61798 0.389999
      vertex 4.12721 -7.63728 0
      vertex 4.12721 -7.63728 0.389999
    endloop
  endfacet
  facet normal -0.810026 -0.586394 0
    outer loop
      vertex 4.11375 -7.61798 0
      vertex 4.10001 -7.599 0.389999
      vertex 4.10001 -7.599 0
    endloop
  endfacet
  facet normal -0.810026 -0.586394 0
    outer loop
      vertex 4.10001 -7.599 0.389999
      vertex 4.11375 -7.61798 0
      vertex 4.11375 -7.61798 0.389999
    endloop
  endfacet
  facet normal -0.800051 -0.599931 0
    outer loop
      vertex 4.10001 -7.599 0
      vertex 4.08601 -7.58033 0.389999
      vertex 4.08601 -7.58033 0
    endloop
  endfacet
  facet normal -0.800051 -0.599931 0
    outer loop
      vertex 4.08601 -7.58033 0.389999
      vertex 4.10001 -7.599 0
      vertex 4.10001 -7.599 0.389999
    endloop
  endfacet
  facet normal -0.78912 -0.614239 0
    outer loop
      vertex 4.08601 -7.58033 0
      vertex 4.07175 -7.56201 0.389999
      vertex 4.07175 -7.56201 0
    endloop
  endfacet
  facet normal -0.78912 -0.614239 0
    outer loop
      vertex 4.07175 -7.56201 0.389999
      vertex 4.08601 -7.58033 0
      vertex 4.08601 -7.58033 0.389999
    endloop
  endfacet
  facet normal -0.778461 -0.627693 0
    outer loop
      vertex 4.07175 -7.56201 0
      vertex 4.05722 -7.54399 0.389999
      vertex 4.05722 -7.54399 0
    endloop
  endfacet
  facet normal -0.778461 -0.627693 0
    outer loop
      vertex 4.05722 -7.54399 0.389999
      vertex 4.07175 -7.56201 0
      vertex 4.07175 -7.56201 0.389999
    endloop
  endfacet
  facet normal -0.770387 -0.637577 0
    outer loop
      vertex 4.05722 -7.54399 0
      vertex 4.04253 -7.52624 0.389999
      vertex 4.04253 -7.52624 0
    endloop
  endfacet
  facet normal -0.770387 -0.637577 0
    outer loop
      vertex 4.04253 -7.52624 0.389999
      vertex 4.05722 -7.54399 0
      vertex 4.05722 -7.54399 0.389999
    endloop
  endfacet
  facet normal -0.76464 -0.644458 0
    outer loop
      vertex 4.04253 -7.52624 0
      vertex 4.02773 -7.50868 0.389999
      vertex 4.02773 -7.50868 0
    endloop
  endfacet
  facet normal -0.76464 -0.644458 0
    outer loop
      vertex 4.02773 -7.50868 0.389999
      vertex 4.04253 -7.52624 0
      vertex 4.04253 -7.52624 0.389999
    endloop
  endfacet
  facet normal -0.759071 -0.651008 0
    outer loop
      vertex 4.02773 -7.50868 0
      vertex 4.01285 -7.49133 0.389999
      vertex 4.01285 -7.49133 0
    endloop
  endfacet
  facet normal -0.759071 -0.651008 0
    outer loop
      vertex 4.01285 -7.49133 0.389999
      vertex 4.02773 -7.50868 0
      vertex 4.02773 -7.50868 0.389999
    endloop
  endfacet
  facet normal -0.753365 -0.657602 0
    outer loop
      vertex 4.01285 -7.49133 0
      vertex 3.99788 -7.47418 0.389999
      vertex 3.99788 -7.47418 0
    endloop
  endfacet
  facet normal -0.753365 -0.657602 0
    outer loop
      vertex 3.99788 -7.47418 0.389999
      vertex 4.01285 -7.49133 0
      vertex 4.01285 -7.49133 0.389999
    endloop
  endfacet
  facet normal -0.747555 -0.6642 0
    outer loop
      vertex 3.99788 -7.47418 0
      vertex 3.98282 -7.45723 0.389999
      vertex 3.98282 -7.45723 0
    endloop
  endfacet
  facet normal -0.747555 -0.6642 0
    outer loop
      vertex 3.98282 -7.45723 0.389999
      vertex 3.99788 -7.47418 0
      vertex 3.99788 -7.47418 0.389999
    endloop
  endfacet
  facet normal -0.74206 -0.670333 0
    outer loop
      vertex 3.98282 -7.45723 0
      vertex 3.96768 -7.44047 0.389999
      vertex 3.96768 -7.44047 0
    endloop
  endfacet
  facet normal -0.74206 -0.670333 0
    outer loop
      vertex 3.96768 -7.44047 0.389999
      vertex 3.98282 -7.45723 0
      vertex 3.98282 -7.45723 0.389999
    endloop
  endfacet
  facet normal -0.735621 -0.677393 0
    outer loop
      vertex 3.96768 -7.44047 0
      vertex 3.95244 -7.42392 0.389999
      vertex 3.95244 -7.42392 0
    endloop
  endfacet
  facet normal -0.735621 -0.677393 0
    outer loop
      vertex 3.95244 -7.42392 0.389999
      vertex 3.96768 -7.44047 0
      vertex 3.96768 -7.44047 0.389999
    endloop
  endfacet
  facet normal -0.729927 -0.683525 0
    outer loop
      vertex 3.95244 -7.42392 0
      vertex 3.93712 -7.40756 0.389999
      vertex 3.93712 -7.40756 0
    endloop
  endfacet
  facet normal -0.729927 -0.683525 0
    outer loop
      vertex 3.93712 -7.40756 0.389999
      vertex 3.95244 -7.42392 0
      vertex 3.95244 -7.42392 0.389999
    endloop
  endfacet
  facet normal -0.723925 -0.689879 0
    outer loop
      vertex 3.93712 -7.40756 0
      vertex 3.92172 -7.3914 0.389999
      vertex 3.92172 -7.3914 0
    endloop
  endfacet
  facet normal -0.723925 -0.689879 0
    outer loop
      vertex 3.92172 -7.3914 0.389999
      vertex 3.93712 -7.40756 0
      vertex 3.93712 -7.40756 0.389999
    endloop
  endfacet
  facet normal -0.717369 -0.696693 0
    outer loop
      vertex 3.92172 -7.3914 0
      vertex 3.90622 -7.37544 0.389999
      vertex 3.90622 -7.37544 0
    endloop
  endfacet
  facet normal -0.717369 -0.696693 0
    outer loop
      vertex 3.90622 -7.37544 0.389999
      vertex 3.92172 -7.3914 0
      vertex 3.92172 -7.3914 0.389999
    endloop
  endfacet
  facet normal -0.710933 -0.70326 0
    outer loop
      vertex 3.90622 -7.37544 0
      vertex 3.89064 -7.35969 0.389999
      vertex 3.89064 -7.35969 0
    endloop
  endfacet
  facet normal -0.710933 -0.70326 0
    outer loop
      vertex 3.89064 -7.35969 0.389999
      vertex 3.90622 -7.37544 0
      vertex 3.90622 -7.37544 0.389999
    endloop
  endfacet
  facet normal -0.704612 -0.709593 0
    outer loop
      vertex 3.87497 -7.34413 0
      vertex 3.89064 -7.35969 0.389999
      vertex 3.87497 -7.34413 0.389999
    endloop
  endfacet
  facet normal -0.704612 -0.709593 -0
    outer loop
      vertex 3.89064 -7.35969 0.389999
      vertex 3.87497 -7.34413 0
      vertex 3.89064 -7.35969 0
    endloop
  endfacet
  facet normal -0.697727 -0.716364 0
    outer loop
      vertex 3.85921 -7.32878 0
      vertex 3.87497 -7.34413 0.389999
      vertex 3.85921 -7.32878 0.389999
    endloop
  endfacet
  facet normal -0.697727 -0.716364 -0
    outer loop
      vertex 3.87497 -7.34413 0.389999
      vertex 3.85921 -7.32878 0
      vertex 3.87497 -7.34413 0
    endloop
  endfacet
  facet normal -0.691668 -0.722216 0
    outer loop
      vertex 3.84337 -7.31361 0
      vertex 3.85921 -7.32878 0.389999
      vertex 3.84337 -7.31361 0.389999
    endloop
  endfacet
  facet normal -0.691668 -0.722216 -0
    outer loop
      vertex 3.85921 -7.32878 0.389999
      vertex 3.84337 -7.31361 0
      vertex 3.85921 -7.32878 0
    endloop
  endfacet
  facet normal -0.683865 -0.729609 0
    outer loop
      vertex 3.82742 -7.29866 0
      vertex 3.84337 -7.31361 0.389999
      vertex 3.82742 -7.29866 0.389999
    endloop
  endfacet
  facet normal -0.683865 -0.729609 -0
    outer loop
      vertex 3.84337 -7.31361 0.389999
      vertex 3.82742 -7.29866 0
      vertex 3.84337 -7.31361 0
    endloop
  endfacet
  facet normal -0.678051 -0.735015 0
    outer loop
      vertex 3.81142 -7.2839 0
      vertex 3.82742 -7.29866 0.389999
      vertex 3.81142 -7.2839 0.389999
    endloop
  endfacet
  facet normal -0.678051 -0.735015 -0
    outer loop
      vertex 3.82742 -7.29866 0.389999
      vertex 3.81142 -7.2839 0
      vertex 3.82742 -7.29866 0
    endloop
  endfacet
  facet normal -0.670286 -0.742103 0
    outer loop
      vertex 3.7953 -7.26934 0
      vertex 3.81142 -7.2839 0.389999
      vertex 3.7953 -7.26934 0.389999
    endloop
  endfacet
  facet normal -0.670286 -0.742103 -0
    outer loop
      vertex 3.81142 -7.2839 0.389999
      vertex 3.7953 -7.26934 0
      vertex 3.81142 -7.2839 0
    endloop
  endfacet
  facet normal -0.66574 -0.746184 0
    outer loop
      vertex 3.77916 -7.25494 0
      vertex 3.7953 -7.26934 0.389999
      vertex 3.77916 -7.25494 0.389999
    endloop
  endfacet
  facet normal -0.66574 -0.746184 -0
    outer loop
      vertex 3.7953 -7.26934 0.389999
      vertex 3.77916 -7.25494 0
      vertex 3.7953 -7.26934 0
    endloop
  endfacet
  facet normal -0.662864 -0.74874 0
    outer loop
      vertex 3.76303 -7.24066 0
      vertex 3.77916 -7.25494 0.389999
      vertex 3.76303 -7.24066 0.389999
    endloop
  endfacet
  facet normal -0.662864 -0.74874 -0
    outer loop
      vertex 3.77916 -7.25494 0.389999
      vertex 3.76303 -7.24066 0
      vertex 3.77916 -7.25494 0
    endloop
  endfacet
  facet normal -0.659923 -0.751333 0
    outer loop
      vertex 3.74692 -7.22651 0
      vertex 3.76303 -7.24066 0.389999
      vertex 3.74692 -7.22651 0.389999
    endloop
  endfacet
  facet normal -0.659923 -0.751333 -0
    outer loop
      vertex 3.76303 -7.24066 0.389999
      vertex 3.74692 -7.22651 0
      vertex 3.76303 -7.24066 0
    endloop
  endfacet
  facet normal -0.657244 -0.753678 0
    outer loop
      vertex 3.73082 -7.21247 0
      vertex 3.74692 -7.22651 0.389999
      vertex 3.73082 -7.21247 0.389999
    endloop
  endfacet
  facet normal -0.657244 -0.753678 -0
    outer loop
      vertex 3.74692 -7.22651 0.389999
      vertex 3.73082 -7.21247 0
      vertex 3.74692 -7.22651 0
    endloop
  endfacet
  facet normal -0.653963 -0.756527 0
    outer loop
      vertex 3.71474 -7.19857 0
      vertex 3.73082 -7.21247 0.389999
      vertex 3.71474 -7.19857 0.389999
    endloop
  endfacet
  facet normal -0.653963 -0.756527 -0
    outer loop
      vertex 3.73082 -7.21247 0.389999
      vertex 3.71474 -7.19857 0
      vertex 3.73082 -7.21247 0
    endloop
  endfacet
  facet normal -0.650908 -0.759156 0
    outer loop
      vertex 3.69868 -7.1848 0
      vertex 3.71474 -7.19857 0.389999
      vertex 3.69868 -7.1848 0.389999
    endloop
  endfacet
  facet normal -0.650908 -0.759156 -0
    outer loop
      vertex 3.71474 -7.19857 0.389999
      vertex 3.69868 -7.1848 0
      vertex 3.71474 -7.19857 0
    endloop
  endfacet
  facet normal -0.648599 -0.76113 0
    outer loop
      vertex 3.68265 -7.17114 0
      vertex 3.69868 -7.1848 0.389999
      vertex 3.68265 -7.17114 0.389999
    endloop
  endfacet
  facet normal -0.648599 -0.76113 -0
    outer loop
      vertex 3.69868 -7.1848 0.389999
      vertex 3.68265 -7.17114 0
      vertex 3.69868 -7.1848 0
    endloop
  endfacet
  facet normal -0.645323 -0.76391 0
    outer loop
      vertex 3.66661 -7.15759 0
      vertex 3.68265 -7.17114 0.389999
      vertex 3.66661 -7.15759 0.389999
    endloop
  endfacet
  facet normal -0.645323 -0.76391 -0
    outer loop
      vertex 3.68265 -7.17114 0.389999
      vertex 3.66661 -7.15759 0
      vertex 3.68265 -7.17114 0
    endloop
  endfacet
  facet normal -0.642113 -0.76661 0
    outer loop
      vertex 3.6506 -7.14418 0
      vertex 3.66661 -7.15759 0.389999
      vertex 3.6506 -7.14418 0.389999
    endloop
  endfacet
  facet normal -0.642113 -0.76661 -0
    outer loop
      vertex 3.66661 -7.15759 0.389999
      vertex 3.6506 -7.14418 0
      vertex 3.66661 -7.15759 0
    endloop
  endfacet
  facet normal -0.639663 -0.768655 0
    outer loop
      vertex 3.63463 -7.13089 0
      vertex 3.6506 -7.14418 0.389999
      vertex 3.63463 -7.13089 0.389999
    endloop
  endfacet
  facet normal -0.639663 -0.768655 -0
    outer loop
      vertex 3.6506 -7.14418 0.389999
      vertex 3.63463 -7.13089 0
      vertex 3.6506 -7.14418 0
    endloop
  endfacet
  facet normal -0.635995 -0.771693 0
    outer loop
      vertex 3.61865 -7.11772 0
      vertex 3.63463 -7.13089 0.389999
      vertex 3.61865 -7.11772 0.389999
    endloop
  endfacet
  facet normal -0.635995 -0.771693 -0
    outer loop
      vertex 3.63463 -7.13089 0.389999
      vertex 3.61865 -7.11772 0
      vertex 3.63463 -7.13089 0
    endloop
  endfacet
  facet normal -0.632894 -0.774239 0
    outer loop
      vertex 3.60271 -7.10469 0
      vertex 3.61865 -7.11772 0.389999
      vertex 3.60271 -7.10469 0.389999
    endloop
  endfacet
  facet normal -0.632894 -0.774239 -0
    outer loop
      vertex 3.61865 -7.11772 0.389999
      vertex 3.60271 -7.10469 0
      vertex 3.61865 -7.11772 0
    endloop
  endfacet
  facet normal -0.62973 -0.776814 0
    outer loop
      vertex 3.58676 -7.09176 0
      vertex 3.60271 -7.10469 0.389999
      vertex 3.58676 -7.09176 0.389999
    endloop
  endfacet
  facet normal -0.62973 -0.776814 -0
    outer loop
      vertex 3.60271 -7.10469 0.389999
      vertex 3.58676 -7.09176 0
      vertex 3.60271 -7.10469 0
    endloop
  endfacet
  facet normal -0.626843 -0.779146 0
    outer loop
      vertex 3.57085 -7.07896 0
      vertex 3.58676 -7.09176 0.389999
      vertex 3.57085 -7.07896 0.389999
    endloop
  endfacet
  facet normal -0.626843 -0.779146 -0
    outer loop
      vertex 3.58676 -7.09176 0.389999
      vertex 3.57085 -7.07896 0
      vertex 3.58676 -7.09176 0
    endloop
  endfacet
  facet normal -0.622893 -0.782307 0
    outer loop
      vertex 3.55495 -7.0663 0
      vertex 3.57085 -7.07896 0.389999
      vertex 3.55495 -7.0663 0.389999
    endloop
  endfacet
  facet normal -0.622893 -0.782307 -0
    outer loop
      vertex 3.57085 -7.07896 0.389999
      vertex 3.55495 -7.0663 0
      vertex 3.57085 -7.07896 0
    endloop
  endfacet
  facet normal -0.620108 -0.784516 0
    outer loop
      vertex 3.53906 -7.05374 0
      vertex 3.55495 -7.0663 0.389999
      vertex 3.53906 -7.05374 0.389999
    endloop
  endfacet
  facet normal -0.620108 -0.784516 -0
    outer loop
      vertex 3.55495 -7.0663 0.389999
      vertex 3.53906 -7.05374 0
      vertex 3.55495 -7.0663 0
    endloop
  endfacet
  facet normal -0.616711 -0.78719 0
    outer loop
      vertex 3.50743 -7.02896 0
      vertex 3.53906 -7.05374 0.389999
      vertex 3.50743 -7.02896 0.389999
    endloop
  endfacet
  facet normal -0.616711 -0.78719 -0
    outer loop
      vertex 3.53906 -7.05374 0.389999
      vertex 3.50743 -7.02896 0
      vertex 3.53906 -7.05374 0
    endloop
  endfacet
  facet normal -0.622608 -0.782534 0
    outer loop
      vertex 3.49187 -7.01658 0
      vertex 3.50743 -7.02896 0.389999
      vertex 3.49187 -7.01658 0.389999
    endloop
  endfacet
  facet normal -0.622608 -0.782534 -0
    outer loop
      vertex 3.50743 -7.02896 0.389999
      vertex 3.49187 -7.01658 0
      vertex 3.50743 -7.02896 0
    endloop
  endfacet
  facet normal -0.625929 -0.77988 0
    outer loop
      vertex 3.47647 -7.00422 0
      vertex 3.49187 -7.01658 0.389999
      vertex 3.47647 -7.00422 0.389999
    endloop
  endfacet
  facet normal -0.625929 -0.77988 -0
    outer loop
      vertex 3.49187 -7.01658 0.389999
      vertex 3.47647 -7.00422 0
      vertex 3.49187 -7.01658 0
    endloop
  endfacet
  facet normal -0.630151 -0.776473 0
    outer loop
      vertex 3.46124 -6.99186 0
      vertex 3.47647 -7.00422 0.389999
      vertex 3.46124 -6.99186 0.389999
    endloop
  endfacet
  facet normal -0.630151 -0.776473 -0
    outer loop
      vertex 3.47647 -7.00422 0.389999
      vertex 3.46124 -6.99186 0
      vertex 3.47647 -7.00422 0
    endloop
  endfacet
  facet normal -0.635473 -0.772123 0
    outer loop
      vertex 3.44621 -6.97949 0
      vertex 3.46124 -6.99186 0.389999
      vertex 3.44621 -6.97949 0.389999
    endloop
  endfacet
  facet normal -0.635473 -0.772123 -0
    outer loop
      vertex 3.46124 -6.99186 0.389999
      vertex 3.44621 -6.97949 0
      vertex 3.46124 -6.99186 0
    endloop
  endfacet
  facet normal -0.639472 -0.768815 0
    outer loop
      vertex 3.43135 -6.96713 0
      vertex 3.44621 -6.97949 0.389999
      vertex 3.43135 -6.96713 0.389999
    endloop
  endfacet
  facet normal -0.639472 -0.768815 -0
    outer loop
      vertex 3.44621 -6.97949 0.389999
      vertex 3.43135 -6.96713 0
      vertex 3.44621 -6.97949 0
    endloop
  endfacet
  facet normal -0.644072 -0.764965 0
    outer loop
      vertex 3.41667 -6.95477 0
      vertex 3.43135 -6.96713 0.389999
      vertex 3.41667 -6.95477 0.389999
    endloop
  endfacet
  facet normal -0.644072 -0.764965 -0
    outer loop
      vertex 3.43135 -6.96713 0.389999
      vertex 3.41667 -6.95477 0
      vertex 3.43135 -6.96713 0
    endloop
  endfacet
  facet normal -0.64984 -0.760071 0
    outer loop
      vertex 3.40219 -6.94239 0
      vertex 3.41667 -6.95477 0.389999
      vertex 3.40219 -6.94239 0.389999
    endloop
  endfacet
  facet normal -0.64984 -0.760071 -0
    outer loop
      vertex 3.41667 -6.95477 0.389999
      vertex 3.40219 -6.94239 0
      vertex 3.41667 -6.95477 0
    endloop
  endfacet
  facet normal -0.653661 -0.756787 0
    outer loop
      vertex 3.38788 -6.93003 0
      vertex 3.40219 -6.94239 0.389999
      vertex 3.38788 -6.93003 0.389999
    endloop
  endfacet
  facet normal -0.653661 -0.756787 -0
    outer loop
      vertex 3.40219 -6.94239 0.389999
      vertex 3.38788 -6.93003 0
      vertex 3.40219 -6.94239 0
    endloop
  endfacet
  facet normal -0.657787 -0.753204 0
    outer loop
      vertex 3.37375 -6.91769 0
      vertex 3.38788 -6.93003 0.389999
      vertex 3.37375 -6.91769 0.389999
    endloop
  endfacet
  facet normal -0.657787 -0.753204 -0
    outer loop
      vertex 3.38788 -6.93003 0.389999
      vertex 3.37375 -6.91769 0
      vertex 3.38788 -6.93003 0
    endloop
  endfacet
  facet normal -0.663465 -0.748208 0
    outer loop
      vertex 3.3598 -6.90532 0
      vertex 3.37375 -6.91769 0.389999
      vertex 3.3598 -6.90532 0.389999
    endloop
  endfacet
  facet normal -0.663465 -0.748208 -0
    outer loop
      vertex 3.37375 -6.91769 0.389999
      vertex 3.3598 -6.90532 0
      vertex 3.37375 -6.91769 0
    endloop
  endfacet
  facet normal -0.668248 -0.743939 0
    outer loop
      vertex 3.34604 -6.89296 0
      vertex 3.3598 -6.90532 0.389999
      vertex 3.34604 -6.89296 0.389999
    endloop
  endfacet
  facet normal -0.668248 -0.743939 -0
    outer loop
      vertex 3.3598 -6.90532 0.389999
      vertex 3.34604 -6.89296 0
      vertex 3.3598 -6.90532 0
    endloop
  endfacet
  facet normal -0.673106 -0.739546 0
    outer loop
      vertex 3.33246 -6.8806 0
      vertex 3.34604 -6.89296 0.389999
      vertex 3.33246 -6.8806 0.389999
    endloop
  endfacet
  facet normal -0.673106 -0.739546 -0
    outer loop
      vertex 3.34604 -6.89296 0.389999
      vertex 3.33246 -6.8806 0
      vertex 3.34604 -6.89296 0
    endloop
  endfacet
  facet normal -0.678326 -0.734761 0
    outer loop
      vertex 3.31905 -6.86822 0
      vertex 3.33246 -6.8806 0.389999
      vertex 3.31905 -6.86822 0.389999
    endloop
  endfacet
  facet normal -0.678326 -0.734761 -0
    outer loop
      vertex 3.33246 -6.8806 0.389999
      vertex 3.31905 -6.86822 0
      vertex 3.33246 -6.8806 0
    endloop
  endfacet
  facet normal -0.682948 -0.730467 0
    outer loop
      vertex 3.30583 -6.85586 0
      vertex 3.31905 -6.86822 0.389999
      vertex 3.30583 -6.85586 0.389999
    endloop
  endfacet
  facet normal -0.682948 -0.730467 -0
    outer loop
      vertex 3.31905 -6.86822 0.389999
      vertex 3.30583 -6.85586 0
      vertex 3.31905 -6.86822 0
    endloop
  endfacet
  facet normal -0.688208 -0.725514 0
    outer loop
      vertex 3.2928 -6.8435 0
      vertex 3.30583 -6.85586 0.389999
      vertex 3.2928 -6.8435 0.389999
    endloop
  endfacet
  facet normal -0.688208 -0.725514 -0
    outer loop
      vertex 3.30583 -6.85586 0.389999
      vertex 3.2928 -6.8435 0
      vertex 3.30583 -6.85586 0
    endloop
  endfacet
  facet normal -0.693243 -0.720704 0
    outer loop
      vertex 3.27994 -6.83113 0
      vertex 3.2928 -6.8435 0.389999
      vertex 3.27994 -6.83113 0.389999
    endloop
  endfacet
  facet normal -0.693243 -0.720704 -0
    outer loop
      vertex 3.2928 -6.8435 0.389999
      vertex 3.27994 -6.83113 0
      vertex 3.2928 -6.8435 0
    endloop
  endfacet
  facet normal -0.70115 -0.713014 0
    outer loop
      vertex 3.26732 -6.81872 0
      vertex 3.27994 -6.83113 0.389999
      vertex 3.26732 -6.81872 0.389999
    endloop
  endfacet
  facet normal -0.70115 -0.713014 -0
    outer loop
      vertex 3.27994 -6.83113 0.389999
      vertex 3.26732 -6.81872 0
      vertex 3.27994 -6.83113 0
    endloop
  endfacet
  facet normal -0.710805 -0.703389 0
    outer loop
      vertex 3.26732 -6.81872 0
      vertex 3.25499 -6.80626 0.389999
      vertex 3.25499 -6.80626 0
    endloop
  endfacet
  facet normal -0.710805 -0.703389 0
    outer loop
      vertex 3.25499 -6.80626 0.389999
      vertex 3.26732 -6.81872 0
      vertex 3.26732 -6.81872 0.389999
    endloop
  endfacet
  facet normal -0.72133 -0.692592 0
    outer loop
      vertex 3.25499 -6.80626 0
      vertex 3.24294 -6.79371 0.389999
      vertex 3.24294 -6.79371 0
    endloop
  endfacet
  facet normal -0.72133 -0.692592 0
    outer loop
      vertex 3.24294 -6.79371 0.389999
      vertex 3.25499 -6.80626 0
      vertex 3.25499 -6.80626 0.389999
    endloop
  endfacet
  facet normal -0.731884 -0.681429 0
    outer loop
      vertex 3.24294 -6.79371 0
      vertex 3.23119 -6.78109 0.389999
      vertex 3.23119 -6.78109 0
    endloop
  endfacet
  facet normal -0.731884 -0.681429 0
    outer loop
      vertex 3.23119 -6.78109 0.389999
      vertex 3.24294 -6.79371 0
      vertex 3.24294 -6.79371 0.389999
    endloop
  endfacet
  facet normal -0.741314 -0.671158 0
    outer loop
      vertex 3.23119 -6.78109 0
      vertex 3.21971 -6.76841 0.389999
      vertex 3.21971 -6.76841 0
    endloop
  endfacet
  facet normal -0.741314 -0.671158 0
    outer loop
      vertex 3.21971 -6.76841 0.389999
      vertex 3.23119 -6.78109 0
      vertex 3.23119 -6.78109 0.389999
    endloop
  endfacet
  facet normal -0.751882 -0.659297 0
    outer loop
      vertex 3.21971 -6.76841 0
      vertex 3.20853 -6.75566 0.389999
      vertex 3.20853 -6.75566 0
    endloop
  endfacet
  facet normal -0.751882 -0.659297 0
    outer loop
      vertex 3.20853 -6.75566 0.389999
      vertex 3.21971 -6.76841 0
      vertex 3.21971 -6.76841 0.389999
    endloop
  endfacet
  facet normal -0.761851 -0.647752 0
    outer loop
      vertex 3.20853 -6.75566 0
      vertex 3.19763 -6.74284 0.389999
      vertex 3.19763 -6.74284 0
    endloop
  endfacet
  facet normal -0.761851 -0.647752 0
    outer loop
      vertex 3.19763 -6.74284 0.389999
      vertex 3.20853 -6.75566 0
      vertex 3.20853 -6.75566 0.389999
    endloop
  endfacet
  facet normal -0.771792 -0.635875 0
    outer loop
      vertex 3.19763 -6.74284 0
      vertex 3.18701 -6.72995 0.389999
      vertex 3.18701 -6.72995 0
    endloop
  endfacet
  facet normal -0.771792 -0.635875 0
    outer loop
      vertex 3.18701 -6.72995 0.389999
      vertex 3.19763 -6.74284 0
      vertex 3.19763 -6.74284 0.389999
    endloop
  endfacet
  facet normal -0.782808 -0.622263 0
    outer loop
      vertex 3.18701 -6.72995 0
      vertex 3.1767 -6.71698 0.389999
      vertex 3.1767 -6.71698 0
    endloop
  endfacet
  facet normal -0.782808 -0.622263 0
    outer loop
      vertex 3.1767 -6.71698 0.389999
      vertex 3.18701 -6.72995 0
      vertex 3.18701 -6.72995 0.389999
    endloop
  endfacet
  facet normal -0.792127 -0.610357 0
    outer loop
      vertex 3.1767 -6.71698 0
      vertex 3.16666 -6.70395 0.389999
      vertex 3.16666 -6.70395 0
    endloop
  endfacet
  facet normal -0.792127 -0.610357 0
    outer loop
      vertex 3.16666 -6.70395 0.389999
      vertex 3.1767 -6.71698 0
      vertex 3.1767 -6.71698 0.389999
    endloop
  endfacet
  facet normal -0.80271 -0.596369 0
    outer loop
      vertex 3.16666 -6.70395 0
      vertex 3.15692 -6.69084 0.389999
      vertex 3.15692 -6.69084 0
    endloop
  endfacet
  facet normal -0.80271 -0.596369 0
    outer loop
      vertex 3.15692 -6.69084 0.389999
      vertex 3.16666 -6.70395 0
      vertex 3.16666 -6.70395 0.389999
    endloop
  endfacet
  facet normal -0.812189 -0.583395 0
    outer loop
      vertex 3.15692 -6.69084 0
      vertex 3.14746 -6.67767 0.389999
      vertex 3.14746 -6.67767 0
    endloop
  endfacet
  facet normal -0.812189 -0.583395 0
    outer loop
      vertex 3.14746 -6.67767 0.389999
      vertex 3.15692 -6.69084 0
      vertex 3.15692 -6.69084 0.389999
    endloop
  endfacet
  facet normal -0.822192 -0.56921 0
    outer loop
      vertex 3.14746 -6.67767 0
      vertex 3.13828 -6.66441 0.389999
      vertex 3.13828 -6.66441 0
    endloop
  endfacet
  facet normal -0.822192 -0.56921 0
    outer loop
      vertex 3.13828 -6.66441 0.389999
      vertex 3.14746 -6.67767 0
      vertex 3.14746 -6.67767 0.389999
    endloop
  endfacet
  facet normal -0.831569 -0.555421 0
    outer loop
      vertex 3.13828 -6.66441 0
      vertex 3.12939 -6.6511 0.389999
      vertex 3.12939 -6.6511 0
    endloop
  endfacet
  facet normal -0.831569 -0.555421 0
    outer loop
      vertex 3.12939 -6.6511 0.389999
      vertex 3.13828 -6.66441 0
      vertex 3.13828 -6.66441 0.389999
    endloop
  endfacet
  facet normal -0.841505 -0.540249 0
    outer loop
      vertex 3.12939 -6.6511 0
      vertex 3.1208 -6.63772 0.389999
      vertex 3.1208 -6.63772 0
    endloop
  endfacet
  facet normal -0.841505 -0.540249 0
    outer loop
      vertex 3.1208 -6.63772 0.389999
      vertex 3.12939 -6.6511 0
      vertex 3.12939 -6.6511 0.389999
    endloop
  endfacet
  facet normal -0.850898 -0.525331 0
    outer loop
      vertex 3.1208 -6.63772 0
      vertex 3.11249 -6.62426 0.389999
      vertex 3.11249 -6.62426 0
    endloop
  endfacet
  facet normal -0.850898 -0.525331 0
    outer loop
      vertex 3.11249 -6.62426 0.389999
      vertex 3.1208 -6.63772 0
      vertex 3.1208 -6.63772 0.389999
    endloop
  endfacet
  facet normal -0.859951 -0.510377 0
    outer loop
      vertex 3.11249 -6.62426 0
      vertex 3.10446 -6.61073 0.389999
      vertex 3.10446 -6.61073 0
    endloop
  endfacet
  facet normal -0.859951 -0.510377 0
    outer loop
      vertex 3.10446 -6.61073 0.389999
      vertex 3.11249 -6.62426 0
      vertex 3.11249 -6.62426 0.389999
    endloop
  endfacet
  facet normal -0.872919 -0.487864 0
    outer loop
      vertex 3.10446 -6.61073 0
      vertex 3.09682 -6.59706 0.389999
      vertex 3.09682 -6.59706 0
    endloop
  endfacet
  facet normal -0.872919 -0.487864 0
    outer loop
      vertex 3.09682 -6.59706 0.389999
      vertex 3.10446 -6.61073 0
      vertex 3.10446 -6.61073 0.389999
    endloop
  endfacet
  facet normal -0.887803 -0.460224 0
    outer loop
      vertex 3.09682 -6.59706 0
      vertex 3.08963 -6.58319 0.389999
      vertex 3.08963 -6.58319 0
    endloop
  endfacet
  facet normal -0.887803 -0.460224 0
    outer loop
      vertex 3.08963 -6.58319 0.389999
      vertex 3.09682 -6.59706 0
      vertex 3.09682 -6.59706 0.389999
    endloop
  endfacet
  facet normal -0.902967 -0.42971 0
    outer loop
      vertex 3.08963 -6.58319 0
      vertex 3.08292 -6.56909 0.389999
      vertex 3.08292 -6.56909 0
    endloop
  endfacet
  facet normal -0.902967 -0.42971 0
    outer loop
      vertex 3.08292 -6.56909 0.389999
      vertex 3.08963 -6.58319 0
      vertex 3.08963 -6.58319 0.389999
    endloop
  endfacet
  facet normal -0.916069 -0.40102 0
    outer loop
      vertex 3.08292 -6.56909 0
      vertex 3.07666 -6.55479 0.389999
      vertex 3.07666 -6.55479 0
    endloop
  endfacet
  facet normal -0.916069 -0.40102 0
    outer loop
      vertex 3.07666 -6.55479 0.389999
      vertex 3.08292 -6.56909 0
      vertex 3.08292 -6.56909 0.389999
    endloop
  endfacet
  facet normal -0.928565 -0.37117 0
    outer loop
      vertex 3.07666 -6.55479 0
      vertex 3.07086 -6.54028 0.389999
      vertex 3.07086 -6.54028 0
    endloop
  endfacet
  facet normal -0.928565 -0.37117 0
    outer loop
      vertex 3.07086 -6.54028 0.389999
      vertex 3.07666 -6.55479 0
      vertex 3.07666 -6.55479 0.389999
    endloop
  endfacet
  facet normal -0.940537 -0.339692 0
    outer loop
      vertex 3.07086 -6.54028 0
      vertex 3.06554 -6.52555 0.389999
      vertex 3.06554 -6.52555 0
    endloop
  endfacet
  facet normal -0.940537 -0.339692 0
    outer loop
      vertex 3.06554 -6.52555 0.389999
      vertex 3.07086 -6.54028 0
      vertex 3.07086 -6.54028 0.389999
    endloop
  endfacet
  facet normal -0.950701 -0.310108 0
    outer loop
      vertex 3.06554 -6.52555 0
      vertex 3.06067 -6.51062 0.389999
      vertex 3.06067 -6.51062 0
    endloop
  endfacet
  facet normal -0.950701 -0.310108 0
    outer loop
      vertex 3.06067 -6.51062 0.389999
      vertex 3.06554 -6.52555 0
      vertex 3.06554 -6.52555 0.389999
    endloop
  endfacet
  facet normal -0.960198 -0.279319 0
    outer loop
      vertex 3.06067 -6.51062 0
      vertex 3.05626 -6.49546 0.389999
      vertex 3.05626 -6.49546 0
    endloop
  endfacet
  facet normal -0.960198 -0.279319 0
    outer loop
      vertex 3.05626 -6.49546 0.389999
      vertex 3.06067 -6.51062 0
      vertex 3.06067 -6.51062 0.389999
    endloop
  endfacet
  facet normal -0.968602 -0.248618 0
    outer loop
      vertex 3.05626 -6.49546 0
      vertex 3.05232 -6.48011 0.389999
      vertex 3.05232 -6.48011 0
    endloop
  endfacet
  facet normal -0.968602 -0.248618 0
    outer loop
      vertex 3.05232 -6.48011 0.389999
      vertex 3.05626 -6.49546 0
      vertex 3.05626 -6.49546 0.389999
    endloop
  endfacet
  facet normal -0.975951 -0.217992 0
    outer loop
      vertex 3.05232 -6.48011 0
      vertex 3.04884 -6.46453 0.389999
      vertex 3.04884 -6.46453 0
    endloop
  endfacet
  facet normal -0.975951 -0.217992 0
    outer loop
      vertex 3.04884 -6.46453 0.389999
      vertex 3.05232 -6.48011 0
      vertex 3.05232 -6.48011 0.389999
    endloop
  endfacet
  facet normal -0.982382 -0.186883 0
    outer loop
      vertex 3.04884 -6.46453 0
      vertex 3.04584 -6.44876 0.389999
      vertex 3.04584 -6.44876 0
    endloop
  endfacet
  facet normal -0.982382 -0.186883 0
    outer loop
      vertex 3.04584 -6.44876 0.389999
      vertex 3.04884 -6.46453 0
      vertex 3.04884 -6.46453 0.389999
    endloop
  endfacet
  facet normal -0.987521 -0.157485 0
    outer loop
      vertex 3.04584 -6.44876 0
      vertex 3.04329 -6.43277 0.389999
      vertex 3.04329 -6.43277 0
    endloop
  endfacet
  facet normal -0.987521 -0.157485 0
    outer loop
      vertex 3.04329 -6.43277 0.389999
      vertex 3.04584 -6.44876 0
      vertex 3.04584 -6.44876 0.389999
    endloop
  endfacet
  facet normal -0.99177 -0.12803 0
    outer loop
      vertex 3.04329 -6.43277 0
      vertex 3.0412 -6.41658 0.389999
      vertex 3.0412 -6.41658 0
    endloop
  endfacet
  facet normal -0.99177 -0.12803 0
    outer loop
      vertex 3.0412 -6.41658 0.389999
      vertex 3.04329 -6.43277 0
      vertex 3.04329 -6.43277 0.389999
    endloop
  endfacet
  facet normal -0.995168 -0.0981835 0
    outer loop
      vertex 3.0412 -6.41658 0
      vertex 3.03958 -6.40016 0.389999
      vertex 3.03958 -6.40016 0
    endloop
  endfacet
  facet normal -0.995168 -0.0981835 0
    outer loop
      vertex 3.03958 -6.40016 0.389999
      vertex 3.0412 -6.41658 0
      vertex 3.0412 -6.41658 0.389999
    endloop
  endfacet
  facet normal -0.997573 -0.069626 0
    outer loop
      vertex 3.03958 -6.40016 0
      vertex 3.03842 -6.38354 0.389999
      vertex 3.03842 -6.38354 0
    endloop
  endfacet
  facet normal -0.997573 -0.069626 0
    outer loop
      vertex 3.03842 -6.38354 0.389999
      vertex 3.03958 -6.40016 0
      vertex 3.03958 -6.40016 0.389999
    endloop
  endfacet
  facet normal -0.999137 -0.0415318 0
    outer loop
      vertex 3.03842 -6.38354 0
      vertex 3.03772 -6.3667 0.389999
      vertex 3.03772 -6.3667 0
    endloop
  endfacet
  facet normal -0.999137 -0.0415318 0
    outer loop
      vertex 3.03772 -6.3667 0.389999
      vertex 3.03842 -6.38354 0
      vertex 3.03842 -6.38354 0.389999
    endloop
  endfacet
  facet normal -0.999909 -0.0134885 0
    outer loop
      vertex 3.03772 -6.3667 0
      vertex 3.03749 -6.34965 0.389999
      vertex 3.03749 -6.34965 0
    endloop
  endfacet
  facet normal -0.999909 -0.0134885 0
    outer loop
      vertex 3.03749 -6.34965 0.389999
      vertex 3.03772 -6.3667 0
      vertex 3.03772 -6.3667 0.389999
    endloop
  endfacet
  facet normal -0.999847 0.0175181 0
    outer loop
      vertex 3.03749 -6.34965 0
      vertex 3.03789 -6.32682 0.389999
      vertex 3.03789 -6.32682 0
    endloop
  endfacet
  facet normal -0.999847 0.0175181 0
    outer loop
      vertex 3.03789 -6.32682 0.389999
      vertex 3.03749 -6.34965 0
      vertex 3.03749 -6.34965 0.389999
    endloop
  endfacet
  facet normal -0.998544 0.053951 0
    outer loop
      vertex 3.03789 -6.32682 0
      vertex 3.03909 -6.30461 0.389999
      vertex 3.03909 -6.30461 0
    endloop
  endfacet
  facet normal -0.998544 0.053951 0
    outer loop
      vertex 3.03909 -6.30461 0.389999
      vertex 3.03789 -6.32682 0
      vertex 3.03789 -6.32682 0.389999
    endloop
  endfacet
  facet normal -0.995791 0.091657 0
    outer loop
      vertex 3.03909 -6.30461 0
      vertex 3.04108 -6.28299 0.389999
      vertex 3.04108 -6.28299 0
    endloop
  endfacet
  facet normal -0.995791 0.091657 0
    outer loop
      vertex 3.04108 -6.28299 0.389999
      vertex 3.03909 -6.30461 0
      vertex 3.03909 -6.30461 0.389999
    endloop
  endfacet
  facet normal -0.99129 0.1317 0
    outer loop
      vertex 3.04108 -6.28299 0
      vertex 3.04387 -6.26199 0.389999
      vertex 3.04387 -6.26199 0
    endloop
  endfacet
  facet normal -0.99129 0.1317 0
    outer loop
      vertex 3.04387 -6.26199 0.389999
      vertex 3.04108 -6.28299 0
      vertex 3.04108 -6.28299 0.389999
    endloop
  endfacet
  facet normal -0.984784 0.173785 0
    outer loop
      vertex 3.04387 -6.26199 0
      vertex 3.04747 -6.24159 0.389999
      vertex 3.04747 -6.24159 0
    endloop
  endfacet
  facet normal -0.984784 0.173785 0
    outer loop
      vertex 3.04747 -6.24159 0.389999
      vertex 3.04387 -6.26199 0
      vertex 3.04387 -6.26199 0.389999
    endloop
  endfacet
  facet normal -0.976349 0.216199 0
    outer loop
      vertex 3.04747 -6.24159 0
      vertex 3.05185 -6.22181 0.389999
      vertex 3.05185 -6.22181 0
    endloop
  endfacet
  facet normal -0.976349 0.216199 0
    outer loop
      vertex 3.05185 -6.22181 0.389999
      vertex 3.04747 -6.24159 0
      vertex 3.04747 -6.24159 0.389999
    endloop
  endfacet
  facet normal -0.965285 0.261201 0
    outer loop
      vertex 3.05185 -6.22181 0
      vertex 3.05704 -6.20263 0.389999
      vertex 3.05704 -6.20263 0
    endloop
  endfacet
  facet normal -0.965285 0.261201 0
    outer loop
      vertex 3.05704 -6.20263 0.389999
      vertex 3.05185 -6.22181 0
      vertex 3.05185 -6.22181 0.389999
    endloop
  endfacet
  facet normal -0.951767 0.306823 0
    outer loop
      vertex 3.05704 -6.20263 0
      vertex 3.06302 -6.18408 0.389999
      vertex 3.06302 -6.18408 0
    endloop
  endfacet
  facet normal -0.951767 0.306823 0
    outer loop
      vertex 3.06302 -6.18408 0.389999
      vertex 3.05704 -6.20263 0
      vertex 3.05704 -6.20263 0.389999
    endloop
  endfacet
  facet normal -0.935384 0.353634 0
    outer loop
      vertex 3.06302 -6.18408 0
      vertex 3.06981 -6.16612 0.389999
      vertex 3.06981 -6.16612 0
    endloop
  endfacet
  facet normal -0.935384 0.353634 0
    outer loop
      vertex 3.06981 -6.16612 0.389999
      vertex 3.06302 -6.18408 0
      vertex 3.06302 -6.18408 0.389999
    endloop
  endfacet
  facet normal -0.916279 0.400542 0
    outer loop
      vertex 3.06981 -6.16612 0
      vertex 3.07739 -6.14878 0.389999
      vertex 3.07739 -6.14878 0
    endloop
  endfacet
  facet normal -0.916279 0.400542 0
    outer loop
      vertex 3.07739 -6.14878 0.389999
      vertex 3.06981 -6.16612 0
      vertex 3.06981 -6.16612 0.389999
    endloop
  endfacet
  facet normal -0.893999 0.448069 0
    outer loop
      vertex 3.07739 -6.14878 0
      vertex 3.08577 -6.13206 0.389999
      vertex 3.08577 -6.13206 0
    endloop
  endfacet
  facet normal -0.893999 0.448069 0
    outer loop
      vertex 3.08577 -6.13206 0.389999
      vertex 3.07739 -6.14878 0
      vertex 3.07739 -6.14878 0.389999
    endloop
  endfacet
  facet normal -0.869336 0.494222 0
    outer loop
      vertex 3.08577 -6.13206 0
      vertex 3.09494 -6.11593 0.389999
      vertex 3.09494 -6.11593 0
    endloop
  endfacet
  facet normal -0.869336 0.494222 0
    outer loop
      vertex 3.09494 -6.11593 0.389999
      vertex 3.08577 -6.13206 0
      vertex 3.08577 -6.13206 0.389999
    endloop
  endfacet
  facet normal -0.840791 0.541361 0
    outer loop
      vertex 3.09494 -6.11593 0
      vertex 3.10492 -6.10043 0.389999
      vertex 3.10492 -6.10043 0
    endloop
  endfacet
  facet normal -0.840791 0.541361 0
    outer loop
      vertex 3.10492 -6.10043 0.389999
      vertex 3.09494 -6.11593 0
      vertex 3.09494 -6.11593 0.389999
    endloop
  endfacet
  facet normal -0.810636 0.58555 0
    outer loop
      vertex 3.10492 -6.10043 0
      vertex 3.11569 -6.08552 0.389999
      vertex 3.11569 -6.08552 0
    endloop
  endfacet
  facet normal -0.810636 0.58555 0
    outer loop
      vertex 3.11569 -6.08552 0.389999
      vertex 3.10492 -6.10043 0
      vertex 3.10492 -6.10043 0.389999
    endloop
  endfacet
  facet normal -0.777409 0.628995 0
    outer loop
      vertex 3.11569 -6.08552 0
      vertex 3.12726 -6.07122 0.389999
      vertex 3.12726 -6.07122 0
    endloop
  endfacet
  facet normal -0.777409 0.628995 0
    outer loop
      vertex 3.12726 -6.07122 0.389999
      vertex 3.11569 -6.08552 0
      vertex 3.11569 -6.08552 0.389999
    endloop
  endfacet
  facet normal -0.741754 0.670672 0
    outer loop
      vertex 3.12726 -6.07122 0
      vertex 3.13962 -6.05755 0.389999
      vertex 3.13962 -6.05755 0
    endloop
  endfacet
  facet normal -0.741754 0.670672 0
    outer loop
      vertex 3.13962 -6.05755 0.389999
      vertex 3.12726 -6.07122 0
      vertex 3.12726 -6.07122 0.389999
    endloop
  endfacet
  facet normal -0.704407 0.709796 0
    outer loop
      vertex 3.15279 -6.04448 0
      vertex 3.13962 -6.05755 0.389999
      vertex 3.15279 -6.04448 0.389999
    endloop
  endfacet
  facet normal -0.704407 0.709796 0
    outer loop
      vertex 3.13962 -6.05755 0.389999
      vertex 3.15279 -6.04448 0
      vertex 3.13962 -6.05755 0
    endloop
  endfacet
  facet normal -0.666197 0.745775 0
    outer loop
      vertex 3.16666 -6.03209 0
      vertex 3.15279 -6.04448 0.389999
      vertex 3.16666 -6.03209 0.389999
    endloop
  endfacet
  facet normal -0.666197 0.745775 0
    outer loop
      vertex 3.15279 -6.04448 0.389999
      vertex 3.16666 -6.03209 0
      vertex 3.15279 -6.04448 0
    endloop
  endfacet
  facet normal -0.625941 0.77987 0
    outer loop
      vertex 3.18115 -6.02046 0
      vertex 3.16666 -6.03209 0.389999
      vertex 3.18115 -6.02046 0.389999
    endloop
  endfacet
  facet normal -0.625941 0.77987 0
    outer loop
      vertex 3.16666 -6.03209 0.389999
      vertex 3.18115 -6.02046 0
      vertex 3.16666 -6.03209 0
    endloop
  endfacet
  facet normal -0.584785 0.811188 0
    outer loop
      vertex 3.19627 -6.00956 0
      vertex 3.18115 -6.02046 0.389999
      vertex 3.19627 -6.00956 0.389999
    endloop
  endfacet
  facet normal -0.584785 0.811188 0
    outer loop
      vertex 3.18115 -6.02046 0.389999
      vertex 3.19627 -6.00956 0
      vertex 3.18115 -6.02046 0
    endloop
  endfacet
  facet normal -0.54119 0.840901 0
    outer loop
      vertex 3.21201 -5.99943 0
      vertex 3.19627 -6.00956 0.389999
      vertex 3.21201 -5.99943 0.389999
    endloop
  endfacet
  facet normal -0.54119 0.840901 0
    outer loop
      vertex 3.19627 -6.00956 0.389999
      vertex 3.21201 -5.99943 0
      vertex 3.19627 -6.00956 0
    endloop
  endfacet
  facet normal -0.497166 0.867655 0
    outer loop
      vertex 3.22838 -5.99005 0
      vertex 3.21201 -5.99943 0.389999
      vertex 3.22838 -5.99005 0.389999
    endloop
  endfacet
  facet normal -0.497166 0.867655 0
    outer loop
      vertex 3.21201 -5.99943 0.389999
      vertex 3.22838 -5.99005 0
      vertex 3.21201 -5.99943 0
    endloop
  endfacet
  facet normal -0.453713 0.891148 0
    outer loop
      vertex 3.24535 -5.98141 0
      vertex 3.22838 -5.99005 0.389999
      vertex 3.24535 -5.98141 0.389999
    endloop
  endfacet
  facet normal -0.453713 0.891148 0
    outer loop
      vertex 3.22838 -5.99005 0.389999
      vertex 3.24535 -5.98141 0
      vertex 3.22838 -5.99005 0
    endloop
  endfacet
  facet normal -0.409071 0.912503 0
    outer loop
      vertex 3.26295 -5.97352 0
      vertex 3.24535 -5.98141 0.389999
      vertex 3.26295 -5.97352 0.389999
    endloop
  endfacet
  facet normal -0.409071 0.912503 0
    outer loop
      vertex 3.24535 -5.98141 0.389999
      vertex 3.26295 -5.97352 0
      vertex 3.24535 -5.98141 0
    endloop
  endfacet
  facet normal -0.363629 0.931544 0
    outer loop
      vertex 3.28119 -5.9664 0
      vertex 3.26295 -5.97352 0.389999
      vertex 3.28119 -5.9664 0.389999
    endloop
  endfacet
  facet normal -0.363629 0.931544 0
    outer loop
      vertex 3.26295 -5.97352 0.389999
      vertex 3.28119 -5.9664 0
      vertex 3.26295 -5.97352 0
    endloop
  endfacet
  facet normal -0.32165 0.946858 0
    outer loop
      vertex 3.30003 -5.96 0
      vertex 3.28119 -5.9664 0.389999
      vertex 3.30003 -5.96 0.389999
    endloop
  endfacet
  facet normal -0.32165 0.946858 0
    outer loop
      vertex 3.28119 -5.9664 0.389999
      vertex 3.30003 -5.96 0
      vertex 3.28119 -5.9664 0
    endloop
  endfacet
  facet normal -0.277783 0.960644 0
    outer loop
      vertex 3.3195 -5.95437 0
      vertex 3.30003 -5.96 0.389999
      vertex 3.3195 -5.95437 0.389999
    endloop
  endfacet
  facet normal -0.277783 0.960644 0
    outer loop
      vertex 3.30003 -5.96 0.389999
      vertex 3.3195 -5.95437 0
      vertex 3.30003 -5.96 0
    endloop
  endfacet
  facet normal -0.235697 0.971827 0
    outer loop
      vertex 3.33958 -5.9495 0
      vertex 3.3195 -5.95437 0.389999
      vertex 3.33958 -5.9495 0.389999
    endloop
  endfacet
  facet normal -0.235697 0.971827 0
    outer loop
      vertex 3.3195 -5.95437 0.389999
      vertex 3.33958 -5.9495 0
      vertex 3.3195 -5.95437 0
    endloop
  endfacet
  facet normal -0.195388 0.980726 0
    outer loop
      vertex 3.36031 -5.94537 0
      vertex 3.33958 -5.9495 0.389999
      vertex 3.36031 -5.94537 0.389999
    endloop
  endfacet
  facet normal -0.195388 0.980726 0
    outer loop
      vertex 3.33958 -5.9495 0.389999
      vertex 3.36031 -5.94537 0
      vertex 3.33958 -5.9495 0
    endloop
  endfacet
  facet normal -0.156961 0.987605 0
    outer loop
      vertex 3.38164 -5.94198 0
      vertex 3.36031 -5.94537 0.389999
      vertex 3.38164 -5.94198 0.389999
    endloop
  endfacet
  facet normal -0.156961 0.987605 0
    outer loop
      vertex 3.36031 -5.94537 0.389999
      vertex 3.38164 -5.94198 0
      vertex 3.36031 -5.94537 0
    endloop
  endfacet
  facet normal -0.118521 0.992952 0
    outer loop
      vertex 3.40359 -5.93936 0
      vertex 3.38164 -5.94198 0.389999
      vertex 3.40359 -5.93936 0.389999
    endloop
  endfacet
  facet normal -0.118521 0.992952 0
    outer loop
      vertex 3.38164 -5.94198 0.389999
      vertex 3.40359 -5.93936 0
      vertex 3.38164 -5.94198 0
    endloop
  endfacet
  facet normal -0.0830089 0.996549 0
    outer loop
      vertex 3.42616 -5.93748 0
      vertex 3.40359 -5.93936 0.389999
      vertex 3.42616 -5.93748 0.389999
    endloop
  endfacet
  facet normal -0.0830089 0.996549 0
    outer loop
      vertex 3.40359 -5.93936 0.389999
      vertex 3.42616 -5.93748 0
      vertex 3.40359 -5.93936 0
    endloop
  endfacet
  facet normal -0.0486283 0.998817 0
    outer loop
      vertex 3.44937 -5.93635 0
      vertex 3.42616 -5.93748 0.389999
      vertex 3.44937 -5.93635 0.389999
    endloop
  endfacet
  facet normal -0.0486283 0.998817 0
    outer loop
      vertex 3.42616 -5.93748 0.389999
      vertex 3.44937 -5.93635 0
      vertex 3.42616 -5.93748 0
    endloop
  endfacet
  facet normal -0.0151116 0.999886 0
    outer loop
      vertex 3.47319 -5.93599 0
      vertex 3.44937 -5.93635 0.389999
      vertex 3.47319 -5.93599 0.389999
    endloop
  endfacet
  facet normal -0.0151116 0.999886 0
    outer loop
      vertex 3.44937 -5.93635 0.389999
      vertex 3.47319 -5.93599 0
      vertex 3.44937 -5.93635 0
    endloop
  endfacet
  facet normal 0.0158501 0.999874 -0
    outer loop
      vertex 3.4959 -5.93635 0
      vertex 3.47319 -5.93599 0.389999
      vertex 3.4959 -5.93635 0.389999
    endloop
  endfacet
  facet normal 0.0158501 0.999874 0
    outer loop
      vertex 3.47319 -5.93599 0.389999
      vertex 3.4959 -5.93635 0
      vertex 3.47319 -5.93599 0
    endloop
  endfacet
  facet normal 0.0494888 0.998775 -0
    outer loop
      vertex 3.5181 -5.93745 0
      vertex 3.4959 -5.93635 0.389999
      vertex 3.5181 -5.93745 0.389999
    endloop
  endfacet
  facet normal 0.0494888 0.998775 0
    outer loop
      vertex 3.4959 -5.93635 0.389999
      vertex 3.5181 -5.93745 0
      vertex 3.4959 -5.93635 0
    endloop
  endfacet
  facet normal 0.0838034 0.996482 -0
    outer loop
      vertex 3.53986 -5.93928 0
      vertex 3.5181 -5.93745 0.389999
      vertex 3.53986 -5.93928 0.389999
    endloop
  endfacet
  facet normal 0.0838034 0.996482 0
    outer loop
      vertex 3.5181 -5.93745 0.389999
      vertex 3.53986 -5.93928 0
      vertex 3.5181 -5.93745 0
    endloop
  endfacet
  facet normal 0.119495 0.992835 -0
    outer loop
      vertex 3.56113 -5.94184 0
      vertex 3.53986 -5.93928 0.389999
      vertex 3.56113 -5.94184 0.389999
    endloop
  endfacet
  facet normal 0.119495 0.992835 0
    outer loop
      vertex 3.53986 -5.93928 0.389999
      vertex 3.56113 -5.94184 0
      vertex 3.53986 -5.93928 0
    endloop
  endfacet
  facet normal 0.157694 0.987488 -0
    outer loop
      vertex 3.58192 -5.94516 0
      vertex 3.56113 -5.94184 0.389999
      vertex 3.58192 -5.94516 0.389999
    endloop
  endfacet
  facet normal 0.157694 0.987488 0
    outer loop
      vertex 3.56113 -5.94184 0.389999
      vertex 3.58192 -5.94516 0
      vertex 3.56113 -5.94184 0
    endloop
  endfacet
  facet normal 0.193981 0.981005 -0
    outer loop
      vertex 3.60225 -5.94918 0
      vertex 3.58192 -5.94516 0.389999
      vertex 3.60225 -5.94918 0.389999
    endloop
  endfacet
  facet normal 0.193981 0.981005 0
    outer loop
      vertex 3.58192 -5.94516 0.389999
      vertex 3.60225 -5.94918 0
      vertex 3.58192 -5.94516 0
    endloop
  endfacet
  facet normal 0.233651 0.972321 -0
    outer loop
      vertex 3.6221 -5.95395 0
      vertex 3.60225 -5.94918 0.389999
      vertex 3.6221 -5.95395 0.389999
    endloop
  endfacet
  facet normal 0.233651 0.972321 0
    outer loop
      vertex 3.60225 -5.94918 0.389999
      vertex 3.6221 -5.95395 0
      vertex 3.60225 -5.94918 0
    endloop
  endfacet
  facet normal 0.273016 0.962009 -0
    outer loop
      vertex 3.64148 -5.95945 0
      vertex 3.6221 -5.95395 0.389999
      vertex 3.64148 -5.95945 0.389999
    endloop
  endfacet
  facet normal 0.273016 0.962009 0
    outer loop
      vertex 3.6221 -5.95395 0.389999
      vertex 3.64148 -5.95945 0
      vertex 3.6221 -5.95395 0
    endloop
  endfacet
  facet normal 0.31321 0.949684 -0
    outer loop
      vertex 3.66037 -5.96568 0
      vertex 3.64148 -5.95945 0.389999
      vertex 3.66037 -5.96568 0.389999
    endloop
  endfacet
  facet normal 0.31321 0.949684 0
    outer loop
      vertex 3.64148 -5.95945 0.389999
      vertex 3.66037 -5.96568 0
      vertex 3.64148 -5.95945 0
    endloop
  endfacet
  facet normal 0.353904 0.935282 -0
    outer loop
      vertex 3.67879 -5.97265 0
      vertex 3.66037 -5.96568 0.389999
      vertex 3.67879 -5.97265 0.389999
    endloop
  endfacet
  facet normal 0.353904 0.935282 0
    outer loop
      vertex 3.66037 -5.96568 0.389999
      vertex 3.67879 -5.97265 0
      vertex 3.66037 -5.96568 0
    endloop
  endfacet
  facet normal 0.394475 0.918907 -0
    outer loop
      vertex 3.69675 -5.98036 0
      vertex 3.67879 -5.97265 0.389999
      vertex 3.69675 -5.98036 0.389999
    endloop
  endfacet
  facet normal 0.394475 0.918907 0
    outer loop
      vertex 3.67879 -5.97265 0.389999
      vertex 3.69675 -5.98036 0
      vertex 3.67879 -5.97265 0
    endloop
  endfacet
  facet normal 0.434172 0.90083 -0
    outer loop
      vertex 3.71422 -5.98878 0
      vertex 3.69675 -5.98036 0.389999
      vertex 3.71422 -5.98878 0.389999
    endloop
  endfacet
  facet normal 0.434172 0.90083 0
    outer loop
      vertex 3.69675 -5.98036 0.389999
      vertex 3.71422 -5.98878 0
      vertex 3.69675 -5.98036 0
    endloop
  endfacet
  facet normal 0.474748 0.880122 -0
    outer loop
      vertex 3.73122 -5.99795 0
      vertex 3.71422 -5.98878 0.389999
      vertex 3.73122 -5.99795 0.389999
    endloop
  endfacet
  facet normal 0.474748 0.880122 0
    outer loop
      vertex 3.71422 -5.98878 0.389999
      vertex 3.73122 -5.99795 0
      vertex 3.71422 -5.98878 0
    endloop
  endfacet
  facet normal 0.514038 0.857768 -0
    outer loop
      vertex 3.74774 -6.00785 0
      vertex 3.73122 -5.99795 0.389999
      vertex 3.74774 -6.00785 0.389999
    endloop
  endfacet
  facet normal 0.514038 0.857768 0
    outer loop
      vertex 3.73122 -5.99795 0.389999
      vertex 3.74774 -6.00785 0
      vertex 3.73122 -5.99795 0
    endloop
  endfacet
  facet normal 0.55278 0.833327 -0
    outer loop
      vertex 3.76378 -6.01849 0
      vertex 3.74774 -6.00785 0.389999
      vertex 3.76378 -6.01849 0.389999
    endloop
  endfacet
  facet normal 0.55278 0.833327 0
    outer loop
      vertex 3.74774 -6.00785 0.389999
      vertex 3.76378 -6.01849 0
      vertex 3.74774 -6.00785 0
    endloop
  endfacet
  facet normal 0.589497 0.807771 -0
    outer loop
      vertex 3.77936 -6.02986 0
      vertex 3.76378 -6.01849 0.389999
      vertex 3.77936 -6.02986 0.389999
    endloop
  endfacet
  facet normal 0.589497 0.807771 0
    outer loop
      vertex 3.76378 -6.01849 0.389999
      vertex 3.77936 -6.02986 0
      vertex 3.76378 -6.01849 0
    endloop
  endfacet
  facet normal 0.625577 0.780162 -0
    outer loop
      vertex 3.79445 -6.04196 0
      vertex 3.77936 -6.02986 0.389999
      vertex 3.79445 -6.04196 0.389999
    endloop
  endfacet
  facet normal 0.625577 0.780162 0
    outer loop
      vertex 3.77936 -6.02986 0.389999
      vertex 3.79445 -6.04196 0
      vertex 3.77936 -6.02986 0
    endloop
  endfacet
  facet normal 0.660593 0.750744 -0
    outer loop
      vertex 3.80894 -6.05471 0
      vertex 3.79445 -6.04196 0.389999
      vertex 3.80894 -6.05471 0.389999
    endloop
  endfacet
  facet normal 0.660593 0.750744 0
    outer loop
      vertex 3.79445 -6.04196 0.389999
      vertex 3.80894 -6.05471 0
      vertex 3.79445 -6.04196 0
    endloop
  endfacet
  facet normal 0.696081 0.717964 -0
    outer loop
      vertex 3.82272 -6.06807 0
      vertex 3.80894 -6.05471 0.389999
      vertex 3.82272 -6.06807 0.389999
    endloop
  endfacet
  facet normal 0.696081 0.717964 0
    outer loop
      vertex 3.80894 -6.05471 0.389999
      vertex 3.82272 -6.06807 0
      vertex 3.80894 -6.05471 0
    endloop
  endfacet
  facet normal 0.729766 0.683697 0
    outer loop
      vertex 3.83578 -6.08201 0.389999
      vertex 3.82272 -6.06807 0
      vertex 3.82272 -6.06807 0.389999
    endloop
  endfacet
  facet normal 0.729766 0.683697 0
    outer loop
      vertex 3.82272 -6.06807 0
      vertex 3.83578 -6.08201 0.389999
      vertex 3.83578 -6.08201 0
    endloop
  endfacet
  facet normal 0.762689 0.646765 0
    outer loop
      vertex 3.84811 -6.09655 0.389999
      vertex 3.83578 -6.08201 0
      vertex 3.83578 -6.08201 0.389999
    endloop
  endfacet
  facet normal 0.762689 0.646765 0
    outer loop
      vertex 3.83578 -6.08201 0
      vertex 3.84811 -6.09655 0.389999
      vertex 3.84811 -6.09655 0
    endloop
  endfacet
  facet normal 0.793286 0.608849 0
    outer loop
      vertex 3.85973 -6.11169 0.389999
      vertex 3.84811 -6.09655 0
      vertex 3.84811 -6.09655 0.389999
    endloop
  endfacet
  facet normal 0.793286 0.608849 0
    outer loop
      vertex 3.84811 -6.09655 0
      vertex 3.85973 -6.11169 0.389999
      vertex 3.85973 -6.11169 0
    endloop
  endfacet
  facet normal 0.822023 0.569455 0
    outer loop
      vertex 3.87062 -6.12741 0.389999
      vertex 3.85973 -6.11169 0
      vertex 3.85973 -6.11169 0.389999
    endloop
  endfacet
  facet normal 0.822023 0.569455 0
    outer loop
      vertex 3.85973 -6.11169 0
      vertex 3.87062 -6.12741 0.389999
      vertex 3.87062 -6.12741 0
    endloop
  endfacet
  facet normal 0.848932 0.528502 0
    outer loop
      vertex 3.88078 -6.14373 0.389999
      vertex 3.87062 -6.12741 0
      vertex 3.87062 -6.12741 0.389999
    endloop
  endfacet
  facet normal 0.848932 0.528502 0
    outer loop
      vertex 3.87062 -6.12741 0
      vertex 3.88078 -6.14373 0.389999
      vertex 3.88078 -6.14373 0
    endloop
  endfacet
  facet normal 0.872937 0.487833 0
    outer loop
      vertex 3.89023 -6.16064 0.389999
      vertex 3.88078 -6.14373 0
      vertex 3.88078 -6.14373 0.389999
    endloop
  endfacet
  facet normal 0.872937 0.487833 0
    outer loop
      vertex 3.88078 -6.14373 0
      vertex 3.89023 -6.16064 0.389999
      vertex 3.89023 -6.16064 0
    endloop
  endfacet
  facet normal 0.894836 0.446395 0
    outer loop
      vertex 3.89896 -6.17814 0.389999
      vertex 3.89023 -6.16064 0
      vertex 3.89023 -6.16064 0.389999
    endloop
  endfacet
  facet normal 0.894836 0.446395 0
    outer loop
      vertex 3.89023 -6.16064 0
      vertex 3.89896 -6.17814 0.389999
      vertex 3.89896 -6.17814 0
    endloop
  endfacet
  facet normal 0.91483 0.403839 0
    outer loop
      vertex 3.90695 -6.19624 0.389999
      vertex 3.89896 -6.17814 0
      vertex 3.89896 -6.17814 0.389999
    endloop
  endfacet
  facet normal 0.91483 0.403839 0
    outer loop
      vertex 3.89896 -6.17814 0
      vertex 3.90695 -6.19624 0.389999
      vertex 3.90695 -6.19624 0
    endloop
  endfacet
  facet normal 0.931405 0.363986 0
    outer loop
      vertex 3.91425 -6.21492 0.389999
      vertex 3.90695 -6.19624 0
      vertex 3.90695 -6.19624 0.389999
    endloop
  endfacet
  facet normal 0.931405 0.363986 0
    outer loop
      vertex 3.90695 -6.19624 0
      vertex 3.91425 -6.21492 0.389999
      vertex 3.91425 -6.21492 0
    endloop
  endfacet
  facet normal 0.947 0.321233 0
    outer loop
      vertex 3.92079 -6.2342 0.389999
      vertex 3.91425 -6.21492 0
      vertex 3.91425 -6.21492 0.389999
    endloop
  endfacet
  facet normal 0.947 0.321233 0
    outer loop
      vertex 3.91425 -6.21492 0
      vertex 3.92079 -6.2342 0.389999
      vertex 3.92079 -6.2342 0
    endloop
  endfacet
  facet normal 0.959289 0.282428 0
    outer loop
      vertex 3.92664 -6.25407 0.389999
      vertex 3.92079 -6.2342 0
      vertex 3.92079 -6.2342 0.389999
    endloop
  endfacet
  facet normal 0.959289 0.282428 0
    outer loop
      vertex 3.92079 -6.2342 0
      vertex 3.92664 -6.25407 0.389999
      vertex 3.92664 -6.25407 0
    endloop
  endfacet
  facet normal 0.970198 0.242312 0
    outer loop
      vertex 3.93175 -6.27453 0.389999
      vertex 3.92664 -6.25407 0
      vertex 3.92664 -6.25407 0.389999
    endloop
  endfacet
  facet normal 0.970198 0.242312 0
    outer loop
      vertex 3.92664 -6.25407 0
      vertex 3.93175 -6.27453 0.389999
      vertex 3.93175 -6.27453 0
    endloop
  endfacet
  facet normal 0.978957 0.204066 0
    outer loop
      vertex 3.93614 -6.29559 0.389999
      vertex 3.93175 -6.27453 0
      vertex 3.93175 -6.27453 0.389999
    endloop
  endfacet
  facet normal 0.978957 0.204066 0
    outer loop
      vertex 3.93175 -6.27453 0
      vertex 3.93614 -6.29559 0.389999
      vertex 3.93614 -6.29559 0
    endloop
  endfacet
  facet normal 0.98586 0.167573 0
    outer loop
      vertex 3.93982 -6.31724 0.389999
      vertex 3.93614 -6.29559 0
      vertex 3.93614 -6.29559 0.389999
    endloop
  endfacet
  facet normal 0.98586 0.167573 0
    outer loop
      vertex 3.93614 -6.29559 0
      vertex 3.93982 -6.31724 0.389999
      vertex 3.93982 -6.31724 0
    endloop
  endfacet
  facet normal 0.991267 0.131872 0
    outer loop
      vertex 3.94278 -6.33949 0.389999
      vertex 3.93982 -6.31724 0
      vertex 3.93982 -6.31724 0.389999
    endloop
  endfacet
  facet normal 0.991267 0.131872 0
    outer loop
      vertex 3.93982 -6.31724 0
      vertex 3.94278 -6.33949 0.389999
      vertex 3.94278 -6.33949 0
    endloop
  endfacet
  facet normal -0.0920581 0.995754 0
    outer loop
      vertex 4.25473 -6.31065 0
      vertex 3.94278 -6.33949 0.389999
      vertex 4.25473 -6.31065 0.389999
    endloop
  endfacet
  facet normal -0.0920581 0.995754 0
    outer loop
      vertex 3.94278 -6.33949 0.389999
      vertex 4.25473 -6.31065 0
      vertex 3.94278 -6.33949 0
    endloop
  endfacet
  facet normal -0.990547 -0.137171 0
    outer loop
      vertex 4.25473 -6.31065 0
      vertex 4.25012 -6.27736 0.389999
      vertex 4.25012 -6.27736 0
    endloop
  endfacet
  facet normal -0.990547 -0.137171 0
    outer loop
      vertex 4.25012 -6.27736 0.389999
      vertex 4.25473 -6.31065 0
      vertex 4.25473 -6.31065 0.389999
    endloop
  endfacet
  facet normal -0.984437 -0.175738 0
    outer loop
      vertex 4.25012 -6.27736 0
      vertex 4.24432 -6.24487 0.389999
      vertex 4.24432 -6.24487 0
    endloop
  endfacet
  facet normal -0.984437 -0.175738 0
    outer loop
      vertex 4.24432 -6.24487 0.389999
      vertex 4.25012 -6.27736 0
      vertex 4.25012 -6.27736 0.389999
    endloop
  endfacet
  facet normal -0.976267 -0.216572 0
    outer loop
      vertex 4.24432 -6.24487 0
      vertex 4.23729 -6.21318 0.389999
      vertex 4.23729 -6.21318 0
    endloop
  endfacet
  facet normal -0.976267 -0.216572 0
    outer loop
      vertex 4.23729 -6.21318 0.389999
      vertex 4.24432 -6.24487 0
      vertex 4.24432 -6.24487 0.389999
    endloop
  endfacet
  facet normal -0.966173 -0.257896 0
    outer loop
      vertex 4.23729 -6.21318 0
      vertex 4.22905 -6.18231 0.389999
      vertex 4.22905 -6.18231 0
    endloop
  endfacet
  facet normal -0.966173 -0.257896 0
    outer loop
      vertex 4.22905 -6.18231 0.389999
      vertex 4.23729 -6.21318 0
      vertex 4.23729 -6.21318 0.389999
    endloop
  endfacet
  facet normal -0.95397 -0.299901 0
    outer loop
      vertex 4.22905 -6.18231 0
      vertex 4.2196 -6.15225 0.389999
      vertex 4.2196 -6.15225 0
    endloop
  endfacet
  facet normal -0.95397 -0.299901 0
    outer loop
      vertex 4.2196 -6.15225 0.389999
      vertex 4.22905 -6.18231 0
      vertex 4.22905 -6.18231 0.389999
    endloop
  endfacet
  facet normal -0.939549 -0.342414 0
    outer loop
      vertex 4.2196 -6.15225 0
      vertex 4.20894 -6.123 0.389999
      vertex 4.20894 -6.123 0
    endloop
  endfacet
  facet normal -0.939549 -0.342414 0
    outer loop
      vertex 4.20894 -6.123 0.389999
      vertex 4.2196 -6.15225 0
      vertex 4.2196 -6.15225 0.389999
    endloop
  endfacet
  facet normal -0.922664 -0.385605 0
    outer loop
      vertex 4.20894 -6.123 0
      vertex 4.19705 -6.09455 0.389999
      vertex 4.19705 -6.09455 0
    endloop
  endfacet
  facet normal -0.922664 -0.385605 0
    outer loop
      vertex 4.19705 -6.09455 0.389999
      vertex 4.20894 -6.123 0
      vertex 4.20894 -6.123 0.389999
    endloop
  endfacet
  facet normal -0.903711 -0.428143 0
    outer loop
      vertex 4.19705 -6.09455 0
      vertex 4.18396 -6.06692 0.389999
      vertex 4.18396 -6.06692 0
    endloop
  endfacet
  facet normal -0.903711 -0.428143 0
    outer loop
      vertex 4.18396 -6.06692 0.389999
      vertex 4.19705 -6.09455 0
      vertex 4.19705 -6.09455 0.389999
    endloop
  endfacet
  facet normal -0.882271 -0.470742 0
    outer loop
      vertex 4.18396 -6.06692 0
      vertex 4.16965 -6.0401 0.389999
      vertex 4.16965 -6.0401 0
    endloop
  endfacet
  facet normal -0.882271 -0.470742 0
    outer loop
      vertex 4.16965 -6.0401 0.389999
      vertex 4.18396 -6.06692 0
      vertex 4.18396 -6.06692 0.389999
    endloop
  endfacet
  facet normal -0.85883 -0.512261 0
    outer loop
      vertex 4.16965 -6.0401 0
      vertex 4.15413 -6.01408 0.389999
      vertex 4.15413 -6.01408 0
    endloop
  endfacet
  facet normal -0.85883 -0.512261 0
    outer loop
      vertex 4.15413 -6.01408 0.389999
      vertex 4.16965 -6.0401 0
      vertex 4.16965 -6.0401 0.389999
    endloop
  endfacet
  facet normal -0.833066 -0.553174 0
    outer loop
      vertex 4.15413 -6.01408 0
      vertex 4.13739 -5.98887 0.389999
      vertex 4.13739 -5.98887 0
    endloop
  endfacet
  facet normal -0.833066 -0.553174 0
    outer loop
      vertex 4.13739 -5.98887 0.389999
      vertex 4.15413 -6.01408 0
      vertex 4.15413 -6.01408 0.389999
    endloop
  endfacet
  facet normal -0.805354 -0.592794 0
    outer loop
      vertex 4.13739 -5.98887 0
      vertex 4.11943 -5.96447 0.389999
      vertex 4.11943 -5.96447 0
    endloop
  endfacet
  facet normal -0.805354 -0.592794 0
    outer loop
      vertex 4.11943 -5.96447 0.389999
      vertex 4.13739 -5.98887 0
      vertex 4.13739 -5.98887 0.389999
    endloop
  endfacet
  facet normal -0.776225 -0.630456 0
    outer loop
      vertex 4.11943 -5.96447 0
      vertex 4.10027 -5.94088 0.389999
      vertex 4.10027 -5.94088 0
    endloop
  endfacet
  facet normal -0.776225 -0.630456 0
    outer loop
      vertex 4.10027 -5.94088 0.389999
      vertex 4.11943 -5.96447 0
      vertex 4.11943 -5.96447 0.389999
    endloop
  endfacet
  facet normal -0.745113 -0.666938 0
    outer loop
      vertex 4.10027 -5.94088 0
      vertex 4.07988 -5.9181 0.389999
      vertex 4.07988 -5.9181 0
    endloop
  endfacet
  facet normal -0.745113 -0.666938 0
    outer loop
      vertex 4.07988 -5.9181 0.389999
      vertex 4.10027 -5.94088 0
      vertex 4.10027 -5.94088 0.389999
    endloop
  endfacet
  facet normal -0.713089 -0.701074 0
    outer loop
      vertex 4.07988 -5.9181 0
      vertex 4.05829 -5.89614 0.389999
      vertex 4.05829 -5.89614 0
    endloop
  endfacet
  facet normal -0.713089 -0.701074 0
    outer loop
      vertex 4.05829 -5.89614 0.389999
      vertex 4.07988 -5.9181 0
      vertex 4.07988 -5.9181 0.389999
    endloop
  endfacet
  facet normal -0.680094 -0.733125 0
    outer loop
      vertex 4.03548 -5.87498 0
      vertex 4.05829 -5.89614 0.389999
      vertex 4.03548 -5.87498 0.389999
    endloop
  endfacet
  facet normal -0.680094 -0.733125 -0
    outer loop
      vertex 4.05829 -5.89614 0.389999
      vertex 4.03548 -5.87498 0
      vertex 4.05829 -5.89614 0
    endloop
  endfacet
  facet normal -0.646099 -0.763254 0
    outer loop
      vertex 4.01144 -5.85463 0
      vertex 4.03548 -5.87498 0.389999
      vertex 4.01144 -5.85463 0.389999
    endloop
  endfacet
  facet normal -0.646099 -0.763254 -0
    outer loop
      vertex 4.03548 -5.87498 0.389999
      vertex 4.01144 -5.85463 0
      vertex 4.03548 -5.87498 0
    endloop
  endfacet
  facet normal -0.611465 -0.791271 0
    outer loop
      vertex 3.9864 -5.83528 0
      vertex 4.01144 -5.85463 0.389999
      vertex 3.9864 -5.83528 0.389999
    endloop
  endfacet
  facet normal -0.611465 -0.791271 -0
    outer loop
      vertex 4.01144 -5.85463 0.389999
      vertex 3.9864 -5.83528 0
      vertex 4.01144 -5.85463 0
    endloop
  endfacet
  facet normal -0.57518 -0.818027 0
    outer loop
      vertex 3.96053 -5.81709 0
      vertex 3.9864 -5.83528 0.389999
      vertex 3.96053 -5.81709 0.389999
    endloop
  endfacet
  facet normal -0.57518 -0.818027 -0
    outer loop
      vertex 3.9864 -5.83528 0.389999
      vertex 3.96053 -5.81709 0
      vertex 3.9864 -5.83528 0
    endloop
  endfacet
  facet normal -0.537448 -0.843297 0
    outer loop
      vertex 3.93384 -5.80008 0
      vertex 3.96053 -5.81709 0.389999
      vertex 3.93384 -5.80008 0.389999
    endloop
  endfacet
  facet normal -0.537448 -0.843297 -0
    outer loop
      vertex 3.96053 -5.81709 0.389999
      vertex 3.93384 -5.80008 0
      vertex 3.96053 -5.81709 0
    endloop
  endfacet
  facet normal -0.498578 -0.866845 0
    outer loop
      vertex 3.9063 -5.78424 0
      vertex 3.93384 -5.80008 0.389999
      vertex 3.9063 -5.78424 0.389999
    endloop
  endfacet
  facet normal -0.498578 -0.866845 -0
    outer loop
      vertex 3.93384 -5.80008 0.389999
      vertex 3.9063 -5.78424 0
      vertex 3.93384 -5.80008 0
    endloop
  endfacet
  facet normal -0.459696 -0.888077 0
    outer loop
      vertex 3.87794 -5.76956 0
      vertex 3.9063 -5.78424 0.389999
      vertex 3.87794 -5.76956 0.389999
    endloop
  endfacet
  facet normal -0.459696 -0.888077 -0
    outer loop
      vertex 3.9063 -5.78424 0.389999
      vertex 3.87794 -5.76956 0
      vertex 3.9063 -5.78424 0
    endloop
  endfacet
  facet normal -0.419749 -0.90764 0
    outer loop
      vertex 3.84877 -5.75607 0
      vertex 3.87794 -5.76956 0.389999
      vertex 3.84877 -5.75607 0.389999
    endloop
  endfacet
  facet normal -0.419749 -0.90764 -0
    outer loop
      vertex 3.87794 -5.76956 0.389999
      vertex 3.84877 -5.75607 0
      vertex 3.87794 -5.76956 0
    endloop
  endfacet
  facet normal -0.379509 -0.925188 0
    outer loop
      vertex 3.81876 -5.74376 0
      vertex 3.84877 -5.75607 0.389999
      vertex 3.81876 -5.74376 0.389999
    endloop
  endfacet
  facet normal -0.379509 -0.925188 -0
    outer loop
      vertex 3.84877 -5.75607 0.389999
      vertex 3.81876 -5.74376 0
      vertex 3.84877 -5.75607 0
    endloop
  endfacet
  facet normal -0.340274 -0.940326 0
    outer loop
      vertex 3.78792 -5.7326 0
      vertex 3.81876 -5.74376 0.389999
      vertex 3.78792 -5.7326 0.389999
    endloop
  endfacet
  facet normal -0.340274 -0.940326 -0
    outer loop
      vertex 3.81876 -5.74376 0.389999
      vertex 3.78792 -5.7326 0
      vertex 3.81876 -5.74376 0
    endloop
  endfacet
  facet normal -0.300641 -0.953737 0
    outer loop
      vertex 3.75626 -5.72262 0
      vertex 3.78792 -5.7326 0.389999
      vertex 3.75626 -5.72262 0.389999
    endloop
  endfacet
  facet normal -0.300641 -0.953737 -0
    outer loop
      vertex 3.78792 -5.7326 0.389999
      vertex 3.75626 -5.72262 0
      vertex 3.78792 -5.7326 0
    endloop
  endfacet
  facet normal -0.261156 -0.965297 0
    outer loop
      vertex 3.72377 -5.71383 0
      vertex 3.75626 -5.72262 0.389999
      vertex 3.72377 -5.71383 0.389999
    endloop
  endfacet
  facet normal -0.261156 -0.965297 -0
    outer loop
      vertex 3.75626 -5.72262 0.389999
      vertex 3.72377 -5.71383 0
      vertex 3.75626 -5.72262 0
    endloop
  endfacet
  facet normal -0.22315 -0.974784 0
    outer loop
      vertex 3.69044 -5.7062 0
      vertex 3.72377 -5.71383 0.389999
      vertex 3.69044 -5.7062 0.389999
    endloop
  endfacet
  facet normal -0.22315 -0.974784 -0
    outer loop
      vertex 3.72377 -5.71383 0.389999
      vertex 3.69044 -5.7062 0
      vertex 3.72377 -5.71383 0
    endloop
  endfacet
  facet normal -0.185696 -0.982607 0
    outer loop
      vertex 3.65631 -5.69975 0
      vertex 3.69044 -5.7062 0.389999
      vertex 3.65631 -5.69975 0.389999
    endloop
  endfacet
  facet normal -0.185696 -0.982607 -0
    outer loop
      vertex 3.69044 -5.7062 0.389999
      vertex 3.65631 -5.69975 0
      vertex 3.69044 -5.7062 0
    endloop
  endfacet
  facet normal -0.149294 -0.988793 0
    outer loop
      vertex 3.62134 -5.69447 0
      vertex 3.65631 -5.69975 0.389999
      vertex 3.62134 -5.69447 0.389999
    endloop
  endfacet
  facet normal -0.149294 -0.988793 -0
    outer loop
      vertex 3.65631 -5.69975 0.389999
      vertex 3.62134 -5.69447 0
      vertex 3.65631 -5.69975 0
    endloop
  endfacet
  facet normal -0.114055 -0.993474 0
    outer loop
      vertex 3.58554 -5.69036 0
      vertex 3.62134 -5.69447 0.389999
      vertex 3.58554 -5.69036 0.389999
    endloop
  endfacet
  facet normal -0.114055 -0.993474 -0
    outer loop
      vertex 3.62134 -5.69447 0.389999
      vertex 3.58554 -5.69036 0
      vertex 3.62134 -5.69447 0
    endloop
  endfacet
  facet normal -0.0794424 -0.996839 0
    outer loop
      vertex 3.5489 -5.68744 0
      vertex 3.58554 -5.69036 0.389999
      vertex 3.5489 -5.68744 0.389999
    endloop
  endfacet
  facet normal -0.0794424 -0.996839 -0
    outer loop
      vertex 3.58554 -5.69036 0.389999
      vertex 3.5489 -5.68744 0
      vertex 3.58554 -5.69036 0
    endloop
  endfacet
  facet normal -0.0472229 -0.998884 0
    outer loop
      vertex 3.51146 -5.68567 0
      vertex 3.5489 -5.68744 0.389999
      vertex 3.51146 -5.68567 0.389999
    endloop
  endfacet
  facet normal -0.0472229 -0.998884 -0
    outer loop
      vertex 3.5489 -5.68744 0.389999
      vertex 3.51146 -5.68567 0
      vertex 3.5489 -5.68744 0
    endloop
  endfacet
  facet normal -0.0151537 -0.999885 0
    outer loop
      vertex 3.47319 -5.68509 0
      vertex 3.51146 -5.68567 0.389999
      vertex 3.47319 -5.68509 0.389999
    endloop
  endfacet
  facet normal -0.0151537 -0.999885 -0
    outer loop
      vertex 3.51146 -5.68567 0.389999
      vertex 3.47319 -5.68509 0
      vertex 3.51146 -5.68567 0
    endloop
  endfacet
  facet normal 0.0138412 -0.999904 0
    outer loop
      vertex 3.43129 -5.68567 0
      vertex 3.47319 -5.68509 0.389999
      vertex 3.43129 -5.68567 0.389999
    endloop
  endfacet
  facet normal 0.0138412 -0.999904 0
    outer loop
      vertex 3.47319 -5.68509 0.389999
      vertex 3.43129 -5.68567 0
      vertex 3.47319 -5.68509 0
    endloop
  endfacet
  facet normal 0.043384 -0.999058 0
    outer loop
      vertex 3.39053 -5.68744 0
      vertex 3.43129 -5.68567 0.389999
      vertex 3.39053 -5.68744 0.389999
    endloop
  endfacet
  facet normal 0.043384 -0.999058 0
    outer loop
      vertex 3.43129 -5.68567 0.389999
      vertex 3.39053 -5.68744 0
      vertex 3.43129 -5.68567 0
    endloop
  endfacet
  facet normal 0.0740573 -0.997254 0
    outer loop
      vertex 3.35094 -5.69038 0
      vertex 3.39053 -5.68744 0.389999
      vertex 3.35094 -5.69038 0.389999
    endloop
  endfacet
  facet normal 0.0740573 -0.997254 0
    outer loop
      vertex 3.39053 -5.68744 0.389999
      vertex 3.35094 -5.69038 0
      vertex 3.39053 -5.68744 0
    endloop
  endfacet
  facet normal 0.107081 -0.99425 0
    outer loop
      vertex 3.3125 -5.69452 0
      vertex 3.35094 -5.69038 0.389999
      vertex 3.3125 -5.69452 0.389999
    endloop
  endfacet
  facet normal 0.107081 -0.99425 0
    outer loop
      vertex 3.35094 -5.69038 0.389999
      vertex 3.3125 -5.69452 0
      vertex 3.35094 -5.69038 0
    endloop
  endfacet
  facet normal 0.141012 -0.990008 0
    outer loop
      vertex 3.27522 -5.69983 0
      vertex 3.3125 -5.69452 0.389999
      vertex 3.27522 -5.69983 0.389999
    endloop
  endfacet
  facet normal 0.141012 -0.990008 0
    outer loop
      vertex 3.3125 -5.69452 0.389999
      vertex 3.27522 -5.69983 0
      vertex 3.3125 -5.69452 0
    endloop
  endfacet
  facet normal 0.17663 -0.984277 0
    outer loop
      vertex 3.23911 -5.70631 0
      vertex 3.27522 -5.69983 0.389999
      vertex 3.23911 -5.70631 0.389999
    endloop
  endfacet
  facet normal 0.17663 -0.984277 0
    outer loop
      vertex 3.27522 -5.69983 0.389999
      vertex 3.23911 -5.70631 0
      vertex 3.27522 -5.69983 0
    endloop
  endfacet
  facet normal 0.213913 -0.976853 0
    outer loop
      vertex 3.20413 -5.71397 0
      vertex 3.23911 -5.70631 0.389999
      vertex 3.20413 -5.71397 0.389999
    endloop
  endfacet
  facet normal 0.213913 -0.976853 0
    outer loop
      vertex 3.23911 -5.70631 0.389999
      vertex 3.20413 -5.71397 0
      vertex 3.23911 -5.70631 0
    endloop
  endfacet
  facet normal 0.252958 -0.967477 0
    outer loop
      vertex 3.17032 -5.72281 0
      vertex 3.20413 -5.71397 0.389999
      vertex 3.17032 -5.72281 0.389999
    endloop
  endfacet
  facet normal 0.252958 -0.967477 0
    outer loop
      vertex 3.20413 -5.71397 0.389999
      vertex 3.17032 -5.72281 0
      vertex 3.20413 -5.71397 0
    endloop
  endfacet
  facet normal 0.293222 -0.956044 0
    outer loop
      vertex 3.13765 -5.73283 0
      vertex 3.17032 -5.72281 0.389999
      vertex 3.13765 -5.73283 0.389999
    endloop
  endfacet
  facet normal 0.293222 -0.956044 0
    outer loop
      vertex 3.17032 -5.72281 0.389999
      vertex 3.13765 -5.73283 0
      vertex 3.17032 -5.72281 0
    endloop
  endfacet
  facet normal 0.335104 -0.942181 0
    outer loop
      vertex 3.10616 -5.74403 0
      vertex 3.13765 -5.73283 0.389999
      vertex 3.10616 -5.74403 0.389999
    endloop
  endfacet
  facet normal 0.335104 -0.942181 0
    outer loop
      vertex 3.13765 -5.73283 0.389999
      vertex 3.10616 -5.74403 0
      vertex 3.13765 -5.73283 0
    endloop
  endfacet
  facet normal 0.377956 -0.925824 0
    outer loop
      vertex 3.07581 -5.75642 0
      vertex 3.10616 -5.74403 0.389999
      vertex 3.07581 -5.75642 0.389999
    endloop
  endfacet
  facet normal 0.377956 -0.925824 0
    outer loop
      vertex 3.10616 -5.74403 0.389999
      vertex 3.07581 -5.75642 0
      vertex 3.10616 -5.74403 0
    endloop
  endfacet
  facet normal 0.421047 -0.907039 0
    outer loop
      vertex 3.04662 -5.76997 0
      vertex 3.07581 -5.75642 0.389999
      vertex 3.04662 -5.76997 0.389999
    endloop
  endfacet
  facet normal 0.421047 -0.907039 0
    outer loop
      vertex 3.07581 -5.75642 0.389999
      vertex 3.04662 -5.76997 0
      vertex 3.07581 -5.75642 0
    endloop
  endfacet
  facet normal 0.465174 -0.885219 0
    outer loop
      vertex 3.01857 -5.78471 0
      vertex 3.04662 -5.76997 0.389999
      vertex 3.01857 -5.78471 0.389999
    endloop
  endfacet
  facet normal 0.465174 -0.885219 0
    outer loop
      vertex 3.04662 -5.76997 0.389999
      vertex 3.01857 -5.78471 0
      vertex 3.04662 -5.76997 0
    endloop
  endfacet
  facet normal 0.509495 -0.860474 0
    outer loop
      vertex 2.9917 -5.80062 0
      vertex 3.01857 -5.78471 0.389999
      vertex 2.9917 -5.80062 0.389999
    endloop
  endfacet
  facet normal 0.509495 -0.860474 0
    outer loop
      vertex 3.01857 -5.78471 0.389999
      vertex 2.9917 -5.80062 0
      vertex 3.01857 -5.78471 0
    endloop
  endfacet
  facet normal 0.553729 -0.832697 0
    outer loop
      vertex 2.96597 -5.81773 0
      vertex 2.9917 -5.80062 0.389999
      vertex 2.96597 -5.81773 0.389999
    endloop
  endfacet
  facet normal 0.553729 -0.832697 0
    outer loop
      vertex 2.9917 -5.80062 0.389999
      vertex 2.96597 -5.81773 0
      vertex 2.9917 -5.80062 0
    endloop
  endfacet
  facet normal 0.596649 -0.802502 0
    outer loop
      vertex 2.94141 -5.83599 0
      vertex 2.96597 -5.81773 0.389999
      vertex 2.94141 -5.83599 0.389999
    endloop
  endfacet
  facet normal 0.596649 -0.802502 0
    outer loop
      vertex 2.96597 -5.81773 0.389999
      vertex 2.94141 -5.83599 0
      vertex 2.96597 -5.81773 0
    endloop
  endfacet
  facet normal 0.638924 -0.76927 0
    outer loop
      vertex 2.91798 -5.85545 0
      vertex 2.94141 -5.83599 0.389999
      vertex 2.91798 -5.85545 0.389999
    endloop
  endfacet
  facet normal 0.638924 -0.76927 0
    outer loop
      vertex 2.94141 -5.83599 0.389999
      vertex 2.91798 -5.85545 0
      vertex 2.94141 -5.83599 0
    endloop
  endfacet
  facet normal 0.680134 -0.733088 0
    outer loop
      vertex 2.89583 -5.876 0
      vertex 2.91798 -5.85545 0.389999
      vertex 2.89583 -5.876 0.389999
    endloop
  endfacet
  facet normal 0.680134 -0.733088 0
    outer loop
      vertex 2.91798 -5.85545 0.389999
      vertex 2.89583 -5.876 0
      vertex 2.91798 -5.85545 0
    endloop
  endfacet
  facet normal 0.718694 -0.695327 0
    outer loop
      vertex 2.875 -5.89753 0.389999
      vertex 2.89583 -5.876 0
      vertex 2.89583 -5.876 0.389999
    endloop
  endfacet
  facet normal 0.718694 -0.695327 0
    outer loop
      vertex 2.89583 -5.876 0
      vertex 2.875 -5.89753 0.389999
      vertex 2.875 -5.89753 0
    endloop
  endfacet
  facet normal 0.756287 -0.65424 0
    outer loop
      vertex 2.85551 -5.92006 0.389999
      vertex 2.875 -5.89753 0
      vertex 2.875 -5.89753 0.389999
    endloop
  endfacet
  facet normal 0.756287 -0.65424 0
    outer loop
      vertex 2.875 -5.89753 0
      vertex 2.85551 -5.92006 0.389999
      vertex 2.85551 -5.92006 0
    endloop
  endfacet
  facet normal 0.792048 -0.610459 0
    outer loop
      vertex 2.83739 -5.94357 0.389999
      vertex 2.85551 -5.92006 0
      vertex 2.85551 -5.92006 0.389999
    endloop
  endfacet
  facet normal 0.792048 -0.610459 0
    outer loop
      vertex 2.85551 -5.92006 0
      vertex 2.83739 -5.94357 0.389999
      vertex 2.83739 -5.94357 0
    endloop
  endfacet
  facet normal 0.824729 -0.565528 0
    outer loop
      vertex 2.82059 -5.96807 0.389999
      vertex 2.83739 -5.94357 0
      vertex 2.83739 -5.94357 0.389999
    endloop
  endfacet
  facet normal 0.824729 -0.565528 0
    outer loop
      vertex 2.83739 -5.94357 0
      vertex 2.82059 -5.96807 0.389999
      vertex 2.82059 -5.96807 0
    endloop
  endfacet
  facet normal 0.855414 -0.517945 0
    outer loop
      vertex 2.80515 -5.99357 0.389999
      vertex 2.82059 -5.96807 0
      vertex 2.82059 -5.96807 0.389999
    endloop
  endfacet
  facet normal 0.855414 -0.517945 0
    outer loop
      vertex 2.82059 -5.96807 0
      vertex 2.80515 -5.99357 0.389999
      vertex 2.80515 -5.99357 0
    endloop
  endfacet
  facet normal 0.882464 -0.470381 0
    outer loop
      vertex 2.79103 -6.02006 0.389999
      vertex 2.80515 -5.99357 0
      vertex 2.80515 -5.99357 0.389999
    endloop
  endfacet
  facet normal 0.882464 -0.470381 0
    outer loop
      vertex 2.80515 -5.99357 0
      vertex 2.79103 -6.02006 0.389999
      vertex 2.79103 -6.02006 0
    endloop
  endfacet
  facet normal 0.906991 -0.42115 0
    outer loop
      vertex 2.77827 -6.04754 0.389999
      vertex 2.79103 -6.02006 0
      vertex 2.79103 -6.02006 0.389999
    endloop
  endfacet
  facet normal 0.906991 -0.42115 0
    outer loop
      vertex 2.79103 -6.02006 0
      vertex 2.77827 -6.04754 0.389999
      vertex 2.77827 -6.04754 0
    endloop
  endfacet
  facet normal 0.928274 -0.371896 0
    outer loop
      vertex 2.76686 -6.07602 0.389999
      vertex 2.77827 -6.04754 0
      vertex 2.77827 -6.04754 0.389999
    endloop
  endfacet
  facet normal 0.928274 -0.371896 0
    outer loop
      vertex 2.77827 -6.04754 0
      vertex 2.76686 -6.07602 0.389999
      vertex 2.76686 -6.07602 0
    endloop
  endfacet
  facet normal 0.94605 -0.324021 0
    outer loop
      vertex 2.75677 -6.10548 0.389999
      vertex 2.76686 -6.07602 0
      vertex 2.76686 -6.07602 0.389999
    endloop
  endfacet
  facet normal 0.94605 -0.324021 0
    outer loop
      vertex 2.76686 -6.07602 0
      vertex 2.75677 -6.10548 0.389999
      vertex 2.75677 -6.10548 0
    endloop
  endfacet
  facet normal 0.961381 -0.275221 0
    outer loop
      vertex 2.74805 -6.13594 0.389999
      vertex 2.75677 -6.10548 0
      vertex 2.75677 -6.10548 0.389999
    endloop
  endfacet
  facet normal 0.961381 -0.275221 0
    outer loop
      vertex 2.75677 -6.10548 0
      vertex 2.74805 -6.13594 0.389999
      vertex 2.74805 -6.13594 0
    endloop
  endfacet
  facet normal 0.973454 -0.228884 0
    outer loop
      vertex 2.74066 -6.16737 0.389999
      vertex 2.74805 -6.13594 0
      vertex 2.74805 -6.13594 0.389999
    endloop
  endfacet
  facet normal 0.973454 -0.228884 0
    outer loop
      vertex 2.74805 -6.13594 0
      vertex 2.74066 -6.16737 0.389999
      vertex 2.74066 -6.16737 0
    endloop
  endfacet
  facet normal 0.983105 -0.183044 0
    outer loop
      vertex 2.73462 -6.19981 0.389999
      vertex 2.74066 -6.16737 0
      vertex 2.74066 -6.16737 0.389999
    endloop
  endfacet
  facet normal 0.983105 -0.183044 0
    outer loop
      vertex 2.74066 -6.16737 0
      vertex 2.73462 -6.19981 0.389999
      vertex 2.73462 -6.19981 0
    endloop
  endfacet
  facet normal 0.990179 -0.139804 0
    outer loop
      vertex 2.7299 -6.23324 0.389999
      vertex 2.73462 -6.19981 0
      vertex 2.73462 -6.19981 0.389999
    endloop
  endfacet
  facet normal 0.990179 -0.139804 0
    outer loop
      vertex 2.73462 -6.19981 0
      vertex 2.7299 -6.23324 0.389999
      vertex 2.7299 -6.23324 0
    endloop
  endfacet
  facet normal 0.9953 -0.0968415 0
    outer loop
      vertex 2.72655 -6.26767 0.389999
      vertex 2.7299 -6.23324 0
      vertex 2.7299 -6.23324 0.389999
    endloop
  endfacet
  facet normal 0.9953 -0.0968415 0
    outer loop
      vertex 2.7299 -6.23324 0
      vertex 2.72655 -6.26767 0.389999
      vertex 2.72655 -6.26767 0
    endloop
  endfacet
  facet normal 0.998377 -0.0569534 0
    outer loop
      vertex 2.72453 -6.30308 0.389999
      vertex 2.72655 -6.26767 0
      vertex 2.72655 -6.26767 0.389999
    endloop
  endfacet
  facet normal 0.998377 -0.0569534 0
    outer loop
      vertex 2.72655 -6.26767 0
      vertex 2.72453 -6.30308 0.389999
      vertex 2.72453 -6.30308 0
    endloop
  endfacet
  facet normal 0.999831 -0.0183984 0
    outer loop
      vertex 2.72386 -6.33949 0.389999
      vertex 2.72453 -6.30308 0
      vertex 2.72453 -6.30308 0.389999
    endloop
  endfacet
  facet normal 0.999831 -0.0183984 0
    outer loop
      vertex 2.72453 -6.30308 0
      vertex 2.72386 -6.33949 0.389999
      vertex 2.72386 -6.33949 0
    endloop
  endfacet
  facet normal 0.999901 0.0140745 0
    outer loop
      vertex 2.72409 -6.35583 0.389999
      vertex 2.72386 -6.33949 0
      vertex 2.72386 -6.33949 0.389999
    endloop
  endfacet
  facet normal 0.999901 0.0140745 0
    outer loop
      vertex 2.72386 -6.33949 0
      vertex 2.72409 -6.35583 0.389999
      vertex 2.72409 -6.35583 0
    endloop
  endfacet
  facet normal 0.999184 0.0403834 0
    outer loop
      vertex 2.72475 -6.37216 0.389999
      vertex 2.72409 -6.35583 0
      vertex 2.72409 -6.35583 0.389999
    endloop
  endfacet
  facet normal 0.999184 0.0403834 0
    outer loop
      vertex 2.72409 -6.35583 0
      vertex 2.72475 -6.37216 0.389999
      vertex 2.72475 -6.37216 0
    endloop
  endfacet
  facet normal 0.997736 0.0672494 0
    outer loop
      vertex 2.72585 -6.38848 0.389999
      vertex 2.72475 -6.37216 0
      vertex 2.72475 -6.37216 0.389999
    endloop
  endfacet
  facet normal 0.997736 0.0672494 0
    outer loop
      vertex 2.72475 -6.37216 0
      vertex 2.72585 -6.38848 0.389999
      vertex 2.72585 -6.38848 0
    endloop
  endfacet
  facet normal 0.995577 0.0939454 0
    outer loop
      vertex 2.72739 -6.4048 0.389999
      vertex 2.72585 -6.38848 0
      vertex 2.72585 -6.38848 0.389999
    endloop
  endfacet
  facet normal 0.995577 0.0939454 0
    outer loop
      vertex 2.72585 -6.38848 0
      vertex 2.72739 -6.4048 0.389999
      vertex 2.72739 -6.4048 0
    endloop
  endfacet
  facet normal 0.992712 0.120513 0
    outer loop
      vertex 2.72937 -6.42111 0.389999
      vertex 2.72739 -6.4048 0
      vertex 2.72739 -6.4048 0.389999
    endloop
  endfacet
  facet normal 0.992712 0.120513 0
    outer loop
      vertex 2.72739 -6.4048 0
      vertex 2.72937 -6.42111 0.389999
      vertex 2.72937 -6.42111 0
    endloop
  endfacet
  facet normal 0.98922 0.146439 0
    outer loop
      vertex 2.73178 -6.43739 0.389999
      vertex 2.72937 -6.42111 0
      vertex 2.72937 -6.42111 0.389999
    endloop
  endfacet
  facet normal 0.98922 0.146439 0
    outer loop
      vertex 2.72937 -6.42111 0
      vertex 2.73178 -6.43739 0.389999
      vertex 2.73178 -6.43739 0
    endloop
  endfacet
  facet normal 0.984814 0.173613 0
    outer loop
      vertex 2.73465 -6.45367 0.389999
      vertex 2.73178 -6.43739 0
      vertex 2.73178 -6.43739 0.389999
    endloop
  endfacet
  facet normal 0.984814 0.173613 0
    outer loop
      vertex 2.73178 -6.43739 0
      vertex 2.73465 -6.45367 0.389999
      vertex 2.73465 -6.45367 0
    endloop
  endfacet
  facet normal 0.980044 0.19878 0
    outer loop
      vertex 2.73795 -6.46994 0.389999
      vertex 2.73465 -6.45367 0
      vertex 2.73465 -6.45367 0.389999
    endloop
  endfacet
  facet normal 0.980044 0.19878 0
    outer loop
      vertex 2.73465 -6.45367 0
      vertex 2.73795 -6.46994 0.389999
      vertex 2.73795 -6.46994 0
    endloop
  endfacet
  facet normal 0.974653 0.22372 0
    outer loop
      vertex 2.74168 -6.48619 0.389999
      vertex 2.73795 -6.46994 0
      vertex 2.73795 -6.46994 0.389999
    endloop
  endfacet
  facet normal 0.974653 0.22372 0
    outer loop
      vertex 2.73795 -6.46994 0
      vertex 2.74168 -6.48619 0.389999
      vertex 2.74168 -6.48619 0
    endloop
  endfacet
  facet normal 0.968472 0.249121 0
    outer loop
      vertex 2.74586 -6.50244 0.389999
      vertex 2.74168 -6.48619 0
      vertex 2.74168 -6.48619 0.389999
    endloop
  endfacet
  facet normal 0.968472 0.249121 0
    outer loop
      vertex 2.74168 -6.48619 0
      vertex 2.74586 -6.50244 0.389999
      vertex 2.74586 -6.50244 0
    endloop
  endfacet
  facet normal 0.961591 0.274486 0
    outer loop
      vertex 2.75049 -6.51866 0.389999
      vertex 2.74586 -6.50244 0
      vertex 2.74586 -6.50244 0.389999
    endloop
  endfacet
  facet normal 0.961591 0.274486 0
    outer loop
      vertex 2.74586 -6.50244 0
      vertex 2.75049 -6.51866 0.389999
      vertex 2.75049 -6.51866 0
    endloop
  endfacet
  facet normal 0.954794 0.297269 0
    outer loop
      vertex 2.75554 -6.53488 0.389999
      vertex 2.75049 -6.51866 0
      vertex 2.75049 -6.51866 0.389999
    endloop
  endfacet
  facet normal 0.954794 0.297269 0
    outer loop
      vertex 2.75049 -6.51866 0
      vertex 2.75554 -6.53488 0.389999
      vertex 2.75554 -6.53488 0
    endloop
  endfacet
  facet normal 0.946858 0.321652 0
    outer loop
      vertex 2.76105 -6.5511 0.389999
      vertex 2.75554 -6.53488 0
      vertex 2.75554 -6.53488 0.389999
    endloop
  endfacet
  facet normal 0.946858 0.321652 0
    outer loop
      vertex 2.75554 -6.53488 0
      vertex 2.76105 -6.5511 0.389999
      vertex 2.76105 -6.5511 0
    endloop
  endfacet
  facet normal 0.938995 0.343931 0
    outer loop
      vertex 2.76698 -6.56729 0.389999
      vertex 2.76105 -6.5511 0
      vertex 2.76105 -6.5511 0.389999
    endloop
  endfacet
  facet normal 0.938995 0.343931 0
    outer loop
      vertex 2.76105 -6.5511 0
      vertex 2.76698 -6.56729 0.389999
      vertex 2.76698 -6.56729 0
    endloop
  endfacet
  facet normal 0.930367 0.36663 0
    outer loop
      vertex 2.77336 -6.58348 0.389999
      vertex 2.76698 -6.56729 0
      vertex 2.76698 -6.56729 0.389999
    endloop
  endfacet
  facet normal 0.930367 0.36663 0
    outer loop
      vertex 2.76698 -6.56729 0
      vertex 2.77336 -6.58348 0.389999
      vertex 2.77336 -6.58348 0
    endloop
  endfacet
  facet normal 0.921399 0.388617 0
    outer loop
      vertex 2.78018 -6.59965 0.389999
      vertex 2.77336 -6.58348 0
      vertex 2.77336 -6.58348 0.389999
    endloop
  endfacet
  facet normal 0.921399 0.388617 0
    outer loop
      vertex 2.77336 -6.58348 0
      vertex 2.78018 -6.59965 0.389999
      vertex 2.78018 -6.59965 0
    endloop
  endfacet
  facet normal 0.911964 0.410271 0
    outer loop
      vertex 2.78745 -6.61581 0.389999
      vertex 2.78018 -6.59965 0
      vertex 2.78018 -6.59965 0.389999
    endloop
  endfacet
  facet normal 0.911964 0.410271 0
    outer loop
      vertex 2.78018 -6.59965 0
      vertex 2.78745 -6.61581 0.389999
      vertex 2.78745 -6.61581 0
    endloop
  endfacet
  facet normal 0.902974 0.429695 0
    outer loop
      vertex 2.79514 -6.63197 0.389999
      vertex 2.78745 -6.61581 0
      vertex 2.78745 -6.61581 0.389999
    endloop
  endfacet
  facet normal 0.902974 0.429695 0
    outer loop
      vertex 2.78745 -6.61581 0
      vertex 2.79514 -6.63197 0.389999
      vertex 2.79514 -6.63197 0
    endloop
  endfacet
  facet normal 0.89354 0.448984 0
    outer loop
      vertex 2.80325 -6.64811 0.389999
      vertex 2.79514 -6.63197 0
      vertex 2.79514 -6.63197 0.389999
    endloop
  endfacet
  facet normal 0.89354 0.448984 0
    outer loop
      vertex 2.79514 -6.63197 0
      vertex 2.80325 -6.64811 0.389999
      vertex 2.80325 -6.64811 0
    endloop
  endfacet
  facet normal 0.883908 0.467662 0
    outer loop
      vertex 2.8118 -6.66427 0.389999
      vertex 2.80325 -6.64811 0
      vertex 2.80325 -6.64811 0.389999
    endloop
  endfacet
  facet normal 0.883908 0.467662 0
    outer loop
      vertex 2.80325 -6.64811 0
      vertex 2.8118 -6.66427 0.389999
      vertex 2.8118 -6.66427 0
    endloop
  endfacet
  facet normal 0.873877 0.486148 0
    outer loop
      vertex 2.82079 -6.68043 0.389999
      vertex 2.8118 -6.66427 0
      vertex 2.8118 -6.66427 0.389999
    endloop
  endfacet
  facet normal 0.873877 0.486148 0
    outer loop
      vertex 2.8118 -6.66427 0
      vertex 2.82079 -6.68043 0.389999
      vertex 2.82079 -6.68043 0
    endloop
  endfacet
  facet normal 0.864632 0.502407 0
    outer loop
      vertex 2.83018 -6.69659 0.389999
      vertex 2.82079 -6.68043 0
      vertex 2.82079 -6.68043 0.389999
    endloop
  endfacet
  facet normal 0.864632 0.502407 0
    outer loop
      vertex 2.82079 -6.68043 0
      vertex 2.83018 -6.69659 0.389999
      vertex 2.83018 -6.69659 0
    endloop
  endfacet
  facet normal 0.853882 0.520466 0
    outer loop
      vertex 2.84003 -6.71275 0.389999
      vertex 2.83018 -6.69659 0
      vertex 2.83018 -6.69659 0.389999
    endloop
  endfacet
  facet normal 0.853882 0.520466 0
    outer loop
      vertex 2.83018 -6.69659 0
      vertex 2.84003 -6.71275 0.389999
      vertex 2.84003 -6.71275 0
    endloop
  endfacet
  facet normal 0.844156 0.536097 0
    outer loop
      vertex 2.85028 -6.72889 0.389999
      vertex 2.84003 -6.71275 0
      vertex 2.84003 -6.71275 0.389999
    endloop
  endfacet
  facet normal 0.844156 0.536097 0
    outer loop
      vertex 2.84003 -6.71275 0
      vertex 2.85028 -6.72889 0.389999
      vertex 2.85028 -6.72889 0
    endloop
  endfacet
  facet normal 0.833792 0.552078 0
    outer loop
      vertex 2.86098 -6.74505 0.389999
      vertex 2.85028 -6.72889 0
      vertex 2.85028 -6.72889 0.389999
    endloop
  endfacet
  facet normal 0.833792 0.552078 0
    outer loop
      vertex 2.85028 -6.72889 0
      vertex 2.86098 -6.74505 0.389999
      vertex 2.86098 -6.74505 0
    endloop
  endfacet
  facet normal 0.823804 0.566875 0
    outer loop
      vertex 2.8721 -6.76121 0.389999
      vertex 2.86098 -6.74505 0
      vertex 2.86098 -6.74505 0.389999
    endloop
  endfacet
  facet normal 0.823804 0.566875 0
    outer loop
      vertex 2.86098 -6.74505 0
      vertex 2.8721 -6.76121 0.389999
      vertex 2.8721 -6.76121 0
    endloop
  endfacet
  facet normal 0.813563 0.581476 0
    outer loop
      vertex 2.88365 -6.77737 0.389999
      vertex 2.8721 -6.76121 0
      vertex 2.8721 -6.76121 0.389999
    endloop
  endfacet
  facet normal 0.813563 0.581476 0
    outer loop
      vertex 2.8721 -6.76121 0
      vertex 2.88365 -6.77737 0.389999
      vertex 2.88365 -6.77737 0
    endloop
  endfacet
  facet normal 0.803451 0.59537 0
    outer loop
      vertex 2.89561 -6.79351 0.389999
      vertex 2.88365 -6.77737 0
      vertex 2.88365 -6.77737 0.389999
    endloop
  endfacet
  facet normal 0.803451 0.59537 0
    outer loop
      vertex 2.88365 -6.77737 0
      vertex 2.89561 -6.79351 0.389999
      vertex 2.89561 -6.79351 0
    endloop
  endfacet
  facet normal 0.793116 0.60907 0
    outer loop
      vertex 2.90802 -6.80967 0.389999
      vertex 2.89561 -6.79351 0
      vertex 2.89561 -6.79351 0.389999
    endloop
  endfacet
  facet normal 0.793116 0.60907 0
    outer loop
      vertex 2.89561 -6.79351 0
      vertex 2.90802 -6.80967 0.389999
      vertex 2.90802 -6.80967 0
    endloop
  endfacet
  facet normal 0.78318 0.621795 0
    outer loop
      vertex 2.92085 -6.82583 0.389999
      vertex 2.90802 -6.80967 0
      vertex 2.90802 -6.80967 0.389999
    endloop
  endfacet
  facet normal 0.78318 0.621795 0
    outer loop
      vertex 2.90802 -6.80967 0
      vertex 2.92085 -6.82583 0.389999
      vertex 2.92085 -6.82583 0
    endloop
  endfacet
  facet normal 0.773061 0.634331 0
    outer loop
      vertex 2.93411 -6.84199 0.389999
      vertex 2.92085 -6.82583 0
      vertex 2.92085 -6.82583 0.389999
    endloop
  endfacet
  facet normal 0.773061 0.634331 0
    outer loop
      vertex 2.92085 -6.82583 0
      vertex 2.93411 -6.84199 0.389999
      vertex 2.93411 -6.84199 0
    endloop
  endfacet
  facet normal 0.76301 0.646387 0
    outer loop
      vertex 2.9478 -6.85815 0.389999
      vertex 2.93411 -6.84199 0
      vertex 2.93411 -6.84199 0.389999
    endloop
  endfacet
  facet normal 0.76301 0.646387 0
    outer loop
      vertex 2.93411 -6.84199 0
      vertex 2.9478 -6.85815 0.389999
      vertex 2.9478 -6.85815 0
    endloop
  endfacet
  facet normal 0.752866 0.658174 0
    outer loop
      vertex 2.96191 -6.87429 0.389999
      vertex 2.9478 -6.85815 0
      vertex 2.9478 -6.85815 0.389999
    endloop
  endfacet
  facet normal 0.752866 0.658174 0
    outer loop
      vertex 2.9478 -6.85815 0
      vertex 2.96191 -6.87429 0.389999
      vertex 2.96191 -6.87429 0
    endloop
  endfacet
  facet normal 0.742928 0.669371 0
    outer loop
      vertex 2.97647 -6.89045 0.389999
      vertex 2.96191 -6.87429 0
      vertex 2.96191 -6.87429 0.389999
    endloop
  endfacet
  facet normal 0.742928 0.669371 0
    outer loop
      vertex 2.96191 -6.87429 0
      vertex 2.97647 -6.89045 0.389999
      vertex 2.97647 -6.89045 0
    endloop
  endfacet
  facet normal 0.731449 0.681896 0
    outer loop
      vertex 2.99202 -6.90713 0.389999
      vertex 2.97647 -6.89045 0
      vertex 2.97647 -6.89045 0.389999
    endloop
  endfacet
  facet normal 0.731449 0.681896 0
    outer loop
      vertex 2.97647 -6.89045 0
      vertex 2.99202 -6.90713 0.389999
      vertex 2.99202 -6.90713 0
    endloop
  endfacet
  facet normal 0.718968 0.695043 0
    outer loop
      vertex 3.00916 -6.92486 0.389999
      vertex 2.99202 -6.90713 0
      vertex 2.99202 -6.90713 0.389999
    endloop
  endfacet
  facet normal 0.718968 0.695043 0
    outer loop
      vertex 2.99202 -6.90713 0
      vertex 3.00916 -6.92486 0.389999
      vertex 3.00916 -6.92486 0
    endloop
  endfacet
  facet normal 0.70805 0.706162 0
    outer loop
      vertex 3.02786 -6.94361 0.389999
      vertex 3.00916 -6.92486 0
      vertex 3.00916 -6.92486 0.389999
    endloop
  endfacet
  facet normal 0.70805 0.706162 0
    outer loop
      vertex 3.00916 -6.92486 0
      vertex 3.02786 -6.94361 0.389999
      vertex 3.02786 -6.94361 0
    endloop
  endfacet
  facet normal 0.69824 0.715864 -0
    outer loop
      vertex 3.04817 -6.96342 0
      vertex 3.02786 -6.94361 0.389999
      vertex 3.04817 -6.96342 0.389999
    endloop
  endfacet
  facet normal 0.69824 0.715864 0
    outer loop
      vertex 3.02786 -6.94361 0.389999
      vertex 3.04817 -6.96342 0
      vertex 3.02786 -6.94361 0
    endloop
  endfacet
  facet normal 0.690035 0.723776 -0
    outer loop
      vertex 3.07005 -6.98428 0
      vertex 3.04817 -6.96342 0.389999
      vertex 3.07005 -6.98428 0.389999
    endloop
  endfacet
  facet normal 0.690035 0.723776 0
    outer loop
      vertex 3.04817 -6.96342 0.389999
      vertex 3.07005 -6.98428 0
      vertex 3.04817 -6.96342 0
    endloop
  endfacet
  facet normal 0.682229 0.731138 -0
    outer loop
      vertex 3.09352 -7.00618 0
      vertex 3.07005 -6.98428 0.389999
      vertex 3.09352 -7.00618 0.389999
    endloop
  endfacet
  facet normal 0.682229 0.731138 0
    outer loop
      vertex 3.07005 -6.98428 0.389999
      vertex 3.09352 -7.00618 0
      vertex 3.07005 -6.98428 0
    endloop
  endfacet
  facet normal 0.675058 0.737765 -0
    outer loop
      vertex 3.11858 -7.02911 0
      vertex 3.09352 -7.00618 0.389999
      vertex 3.11858 -7.02911 0.389999
    endloop
  endfacet
  facet normal 0.675058 0.737765 0
    outer loop
      vertex 3.09352 -7.00618 0.389999
      vertex 3.11858 -7.02911 0
      vertex 3.09352 -7.00618 0
    endloop
  endfacet
  facet normal 0.66918 0.7431 -0
    outer loop
      vertex 3.14522 -7.0531 0
      vertex 3.11858 -7.02911 0.389999
      vertex 3.14522 -7.0531 0.389999
    endloop
  endfacet
  facet normal 0.66918 0.7431 0
    outer loop
      vertex 3.11858 -7.02911 0.389999
      vertex 3.14522 -7.0531 0
      vertex 3.11858 -7.02911 0
    endloop
  endfacet
  facet normal 0.663574 0.748111 -0
    outer loop
      vertex 3.17345 -7.07814 0
      vertex 3.14522 -7.0531 0.389999
      vertex 3.17345 -7.07814 0.389999
    endloop
  endfacet
  facet normal 0.663574 0.748111 0
    outer loop
      vertex 3.14522 -7.0531 0.389999
      vertex 3.17345 -7.07814 0
      vertex 3.14522 -7.0531 0
    endloop
  endfacet
  facet normal 0.658433 0.752639 -0
    outer loop
      vertex 3.20325 -7.10421 0
      vertex 3.17345 -7.07814 0.389999
      vertex 3.20325 -7.10421 0.389999
    endloop
  endfacet
  facet normal 0.658433 0.752639 0
    outer loop
      vertex 3.17345 -7.07814 0.389999
      vertex 3.20325 -7.10421 0
      vertex 3.17345 -7.07814 0
    endloop
  endfacet
  facet normal 0.653883 0.756595 -0
    outer loop
      vertex 3.23463 -7.13133 0
      vertex 3.20325 -7.10421 0.389999
      vertex 3.23463 -7.13133 0.389999
    endloop
  endfacet
  facet normal 0.653883 0.756595 0
    outer loop
      vertex 3.20325 -7.10421 0.389999
      vertex 3.23463 -7.13133 0
      vertex 3.20325 -7.10421 0
    endloop
  endfacet
  facet normal 0.649214 0.760606 -0
    outer loop
      vertex 3.26761 -7.15948 0
      vertex 3.23463 -7.13133 0.389999
      vertex 3.26761 -7.15948 0.389999
    endloop
  endfacet
  facet normal 0.649214 0.760606 0
    outer loop
      vertex 3.23463 -7.13133 0.389999
      vertex 3.26761 -7.15948 0
      vertex 3.23463 -7.13133 0
    endloop
  endfacet
  facet normal 0.645645 0.763638 -0
    outer loop
      vertex 3.30217 -7.1887 0
      vertex 3.26761 -7.15948 0.389999
      vertex 3.30217 -7.1887 0.389999
    endloop
  endfacet
  facet normal 0.645645 0.763638 0
    outer loop
      vertex 3.26761 -7.15948 0.389999
      vertex 3.30217 -7.1887 0
      vertex 3.26761 -7.15948 0
    endloop
  endfacet
  facet normal 0.641623 0.76702 -0
    outer loop
      vertex 3.33832 -7.21894 0
      vertex 3.30217 -7.1887 0.389999
      vertex 3.33832 -7.21894 0.389999
    endloop
  endfacet
  facet normal 0.641623 0.76702 0
    outer loop
      vertex 3.30217 -7.1887 0.389999
      vertex 3.33832 -7.21894 0
      vertex 3.30217 -7.1887 0
    endloop
  endfacet
  facet normal 0.638578 0.769557 -0
    outer loop
      vertex 3.37604 -7.25024 0
      vertex 3.33832 -7.21894 0.389999
      vertex 3.37604 -7.25024 0.389999
    endloop
  endfacet
  facet normal 0.638578 0.769557 0
    outer loop
      vertex 3.33832 -7.21894 0.389999
      vertex 3.37604 -7.25024 0
      vertex 3.33832 -7.21894 0
    endloop
  endfacet
  facet normal 0.635535 0.772072 -0
    outer loop
      vertex 3.41534 -7.28259 0
      vertex 3.37604 -7.25024 0.389999
      vertex 3.41534 -7.28259 0.389999
    endloop
  endfacet
  facet normal 0.635535 0.772072 0
    outer loop
      vertex 3.37604 -7.25024 0.389999
      vertex 3.41534 -7.28259 0
      vertex 3.37604 -7.25024 0
    endloop
  endfacet
  facet normal 0.632175 0.774826 -0
    outer loop
      vertex 3.45624 -7.31596 0
      vertex 3.41534 -7.28259 0.389999
      vertex 3.45624 -7.31596 0.389999
    endloop
  endfacet
  facet normal 0.632175 0.774826 0
    outer loop
      vertex 3.41534 -7.28259 0.389999
      vertex 3.45624 -7.31596 0
      vertex 3.41534 -7.28259 0
    endloop
  endfacet
  facet normal 0.63548 0.772117 -0
    outer loop
      vertex 3.4789 -7.33461 0
      vertex 3.45624 -7.31596 0.389999
      vertex 3.4789 -7.33461 0.389999
    endloop
  endfacet
  facet normal 0.63548 0.772117 0
    outer loop
      vertex 3.45624 -7.31596 0.389999
      vertex 3.4789 -7.33461 0
      vertex 3.45624 -7.31596 0
    endloop
  endfacet
  facet normal 0.640219 0.768193 -0
    outer loop
      vertex 3.50099 -7.35302 0
      vertex 3.4789 -7.33461 0.389999
      vertex 3.50099 -7.35302 0.389999
    endloop
  endfacet
  facet normal 0.640219 0.768193 0
    outer loop
      vertex 3.4789 -7.33461 0.389999
      vertex 3.50099 -7.35302 0
      vertex 3.4789 -7.33461 0
    endloop
  endfacet
  facet normal 0.645259 0.763964 -0
    outer loop
      vertex 3.52255 -7.37123 0
      vertex 3.50099 -7.35302 0.389999
      vertex 3.52255 -7.37123 0.389999
    endloop
  endfacet
  facet normal 0.645259 0.763964 0
    outer loop
      vertex 3.50099 -7.35302 0.389999
      vertex 3.52255 -7.37123 0
      vertex 3.50099 -7.35302 0
    endloop
  endfacet
  facet normal 0.650404 0.759588 -0
    outer loop
      vertex 3.54356 -7.38922 0
      vertex 3.52255 -7.37123 0.389999
      vertex 3.54356 -7.38922 0.389999
    endloop
  endfacet
  facet normal 0.650404 0.759588 0
    outer loop
      vertex 3.52255 -7.37123 0.389999
      vertex 3.54356 -7.38922 0
      vertex 3.52255 -7.37123 0
    endloop
  endfacet
  facet normal 0.655548 0.755153 -0
    outer loop
      vertex 3.56403 -7.40699 0
      vertex 3.54356 -7.38922 0.389999
      vertex 3.56403 -7.40699 0.389999
    endloop
  endfacet
  facet normal 0.655548 0.755153 0
    outer loop
      vertex 3.54356 -7.38922 0.389999
      vertex 3.56403 -7.40699 0
      vertex 3.54356 -7.38922 0
    endloop
  endfacet
  facet normal 0.661622 0.749838 -0
    outer loop
      vertex 3.58392 -7.42454 0
      vertex 3.56403 -7.40699 0.389999
      vertex 3.58392 -7.42454 0.389999
    endloop
  endfacet
  facet normal 0.661622 0.749838 0
    outer loop
      vertex 3.56403 -7.40699 0.389999
      vertex 3.58392 -7.42454 0
      vertex 3.56403 -7.40699 0
    endloop
  endfacet
  facet normal 0.666986 0.74507 -0
    outer loop
      vertex 3.60329 -7.44188 0
      vertex 3.58392 -7.42454 0.389999
      vertex 3.60329 -7.44188 0.389999
    endloop
  endfacet
  facet normal 0.666986 0.74507 0
    outer loop
      vertex 3.58392 -7.42454 0.389999
      vertex 3.60329 -7.44188 0
      vertex 3.58392 -7.42454 0
    endloop
  endfacet
  facet normal 0.673299 0.73937 -0
    outer loop
      vertex 3.62209 -7.459 0
      vertex 3.60329 -7.44188 0.389999
      vertex 3.62209 -7.459 0.389999
    endloop
  endfacet
  facet normal 0.673299 0.73937 0
    outer loop
      vertex 3.60329 -7.44188 0.389999
      vertex 3.62209 -7.459 0
      vertex 3.60329 -7.44188 0
    endloop
  endfacet
  facet normal 0.679448 0.733724 -0
    outer loop
      vertex 3.64034 -7.4759 0
      vertex 3.62209 -7.459 0.389999
      vertex 3.64034 -7.4759 0.389999
    endloop
  endfacet
  facet normal 0.679448 0.733724 0
    outer loop
      vertex 3.62209 -7.459 0.389999
      vertex 3.64034 -7.4759 0
      vertex 3.62209 -7.459 0
    endloop
  endfacet
  facet normal 0.686261 0.727355 -0
    outer loop
      vertex 3.65804 -7.4926 0
      vertex 3.64034 -7.4759 0.389999
      vertex 3.65804 -7.4926 0.389999
    endloop
  endfacet
  facet normal 0.686261 0.727355 0
    outer loop
      vertex 3.64034 -7.4759 0.389999
      vertex 3.65804 -7.4926 0
      vertex 3.64034 -7.4759 0
    endloop
  endfacet
  facet normal 0.692865 0.721068 -0
    outer loop
      vertex 3.67517 -7.50906 0
      vertex 3.65804 -7.4926 0.389999
      vertex 3.67517 -7.50906 0.389999
    endloop
  endfacet
  facet normal 0.692865 0.721068 0
    outer loop
      vertex 3.65804 -7.4926 0.389999
      vertex 3.67517 -7.50906 0
      vertex 3.65804 -7.4926 0
    endloop
  endfacet
  facet normal 0.699533 0.7146 -0
    outer loop
      vertex 3.69177 -7.52531 0
      vertex 3.67517 -7.50906 0.389999
      vertex 3.69177 -7.52531 0.389999
    endloop
  endfacet
  facet normal 0.699533 0.7146 0
    outer loop
      vertex 3.67517 -7.50906 0.389999
      vertex 3.69177 -7.52531 0
      vertex 3.67517 -7.50906 0
    endloop
  endfacet
  facet normal 0.707107 0.707107 0
    outer loop
      vertex 3.70781 -7.54135 0.389999
      vertex 3.69177 -7.52531 0
      vertex 3.69177 -7.52531 0.389999
    endloop
  endfacet
  facet normal 0.707107 0.707107 0
    outer loop
      vertex 3.69177 -7.52531 0
      vertex 3.70781 -7.54135 0.389999
      vertex 3.70781 -7.54135 0
    endloop
  endfacet
  facet normal 0.714294 0.699846 0
    outer loop
      vertex 3.72331 -7.55717 0.389999
      vertex 3.70781 -7.54135 0
      vertex 3.70781 -7.54135 0.389999
    endloop
  endfacet
  facet normal 0.714294 0.699846 0
    outer loop
      vertex 3.70781 -7.54135 0
      vertex 3.72331 -7.55717 0.389999
      vertex 3.72331 -7.55717 0
    endloop
  endfacet
  facet normal 0.722219 0.691664 0
    outer loop
      vertex 3.73825 -7.57277 0.389999
      vertex 3.72331 -7.55717 0
      vertex 3.72331 -7.55717 0.389999
    endloop
  endfacet
  facet normal 0.722219 0.691664 0
    outer loop
      vertex 3.72331 -7.55717 0
      vertex 3.73825 -7.57277 0.389999
      vertex 3.73825 -7.57277 0
    endloop
  endfacet
  facet normal 0.730218 0.683214 0
    outer loop
      vertex 3.75264 -7.58815 0.389999
      vertex 3.73825 -7.57277 0
      vertex 3.73825 -7.57277 0.389999
    endloop
  endfacet
  facet normal 0.730218 0.683214 0
    outer loop
      vertex 3.73825 -7.57277 0
      vertex 3.75264 -7.58815 0.389999
      vertex 3.75264 -7.58815 0
    endloop
  endfacet
  facet normal 0.738528 0.674223 0
    outer loop
      vertex 3.76648 -7.60331 0.389999
      vertex 3.75264 -7.58815 0
      vertex 3.75264 -7.58815 0.389999
    endloop
  endfacet
  facet normal 0.738528 0.674223 0
    outer loop
      vertex 3.75264 -7.58815 0
      vertex 3.76648 -7.60331 0.389999
      vertex 3.76648 -7.60331 0
    endloop
  endfacet
  facet normal 0.747903 0.663808 0
    outer loop
      vertex 3.77982 -7.61834 0.389999
      vertex 3.76648 -7.60331 0
      vertex 3.76648 -7.60331 0.389999
    endloop
  endfacet
  facet normal 0.747903 0.663808 0
    outer loop
      vertex 3.76648 -7.60331 0
      vertex 3.77982 -7.61834 0.389999
      vertex 3.77982 -7.61834 0
    endloop
  endfacet
  facet normal 0.75779 0.652499 0
    outer loop
      vertex 3.79271 -7.63331 0.389999
      vertex 3.77982 -7.61834 0
      vertex 3.77982 -7.61834 0.389999
    endloop
  endfacet
  facet normal 0.75779 0.652499 0
    outer loop
      vertex 3.77982 -7.61834 0
      vertex 3.79271 -7.63331 0.389999
      vertex 3.79271 -7.63331 0
    endloop
  endfacet
  facet normal 0.767164 0.64145 0
    outer loop
      vertex 3.80516 -7.6482 0.389999
      vertex 3.79271 -7.63331 0
      vertex 3.79271 -7.63331 0.389999
    endloop
  endfacet
  facet normal 0.767164 0.64145 0
    outer loop
      vertex 3.79271 -7.63331 0
      vertex 3.80516 -7.6482 0.389999
      vertex 3.80516 -7.6482 0
    endloop
  endfacet
  facet normal 0.777843 0.628459 0
    outer loop
      vertex 3.81715 -7.66304 0.389999
      vertex 3.80516 -7.6482 0
      vertex 3.80516 -7.6482 0.389999
    endloop
  endfacet
  facet normal 0.777843 0.628459 0
    outer loop
      vertex 3.80516 -7.6482 0
      vertex 3.81715 -7.66304 0.389999
      vertex 3.81715 -7.66304 0
    endloop
  endfacet
  facet normal 0.787741 0.616006 0
    outer loop
      vertex 3.8287 -7.67781 0.389999
      vertex 3.81715 -7.66304 0
      vertex 3.81715 -7.66304 0.389999
    endloop
  endfacet
  facet normal 0.787741 0.616006 0
    outer loop
      vertex 3.81715 -7.66304 0
      vertex 3.8287 -7.67781 0.389999
      vertex 3.8287 -7.67781 0
    endloop
  endfacet
  facet normal 0.797583 0.603209 0
    outer loop
      vertex 3.83981 -7.6925 0.389999
      vertex 3.8287 -7.67781 0
      vertex 3.8287 -7.67781 0.389999
    endloop
  endfacet
  facet normal 0.797583 0.603209 0
    outer loop
      vertex 3.8287 -7.67781 0
      vertex 3.83981 -7.6925 0.389999
      vertex 3.83981 -7.6925 0
    endloop
  endfacet
  facet normal 0.80833 0.588729 0
    outer loop
      vertex 3.85048 -7.70715 0.389999
      vertex 3.83981 -7.6925 0
      vertex 3.83981 -7.6925 0.389999
    endloop
  endfacet
  facet normal 0.80833 0.588729 0
    outer loop
      vertex 3.83981 -7.6925 0
      vertex 3.85048 -7.70715 0.389999
      vertex 3.85048 -7.70715 0
    endloop
  endfacet
  facet normal 0.818677 0.574254 0
    outer loop
      vertex 3.8607 -7.72172 0.389999
      vertex 3.85048 -7.70715 0
      vertex 3.85048 -7.70715 0.389999
    endloop
  endfacet
  facet normal 0.818677 0.574254 0
    outer loop
      vertex 3.85048 -7.70715 0
      vertex 3.8607 -7.72172 0.389999
      vertex 3.8607 -7.72172 0
    endloop
  endfacet
  facet normal 0.829491 0.55852 0
    outer loop
      vertex 3.87047 -7.73623 0.389999
      vertex 3.8607 -7.72172 0
      vertex 3.8607 -7.72172 0.389999
    endloop
  endfacet
  facet normal 0.829491 0.55852 0
    outer loop
      vertex 3.8607 -7.72172 0
      vertex 3.87047 -7.73623 0.389999
      vertex 3.87047 -7.73623 0
    endloop
  endfacet
  facet normal 0.839835 0.542842 0
    outer loop
      vertex 3.87981 -7.75068 0.389999
      vertex 3.87047 -7.73623 0
      vertex 3.87047 -7.73623 0.389999
    endloop
  endfacet
  facet normal 0.839835 0.542842 0
    outer loop
      vertex 3.87047 -7.73623 0
      vertex 3.87981 -7.75068 0.389999
      vertex 3.87981 -7.75068 0
    endloop
  endfacet
  facet normal 0.850845 0.525417 0
    outer loop
      vertex 3.88869 -7.76506 0.389999
      vertex 3.87981 -7.75068 0
      vertex 3.87981 -7.75068 0.389999
    endloop
  endfacet
  facet normal 0.850845 0.525417 0
    outer loop
      vertex 3.87981 -7.75068 0
      vertex 3.88869 -7.76506 0.389999
      vertex 3.88869 -7.76506 0
    endloop
  endfacet
  facet normal 0.861872 0.507125 0
    outer loop
      vertex 3.89711 -7.77937 0.389999
      vertex 3.88869 -7.76506 0
      vertex 3.88869 -7.76506 0.389999
    endloop
  endfacet
  facet normal 0.861872 0.507125 0
    outer loop
      vertex 3.88869 -7.76506 0
      vertex 3.89711 -7.77937 0.389999
      vertex 3.89711 -7.77937 0
    endloop
  endfacet
  facet normal 0.871984 0.489535 0
    outer loop
      vertex 3.90511 -7.79362 0.389999
      vertex 3.89711 -7.77937 0
      vertex 3.89711 -7.77937 0.389999
    endloop
  endfacet
  facet normal 0.871984 0.489535 0
    outer loop
      vertex 3.89711 -7.77937 0
      vertex 3.90511 -7.79362 0.389999
      vertex 3.90511 -7.79362 0
    endloop
  endfacet
  facet normal 0.883333 0.468746 0
    outer loop
      vertex 3.91264 -7.80781 0.389999
      vertex 3.90511 -7.79362 0
      vertex 3.90511 -7.79362 0.389999
    endloop
  endfacet
  facet normal 0.883333 0.468746 0
    outer loop
      vertex 3.90511 -7.79362 0
      vertex 3.91264 -7.80781 0.389999
      vertex 3.91264 -7.80781 0
    endloop
  endfacet
  facet normal 0.89354 0.448983 0
    outer loop
      vertex 3.91974 -7.82194 0.389999
      vertex 3.91264 -7.80781 0
      vertex 3.91264 -7.80781 0.389999
    endloop
  endfacet
  facet normal 0.89354 0.448983 0
    outer loop
      vertex 3.91264 -7.80781 0
      vertex 3.91974 -7.82194 0.389999
      vertex 3.91974 -7.82194 0
    endloop
  endfacet
  facet normal 0.903869 0.42781 0
    outer loop
      vertex 3.92639 -7.83599 0.389999
      vertex 3.91974 -7.82194 0
      vertex 3.91974 -7.82194 0.389999
    endloop
  endfacet
  facet normal 0.903869 0.42781 0
    outer loop
      vertex 3.91974 -7.82194 0
      vertex 3.92639 -7.83599 0.389999
      vertex 3.92639 -7.83599 0
    endloop
  endfacet
  facet normal 0.914107 0.405472 0
    outer loop
      vertex 3.9326 -7.84999 0.389999
      vertex 3.92639 -7.83599 0
      vertex 3.92639 -7.83599 0.389999
    endloop
  endfacet
  facet normal 0.914107 0.405472 0
    outer loop
      vertex 3.92639 -7.83599 0
      vertex 3.9326 -7.84999 0.389999
      vertex 3.9326 -7.84999 0
    endloop
  endfacet
  facet normal 0 -1 0
    outer loop
      vertex 2.68657 -7.84999 0
      vertex 3.9326 -7.84999 0.389999
      vertex 2.68657 -7.84999 0.389999
    endloop
  endfacet
  facet normal 0 -1 -0
    outer loop
      vertex 3.9326 -7.84999 0.389999
      vertex 2.68657 -7.84999 0
      vertex 3.9326 -7.84999 0
    endloop
  endfacet
  facet normal 1 -0 0
    outer loop
      vertex 2.68657 -8.10937 0.389999
      vertex 2.68657 -7.84999 0
      vertex 2.68657 -7.84999 0.389999
    endloop
  endfacet
  facet normal 1 0 0
    outer loop
      vertex 2.68657 -7.84999 0
      vertex 2.68657 -8.10937 0.389999
      vertex 2.68657 -8.10937 0
    endloop
  endfacet
  facet normal 0 1 -0
    outer loop
      vertex 4.26828 -8.10937 0
      vertex 2.68657 -8.10937 0.389999
      vertex 4.26828 -8.10937 0.389999
    endloop
  endfacet
  facet normal 0 1 0
    outer loop
      vertex 2.68657 -8.10937 0.389999
      vertex 4.26828 -8.10937 0
      vertex 2.68657 -8.10937 0
    endloop
  endfacet
  facet normal -1 0 0
    outer loop
      vertex 4.26828 -8.10937 0
      vertex 4.26828 -7.89407 0.389999
      vertex 4.26828 -7.89407 0
    endloop
  endfacet
  facet normal -1 -0 0
    outer loop
      vertex 4.26828 -7.89407 0.389999
      vertex 4.26828 -8.10937 0
      vertex 4.26828 -8.10937 0.389999
    endloop
  endfacet
  facet normal 0.221774 -0.671518 -0.707022
    outer loop
      vertex 4.32524 -14.2584 0.599999
      vertex 4.15107 -13.6842 0
      vertex 4.81752 -13.4641 0
    endloop
  endfacet
  facet normal 0.705226 0.0520042 0.707073
    outer loop
      vertex 14.8821 0.731108 11.7
      vertex 14.5297 1.43105 12
      vertex 14.5824 0.716388 12
    endloop
  endfacet
  facet normal 0.407178 0.578221 -0.707013
    outer loop
      vertex 8.5185 11.4859 0
      vertex 7.94465 11.89 0
      vertex 8.278 12.3889 0.599999
    endloop
  endfacet
  facet normal 0.992467 0.122515 0
    outer loop
      vertex 14.8283 1.46045 11.7
      vertex 14.7387 2.18628 0.599999
      vertex 14.7387 2.18628 11.7
    endloop
  endfacet
  facet normal 0.992467 0.122515 0
    outer loop
      vertex 14.7387 2.18628 0.599999
      vertex 14.8283 1.46045 11.7
      vertex 14.8283 1.46045 0.599999
    endloop
  endfacet
  facet normal 0.557554 0.435085 -0.70699
    outer loop
      vertex 11.9678 8.87592 0.599999
      vertex 11.4859 8.5185 0
      vertex 11.5179 9.45246 0.599999
    endloop
  endfacet
  facet normal -0.690075 -0.15493 0.70696
    outer loop
      vertex -14.3195 -2.84832 12
      vertex -14.6137 -2.90685 11.7
      vertex -14.4535 -3.6204 11.7
    endloop
  endfacet
  facet normal 0.266769 -0.96376 0
    outer loop
      vertex 3.6204 -14.4535 0.599999
      vertex 4.32524 -14.2584 11.7
      vertex 3.6204 -14.4535 11.7
    endloop
  endfacet
  facet normal 0.266769 -0.96376 0
    outer loop
      vertex 4.32524 -14.2584 11.7
      vertex 3.6204 -14.4535 0.599999
      vertex 4.32524 -14.2584 0.599999
    endloop
  endfacet
  facet normal 0.086544 -0.701845 -0.707053
    outer loop
      vertex 1.46045 -14.8283 0.599999
      vertex 1.40164 -14.2311 0
      vertex 2.14226 -14.442 0.299999
    endloop
  endfacet
  facet normal 0.78837 -0.615201 0
    outer loop
      vertex 11.5179 -9.45246 11.7
      vertex 11.9678 -8.87592 0.599999
      vertex 11.9678 -8.87592 11.7
    endloop
  endfacet
  facet normal 0.78837 -0.615201 0
    outer loop
      vertex 11.9678 -8.87592 0.599999
      vertex 11.5179 -9.45246 11.7
      vertex 11.5179 -9.45246 0.599999
    endloop
  endfacet
  facet normal 0.378321 -0.597565 0.706958
    outer loop
      vertex 8.11133 -12.1395 12
      vertex 7.5059 -12.5228 12
      vertex 8.278 -12.3889 11.7
    endloop
  endfacet
  facet normal 0.221841 -0.671474 0.707043
    outer loop
      vertex 4.91859 -13.7465 12
      vertex 4.23816 -13.9713 12
      vertex 5.01966 -14.029 11.7
    endloop
  endfacet
  facet normal 0.701835 0.086638 0.707051
    outer loop
      vertex 14.7387 2.18628 11.7
      vertex 14.5297 1.43105 12
      vertex 14.8283 1.46045 11.7
    endloop
  endfacet
  facet normal 0.407293 0.578205 0.706959
    outer loop
      vertex 8.278 12.3889 11.7
      vertex 8.11133 12.1395 12
      vertex 8.69721 11.7268 12
    endloop
  endfacet
  facet normal 0.701835 -0.086638 0.707051
    outer loop
      vertex 14.8283 -1.46045 11.7
      vertex 14.5297 -1.43105 12
      vertex 14.7387 -2.18628 11.7
    endloop
  endfacet
  facet normal 0.512269 0.487655 0.706946
    outer loop
      vertex 10.5359 10.5359 11.7
      vertex 10.3238 10.3238 12
      vertex 10.8179 9.80476 12
    endloop
  endfacet
  facet normal 0.615388 -0.348545 -0.706975
    outer loop
      vertex 12.7802 -7.66013 0.599999
      vertex 12.6115 -6.74097 0
      vertex 13.1406 -7.02381 0.599999
    endloop
  endfacet
  facet normal -0.78837 -0.615201 0
    outer loop
      vertex -11.5179 -9.45246 0.599999
      vertex -11.9678 -8.87592 11.7
      vertex -11.9678 -8.87592 0.599999
    endloop
  endfacet
  facet normal -0.78837 -0.615201 0
    outer loop
      vertex -11.9678 -8.87592 11.7
      vertex -11.5179 -9.45246 0.599999
      vertex -11.5179 -9.45246 11.7
    endloop
  endfacet
  facet normal -0.286594 -0.646535 0.707005
    outer loop
      vertex -6.2423 -13.1982 12
      vertex -6.37057 -13.4694 11.7
      vertex -5.58718 -13.4886 12
    endloop
  endfacet
  facet normal -0.266769 -0.96376 0
    outer loop
      vertex -4.32524 -14.2584 0.599999
      vertex -3.6204 -14.4535 11.7
      vertex -4.32524 -14.2584 11.7
    endloop
  endfacet
  facet normal -0.266769 -0.96376 -0
    outer loop
      vertex -3.6204 -14.4535 11.7
      vertex -4.32524 -14.2584 0.599999
      vertex -3.6204 -14.4535 0.599999
    endloop
  endfacet
  facet normal 0.535499 0.461875 -0.707045
    outer loop
      vertex 11.054 9.07182 0
      vertex 10.5956 9.60329 0
      vertex 11.5179 9.45246 0.599999
    endloop
  endfacet
  facet normal -0.22183 -0.671503 0.707018
    outer loop
      vertex -4.23816 -13.9713 12
      vertex -5.01966 -14.029 11.7
      vertex -4.32524 -14.2584 11.7
    endloop
  endfacet
  facet normal 0.487651 -0.512212 0.70699
    outer loop
      vertex 10.5359 -10.5359 11.7
      vertex 9.80476 -10.8179 12
      vertex 10.0062 -11.0402 11.7
    endloop
  endfacet
  facet normal 0.535035 -0.84483 0
    outer loop
      vertex 7.66013 -12.7802 0.599999
      vertex 8.278 -12.3889 11.7
      vertex 7.66013 -12.7802 11.7
    endloop
  endfacet
  facet normal 0.535035 -0.84483 0
    outer loop
      vertex 8.278 -12.3889 11.7
      vertex 7.66013 -12.7802 0.599999
      vertex 8.278 -12.3889 0.599999
    endloop
  endfacet
  facet normal 0.557451 -0.435125 -0.707047
    outer loop
      vertex 11.5179 -9.45246 0.599999
      vertex 11.054 -9.07182 0
      vertex 11.4859 -8.5185 0
    endloop
  endfacet
  facet normal -0.449597 0.893232 0
    outer loop
      vertex -6.37057 13.4694 0.599999
      vertex -7.02381 13.1406 11.7
      vertex -6.37057 13.4694 11.7
    endloop
  endfacet
  facet normal -0.449597 0.893232 0
    outer loop
      vertex -7.02381 13.1406 11.7
      vertex -6.37057 13.4694 0.599999
      vertex -7.02381 13.1406 0.599999
    endloop
  endfacet
  facet normal 0.681564 0.188657 -0.707022
    outer loop
      vertex 14.4535 3.6204 0.599999
      vertex 13.6842 4.15107 0
      vertex 14.2584 4.32524 0.599999
    endloop
  endfacet
  facet normal -0.487642 0.512203 -0.707003
    outer loop
      vertex -9.60329 10.5956 0
      vertex -10.5359 10.5359 0.599999
      vertex -10.0062 11.0402 0.599999
    endloop
  endfacet
  facet normal -0.188612 0.681551 -0.707046
    outer loop
      vertex -3.47462 13.8714 0
      vertex -4.15107 13.6842 0
      vertex -3.6204 14.4535 0.599999
    endloop
  endfacet
  facet normal 0.615388 0.348545 -0.706975
    outer loop
      vertex 13.1406 7.02381 0.599999
      vertex 12.6115 6.74097 0
      vertex 12.7802 7.66013 0.599999
    endloop
  endfacet
  facet normal -0.701959 -0.0865592 0.706938
    outer loop
      vertex -14.5297 -1.43105 12
      vertex -14.7387 -2.18628 11.7
      vertex -14.442 -2.14226 12
    endloop
  endfacet
  facet normal 0.578205 -0.407293 0.706959
    outer loop
      vertex 12.1395 -8.11133 12
      vertex 11.7268 -8.69721 12
      vertex 12.3889 -8.278 11.7
    endloop
  endfacet
  facet normal 0.631725 -0.317913 -0.707004
    outer loop
      vertex 13.4694 -6.37057 0.599999
      vertex 12.6115 -6.74097 0
      vertex 12.927 -6.11404 0
    endloop
  endfacet
  facet normal -0.646542 0.286626 -0.706986
    outer loop
      vertex -13.2115 5.47237 0
      vertex -13.7658 5.70198 0.599999
      vertex -13.4694 6.37057 0.599999
    endloop
  endfacet
  facet normal 0.254528 0.659839 -0.706986
    outer loop
      vertex 5.47237 13.2115 0
      vertex 5.01966 14.029 0.599999
      vertex 5.70198 13.7658 0.599999
    endloop
  endfacet
  facet normal -0.317973 -0.631693 0.707005
    outer loop
      vertex -6.2423 -13.1982 12
      vertex -6.88239 -12.876 12
      vertex -6.37057 -13.4694 11.7
    endloop
  endfacet
  facet normal 0.696747 -0.120904 -0.707054
    outer loop
      vertex 14.442 -2.14226 0.299999
      vertex 14.0252 -2.78979 0
      vertex 14.1452 -2.09825 0
    endloop
  endfacet
  facet normal -0.378341 0.597407 0.70708
    outer loop
      vertex -7.66013 12.7802 11.7
      vertex -8.278 12.3889 11.7
      vertex -7.5059 12.5228 12
    endloop
  endfacet
  facet normal -0.348545 -0.615388 -0.706975
    outer loop
      vertex -7.02381 -13.1406 0.599999
      vertex -7.66013 -12.7802 0.599999
      vertex -6.74097 -12.6115 0
    endloop
  endfacet
  facet normal 0.681551 -0.188612 -0.707046
    outer loop
      vertex 14.4535 -3.6204 0.599999
      vertex 13.6842 -4.15107 0
      vertex 13.8714 -3.47462 0
    endloop
  endfacet
  facet normal 0.681589 -0.188692 0.706988
    outer loop
      vertex 14.1625 -3.54751 12
      vertex 13.9713 -4.23816 12
      vertex 14.4535 -3.6204 11.7
    endloop
  endfacet
  facet normal 0.696867 -0.120888 -0.706939
    outer loop
      vertex 14.6137 -2.90685 0.599999
      vertex 14.442 -2.14226 0.299999
      vertex 14.7387 -2.18628 0.599999
    endloop
  endfacet
  facet normal -0.701835 -0.086638 0.707051
    outer loop
      vertex -14.5297 -1.43105 12
      vertex -14.8283 -1.46045 11.7
      vertex -14.7387 -2.18628 11.7
    endloop
  endfacet
  facet normal -0.51215 -0.487657 -0.707031
    outer loop
      vertex -10.5359 -10.5359 0.599999
      vertex -10.5956 -9.60329 0
      vertex -10.1116 -10.1116 0
    endloop
  endfacet
  facet normal 0.086638 -0.701835 0.707051
    outer loop
      vertex 2.18628 -14.7387 11.7
      vertex 1.43105 -14.5297 12
      vertex 1.46045 -14.8283 11.7
    endloop
  endfacet
  facet normal 0.0520225 -0.705245 0.707052
    outer loop
      vertex 1.43105 -14.5297 12
      vertex 0.731108 -14.8821 11.7
      vertex 1.46045 -14.8283 11.7
    endloop
  endfacet
  facet normal 0.681566 0.188658 0.707019
    outer loop
      vertex 14.2584 4.32524 11.7
      vertex 13.9713 4.23816 12
      vertex 14.4535 3.6204 11.7
    endloop
  endfacet
  facet normal 0.653205 0.757181 -0
    outer loop
      vertex 10.0062 11.0402 0.599999
      vertex 9.45246 11.5179 11.7
      vertex 10.0062 11.0402 11.7
    endloop
  endfacet
  facet normal 0.653205 0.757181 0
    outer loop
      vertex 9.45246 11.5179 11.7
      vertex 10.0062 11.0402 0.599999
      vertex 9.45246 11.5179 0.599999
    endloop
  endfacet
  facet normal 0.690018 0.154917 -0.707019
    outer loop
      vertex 14.6137 2.90685 0.599999
      vertex 14.0252 2.78979 0
      vertex 14.4535 3.6204 0.599999
    endloop
  endfacet
  facet normal 0.705283 0.0520253 -0.707014
    outer loop
      vertex 14.8821 0.731108 0.599999
      vertex 14.2828 0.701667 0
      vertex 14.8283 1.46045 0.599999
    endloop
  endfacet
  facet normal 0.407196 -0.578178 0.707037
    outer loop
      vertex 8.69721 -11.7268 12
      vertex 8.278 -12.3889 11.7
      vertex 8.87592 -11.9678 11.7
    endloop
  endfacet
  facet normal -0.461952 0.535493 0.706999
    outer loop
      vertex -9.45246 11.5179 11.7
      vertex -9.80476 10.8179 12
      vertex -9.26214 11.286 12
    endloop
  endfacet
  facet normal 0.313675 0.94953 -0
    outer loop
      vertex 5.01966 14.029 0.599999
      vertex 4.32524 14.2584 11.7
      vertex 5.01966 14.029 11.7
    endloop
  endfacet
  facet normal 0.313675 0.94953 0
    outer loop
      vertex 4.32524 14.2584 11.7
      vertex 5.01966 14.029 0.599999
      vertex 4.32524 14.2584 0.599999
    endloop
  endfacet
  facet normal 0.286626 0.646542 -0.706986
    outer loop
      vertex 6.37057 13.4694 0.599999
      vertex 5.47237 13.2115 0
      vertex 5.70198 13.7658 0.599999
    endloop
  endfacet
  facet normal 0.681589 0.188692 0.706988
    outer loop
      vertex 14.4535 3.6204 11.7
      vertex 13.9713 4.23816 12
      vertex 14.1625 3.54751 12
    endloop
  endfacet
  facet normal -0.359895 0.932993 0
    outer loop
      vertex -5.01966 14.029 0.599999
      vertex -5.70198 13.7658 11.7
      vertex -5.01966 14.029 11.7
    endloop
  endfacet
  facet normal -0.359895 0.932993 0
    outer loop
      vertex -5.70198 13.7658 11.7
      vertex -5.01966 14.029 0.599999
      vertex -5.70198 13.7658 0.599999
    endloop
  endfacet
  facet normal -0.086544 0.701845 -0.707053
    outer loop
      vertex -1.40164 14.2311 0
      vertex -2.14226 14.442 0.299999
      vertex -1.46045 14.8283 0.599999
    endloop
  endfacet
  facet normal -0.086638 -0.701835 0.707051
    outer loop
      vertex -1.43105 -14.5297 12
      vertex -2.18628 -14.7387 11.7
      vertex -1.46045 -14.8283 11.7
    endloop
  endfacet
  facet normal 0.317913 0.631725 -0.707004
    outer loop
      vertex 6.74097 12.6115 0
      vertex 6.11404 12.927 0
      vertex 6.37057 13.4694 0.599999
    endloop
  endfacet
  facet normal 0.22183 0.671503 0.707018
    outer loop
      vertex 4.32524 14.2584 11.7
      vertex 4.23816 13.9713 12
      vertex 5.01966 14.029 11.7
    endloop
  endfacet
  facet normal -0.99729 -0.0735652 0
    outer loop
      vertex -14.8283 -1.46045 0.599999
      vertex -14.8821 -0.731108 11.7
      vertex -14.8821 -0.731108 0.599999
    endloop
  endfacet
  facet normal -0.99729 -0.0735652 0
    outer loop
      vertex -14.8821 -0.731108 11.7
      vertex -14.8283 -1.46045 0.599999
      vertex -14.8283 -1.46045 11.7
    endloop
  endfacet
  facet normal 0.221839 0.671533 -0.706987
    outer loop
      vertex 4.81752 13.4641 0
      vertex 4.32524 14.2584 0.599999
      vertex 5.01966 14.029 0.599999
    endloop
  endfacet
  facet normal 0.631693 0.317973 0.707005
    outer loop
      vertex 13.4694 6.37057 11.7
      vertex 12.876 6.88239 12
      vertex 13.1982 6.2423 12
    endloop
  endfacet
  facet normal -0.690075 0.15493 0.70696
    outer loop
      vertex -14.4535 3.6204 11.7
      vertex -14.6137 2.90685 11.7
      vertex -14.3195 2.84832 12
    endloop
  endfacet
  facet normal -0.120939 -0.696777 -0.707019
    outer loop
      vertex -2.14226 -14.442 0.299999
      vertex -2.90685 -14.6137 0.599999
      vertex -2.78979 -14.0252 0
    endloop
  endfacet
  facet normal -0.689981 -0.154957 -0.707047
    outer loop
      vertex -13.8714 -3.47462 0
      vertex -14.4535 -3.6204 0.599999
      vertex -14.0252 -2.78979 0
    endloop
  endfacet
  facet normal -0.461952 0.535485 -0.707005
    outer loop
      vertex -9.60329 10.5956 0
      vertex -10.0062 11.0402 0.599999
      vertex -9.45246 11.5179 0.599999
    endloop
  endfacet
  facet normal 0.0520889 -0.705238 -0.707054
    outer loop
      vertex 1.46045 -14.8283 0.599999
      vertex 0.701667 -14.2828 0
      vertex 1.40164 -14.2311 0
    endloop
  endfacet
  facet normal 0.407293 -0.578205 0.706959
    outer loop
      vertex 8.69721 -11.7268 12
      vertex 8.11133 -12.1395 12
      vertex 8.278 -12.3889 11.7
    endloop
  endfacet
  facet normal 0.188692 -0.681589 0.706988
    outer loop
      vertex 4.23816 -13.9713 12
      vertex 3.54751 -14.1625 12
      vertex 3.6204 -14.4535 11.7
    endloop
  endfacet
  facet normal -0.646496 0.286605 0.707036
    outer loop
      vertex -13.4694 6.37057 11.7
      vertex -13.7658 5.70198 11.7
      vertex -13.4886 5.58718 12
    endloop
  endfacet
  facet normal -0.615344 -0.34852 0.707026
    outer loop
      vertex -12.876 -6.88239 12
      vertex -13.1406 -7.02381 11.7
      vertex -12.7802 -7.66013 11.7
    endloop
  endfacet
  facet normal -0.120885 -0.696847 0.706959
    outer loop
      vertex -2.84832 -14.3195 12
      vertex -2.90685 -14.6137 11.7
      vertex -2.18628 -14.7387 11.7
    endloop
  endfacet
  facet normal -0.188692 -0.681589 0.706988
    outer loop
      vertex -3.54751 -14.1625 12
      vertex -4.23816 -13.9713 12
      vertex -3.6204 -14.4535 11.7
    endloop
  endfacet
  facet normal 0.671474 0.221841 0.707043
    outer loop
      vertex 14.029 5.01966 11.7
      vertex 13.7465 4.91859 12
      vertex 13.9713 4.23816 12
    endloop
  endfacet
  facet normal 0.705226 -0.0520042 0.707073
    outer loop
      vertex 14.5824 -0.716388 12
      vertex 14.5297 -1.43105 12
      vertex 14.8821 -0.731108 11.7
    endloop
  endfacet
  facet normal -0.0520042 -0.705226 0.707073
    outer loop
      vertex -0.716388 -14.5824 12
      vertex -1.43105 -14.5297 12
      vertex -0.731108 -14.8821 11.7
    endloop
  endfacet
  facet normal -0.286605 -0.646496 0.707036
    outer loop
      vertex -5.58718 -13.4886 12
      vertex -6.37057 -13.4694 11.7
      vertex -5.70198 -13.7658 11.7
    endloop
  endfacet
  facet normal -0.254528 -0.659839 -0.706986
    outer loop
      vertex -5.01966 -14.029 0.599999
      vertex -5.70198 -13.7658 0.599999
      vertex -5.47237 -13.2115 0
    endloop
  endfacet
  facet normal -0.706988 0.0173095 -0.707014
    outer loop
      vertex -14.2828 0.701667 0
      vertex -14.9 0 0.599999
      vertex -14.8821 0.731108 0.599999
    endloop
  endfacet
  facet normal 0.15493 -0.690075 0.70696
    outer loop
      vertex 3.6204 -14.4535 11.7
      vertex 2.84832 -14.3195 12
      vertex 2.90685 -14.6137 11.7
    endloop
  endfacet
  facet normal 0.653205 -0.757181 0
    outer loop
      vertex 9.45246 -11.5179 0.599999
      vertex 10.0062 -11.0402 11.7
      vertex 9.45246 -11.5179 11.7
    endloop
  endfacet
  facet normal 0.653205 -0.757181 0
    outer loop
      vertex 10.0062 -11.0402 11.7
      vertex 9.45246 -11.5179 0.599999
      vertex 10.0062 -11.0402 0.599999
    endloop
  endfacet
  facet normal 0.575806 -0.817587 0
    outer loop
      vertex 8.278 -12.3889 0.599999
      vertex 8.87592 -11.9678 11.7
      vertex 8.278 -12.3889 11.7
    endloop
  endfacet
  facet normal 0.575806 -0.817587 0
    outer loop
      vertex 8.87592 -11.9678 11.7
      vertex 8.278 -12.3889 0.599999
      vertex 8.87592 -11.9678 0.599999
    endloop
  endfacet
  facet normal 0.286647 -0.646512 -0.707004
    outer loop
      vertex 6.37057 -13.4694 0.599999
      vertex 5.47237 -13.2115 0
      vertex 6.11404 -12.927 0
    endloop
  endfacet
  facet normal 0.893232 -0.449597 0
    outer loop
      vertex 13.1406 -7.02381 11.7
      vertex 13.4694 -6.37057 0.599999
      vertex 13.4694 -6.37057 11.7
    endloop
  endfacet
  facet normal 0.893232 -0.449597 0
    outer loop
      vertex 13.4694 -6.37057 0.599999
      vertex 13.1406 -7.02381 11.7
      vertex 13.1406 -7.02381 0.599999
    endloop
  endfacet
  facet normal 0.0520225 0.705245 0.707052
    outer loop
      vertex 1.46045 14.8283 11.7
      vertex 0.731108 14.8821 11.7
      vertex 1.43105 14.5297 12
    endloop
  endfacet
  facet normal -0.557554 0.435085 -0.70699
    outer loop
      vertex -11.4859 8.5185 0
      vertex -11.9678 8.87592 0.599999
      vertex -11.5179 9.45246 0.599999
    endloop
  endfacet
  facet normal 0.659786 0.254508 0.707042
    outer loop
      vertex 13.7658 5.70198 11.7
      vertex 13.7465 4.91859 12
      vertex 14.029 5.01966 11.7
    endloop
  endfacet
  facet normal -0.870583 -0.492021 0
    outer loop
      vertex -13.1272 -7.04752 11.244
      vertex -13.1406 -7.02381 11.7
      vertex -13.1406 -7.02381 11.2457
    endloop
  endfacet
  facet normal -0.870045 -0.492972 6.52502e-05
    outer loop
      vertex -13.0927 -7.10841 11.2365
      vertex -13.1406 -7.02381 11.7
      vertex -13.1272 -7.04752 11.244
    endloop
  endfacet
  facet normal -0.870367 -0.492404 -7.17011e-05
    outer loop
      vertex -13.0585 -7.16886 11.226
      vertex -13.1406 -7.02381 11.7
      vertex -13.0927 -7.10841 11.2365
    endloop
  endfacet
  facet normal -0.869472 -0.493981 0.000565945
    outer loop
      vertex -13.0245 -7.22872 11.2125
      vertex -13.1406 -7.02381 11.7
      vertex -13.0585 -7.16886 11.226
    endloop
  endfacet
  facet normal -0.870115 -0.49285 -0.000105129
    outer loop
      vertex -12.7802 -7.66013 11.7
      vertex -13.0245 -7.22872 11.2125
      vertex -12.991 -7.28786 11.1962
    endloop
  endfacet
  facet normal -0.870095 -0.492884 -0.000138382
    outer loop
      vertex -12.7802 -7.66013 11.7
      vertex -12.991 -7.28786 11.1962
      vertex -12.958 -7.34611 11.1769
    endloop
  endfacet
  facet normal -0.870245 -0.492619 7.13523e-05
    outer loop
      vertex -12.7802 -7.66013 11.7
      vertex -12.958 -7.34611 11.1769
      vertex -12.9256 -7.40335 11.1548
    endloop
  endfacet
  facet normal -0.869963 -0.493117 -0.000238232
    outer loop
      vertex -12.7802 -7.66013 11.7
      vertex -12.9256 -7.40335 11.1548
      vertex -12.8938 -7.45944 11.13
    endloop
  endfacet
  facet normal -0.870398 -0.492349 0.000118938
    outer loop
      vertex -12.7802 -7.66013 11.7
      vertex -12.8938 -7.45944 11.13
      vertex -12.8628 -7.51425 11.1024
    endloop
  endfacet
  facet normal -0.870341 -0.492449 8.65895e-05
    outer loop
      vertex -12.7802 -7.66013 11.7
      vertex -12.8628 -7.51425 11.1024
      vertex -12.8326 -7.56763 11.0722
    endloop
  endfacet
  facet normal -0.869833 -0.493347 -8.82004e-05
    outer loop
      vertex -12.7802 -7.66013 11.7
      vertex -12.8326 -7.56763 11.0722
      vertex -12.8032 -7.61946 11.0393
    endloop
  endfacet
  facet normal -0.870447 -0.492262 -0
    outer loop
      vertex -12.7802 -7.66013 11.7
      vertex -12.8032 -7.61946 11.0393
      vertex -12.7802 -7.66013 11.0107
    endloop
  endfacet
  facet normal -0.870129 -0.492825 -7.62624e-05
    outer loop
      vertex -13.0245 -7.22872 11.2125
      vertex -12.7802 -7.66013 11.7
      vertex -13.1406 -7.02381 11.7
    endloop
  endfacet
  facet normal -0.870583 -0.492021 0
    outer loop
      vertex -13.1406 -7.02381 0.599999
      vertex -13.1272 -7.04752 8.75602
      vertex -13.1406 -7.02381 8.75427
    endloop
  endfacet
  facet normal -0.870129 -0.492825 -3.08427e-06
    outer loop
      vertex -12.7802 -7.66013 0.599999
      vertex -13.1272 -7.04752 8.75602
      vertex -13.1406 -7.02381 0.599999
    endloop
  endfacet
  facet normal -0.870049 -0.492965 1.07884e-05
    outer loop
      vertex -13.1272 -7.04752 8.75602
      vertex -12.7802 -7.66013 0.599999
      vertex -13.0927 -7.10841 8.76353
    endloop
  endfacet
  facet normal -0.870359 -0.492418 -3.80046e-05
    outer loop
      vertex -13.0927 -7.10841 8.76353
      vertex -12.7802 -7.66013 0.599999
      vertex -13.0585 -7.16886 8.77402
    endloop
  endfacet
  facet normal -0.869535 -0.493871 7.74008e-05
    outer loop
      vertex -13.0585 -7.16886 8.77402
      vertex -12.7802 -7.66013 0.599999
      vertex -13.0245 -7.22872 8.78746
    endloop
  endfacet
  facet normal -0.870103 -0.49287 7.6744e-06
    outer loop
      vertex -13.0245 -7.22872 8.78746
      vertex -12.7802 -7.66013 0.599999
      vertex -12.991 -7.28786 8.80382
    endloop
  endfacet
  facet normal -0.870077 -0.492916 1.04222e-05
    outer loop
      vertex -12.991 -7.28786 8.80382
      vertex -12.7802 -7.66013 0.599999
      vertex -12.958 -7.34611 8.82307
    endloop
  endfacet
  facet normal -0.870256 -0.4926 -5.50991e-06
    outer loop
      vertex -12.958 -7.34611 8.82307
      vertex -12.7802 -7.66013 0.599999
      vertex -12.9256 -7.40335 8.84515
    endloop
  endfacet
  facet normal -0.869922 -0.49319 1.87731e-05
    outer loop
      vertex -12.9256 -7.40335 8.84515
      vertex -12.7802 -7.66013 0.599999
      vertex -12.8938 -7.45944 8.87001
    endloop
  endfacet
  facet normal -0.870422 -0.492307 -9.53484e-06
    outer loop
      vertex -12.8938 -7.45944 8.87001
      vertex -12.7802 -7.66013 0.599999
      vertex -12.8628 -7.51425 8.8976
    endloop
  endfacet
  facet normal -0.870361 -0.492415 -7.02768e-06
    outer loop
      vertex -12.8628 -7.51425 8.8976
      vertex -12.7802 -7.66013 0.599999
      vertex -12.8326 -7.56763 8.92784
    endloop
  endfacet
  facet normal -0.869811 -0.493386 7.21994e-06
    outer loop
      vertex -12.8326 -7.56763 8.92784
      vertex -12.7802 -7.66013 0.599999
      vertex -12.8032 -7.61946 8.96066
    endloop
  endfacet
  facet normal -0.870447 -0.492262 0
    outer loop
      vertex -12.8032 -7.61946 8.96066
      vertex -12.7802 -7.66013 0.599999
      vertex -12.7802 -7.66013 8.9893
    endloop
  endfacet
  facet normal -0.348545 0.615388 -0.706975
    outer loop
      vertex -6.74097 12.6115 0
      vertex -7.66013 12.7802 0.599999
      vertex -7.02381 13.1406 0.599999
    endloop
  endfacet
  facet normal -0.188657 -0.681564 -0.707022
    outer loop
      vertex -3.6204 -14.4535 0.599999
      vertex -4.32524 -14.2584 0.599999
      vertex -4.15107 -13.6842 0
    endloop
  endfacet
  facet normal 0.631729 -0.317973 -0.706973
    outer loop
      vertex 13.1406 -7.02381 0.599999
      vertex 12.6115 -6.74097 0
      vertex 13.4694 -6.37057 0.599999
    endloop
  endfacet
  facet normal 0.0865592 0.701959 0.706938
    outer loop
      vertex 2.18628 14.7387 11.7
      vertex 1.43105 14.5297 12
      vertex 2.14226 14.442 12
    endloop
  endfacet
  facet normal 0.705245 0.0520225 0.707052
    outer loop
      vertex 14.8283 1.46045 11.7
      vertex 14.5297 1.43105 12
      vertex 14.8821 0.731108 11.7
    endloop
  endfacet
  facet normal 0.99729 0.0735652 0
    outer loop
      vertex 14.8821 0.731108 11.7
      vertex 14.8283 1.46045 0.599999
      vertex 14.8283 1.46045 11.7
    endloop
  endfacet
  facet normal 0.99729 0.0735652 0
    outer loop
      vertex 14.8283 1.46045 0.599999
      vertex 14.8821 0.731108 11.7
      vertex 14.8821 0.731108 0.599999
    endloop
  endfacet
  facet normal 0.0866516 0.701946 -0.706939
    outer loop
      vertex 2.14226 14.442 0.299999
      vertex 1.46045 14.8283 0.599999
      vertex 2.18628 14.7387 0.599999
    endloop
  endfacet
  facet normal 0.435085 -0.557554 -0.70699
    outer loop
      vertex 8.87592 -11.9678 0.599999
      vertex 8.5185 -11.4859 0
      vertex 9.45246 -11.5179 0.599999
    endloop
  endfacet
  facet normal -0.646512 0.286647 -0.707004
    outer loop
      vertex -13.2115 5.47237 0
      vertex -13.4694 6.37057 0.599999
      vertex -12.927 6.11404 0
    endloop
  endfacet
  facet normal 0.705238 0.0520889 -0.707054
    outer loop
      vertex 14.2828 0.701667 0
      vertex 14.2311 1.40164 0
      vertex 14.8283 1.46045 0.599999
    endloop
  endfacet
  facet normal 0.0173095 -0.706988 -0.707014
    outer loop
      vertex 0.731108 -14.8821 0.599999
      vertex 0 -14.9 0.599999
      vertex 0.701667 -14.2828 0
    endloop
  endfacet
  facet normal 0.461952 0.535485 -0.707005
    outer loop
      vertex 9.60329 10.5956 0
      vertex 9.45246 11.5179 0.599999
      vertex 10.0062 11.0402 0.599999
    endloop
  endfacet
  facet normal 0.170921 0.985285 -0
    outer loop
      vertex 2.90685 14.6137 0.599999
      vertex 2.18628 14.7387 11.7
      vertex 2.90685 14.6137 11.7
    endloop
  endfacet
  facet normal 0.170921 0.985285 0
    outer loop
      vertex 2.18628 14.7387 11.7
      vertex 2.90685 14.6137 0.599999
      vertex 2.18628 14.7387 0.599999
    endloop
  endfacet
  facet normal 0.615271 0.348533 0.707083
    outer loop
      vertex 12.7802 7.66013 11.7
      vertex 12.5228 7.5059 12
      vertex 12.876 6.88239 12
    endloop
  endfacet
  facet normal 0.690043 0.154946 0.706988
    outer loop
      vertex 14.4535 3.6204 11.7
      vertex 14.1625 3.54751 12
      vertex 14.3195 2.84832 12
    endloop
  endfacet
  facet normal 0.378377 -0.597464 -0.707013
    outer loop
      vertex 8.278 -12.3889 0.599999
      vertex 7.66013 -12.7802 0.599999
      vertex 7.94465 -11.89 0
    endloop
  endfacet
  facet normal 0.671474 -0.221841 0.707043
    outer loop
      vertex 13.9713 -4.23816 12
      vertex 13.7465 -4.91859 12
      vertex 14.029 -5.01966 11.7
    endloop
  endfacet
  facet normal -0.221839 0.671533 -0.706987
    outer loop
      vertex -4.81752 13.4641 0
      vertex -5.01966 14.029 0.599999
      vertex -4.32524 14.2584 0.599999
    endloop
  endfacet
  facet normal 0.696864 0.120904 0.706939
    outer loop
      vertex 14.7387 2.18628 11.7
      vertex 14.3195 2.84832 12
      vertex 14.442 2.14226 12
    endloop
  endfacet
  facet normal 0.646535 -0.286594 0.707005
    outer loop
      vertex 13.4886 -5.58718 12
      vertex 13.1982 -6.2423 12
      vertex 13.4694 -6.37057 11.7
    endloop
  endfacet
  facet normal 0.286647 0.646512 -0.707004
    outer loop
      vertex 6.11404 12.927 0
      vertex 5.47237 13.2115 0
      vertex 6.37057 13.4694 0.599999
    endloop
  endfacet
  facet normal -0.597565 0.378321 0.706958
    outer loop
      vertex -12.3889 8.278 11.7
      vertex -12.5228 7.5059 12
      vertex -12.1395 8.11133 12
    endloop
  endfacet
  facet normal -0.94953 -0.313675 0
    outer loop
      vertex -14.029 -5.01966 0.599999
      vertex -14.2584 -4.32524 11.7
      vertex -14.2584 -4.32524 0.599999
    endloop
  endfacet
  facet normal -0.94953 -0.313675 0
    outer loop
      vertex -14.2584 -4.32524 11.7
      vertex -14.029 -5.01966 0.599999
      vertex -14.029 -5.01966 11.7
    endloop
  endfacet
  facet normal 0.557518 -0.435056 0.707036
    outer loop
      vertex 11.7268 -8.69721 12
      vertex 11.5179 -9.45246 11.7
      vertex 11.9678 -8.87592 11.7
    endloop
  endfacet
  facet normal 0.286605 -0.646496 0.707036
    outer loop
      vertex 6.37057 -13.4694 11.7
      vertex 5.58718 -13.4886 12
      vertex 5.70198 -13.7658 11.7
    endloop
  endfacet
  facet normal 0.892897 0.45026 0
    outer loop
      vertex 13.1595 6.98633 8.7515
      vertex 13.1406 7.02381 0.599999
      vertex 13.1406 7.02381 8.75427
    endloop
  endfacet
  facet normal 0.893054 0.449949 -1.79508e-06
    outer loop
      vertex 13.1904 6.925 8.75
      vertex 13.1406 7.02381 0.599999
      vertex 13.1595 6.98633 8.7515
    endloop
  endfacet
  facet normal 0.893669 0.448728 -2.03563e-05
    outer loop
      vertex 13.2212 6.86366 8.7515
      vertex 13.1406 7.02381 0.599999
      vertex 13.1904 6.925 8.75
    endloop
  endfacet
  facet normal 0.893198 0.449664 -4.09389e-06
    outer loop
      vertex 13.4694 6.37057 0.599999
      vertex 13.2212 6.86366 8.7515
      vertex 13.252 6.80248 8.75602
    endloop
  endfacet
  facet normal 0.892928 0.450199 -3.95693e-05
    outer loop
      vertex 13.4694 6.37057 0.599999
      vertex 13.252 6.80248 8.75602
      vertex 13.2827 6.74159 8.76353
    endloop
  endfacet
  facet normal 0.893389 0.449283 1.2586e-05
    outer loop
      vertex 13.4694 6.37057 0.599999
      vertex 13.2827 6.74159 8.76353
      vertex 13.3131 6.68114 8.77402
    endloop
  endfacet
  facet normal 0.893439 0.449185 1.72405e-05
    outer loop
      vertex 13.4694 6.37057 0.599999
      vertex 13.3131 6.68114 8.77402
      vertex 13.3432 6.62127 8.78746
    endloop
  endfacet
  facet normal 0.893005 0.450047 -1.58289e-05
    outer loop
      vertex 13.4694 6.37057 0.599999
      vertex 13.3432 6.62127 8.78746
      vertex 13.373 6.56214 8.80382
    endloop
  endfacet
  facet normal 0.89335 0.449361 4.26491e-06
    outer loop
      vertex 13.4694 6.37057 0.599999
      vertex 13.373 6.56214 8.80382
      vertex 13.4023 6.50389 8.82307
    endloop
  endfacet
  facet normal 0.893332 0.449398 3.50571e-06
    outer loop
      vertex 13.4694 6.37057 0.599999
      vertex 13.4023 6.50389 8.82307
      vertex 13.4311 6.44664 8.84515
    endloop
  endfacet
  facet normal 0.892767 0.450518 -9.45495e-06
    outer loop
      vertex 13.4694 6.37057 0.599999
      vertex 13.4311 6.44664 8.84515
      vertex 13.4594 6.39056 8.87001
    endloop
  endfacet
  facet normal 0.894338 0.447393 -0
    outer loop
      vertex 13.4694 6.37057 0.599999
      vertex 13.4594 6.39056 8.87001
      vertex 13.4694 6.37057 8.88007
    endloop
  endfacet
  facet normal 0.893232 0.449597 1.036e-06
    outer loop
      vertex 13.2212 6.86366 8.7515
      vertex 13.4694 6.37057 0.599999
      vertex 13.1406 7.02381 0.599999
    endloop
  endfacet
  facet normal 0.892897 0.45026 0
    outer loop
      vertex 13.1406 7.02381 11.7
      vertex 13.1595 6.98633 11.2485
      vertex 13.1406 7.02381 11.2457
    endloop
  endfacet
  facet normal 0.893054 0.44995 3.23469e-05
    outer loop
      vertex 13.1406 7.02381 11.7
      vertex 13.1904 6.925 11.25
      vertex 13.1595 6.98633 11.2485
    endloop
  endfacet
  facet normal 0.893672 0.448721 0.000370557
    outer loop
      vertex 13.1406 7.02381 11.7
      vertex 13.2212 6.86366 11.2485
      vertex 13.1904 6.925 11.25
    endloop
  endfacet
  facet normal 0.893196 0.449668 -5.0201e-05
    outer loop
      vertex 13.1406 7.02381 11.7
      vertex 13.252 6.80248 11.244
      vertex 13.2212 6.86366 11.2485
    endloop
  endfacet
  facet normal 0.892907 0.450242 -0.000399665
    outer loop
      vertex 13.1406 7.02381 11.7
      vertex 13.2827 6.74159 11.2365
      vertex 13.252 6.80248 11.244
    endloop
  endfacet
  facet normal 0.893232 0.449597 9.28348e-05
    outer loop
      vertex 13.4694 6.37057 11.7
      vertex 13.2827 6.74159 11.2365
      vertex 13.1406 7.02381 11.7
    endloop
  endfacet
  facet normal 0.893377 0.449309 -0.000196147
    outer loop
      vertex 13.2827 6.74159 11.2365
      vertex 13.4694 6.37057 11.7
      vertex 13.3131 6.68114 11.226
    endloop
  endfacet
  facet normal 0.893416 0.449229 -0.000261241
    outer loop
      vertex 13.3131 6.68114 11.226
      vertex 13.4694 6.37057 11.7
      vertex 13.3432 6.62127 11.2125
    endloop
  endfacet
  facet normal 0.893029 0.449999 0.000234814
    outer loop
      vertex 13.3432 6.62127 11.2125
      vertex 13.4694 6.37057 11.7
      vertex 13.373 6.56214 11.1962
    endloop
  endfacet
  facet normal 0.893343 0.449376 -6.2154e-05
    outer loop
      vertex 13.373 6.56214 11.1962
      vertex 13.4694 6.37057 11.7
      vertex 13.4023 6.50389 11.1769
    endloop
  endfacet
  facet normal 0.893324 0.449412 -5.04863e-05
    outer loop
      vertex 13.4023 6.50389 11.1769
      vertex 13.4694 6.37057 11.7
      vertex 13.4311 6.44664 11.1548
    endloop
  endfacet
  facet normal 0.892789 0.450474 0.000135233
    outer loop
      vertex 13.4311 6.44664 11.1548
      vertex 13.4694 6.37057 11.7
      vertex 13.4594 6.39056 11.13
    endloop
  endfacet
  facet normal 0.894338 0.447393 0
    outer loop
      vertex 13.4594 6.39056 11.13
      vertex 13.4694 6.37057 11.7
      vertex 13.4694 6.37057 11.1199
    endloop
  endfacet
  facet normal 0.701959 -0.0865592 0.706938
    outer loop
      vertex 14.5297 -1.43105 12
      vertex 14.442 -2.14226 12
      vertex 14.7387 -2.18628 11.7
    endloop
  endfacet
  facet normal -0.653205 -0.757181 0
    outer loop
      vertex -10.0062 -11.0402 0.599999
      vertex -9.45246 -11.5179 11.7
      vertex -10.0062 -11.0402 11.7
    endloop
  endfacet
  facet normal -0.653205 -0.757181 -0
    outer loop
      vertex -9.45246 -11.5179 11.7
      vertex -10.0062 -11.0402 0.599999
      vertex -9.45246 -11.5179 0.599999
    endloop
  endfacet
  facet normal -0.706988 -0.0173095 -0.707014
    outer loop
      vertex -14.8821 -0.731108 0.599999
      vertex -14.9 0 0.599999
      vertex -14.2828 -0.701667 0
    endloop
  endfacet
  facet normal -0.578221 0.407178 -0.707013
    outer loop
      vertex -11.89 7.94465 0
      vertex -12.3889 8.278 0.599999
      vertex -11.4859 8.5185 0
    endloop
  endfacet
  facet normal -0.646535 -0.286594 0.707005
    outer loop
      vertex -13.1982 -6.2423 12
      vertex -13.4886 -5.58718 12
      vertex -13.4694 -6.37057 11.7
    endloop
  endfacet
  facet normal 0.461952 -0.535493 0.706999
    outer loop
      vertex 9.80476 -10.8179 12
      vertex 9.26214 -11.286 12
      vertex 9.45246 -11.5179 11.7
    endloop
  endfacet
  facet normal -0.696747 -0.120904 -0.707054
    outer loop
      vertex -14.0252 -2.78979 0
      vertex -14.442 -2.14226 0.299999
      vertex -14.1452 -2.09825 0
    endloop
  endfacet
  facet normal -0.615388 -0.348545 -0.706975
    outer loop
      vertex -12.7802 -7.66013 0.599999
      vertex -13.1406 -7.02381 0.599999
      vertex -12.6115 -6.74097 0
    endloop
  endfacet
  facet normal 0.696747 0.120904 -0.707054
    outer loop
      vertex 14.1452 2.09825 0
      vertex 14.0252 2.78979 0
      vertex 14.442 2.14226 0.299999
    endloop
  endfacet
  facet normal -0.461952 -0.535485 -0.707005
    outer loop
      vertex -9.45246 -11.5179 0.599999
      vertex -10.0062 -11.0402 0.599999
      vertex -9.60329 -10.5956 0
    endloop
  endfacet
  facet normal 0.407224 -0.578217 -0.706989
    outer loop
      vertex 8.87592 -11.9678 0.599999
      vertex 8.278 -12.3889 0.599999
      vertex 8.5185 -11.4859 0
    endloop
  endfacet
  facet normal 0.487642 -0.512203 -0.707003
    outer loop
      vertex 10.0062 -11.0402 0.599999
      vertex 9.60329 -10.5956 0
      vertex 10.5359 -10.5359 0.599999
    endloop
  endfacet
  facet normal -0.154946 0.690043 0.706988
    outer loop
      vertex -2.84832 14.3195 12
      vertex -3.6204 14.4535 11.7
      vertex -3.54751 14.1625 12
    endloop
  endfacet
  facet normal -0.120885 0.696847 0.706959
    outer loop
      vertex -2.18628 14.7387 11.7
      vertex -2.90685 14.6137 11.7
      vertex -2.84832 14.3195 12
    endloop
  endfacet
  facet normal 0.221839 -0.671533 -0.706987
    outer loop
      vertex 5.01966 -14.029 0.599999
      vertex 4.32524 -14.2584 0.599999
      vertex 4.81752 -13.4641 0
    endloop
  endfacet
  facet normal -0.120904 -0.696864 0.706939
    outer loop
      vertex -2.14226 -14.442 12
      vertex -2.84832 -14.3195 12
      vertex -2.18628 -14.7387 11.7
    endloop
  endfacet
  facet normal 0.378341 -0.597407 0.70708
    outer loop
      vertex 8.278 -12.3889 11.7
      vertex 7.5059 -12.5228 12
      vertex 7.66013 -12.7802 11.7
    endloop
  endfacet
  facet normal -0.407196 -0.578178 0.707037
    outer loop
      vertex -8.69721 -11.7268 12
      vertex -8.87592 -11.9678 11.7
      vertex -8.278 -12.3889 11.7
    endloop
  endfacet
  facet normal 0.188658 0.681566 0.707019
    outer loop
      vertex 4.32524 14.2584 11.7
      vertex 3.6204 14.4535 11.7
      vertex 4.23816 13.9713 12
    endloop
  endfacet
  facet normal 0.707 0.0173694 0.707
    outer loop
      vertex 14.9 0 11.7
      vertex 14.5824 0.716388 12
      vertex 14.6 0 12
    endloop
  endfacet
  facet normal 0.254524 0.659838 -0.706988
    outer loop
      vertex 5.47237 13.2115 0
      vertex 4.81752 13.4641 0
      vertex 5.01966 14.029 0.599999
    endloop
  endfacet
  facet normal -0.0520889 -0.705238 -0.707054
    outer loop
      vertex -0.701667 -14.2828 0
      vertex -1.46045 -14.8283 0.599999
      vertex -1.40164 -14.2311 0
    endloop
  endfacet
  facet normal -0.188612 -0.681551 -0.707046
    outer loop
      vertex -3.6204 -14.4535 0.599999
      vertex -4.15107 -13.6842 0
      vertex -3.47462 -13.8714 0
    endloop
  endfacet
  facet normal -0.188658 -0.681566 0.707019
    outer loop
      vertex -4.23816 -13.9713 12
      vertex -4.32524 -14.2584 11.7
      vertex -3.6204 -14.4535 11.7
    endloop
  endfacet
  facet normal -0.615201 -0.78837 0
    outer loop
      vertex -9.45246 -11.5179 0.599999
      vertex -8.87592 -11.9678 11.7
      vertex -9.45246 -11.5179 11.7
    endloop
  endfacet
  facet normal -0.615201 -0.78837 -0
    outer loop
      vertex -8.87592 -11.9678 11.7
      vertex -9.45246 -11.5179 0.599999
      vertex -8.87592 -11.9678 0.599999
    endloop
  endfacet
  facet normal -0.557451 0.435125 -0.707047
    outer loop
      vertex -11.4859 8.5185 0
      vertex -11.5179 9.45246 0.599999
      vertex -11.054 9.07182 0
    endloop
  endfacet
  facet normal 0.317973 -0.631729 -0.706973
    outer loop
      vertex 7.02381 -13.1406 0.599999
      vertex 6.37057 -13.4694 0.599999
      vertex 6.74097 -12.6115 0
    endloop
  endfacet
  facet normal -0.557567 0.435055 0.706998
    outer loop
      vertex -11.5179 9.45246 11.7
      vertex -11.7268 8.69721 12
      vertex -11.286 9.26214 12
    endloop
  endfacet
  facet normal -0.0865453 0.701843 -0.707055
    outer loop
      vertex -2.09825 14.1452 0
      vertex -2.14226 14.442 0.299999
      vertex -1.40164 14.2311 0
    endloop
  endfacet
  facet normal -0.61529 -0.348601 -0.707033
    outer loop
      vertex -12.2655 -7.35167 0
      vertex -12.7802 -7.66013 0.599999
      vertex -12.6115 -6.74097 0
    endloop
  endfacet
  facet normal 0.701845 -0.086544 -0.707053
    outer loop
      vertex 14.442 -2.14226 0.299999
      vertex 14.2311 -1.40164 0
      vertex 14.8283 -1.46045 0.599999
    endloop
  endfacet
  facet normal 0.557554 -0.435085 -0.70699
    outer loop
      vertex 11.5179 -9.45246 0.599999
      vertex 11.4859 -8.5185 0
      vertex 11.9678 -8.87592 0.599999
    endloop
  endfacet
  facet normal -0.188657 0.681564 -0.707022
    outer loop
      vertex -4.15107 13.6842 0
      vertex -4.32524 14.2584 0.599999
      vertex -3.6204 14.4535 0.599999
    endloop
  endfacet
  facet normal 0.701959 0.0865592 0.706938
    outer loop
      vertex 14.7387 2.18628 11.7
      vertex 14.442 2.14226 12
      vertex 14.5297 1.43105 12
    endloop
  endfacet
  facet normal 0.689981 -0.154957 -0.707047
    outer loop
      vertex 14.4535 -3.6204 0.599999
      vertex 13.8714 -3.47462 0
      vertex 14.0252 -2.78979 0
    endloop
  endfacet
  facet normal 0.681566 -0.188658 0.707019
    outer loop
      vertex 14.4535 -3.6204 11.7
      vertex 13.9713 -4.23816 12
      vertex 14.2584 -4.32524 11.7
    endloop
  endfacet
  facet normal -0.286605 0.646496 0.707036
    outer loop
      vertex -5.70198 13.7658 11.7
      vertex -6.37057 13.4694 11.7
      vertex -5.58718 13.4886 12
    endloop
  endfacet
  facet normal 0.221841 0.671474 0.707043
    outer loop
      vertex 5.01966 14.029 11.7
      vertex 4.23816 13.9713 12
      vertex 4.91859 13.7465 12
    endloop
  endfacet
  facet normal 0.34852 -0.615344 0.707026
    outer loop
      vertex 7.66013 -12.7802 11.7
      vertex 6.88239 -12.876 12
      vertex 7.02381 -13.1406 11.7
    endloop
  endfacet
  facet normal 0.578178 -0.407196 0.707037
    outer loop
      vertex 12.3889 -8.278 11.7
      vertex 11.7268 -8.69721 12
      vertex 11.9678 -8.87592 11.7
    endloop
  endfacet
  facet normal 0.435055 -0.557567 0.706998
    outer loop
      vertex 9.26214 -11.286 12
      vertex 8.69721 -11.7268 12
      vertex 9.45246 -11.5179 11.7
    endloop
  endfacet
  facet normal 0.487655 -0.512269 0.706946
    outer loop
      vertex 10.3238 -10.3238 12
      vertex 9.80476 -10.8179 12
      vertex 10.5359 -10.5359 11.7
    endloop
  endfacet
  facet normal 0.870447 0.492262 0
    outer loop
      vertex 12.8032 7.61946 8.96066
      vertex 12.7802 7.66013 0.599999
      vertex 12.7802 7.66013 8.9893
    endloop
  endfacet
  facet normal 0.869811 0.493386 7.21994e-06
    outer loop
      vertex 12.8326 7.56763 8.92784
      vertex 12.7802 7.66013 0.599999
      vertex 12.8032 7.61946 8.96066
    endloop
  endfacet
  facet normal 0.870361 0.492415 -7.02768e-06
    outer loop
      vertex 12.8628 7.51425 8.8976
      vertex 12.7802 7.66013 0.599999
      vertex 12.8326 7.56763 8.92784
    endloop
  endfacet
  facet normal 0.870422 0.492307 -9.53484e-06
    outer loop
      vertex 12.8938 7.45944 8.87001
      vertex 12.7802 7.66013 0.599999
      vertex 12.8628 7.51425 8.8976
    endloop
  endfacet
  facet normal 0.869922 0.49319 1.87731e-05
    outer loop
      vertex 12.9256 7.40335 8.84515
      vertex 12.7802 7.66013 0.599999
      vertex 12.8938 7.45944 8.87001
    endloop
  endfacet
  facet normal 0.870256 0.4926 -5.50991e-06
    outer loop
      vertex 12.958 7.34611 8.82307
      vertex 12.7802 7.66013 0.599999
      vertex 12.9256 7.40335 8.84515
    endloop
  endfacet
  facet normal 0.870077 0.492916 1.04222e-05
    outer loop
      vertex 12.991 7.28786 8.80382
      vertex 12.7802 7.66013 0.599999
      vertex 12.958 7.34611 8.82307
    endloop
  endfacet
  facet normal 0.870103 0.49287 7.6744e-06
    outer loop
      vertex 13.0245 7.22872 8.78746
      vertex 12.7802 7.66013 0.599999
      vertex 12.991 7.28786 8.80382
    endloop
  endfacet
  facet normal 0.869535 0.493871 7.74008e-05
    outer loop
      vertex 13.0585 7.16886 8.77402
      vertex 12.7802 7.66013 0.599999
      vertex 13.0245 7.22872 8.78746
    endloop
  endfacet
  facet normal 0.870359 0.492418 -3.80046e-05
    outer loop
      vertex 13.0927 7.10841 8.76353
      vertex 12.7802 7.66013 0.599999
      vertex 13.0585 7.16886 8.77402
    endloop
  endfacet
  facet normal 0.870049 0.492965 1.07884e-05
    outer loop
      vertex 13.1272 7.04752 8.75602
      vertex 12.7802 7.66013 0.599999
      vertex 13.0927 7.10841 8.76353
    endloop
  endfacet
  facet normal 0.870581 0.492026 -8.2361e-05
    outer loop
      vertex 13.1406 7.02381 8.75427
      vertex 12.7802 7.66013 0.599999
      vertex 13.1272 7.04752 8.75602
    endloop
  endfacet
  facet normal 0.870129 0.492825 0
    outer loop
      vertex 12.7802 7.66013 0.599999
      vertex 13.1406 7.02381 8.75427
      vertex 13.1406 7.02381 0.599999
    endloop
  endfacet
  facet normal 0.870447 0.492262 0
    outer loop
      vertex 12.7802 7.66013 11.7
      vertex 12.8032 7.61946 11.0393
      vertex 12.7802 7.66013 11.0107
    endloop
  endfacet
  facet normal 0.869833 0.493347 -8.82004e-05
    outer loop
      vertex 12.7802 7.66013 11.7
      vertex 12.8326 7.56763 11.0722
      vertex 12.8032 7.61946 11.0393
    endloop
  endfacet
  facet normal 0.870341 0.492449 8.65895e-05
    outer loop
      vertex 12.7802 7.66013 11.7
      vertex 12.8628 7.51425 11.1024
      vertex 12.8326 7.56763 11.0722
    endloop
  endfacet
  facet normal 0.870398 0.492349 0.000118938
    outer loop
      vertex 12.7802 7.66013 11.7
      vertex 12.8938 7.45944 11.13
      vertex 12.8628 7.51425 11.1024
    endloop
  endfacet
  facet normal 0.869963 0.493117 -0.000238232
    outer loop
      vertex 12.7802 7.66013 11.7
      vertex 12.9256 7.40335 11.1548
      vertex 12.8938 7.45944 11.13
    endloop
  endfacet
  facet normal 0.870245 0.492619 7.13523e-05
    outer loop
      vertex 12.7802 7.66013 11.7
      vertex 12.958 7.34611 11.1769
      vertex 12.9256 7.40335 11.1548
    endloop
  endfacet
  facet normal 0.870095 0.492884 -0.000138382
    outer loop
      vertex 12.7802 7.66013 11.7
      vertex 12.991 7.28786 11.1962
      vertex 12.958 7.34611 11.1769
    endloop
  endfacet
  facet normal 0.870115 0.49285 -0.000105129
    outer loop
      vertex 12.7802 7.66013 11.7
      vertex 13.0245 7.22872 11.2125
      vertex 12.991 7.28786 11.1962
    endloop
  endfacet
  facet normal 0.870129 0.492825 -7.62624e-05
    outer loop
      vertex 13.1406 7.02381 11.7
      vertex 13.0245 7.22872 11.2125
      vertex 12.7802 7.66013 11.7
    endloop
  endfacet
  facet normal 0.869472 0.493981 0.000565945
    outer loop
      vertex 13.0245 7.22872 11.2125
      vertex 13.1406 7.02381 11.7
      vertex 13.0585 7.16886 11.226
    endloop
  endfacet
  facet normal 0.870367 0.492404 -7.17011e-05
    outer loop
      vertex 13.0585 7.16886 11.226
      vertex 13.1406 7.02381 11.7
      vertex 13.0927 7.10841 11.2365
    endloop
  endfacet
  facet normal 0.870045 0.492972 6.52502e-05
    outer loop
      vertex 13.0927 7.10841 11.2365
      vertex 13.1406 7.02381 11.7
      vertex 13.1272 7.04752 11.244
    endloop
  endfacet
  facet normal 0.870583 0.492021 0
    outer loop
      vertex 13.1272 7.04752 11.244
      vertex 13.1406 7.02381 11.7
      vertex 13.1406 7.02381 11.2457
    endloop
  endfacet
  facet normal 0.597407 0.378341 0.70708
    outer loop
      vertex 12.7802 7.66013 11.7
      vertex 12.3889 8.278 11.7
      vertex 12.5228 7.5059 12
    endloop
  endfacet
  facet normal 0.701946 0.0866516 -0.706939
    outer loop
      vertex 14.8283 1.46045 0.599999
      vertex 14.442 2.14226 0.299999
      vertex 14.7387 2.18628 0.599999
    endloop
  endfacet
  facet normal 0.671503 0.22183 0.707018
    outer loop
      vertex 14.029 5.01966 11.7
      vertex 13.9713 4.23816 12
      vertex 14.2584 4.32524 11.7
    endloop
  endfacet
  facet normal 0.975712 0.219058 0
    outer loop
      vertex 14.6137 2.90685 11.7
      vertex 14.4535 3.6204 0.599999
      vertex 14.4535 3.6204 11.7
    endloop
  endfacet
  facet normal 0.975712 0.219058 0
    outer loop
      vertex 14.4535 3.6204 0.599999
      vertex 14.6137 2.90685 11.7
      vertex 14.6137 2.90685 0.599999
    endloop
  endfacet
  facet normal 0.696777 -0.120939 -0.707019
    outer loop
      vertex 14.6137 -2.90685 0.599999
      vertex 14.0252 -2.78979 0
      vertex 14.442 -2.14226 0.299999
    endloop
  endfacet
  facet normal 0.9997 0.0244761 0
    outer loop
      vertex 14.9 0 11.7
      vertex 14.8821 0.731108 0.599999
      vertex 14.8821 0.731108 11.7
    endloop
  endfacet
  facet normal 0.9997 0.0244761 0
    outer loop
      vertex 14.8821 0.731108 0.599999
      vertex 14.9 0 11.7
      vertex 14.9 0 0.599999
    endloop
  endfacet
  facet normal 0.61529 0.348601 -0.707033
    outer loop
      vertex 12.6115 6.74097 0
      vertex 12.2655 7.35167 0
      vertex 12.7802 7.66013 0.599999
    endloop
  endfacet
  facet normal -0.461875 0.535499 -0.707045
    outer loop
      vertex -9.07182 11.054 0
      vertex -9.60329 10.5956 0
      vertex -9.45246 11.5179 0.599999
    endloop
  endfacet
  facet normal -0.557451 -0.435125 -0.707047
    outer loop
      vertex -11.054 -9.07182 0
      vertex -11.5179 -9.45246 0.599999
      vertex -11.4859 -8.5185 0
    endloop
  endfacet
  facet normal -0.120904 -0.696747 -0.707054
    outer loop
      vertex -2.14226 -14.442 0.299999
      vertex -2.78979 -14.0252 0
      vertex -2.09825 -14.1452 0
    endloop
  endfacet
  facet normal -0.435125 0.557451 -0.707047
    outer loop
      vertex -9.07182 11.054 0
      vertex -9.45246 11.5179 0.599999
      vertex -8.5185 11.4859 0
    endloop
  endfacet
  facet normal 0.154957 -0.689981 -0.707047
    outer loop
      vertex 3.6204 -14.4535 0.599999
      vertex 2.78979 -14.0252 0
      vertex 3.47462 -13.8714 0
    endloop
  endfacet
  facet normal 0.405281 -0.914192 0
    outer loop
      vertex 5.70198 -13.7658 0.599999
      vertex 6.37057 -13.4694 11.7
      vertex 5.70198 -13.7658 11.7
    endloop
  endfacet
  facet normal 0.405281 -0.914192 0
    outer loop
      vertex 6.37057 -13.4694 11.7
      vertex 5.70198 -13.7658 0.599999
      vertex 6.37057 -13.4694 0.599999
    endloop
  endfacet
  facet normal 0.487657 -0.51215 -0.707031
    outer loop
      vertex 10.5359 -10.5359 0.599999
      vertex 9.60329 -10.5956 0
      vertex 10.1116 -10.1116 0
    endloop
  endfacet
  facet normal 0.359895 0.932993 -0
    outer loop
      vertex 5.70198 13.7658 0.599999
      vertex 5.01966 14.029 11.7
      vertex 5.70198 13.7658 11.7
    endloop
  endfacet
  facet normal 0.359895 0.932993 0
    outer loop
      vertex 5.01966 14.029 11.7
      vertex 5.70198 13.7658 0.599999
      vertex 5.01966 14.029 0.599999
    endloop
  endfacet
  facet normal 0.405281 0.914192 -0
    outer loop
      vertex 6.37057 13.4694 0.599999
      vertex 5.70198 13.7658 11.7
      vertex 6.37057 13.4694 11.7
    endloop
  endfacet
  facet normal 0.405281 0.914192 0
    outer loop
      vertex 5.70198 13.7658 11.7
      vertex 6.37057 13.4694 0.599999
      vertex 5.70198 13.7658 0.599999
    endloop
  endfacet
  facet normal -0.0520889 0.705238 -0.707054
    outer loop
      vertex -1.40164 14.2311 0
      vertex -1.46045 14.8283 0.599999
      vertex -0.701667 14.2828 0
    endloop
  endfacet
  facet normal 0.120888 0.696867 -0.706939
    outer loop
      vertex 2.90685 14.6137 0.599999
      vertex 2.14226 14.442 0.299999
      vertex 2.18628 14.7387 0.599999
    endloop
  endfacet
  facet normal -0.578221 -0.407178 -0.707013
    outer loop
      vertex -11.4859 -8.5185 0
      vertex -12.3889 -8.278 0.599999
      vertex -11.89 -7.94465 0
    endloop
  endfacet
  facet normal -0.681564 -0.188657 -0.707022
    outer loop
      vertex -14.2584 -4.32524 0.599999
      vertex -14.4535 -3.6204 0.599999
      vertex -13.6842 -4.15107 0
    endloop
  endfacet
  facet normal -0.317949 0.631683 0.707026
    outer loop
      vertex -6.37057 13.4694 11.7
      vertex -7.02381 13.1406 11.7
      vertex -6.88239 12.876 12
    endloop
  endfacet
  facet normal 0.932993 -0.359895 0
    outer loop
      vertex 13.7658 -5.70198 11.7
      vertex 14.029 -5.01966 0.599999
      vertex 14.029 -5.01966 11.7
    endloop
  endfacet
  facet normal 0.932993 -0.359895 0
    outer loop
      vertex 14.029 -5.01966 0.599999
      vertex 13.7658 -5.70198 11.7
      vertex 13.7658 -5.70198 0.599999
    endloop
  endfacet
  facet normal -0.317949 -0.631683 0.707026
    outer loop
      vertex -6.88239 -12.876 12
      vertex -7.02381 -13.1406 11.7
      vertex -6.37057 -13.4694 11.7
    endloop
  endfacet
  facet normal -0.34852 0.615344 0.707026
    outer loop
      vertex -7.02381 13.1406 11.7
      vertex -7.66013 12.7802 11.7
      vertex -6.88239 12.876 12
    endloop
  endfacet
  facet normal -0.557518 -0.435056 0.707036
    outer loop
      vertex -11.7268 -8.69721 12
      vertex -11.9678 -8.87592 11.7
      vertex -11.5179 -9.45246 11.7
    endloop
  endfacet
  facet normal -0.487651 0.512212 0.70699
    outer loop
      vertex -10.0062 11.0402 11.7
      vertex -10.5359 10.5359 11.7
      vertex -9.80476 10.8179 12
    endloop
  endfacet
  facet normal 0.46196 -0.535495 0.706992
    outer loop
      vertex 9.80476 -10.8179 12
      vertex 9.45246 -11.5179 11.7
      vertex 10.0062 -11.0402 11.7
    endloop
  endfacet
  facet normal -0.34852 -0.615344 0.707026
    outer loop
      vertex -6.88239 -12.876 12
      vertex -7.66013 -12.7802 11.7
      vertex -7.02381 -13.1406 11.7
    endloop
  endfacet
  facet normal 0.120904 0.696864 0.706939
    outer loop
      vertex 2.18628 14.7387 11.7
      vertex 2.14226 14.442 12
      vertex 2.84832 14.3195 12
    endloop
  endfacet
  facet normal -0.671533 0.221839 -0.706987
    outer loop
      vertex -13.4641 4.81752 0
      vertex -14.2584 4.32524 0.599999
      vertex -14.029 5.01966 0.599999
    endloop
  endfacet
  facet normal 0.705238 -0.0520889 -0.707054
    outer loop
      vertex 14.8283 -1.46045 0.599999
      vertex 14.2311 -1.40164 0
      vertex 14.2828 -0.701667 0
    endloop
  endfacet
  facet normal 0.348601 0.61529 -0.707033
    outer loop
      vertex 7.35167 12.2655 0
      vertex 6.74097 12.6115 0
      vertex 7.66013 12.7802 0.599999
    endloop
  endfacet
  facet normal -0.681589 -0.188692 0.706988
    outer loop
      vertex -14.1625 -3.54751 12
      vertex -14.4535 -3.6204 11.7
      vertex -13.9713 -4.23816 12
    endloop
  endfacet
  facet normal -0.681566 -0.188658 0.707019
    outer loop
      vertex -13.9713 -4.23816 12
      vertex -14.4535 -3.6204 11.7
      vertex -14.2584 -4.32524 11.7
    endloop
  endfacet
  facet normal -0.696847 0.120885 0.706959
    outer loop
      vertex -14.6137 2.90685 11.7
      vertex -14.7387 2.18628 11.7
      vertex -14.3195 2.84832 12
    endloop
  endfacet
  facet normal -0.992467 -0.122515 0
    outer loop
      vertex -14.7387 -2.18628 0.599999
      vertex -14.8283 -1.46045 11.7
      vertex -14.8283 -1.46045 0.599999
    endloop
  endfacet
  facet normal -0.992467 -0.122515 0
    outer loop
      vertex -14.8283 -1.46045 11.7
      vertex -14.7387 -2.18628 0.599999
      vertex -14.7387 -2.18628 11.7
    endloop
  endfacet
  facet normal -0.017308 0.70693 0.707072
    outer loop
      vertex 0 14.9 11.7
      vertex -0.731108 14.8821 11.7
      vertex -0.716388 14.5824 12
    endloop
  endfacet
  facet normal 0.696867 0.120888 -0.706939
    outer loop
      vertex 14.7387 2.18628 0.599999
      vertex 14.442 2.14226 0.299999
      vertex 14.6137 2.90685 0.599999
    endloop
  endfacet
  facet normal -0.705245 -0.0520225 0.707052
    outer loop
      vertex -14.5297 -1.43105 12
      vertex -14.8821 -0.731108 11.7
      vertex -14.8283 -1.46045 11.7
    endloop
  endfacet
  facet normal -0.705283 -0.0520253 -0.707014
    outer loop
      vertex -14.8283 -1.46045 0.599999
      vertex -14.8821 -0.731108 0.599999
      vertex -14.2828 -0.701667 0
    endloop
  endfacet
  facet normal -0.313675 -0.94953 0
    outer loop
      vertex -5.01966 -14.029 0.599999
      vertex -4.32524 -14.2584 11.7
      vertex -5.01966 -14.029 11.7
    endloop
  endfacet
  facet normal -0.313675 -0.94953 -0
    outer loop
      vertex -4.32524 -14.2584 11.7
      vertex -5.01966 -14.029 0.599999
      vertex -4.32524 -14.2584 0.599999
    endloop
  endfacet
  facet normal -0.681551 -0.188612 -0.707046
    outer loop
      vertex -13.6842 -4.15107 0
      vertex -14.4535 -3.6204 0.599999
      vertex -13.8714 -3.47462 0
    endloop
  endfacet
  facet normal -0.37834 -0.597465 -0.707032
    outer loop
      vertex -7.66013 -12.7802 0.599999
      vertex -7.94465 -11.89 0
      vertex -7.35167 -12.2655 0
    endloop
  endfacet
  facet normal -0.487642 -0.512203 -0.707003
    outer loop
      vertex -10.0062 -11.0402 0.599999
      vertex -10.5359 -10.5359 0.599999
      vertex -9.60329 -10.5956 0
    endloop
  endfacet
  facet normal -0.578217 -0.407224 -0.706989
    outer loop
      vertex -11.9678 -8.87592 0.599999
      vertex -12.3889 -8.278 0.599999
      vertex -11.4859 -8.5185 0
    endloop
  endfacet
  facet normal -0.557554 -0.435085 -0.70699
    outer loop
      vertex -11.5179 -9.45246 0.599999
      vertex -11.9678 -8.87592 0.599999
      vertex -11.4859 -8.5185 0
    endloop
  endfacet
  facet normal 0.188657 -0.681564 -0.707022
    outer loop
      vertex 4.32524 -14.2584 0.599999
      vertex 3.6204 -14.4535 0.599999
      vertex 4.15107 -13.6842 0
    endloop
  endfacet
  facet normal -0.378341 -0.597407 0.70708
    outer loop
      vertex -7.5059 -12.5228 12
      vertex -8.278 -12.3889 11.7
      vertex -7.66013 -12.7802 11.7
    endloop
  endfacet
  facet normal 0.615201 -0.78837 0
    outer loop
      vertex 8.87592 -11.9678 0.599999
      vertex 9.45246 -11.5179 11.7
      vertex 8.87592 -11.9678 11.7
    endloop
  endfacet
  facet normal 0.615201 -0.78837 0
    outer loop
      vertex 9.45246 -11.5179 11.7
      vertex 8.87592 -11.9678 0.599999
      vertex 9.45246 -11.5179 0.599999
    endloop
  endfacet
  facet normal -0.407224 -0.578217 -0.706989
    outer loop
      vertex -8.278 -12.3889 0.599999
      vertex -8.87592 -11.9678 0.599999
      vertex -8.5185 -11.4859 0
    endloop
  endfacet
  facet normal 0.646535 0.286594 0.707005
    outer loop
      vertex 13.4694 6.37057 11.7
      vertex 13.1982 6.2423 12
      vertex 13.4886 5.58718 12
    endloop
  endfacet
  facet normal -0.597407 -0.378341 0.70708
    outer loop
      vertex -12.5228 -7.5059 12
      vertex -12.7802 -7.66013 11.7
      vertex -12.3889 -8.278 11.7
    endloop
  endfacet
  facet normal 0.348533 -0.615271 0.707083
    outer loop
      vertex 7.5059 -12.5228 12
      vertex 6.88239 -12.876 12
      vertex 7.66013 -12.7802 11.7
    endloop
  endfacet
  facet normal 0.631683 -0.317949 0.707026
    outer loop
      vertex 13.4694 -6.37057 11.7
      vertex 12.876 -6.88239 12
      vertex 13.1406 -7.02381 11.7
    endloop
  endfacet
  facet normal 0.435056 -0.557518 0.707036
    outer loop
      vertex 9.45246 -11.5179 11.7
      vertex 8.69721 -11.7268 12
      vertex 8.87592 -11.9678 11.7
    endloop
  endfacet
  facet normal 0.671503 -0.22183 0.707018
    outer loop
      vertex 14.2584 -4.32524 11.7
      vertex 13.9713 -4.23816 12
      vertex 14.029 -5.01966 11.7
    endloop
  endfacet
  facet normal 0.286594 -0.646535 0.707005
    outer loop
      vertex 6.2423 -13.1982 12
      vertex 5.58718 -13.4886 12
      vertex 6.37057 -13.4694 11.7
    endloop
  endfacet
  facet normal -0.122515 -0.992467 0
    outer loop
      vertex -2.18628 -14.7387 0.599999
      vertex -1.46045 -14.8283 11.7
      vertex -2.18628 -14.7387 11.7
    endloop
  endfacet
  facet normal -0.122515 -0.992467 -0
    outer loop
      vertex -1.46045 -14.8283 11.7
      vertex -2.18628 -14.7387 0.599999
      vertex -1.46045 -14.8283 0.599999
    endloop
  endfacet
  facet normal -0.535035 -0.84483 0
    outer loop
      vertex -8.278 -12.3889 0.599999
      vertex -7.66013 -12.7802 11.7
      vertex -8.278 -12.3889 11.7
    endloop
  endfacet
  facet normal -0.535035 -0.84483 -0
    outer loop
      vertex -7.66013 -12.7802 11.7
      vertex -8.278 -12.3889 0.599999
      vertex -7.66013 -12.7802 0.599999
    endloop
  endfacet
  facet normal 0.557518 0.435056 0.707036
    outer loop
      vertex 11.9678 8.87592 11.7
      vertex 11.5179 9.45246 11.7
      vertex 11.7268 8.69721 12
    endloop
  endfacet
  facet normal -0.487651 -0.512212 0.70699
    outer loop
      vertex -9.80476 -10.8179 12
      vertex -10.5359 -10.5359 11.7
      vertex -10.0062 -11.0402 11.7
    endloop
  endfacet
  facet normal -0.0866516 0.701946 -0.706939
    outer loop
      vertex -2.14226 14.442 0.299999
      vertex -2.18628 14.7387 0.599999
      vertex -1.46045 14.8283 0.599999
    endloop
  endfacet
  facet normal -0.757181 0.653205 0
    outer loop
      vertex -11.5179 9.45246 0.599999
      vertex -11.0402 10.0062 11.7
      vertex -11.0402 10.0062 0.599999
    endloop
  endfacet
  facet normal -0.757181 0.653205 0
    outer loop
      vertex -11.0402 10.0062 11.7
      vertex -11.5179 9.45246 0.599999
      vertex -11.5179 9.45246 11.7
    endloop
  endfacet
  facet normal -0.0735652 -0.99729 0
    outer loop
      vertex -1.46045 -14.8283 0.599999
      vertex -0.731108 -14.8821 11.7
      vertex -1.46045 -14.8283 11.7
    endloop
  endfacet
  facet normal -0.0735652 -0.99729 -0
    outer loop
      vertex -0.731108 -14.8821 11.7
      vertex -1.46045 -14.8283 0.599999
      vertex -0.731108 -14.8821 0.599999
    endloop
  endfacet
  facet normal 0.461875 0.535499 -0.707045
    outer loop
      vertex 9.60329 10.5956 0
      vertex 9.07182 11.054 0
      vertex 9.45246 11.5179 0.599999
    endloop
  endfacet
  facet normal 0.0520042 -0.705226 0.707073
    outer loop
      vertex 1.43105 -14.5297 12
      vertex 0.716388 -14.5824 12
      vertex 0.731108 -14.8821 11.7
    endloop
  endfacet
  facet normal 0.017308 -0.70693 0.707072
    outer loop
      vertex 0.716388 -14.5824 12
      vertex 0 -14.9 11.7
      vertex 0.731108 -14.8821 11.7
    endloop
  endfacet
  facet normal -0.15493 -0.690075 0.70696
    outer loop
      vertex -2.84832 -14.3195 12
      vertex -3.6204 -14.4535 11.7
      vertex -2.90685 -14.6137 11.7
    endloop
  endfacet
  facet normal -0.154946 -0.690043 0.706988
    outer loop
      vertex -3.54751 -14.1625 12
      vertex -3.6204 -14.4535 11.7
      vertex -2.84832 -14.3195 12
    endloop
  endfacet
  facet normal -0.817587 -0.575806 0
    outer loop
      vertex -11.9678 -8.87592 0.599999
      vertex -12.3889 -8.278 11.7
      vertex -12.3889 -8.278 0.599999
    endloop
  endfacet
  facet normal -0.817587 -0.575806 0
    outer loop
      vertex -12.3889 -8.278 11.7
      vertex -11.9678 -8.87592 0.599999
      vertex -11.9678 -8.87592 11.7
    endloop
  endfacet
  facet normal -0.086638 0.701835 0.707051
    outer loop
      vertex -1.46045 14.8283 11.7
      vertex -2.18628 14.7387 11.7
      vertex -1.43105 14.5297 12
    endloop
  endfacet
  facet normal 0.317973 -0.631693 0.707005
    outer loop
      vertex 6.88239 -12.876 12
      vertex 6.2423 -13.1982 12
      vertex 6.37057 -13.4694 11.7
    endloop
  endfacet
  facet normal 0.461952 -0.535485 -0.707005
    outer loop
      vertex 10.0062 -11.0402 0.599999
      vertex 9.45246 -11.5179 0.599999
      vertex 9.60329 -10.5956 0
    endloop
  endfacet
  facet normal 0.646512 0.286647 -0.707004
    outer loop
      vertex 13.2115 5.47237 0
      vertex 12.927 6.11404 0
      vertex 13.4694 6.37057 0.599999
    endloop
  endfacet
  facet normal 0.659838 0.254524 -0.706988
    outer loop
      vertex 13.4641 4.81752 0
      vertex 13.2115 5.47237 0
      vertex 14.029 5.01966 0.599999
    endloop
  endfacet
  facet normal 0.348545 -0.615388 -0.706975
    outer loop
      vertex 7.02381 -13.1406 0.599999
      vertex 6.74097 -12.6115 0
      vertex 7.66013 -12.7802 0.599999
    endloop
  endfacet
  facet normal -0.707 0.0173307 -0.707001
    outer loop
      vertex -14.3 0 0
      vertex -14.9 0 0.599999
      vertex -14.2828 0.701667 0
    endloop
  endfacet
  facet normal 0.631725 0.317913 -0.707004
    outer loop
      vertex 12.927 6.11404 0
      vertex 12.6115 6.74097 0
      vertex 13.4694 6.37057 0.599999
    endloop
  endfacet
  facet normal 0.689529 -0.724258 0
    outer loop
      vertex 10.0062 -11.0402 0.599999
      vertex 10.5359 -10.5359 11.7
      vertex 10.0062 -11.0402 11.7
    endloop
  endfacet
  facet normal 0.689529 -0.724258 0
    outer loop
      vertex 10.5359 -10.5359 11.7
      vertex 10.0062 -11.0402 0.599999
      vertex 10.5359 -10.5359 0.599999
    endloop
  endfacet
  facet normal 0.578217 -0.407224 -0.706989
    outer loop
      vertex 11.9678 -8.87592 0.599999
      vertex 11.4859 -8.5185 0
      vertex 12.3889 -8.278 0.599999
    endloop
  endfacet
  facet normal 0.535035 0.84483 -0
    outer loop
      vertex 8.278 12.3889 0.599999
      vertex 7.66013 12.7802 11.7
      vertex 8.278 12.3889 11.7
    endloop
  endfacet
  facet normal 0.535035 0.84483 0
    outer loop
      vertex 7.66013 12.7802 11.7
      vertex 8.278 12.3889 0.599999
      vertex 7.66013 12.7802 0.599999
    endloop
  endfacet
  facet normal 0.578221 -0.407178 -0.707013
    outer loop
      vertex 12.3889 -8.278 0.599999
      vertex 11.4859 -8.5185 0
      vertex 11.89 -7.94465 0
    endloop
  endfacet
  facet normal 0.992467 -0.122515 0
    outer loop
      vertex 14.7387 -2.18628 11.7
      vertex 14.8283 -1.46045 0.599999
      vertex 14.8283 -1.46045 11.7
    endloop
  endfacet
  facet normal 0.992467 -0.122515 0
    outer loop
      vertex 14.8283 -1.46045 0.599999
      vertex 14.7387 -2.18628 11.7
      vertex 14.7387 -2.18628 0.599999
    endloop
  endfacet
  facet normal 0.659839 0.254528 -0.706986
    outer loop
      vertex 14.029 5.01966 0.599999
      vertex 13.2115 5.47237 0
      vertex 13.7658 5.70198 0.599999
    endloop
  endfacet
  facet normal 0.646512 -0.286647 -0.707004
    outer loop
      vertex 13.4694 -6.37057 0.599999
      vertex 12.927 -6.11404 0
      vertex 13.2115 -5.47237 0
    endloop
  endfacet
  facet normal -0.597465 0.37834 -0.707032
    outer loop
      vertex -12.2655 7.35167 0
      vertex -12.7802 7.66013 0.599999
      vertex -11.89 7.94465 0
    endloop
  endfacet
  facet normal -0.615388 0.348545 -0.706975
    outer loop
      vertex -12.6115 6.74097 0
      vertex -13.1406 7.02381 0.599999
      vertex -12.7802 7.66013 0.599999
    endloop
  endfacet
  facet normal -0.254528 0.659839 -0.706986
    outer loop
      vertex -5.47237 13.2115 0
      vertex -5.70198 13.7658 0.599999
      vertex -5.01966 14.029 0.599999
    endloop
  endfacet
  facet normal 0.70693 0.017308 0.707072
    outer loop
      vertex 14.8821 0.731108 11.7
      vertex 14.5824 0.716388 12
      vertex 14.9 0 11.7
    endloop
  endfacet
  facet normal 0.96376 -0.266769 0
    outer loop
      vertex 14.2584 -4.32524 11.7
      vertex 14.4535 -3.6204 0.599999
      vertex 14.4535 -3.6204 11.7
    endloop
  endfacet
  facet normal 0.96376 -0.266769 0
    outer loop
      vertex 14.4535 -3.6204 0.599999
      vertex 14.2584 -4.32524 11.7
      vertex 14.2584 -4.32524 0.599999
    endloop
  endfacet
  facet normal -0.631693 0.317973 0.707005
    outer loop
      vertex -12.876 6.88239 12
      vertex -13.4694 6.37057 11.7
      vertex -13.1982 6.2423 12
    endloop
  endfacet
  facet normal -0.659791 0.254506 0.707038
    outer loop
      vertex -13.4886 5.58718 12
      vertex -13.7658 5.70198 11.7
      vertex -13.7465 4.91859 12
    endloop
  endfacet
  facet normal -0.535493 -0.461952 0.706999
    outer loop
      vertex -11.286 -9.26214 12
      vertex -11.5179 -9.45246 11.7
      vertex -10.8179 -9.80476 12
    endloop
  endfacet
  facet normal 0.086638 0.701835 0.707051
    outer loop
      vertex 1.46045 14.8283 11.7
      vertex 1.43105 14.5297 12
      vertex 2.18628 14.7387 11.7
    endloop
  endfacet
  facet normal 0.557567 -0.435055 0.706998
    outer loop
      vertex 11.7268 -8.69721 12
      vertex 11.286 -9.26214 12
      vertex 11.5179 -9.45246 11.7
    endloop
  endfacet
  facet normal 0.615344 0.34852 0.707026
    outer loop
      vertex 13.1406 7.02381 11.7
      vertex 12.7802 7.66013 11.7
      vertex 12.876 6.88239 12
    endloop
  endfacet
  facet normal 0.597565 0.378321 0.706958
    outer loop
      vertex 12.3889 8.278 11.7
      vertex 12.1395 8.11133 12
      vertex 12.5228 7.5059 12
    endloop
  endfacet
  facet normal 0.646496 0.286605 0.707036
    outer loop
      vertex 13.7658 5.70198 11.7
      vertex 13.4694 6.37057 11.7
      vertex 13.4886 5.58718 12
    endloop
  endfacet
  facet normal -0.46196 0.535495 0.706992
    outer loop
      vertex -9.45246 11.5179 11.7
      vertex -10.0062 11.0402 11.7
      vertex -9.80476 10.8179 12
    endloop
  endfacet
  facet normal -0.512269 -0.487655 0.706946
    outer loop
      vertex -10.3238 -10.3238 12
      vertex -10.8179 -9.80476 12
      vertex -10.5359 -10.5359 11.7
    endloop
  endfacet
  facet normal -0.22183 0.671503 0.707018
    outer loop
      vertex -4.32524 14.2584 11.7
      vertex -5.01966 14.029 11.7
      vertex -4.23816 13.9713 12
    endloop
  endfacet
  facet normal -0.435056 0.557518 0.707036
    outer loop
      vertex -8.87592 11.9678 11.7
      vertex -9.45246 11.5179 11.7
      vertex -8.69721 11.7268 12
    endloop
  endfacet
  facet normal 0.557451 0.435125 -0.707047
    outer loop
      vertex 11.4859 8.5185 0
      vertex 11.054 9.07182 0
      vertex 11.5179 9.45246 0.599999
    endloop
  endfacet
  facet normal 0.631683 0.317949 0.707026
    outer loop
      vertex 13.1406 7.02381 11.7
      vertex 12.876 6.88239 12
      vertex 13.4694 6.37057 11.7
    endloop
  endfacet
  facet normal 0.597465 0.37834 -0.707032
    outer loop
      vertex 12.2655 7.35167 0
      vertex 11.89 7.94465 0
      vertex 12.7802 7.66013 0.599999
    endloop
  endfacet
  facet normal 0.681564 -0.188657 -0.707022
    outer loop
      vertex 14.2584 -4.32524 0.599999
      vertex 13.6842 -4.15107 0
      vertex 14.4535 -3.6204 0.599999
    endloop
  endfacet
  facet normal 0.696777 0.120939 -0.707019
    outer loop
      vertex 14.442 2.14226 0.299999
      vertex 14.0252 2.78979 0
      vertex 14.6137 2.90685 0.599999
    endloop
  endfacet
  facet normal -0.707 -0.0173307 -0.707001
    outer loop
      vertex -14.2828 -0.701667 0
      vertex -14.9 0 0.599999
      vertex -14.3 0 0
    endloop
  endfacet
  facet normal 0.96376 0.266769 0
    outer loop
      vertex 14.4535 3.6204 11.7
      vertex 14.2584 4.32524 0.599999
      vertex 14.2584 4.32524 11.7
    endloop
  endfacet
  facet normal 0.96376 0.266769 0
    outer loop
      vertex 14.2584 4.32524 0.599999
      vertex 14.4535 3.6204 11.7
      vertex 14.4535 3.6204 0.599999
    endloop
  endfacet
  facet normal -0.631725 0.317913 -0.707004
    outer loop
      vertex -12.927 6.11404 0
      vertex -13.4694 6.37057 0.599999
      vertex -12.6115 6.74097 0
    endloop
  endfacet
  facet normal 0.0173307 0.707 -0.707001
    outer loop
      vertex 0.701667 14.2828 0
      vertex 0 14.3 0
      vertex 0 14.9 0.599999
    endloop
  endfacet
  facet normal -0.659839 0.254528 -0.706986
    outer loop
      vertex -13.2115 5.47237 0
      vertex -14.029 5.01966 0.599999
      vertex -13.7658 5.70198 0.599999
    endloop
  endfacet
  facet normal -0.535035 0.84483 0
    outer loop
      vertex -7.66013 12.7802 0.599999
      vertex -8.278 12.3889 11.7
      vertex -7.66013 12.7802 11.7
    endloop
  endfacet
  facet normal -0.535035 0.84483 0
    outer loop
      vertex -8.278 12.3889 11.7
      vertex -7.66013 12.7802 0.599999
      vertex -8.278 12.3889 0.599999
    endloop
  endfacet
  facet normal 0.378377 0.597464 -0.707013
    outer loop
      vertex 7.94465 11.89 0
      vertex 7.66013 12.7802 0.599999
      vertex 8.278 12.3889 0.599999
    endloop
  endfacet
  facet normal -0.659838 0.254524 -0.706988
    outer loop
      vertex -13.4641 4.81752 0
      vertex -14.029 5.01966 0.599999
      vertex -13.2115 5.47237 0
    endloop
  endfacet
  facet normal 0.317913 -0.631725 -0.707004
    outer loop
      vertex 6.37057 -13.4694 0.599999
      vertex 6.11404 -12.927 0
      vertex 6.74097 -12.6115 0
    endloop
  endfacet
  facet normal -0.487657 0.51215 -0.707031
    outer loop
      vertex -10.1116 10.1116 0
      vertex -10.5359 10.5359 0.599999
      vertex -9.60329 10.5956 0
    endloop
  endfacet
  facet normal -0.266769 0.96376 0
    outer loop
      vertex -3.6204 14.4535 0.599999
      vertex -4.32524 14.2584 11.7
      vertex -3.6204 14.4535 11.7
    endloop
  endfacet
  facet normal -0.266769 0.96376 0
    outer loop
      vertex -4.32524 14.2584 11.7
      vertex -3.6204 14.4535 0.599999
      vertex -4.32524 14.2584 0.599999
    endloop
  endfacet
  facet normal -0.512212 -0.487651 0.70699
    outer loop
      vertex -10.8179 -9.80476 12
      vertex -11.0402 -10.0062 11.7
      vertex -10.5359 -10.5359 11.7
    endloop
  endfacet
  facet normal -0.0173095 0.706988 -0.707014
    outer loop
      vertex -0.701667 14.2828 0
      vertex -0.731108 14.8821 0.599999
      vertex 0 14.9 0.599999
    endloop
  endfacet
  facet normal 0.0520042 0.705226 0.707073
    outer loop
      vertex 0.731108 14.8821 11.7
      vertex 0.716388 14.5824 12
      vertex 1.43105 14.5297 12
    endloop
  endfacet
  facet normal -0.017308 -0.70693 0.707072
    outer loop
      vertex -0.716388 -14.5824 12
      vertex -0.731108 -14.8821 11.7
      vertex 0 -14.9 11.7
    endloop
  endfacet
  facet normal -0.9997 -0.0244761 0
    outer loop
      vertex -14.8821 -0.731108 0.599999
      vertex -14.9 0 11.7
      vertex -14.9 0 0.599999
    endloop
  endfacet
  facet normal -0.9997 -0.0244761 0
    outer loop
      vertex -14.9 0 11.7
      vertex -14.8821 -0.731108 0.599999
      vertex -14.8821 -0.731108 11.7
    endloop
  endfacet
  facet normal -0.487657 -0.51215 -0.707031
    outer loop
      vertex -9.60329 -10.5956 0
      vertex -10.5359 -10.5359 0.599999
      vertex -10.1116 -10.1116 0
    endloop
  endfacet
  facet normal -0.378321 -0.597565 0.706958
    outer loop
      vertex -8.11133 -12.1395 12
      vertex -8.278 -12.3889 11.7
      vertex -7.5059 -12.5228 12
    endloop
  endfacet
  facet normal -0.512269 0.487655 0.706946
    outer loop
      vertex -10.5359 10.5359 11.7
      vertex -10.8179 9.80476 12
      vertex -10.3238 10.3238 12
    endloop
  endfacet
  facet normal 0.188657 0.681564 -0.707022
    outer loop
      vertex 4.15107 13.6842 0
      vertex 3.6204 14.4535 0.599999
      vertex 4.32524 14.2584 0.599999
    endloop
  endfacet
  facet normal 0.266769 0.96376 -0
    outer loop
      vertex 4.32524 14.2584 0.599999
      vertex 3.6204 14.4535 11.7
      vertex 4.32524 14.2584 11.7
    endloop
  endfacet
  facet normal 0.266769 0.96376 0
    outer loop
      vertex 3.6204 14.4535 11.7
      vertex 4.32524 14.2584 0.599999
      vertex 3.6204 14.4535 0.599999
    endloop
  endfacet
  facet normal 0.597464 -0.378377 -0.707013
    outer loop
      vertex 12.3889 -8.278 0.599999
      vertex 11.89 -7.94465 0
      vertex 12.7802 -7.66013 0.599999
    endloop
  endfacet
  facet normal 0.689981 0.154957 -0.707047
    outer loop
      vertex 14.0252 2.78979 0
      vertex 13.8714 3.47462 0
      vertex 14.4535 3.6204 0.599999
    endloop
  endfacet
  facet normal -0.975712 0.219058 0
    outer loop
      vertex -14.6137 2.90685 0.599999
      vertex -14.4535 3.6204 11.7
      vertex -14.4535 3.6204 0.599999
    endloop
  endfacet
  facet normal -0.975712 0.219058 0
    outer loop
      vertex -14.4535 3.6204 11.7
      vertex -14.6137 2.90685 0.599999
      vertex -14.6137 2.90685 11.7
    endloop
  endfacet
  facet normal -0.724258 -0.689529 0
    outer loop
      vertex -10.5359 -10.5359 0.599999
      vertex -11.0402 -10.0062 11.7
      vertex -11.0402 -10.0062 0.599999
    endloop
  endfacet
  facet normal -0.724258 -0.689529 0
    outer loop
      vertex -11.0402 -10.0062 11.7
      vertex -10.5359 -10.5359 0.599999
      vertex -10.5359 -10.5359 11.7
    endloop
  endfacet
  facet normal -0.535485 0.461952 -0.707005
    outer loop
      vertex -10.5956 9.60329 0
      vertex -11.5179 9.45246 0.599999
      vertex -11.0402 10.0062 0.599999
    endloop
  endfacet
  facet normal -0.653205 0.757181 0
    outer loop
      vertex -9.45246 11.5179 0.599999
      vertex -10.0062 11.0402 11.7
      vertex -9.45246 11.5179 11.7
    endloop
  endfacet
  facet normal -0.653205 0.757181 0
    outer loop
      vertex -10.0062 11.0402 11.7
      vertex -9.45246 11.5179 0.599999
      vertex -10.0062 11.0402 0.599999
    endloop
  endfacet
  facet normal -0.120904 0.696864 0.706939
    outer loop
      vertex -2.18628 14.7387 11.7
      vertex -2.84832 14.3195 12
      vertex -2.14226 14.442 12
    endloop
  endfacet
  facet normal 0.631693 -0.317973 0.707005
    outer loop
      vertex 13.1982 -6.2423 12
      vertex 12.876 -6.88239 12
      vertex 13.4694 -6.37057 11.7
    endloop
  endfacet
  facet normal -0.378377 0.597464 -0.707013
    outer loop
      vertex -7.94465 11.89 0
      vertex -8.278 12.3889 0.599999
      vertex -7.66013 12.7802 0.599999
    endloop
  endfacet
  facet normal -0.254508 -0.659786 0.707042
    outer loop
      vertex -4.91859 -13.7465 12
      vertex -5.70198 -13.7658 11.7
      vertex -5.01966 -14.029 11.7
    endloop
  endfacet
  facet normal -0.188692 0.681589 0.706988
    outer loop
      vertex -3.6204 14.4535 11.7
      vertex -4.23816 13.9713 12
      vertex -3.54751 14.1625 12
    endloop
  endfacet
  facet normal -0.15493 0.690075 0.70696
    outer loop
      vertex -2.90685 14.6137 11.7
      vertex -3.6204 14.4535 11.7
      vertex -2.84832 14.3195 12
    endloop
  endfacet
  facet normal 0.659791 0.254506 0.707038
    outer loop
      vertex 13.7658 5.70198 11.7
      vertex 13.4886 5.58718 12
      vertex 13.7465 4.91859 12
    endloop
  endfacet
  facet normal -0.689529 0.724258 0
    outer loop
      vertex -10.0062 11.0402 0.599999
      vertex -10.5359 10.5359 11.7
      vertex -10.0062 11.0402 11.7
    endloop
  endfacet
  facet normal -0.689529 0.724258 0
    outer loop
      vertex -10.5359 10.5359 11.7
      vertex -10.0062 11.0402 0.599999
      vertex -10.5359 10.5359 0.599999
    endloop
  endfacet
  facet normal 0.705245 -0.0520225 0.707052
    outer loop
      vertex 14.8821 -0.731108 11.7
      vertex 14.5297 -1.43105 12
      vertex 14.8283 -1.46045 11.7
    endloop
  endfacet
  facet normal -0.84483 0.535035 0
    outer loop
      vertex -12.7802 7.66013 0.599999
      vertex -12.3889 8.278 11.7
      vertex -12.3889 8.278 0.599999
    endloop
  endfacet
  facet normal -0.84483 0.535035 0
    outer loop
      vertex -12.3889 8.278 11.7
      vertex -12.7802 7.66013 0.599999
      vertex -12.7802 7.66013 11.7
    endloop
  endfacet
  facet normal 0.690018 -0.154917 -0.707019
    outer loop
      vertex 14.4535 -3.6204 0.599999
      vertex 14.0252 -2.78979 0
      vertex 14.6137 -2.90685 0.599999
    endloop
  endfacet
  facet normal -0.9997 0.0244761 0
    outer loop
      vertex -14.9 0 0.599999
      vertex -14.8821 0.731108 11.7
      vertex -14.8821 0.731108 0.599999
    endloop
  endfacet
  facet normal -0.9997 0.0244761 0
    outer loop
      vertex -14.8821 0.731108 11.7
      vertex -14.9 0 0.599999
      vertex -14.9 0 11.7
    endloop
  endfacet
  facet normal 0.0173095 0.706988 -0.707014
    outer loop
      vertex 0.701667 14.2828 0
      vertex 0 14.9 0.599999
      vertex 0.731108 14.8821 0.599999
    endloop
  endfacet
  facet normal 0.705283 -0.0520253 -0.707014
    outer loop
      vertex 14.8283 -1.46045 0.599999
      vertex 14.2828 -0.701667 0
      vertex 14.8821 -0.731108 0.599999
    endloop
  endfacet
  facet normal -0.96376 -0.266769 0
    outer loop
      vertex -14.2584 -4.32524 0.599999
      vertex -14.4535 -3.6204 11.7
      vertex -14.4535 -3.6204 0.599999
    endloop
  endfacet
  facet normal -0.96376 -0.266769 0
    outer loop
      vertex -14.4535 -3.6204 11.7
      vertex -14.2584 -4.32524 0.599999
      vertex -14.2584 -4.32524 11.7
    endloop
  endfacet
  facet normal -0.690043 -0.154946 0.706988
    outer loop
      vertex -14.3195 -2.84832 12
      vertex -14.4535 -3.6204 11.7
      vertex -14.1625 -3.54751 12
    endloop
  endfacet
  facet normal -0.659838 -0.254524 -0.706988
    outer loop
      vertex -13.2115 -5.47237 0
      vertex -14.029 -5.01966 0.599999
      vertex -13.4641 -4.81752 0
    endloop
  endfacet
  facet normal -0.696864 -0.120904 0.706939
    outer loop
      vertex -14.442 -2.14226 12
      vertex -14.7387 -2.18628 11.7
      vertex -14.3195 -2.84832 12
    endloop
  endfacet
  facet normal 0.512269 -0.487655 0.706946
    outer loop
      vertex 10.8179 -9.80476 12
      vertex 10.3238 -10.3238 12
      vertex 10.5359 -10.5359 11.7
    endloop
  endfacet
  facet normal -0.188658 0.681566 0.707019
    outer loop
      vertex -3.6204 14.4535 11.7
      vertex -4.32524 14.2584 11.7
      vertex -4.23816 13.9713 12
    endloop
  endfacet
  facet normal 0.286594 0.646535 0.707005
    outer loop
      vertex 6.37057 13.4694 11.7
      vertex 5.58718 13.4886 12
      vertex 6.2423 13.1982 12
    endloop
  endfacet
  facet normal -0.615271 0.348533 0.707083
    outer loop
      vertex -12.7802 7.66013 11.7
      vertex -12.876 6.88239 12
      vertex -12.5228 7.5059 12
    endloop
  endfacet
  facet normal -0.985285 0.170921 0
    outer loop
      vertex -14.7387 2.18628 0.599999
      vertex -14.6137 2.90685 11.7
      vertex -14.6137 2.90685 0.599999
    endloop
  endfacet
  facet normal -0.985285 0.170921 0
    outer loop
      vertex -14.6137 2.90685 11.7
      vertex -14.7387 2.18628 0.599999
      vertex -14.7387 2.18628 11.7
    endloop
  endfacet
  facet normal 0.359895 -0.932993 0
    outer loop
      vertex 5.01966 -14.029 0.599999
      vertex 5.70198 -13.7658 11.7
      vertex 5.01966 -14.029 11.7
    endloop
  endfacet
  facet normal 0.359895 -0.932993 0
    outer loop
      vertex 5.70198 -13.7658 11.7
      vertex 5.01966 -14.029 0.599999
      vertex 5.70198 -13.7658 0.599999
    endloop
  endfacet
  facet normal -0.221841 -0.671474 0.707043
    outer loop
      vertex -4.91859 -13.7465 12
      vertex -5.01966 -14.029 11.7
      vertex -4.23816 -13.9713 12
    endloop
  endfacet
  facet normal -0.578217 0.407224 -0.706989
    outer loop
      vertex -11.4859 8.5185 0
      vertex -12.3889 8.278 0.599999
      vertex -11.9678 8.87592 0.599999
    endloop
  endfacet
  facet normal -0.893232 0.449597 0
    outer loop
      vertex -13.4694 6.37057 0.599999
      vertex -13.1406 7.02381 11.7
      vertex -13.1406 7.02381 0.599999
    endloop
  endfacet
  facet normal -0.893232 0.449597 0
    outer loop
      vertex -13.1406 7.02381 11.7
      vertex -13.4694 6.37057 0.599999
      vertex -13.4694 6.37057 11.7
    endloop
  endfacet
  facet normal 0.615344 -0.34852 0.707026
    outer loop
      vertex 12.876 -6.88239 12
      vertex 12.7802 -7.66013 11.7
      vertex 13.1406 -7.02381 11.7
    endloop
  endfacet
  facet normal 0.254506 -0.659791 0.707038
    outer loop
      vertex 5.58718 -13.4886 12
      vertex 4.91859 -13.7465 12
      vertex 5.70198 -13.7658 11.7
    endloop
  endfacet
  facet normal 0.0865592 -0.701959 0.706938
    outer loop
      vertex 2.14226 -14.442 12
      vertex 1.43105 -14.5297 12
      vertex 2.18628 -14.7387 11.7
    endloop
  endfacet
  facet normal 0.188612 -0.681551 -0.707046
    outer loop
      vertex 3.6204 -14.4535 0.599999
      vertex 3.47462 -13.8714 0
      vertex 4.15107 -13.6842 0
    endloop
  endfacet
  facet normal 0.348601 -0.61529 -0.707033
    outer loop
      vertex 7.66013 -12.7802 0.599999
      vertex 6.74097 -12.6115 0
      vertex 7.35167 -12.2655 0
    endloop
  endfacet
  facet normal 0.597464 0.378377 -0.707013
    outer loop
      vertex 12.7802 7.66013 0.599999
      vertex 11.89 7.94465 0
      vertex 12.3889 8.278 0.599999
    endloop
  endfacet
  facet normal -0.535499 -0.461875 -0.707045
    outer loop
      vertex -10.5956 -9.60329 0
      vertex -11.5179 -9.45246 0.599999
      vertex -11.054 -9.07182 0
    endloop
  endfacet
  facet normal -0.701843 -0.0865453 -0.707055
    outer loop
      vertex -14.1452 -2.09825 0
      vertex -14.442 -2.14226 0.299999
      vertex -14.2311 -1.40164 0
    endloop
  endfacet
  facet normal 0.461875 -0.535499 -0.707045
    outer loop
      vertex 9.45246 -11.5179 0.599999
      vertex 9.07182 -11.054 0
      vertex 9.60329 -10.5956 0
    endloop
  endfacet
  facet normal 0.435125 -0.557451 -0.707047
    outer loop
      vertex 9.45246 -11.5179 0.599999
      vertex 8.5185 -11.4859 0
      vertex 9.07182 -11.054 0
    endloop
  endfacet
  facet normal -0.219058 -0.975712 0
    outer loop
      vertex -3.6204 -14.4535 0.599999
      vertex -2.90685 -14.6137 11.7
      vertex -3.6204 -14.4535 11.7
    endloop
  endfacet
  facet normal -0.219058 -0.975712 -0
    outer loop
      vertex -2.90685 -14.6137 11.7
      vertex -3.6204 -14.4535 0.599999
      vertex -2.90685 -14.6137 0.599999
    endloop
  endfacet
  facet normal -0.46196 -0.535495 0.706992
    outer loop
      vertex -9.80476 -10.8179 12
      vertex -10.0062 -11.0402 11.7
      vertex -9.45246 -11.5179 11.7
    endloop
  endfacet
  facet normal -0.435055 -0.557567 0.706998
    outer loop
      vertex -9.26214 -11.286 12
      vertex -9.45246 -11.5179 11.7
      vertex -8.69721 -11.7268 12
    endloop
  endfacet
  facet normal 0.221774 0.671518 -0.707022
    outer loop
      vertex 4.81752 13.4641 0
      vertex 4.15107 13.6842 0
      vertex 4.32524 14.2584 0.599999
    endloop
  endfacet
  facet normal -0.378377 -0.597464 -0.707013
    outer loop
      vertex -7.66013 -12.7802 0.599999
      vertex -8.278 -12.3889 0.599999
      vertex -7.94465 -11.89 0
    endloop
  endfacet
  facet normal -0.348601 -0.61529 -0.707033
    outer loop
      vertex -6.74097 -12.6115 0
      vertex -7.66013 -12.7802 0.599999
      vertex -7.35167 -12.2655 0
    endloop
  endfacet
  facet normal 0.99729 -0.0735652 0
    outer loop
      vertex 14.8283 -1.46045 11.7
      vertex 14.8821 -0.731108 0.599999
      vertex 14.8821 -0.731108 11.7
    endloop
  endfacet
  facet normal 0.99729 -0.0735652 0
    outer loop
      vertex 14.8821 -0.731108 0.599999
      vertex 14.8283 -1.46045 11.7
      vertex 14.8283 -1.46045 0.599999
    endloop
  endfacet
  facet normal -0.535495 0.46196 0.706992
    outer loop
      vertex -11.0402 10.0062 11.7
      vertex -11.5179 9.45246 11.7
      vertex -10.8179 9.80476 12
    endloop
  endfacet
  facet normal 0.512203 -0.487642 -0.707003
    outer loop
      vertex 11.0402 -10.0062 0.599999
      vertex 10.5359 -10.5359 0.599999
      vertex 10.5956 -9.60329 0
    endloop
  endfacet
  facet normal 0.120885 -0.696847 0.706959
    outer loop
      vertex 2.84832 -14.3195 12
      vertex 2.18628 -14.7387 11.7
      vertex 2.90685 -14.6137 11.7
    endloop
  endfacet
  facet normal -0.254506 -0.659791 0.707038
    outer loop
      vertex -5.58718 -13.4886 12
      vertex -5.70198 -13.7658 11.7
      vertex -4.91859 -13.7465 12
    endloop
  endfacet
  facet normal 0.154946 0.690043 0.706988
    outer loop
      vertex 3.6204 14.4535 11.7
      vertex 2.84832 14.3195 12
      vertex 3.54751 14.1625 12
    endloop
  endfacet
  facet normal -0.086544 -0.701845 -0.707053
    outer loop
      vertex -1.46045 -14.8283 0.599999
      vertex -2.14226 -14.442 0.299999
      vertex -1.40164 -14.2311 0
    endloop
  endfacet
  facet normal -0.405281 -0.914192 0
    outer loop
      vertex -6.37057 -13.4694 0.599999
      vertex -5.70198 -13.7658 11.7
      vertex -6.37057 -13.4694 11.7
    endloop
  endfacet
  facet normal -0.405281 -0.914192 -0
    outer loop
      vertex -5.70198 -13.7658 11.7
      vertex -6.37057 -13.4694 0.599999
      vertex -5.70198 -13.7658 0.599999
    endloop
  endfacet
  facet normal -0.286626 -0.646542 -0.706986
    outer loop
      vertex -5.70198 -13.7658 0.599999
      vertex -6.37057 -13.4694 0.599999
      vertex -5.47237 -13.2115 0
    endloop
  endfacet
  facet normal 0.578178 0.407196 0.707037
    outer loop
      vertex 11.9678 8.87592 11.7
      vertex 11.7268 8.69721 12
      vertex 12.3889 8.278 11.7
    endloop
  endfacet
  facet normal 0.461952 0.535493 0.706999
    outer loop
      vertex 9.45246 11.5179 11.7
      vertex 9.26214 11.286 12
      vertex 9.80476 10.8179 12
    endloop
  endfacet
  facet normal -0.348533 0.615271 0.707083
    outer loop
      vertex -6.88239 12.876 12
      vertex -7.66013 12.7802 11.7
      vertex -7.5059 12.5228 12
    endloop
  endfacet
  facet normal -0.535485 -0.461952 -0.707005
    outer loop
      vertex -11.0402 -10.0062 0.599999
      vertex -11.5179 -9.45246 0.599999
      vertex -10.5956 -9.60329 0
    endloop
  endfacet
  facet normal -0.170921 -0.985285 0
    outer loop
      vertex -2.90685 -14.6137 0.599999
      vertex -2.18628 -14.7387 11.7
      vertex -2.90685 -14.6137 11.7
    endloop
  endfacet
  facet normal -0.170921 -0.985285 -0
    outer loop
      vertex -2.18628 -14.7387 11.7
      vertex -2.90685 -14.6137 0.599999
      vertex -2.18628 -14.7387 0.599999
    endloop
  endfacet
  facet normal 0.0244761 -0.9997 0
    outer loop
      vertex 0 -14.9 0.599999
      vertex 0.731108 -14.8821 11.7
      vertex 0 -14.9 11.7
    endloop
  endfacet
  facet normal 0.0244761 -0.9997 0
    outer loop
      vertex 0.731108 -14.8821 11.7
      vertex 0 -14.9 0.599999
      vertex 0.731108 -14.8821 0.599999
    endloop
  endfacet
  facet normal 0.0173307 -0.707 -0.707001
    outer loop
      vertex 0.701667 -14.2828 0
      vertex 0 -14.9 0.599999
      vertex 0 -14.3 0
    endloop
  endfacet
  facet normal 0.0735652 -0.99729 0
    outer loop
      vertex 0.731108 -14.8821 0.599999
      vertex 1.46045 -14.8283 11.7
      vertex 0.731108 -14.8821 11.7
    endloop
  endfacet
  facet normal 0.0735652 -0.99729 0
    outer loop
      vertex 1.46045 -14.8283 11.7
      vertex 0.731108 -14.8821 0.599999
      vertex 1.46045 -14.8283 0.599999
    endloop
  endfacet
  facet normal 0.578205 0.407293 0.706959
    outer loop
      vertex 12.3889 8.278 11.7
      vertex 11.7268 8.69721 12
      vertex 12.1395 8.11133 12
    endloop
  endfacet
  facet normal 0.188692 0.681589 0.706988
    outer loop
      vertex 3.6204 14.4535 11.7
      vertex 3.54751 14.1625 12
      vertex 4.23816 13.9713 12
    endloop
  endfacet
  facet normal 0.557567 0.435055 0.706998
    outer loop
      vertex 11.5179 9.45246 11.7
      vertex 11.286 9.26214 12
      vertex 11.7268 8.69721 12
    endloop
  endfacet
  facet normal -0.378321 0.597565 0.706958
    outer loop
      vertex -7.5059 12.5228 12
      vertex -8.278 12.3889 11.7
      vertex -8.11133 12.1395 12
    endloop
  endfacet
  facet normal 0.254524 -0.659838 -0.706988
    outer loop
      vertex 5.01966 -14.029 0.599999
      vertex 4.81752 -13.4641 0
      vertex 5.47237 -13.2115 0
    endloop
  endfacet
  facet normal 0.254508 -0.659786 0.707042
    outer loop
      vertex 5.70198 -13.7658 11.7
      vertex 4.91859 -13.7465 12
      vertex 5.01966 -14.029 11.7
    endloop
  endfacet
  facet normal 0.449597 -0.893232 0
    outer loop
      vertex 6.37057 -13.4694 0.599999
      vertex 7.02381 -13.1406 11.7
      vertex 6.37057 -13.4694 11.7
    endloop
  endfacet
  facet normal 0.449597 -0.893232 0
    outer loop
      vertex 7.02381 -13.1406 11.7
      vertex 6.37057 -13.4694 0.599999
      vertex 7.02381 -13.1406 0.599999
    endloop
  endfacet
  facet normal 0.317949 -0.631683 0.707026
    outer loop
      vertex 6.88239 -12.876 12
      vertex 6.37057 -13.4694 11.7
      vertex 7.02381 -13.1406 11.7
    endloop
  endfacet
  facet normal -0.286594 0.646535 0.707005
    outer loop
      vertex -5.58718 13.4886 12
      vertex -6.37057 13.4694 11.7
      vertex -6.2423 13.1982 12
    endloop
  endfacet
  facet normal -0.317973 0.631693 0.707005
    outer loop
      vertex -6.37057 13.4694 11.7
      vertex -6.88239 12.876 12
      vertex -6.2423 13.1982 12
    endloop
  endfacet
  facet normal 0.94953 -0.313675 0
    outer loop
      vertex 14.029 -5.01966 11.7
      vertex 14.2584 -4.32524 0.599999
      vertex 14.2584 -4.32524 11.7
    endloop
  endfacet
  facet normal 0.94953 -0.313675 0
    outer loop
      vertex 14.2584 -4.32524 0.599999
      vertex 14.029 -5.01966 11.7
      vertex 14.029 -5.01966 0.599999
    endloop
  endfacet
  facet normal 0.37834 0.597465 -0.707032
    outer loop
      vertex 7.94465 11.89 0
      vertex 7.35167 12.2655 0
      vertex 7.66013 12.7802 0.599999
    endloop
  endfacet
  facet normal 0.578221 0.407178 -0.707013
    outer loop
      vertex 11.89 7.94465 0
      vertex 11.4859 8.5185 0
      vertex 12.3889 8.278 0.599999
    endloop
  endfacet
  facet normal 0.51215 0.487657 -0.707031
    outer loop
      vertex 10.5956 9.60329 0
      vertex 10.1116 10.1116 0
      vertex 10.5359 10.5359 0.599999
    endloop
  endfacet
  facet normal 0.487657 0.51215 -0.707031
    outer loop
      vertex 10.1116 10.1116 0
      vertex 9.60329 10.5956 0
      vertex 10.5359 10.5359 0.599999
    endloop
  endfacet
  facet normal 0.631729 0.317973 -0.706973
    outer loop
      vertex 13.4694 6.37057 0.599999
      vertex 12.6115 6.74097 0
      vertex 13.1406 7.02381 0.599999
    endloop
  endfacet
  facet normal -0.597465 -0.37834 -0.707032
    outer loop
      vertex -11.89 -7.94465 0
      vertex -12.7802 -7.66013 0.599999
      vertex -12.2655 -7.35167 0
    endloop
  endfacet
  facet normal 0.646496 -0.286605 0.707036
    outer loop
      vertex 13.4886 -5.58718 12
      vertex 13.4694 -6.37057 11.7
      vertex 13.7658 -5.70198 11.7
    endloop
  endfacet
  facet normal -0.631683 0.317949 0.707026
    outer loop
      vertex -13.1406 7.02381 11.7
      vertex -13.4694 6.37057 11.7
      vertex -12.876 6.88239 12
    endloop
  endfacet
  facet normal -0.407196 0.578178 0.707037
    outer loop
      vertex -8.278 12.3889 11.7
      vertex -8.87592 11.9678 11.7
      vertex -8.69721 11.7268 12
    endloop
  endfacet
  facet normal -0.407293 0.578205 0.706959
    outer loop
      vertex -8.278 12.3889 11.7
      vertex -8.69721 11.7268 12
      vertex -8.11133 12.1395 12
    endloop
  endfacet
  facet normal 0.512212 0.487651 0.70699
    outer loop
      vertex 11.0402 10.0062 11.7
      vertex 10.5359 10.5359 11.7
      vertex 10.8179 9.80476 12
    endloop
  endfacet
  facet normal -0.631729 0.317973 -0.706973
    outer loop
      vertex -12.6115 6.74097 0
      vertex -13.4694 6.37057 0.599999
      vertex -13.1406 7.02381 0.599999
    endloop
  endfacet
  facet normal 0.9997 -0.0244761 0
    outer loop
      vertex 14.8821 -0.731108 11.7
      vertex 14.9 0 0.599999
      vertex 14.9 0 11.7
    endloop
  endfacet
  facet normal 0.9997 -0.0244761 0
    outer loop
      vertex 14.9 0 0.599999
      vertex 14.8821 -0.731108 11.7
      vertex 14.8821 -0.731108 0.599999
    endloop
  endfacet
  facet normal -0.535499 0.461875 -0.707045
    outer loop
      vertex -11.054 9.07182 0
      vertex -11.5179 9.45246 0.599999
      vertex -10.5956 9.60329 0
    endloop
  endfacet
  facet normal 0.707 -0.0173694 0.707
    outer loop
      vertex 14.6 0 12
      vertex 14.5824 -0.716388 12
      vertex 14.9 0 11.7
    endloop
  endfacet
  facet normal 0.84483 -0.535035 0
    outer loop
      vertex 12.3889 -8.278 11.7
      vertex 12.7802 -7.66013 0.599999
      vertex 12.7802 -7.66013 11.7
    endloop
  endfacet
  facet normal 0.84483 -0.535035 0
    outer loop
      vertex 12.7802 -7.66013 0.599999
      vertex 12.3889 -8.278 11.7
      vertex 12.3889 -8.278 0.599999
    endloop
  endfacet
  facet normal 0.870129 -0.492825 0
    outer loop
      vertex 12.7802 -7.66013 11.7
      vertex 13.1406 -7.02381 0.599999
      vertex 13.1406 -7.02381 11.7
    endloop
  endfacet
  facet normal 0.870129 -0.492825 0
    outer loop
      vertex 13.1406 -7.02381 0.599999
      vertex 12.7802 -7.66013 11.7
      vertex 12.7802 -7.66013 0.599999
    endloop
  endfacet
  facet normal 0.646542 -0.286626 -0.706986
    outer loop
      vertex 13.4694 -6.37057 0.599999
      vertex 13.2115 -5.47237 0
      vertex 13.7658 -5.70198 0.599999
    endloop
  endfacet
  facet normal 0.914192 -0.405281 0
    outer loop
      vertex 13.4694 -6.37057 11.7
      vertex 13.7658 -5.70198 0.599999
      vertex 13.7658 -5.70198 11.7
    endloop
  endfacet
  facet normal 0.914192 -0.405281 0
    outer loop
      vertex 13.7658 -5.70198 0.599999
      vertex 13.4694 -6.37057 11.7
      vertex 13.4694 -6.37057 0.599999
    endloop
  endfacet
  facet normal 0.817587 -0.575806 0
    outer loop
      vertex 11.9678 -8.87592 11.7
      vertex 12.3889 -8.278 0.599999
      vertex 12.3889 -8.278 11.7
    endloop
  endfacet
  facet normal 0.817587 -0.575806 0
    outer loop
      vertex 12.3889 -8.278 0.599999
      vertex 11.9678 -8.87592 11.7
      vertex 11.9678 -8.87592 0.599999
    endloop
  endfacet
  facet normal 0.659786 -0.254508 0.707042
    outer loop
      vertex 14.029 -5.01966 11.7
      vertex 13.7465 -4.91859 12
      vertex 13.7658 -5.70198 11.7
    endloop
  endfacet
  facet normal -0.317913 0.631725 -0.707004
    outer loop
      vertex -6.11404 12.927 0
      vertex -6.74097 12.6115 0
      vertex -6.37057 13.4694 0.599999
    endloop
  endfacet
  facet normal -0.286626 0.646542 -0.706986
    outer loop
      vertex -5.47237 13.2115 0
      vertex -6.37057 13.4694 0.599999
      vertex -5.70198 13.7658 0.599999
    endloop
  endfacet
  facet normal 0.975712 -0.219058 0
    outer loop
      vertex 14.4535 -3.6204 11.7
      vertex 14.6137 -2.90685 0.599999
      vertex 14.6137 -2.90685 11.7
    endloop
  endfacet
  facet normal 0.975712 -0.219058 0
    outer loop
      vertex 14.6137 -2.90685 0.599999
      vertex 14.4535 -3.6204 11.7
      vertex 14.4535 -3.6204 0.599999
    endloop
  endfacet
  facet normal 0.690075 -0.15493 0.70696
    outer loop
      vertex 14.6137 -2.90685 11.7
      vertex 14.3195 -2.84832 12
      vertex 14.4535 -3.6204 11.7
    endloop
  endfacet
  facet normal 0.671533 -0.221839 -0.706987
    outer loop
      vertex 14.029 -5.01966 0.599999
      vertex 13.4641 -4.81752 0
      vertex 14.2584 -4.32524 0.599999
    endloop
  endfacet
  facet normal 0.154946 -0.690043 0.706988
    outer loop
      vertex 3.54751 -14.1625 12
      vertex 2.84832 -14.3195 12
      vertex 3.6204 -14.4535 11.7
    endloop
  endfacet
  facet normal -0.0520225 -0.705245 0.707052
    outer loop
      vertex -1.43105 -14.5297 12
      vertex -1.46045 -14.8283 11.7
      vertex -0.731108 -14.8821 11.7
    endloop
  endfacet
  facet normal 0.690075 0.15493 0.70696
    outer loop
      vertex 14.4535 3.6204 11.7
      vertex 14.3195 2.84832 12
      vertex 14.6137 2.90685 11.7
    endloop
  endfacet
  facet normal 0.696847 0.120885 0.706959
    outer loop
      vertex 14.6137 2.90685 11.7
      vertex 14.3195 2.84832 12
      vertex 14.7387 2.18628 11.7
    endloop
  endfacet
  facet normal 0.94953 0.313675 0
    outer loop
      vertex 14.2584 4.32524 11.7
      vertex 14.029 5.01966 0.599999
      vertex 14.029 5.01966 11.7
    endloop
  endfacet
  facet normal 0.94953 0.313675 0
    outer loop
      vertex 14.029 5.01966 0.599999
      vertex 14.2584 4.32524 11.7
      vertex 14.2584 4.32524 0.599999
    endloop
  endfacet
  facet normal 0.615271 -0.348533 0.707083
    outer loop
      vertex 12.876 -6.88239 12
      vertex 12.5228 -7.5059 12
      vertex 12.7802 -7.66013 11.7
    endloop
  endfacet
  facet normal 0.696864 -0.120904 0.706939
    outer loop
      vertex 14.442 -2.14226 12
      vertex 14.3195 -2.84832 12
      vertex 14.7387 -2.18628 11.7
    endloop
  endfacet
  facet normal 0.435125 0.557451 -0.707047
    outer loop
      vertex 9.07182 11.054 0
      vertex 8.5185 11.4859 0
      vertex 9.45246 11.5179 0.599999
    endloop
  endfacet
  facet normal 0.689529 0.724258 -0
    outer loop
      vertex 10.5359 10.5359 0.599999
      vertex 10.0062 11.0402 11.7
      vertex 10.5359 10.5359 11.7
    endloop
  endfacet
  facet normal 0.689529 0.724258 0
    outer loop
      vertex 10.0062 11.0402 11.7
      vertex 10.5359 10.5359 0.599999
      vertex 10.0062 11.0402 0.599999
    endloop
  endfacet
  facet normal 0.535485 0.461952 -0.707005
    outer loop
      vertex 11.5179 9.45246 0.599999
      vertex 10.5956 9.60329 0
      vertex 11.0402 10.0062 0.599999
    endloop
  endfacet
  facet normal 0.757181 0.653205 0
    outer loop
      vertex 11.5179 9.45246 11.7
      vertex 11.0402 10.0062 0.599999
      vertex 11.0402 10.0062 11.7
    endloop
  endfacet
  facet normal 0.757181 0.653205 0
    outer loop
      vertex 11.0402 10.0062 0.599999
      vertex 11.5179 9.45246 11.7
      vertex 11.5179 9.45246 0.599999
    endloop
  endfacet
  facet normal 0.78837 0.615201 0
    outer loop
      vertex 11.9678 8.87592 11.7
      vertex 11.5179 9.45246 0.599999
      vertex 11.5179 9.45246 11.7
    endloop
  endfacet
  facet normal 0.78837 0.615201 0
    outer loop
      vertex 11.5179 9.45246 0.599999
      vertex 11.9678 8.87592 11.7
      vertex 11.9678 8.87592 0.599999
    endloop
  endfacet
  facet normal -0.701843 0.0865453 -0.707055
    outer loop
      vertex -14.2311 1.40164 0
      vertex -14.442 2.14226 0.299999
      vertex -14.1452 2.09825 0
    endloop
  endfacet
  facet normal -0.0865453 -0.701843 -0.707055
    outer loop
      vertex -1.40164 -14.2311 0
      vertex -2.14226 -14.442 0.299999
      vertex -2.09825 -14.1452 0
    endloop
  endfacet
  facet normal -0.0865592 -0.701959 0.706938
    outer loop
      vertex -2.14226 -14.442 12
      vertex -2.18628 -14.7387 11.7
      vertex -1.43105 -14.5297 12
    endloop
  endfacet
  facet normal -0.407293 -0.578205 0.706959
    outer loop
      vertex -8.11133 -12.1395 12
      vertex -8.69721 -11.7268 12
      vertex -8.278 -12.3889 11.7
    endloop
  endfacet
  facet normal 0.286605 0.646496 0.707036
    outer loop
      vertex 5.70198 13.7658 11.7
      vertex 5.58718 13.4886 12
      vertex 6.37057 13.4694 11.7
    endloop
  endfacet
  facet normal 0.701845 0.086544 -0.707053
    outer loop
      vertex 14.8283 1.46045 0.599999
      vertex 14.2311 1.40164 0
      vertex 14.442 2.14226 0.299999
    endloop
  endfacet
  facet normal 0.701843 0.0865453 -0.707055
    outer loop
      vertex 14.2311 1.40164 0
      vertex 14.1452 2.09825 0
      vertex 14.442 2.14226 0.299999
    endloop
  endfacet
  facet normal 0.51215 -0.487657 -0.707031
    outer loop
      vertex 10.5359 -10.5359 0.599999
      vertex 10.1116 -10.1116 0
      vertex 10.5956 -9.60329 0
    endloop
  endfacet
  facet normal 0.913573 0.406674 0
    outer loop
      vertex 13.4694 6.37057 11.7
      vertex 13.4849 6.33575 11.1024
      vertex 13.4694 6.37057 11.1199
    endloop
  endfacet
  facet normal 0.914636 0.404278 0.000167164
    outer loop
      vertex 13.4694 6.37057 11.7
      vertex 13.5085 6.28237 11.0722
      vertex 13.4849 6.33575 11.1024
    endloop
  endfacet
  facet normal 0.914192 0.405281 -1.33075e-06
    outer loop
      vertex 13.7658 5.70198 11.7
      vertex 13.5085 6.28237 11.0722
      vertex 13.4694 6.37057 11.7
    endloop
  endfacet
  facet normal 0.914099 0.405492 0.000232111
    outer loop
      vertex 13.5085 6.28237 11.0722
      vertex 13.7658 5.70198 11.7
      vertex 13.5315 6.23054 11.0393
    endloop
  endfacet
  facet normal 0.914357 0.404909 -0.000325786
    outer loop
      vertex 13.5315 6.23054 11.0393
      vertex 13.7658 5.70198 11.7
      vertex 13.5537 6.18038 11.004
    endloop
  endfacet
  facet normal 0.91393 0.405871 0.000465316
    outer loop
      vertex 13.5537 6.18038 11.004
      vertex 13.7658 5.70198 11.7
      vertex 13.5752 6.13201 10.9663
    endloop
  endfacet
  facet normal 0.914187 0.405292 5.95188e-05
    outer loop
      vertex 13.5752 6.13201 10.9663
      vertex 13.7658 5.70198 11.7
      vertex 13.5958 6.08555 10.9262
    endloop
  endfacet
  facet normal 0.914188 0.40529 5.83325e-05
    outer loop
      vertex 13.5958 6.08555 10.9262
      vertex 13.7658 5.70198 11.7
      vertex 13.6155 6.04112 10.8839
    endloop
  endfacet
  facet normal 0.914524 0.404532 -0.000318382
    outer loop
      vertex 13.6155 6.04112 10.8839
      vertex 13.7658 5.70198 11.7
      vertex 13.6342 5.99881 10.8394
    endloop
  endfacet
  facet normal 0.913971 0.405779 0.000196252
    outer loop
      vertex 13.6342 5.99881 10.8394
      vertex 13.7658 5.70198 11.7
      vertex 13.652 5.95874 10.793
    endloop
  endfacet
  facet normal 0.914435 0.404734 -0.000157898
    outer loop
      vertex 13.652 5.95874 10.793
      vertex 13.7658 5.70198 11.7
      vertex 13.6687 5.92099 10.7446
    endloop
  endfacet
  facet normal 0.913918 0.405899 0.00016171
    outer loop
      vertex 13.6687 5.92099 10.7446
      vertex 13.7658 5.70198 11.7
      vertex 13.6844 5.88566 10.6945
    endloop
  endfacet
  facet normal 0.914603 0.404353 -0.000176068
    outer loop
      vertex 13.6844 5.88566 10.6945
      vertex 13.7658 5.70198 11.7
      vertex 13.6989 5.85284 10.6426
    endloop
  endfacet
  facet normal 0.914237 0.40518 -3.49875e-05
    outer loop
      vertex 13.6989 5.85284 10.6426
      vertex 13.7658 5.70198 11.7
      vertex 13.7123 5.8226 10.5892
    endloop
  endfacet
  facet normal 0.913484 0.406875 0.000185384
    outer loop
      vertex 13.7123 5.8226 10.5892
      vertex 13.7658 5.70198 11.7
      vertex 13.7246 5.79501 10.5344
    endloop
  endfacet
  facet normal 0.914458 0.404682 -2.41277e-05
    outer loop
      vertex 13.7658 5.70198 11.7
      vertex 13.7356 5.77015 10.4784
      vertex 13.7246 5.79501 10.5344
    endloop
  endfacet
  facet normal 0.914052 0.405597 3.70013e-05
    outer loop
      vertex 13.7658 5.70198 11.7
      vertex 13.7454 5.74807 10.4211
      vertex 13.7356 5.77015 10.4784
    endloop
  endfacet
  facet normal 0.914754 0.404012 -3.1328e-05
    outer loop
      vertex 13.7658 5.70198 11.7
      vertex 13.7539 5.72882 10.3629
      vertex 13.7454 5.74807 10.4211
    endloop
  endfacet
  facet normal 0.913277 0.407338 4.85755e-05
    outer loop
      vertex 13.7658 5.70198 11.7
      vertex 13.7612 5.71246 10.3037
      vertex 13.7539 5.72882 10.3629
    endloop
  endfacet
  facet normal 0.915675 0.401919 0
    outer loop
      vertex 13.7612 5.71246 10.3037
      vertex 13.7658 5.70198 11.7
      vertex 13.7658 5.70198 10.2571
    endloop
  endfacet
  facet normal 0.913598 0.40662 -0.000129403
    outer loop
      vertex 13.7658 5.70198 0.599999
      vertex 13.4694 6.37057 8.88007
      vertex 13.4849 6.33575 8.8976
    endloop
  endfacet
  facet normal 0.914586 0.404392 7.41618e-05
    outer loop
      vertex 13.7658 5.70198 0.599999
      vertex 13.4849 6.33575 8.8976
      vertex 13.5085 6.28237 8.92784
    endloop
  endfacet
  facet normal 0.91405 0.405601 -2.65912e-05
    outer loop
      vertex 13.7658 5.70198 0.599999
      vertex 13.5085 6.28237 8.92784
      vertex 13.5315 6.23054 8.96066
    endloop
  endfacet
  facet normal 0.914432 0.40474 3.85275e-05
    outer loop
      vertex 13.7658 5.70198 0.599999
      vertex 13.5315 6.23054 8.96066
      vertex 13.5537 6.18038 8.99599
    endloop
  endfacet
  facet normal 0.913812 0.406137 -5.67086e-05
    outer loop
      vertex 13.7658 5.70198 0.599999
      vertex 13.5537 6.18038 8.99599
      vertex 13.5752 6.13201 9.03374
    endloop
  endfacet
  facet normal 0.914171 0.40533 -7.46868e-06
    outer loop
      vertex 13.7658 5.70198 0.599999
      vertex 13.5752 6.13201 9.03374
      vertex 13.5958 6.08555 9.07381
    endloop
  endfacet
  facet normal 0.91417 0.405331 -7.51643e-06
    outer loop
      vertex 13.7658 5.70198 0.599999
      vertex 13.5958 6.08555 9.07381
      vertex 13.6155 6.04112 9.11612
    endloop
  endfacet
  facet normal 0.914631 0.404289 4.20908e-05
    outer loop
      vertex 13.7658 5.70198 0.599999
      vertex 13.6155 6.04112 9.11612
      vertex 13.6342 5.99881 9.16055
    endloop
  endfacet
  facet normal 0.913898 0.405943 -2.65401e-05
    outer loop
      vertex 13.7658 5.70198 0.599999
      vertex 13.6342 5.99881 9.16055
      vertex 13.652 5.95874 9.20701
    endloop
  endfacet
  facet normal 0.914499 0.404588 2.18449e-05
    outer loop
      vertex 13.7658 5.70198 0.599999
      vertex 13.652 5.95874 9.20701
      vertex 13.6687 5.92099 9.25538
    endloop
  endfacet
  facet normal 0.913845 0.406063 -2.28302e-05
    outer loop
      vertex 13.7658 5.70198 0.599999
      vertex 13.6687 5.92099 9.25538
      vertex 13.6844 5.88566 9.30554
    endloop
  endfacet
  facet normal 0.914691 0.404154 2.53678e-05
    outer loop
      vertex 13.7658 5.70198 0.599999
      vertex 13.6844 5.88566 9.30554
      vertex 13.6989 5.85284 9.35737
    endloop
  endfacet
  facet normal 0.914256 0.405136 5.13289e-06
    outer loop
      vertex 13.7658 5.70198 0.599999
      vertex 13.6989 5.85284 9.35737
      vertex 13.7123 5.8226 9.41075
    endloop
  endfacet
  facet normal 0.913367 0.407137 -2.76571e-05
    outer loop
      vertex 13.7658 5.70198 0.599999
      vertex 13.7123 5.8226 9.41075
      vertex 13.7246 5.79501 9.46556
    endloop
  endfacet
  facet normal 0.914475 0.404643 3.65602e-06
    outer loop
      vertex 13.7658 5.70198 0.599999
      vertex 13.7246 5.79501 9.46556
      vertex 13.7356 5.77015 9.52165
    endloop
  endfacet
  facet normal 0.914022 0.405665 -5.68727e-06
    outer loop
      vertex 13.7658 5.70198 0.599999
      vertex 13.7356 5.77015 9.52165
      vertex 13.7454 5.74807 9.57889
    endloop
  endfacet
  facet normal 0.914783 0.403945 4.87284e-06
    outer loop
      vertex 13.7658 5.70198 0.599999
      vertex 13.7454 5.74807 9.57889
      vertex 13.7539 5.72882 9.63714
    endloop
  endfacet
  facet normal 0.913222 0.407462 -7.62675e-06
    outer loop
      vertex 13.7658 5.70198 0.599999
      vertex 13.7539 5.72882 9.63714
      vertex 13.7612 5.71246 9.69627
    endloop
  endfacet
  facet normal 0.915675 0.401919 -0
    outer loop
      vertex 13.7658 5.70198 0.599999
      vertex 13.7612 5.71246 9.69627
      vertex 13.7658 5.70198 9.74293
    endloop
  endfacet
  facet normal 0.914192 0.405281 0
    outer loop
      vertex 13.4694 6.37057 8.88007
      vertex 13.7658 5.70198 0.599999
      vertex 13.4694 6.37057 0.599999
    endloop
  endfacet
  facet normal 0.646542 0.286626 -0.706986
    outer loop
      vertex 13.7658 5.70198 0.599999
      vertex 13.2115 5.47237 0
      vertex 13.4694 6.37057 0.599999
    endloop
  endfacet
  facet normal 0.578217 0.407224 -0.706989
    outer loop
      vertex 12.3889 8.278 0.599999
      vertex 11.4859 8.5185 0
      vertex 11.9678 8.87592 0.599999
    endloop
  endfacet
  facet normal 0.817587 0.575806 0
    outer loop
      vertex 12.3889 8.278 11.7
      vertex 11.9678 8.87592 0.599999
      vertex 11.9678 8.87592 11.7
    endloop
  endfacet
  facet normal 0.817587 0.575806 0
    outer loop
      vertex 11.9678 8.87592 0.599999
      vertex 12.3889 8.278 11.7
      vertex 12.3889 8.278 0.599999
    endloop
  endfacet
  facet normal -0.671518 0.221774 -0.707022
    outer loop
      vertex -13.6842 4.15107 0
      vertex -14.2584 4.32524 0.599999
      vertex -13.4641 4.81752 0
    endloop
  endfacet
  facet normal 0.671518 -0.221774 -0.707022
    outer loop
      vertex 14.2584 -4.32524 0.599999
      vertex 13.4641 -4.81752 0
      vertex 13.6842 -4.15107 0
    endloop
  endfacet
  facet normal 0.61529 -0.348601 -0.707033
    outer loop
      vertex 12.7802 -7.66013 0.599999
      vertex 12.2655 -7.35167 0
      vertex 12.6115 -6.74097 0
    endloop
  endfacet
  facet normal 0.348545 0.615388 -0.706975
    outer loop
      vertex 7.66013 12.7802 0.599999
      vertex 6.74097 12.6115 0
      vertex 7.02381 13.1406 0.599999
    endloop
  endfacet
  facet normal 0.317973 0.631729 -0.706973
    outer loop
      vertex 6.74097 12.6115 0
      vertex 6.37057 13.4694 0.599999
      vertex 7.02381 13.1406 0.599999
    endloop
  endfacet
  facet normal -0.154917 0.690018 -0.707019
    outer loop
      vertex -2.78979 14.0252 0
      vertex -3.6204 14.4535 0.599999
      vertex -2.90685 14.6137 0.599999
    endloop
  endfacet
  facet normal -0.689981 0.154957 -0.707047
    outer loop
      vertex -14.0252 2.78979 0
      vertex -14.4535 3.6204 0.599999
      vertex -13.8714 3.47462 0
    endloop
  endfacet
  facet normal -0.61529 0.348601 -0.707033
    outer loop
      vertex -12.6115 6.74097 0
      vertex -12.7802 7.66013 0.599999
      vertex -12.2655 7.35167 0
    endloop
  endfacet
  facet normal -0.405281 0.914192 0
    outer loop
      vertex -5.70198 13.7658 0.599999
      vertex -6.37057 13.4694 11.7
      vertex -5.70198 13.7658 11.7
    endloop
  endfacet
  facet normal -0.405281 0.914192 0
    outer loop
      vertex -6.37057 13.4694 11.7
      vertex -5.70198 13.7658 0.599999
      vertex -6.37057 13.4694 0.599999
    endloop
  endfacet
  facet normal -0.221774 0.671518 -0.707022
    outer loop
      vertex -4.15107 13.6842 0
      vertex -4.81752 13.4641 0
      vertex -4.32524 14.2584 0.599999
    endloop
  endfacet
  facet normal 0.122515 0.992467 -0
    outer loop
      vertex 2.18628 14.7387 0.599999
      vertex 1.46045 14.8283 11.7
      vertex 2.18628 14.7387 11.7
    endloop
  endfacet
  facet normal 0.122515 0.992467 0
    outer loop
      vertex 1.46045 14.8283 11.7
      vertex 2.18628 14.7387 0.599999
      vertex 1.46045 14.8283 0.599999
    endloop
  endfacet
  facet normal 0.219058 0.975712 -0
    outer loop
      vertex 3.6204 14.4535 0.599999
      vertex 2.90685 14.6137 11.7
      vertex 3.6204 14.4535 11.7
    endloop
  endfacet
  facet normal 0.219058 0.975712 0
    outer loop
      vertex 2.90685 14.6137 11.7
      vertex 3.6204 14.4535 0.599999
      vertex 2.90685 14.6137 0.599999
    endloop
  endfacet
  facet normal 0.120885 0.696847 0.706959
    outer loop
      vertex 2.90685 14.6137 11.7
      vertex 2.18628 14.7387 11.7
      vertex 2.84832 14.3195 12
    endloop
  endfacet
  facet normal 0.15493 0.690075 0.70696
    outer loop
      vertex 2.90685 14.6137 11.7
      vertex 2.84832 14.3195 12
      vertex 3.6204 14.4535 11.7
    endloop
  endfacet
  facet normal -0.461875 -0.535499 -0.707045
    outer loop
      vertex -9.45246 -11.5179 0.599999
      vertex -9.60329 -10.5956 0
      vertex -9.07182 -11.054 0
    endloop
  endfacet
  facet normal 0.535493 -0.461952 0.706999
    outer loop
      vertex 11.286 -9.26214 12
      vertex 10.8179 -9.80476 12
      vertex 11.5179 -9.45246 11.7
    endloop
  endfacet
  facet normal -0.671474 0.221841 0.707043
    outer loop
      vertex -13.7465 4.91859 12
      vertex -14.029 5.01966 11.7
      vertex -13.9713 4.23816 12
    endloop
  endfacet
  facet normal -0.681566 0.188658 0.707019
    outer loop
      vertex -14.2584 4.32524 11.7
      vertex -14.4535 3.6204 11.7
      vertex -13.9713 4.23816 12
    endloop
  endfacet
  facet normal -0.37834 0.597465 -0.707032
    outer loop
      vertex -7.35167 12.2655 0
      vertex -7.94465 11.89 0
      vertex -7.66013 12.7802 0.599999
    endloop
  endfacet
  facet normal -0.512203 0.487642 -0.707003
    outer loop
      vertex -10.5956 9.60329 0
      vertex -11.0402 10.0062 0.599999
      vertex -10.5359 10.5359 0.599999
    endloop
  endfacet
  facet normal -0.671474 -0.221841 0.707043
    outer loop
      vertex -13.9713 -4.23816 12
      vertex -14.029 -5.01966 11.7
      vertex -13.7465 -4.91859 12
    endloop
  endfacet
  facet normal 0.0865453 0.701843 -0.707055
    outer loop
      vertex 2.09825 14.1452 0
      vertex 1.40164 14.2311 0
      vertex 2.14226 14.442 0.299999
    endloop
  endfacet
  facet normal -0.407178 0.578221 -0.707013
    outer loop
      vertex -7.94465 11.89 0
      vertex -8.5185 11.4859 0
      vertex -8.278 12.3889 0.599999
    endloop
  endfacet
  facet normal 0.696847 -0.120885 0.706959
    outer loop
      vertex 14.7387 -2.18628 11.7
      vertex 14.3195 -2.84832 12
      vertex 14.6137 -2.90685 11.7
    endloop
  endfacet
  facet normal -0.0173694 -0.707 0.707
    outer loop
      vertex 0 -14.6 12
      vertex -0.716388 -14.5824 12
      vertex 0 -14.9 11.7
    endloop
  endfacet
  facet normal 0.535495 0.46196 0.706992
    outer loop
      vertex 11.0402 10.0062 11.7
      vertex 10.8179 9.80476 12
      vertex 11.5179 9.45246 11.7
    endloop
  endfacet
  facet normal 0.512212 -0.487651 0.70699
    outer loop
      vertex 10.8179 -9.80476 12
      vertex 10.5359 -10.5359 11.7
      vertex 11.0402 -10.0062 11.7
    endloop
  endfacet
  facet normal 0.535493 0.461952 0.706999
    outer loop
      vertex 11.5179 9.45246 11.7
      vertex 10.8179 9.80476 12
      vertex 11.286 9.26214 12
    endloop
  endfacet
  facet normal 0.120904 -0.696747 -0.707054
    outer loop
      vertex 2.14226 -14.442 0.299999
      vertex 2.09825 -14.1452 0
      vertex 2.78979 -14.0252 0
    endloop
  endfacet
  facet normal -0.690018 0.154917 -0.707019
    outer loop
      vertex -14.0252 2.78979 0
      vertex -14.6137 2.90685 0.599999
      vertex -14.4535 3.6204 0.599999
    endloop
  endfacet
  facet normal 0.0865453 -0.701843 -0.707055
    outer loop
      vertex 2.14226 -14.442 0.299999
      vertex 1.40164 -14.2311 0
      vertex 2.09825 -14.1452 0
    endloop
  endfacet
  facet normal 0.535499 -0.461875 -0.707045
    outer loop
      vertex 11.5179 -9.45246 0.599999
      vertex 10.5956 -9.60329 0
      vertex 11.054 -9.07182 0
    endloop
  endfacet
  facet normal -0.696847 -0.120885 0.706959
    outer loop
      vertex -14.3195 -2.84832 12
      vertex -14.7387 -2.18628 11.7
      vertex -14.6137 -2.90685 11.7
    endloop
  endfacet
  facet normal -0.975712 -0.219058 0
    outer loop
      vertex -14.4535 -3.6204 0.599999
      vertex -14.6137 -2.90685 11.7
      vertex -14.6137 -2.90685 0.599999
    endloop
  endfacet
  facet normal -0.975712 -0.219058 0
    outer loop
      vertex -14.6137 -2.90685 11.7
      vertex -14.4535 -3.6204 0.599999
      vertex -14.4535 -3.6204 11.7
    endloop
  endfacet
  facet normal -0.671503 -0.22183 0.707018
    outer loop
      vertex -13.9713 -4.23816 12
      vertex -14.2584 -4.32524 11.7
      vertex -14.029 -5.01966 11.7
    endloop
  endfacet
  facet normal -0.646496 -0.286605 0.707036
    outer loop
      vertex -13.4886 -5.58718 12
      vertex -13.7658 -5.70198 11.7
      vertex -13.4694 -6.37057 11.7
    endloop
  endfacet
  facet normal 0.597565 -0.378321 0.706958
    outer loop
      vertex 12.5228 -7.5059 12
      vertex 12.1395 -8.11133 12
      vertex 12.3889 -8.278 11.7
    endloop
  endfacet
  facet normal -0.817587 0.575806 0
    outer loop
      vertex -12.3889 8.278 0.599999
      vertex -11.9678 8.87592 11.7
      vertex -11.9678 8.87592 0.599999
    endloop
  endfacet
  facet normal -0.817587 0.575806 0
    outer loop
      vertex -11.9678 8.87592 11.7
      vertex -12.3889 8.278 0.599999
      vertex -12.3889 8.278 11.7
    endloop
  endfacet
  facet normal 0.378321 0.597565 0.706958
    outer loop
      vertex 8.278 12.3889 11.7
      vertex 7.5059 12.5228 12
      vertex 8.11133 12.1395 12
    endloop
  endfacet
  facet normal -0.0520042 0.705226 0.707073
    outer loop
      vertex -0.731108 14.8821 11.7
      vertex -1.43105 14.5297 12
      vertex -0.716388 14.5824 12
    endloop
  endfacet
  facet normal -0.659786 0.254508 0.707042
    outer loop
      vertex -13.7658 5.70198 11.7
      vertex -14.029 5.01966 11.7
      vertex -13.7465 4.91859 12
    endloop
  endfacet
  facet normal -0.681564 0.188657 -0.707022
    outer loop
      vertex -13.6842 4.15107 0
      vertex -14.4535 3.6204 0.599999
      vertex -14.2584 4.32524 0.599999
    endloop
  endfacet
  facet normal -0.681551 0.188612 -0.707046
    outer loop
      vertex -13.8714 3.47462 0
      vertex -14.4535 3.6204 0.599999
      vertex -13.6842 4.15107 0
    endloop
  endfacet
  facet normal -0.0520253 -0.705283 -0.707014
    outer loop
      vertex -0.731108 -14.8821 0.599999
      vertex -1.46045 -14.8283 0.599999
      vertex -0.701667 -14.2828 0
    endloop
  endfacet
  facet normal 0.120904 -0.696864 0.706939
    outer loop
      vertex 2.84832 -14.3195 12
      vertex 2.14226 -14.442 12
      vertex 2.18628 -14.7387 11.7
    endloop
  endfacet
  facet normal -0.597565 -0.378321 0.706958
    outer loop
      vertex -12.1395 -8.11133 12
      vertex -12.5228 -7.5059 12
      vertex -12.3889 -8.278 11.7
    endloop
  endfacet
  facet normal 0.0173694 -0.707 0.707
    outer loop
      vertex 0 -14.6 12
      vertex 0 -14.9 11.7
      vertex 0.716388 -14.5824 12
    endloop
  endfacet
  facet normal -0.535493 0.461952 0.706999
    outer loop
      vertex -10.8179 9.80476 12
      vertex -11.5179 9.45246 11.7
      vertex -11.286 9.26214 12
    endloop
  endfacet
  facet normal -0.870129 0.492825 0
    outer loop
      vertex -13.1406 7.02381 0.599999
      vertex -12.7802 7.66013 11.7
      vertex -12.7802 7.66013 0.599999
    endloop
  endfacet
  facet normal -0.870129 0.492825 0
    outer loop
      vertex -12.7802 7.66013 11.7
      vertex -13.1406 7.02381 0.599999
      vertex -13.1406 7.02381 11.7
    endloop
  endfacet
  facet normal -0.597407 0.378341 0.70708
    outer loop
      vertex -12.3889 8.278 11.7
      vertex -12.7802 7.66013 11.7
      vertex -12.5228 7.5059 12
    endloop
  endfacet
  facet normal -0.646535 0.286594 0.707005
    outer loop
      vertex -13.4694 6.37057 11.7
      vertex -13.4886 5.58718 12
      vertex -13.1982 6.2423 12
    endloop
  endfacet
  facet normal -0.707 -0.0173694 0.707
    outer loop
      vertex -14.6 0 12
      vertex -14.9 0 11.7
      vertex -14.5824 -0.716388 12
    endloop
  endfacet
  facet normal -0.705226 -0.0520042 0.707073
    outer loop
      vertex -14.5824 -0.716388 12
      vertex -14.8821 -0.731108 11.7
      vertex -14.5297 -1.43105 12
    endloop
  endfacet
  facet normal -0.701946 -0.0866516 -0.706939
    outer loop
      vertex -14.7387 -2.18628 0.599999
      vertex -14.8283 -1.46045 0.599999
      vertex -14.442 -2.14226 0.299999
    endloop
  endfacet
  facet normal -0.705238 -0.0520889 -0.707054
    outer loop
      vertex -14.2311 -1.40164 0
      vertex -14.8283 -1.46045 0.599999
      vertex -14.2828 -0.701667 0
    endloop
  endfacet
  facet normal -0.70693 -0.017308 0.707072
    outer loop
      vertex -14.5824 -0.716388 12
      vertex -14.9 0 11.7
      vertex -14.8821 -0.731108 11.7
    endloop
  endfacet
  facet normal -0.696864 0.120904 0.706939
    outer loop
      vertex -14.3195 2.84832 12
      vertex -14.7387 2.18628 11.7
      vertex -14.442 2.14226 12
    endloop
  endfacet
  facet normal -0.701835 0.086638 0.707051
    outer loop
      vertex -14.7387 2.18628 11.7
      vertex -14.8283 1.46045 11.7
      vertex -14.5297 1.43105 12
    endloop
  endfacet
  facet normal -0.690018 -0.154917 -0.707019
    outer loop
      vertex -14.4535 -3.6204 0.599999
      vertex -14.6137 -2.90685 0.599999
      vertex -14.0252 -2.78979 0
    endloop
  endfacet
  facet normal -0.348601 0.61529 -0.707033
    outer loop
      vertex -7.35167 12.2655 0
      vertex -7.66013 12.7802 0.599999
      vertex -6.74097 12.6115 0
    endloop
  endfacet
  facet normal -0.894338 -0.447393 0
    outer loop
      vertex -13.4594 -6.39056 11.13
      vertex -13.4694 -6.37057 11.7
      vertex -13.4694 -6.37057 11.1199
    endloop
  endfacet
  facet normal -0.892789 -0.450474 0.000135233
    outer loop
      vertex -13.4311 -6.44664 11.1548
      vertex -13.4694 -6.37057 11.7
      vertex -13.4594 -6.39056 11.13
    endloop
  endfacet
  facet normal -0.893324 -0.449412 -5.04863e-05
    outer loop
      vertex -13.4023 -6.50389 11.1769
      vertex -13.4694 -6.37057 11.7
      vertex -13.4311 -6.44664 11.1548
    endloop
  endfacet
  facet normal -0.893343 -0.449376 -6.2154e-05
    outer loop
      vertex -13.373 -6.56214 11.1962
      vertex -13.4694 -6.37057 11.7
      vertex -13.4023 -6.50389 11.1769
    endloop
  endfacet
  facet normal -0.893029 -0.449999 0.000234814
    outer loop
      vertex -13.3432 -6.62127 11.2125
      vertex -13.4694 -6.37057 11.7
      vertex -13.373 -6.56214 11.1962
    endloop
  endfacet
  facet normal -0.893416 -0.449229 -0.000261241
    outer loop
      vertex -13.3131 -6.68114 11.226
      vertex -13.4694 -6.37057 11.7
      vertex -13.3432 -6.62127 11.2125
    endloop
  endfacet
  facet normal -0.893377 -0.449309 -0.000196147
    outer loop
      vertex -13.2827 -6.74159 11.2365
      vertex -13.4694 -6.37057 11.7
      vertex -13.3131 -6.68114 11.226
    endloop
  endfacet
  facet normal -0.892907 -0.450242 -0.000399665
    outer loop
      vertex -13.1406 -7.02381 11.7
      vertex -13.2827 -6.74159 11.2365
      vertex -13.252 -6.80248 11.244
    endloop
  endfacet
  facet normal -0.893196 -0.449668 -5.0201e-05
    outer loop
      vertex -13.1406 -7.02381 11.7
      vertex -13.252 -6.80248 11.244
      vertex -13.2212 -6.86366 11.2485
    endloop
  endfacet
  facet normal -0.893672 -0.448721 0.000370557
    outer loop
      vertex -13.1406 -7.02381 11.7
      vertex -13.2212 -6.86366 11.2485
      vertex -13.1904 -6.925 11.25
    endloop
  endfacet
  facet normal -0.893054 -0.44995 3.23469e-05
    outer loop
      vertex -13.1406 -7.02381 11.7
      vertex -13.1904 -6.925 11.25
      vertex -13.1595 -6.98633 11.2485
    endloop
  endfacet
  facet normal -0.892897 -0.45026 -0
    outer loop
      vertex -13.1406 -7.02381 11.7
      vertex -13.1595 -6.98633 11.2485
      vertex -13.1406 -7.02381 11.2457
    endloop
  endfacet
  facet normal -0.893232 -0.449597 9.28348e-05
    outer loop
      vertex -13.2827 -6.74159 11.2365
      vertex -13.1406 -7.02381 11.7
      vertex -13.4694 -6.37057 11.7
    endloop
  endfacet
  facet normal -0.894338 -0.447393 0
    outer loop
      vertex -13.4694 -6.37057 0.599999
      vertex -13.4594 -6.39056 8.87001
      vertex -13.4694 -6.37057 8.88007
    endloop
  endfacet
  facet normal -0.892767 -0.450518 -9.45495e-06
    outer loop
      vertex -13.4694 -6.37057 0.599999
      vertex -13.4311 -6.44664 8.84515
      vertex -13.4594 -6.39056 8.87001
    endloop
  endfacet
  facet normal -0.893332 -0.449398 3.50571e-06
    outer loop
      vertex -13.4694 -6.37057 0.599999
      vertex -13.4023 -6.50389 8.82307
      vertex -13.4311 -6.44664 8.84515
    endloop
  endfacet
  facet normal -0.89335 -0.449361 4.26491e-06
    outer loop
      vertex -13.4694 -6.37057 0.599999
      vertex -13.373 -6.56214 8.80382
      vertex -13.4023 -6.50389 8.82307
    endloop
  endfacet
  facet normal -0.893005 -0.450047 -1.58289e-05
    outer loop
      vertex -13.4694 -6.37057 0.599999
      vertex -13.3432 -6.62127 8.78746
      vertex -13.373 -6.56214 8.80382
    endloop
  endfacet
  facet normal -0.893439 -0.449185 1.72405e-05
    outer loop
      vertex -13.4694 -6.37057 0.599999
      vertex -13.3131 -6.68114 8.77402
      vertex -13.3432 -6.62127 8.78746
    endloop
  endfacet
  facet normal -0.893389 -0.449283 1.2586e-05
    outer loop
      vertex -13.4694 -6.37057 0.599999
      vertex -13.2827 -6.74159 8.76353
      vertex -13.3131 -6.68114 8.77402
    endloop
  endfacet
  facet normal -0.892928 -0.450199 -3.95693e-05
    outer loop
      vertex -13.4694 -6.37057 0.599999
      vertex -13.252 -6.80248 8.75602
      vertex -13.2827 -6.74159 8.76353
    endloop
  endfacet
  facet normal -0.893198 -0.449664 -4.09389e-06
    outer loop
      vertex -13.4694 -6.37057 0.599999
      vertex -13.2212 -6.86366 8.7515
      vertex -13.252 -6.80248 8.75602
    endloop
  endfacet
  facet normal -0.893232 -0.449597 1.036e-06
    outer loop
      vertex -13.1406 -7.02381 0.599999
      vertex -13.2212 -6.86366 8.7515
      vertex -13.4694 -6.37057 0.599999
    endloop
  endfacet
  facet normal -0.893669 -0.448728 -2.03563e-05
    outer loop
      vertex -13.2212 -6.86366 8.7515
      vertex -13.1406 -7.02381 0.599999
      vertex -13.1904 -6.925 8.75
    endloop
  endfacet
  facet normal -0.893054 -0.449949 -1.79508e-06
    outer loop
      vertex -13.1904 -6.925 8.75
      vertex -13.1406 -7.02381 0.599999
      vertex -13.1595 -6.98633 8.7515
    endloop
  endfacet
  facet normal -0.892897 -0.45026 0
    outer loop
      vertex -13.1595 -6.98633 8.7515
      vertex -13.1406 -7.02381 0.599999
      vertex -13.1406 -7.02381 8.75427
    endloop
  endfacet
  facet normal -0.671533 -0.221839 -0.706987
    outer loop
      vertex -14.029 -5.01966 0.599999
      vertex -14.2584 -4.32524 0.599999
      vertex -13.4641 -4.81752 0
    endloop
  endfacet
  facet normal 0.0866516 -0.701946 -0.706939
    outer loop
      vertex 2.18628 -14.7387 0.599999
      vertex 1.46045 -14.8283 0.599999
      vertex 2.14226 -14.442 0.299999
    endloop
  endfacet
  facet normal 0.120888 -0.696867 -0.706939
    outer loop
      vertex 2.18628 -14.7387 0.599999
      vertex 2.14226 -14.442 0.299999
      vertex 2.90685 -14.6137 0.599999
    endloop
  endfacet
  facet normal 0.37834 -0.597465 -0.707032
    outer loop
      vertex 7.66013 -12.7802 0.599999
      vertex 7.35167 -12.2655 0
      vertex 7.94465 -11.89 0
    endloop
  endfacet
  facet normal 0.407178 -0.578221 -0.707013
    outer loop
      vertex 8.278 -12.3889 0.599999
      vertex 7.94465 -11.89 0
      vertex 8.5185 -11.4859 0
    endloop
  endfacet
  facet normal -0.575806 -0.817587 0
    outer loop
      vertex -8.87592 -11.9678 0.599999
      vertex -8.278 -12.3889 11.7
      vertex -8.87592 -11.9678 11.7
    endloop
  endfacet
  facet normal -0.575806 -0.817587 -0
    outer loop
      vertex -8.278 -12.3889 11.7
      vertex -8.87592 -11.9678 0.599999
      vertex -8.278 -12.3889 0.599999
    endloop
  endfacet
  facet normal -0.435056 -0.557518 0.707036
    outer loop
      vertex -8.69721 -11.7268 12
      vertex -9.45246 -11.5179 11.7
      vertex -8.87592 -11.9678 11.7
    endloop
  endfacet
  facet normal -0.407178 -0.578221 -0.707013
    outer loop
      vertex -8.278 -12.3889 0.599999
      vertex -8.5185 -11.4859 0
      vertex -7.94465 -11.89 0
    endloop
  endfacet
  facet normal -0.120939 0.696777 -0.707019
    outer loop
      vertex -2.78979 14.0252 0
      vertex -2.90685 14.6137 0.599999
      vertex -2.14226 14.442 0.299999
    endloop
  endfacet
  facet normal -0.120904 0.696747 -0.707054
    outer loop
      vertex -2.09825 14.1452 0
      vertex -2.78979 14.0252 0
      vertex -2.14226 14.442 0.299999
    endloop
  endfacet
  facet normal 0.535495 -0.46196 0.706992
    outer loop
      vertex 11.5179 -9.45246 11.7
      vertex 10.8179 -9.80476 12
      vertex 11.0402 -10.0062 11.7
    endloop
  endfacet
  facet normal 0.724258 -0.689529 0
    outer loop
      vertex 10.5359 -10.5359 11.7
      vertex 11.0402 -10.0062 0.599999
      vertex 11.0402 -10.0062 11.7
    endloop
  endfacet
  facet normal 0.724258 -0.689529 0
    outer loop
      vertex 11.0402 -10.0062 0.599999
      vertex 10.5359 -10.5359 11.7
      vertex 10.5359 -10.5359 0.599999
    endloop
  endfacet
  facet normal -0.615271 -0.348533 0.707083
    outer loop
      vertex -12.5228 -7.5059 12
      vertex -12.876 -6.88239 12
      vertex -12.7802 -7.66013 11.7
    endloop
  endfacet
  facet normal 0.659791 -0.254506 0.707038
    outer loop
      vertex 13.7465 -4.91859 12
      vertex 13.4886 -5.58718 12
      vertex 13.7658 -5.70198 11.7
    endloop
  endfacet
  facet normal -0.348533 -0.615271 0.707083
    outer loop
      vertex -7.5059 -12.5228 12
      vertex -7.66013 -12.7802 11.7
      vertex -6.88239 -12.876 12
    endloop
  endfacet
  facet normal -0.512203 -0.487642 -0.707003
    outer loop
      vertex -10.5359 -10.5359 0.599999
      vertex -11.0402 -10.0062 0.599999
      vertex -10.5956 -9.60329 0
    endloop
  endfacet
  facet normal -0.461952 -0.535493 0.706999
    outer loop
      vertex -9.26214 -11.286 12
      vertex -9.80476 -10.8179 12
      vertex -9.45246 -11.5179 11.7
    endloop
  endfacet
  facet normal -0.492825 -0.870129 0
    outer loop
      vertex -7.66013 -12.7802 0.599999
      vertex -7.02381 -13.1406 11.7
      vertex -7.66013 -12.7802 11.7
    endloop
  endfacet
  facet normal -0.492825 -0.870129 -0
    outer loop
      vertex -7.02381 -13.1406 11.7
      vertex -7.66013 -12.7802 0.599999
      vertex -7.02381 -13.1406 0.599999
    endloop
  endfacet
  facet normal -0.0865592 0.701959 0.706938
    outer loop
      vertex -1.43105 14.5297 12
      vertex -2.18628 14.7387 11.7
      vertex -2.14226 14.442 12
    endloop
  endfacet
  facet normal -0.705226 0.0520042 0.707073
    outer loop
      vertex -14.5297 1.43105 12
      vertex -14.8821 0.731108 11.7
      vertex -14.5824 0.716388 12
    endloop
  endfacet
  facet normal -0.221841 0.671474 0.707043
    outer loop
      vertex -4.23816 13.9713 12
      vertex -5.01966 14.029 11.7
      vertex -4.91859 13.7465 12
    endloop
  endfacet
  facet normal -0.154957 -0.689981 -0.707047
    outer loop
      vertex -2.78979 -14.0252 0
      vertex -3.6204 -14.4535 0.599999
      vertex -3.47462 -13.8714 0
    endloop
  endfacet
  facet normal -0.154917 -0.690018 -0.707019
    outer loop
      vertex -2.90685 -14.6137 0.599999
      vertex -3.6204 -14.4535 0.599999
      vertex -2.78979 -14.0252 0
    endloop
  endfacet
  facet normal -0.254524 -0.659838 -0.706988
    outer loop
      vertex -5.01966 -14.029 0.599999
      vertex -5.47237 -13.2115 0
      vertex -4.81752 -13.4641 0
    endloop
  endfacet
  facet normal 0.706988 -0.0173095 -0.707014
    outer loop
      vertex 14.8821 -0.731108 0.599999
      vertex 14.2828 -0.701667 0
      vertex 14.9 0 0.599999
    endloop
  endfacet
  facet normal -0.449597 -0.893232 0
    outer loop
      vertex -7.02381 -13.1406 0.599999
      vertex -6.37057 -13.4694 11.7
      vertex -7.02381 -13.1406 11.7
    endloop
  endfacet
  facet normal -0.449597 -0.893232 -0
    outer loop
      vertex -6.37057 -13.4694 11.7
      vertex -7.02381 -13.1406 0.599999
      vertex -6.37057 -13.4694 0.599999
    endloop
  endfacet
  facet normal -0.317973 -0.631729 -0.706973
    outer loop
      vertex -6.37057 -13.4694 0.599999
      vertex -7.02381 -13.1406 0.599999
      vertex -6.74097 -12.6115 0
    endloop
  endfacet
  facet normal -0.0866516 -0.701946 -0.706939
    outer loop
      vertex -1.46045 -14.8283 0.599999
      vertex -2.18628 -14.7387 0.599999
      vertex -2.14226 -14.442 0.299999
    endloop
  endfacet
  facet normal -0.120888 -0.696867 -0.706939
    outer loop
      vertex -2.18628 -14.7387 0.599999
      vertex -2.90685 -14.6137 0.599999
      vertex -2.14226 -14.442 0.299999
    endloop
  endfacet
  facet normal -0.0244761 -0.9997 0
    outer loop
      vertex -0.731108 -14.8821 0.599999
      vertex 0 -14.9 11.7
      vertex -0.731108 -14.8821 11.7
    endloop
  endfacet
  facet normal -0.0244761 -0.9997 -0
    outer loop
      vertex 0 -14.9 11.7
      vertex -0.731108 -14.8821 0.599999
      vertex 0 -14.9 0.599999
    endloop
  endfacet
  facet normal 0.707 -0.0173307 -0.707001
    outer loop
      vertex 14.9 0 0.599999
      vertex 14.2828 -0.701667 0
      vertex 14.3 0 0
    endloop
  endfacet
  facet normal -0.631725 -0.317913 -0.707004
    outer loop
      vertex -12.6115 -6.74097 0
      vertex -13.4694 -6.37057 0.599999
      vertex -12.927 -6.11404 0
    endloop
  endfacet
  facet normal 0.219058 -0.975712 0
    outer loop
      vertex 2.90685 -14.6137 0.599999
      vertex 3.6204 -14.4535 11.7
      vertex 2.90685 -14.6137 11.7
    endloop
  endfacet
  facet normal 0.219058 -0.975712 0
    outer loop
      vertex 3.6204 -14.4535 11.7
      vertex 2.90685 -14.6137 0.599999
      vertex 3.6204 -14.4535 0.599999
    endloop
  endfacet
  facet normal 0.0520889 0.705238 -0.707054
    outer loop
      vertex 1.40164 14.2311 0
      vertex 0.701667 14.2828 0
      vertex 1.46045 14.8283 0.599999
    endloop
  endfacet
  facet normal 0.170921 -0.985285 0
    outer loop
      vertex 2.18628 -14.7387 0.599999
      vertex 2.90685 -14.6137 11.7
      vertex 2.18628 -14.7387 11.7
    endloop
  endfacet
  facet normal 0.170921 -0.985285 0
    outer loop
      vertex 2.90685 -14.6137 11.7
      vertex 2.18628 -14.7387 0.599999
      vertex 2.90685 -14.6137 0.599999
    endloop
  endfacet
  facet normal 0.0520253 -0.705283 -0.707014
    outer loop
      vertex 0.731108 -14.8821 0.599999
      vertex 0.701667 -14.2828 0
      vertex 1.46045 -14.8283 0.599999
    endloop
  endfacet
  facet normal 0.22183 -0.671503 0.707018
    outer loop
      vertex 5.01966 -14.029 11.7
      vertex 4.23816 -13.9713 12
      vertex 4.32524 -14.2584 11.7
    endloop
  endfacet
  facet normal 0.188658 -0.681566 0.707019
    outer loop
      vertex 4.23816 -13.9713 12
      vertex 3.6204 -14.4535 11.7
      vertex 4.32524 -14.2584 11.7
    endloop
  endfacet
  facet normal 0.313675 -0.94953 0
    outer loop
      vertex 4.32524 -14.2584 0.599999
      vertex 5.01966 -14.029 11.7
      vertex 4.32524 -14.2584 11.7
    endloop
  endfacet
  facet normal 0.313675 -0.94953 0
    outer loop
      vertex 5.01966 -14.029 11.7
      vertex 4.32524 -14.2584 0.599999
      vertex 5.01966 -14.029 0.599999
    endloop
  endfacet
  facet normal 0.492825 -0.870129 0
    outer loop
      vertex 7.02381 -13.1406 0.599999
      vertex 7.66013 -12.7802 11.7
      vertex 7.02381 -13.1406 11.7
    endloop
  endfacet
  facet normal 0.492825 -0.870129 0
    outer loop
      vertex 7.66013 -12.7802 11.7
      vertex 7.02381 -13.1406 0.599999
      vertex 7.66013 -12.7802 0.599999
    endloop
  endfacet
  facet normal 0.597465 -0.37834 -0.707032
    outer loop
      vertex 12.7802 -7.66013 0.599999
      vertex 11.89 -7.94465 0
      vertex 12.2655 -7.35167 0
    endloop
  endfacet
  facet normal -0.646512 -0.286647 -0.707004
    outer loop
      vertex -12.927 -6.11404 0
      vertex -13.4694 -6.37057 0.599999
      vertex -13.2115 -5.47237 0
    endloop
  endfacet
  facet normal -0.51215 0.487657 -0.707031
    outer loop
      vertex -10.1116 10.1116 0
      vertex -10.5956 9.60329 0
      vertex -10.5359 10.5359 0.599999
    endloop
  endfacet
  facet normal 0.535485 -0.461952 -0.707005
    outer loop
      vertex 11.0402 -10.0062 0.599999
      vertex 10.5956 -9.60329 0
      vertex 11.5179 -9.45246 0.599999
    endloop
  endfacet
  facet normal 0.757181 -0.653205 0
    outer loop
      vertex 11.0402 -10.0062 11.7
      vertex 11.5179 -9.45246 0.599999
      vertex 11.5179 -9.45246 11.7
    endloop
  endfacet
  facet normal 0.757181 -0.653205 0
    outer loop
      vertex 11.5179 -9.45246 0.599999
      vertex 11.0402 -10.0062 11.7
      vertex 11.0402 -10.0062 0.599999
    endloop
  endfacet
  facet normal -0.696747 0.120904 -0.707054
    outer loop
      vertex -14.1452 2.09825 0
      vertex -14.442 2.14226 0.299999
      vertex -14.0252 2.78979 0
    endloop
  endfacet
  facet normal -0.154957 0.689981 -0.707047
    outer loop
      vertex -3.47462 13.8714 0
      vertex -3.6204 14.4535 0.599999
      vertex -2.78979 14.0252 0
    endloop
  endfacet
  facet normal 0.701946 -0.0866516 -0.706939
    outer loop
      vertex 14.7387 -2.18628 0.599999
      vertex 14.442 -2.14226 0.299999
      vertex 14.8283 -1.46045 0.599999
    endloop
  endfacet
  facet normal 0.707 0.0173307 -0.707001
    outer loop
      vertex 14.3 0 0
      vertex 14.2828 0.701667 0
      vertex 14.9 0 0.599999
    endloop
  endfacet
  facet normal 0.706988 0.0173095 -0.707014
    outer loop
      vertex 14.9 0 0.599999
      vertex 14.2828 0.701667 0
      vertex 14.8821 0.731108 0.599999
    endloop
  endfacet
  facet normal -0.696777 0.120939 -0.707019
    outer loop
      vertex -14.442 2.14226 0.299999
      vertex -14.6137 2.90685 0.599999
      vertex -14.0252 2.78979 0
    endloop
  endfacet
  facet normal 0.690043 -0.154946 0.706988
    outer loop
      vertex 14.3195 -2.84832 12
      vertex 14.1625 -3.54751 12
      vertex 14.4535 -3.6204 11.7
    endloop
  endfacet
  facet normal 0.0520253 0.705283 -0.707014
    outer loop
      vertex 1.46045 14.8283 0.599999
      vertex 0.701667 14.2828 0
      vertex 0.731108 14.8821 0.599999
    endloop
  endfacet
  facet normal -0.671518 -0.221774 -0.707022
    outer loop
      vertex -13.4641 -4.81752 0
      vertex -14.2584 -4.32524 0.599999
      vertex -13.6842 -4.15107 0
    endloop
  endfacet
  facet normal 0.597407 -0.378341 0.70708
    outer loop
      vertex 12.5228 -7.5059 12
      vertex 12.3889 -8.278 11.7
      vertex 12.7802 -7.66013 11.7
    endloop
  endfacet
  facet normal 0.681551 0.188612 -0.707046
    outer loop
      vertex 13.8714 3.47462 0
      vertex 13.6842 4.15107 0
      vertex 14.4535 3.6204 0.599999
    endloop
  endfacet
  facet normal 0.701843 -0.0865453 -0.707055
    outer loop
      vertex 14.442 -2.14226 0.299999
      vertex 14.1452 -2.09825 0
      vertex 14.2311 -1.40164 0
    endloop
  endfacet
  facet normal -0.286647 0.646512 -0.707004
    outer loop
      vertex -6.11404 12.927 0
      vertex -6.37057 13.4694 0.599999
      vertex -5.47237 13.2115 0
    endloop
  endfacet
  facet normal 0.659839 -0.254528 -0.706986
    outer loop
      vertex 13.7658 -5.70198 0.599999
      vertex 13.2115 -5.47237 0
      vertex 14.029 -5.01966 0.599999
    endloop
  endfacet
  facet normal 0.659838 -0.254524 -0.706988
    outer loop
      vertex 14.029 -5.01966 0.599999
      vertex 13.2115 -5.47237 0
      vertex 13.4641 -4.81752 0
    endloop
  endfacet
  facet normal -0.696867 0.120888 -0.706939
    outer loop
      vertex -14.442 2.14226 0.299999
      vertex -14.7387 2.18628 0.599999
      vertex -14.6137 2.90685 0.599999
    endloop
  endfacet
  facet normal 0.671533 0.221839 -0.706987
    outer loop
      vertex 14.2584 4.32524 0.599999
      vertex 13.4641 4.81752 0
      vertex 14.029 5.01966 0.599999
    endloop
  endfacet
  facet normal 0.435085 0.557554 -0.70699
    outer loop
      vertex 9.45246 11.5179 0.599999
      vertex 8.5185 11.4859 0
      vertex 8.87592 11.9678 0.599999
    endloop
  endfacet
  facet normal 0.407224 0.578217 -0.706989
    outer loop
      vertex 8.5185 11.4859 0
      vertex 8.278 12.3889 0.599999
      vertex 8.87592 11.9678 0.599999
    endloop
  endfacet
  facet normal 0.487642 0.512203 -0.707003
    outer loop
      vertex 10.5359 10.5359 0.599999
      vertex 9.60329 10.5956 0
      vertex 10.0062 11.0402 0.599999
    endloop
  endfacet
  facet normal 0.512203 0.487642 -0.707003
    outer loop
      vertex 10.5956 9.60329 0
      vertex 10.5359 10.5359 0.599999
      vertex 11.0402 10.0062 0.599999
    endloop
  endfacet
  facet normal 0.724258 0.689529 0
    outer loop
      vertex 11.0402 10.0062 11.7
      vertex 10.5359 10.5359 0.599999
      vertex 10.5359 10.5359 11.7
    endloop
  endfacet
  facet normal 0.724258 0.689529 0
    outer loop
      vertex 10.5359 10.5359 0.599999
      vertex 11.0402 10.0062 11.7
      vertex 11.0402 10.0062 0.599999
    endloop
  endfacet
  facet normal -0.681589 0.188692 0.706988
    outer loop
      vertex -13.9713 4.23816 12
      vertex -14.4535 3.6204 11.7
      vertex -14.1625 3.54751 12
    endloop
  endfacet
  facet normal 0.378341 0.597407 0.70708
    outer loop
      vertex 7.66013 12.7802 11.7
      vertex 7.5059 12.5228 12
      vertex 8.278 12.3889 11.7
    endloop
  endfacet
  facet normal 0.254508 0.659786 0.707042
    outer loop
      vertex 5.01966 14.029 11.7
      vertex 4.91859 13.7465 12
      vertex 5.70198 13.7658 11.7
    endloop
  endfacet
  facet normal 0.254506 0.659791 0.707038
    outer loop
      vertex 5.70198 13.7658 11.7
      vertex 4.91859 13.7465 12
      vertex 5.58718 13.4886 12
    endloop
  endfacet
  facet normal 0.985285 0.170921 0
    outer loop
      vertex 14.7387 2.18628 11.7
      vertex 14.6137 2.90685 0.599999
      vertex 14.6137 2.90685 11.7
    endloop
  endfacet
  facet normal 0.985285 0.170921 0
    outer loop
      vertex 14.6137 2.90685 0.599999
      vertex 14.7387 2.18628 11.7
      vertex 14.7387 2.18628 0.599999
    endloop
  endfacet
  facet normal 0.932993 0.359895 0
    outer loop
      vertex 14.029 5.01966 11.7
      vertex 13.7658 5.70198 10.2571
      vertex 13.7658 5.70198 11.7
    endloop
  endfacet
  facet normal 0.934409 0.356197 -0.00200709
    outer loop
      vertex 13.7658 5.70198 10.2571
      vertex 14.029 5.01966 11.7
      vertex 13.7669 5.69902 10.2439
    endloop
  endfacet
  facet normal 0.932545 0.361054 0.00059462
    outer loop
      vertex 13.7669 5.69902 10.2439
      vertex 14.029 5.01966 11.7
      vertex 13.771 5.68853 10.1834
    endloop
  endfacet
  facet normal 0.932969 0.359957 3.83577e-05
    outer loop
      vertex 13.771 5.68853 10.1834
      vertex 14.029 5.01966 11.7
      vertex 13.7739 5.68102 10.1225
    endloop
  endfacet
  facet normal 0.93341 0.35881 -0.000513663
    outer loop
      vertex 13.7739 5.68102 10.1225
      vertex 14.029 5.01966 11.7
      vertex 13.7756 5.67651 10.0613
    endloop
  endfacet
  facet normal 0.932771 0.36047 0.00025046
    outer loop
      vertex 13.7756 5.67651 10.0613
      vertex 14.029 5.01966 11.7
      vertex 13.7762 5.675 10
    endloop
  endfacet
  facet normal 0.924849 0.380246 0.0081902
    outer loop
      vertex 14.029 5.01966 11.7
      vertex 13.7658 5.70198 9.74293
      vertex 13.7669 5.69902 9.75614
    endloop
  endfacet
  facet normal 0.934525 0.355895 -0.00162473
    outer loop
      vertex 14.029 5.01966 11.7
      vertex 13.7669 5.69902 9.75614
      vertex 13.771 5.68853 9.81659
    endloop
  endfacet
  facet normal 0.933069 0.359697 -7.52195e-05
    outer loop
      vertex 14.029 5.01966 11.7
      vertex 13.771 5.68853 9.81659
      vertex 13.7739 5.68102 9.87748
    endloop
  endfacet
  facet normal 0.932297 0.361692 0.000757105
    outer loop
      vertex 14.029 5.01966 11.7
      vertex 13.7739 5.68102 9.87748
      vertex 13.7756 5.67651 9.93867
    endloop
  endfacet
  facet normal 0.933237 0.359261 -0.000284647
    outer loop
      vertex 14.029 5.01966 11.7
      vertex 13.7756 5.67651 9.93867
      vertex 13.7762 5.675 10
    endloop
  endfacet
  facet normal 0.932993 0.359895 0
    outer loop
      vertex 13.7658 5.70198 9.74293
      vertex 14.029 5.01966 11.7
      vertex 14.029 5.01966 0.599999
    endloop
  endfacet
  facet normal 0.932993 0.359895 0
    outer loop
      vertex 13.7658 5.70198 9.74293
      vertex 14.029 5.01966 0.599999
      vertex 13.7658 5.70198 0.599999
    endloop
  endfacet
  facet normal 0.852567 0.522617 0.001034
    outer loop
      vertex 12.4551 8.17349 9.93867
      vertex 12.3889 8.278 11.7
      vertex 12.4541 8.175 10
    endloop
  endfacet
  facet normal 0.841712 0.539926 -0.000431049
    outer loop
      vertex 12.3889 8.278 11.7
      vertex 12.4551 8.17349 10.0613
      vertex 12.4541 8.175 10
    endloop
  endfacet
  facet normal 0.847357 0.531024 0.000364719
    outer loop
      vertex 12.3889 8.278 11.7
      vertex 12.4579 8.16898 10.1225
      vertex 12.4551 8.17349 10.0613
    endloop
  endfacet
  facet normal 0.843453 0.537202 -0.000232965
    outer loop
      vertex 12.3889 8.278 11.7
      vertex 12.4627 8.16147 10.1834
      vertex 12.4579 8.16898 10.1225
    endloop
  endfacet
  facet normal 0.845923 0.533306 0.000186581
    outer loop
      vertex 12.3889 8.278 11.7
      vertex 12.4693 8.15098 10.2439
      vertex 12.4627 8.16147 10.1834
    endloop
  endfacet
  facet normal 0.845103 0.534603 2.81849e-05
    outer loop
      vertex 12.3889 8.278 11.7
      vertex 12.4778 8.13754 10.3037
      vertex 12.4693 8.15098 10.2439
    endloop
  endfacet
  facet normal 0.844308 0.535858 -0.000148723
    outer loop
      vertex 12.3889 8.278 11.7
      vertex 12.4882 8.12117 10.3629
      vertex 12.4778 8.13754 10.3037
    endloop
  endfacet
  facet normal 0.844621 0.535365 -6.77086e-05
    outer loop
      vertex 12.3889 8.278 11.7
      vertex 12.5004 8.10193 10.4211
      vertex 12.4882 8.12117 10.3629
    endloop
  endfacet
  facet normal 0.844621 0.535364 -6.74341e-05
    outer loop
      vertex 12.3889 8.278 11.7
      vertex 12.5144 8.07985 10.4784
      vertex 12.5004 8.10193 10.4211
    endloop
  endfacet
  facet normal 0.845319 0.534262 0.000182966
    outer loop
      vertex 12.3889 8.278 11.7
      vertex 12.5301 8.05499 10.5344
      vertex 12.5144 8.07985 10.4784
    endloop
  endfacet
  facet normal 0.844574 0.535439 -0.000132586
    outer loop
      vertex 12.3889 8.278 11.7
      vertex 12.5476 8.0274 10.5892
      vertex 12.5301 8.05499 10.5344
    endloop
  endfacet
  facet normal 0.845294 0.534301 0.000227247
    outer loop
      vertex 12.3889 8.278 11.7
      vertex 12.5667 7.99716 10.6426
      vertex 12.5476 8.0274 10.5892
    endloop
  endfacet
  facet normal 0.844731 0.535192 -0.000104153
    outer loop
      vertex 12.3889 8.278 11.7
      vertex 12.5875 7.96434 10.6945
      vertex 12.5667 7.99716 10.6426
    endloop
  endfacet
  facet normal 0.844656 0.53531 -0.000155715
    outer loop
      vertex 12.3889 8.278 11.7
      vertex 12.6099 7.92901 10.7446
      vertex 12.5875 7.96434 10.6945
    endloop
  endfacet
  facet normal 0.844886 0.534947 3.01372e-05
    outer loop
      vertex 12.3889 8.278 11.7
      vertex 12.6338 7.89126 10.793
      vertex 12.6099 7.92901 10.7446
    endloop
  endfacet
  facet normal 0.844688 0.535259 -0.000156418
    outer loop
      vertex 12.3889 8.278 11.7
      vertex 12.6592 7.85119 10.8394
      vertex 12.6338 7.89126 10.793
    endloop
  endfacet
  facet normal 0.844801 0.53508 -3.2249e-05
    outer loop
      vertex 12.3889 8.278 11.7
      vertex 12.686 7.80888 10.8839
      vertex 12.6592 7.85119 10.8394
    endloop
  endfacet
  facet normal 0.845038 0.534706 0.000269328
    outer loop
      vertex 12.3889 8.278 11.7
      vertex 12.7141 7.76445 10.9262
      vertex 12.686 7.80888 10.8839
    endloop
  endfacet
  facet normal 0.844961 0.534828 0.00015574
    outer loop
      vertex 12.3889 8.278 11.7
      vertex 12.7435 7.71799 10.9663
      vertex 12.7141 7.76445 10.9262
    endloop
  endfacet
  facet normal 0.845008 0.534754 0.000234327
    outer loop
      vertex 12.3889 8.278 11.7
      vertex 12.7741 7.66962 11.004
      vertex 12.7435 7.71799 10.9663
    endloop
  endfacet
  facet normal 0.84483 0.535035 -0.00010917
    outer loop
      vertex 12.7802 7.66013 11.7
      vertex 12.7741 7.66962 11.004
      vertex 12.3889 8.278 11.7
    endloop
  endfacet
  facet normal 0.841207 0.540713 0
    outer loop
      vertex 12.7741 7.66962 11.004
      vertex 12.7802 7.66013 11.7
      vertex 12.7802 7.66013 11.0107
    endloop
  endfacet
  facet normal 0.844781 0.535112 0
    outer loop
      vertex 12.3889 8.278 11.7
      vertex 12.4551 8.17349 9.93867
      vertex 12.3889 8.278 0.599999
    endloop
  endfacet
  facet normal 0.84895 0.528473 -0.000103843
    outer loop
      vertex 12.4579 8.16898 9.87748
      vertex 12.3889 8.278 0.599999
      vertex 12.4551 8.17349 9.93867
    endloop
  endfacet
  facet normal 0.842805 0.53822 5.63916e-05
    outer loop
      vertex 12.4627 8.16147 9.81659
      vertex 12.3889 8.278 0.599999
      vertex 12.4579 8.16898 9.87748
    endloop
  endfacet
  facet normal 0.846301 0.532706 -4.13171e-05
    outer loop
      vertex 12.4693 8.15098 9.75614
      vertex 12.3889 8.278 0.599999
      vertex 12.4627 8.16147 9.81659
    endloop
  endfacet
  facet normal 0.845148 0.534532 -5.86014e-06
    outer loop
      vertex 12.4778 8.13754 9.69627
      vertex 12.3889 8.278 0.599999
      vertex 12.4693 8.15098 9.75614
    endloop
  endfacet
  facet normal 0.844113 0.536166 2.94828e-05
    outer loop
      vertex 12.4882 8.12117 9.63714
      vertex 12.3889 8.278 0.599999
      vertex 12.4778 8.13754 9.69627
    endloop
  endfacet
  facet normal 0.844546 0.535484 1.28936e-05
    outer loop
      vertex 12.5004 8.10193 9.57889
      vertex 12.3889 8.278 0.599999
      vertex 12.4882 8.12117 9.63714
    endloop
  endfacet
  facet normal 0.844557 0.535466 1.24049e-05
    outer loop
      vertex 12.5144 8.07985 9.52165
      vertex 12.3889 8.278 0.599999
      vertex 12.5004 8.10193 9.57889
    endloop
  endfacet
  facet normal 0.845472 0.53402 -3.25801e-05
    outer loop
      vertex 12.5301 8.05499 9.46556
      vertex 12.3889 8.278 0.599999
      vertex 12.5144 8.07985 9.52165
    endloop
  endfacet
  facet normal 0.844475 0.535595 2.29085e-05
    outer loop
      vertex 12.5476 8.0274 9.41075
      vertex 12.3889 8.278 0.599999
      vertex 12.5301 8.05499 9.46556
    endloop
  endfacet
  facet normal 0.845445 0.534062 -3.81549e-05
    outer loop
      vertex 12.5667 7.99716 9.35737
      vertex 12.3889 8.278 0.599999
      vertex 12.5476 8.0274 9.41075
    endloop
  endfacet
  facet normal 0.844668 0.53529 1.69956e-05
    outer loop
      vertex 12.5875 7.96434 9.30554
      vertex 12.3889 8.278 0.599999
      vertex 12.5667 7.99716 9.35737
    endloop
  endfacet
  facet normal 0.844572 0.535442 2.46762e-05
    outer loop
      vertex 12.6099 7.92901 9.25538
      vertex 12.3889 8.278 0.599999
      vertex 12.5875 7.96434 9.30554
    endloop
  endfacet
  facet normal 0.844901 0.534923 -4.6447e-06
    outer loop
      vertex 12.6338 7.89126 9.20701
      vertex 12.3889 8.278 0.599999
      vertex 12.6099 7.92901 9.25538
    endloop
  endfacet
  facet normal 0.844618 0.535369 2.34007e-05
    outer loop
      vertex 12.6592 7.85119 9.16055
      vertex 12.3889 8.278 0.599999
      vertex 12.6338 7.89126 9.20701
    endloop
  endfacet
  facet normal 0.844788 0.535101 4.6876e-06
    outer loop
      vertex 12.686 7.80888 9.11612
      vertex 12.3889 8.278 0.599999
      vertex 12.6592 7.85119 9.16055
    endloop
  endfacet
  facet normal 0.845138 0.534548 -3.79487e-05
    outer loop
      vertex 12.7141 7.76445 9.07381
      vertex 12.3889 8.278 0.599999
      vertex 12.686 7.80888 9.11612
    endloop
  endfacet
  facet normal 0.845014 0.534745 -2.12584e-05
    outer loop
      vertex 12.7435 7.71799 9.03374
      vertex 12.3889 8.278 0.599999
      vertex 12.7141 7.76445 9.07381
    endloop
  endfacet
  facet normal 0.845079 0.534641 -3.09135e-05
    outer loop
      vertex 12.7741 7.66962 8.99599
      vertex 12.3889 8.278 0.599999
      vertex 12.7435 7.71799 9.03374
    endloop
  endfacet
  facet normal 0.841386 0.540434 0.000558292
    outer loop
      vertex 12.7802 7.66013 8.9893
      vertex 12.3889 8.278 0.599999
      vertex 12.7741 7.66962 8.99599
    endloop
  endfacet
  facet normal 0.84483 0.535035 0
    outer loop
      vertex 12.3889 8.278 0.599999
      vertex 12.7802 7.66013 8.9893
      vertex 12.7802 7.66013 0.599999
    endloop
  endfacet
  facet normal -0.219058 0.975712 0
    outer loop
      vertex -2.90685 14.6137 0.599999
      vertex -3.6204 14.4535 11.7
      vertex -2.90685 14.6137 11.7
    endloop
  endfacet
  facet normal -0.219058 0.975712 0
    outer loop
      vertex -3.6204 14.4535 11.7
      vertex -2.90685 14.6137 0.599999
      vertex -3.6204 14.4535 0.599999
    endloop
  endfacet
  facet normal 0.188612 0.681551 -0.707046
    outer loop
      vertex 4.15107 13.6842 0
      vertex 3.47462 13.8714 0
      vertex 3.6204 14.4535 0.599999
    endloop
  endfacet
  facet normal -0.254506 0.659791 0.707038
    outer loop
      vertex -4.91859 13.7465 12
      vertex -5.70198 13.7658 11.7
      vertex -5.58718 13.4886 12
    endloop
  endfacet
  facet normal -0.254508 0.659786 0.707042
    outer loop
      vertex -5.01966 14.029 11.7
      vertex -5.70198 13.7658 11.7
      vertex -4.91859 13.7465 12
    endloop
  endfacet
  facet normal -0.487655 -0.512269 0.706946
    outer loop
      vertex -10.3238 -10.3238 12
      vertex -10.5359 -10.5359 11.7
      vertex -9.80476 -10.8179 12
    endloop
  endfacet
  facet normal -0.631683 -0.317949 0.707026
    outer loop
      vertex -12.876 -6.88239 12
      vertex -13.4694 -6.37057 11.7
      vertex -13.1406 -7.02381 11.7
    endloop
  endfacet
  facet normal -0.313675 0.94953 0
    outer loop
      vertex -4.32524 14.2584 0.599999
      vertex -5.01966 14.029 11.7
      vertex -4.32524 14.2584 11.7
    endloop
  endfacet
  facet normal -0.313675 0.94953 0
    outer loop
      vertex -5.01966 14.029 11.7
      vertex -4.32524 14.2584 0.599999
      vertex -5.01966 14.029 0.599999
    endloop
  endfacet
  facet normal -0.0520225 0.705245 0.707052
    outer loop
      vertex -0.731108 14.8821 11.7
      vertex -1.46045 14.8283 11.7
      vertex -1.43105 14.5297 12
    endloop
  endfacet
  facet normal -0.122515 0.992467 0
    outer loop
      vertex -1.46045 14.8283 0.599999
      vertex -2.18628 14.7387 11.7
      vertex -1.46045 14.8283 11.7
    endloop
  endfacet
  facet normal -0.122515 0.992467 0
    outer loop
      vertex -2.18628 14.7387 11.7
      vertex -1.46045 14.8283 0.599999
      vertex -2.18628 14.7387 0.599999
    endloop
  endfacet
  facet normal -0.0244761 0.9997 0
    outer loop
      vertex 0 14.9 0.599999
      vertex -0.731108 14.8821 11.7
      vertex 0 14.9 11.7
    endloop
  endfacet
  facet normal -0.0244761 0.9997 0
    outer loop
      vertex -0.731108 14.8821 11.7
      vertex 0 14.9 0.599999
      vertex -0.731108 14.8821 0.599999
    endloop
  endfacet
  facet normal -0.78837 0.615201 0
    outer loop
      vertex -11.9678 8.87592 0.599999
      vertex -11.5179 9.45246 11.7
      vertex -11.5179 9.45246 0.599999
    endloop
  endfacet
  facet normal -0.78837 0.615201 0
    outer loop
      vertex -11.5179 9.45246 11.7
      vertex -11.9678 8.87592 0.599999
      vertex -11.9678 8.87592 11.7
    endloop
  endfacet
  facet normal -0.724258 0.689529 0
    outer loop
      vertex -11.0402 10.0062 0.599999
      vertex -10.5359 10.5359 11.7
      vertex -10.5359 10.5359 0.599999
    endloop
  endfacet
  facet normal -0.724258 0.689529 0
    outer loop
      vertex -10.5359 10.5359 11.7
      vertex -11.0402 10.0062 0.599999
      vertex -11.0402 10.0062 11.7
    endloop
  endfacet
  facet normal -0.407224 0.578217 -0.706989
    outer loop
      vertex -8.5185 11.4859 0
      vertex -8.87592 11.9678 0.599999
      vertex -8.278 12.3889 0.599999
    endloop
  endfacet
  facet normal -0.435085 0.557554 -0.70699
    outer loop
      vertex -8.5185 11.4859 0
      vertex -9.45246 11.5179 0.599999
      vertex -8.87592 11.9678 0.599999
    endloop
  endfacet
  facet normal -0.317973 0.631729 -0.706973
    outer loop
      vertex -6.74097 12.6115 0
      vertex -7.02381 13.1406 0.599999
      vertex -6.37057 13.4694 0.599999
    endloop
  endfacet
  facet normal -0.932993 0.359895 0
    outer loop
      vertex -14.029 5.01966 0.599999
      vertex -13.7658 5.70198 11.7
      vertex -13.7658 5.70198 0.599999
    endloop
  endfacet
  facet normal -0.932993 0.359895 0
    outer loop
      vertex -13.7658 5.70198 11.7
      vertex -14.029 5.01966 0.599999
      vertex -14.029 5.01966 11.7
    endloop
  endfacet
  facet normal -0.615344 0.34852 0.707026
    outer loop
      vertex -12.7802 7.66013 11.7
      vertex -13.1406 7.02381 11.7
      vertex -12.876 6.88239 12
    endloop
  endfacet
  facet normal -0.70693 0.017308 0.707072
    outer loop
      vertex -14.8821 0.731108 11.7
      vertex -14.9 0 11.7
      vertex -14.5824 0.716388 12
    endloop
  endfacet
  facet normal -0.557518 0.435056 0.707036
    outer loop
      vertex -11.5179 9.45246 11.7
      vertex -11.9678 8.87592 11.7
      vertex -11.7268 8.69721 12
    endloop
  endfacet
  facet normal -0.487655 0.512269 0.706946
    outer loop
      vertex -9.80476 10.8179 12
      vertex -10.5359 10.5359 11.7
      vertex -10.3238 10.3238 12
    endloop
  endfacet
  facet normal -0.94953 0.313675 0
    outer loop
      vertex -14.2584 4.32524 0.599999
      vertex -14.029 5.01966 11.7
      vertex -14.029 5.01966 0.599999
    endloop
  endfacet
  facet normal -0.94953 0.313675 0
    outer loop
      vertex -14.029 5.01966 11.7
      vertex -14.2584 4.32524 0.599999
      vertex -14.2584 4.32524 11.7
    endloop
  endfacet
  facet normal -0.96376 0.266769 0
    outer loop
      vertex -14.4535 3.6204 0.599999
      vertex -14.2584 4.32524 11.7
      vertex -14.2584 4.32524 0.599999
    endloop
  endfacet
  facet normal -0.96376 0.266769 0
    outer loop
      vertex -14.2584 4.32524 11.7
      vertex -14.4535 3.6204 0.599999
      vertex -14.4535 3.6204 11.7
    endloop
  endfacet
  facet normal -0.705245 0.0520225 0.707052
    outer loop
      vertex -14.8283 1.46045 11.7
      vertex -14.8821 0.731108 11.7
      vertex -14.5297 1.43105 12
    endloop
  endfacet
  facet normal -0.435055 0.557567 0.706998
    outer loop
      vertex -8.69721 11.7268 12
      vertex -9.45246 11.5179 11.7
      vertex -9.26214 11.286 12
    endloop
  endfacet
  facet normal -0.578205 0.407293 0.706959
    outer loop
      vertex -11.7268 8.69721 12
      vertex -12.3889 8.278 11.7
      vertex -12.1395 8.11133 12
    endloop
  endfacet
  facet normal -0.578178 0.407196 0.707037
    outer loop
      vertex -11.9678 8.87592 11.7
      vertex -12.3889 8.278 11.7
      vertex -11.7268 8.69721 12
    endloop
  endfacet
  facet normal -0.597464 0.378377 -0.707013
    outer loop
      vertex -11.89 7.94465 0
      vertex -12.7802 7.66013 0.599999
      vertex -12.3889 8.278 0.599999
    endloop
  endfacet
  facet normal -0.914192 0.405281 0
    outer loop
      vertex -13.7658 5.70198 0.599999
      vertex -13.4694 6.37057 11.7
      vertex -13.4694 6.37057 0.599999
    endloop
  endfacet
  facet normal -0.914192 0.405281 0
    outer loop
      vertex -13.4694 6.37057 11.7
      vertex -13.7658 5.70198 0.599999
      vertex -13.7658 5.70198 11.7
    endloop
  endfacet
  facet normal 0 0 -1
    outer loop
      vertex 2.76686 -6.07602 0
      vertex 1.80798 -6.06989 0
      vertex 2.77827 -6.04754 0
    endloop
  endfacet
  facet normal 0 0 -1
    outer loop
      vertex 2.68149 5.7586 0
      vertex 1.99759 6.82687 0
      vertex 2 6.925 0
    endloop
  endfacet
  facet normal -0 0 -1
    outer loop
      vertex 2.77827 -6.04754 0
      vertex 1.80798 -6.06989 0
      vertex 2.79103 -6.02006 0
    endloop
  endfacet
  facet normal 0 0 -1
    outer loop
      vertex 2.68149 5.7586 0
      vertex 1.99037 6.72897 0
      vertex 1.99759 6.82687 0
    endloop
  endfacet
  facet normal 0 0 -1
    outer loop
      vertex 1.76384 -5.98221 0
      vertex 2.79103 -6.02006 0
      vertex 1.80798 -6.06989 0
    endloop
  endfacet
  facet normal 0 0 -1
    outer loop
      vertex 2.68149 5.7586 0
      vertex 1.97835 6.63154 0
      vertex 1.99037 6.72897 0
    endloop
  endfacet
  facet normal 0 0 -1
    outer loop
      vertex 2.79103 -6.02006 0
      vertex 1.76384 -5.98221 0
      vertex 2.80515 -5.99357 0
    endloop
  endfacet
  facet normal 0 0 -1
    outer loop
      vertex 2.68149 5.7586 0
      vertex 1.96157 6.53482 0
      vertex 1.97835 6.63154 0
    endloop
  endfacet
  facet normal 0 0 -1
    outer loop
      vertex 2.80515 -5.99357 0
      vertex 1.76384 -5.98221 0
      vertex 2.82059 -5.96807 0
    endloop
  endfacet
  facet normal 0 0 -1
    outer loop
      vertex 2.68149 5.7586 0
      vertex 1.94006 6.43904 0
      vertex 1.96157 6.53482 0
    endloop
  endfacet
  facet normal 0 0 -1
    outer loop
      vertex 1.71546 -5.8968 0
      vertex 2.82059 -5.96807 0
      vertex 1.76384 -5.98221 0
    endloop
  endfacet
  facet normal 0 0 -1
    outer loop
      vertex 2.68149 5.7586 0
      vertex 1.91388 6.34443 0
      vertex 1.94006 6.43904 0
    endloop
  endfacet
  facet normal 0 0 -1
    outer loop
      vertex 2.82059 -5.96807 0
      vertex 1.71546 -5.8968 0
      vertex 2.83739 -5.94357 0
    endloop
  endfacet
  facet normal 0 0 -1
    outer loop
      vertex 2.68149 5.7586 0
      vertex 1.88309 6.25122 0
      vertex 1.91388 6.34443 0
    endloop
  endfacet
  facet normal 0 0 -1
    outer loop
      vertex 2.83739 -5.94357 0
      vertex 1.71546 -5.8968 0
      vertex 2.85551 -5.92006 0
    endloop
  endfacet
  facet normal 0 0 -1
    outer loop
      vertex 2.68149 5.7586 0
      vertex 1.84776 6.15963 0
      vertex 1.88309 6.25122 0
    endloop
  endfacet
  facet normal 0 0 -1
    outer loop
      vertex 1.66294 -5.81386 0
      vertex 2.85551 -5.92006 0
      vertex 1.71546 -5.8968 0
    endloop
  endfacet
  facet normal 0 0 -1
    outer loop
      vertex 2.68149 5.7586 0
      vertex 1.80798 6.06989 0
      vertex 1.84776 6.15963 0
    endloop
  endfacet
  facet normal 0 0 -1
    outer loop
      vertex 2.85551 -5.92006 0
      vertex 1.66294 -5.81386 0
      vertex 2.875 -5.89753 0
    endloop
  endfacet
  facet normal 0 0 -1
    outer loop
      vertex 2.68149 5.7586 0
      vertex 1.76384 5.98221 0
      vertex 1.80798 6.06989 0
    endloop
  endfacet
  facet normal 0 0 -1
    outer loop
      vertex 1.60641 -5.7336 0
      vertex 2.875 -5.89753 0
      vertex 1.66294 -5.81386 0
    endloop
  endfacet
  facet normal 0 0 -1
    outer loop
      vertex 2.68149 5.7586 0
      vertex 1.71546 5.8968 0
      vertex 1.76384 5.98221 0
    endloop
  endfacet
  facet normal 0 0 -1
    outer loop
      vertex 1.54602 -5.65621 0
      vertex 2.875 -5.89753 0
      vertex 1.60641 -5.7336 0
    endloop
  endfacet
  facet normal 0 0 -1
    outer loop
      vertex 2.68149 5.7586 0
      vertex 1.66294 5.81386 0
      vertex 1.71546 5.8968 0
    endloop
  endfacet
  facet normal 0 0 -1
    outer loop
      vertex 1.4819 -5.58188 0
      vertex 2.875 -5.89753 0
      vertex 1.54602 -5.65621 0
    endloop
  endfacet
  facet normal -0 0 -1
    outer loop
      vertex 2.68149 5.7586 0
      vertex 1.60641 5.7336 0
      vertex 1.66294 5.81386 0
    endloop
  endfacet
  facet normal 0 0 -1
    outer loop
      vertex 1.41421 -5.51079 0
      vertex 2.875 -5.89753 0
      vertex 1.4819 -5.58188 0
    endloop
  endfacet
  facet normal 0 0 -1
    outer loop
      vertex 2.68149 5.7586 0
      vertex 1.54602 5.65621 0
      vertex 1.60641 5.7336 0
    endloop
  endfacet
  facet normal 0 0 -1
    outer loop
      vertex 1.34312 -5.4431 0
      vertex 2.875 -5.89753 0
      vertex 1.41421 -5.51079 0
    endloop
  endfacet
  facet normal 0 0 -1
    outer loop
      vertex 2.68149 5.7586 0
      vertex 1.4819 5.58188 0
      vertex 1.54602 5.65621 0
    endloop
  endfacet
  facet normal 0 0 -1
    outer loop
      vertex 1.26879 -5.37898 0
      vertex 2.875 -5.89753 0
      vertex 1.34312 -5.4431 0
    endloop
  endfacet
  facet normal 0 0 -1
    outer loop
      vertex 2.68149 5.7586 0
      vertex 1.41421 5.51079 0
      vertex 1.4819 5.58188 0
    endloop
  endfacet
  facet normal 0 0 -1
    outer loop
      vertex 1.1914 -5.31859 0
      vertex 2.875 -5.89753 0
      vertex 1.26879 -5.37898 0
    endloop
  endfacet
  facet normal 0 0 -1
    outer loop
      vertex 2.68149 5.7586 0
      vertex 1.34312 5.4431 0
      vertex 1.41421 5.51079 0
    endloop
  endfacet
  facet normal 0 0 -1
    outer loop
      vertex 1.11114 -5.26206 0
      vertex 2.875 -5.89753 0
      vertex 1.1914 -5.31859 0
    endloop
  endfacet
  facet normal 0 0 -1
    outer loop
      vertex 2.68149 5.7586 0
      vertex 1.26879 5.37898 0
      vertex 1.34312 5.4431 0
    endloop
  endfacet
  facet normal 0 0 -1
    outer loop
      vertex 1.0282 -5.20954 0
      vertex 2.875 -5.89753 0
      vertex 1.11114 -5.26206 0
    endloop
  endfacet
  facet normal 0 0 -1
    outer loop
      vertex 2.68149 5.7586 0
      vertex 1.1914 5.31859 0
      vertex 1.26879 5.37898 0
    endloop
  endfacet
  facet normal 0 0 -1
    outer loop
      vertex 2.875 -5.89753 0
      vertex 1.0282 -5.20954 0
      vertex 2.68149 5.7586 0
    endloop
  endfacet
  facet normal 0 0 -1
    outer loop
      vertex 2.68149 5.7586 0
      vertex 1.11114 5.26206 0
      vertex 1.1914 5.31859 0
    endloop
  endfacet
  facet normal 0 0 -1
    outer loop
      vertex 0.942793 -5.16116 0
      vertex 2.68149 5.7586 0
      vertex 1.0282 -5.20954 0
    endloop
  endfacet
  facet normal 0 0 -1
    outer loop
      vertex 2.68149 5.7586 0
      vertex 1.0282 5.20954 0
      vertex 1.11114 5.26206 0
    endloop
  endfacet
  facet normal 0 0 -1
    outer loop
      vertex 0.942793 5.16116 0
      vertex 2.68149 5.7586 0
      vertex 0.942793 -5.16116 0
    endloop
  endfacet
  facet normal 0 0 -1
    outer loop
      vertex 2.68149 5.7586 0
      vertex 0.942793 5.16116 0
      vertex 1.0282 5.20954 0
    endloop
  endfacet
  facet normal 0 0 -1
    outer loop
      vertex 0.85511 -5.11702 0
      vertex 0.942793 5.16116 0
      vertex 0.942793 -5.16116 0
    endloop
  endfacet
  facet normal 0 0 -1
    outer loop
      vertex 0.85511 -5.11702 0
      vertex 0.85511 5.11702 0
      vertex 0.942793 5.16116 0
    endloop
  endfacet
  facet normal 0 0 -1
    outer loop
      vertex 0.765367 -5.07724 0
      vertex 0.85511 5.11702 0
      vertex 0.85511 -5.11702 0
    endloop
  endfacet
  facet normal 0 0 -1
    outer loop
      vertex 0.765367 -5.07724 0
      vertex 0.765367 5.07724 0
      vertex 0.85511 5.11702 0
    endloop
  endfacet
  facet normal 0 0 -1
    outer loop
      vertex 0.673779 -5.04191 0
      vertex 0.765367 5.07724 0
      vertex 0.765367 -5.07724 0
    endloop
  endfacet
  facet normal 0 0 -1
    outer loop
      vertex 0.673779 -5.04191 0
      vertex 0.673779 5.04191 0
      vertex 0.765367 5.07724 0
    endloop
  endfacet
  facet normal 0 0 -1
    outer loop
      vertex 0.580569 -5.01112 0
      vertex 0.673779 5.04191 0
      vertex 0.673779 -5.04191 0
    endloop
  endfacet
  facet normal 0 0 -1
    outer loop
      vertex 0.580569 -5.01112 0
      vertex 0.580569 5.01112 0
      vertex 0.673779 5.04191 0
    endloop
  endfacet
  facet normal 0 0 -1
    outer loop
      vertex 0.48596 -4.98494 0
      vertex 0.580569 5.01112 0
      vertex 0.580569 -5.01112 0
    endloop
  endfacet
  facet normal 0 0 -1
    outer loop
      vertex 0.48596 -4.98494 0
      vertex 0.48596 4.98494 0
      vertex 0.580569 5.01112 0
    endloop
  endfacet
  facet normal 0 0 -1
    outer loop
      vertex 0.390181 -4.96343 0
      vertex 0.48596 4.98494 0
      vertex 0.48596 -4.98494 0
    endloop
  endfacet
  facet normal 0 0 -1
    outer loop
      vertex 0.390181 -4.96343 0
      vertex 0.390181 4.96343 0
      vertex 0.48596 4.98494 0
    endloop
  endfacet
  facet normal 0 0 -1
    outer loop
      vertex 0.293461 -4.94665 0
      vertex 0.390181 4.96343 0
      vertex 0.390181 -4.96343 0
    endloop
  endfacet
  facet normal 0 0 -1
    outer loop
      vertex 0.293461 -4.94665 0
      vertex 0.293461 4.94665 0
      vertex 0.390181 4.96343 0
    endloop
  endfacet
  facet normal 0 0 -1
    outer loop
      vertex 0.196033 -4.93463 0
      vertex 0.293461 4.94665 0
      vertex 0.293461 -4.94665 0
    endloop
  endfacet
  facet normal 0 0 -1
    outer loop
      vertex 0.196033 -4.93463 0
      vertex 0.196033 4.93463 0
      vertex 0.293461 4.94665 0
    endloop
  endfacet
  facet normal 0 0 -1
    outer loop
      vertex 0.098135 -4.92741 0
      vertex 0.196033 4.93463 0
      vertex 0.196033 -4.93463 0
    endloop
  endfacet
  facet normal 0 0 -1
    outer loop
      vertex 0.098135 -4.92741 0
      vertex 0.098135 4.92741 0
      vertex 0.196033 4.93463 0
    endloop
  endfacet
  facet normal 0 0 -1
    outer loop
      vertex 0 -4.925 0
      vertex 0.098135 4.92741 0
      vertex 0.098135 -4.92741 0
    endloop
  endfacet
  facet normal 0 0 -1
    outer loop
      vertex 0 -4.925 0
      vertex 0 4.925 0
      vertex 0.098135 4.92741 0
    endloop
  endfacet
  facet normal 0 0 -1
    outer loop
      vertex -0.098135 -4.92741 0
      vertex 0 4.925 0
      vertex 0 -4.925 0
    endloop
  endfacet
  facet normal 0 0 -1
    outer loop
      vertex -0.098135 -4.92741 0
      vertex -0.098135 4.92741 0
      vertex 0 4.925 0
    endloop
  endfacet
  facet normal 0 0 -1
    outer loop
      vertex -0.196033 -4.93463 0
      vertex -0.098135 4.92741 0
      vertex -0.098135 -4.92741 0
    endloop
  endfacet
  facet normal 0 0 -1
    outer loop
      vertex -0.196033 -4.93463 0
      vertex -0.196033 4.93463 0
      vertex -0.098135 4.92741 0
    endloop
  endfacet
  facet normal 0 0 -1
    outer loop
      vertex -0.293461 -4.94665 0
      vertex -0.196033 4.93463 0
      vertex -0.196033 -4.93463 0
    endloop
  endfacet
  facet normal 0 0 -1
    outer loop
      vertex -0.293461 -4.94665 0
      vertex -0.293461 4.94665 0
      vertex -0.196033 4.93463 0
    endloop
  endfacet
  facet normal 0 0 -1
    outer loop
      vertex -0.390181 -4.96343 0
      vertex -0.293461 4.94665 0
      vertex -0.293461 -4.94665 0
    endloop
  endfacet
  facet normal 0 0 -1
    outer loop
      vertex -0.390181 -4.96343 0
      vertex -0.390181 4.96343 0
      vertex -0.293461 4.94665 0
    endloop
  endfacet
  facet normal 0 0 -1
    outer loop
      vertex -0.48596 -4.98494 0
      vertex -0.390181 4.96343 0
      vertex -0.390181 -4.96343 0
    endloop
  endfacet
  facet normal 0 0 -1
    outer loop
      vertex -0.48596 -4.98494 0
      vertex -0.48596 4.98494 0
      vertex -0.390181 4.96343 0
    endloop
  endfacet
  facet normal 0 0 -1
    outer loop
      vertex -0.580569 -5.01112 0
      vertex -0.48596 4.98494 0
      vertex -0.48596 -4.98494 0
    endloop
  endfacet
  facet normal 0 0 -1
    outer loop
      vertex -0.580569 -5.01112 0
      vertex -0.580569 5.01112 0
      vertex -0.48596 4.98494 0
    endloop
  endfacet
  facet normal 0 0 -1
    outer loop
      vertex -0.673779 -5.04191 0
      vertex -0.580569 5.01112 0
      vertex -0.580569 -5.01112 0
    endloop
  endfacet
  facet normal 0 0 -1
    outer loop
      vertex -0.673779 -5.04191 0
      vertex -0.673779 5.04191 0
      vertex -0.580569 5.01112 0
    endloop
  endfacet
  facet normal 0 0 -1
    outer loop
      vertex -0.765367 -5.07724 0
      vertex -0.673779 5.04191 0
      vertex -0.673779 -5.04191 0
    endloop
  endfacet
  facet normal 0 0 -1
    outer loop
      vertex -0.765367 -5.07724 0
      vertex -0.765367 5.07724 0
      vertex -0.673779 5.04191 0
    endloop
  endfacet
  facet normal 0 0 -1
    outer loop
      vertex -0.85511 -5.11702 0
      vertex -0.765367 5.07724 0
      vertex -0.765367 -5.07724 0
    endloop
  endfacet
  facet normal 0 0 -1
    outer loop
      vertex -0.85511 -5.11702 0
      vertex -0.85511 5.11702 0
      vertex -0.765367 5.07724 0
    endloop
  endfacet
  facet normal 0 0 -1
    outer loop
      vertex -0.942793 -5.16116 0
      vertex -0.85511 5.11702 0
      vertex -0.85511 -5.11702 0
    endloop
  endfacet
  facet normal 0 0 -1
    outer loop
      vertex -0.942793 -5.16116 0
      vertex -0.942793 5.16116 0
      vertex -0.85511 5.11702 0
    endloop
  endfacet
  facet normal 0 0 -1
    outer loop
      vertex -1.0282 -5.20954 0
      vertex -0.942793 5.16116 0
      vertex -0.942793 -5.16116 0
    endloop
  endfacet
  facet normal 0 0 -1
    outer loop
      vertex -1.0282 -5.20954 0
      vertex -1.0282 5.20954 0
      vertex -0.942793 5.16116 0
    endloop
  endfacet
  facet normal 0 0 -1
    outer loop
      vertex -1.11114 -5.26206 0
      vertex -1.0282 5.20954 0
      vertex -1.0282 -5.20954 0
    endloop
  endfacet
  facet normal 0 0 -1
    outer loop
      vertex -1.11114 -5.26206 0
      vertex -1.11114 5.26206 0
      vertex -1.0282 5.20954 0
    endloop
  endfacet
  facet normal 0 0 -1
    outer loop
      vertex -1.1914 -5.31859 0
      vertex -1.11114 5.26206 0
      vertex -1.11114 -5.26206 0
    endloop
  endfacet
  facet normal 0 0 -1
    outer loop
      vertex -1.1914 -5.31859 0
      vertex -1.1914 5.31859 0
      vertex -1.11114 5.26206 0
    endloop
  endfacet
  facet normal 0 0 -1
    outer loop
      vertex -1.26879 -5.37898 0
      vertex -1.1914 5.31859 0
      vertex -1.1914 -5.31859 0
    endloop
  endfacet
  facet normal 0 0 -1
    outer loop
      vertex -1.26879 -5.37898 0
      vertex -1.26879 5.37898 0
      vertex -1.1914 5.31859 0
    endloop
  endfacet
  facet normal 0 0 -1
    outer loop
      vertex -1.34312 -5.4431 0
      vertex -1.26879 5.37898 0
      vertex -1.26879 -5.37898 0
    endloop
  endfacet
  facet normal 0 0 -1
    outer loop
      vertex -1.34312 -5.4431 0
      vertex -1.34312 5.4431 0
      vertex -1.26879 5.37898 0
    endloop
  endfacet
  facet normal 0 0 -1
    outer loop
      vertex -1.41421 -5.51079 0
      vertex -1.34312 5.4431 0
      vertex -1.34312 -5.4431 0
    endloop
  endfacet
  facet normal 0 0 -1
    outer loop
      vertex -1.41421 -5.51079 0
      vertex -1.41421 5.51079 0
      vertex -1.34312 5.4431 0
    endloop
  endfacet
  facet normal 0 0 -1
    outer loop
      vertex -14.2828 -0.701667 0
      vertex -1.41421 -5.51079 0
      vertex -1.4819 -5.58188 0
    endloop
  endfacet
  facet normal 0 0 -1
    outer loop
      vertex -1.41421 -5.51079 0
      vertex -14.3 0 0
      vertex -1.41421 5.51079 0
    endloop
  endfacet
  facet normal 0 0 -1
    outer loop
      vertex -14.2311 -1.40164 0
      vertex -1.4819 -5.58188 0
      vertex -1.54602 -5.65621 0
    endloop
  endfacet
  facet normal 0 -0 -1
    outer loop
      vertex -14.2828 0.701667 0
      vertex -1.41421 5.51079 0
      vertex -14.3 0 0
    endloop
  endfacet
  facet normal 0 0 -1
    outer loop
      vertex -14.0252 -2.78979 0
      vertex -1.54602 -5.65621 0
      vertex -1.60641 -5.7336 0
    endloop
  endfacet
  facet normal -0 0 -1
    outer loop
      vertex -1.41421 5.51079 0
      vertex -14.2828 0.701667 0
      vertex -1.4819 5.58188 0
    endloop
  endfacet
  facet normal 0 0 -1
    outer loop
      vertex -13.8714 -3.47462 0
      vertex -1.60641 -5.7336 0
      vertex -1.66294 -5.81386 0
    endloop
  endfacet
  facet normal 0 -0 -1
    outer loop
      vertex -14.2311 1.40164 0
      vertex -1.4819 5.58188 0
      vertex -14.2828 0.701667 0
    endloop
  endfacet
  facet normal 0 0 -1
    outer loop
      vertex -13.6842 -4.15107 0
      vertex -1.66294 -5.81386 0
      vertex -1.71546 -5.8968 0
    endloop
  endfacet
  facet normal -0 0 -1
    outer loop
      vertex -1.4819 5.58188 0
      vertex -14.2311 1.40164 0
      vertex -1.54602 5.65621 0
    endloop
  endfacet
  facet normal 0 0 -1
    outer loop
      vertex -13.4641 -4.81752 0
      vertex -1.71546 -5.8968 0
      vertex -1.76384 -5.98221 0
    endloop
  endfacet
  facet normal 0 -0 -1
    outer loop
      vertex -14.1452 2.09825 0
      vertex -1.54602 5.65621 0
      vertex -14.2311 1.40164 0
    endloop
  endfacet
  facet normal 0 0 -1
    outer loop
      vertex -13.2115 -5.47237 0
      vertex -1.76384 -5.98221 0
      vertex -1.80798 -6.06989 0
    endloop
  endfacet
  facet normal 0 -0 -1
    outer loop
      vertex -14.0252 2.78979 0
      vertex -1.54602 5.65621 0
      vertex -14.1452 2.09825 0
    endloop
  endfacet
  facet normal 0 0 -1
    outer loop
      vertex -12.927 -6.11404 0
      vertex -1.80798 -6.06989 0
      vertex -1.84776 -6.15963 0
    endloop
  endfacet
  facet normal -0 0 -1
    outer loop
      vertex -1.54602 5.65621 0
      vertex -14.0252 2.78979 0
      vertex -1.60641 5.7336 0
    endloop
  endfacet
  facet normal 0 0 -1
    outer loop
      vertex -12.6115 -6.74097 0
      vertex -1.84776 -6.15963 0
      vertex -1.88309 -6.25122 0
    endloop
  endfacet
  facet normal 0 -0 -1
    outer loop
      vertex -13.8714 3.47462 0
      vertex -1.60641 5.7336 0
      vertex -14.0252 2.78979 0
    endloop
  endfacet
  facet normal 0 0 -1
    outer loop
      vertex -12.2655 -7.35167 0
      vertex -1.88309 -6.25122 0
      vertex -1.91388 -6.34443 0
    endloop
  endfacet
  facet normal -0 0 -1
    outer loop
      vertex -1.60641 5.7336 0
      vertex -13.8714 3.47462 0
      vertex -1.66294 5.81386 0
    endloop
  endfacet
  facet normal 0 0 -1
    outer loop
      vertex -11.89 -7.94465 0
      vertex -1.91388 -6.34443 0
      vertex -1.94006 -6.43904 0
    endloop
  endfacet
  facet normal 0 -0 -1
    outer loop
      vertex -13.6842 4.15107 0
      vertex -1.66294 5.81386 0
      vertex -13.8714 3.47462 0
    endloop
  endfacet
  facet normal 0 0 -1
    outer loop
      vertex -11.4859 -8.5185 0
      vertex -1.94006 -6.43904 0
      vertex -1.96157 -6.53482 0
    endloop
  endfacet
  facet normal -0 0 -1
    outer loop
      vertex -1.66294 5.81386 0
      vertex -13.6842 4.15107 0
      vertex -1.71546 5.8968 0
    endloop
  endfacet
  facet normal 0 0 -1
    outer loop
      vertex -11.054 -9.07182 0
      vertex -1.96157 -6.53482 0
      vertex -1.97835 -6.63154 0
    endloop
  endfacet
  facet normal 0 -0 -1
    outer loop
      vertex -13.4641 4.81752 0
      vertex -1.71546 5.8968 0
      vertex -13.6842 4.15107 0
    endloop
  endfacet
  facet normal 0 0 -1
    outer loop
      vertex -11.054 -9.07182 0
      vertex -1.97835 -6.63154 0
      vertex -1.99037 -6.72897 0
    endloop
  endfacet
  facet normal -0 0 -1
    outer loop
      vertex -1.71546 5.8968 0
      vertex -13.4641 4.81752 0
      vertex -1.76384 5.98221 0
    endloop
  endfacet
  facet normal 0 0 -1
    outer loop
      vertex -10.5956 -9.60329 0
      vertex -1.99037 -6.72897 0
      vertex -1.99759 -6.82687 0
    endloop
  endfacet
  facet normal 0 -0 -1
    outer loop
      vertex -13.2115 5.47237 0
      vertex -1.76384 5.98221 0
      vertex -13.4641 4.81752 0
    endloop
  endfacet
  facet normal 0 0 -1
    outer loop
      vertex -10.1116 -10.1116 0
      vertex -1.99759 -6.82687 0
      vertex -2 -6.925 0
    endloop
  endfacet
  facet normal -0 0 -1
    outer loop
      vertex -1.76384 5.98221 0
      vertex -13.2115 5.47237 0
      vertex -1.80798 6.06989 0
    endloop
  endfacet
  facet normal 0 0 -1
    outer loop
      vertex 3.26297 6.01797 0
      vertex 1.99759 7.02314 0
      vertex 3.26297 8.14729 0
    endloop
  endfacet
  facet normal 0 0 -1
    outer loop
      vertex 1.99037 7.12103 0
      vertex 3.26297 8.14729 0
      vertex 1.99759 7.02314 0
    endloop
  endfacet
  facet normal 0 0 -1
    outer loop
      vertex 1.97835 7.21846 0
      vertex 3.26297 8.14729 0
      vertex 1.99037 7.12103 0
    endloop
  endfacet
  facet normal 0 0 -1
    outer loop
      vertex 1.96157 7.31518 0
      vertex 3.26297 8.14729 0
      vertex 1.97835 7.21846 0
    endloop
  endfacet
  facet normal 0 0 -1
    outer loop
      vertex 1.94006 7.41096 0
      vertex 3.26297 8.14729 0
      vertex 1.96157 7.31518 0
    endloop
  endfacet
  facet normal 0 0 -1
    outer loop
      vertex 1.91388 7.50557 0
      vertex 3.26297 8.14729 0
      vertex 1.94006 7.41096 0
    endloop
  endfacet
  facet normal 0 0 -1
    outer loop
      vertex 1.88309 7.59878 0
      vertex 3.26297 8.14729 0
      vertex 1.91388 7.50557 0
    endloop
  endfacet
  facet normal 0 0 -1
    outer loop
      vertex 1.84776 7.69037 0
      vertex 3.26297 8.14729 0
      vertex 1.88309 7.59878 0
    endloop
  endfacet
  facet normal 0 0 -1
    outer loop
      vertex 1.80798 7.78011 0
      vertex 3.26297 8.14729 0
      vertex 1.84776 7.69037 0
    endloop
  endfacet
  facet normal 0 0 -1
    outer loop
      vertex 1.76384 7.86779 0
      vertex 3.26297 8.14729 0
      vertex 1.80798 7.78011 0
    endloop
  endfacet
  facet normal 0 0 -1
    outer loop
      vertex 1.71546 7.95321 0
      vertex 3.26297 8.14729 0
      vertex 1.76384 7.86779 0
    endloop
  endfacet
  facet normal 0 0 -1
    outer loop
      vertex 1.66294 8.03614 0
      vertex 3.26297 8.14729 0
      vertex 1.71546 7.95321 0
    endloop
  endfacet
  facet normal 0 0 -1
    outer loop
      vertex 1.60641 8.1164 0
      vertex 3.26297 8.14729 0
      vertex 1.66294 8.03614 0
    endloop
  endfacet
  facet normal 0 0 -1
    outer loop
      vertex 1.54602 8.19379 0
      vertex 3.26297 8.14729 0
      vertex 1.60641 8.1164 0
    endloop
  endfacet
  facet normal 0 0 -1
    outer loop
      vertex 1.4819 8.26812 0
      vertex 3.26297 8.14729 0
      vertex 1.54602 8.19379 0
    endloop
  endfacet
  facet normal 0 0 -1
    outer loop
      vertex 1.41421 8.33921 0
      vertex 3.26297 8.14729 0
      vertex 1.4819 8.26812 0
    endloop
  endfacet
  facet normal 0 0 -1
    outer loop
      vertex 1.34312 8.4069 0
      vertex 3.26297 8.14729 0
      vertex 1.41421 8.33921 0
    endloop
  endfacet
  facet normal 0 0 -1
    outer loop
      vertex 1.26879 8.47102 0
      vertex 3.26297 8.14729 0
      vertex 1.34312 8.4069 0
    endloop
  endfacet
  facet normal 0 0 -1
    outer loop
      vertex 1.1914 8.53141 0
      vertex 3.26297 8.14729 0
      vertex 1.26879 8.47102 0
    endloop
  endfacet
  facet normal 0 0 -1
    outer loop
      vertex 1.11114 8.58794 0
      vertex 3.26297 8.14729 0
      vertex 1.1914 8.53141 0
    endloop
  endfacet
  facet normal 0 0 -1
    outer loop
      vertex 3.26297 8.14729 0
      vertex 1.11114 8.58794 0
      vertex 2.09825 14.1452 0
    endloop
  endfacet
  facet normal 0 0 -1
    outer loop
      vertex 1.0282 8.64046 0
      vertex 2.09825 14.1452 0
      vertex 1.11114 8.58794 0
    endloop
  endfacet
  facet normal 0 0 -1
    outer loop
      vertex 0.942793 8.68884 0
      vertex 2.09825 14.1452 0
      vertex 1.0282 8.64046 0
    endloop
  endfacet
  facet normal 0 0 -1
    outer loop
      vertex 0.85511 8.73298 0
      vertex 2.09825 14.1452 0
      vertex 0.942793 8.68884 0
    endloop
  endfacet
  facet normal 0 0 -1
    outer loop
      vertex 0.765367 8.77276 0
      vertex 2.09825 14.1452 0
      vertex 0.85511 8.73298 0
    endloop
  endfacet
  facet normal 0 0 -1
    outer loop
      vertex 0.673779 8.80809 0
      vertex 2.09825 14.1452 0
      vertex 0.765367 8.77276 0
    endloop
  endfacet
  facet normal 0 0 -1
    outer loop
      vertex 0.580569 8.83888 0
      vertex 2.09825 14.1452 0
      vertex 0.673779 8.80809 0
    endloop
  endfacet
  facet normal -0 0 -1
    outer loop
      vertex 2.09825 14.1452 0
      vertex 0.580569 8.83888 0
      vertex 1.40164 14.2311 0
    endloop
  endfacet
  facet normal 0 0 -1
    outer loop
      vertex 0.48596 8.86506 0
      vertex 1.40164 14.2311 0
      vertex 0.580569 8.83888 0
    endloop
  endfacet
  facet normal 0 0 -1
    outer loop
      vertex 0.390181 8.88657 0
      vertex 1.40164 14.2311 0
      vertex 0.48596 8.86506 0
    endloop
  endfacet
  facet normal -0 0 -1
    outer loop
      vertex 1.40164 14.2311 0
      vertex 0.390181 8.88657 0
      vertex 0.701667 14.2828 0
    endloop
  endfacet
  facet normal 0 0 -1
    outer loop
      vertex 0.293461 8.90335 0
      vertex 0.701667 14.2828 0
      vertex 0.390181 8.88657 0
    endloop
  endfacet
  facet normal 0 0 -1
    outer loop
      vertex 0.196033 8.91537 0
      vertex 0.701667 14.2828 0
      vertex 0.293461 8.90335 0
    endloop
  endfacet
  facet normal 0 0 -1
    outer loop
      vertex 0.098135 8.92259 0
      vertex 0.701667 14.2828 0
      vertex 0.196033 8.91537 0
    endloop
  endfacet
  facet normal 0 0 -1
    outer loop
      vertex 0 14.3 0
      vertex 0.098135 8.92259 0
      vertex 0 8.925 0
    endloop
  endfacet
  facet normal 0 0 -1
    outer loop
      vertex 0.098135 8.92259 0
      vertex 0 14.3 0
      vertex 0.701667 14.2828 0
    endloop
  endfacet
  facet normal 0 0 -1
    outer loop
      vertex -0.098135 8.92259 0
      vertex 0 14.3 0
      vertex 0 8.925 0
    endloop
  endfacet
  facet normal 0 0 -1
    outer loop
      vertex -0.701667 14.2828 0
      vertex -0.098135 8.92259 0
      vertex -0.196033 8.91537 0
    endloop
  endfacet
  facet normal 0 0 -1
    outer loop
      vertex -0.701667 14.2828 0
      vertex -0.196033 8.91537 0
      vertex -0.293461 8.90335 0
    endloop
  endfacet
  facet normal 0 0 -1
    outer loop
      vertex -0.701667 14.2828 0
      vertex -0.293461 8.90335 0
      vertex -0.390181 8.88657 0
    endloop
  endfacet
  facet normal 0 0 -1
    outer loop
      vertex -1.40164 14.2311 0
      vertex -0.390181 8.88657 0
      vertex -0.48596 8.86506 0
    endloop
  endfacet
  facet normal 0 0 -1
    outer loop
      vertex -1.40164 14.2311 0
      vertex -0.48596 8.86506 0
      vertex -0.580569 8.83888 0
    endloop
  endfacet
  facet normal 0 0 -1
    outer loop
      vertex -2.09825 14.1452 0
      vertex -0.580569 8.83888 0
      vertex -0.673779 8.80809 0
    endloop
  endfacet
  facet normal 0 0 -1
    outer loop
      vertex -0.098135 8.92259 0
      vertex -0.701667 14.2828 0
      vertex 0 14.3 0
    endloop
  endfacet
  facet normal 0 0 -1
    outer loop
      vertex -2.09825 14.1452 0
      vertex -0.673779 8.80809 0
      vertex -0.765367 8.77276 0
    endloop
  endfacet
  facet normal 0 0 -1
    outer loop
      vertex -2.09825 14.1452 0
      vertex -0.765367 8.77276 0
      vertex -0.85511 8.73298 0
    endloop
  endfacet
  facet normal 0 0 -1
    outer loop
      vertex -2.78979 14.0252 0
      vertex -0.85511 8.73298 0
      vertex -0.942793 8.68884 0
    endloop
  endfacet
  facet normal 0 0 -1
    outer loop
      vertex -2.78979 14.0252 0
      vertex -0.942793 8.68884 0
      vertex -1.0282 8.64046 0
    endloop
  endfacet
  facet normal 0 0 -1
    outer loop
      vertex -3.47462 13.8714 0
      vertex -1.0282 8.64046 0
      vertex -1.11114 8.58794 0
    endloop
  endfacet
  facet normal 0 0 -1
    outer loop
      vertex -3.47462 13.8714 0
      vertex -1.11114 8.58794 0
      vertex -1.1914 8.53141 0
    endloop
  endfacet
  facet normal 0 0 -1
    outer loop
      vertex -4.15107 13.6842 0
      vertex -1.1914 8.53141 0
      vertex -1.26879 8.47102 0
    endloop
  endfacet
  facet normal 0 0 -1
    outer loop
      vertex -4.15107 13.6842 0
      vertex -1.26879 8.47102 0
      vertex -1.34312 8.4069 0
    endloop
  endfacet
  facet normal 0 0 -1
    outer loop
      vertex -0.390181 8.88657 0
      vertex -1.40164 14.2311 0
      vertex -0.701667 14.2828 0
    endloop
  endfacet
  facet normal 0 0 -1
    outer loop
      vertex -4.15107 13.6842 0
      vertex -1.34312 8.4069 0
      vertex -1.41421 8.33921 0
    endloop
  endfacet
  facet normal 0 0 -1
    outer loop
      vertex -4.81752 13.4641 0
      vertex -1.41421 8.33921 0
      vertex -1.4819 8.26812 0
    endloop
  endfacet
  facet normal 0 0 -1
    outer loop
      vertex -4.81752 13.4641 0
      vertex -1.4819 8.26812 0
      vertex -1.54602 8.19379 0
    endloop
  endfacet
  facet normal 0 0 -1
    outer loop
      vertex -5.47237 13.2115 0
      vertex -1.54602 8.19379 0
      vertex -1.60641 8.1164 0
    endloop
  endfacet
  facet normal 0 0 -1
    outer loop
      vertex -5.47237 13.2115 0
      vertex -1.60641 8.1164 0
      vertex -1.66294 8.03614 0
    endloop
  endfacet
  facet normal 0 0 -1
    outer loop
      vertex -6.11404 12.927 0
      vertex -1.66294 8.03614 0
      vertex -1.71546 7.95321 0
    endloop
  endfacet
  facet normal 0 0 -1
    outer loop
      vertex -6.11404 12.927 0
      vertex -1.71546 7.95321 0
      vertex -1.76384 7.86779 0
    endloop
  endfacet
  facet normal 0 0 -1
    outer loop
      vertex -6.74097 12.6115 0
      vertex -1.76384 7.86779 0
      vertex -1.80798 7.78011 0
    endloop
  endfacet
  facet normal 0 0 -1
    outer loop
      vertex -6.74097 12.6115 0
      vertex -1.80798 7.78011 0
      vertex -1.84776 7.69037 0
    endloop
  endfacet
  facet normal 0 0 -1
    outer loop
      vertex -7.35167 12.2655 0
      vertex -1.84776 7.69037 0
      vertex -1.88309 7.59878 0
    endloop
  endfacet
  facet normal 0 0 -1
    outer loop
      vertex -7.35167 12.2655 0
      vertex -1.88309 7.59878 0
      vertex -1.91388 7.50557 0
    endloop
  endfacet
  facet normal 0 0 -1
    outer loop
      vertex -7.94465 11.89 0
      vertex -1.91388 7.50557 0
      vertex -1.94006 7.41096 0
    endloop
  endfacet
  facet normal 0 0 -1
    outer loop
      vertex -8.5185 11.4859 0
      vertex -1.94006 7.41096 0
      vertex -1.96157 7.31518 0
    endloop
  endfacet
  facet normal 0 0 -1
    outer loop
      vertex -8.5185 11.4859 0
      vertex -1.96157 7.31518 0
      vertex -1.97835 7.21846 0
    endloop
  endfacet
  facet normal 0 0 -1
    outer loop
      vertex -9.07182 11.054 0
      vertex -1.97835 7.21846 0
      vertex -1.99037 7.12103 0
    endloop
  endfacet
  facet normal 0 0 -1
    outer loop
      vertex -0.580569 8.83888 0
      vertex -2.09825 14.1452 0
      vertex -1.40164 14.2311 0
    endloop
  endfacet
  facet normal 0 0 -1
    outer loop
      vertex -9.60329 10.5956 0
      vertex -1.99037 7.12103 0
      vertex -1.99759 7.02314 0
    endloop
  endfacet
  facet normal 0 0 -1
    outer loop
      vertex -9.60329 10.5956 0
      vertex -1.99759 7.02314 0
      vertex -2 6.925 0
    endloop
  endfacet
  facet normal -0 0 -1
    outer loop
      vertex -1.88309 -7.59878 0
      vertex -7.35167 -12.2655 0
      vertex -1.91388 -7.50557 0
    endloop
  endfacet
  facet normal 0 0 -1
    outer loop
      vertex -7.94465 -11.89 0
      vertex -1.91388 -7.50557 0
      vertex -7.35167 -12.2655 0
    endloop
  endfacet
  facet normal 0 0 -1
    outer loop
      vertex -0.85511 8.73298 0
      vertex -2.78979 14.0252 0
      vertex -2.09825 14.1452 0
    endloop
  endfacet
  facet normal -0 0 -1
    outer loop
      vertex -1.91388 -7.50557 0
      vertex -7.94465 -11.89 0
      vertex -1.94006 -7.41096 0
    endloop
  endfacet
  facet normal 0 0 -1
    outer loop
      vertex -1.0282 8.64046 0
      vertex -3.47462 13.8714 0
      vertex -2.78979 14.0252 0
    endloop
  endfacet
  facet normal 0 0 -1
    outer loop
      vertex -8.5185 -11.4859 0
      vertex -1.94006 -7.41096 0
      vertex -7.94465 -11.89 0
    endloop
  endfacet
  facet normal 0 0 -1
    outer loop
      vertex -1.1914 8.53141 0
      vertex -4.15107 13.6842 0
      vertex -3.47462 13.8714 0
    endloop
  endfacet
  facet normal -0 0 -1
    outer loop
      vertex -1.94006 -7.41096 0
      vertex -8.5185 -11.4859 0
      vertex -1.96157 -7.31518 0
    endloop
  endfacet
  facet normal 0 0 -1
    outer loop
      vertex -1.41421 8.33921 0
      vertex -4.81752 13.4641 0
      vertex -4.15107 13.6842 0
    endloop
  endfacet
  facet normal -0 0 -1
    outer loop
      vertex -1.96157 -7.31518 0
      vertex -8.5185 -11.4859 0
      vertex -1.97835 -7.21846 0
    endloop
  endfacet
  facet normal 0 0 -1
    outer loop
      vertex -1.54602 8.19379 0
      vertex -5.47237 13.2115 0
      vertex -4.81752 13.4641 0
    endloop
  endfacet
  facet normal 0 0 -1
    outer loop
      vertex -9.07182 -11.054 0
      vertex -1.97835 -7.21846 0
      vertex -8.5185 -11.4859 0
    endloop
  endfacet
  facet normal 0 0 -1
    outer loop
      vertex -1.66294 8.03614 0
      vertex -6.11404 12.927 0
      vertex -5.47237 13.2115 0
    endloop
  endfacet
  facet normal -0 0 -1
    outer loop
      vertex -1.97835 -7.21846 0
      vertex -9.07182 -11.054 0
      vertex -1.99037 -7.12103 0
    endloop
  endfacet
  facet normal 0 0 -1
    outer loop
      vertex -1.76384 7.86779 0
      vertex -6.74097 12.6115 0
      vertex -6.11404 12.927 0
    endloop
  endfacet
  facet normal 0 0 -1
    outer loop
      vertex -9.60329 -10.5956 0
      vertex -1.99037 -7.12103 0
      vertex -9.07182 -11.054 0
    endloop
  endfacet
  facet normal 0 0 -1
    outer loop
      vertex -1.84776 7.69037 0
      vertex -7.35167 12.2655 0
      vertex -6.74097 12.6115 0
    endloop
  endfacet
  facet normal -0 0 -1
    outer loop
      vertex -1.99037 -7.12103 0
      vertex -9.60329 -10.5956 0
      vertex -1.99759 -7.02314 0
    endloop
  endfacet
  facet normal 0 0 -1
    outer loop
      vertex -1.91388 7.50557 0
      vertex -7.94465 11.89 0
      vertex -7.35167 12.2655 0
    endloop
  endfacet
  facet normal -0 0 -1
    outer loop
      vertex -1.99759 -7.02314 0
      vertex -9.60329 -10.5956 0
      vertex -2 -6.925 0
    endloop
  endfacet
  facet normal 0 0 -1
    outer loop
      vertex -1.94006 7.41096 0
      vertex -8.5185 11.4859 0
      vertex -7.94465 11.89 0
    endloop
  endfacet
  facet normal 0 0 -1
    outer loop
      vertex -10.1116 -10.1116 0
      vertex -2 -6.925 0
      vertex -9.60329 -10.5956 0
    endloop
  endfacet
  facet normal 0 0 -1
    outer loop
      vertex -1.97835 7.21846 0
      vertex -9.07182 11.054 0
      vertex -8.5185 11.4859 0
    endloop
  endfacet
  facet normal 0 0 -1
    outer loop
      vertex -1.99759 -6.82687 0
      vertex -10.1116 -10.1116 0
      vertex -10.5956 -9.60329 0
    endloop
  endfacet
  facet normal 0 0 -1
    outer loop
      vertex -1.99037 7.12103 0
      vertex -9.60329 10.5956 0
      vertex -9.07182 11.054 0
    endloop
  endfacet
  facet normal 0 0 -1
    outer loop
      vertex -1.99037 -6.72897 0
      vertex -10.5956 -9.60329 0
      vertex -11.054 -9.07182 0
    endloop
  endfacet
  facet normal 0 0 -1
    outer loop
      vertex -2 6.925 0
      vertex -10.1116 10.1116 0
      vertex -9.60329 10.5956 0
    endloop
  endfacet
  facet normal 0 0 -1
    outer loop
      vertex -1.96157 -6.53482 0
      vertex -11.054 -9.07182 0
      vertex -11.4859 -8.5185 0
    endloop
  endfacet
  facet normal 0 0 -1
    outer loop
      vertex -1.99759 6.82687 0
      vertex -10.1116 10.1116 0
      vertex -2 6.925 0
    endloop
  endfacet
  facet normal 0 0 -1
    outer loop
      vertex -1.94006 -6.43904 0
      vertex -11.4859 -8.5185 0
      vertex -11.89 -7.94465 0
    endloop
  endfacet
  facet normal 0 -0 -1
    outer loop
      vertex -10.1116 10.1116 0
      vertex -1.99759 6.82687 0
      vertex -10.5956 9.60329 0
    endloop
  endfacet
  facet normal 0 0 -1
    outer loop
      vertex -1.91388 -6.34443 0
      vertex -11.89 -7.94465 0
      vertex -12.2655 -7.35167 0
    endloop
  endfacet
  facet normal 0 0 -1
    outer loop
      vertex -1.99037 6.72897 0
      vertex -10.5956 9.60329 0
      vertex -1.99759 6.82687 0
    endloop
  endfacet
  facet normal 0 0 -1
    outer loop
      vertex -1.88309 -6.25122 0
      vertex -12.2655 -7.35167 0
      vertex -12.6115 -6.74097 0
    endloop
  endfacet
  facet normal 0 -0 -1
    outer loop
      vertex -10.5956 9.60329 0
      vertex -1.99037 6.72897 0
      vertex -11.054 9.07182 0
    endloop
  endfacet
  facet normal -0 0 -1
    outer loop
      vertex -1.84776 -6.15963 0
      vertex -12.6115 -6.74097 0
      vertex -12.927 -6.11404 0
    endloop
  endfacet
  facet normal 0 0 -1
    outer loop
      vertex -1.97835 6.63154 0
      vertex -11.054 9.07182 0
      vertex -1.99037 6.72897 0
    endloop
  endfacet
  facet normal -0 0 -1
    outer loop
      vertex -1.80798 -6.06989 0
      vertex -12.927 -6.11404 0
      vertex -13.2115 -5.47237 0
    endloop
  endfacet
  facet normal 0 0 -1
    outer loop
      vertex -1.96157 6.53482 0
      vertex -11.054 9.07182 0
      vertex -1.97835 6.63154 0
    endloop
  endfacet
  facet normal 0 0 -1
    outer loop
      vertex -1.76384 -5.98221 0
      vertex -13.2115 -5.47237 0
      vertex -13.4641 -4.81752 0
    endloop
  endfacet
  facet normal 0 -0 -1
    outer loop
      vertex -11.054 9.07182 0
      vertex -1.96157 6.53482 0
      vertex -11.4859 8.5185 0
    endloop
  endfacet
  facet normal 0 0 -1
    outer loop
      vertex -1.71546 -5.8968 0
      vertex -13.4641 -4.81752 0
      vertex -13.6842 -4.15107 0
    endloop
  endfacet
  facet normal 0 0 -1
    outer loop
      vertex -1.94006 6.43904 0
      vertex -11.4859 8.5185 0
      vertex -1.96157 6.53482 0
    endloop
  endfacet
  facet normal 0 0 -1
    outer loop
      vertex -1.66294 -5.81386 0
      vertex -13.6842 -4.15107 0
      vertex -13.8714 -3.47462 0
    endloop
  endfacet
  facet normal 0 -0 -1
    outer loop
      vertex -11.4859 8.5185 0
      vertex -1.94006 6.43904 0
      vertex -11.89 7.94465 0
    endloop
  endfacet
  facet normal 0 0 -1
    outer loop
      vertex -1.60641 -5.7336 0
      vertex -13.8714 -3.47462 0
      vertex -14.0252 -2.78979 0
    endloop
  endfacet
  facet normal 0 0 -1
    outer loop
      vertex -1.91388 6.34443 0
      vertex -11.89 7.94465 0
      vertex -1.94006 6.43904 0
    endloop
  endfacet
  facet normal 0 0 -1
    outer loop
      vertex -1.54602 -5.65621 0
      vertex -14.0252 -2.78979 0
      vertex -14.1452 -2.09825 0
    endloop
  endfacet
  facet normal 0 -0 -1
    outer loop
      vertex -11.89 7.94465 0
      vertex -1.91388 6.34443 0
      vertex -12.2655 7.35167 0
    endloop
  endfacet
  facet normal 0 0 -1
    outer loop
      vertex -1.54602 -5.65621 0
      vertex -14.1452 -2.09825 0
      vertex -14.2311 -1.40164 0
    endloop
  endfacet
  facet normal 0 0 -1
    outer loop
      vertex -1.88309 6.25122 0
      vertex -12.2655 7.35167 0
      vertex -1.91388 6.34443 0
    endloop
  endfacet
  facet normal 0 0 -1
    outer loop
      vertex -1.4819 -5.58188 0
      vertex -14.2311 -1.40164 0
      vertex -14.2828 -0.701667 0
    endloop
  endfacet
  facet normal 0 -0 -1
    outer loop
      vertex -12.2655 7.35167 0
      vertex -1.88309 6.25122 0
      vertex -12.6115 6.74097 0
    endloop
  endfacet
  facet normal 0 0 -1
    outer loop
      vertex -1.41421 -5.51079 0
      vertex -14.2828 -0.701667 0
      vertex -14.3 0 0
    endloop
  endfacet
  facet normal 0 0 -1
    outer loop
      vertex -1.84776 6.15963 0
      vertex -12.6115 6.74097 0
      vertex -1.88309 6.25122 0
    endloop
  endfacet
  facet normal 0 -0 -1
    outer loop
      vertex -12.927 6.11404 0
      vertex -1.80798 6.06989 0
      vertex -13.2115 5.47237 0
    endloop
  endfacet
  facet normal 0 -0 -1
    outer loop
      vertex -12.6115 6.74097 0
      vertex -1.84776 6.15963 0
      vertex -12.927 6.11404 0
    endloop
  endfacet
  facet normal 0 0 -1
    outer loop
      vertex -1.80798 6.06989 0
      vertex -12.927 6.11404 0
      vertex -1.84776 6.15963 0
    endloop
  endfacet
  facet normal 0 0 -1
    outer loop
      vertex 3.9326 -7.84999 0
      vertex 3.91974 -7.82194 0
      vertex 3.92639 -7.83599 0
    endloop
  endfacet
  facet normal 0 0 -1
    outer loop
      vertex 3.9326 -7.84999 0
      vertex 3.91264 -7.80781 0
      vertex 3.91974 -7.82194 0
    endloop
  endfacet
  facet normal 0 0 -1
    outer loop
      vertex 3.9326 -7.84999 0
      vertex 3.90511 -7.79362 0
      vertex 3.91264 -7.80781 0
    endloop
  endfacet
  facet normal 0 0 -1
    outer loop
      vertex 3.9326 -7.84999 0
      vertex 3.89711 -7.77937 0
      vertex 3.90511 -7.79362 0
    endloop
  endfacet
  facet normal 0 0 -1
    outer loop
      vertex 3.9326 -7.84999 0
      vertex 3.88869 -7.76506 0
      vertex 3.89711 -7.77937 0
    endloop
  endfacet
  facet normal 0 0 -1
    outer loop
      vertex 3.9326 -7.84999 0
      vertex 3.87981 -7.75068 0
      vertex 3.88869 -7.76506 0
    endloop
  endfacet
  facet normal 0 0 -1
    outer loop
      vertex 2.68657 -7.84999 0
      vertex 3.87981 -7.75068 0
      vertex 3.9326 -7.84999 0
    endloop
  endfacet
  facet normal -0 0 -1
    outer loop
      vertex 3.87981 -7.75068 0
      vertex 2.68657 -7.84999 0
      vertex 3.87047 -7.73623 0
    endloop
  endfacet
  facet normal -0 0 -1
    outer loop
      vertex 3.87047 -7.73623 0
      vertex 2.68657 -7.84999 0
      vertex 3.8607 -7.72172 0
    endloop
  endfacet
  facet normal -0 0 -1
    outer loop
      vertex 3.8607 -7.72172 0
      vertex 2.68657 -7.84999 0
      vertex 3.85048 -7.70715 0
    endloop
  endfacet
  facet normal -0 0 -1
    outer loop
      vertex 3.85048 -7.70715 0
      vertex 2.68657 -7.84999 0
      vertex 3.83981 -7.6925 0
    endloop
  endfacet
  facet normal -0 0 -1
    outer loop
      vertex 3.83981 -7.6925 0
      vertex 2.68657 -7.84999 0
      vertex 3.8287 -7.67781 0
    endloop
  endfacet
  facet normal -0 0 -1
    outer loop
      vertex 3.8287 -7.67781 0
      vertex 2.68657 -7.84999 0
      vertex 3.81715 -7.66304 0
    endloop
  endfacet
  facet normal -0 0 -1
    outer loop
      vertex 3.81715 -7.66304 0
      vertex 2.68657 -7.84999 0
      vertex 3.80516 -7.6482 0
    endloop
  endfacet
  facet normal -0 0 -1
    outer loop
      vertex 3.80516 -7.6482 0
      vertex 2.68657 -7.84999 0
      vertex 3.79271 -7.63331 0
    endloop
  endfacet
  facet normal -0 0 -1
    outer loop
      vertex 3.79271 -7.63331 0
      vertex 2.68657 -7.84999 0
      vertex 3.77982 -7.61834 0
    endloop
  endfacet
  facet normal -0 0 -1
    outer loop
      vertex 3.77982 -7.61834 0
      vertex 2.68657 -7.84999 0
      vertex 3.76648 -7.60331 0
    endloop
  endfacet
  facet normal -0 0 -1
    outer loop
      vertex 3.76648 -7.60331 0
      vertex 2.68657 -7.84999 0
      vertex 3.75264 -7.58815 0
    endloop
  endfacet
  facet normal -0 0 -1
    outer loop
      vertex 3.75264 -7.58815 0
      vertex 2.68657 -7.84999 0
      vertex 3.73825 -7.57277 0
    endloop
  endfacet
  facet normal -0 0 -1
    outer loop
      vertex 3.73825 -7.57277 0
      vertex 2.68657 -7.84999 0
      vertex 3.72331 -7.55717 0
    endloop
  endfacet
  facet normal -0 0 -1
    outer loop
      vertex 3.72331 -7.55717 0
      vertex 2.68657 -7.84999 0
      vertex 3.70781 -7.54135 0
    endloop
  endfacet
  facet normal -0 0 -1
    outer loop
      vertex 3.70781 -7.54135 0
      vertex 2.68657 -7.84999 0
      vertex 3.69177 -7.52531 0
    endloop
  endfacet
  facet normal -0 0 -1
    outer loop
      vertex 3.69177 -7.52531 0
      vertex 2.68657 -7.84999 0
      vertex 3.67517 -7.50906 0
    endloop
  endfacet
  facet normal -0 0 -1
    outer loop
      vertex 3.67517 -7.50906 0
      vertex 2.68657 -7.84999 0
      vertex 3.65804 -7.4926 0
    endloop
  endfacet
  facet normal -0 0 -1
    outer loop
      vertex 3.65804 -7.4926 0
      vertex 2.68657 -7.84999 0
      vertex 3.64034 -7.4759 0
    endloop
  endfacet
  facet normal -0 0 -1
    outer loop
      vertex 3.64034 -7.4759 0
      vertex 2.68657 -7.84999 0
      vertex 3.62209 -7.459 0
    endloop
  endfacet
  facet normal -0 0 -1
    outer loop
      vertex 3.62209 -7.459 0
      vertex 2.68657 -7.84999 0
      vertex 3.60329 -7.44188 0
    endloop
  endfacet
  facet normal -0 0 -1
    outer loop
      vertex 3.60329 -7.44188 0
      vertex 2.68657 -7.84999 0
      vertex 3.58392 -7.42454 0
    endloop
  endfacet
  facet normal -0 0 -1
    outer loop
      vertex 3.58392 -7.42454 0
      vertex 2.68657 -7.84999 0
      vertex 3.56403 -7.40699 0
    endloop
  endfacet
  facet normal -0 0 -1
    outer loop
      vertex 3.56403 -7.40699 0
      vertex 2.68657 -7.84999 0
      vertex 3.54356 -7.38922 0
    endloop
  endfacet
  facet normal -0 0 -1
    outer loop
      vertex 3.54356 -7.38922 0
      vertex 2.68657 -7.84999 0
      vertex 3.52255 -7.37123 0
    endloop
  endfacet
  facet normal -0 0 -1
    outer loop
      vertex 3.52255 -7.37123 0
      vertex 2.68657 -7.84999 0
      vertex 3.50099 -7.35302 0
    endloop
  endfacet
  facet normal -0 0 -1
    outer loop
      vertex 3.50099 -7.35302 0
      vertex 2.68657 -7.84999 0
      vertex 3.4789 -7.33461 0
    endloop
  endfacet
  facet normal -0 0 -1
    outer loop
      vertex 3.4789 -7.33461 0
      vertex 2.68657 -7.84999 0
      vertex 3.45624 -7.31596 0
    endloop
  endfacet
  facet normal -0 0 -1
    outer loop
      vertex 3.45624 -7.31596 0
      vertex 2.68657 -7.84999 0
      vertex 3.41534 -7.28259 0
    endloop
  endfacet
  facet normal -0 0 -1
    outer loop
      vertex 3.41534 -7.28259 0
      vertex 2.68657 -7.84999 0
      vertex 3.37604 -7.25024 0
    endloop
  endfacet
  facet normal -0 0 -1
    outer loop
      vertex 3.37604 -7.25024 0
      vertex 2.68657 -7.84999 0
      vertex 3.33832 -7.21894 0
    endloop
  endfacet
  facet normal -0 0 -1
    outer loop
      vertex 3.33832 -7.21894 0
      vertex 2.68657 -7.84999 0
      vertex 3.30217 -7.1887 0
    endloop
  endfacet
  facet normal -0 0 -1
    outer loop
      vertex 3.30217 -7.1887 0
      vertex 2.68657 -7.84999 0
      vertex 3.26761 -7.15948 0
    endloop
  endfacet
  facet normal -0 0 -1
    outer loop
      vertex 3.26761 -7.15948 0
      vertex 2.68657 -7.84999 0
      vertex 3.23463 -7.13133 0
    endloop
  endfacet
  facet normal -0 0 -1
    outer loop
      vertex 3.23463 -7.13133 0
      vertex 2.68657 -7.84999 0
      vertex 3.20325 -7.10421 0
    endloop
  endfacet
  facet normal -0 0 -1
    outer loop
      vertex 3.20325 -7.10421 0
      vertex 2.68657 -7.84999 0
      vertex 3.17345 -7.07814 0
    endloop
  endfacet
  facet normal -0 0 -1
    outer loop
      vertex 3.17345 -7.07814 0
      vertex 2.68657 -7.84999 0
      vertex 3.14522 -7.0531 0
    endloop
  endfacet
  facet normal -0 0 -1
    outer loop
      vertex 3.14522 -7.0531 0
      vertex 2.68657 -7.84999 0
      vertex 3.11858 -7.02911 0
    endloop
  endfacet
  facet normal -0 0 -1
    outer loop
      vertex 3.11858 -7.02911 0
      vertex 2.68657 -7.84999 0
      vertex 3.09352 -7.00618 0
    endloop
  endfacet
  facet normal -0 0 -1
    outer loop
      vertex 3.09352 -7.00618 0
      vertex 2.68657 -7.84999 0
      vertex 3.07005 -6.98428 0
    endloop
  endfacet
  facet normal -0 0 -1
    outer loop
      vertex 3.07005 -6.98428 0
      vertex 2.68657 -7.84999 0
      vertex 3.04817 -6.96342 0
    endloop
  endfacet
  facet normal -0 0 -1
    outer loop
      vertex 2.73178 -6.43739 0
      vertex 1.96157 -6.53482 0
      vertex 2.72937 -6.42111 0
    endloop
  endfacet
  facet normal -0 0 -1
    outer loop
      vertex 2.73465 -6.45367 0
      vertex 1.96157 -6.53482 0
      vertex 2.73178 -6.43739 0
    endloop
  endfacet
  facet normal 0 0 -1
    outer loop
      vertex 1.96157 -6.53482 0
      vertex 2.73465 -6.45367 0
      vertex 1.97835 -6.63154 0
    endloop
  endfacet
  facet normal -0 0 -1
    outer loop
      vertex 2.73795 -6.46994 0
      vertex 1.97835 -6.63154 0
      vertex 2.73465 -6.45367 0
    endloop
  endfacet
  facet normal -0 0 -1
    outer loop
      vertex 2.74168 -6.48619 0
      vertex 1.97835 -6.63154 0
      vertex 2.73795 -6.46994 0
    endloop
  endfacet
  facet normal -0 0 -1
    outer loop
      vertex 2.74586 -6.50244 0
      vertex 1.97835 -6.63154 0
      vertex 2.74168 -6.48619 0
    endloop
  endfacet
  facet normal -0 0 -1
    outer loop
      vertex 2.75049 -6.51866 0
      vertex 1.97835 -6.63154 0
      vertex 2.74586 -6.50244 0
    endloop
  endfacet
  facet normal 0 0 -1
    outer loop
      vertex 1.97835 -6.63154 0
      vertex 2.75049 -6.51866 0
      vertex 1.99037 -6.72897 0
    endloop
  endfacet
  facet normal -0 0 -1
    outer loop
      vertex 2.75554 -6.53488 0
      vertex 1.99037 -6.72897 0
      vertex 2.75049 -6.51866 0
    endloop
  endfacet
  facet normal -0 0 -1
    outer loop
      vertex 2.76105 -6.5511 0
      vertex 1.99037 -6.72897 0
      vertex 2.75554 -6.53488 0
    endloop
  endfacet
  facet normal -0 0 -1
    outer loop
      vertex 2.76698 -6.56729 0
      vertex 1.99037 -6.72897 0
      vertex 2.76105 -6.5511 0
    endloop
  endfacet
  facet normal -0 0 -1
    outer loop
      vertex 2.77336 -6.58348 0
      vertex 1.99037 -6.72897 0
      vertex 2.76698 -6.56729 0
    endloop
  endfacet
  facet normal 0 0 -1
    outer loop
      vertex 1.99037 -6.72897 0
      vertex 2.77336 -6.58348 0
      vertex 1.99759 -6.82687 0
    endloop
  endfacet
  facet normal -0 0 -1
    outer loop
      vertex 2.78018 -6.59965 0
      vertex 1.99759 -6.82687 0
      vertex 2.77336 -6.58348 0
    endloop
  endfacet
  facet normal -0 0 -1
    outer loop
      vertex 2.78745 -6.61581 0
      vertex 1.99759 -6.82687 0
      vertex 2.78018 -6.59965 0
    endloop
  endfacet
  facet normal -0 0 -1
    outer loop
      vertex 2.79514 -6.63197 0
      vertex 1.99759 -6.82687 0
      vertex 2.78745 -6.61581 0
    endloop
  endfacet
  facet normal -0 0 -1
    outer loop
      vertex 2.80325 -6.64811 0
      vertex 1.99759 -6.82687 0
      vertex 2.79514 -6.63197 0
    endloop
  endfacet
  facet normal -0 0 -1
    outer loop
      vertex 2.8118 -6.66427 0
      vertex 1.99759 -6.82687 0
      vertex 2.80325 -6.64811 0
    endloop
  endfacet
  facet normal 0 0 -1
    outer loop
      vertex 1.99759 -6.82687 0
      vertex 2.8118 -6.66427 0
      vertex 2 -6.925 0
    endloop
  endfacet
  facet normal -0 0 -1
    outer loop
      vertex 2.82079 -6.68043 0
      vertex 2 -6.925 0
      vertex 2.8118 -6.66427 0
    endloop
  endfacet
  facet normal -0 0 -1
    outer loop
      vertex 2.83018 -6.69659 0
      vertex 2 -6.925 0
      vertex 2.82079 -6.68043 0
    endloop
  endfacet
  facet normal -0 0 -1
    outer loop
      vertex 2.84003 -6.71275 0
      vertex 2 -6.925 0
      vertex 2.83018 -6.69659 0
    endloop
  endfacet
  facet normal -0 0 -1
    outer loop
      vertex 2.85028 -6.72889 0
      vertex 2 -6.925 0
      vertex 2.84003 -6.71275 0
    endloop
  endfacet
  facet normal -0 0 -1
    outer loop
      vertex 2.86098 -6.74505 0
      vertex 2 -6.925 0
      vertex 2.85028 -6.72889 0
    endloop
  endfacet
  facet normal -0 0 -1
    outer loop
      vertex 2.8721 -6.76121 0
      vertex 2 -6.925 0
      vertex 2.86098 -6.74505 0
    endloop
  endfacet
  facet normal -0 0 -1
    outer loop
      vertex 2.88365 -6.77737 0
      vertex 2 -6.925 0
      vertex 2.8721 -6.76121 0
    endloop
  endfacet
  facet normal -0 0 -1
    outer loop
      vertex 2.89561 -6.79351 0
      vertex 2 -6.925 0
      vertex 2.88365 -6.77737 0
    endloop
  endfacet
  facet normal -0 0 -1
    outer loop
      vertex 2.90802 -6.80967 0
      vertex 2 -6.925 0
      vertex 2.89561 -6.79351 0
    endloop
  endfacet
  facet normal -0 0 -1
    outer loop
      vertex 2.92085 -6.82583 0
      vertex 2 -6.925 0
      vertex 2.90802 -6.80967 0
    endloop
  endfacet
  facet normal -0 0 -1
    outer loop
      vertex 2.93411 -6.84199 0
      vertex 2 -6.925 0
      vertex 2.92085 -6.82583 0
    endloop
  endfacet
  facet normal -0 0 -1
    outer loop
      vertex 2.9478 -6.85815 0
      vertex 2 -6.925 0
      vertex 2.93411 -6.84199 0
    endloop
  endfacet
  facet normal 0 0 -1
    outer loop
      vertex 2 -6.925 0
      vertex 2.9478 -6.85815 0
      vertex 2.68657 -7.84999 0
    endloop
  endfacet
  facet normal -0 0 -1
    outer loop
      vertex 2.96191 -6.87429 0
      vertex 2.68657 -7.84999 0
      vertex 2.9478 -6.85815 0
    endloop
  endfacet
  facet normal -0 0 -1
    outer loop
      vertex 2.97647 -6.89045 0
      vertex 2.68657 -7.84999 0
      vertex 2.96191 -6.87429 0
    endloop
  endfacet
  facet normal -0 0 -1
    outer loop
      vertex 2.99202 -6.90713 0
      vertex 2.68657 -7.84999 0
      vertex 2.97647 -6.89045 0
    endloop
  endfacet
  facet normal -0 0 -1
    outer loop
      vertex 3.00916 -6.92486 0
      vertex 2.68657 -7.84999 0
      vertex 2.99202 -6.90713 0
    endloop
  endfacet
  facet normal -0 0 -1
    outer loop
      vertex 3.02786 -6.94361 0
      vertex 2.68657 -7.84999 0
      vertex 3.00916 -6.92486 0
    endloop
  endfacet
  facet normal -0 0 -1
    outer loop
      vertex 3.04817 -6.96342 0
      vertex 2.68657 -7.84999 0
      vertex 3.02786 -6.94361 0
    endloop
  endfacet
  facet normal 0 0 -1
    outer loop
      vertex 2 6.925 0
      vertex 3.26297 6.01797 0
      vertex 2.68149 6.01797 0
    endloop
  endfacet
  facet normal 0 0 -1
    outer loop
      vertex 1.99759 7.02314 0
      vertex 3.26297 6.01797 0
      vertex 2 6.925 0
    endloop
  endfacet
  facet normal -0 0 -1
    outer loop
      vertex 2.75677 -6.10548 0
      vertex 1.84776 -6.15963 0
      vertex 2.76686 -6.07602 0
    endloop
  endfacet
  facet normal 0 0 -1
    outer loop
      vertex 2 6.925 0
      vertex 2.68149 6.01797 0
      vertex 2.68149 5.7586 0
    endloop
  endfacet
  facet normal 0 0 -1
    outer loop
      vertex 3.26297 8.14729 0
      vertex 2.09825 14.1452 0
      vertex 2.78979 14.0252 0
    endloop
  endfacet
  facet normal 0 0 -1
    outer loop
      vertex 2.09825 -14.1452 0
      vertex 1.99759 -7.02314 0
      vertex 2 -6.925 0
    endloop
  endfacet
  facet normal 0 0 -1
    outer loop
      vertex 2.09825 -14.1452 0
      vertex 1.99037 -7.12103 0
      vertex 1.99759 -7.02314 0
    endloop
  endfacet
  facet normal 0 0 -1
    outer loop
      vertex 2.09825 -14.1452 0
      vertex 1.97835 -7.21846 0
      vertex 1.99037 -7.12103 0
    endloop
  endfacet
  facet normal 0 0 -1
    outer loop
      vertex 2.09825 -14.1452 0
      vertex 1.96157 -7.31518 0
      vertex 1.97835 -7.21846 0
    endloop
  endfacet
  facet normal 0 0 -1
    outer loop
      vertex 2.09825 -14.1452 0
      vertex 1.94006 -7.41096 0
      vertex 1.96157 -7.31518 0
    endloop
  endfacet
  facet normal 0 0 -1
    outer loop
      vertex 2.09825 -14.1452 0
      vertex 1.91388 -7.50557 0
      vertex 1.94006 -7.41096 0
    endloop
  endfacet
  facet normal 0 0 -1
    outer loop
      vertex 2.09825 -14.1452 0
      vertex 1.88309 -7.59878 0
      vertex 1.91388 -7.50557 0
    endloop
  endfacet
  facet normal 0 0 -1
    outer loop
      vertex 2.09825 -14.1452 0
      vertex 1.84776 -7.69037 0
      vertex 1.88309 -7.59878 0
    endloop
  endfacet
  facet normal 0 0 -1
    outer loop
      vertex 2.09825 -14.1452 0
      vertex 1.80798 -7.78011 0
      vertex 1.84776 -7.69037 0
    endloop
  endfacet
  facet normal 0 0 -1
    outer loop
      vertex 2.09825 -14.1452 0
      vertex 1.76384 -7.86779 0
      vertex 1.80798 -7.78011 0
    endloop
  endfacet
  facet normal 0 0 -1
    outer loop
      vertex 2.09825 -14.1452 0
      vertex 1.71546 -7.95321 0
      vertex 1.76384 -7.86779 0
    endloop
  endfacet
  facet normal 0 0 -1
    outer loop
      vertex 2.09825 -14.1452 0
      vertex 1.66294 -8.03614 0
      vertex 1.71546 -7.95321 0
    endloop
  endfacet
  facet normal 0 0 -1
    outer loop
      vertex 2.09825 -14.1452 0
      vertex 1.60641 -8.1164 0
      vertex 1.66294 -8.03614 0
    endloop
  endfacet
  facet normal 0 0 -1
    outer loop
      vertex 2.09825 -14.1452 0
      vertex 1.54602 -8.19379 0
      vertex 1.60641 -8.1164 0
    endloop
  endfacet
  facet normal 0 0 -1
    outer loop
      vertex 2.09825 -14.1452 0
      vertex 1.4819 -8.26812 0
      vertex 1.54602 -8.19379 0
    endloop
  endfacet
  facet normal 0 0 -1
    outer loop
      vertex 2.09825 -14.1452 0
      vertex 1.41421 -8.33921 0
      vertex 1.4819 -8.26812 0
    endloop
  endfacet
  facet normal 0 0 -1
    outer loop
      vertex 0.580569 -8.83888 0
      vertex 2.09825 -14.1452 0
      vertex 1.40164 -14.2311 0
    endloop
  endfacet
  facet normal 0 0 -1
    outer loop
      vertex 2.09825 -14.1452 0
      vertex 1.34312 -8.4069 0
      vertex 1.41421 -8.33921 0
    endloop
  endfacet
  facet normal 0 0 -1
    outer loop
      vertex 2.09825 -14.1452 0
      vertex 1.26879 -8.47102 0
      vertex 1.34312 -8.4069 0
    endloop
  endfacet
  facet normal 0 0 -1
    outer loop
      vertex 2.09825 -14.1452 0
      vertex 1.1914 -8.53141 0
      vertex 1.26879 -8.47102 0
    endloop
  endfacet
  facet normal 0 0 -1
    outer loop
      vertex 2.09825 -14.1452 0
      vertex 1.11114 -8.58794 0
      vertex 1.1914 -8.53141 0
    endloop
  endfacet
  facet normal 0 0 -1
    outer loop
      vertex 2.09825 -14.1452 0
      vertex 1.0282 -8.64046 0
      vertex 1.11114 -8.58794 0
    endloop
  endfacet
  facet normal 0 0 -1
    outer loop
      vertex 2.09825 -14.1452 0
      vertex 0.942793 -8.68884 0
      vertex 1.0282 -8.64046 0
    endloop
  endfacet
  facet normal 0 0 -1
    outer loop
      vertex 2.09825 -14.1452 0
      vertex 0.85511 -8.73298 0
      vertex 0.942793 -8.68884 0
    endloop
  endfacet
  facet normal 0 0 -1
    outer loop
      vertex 2.09825 -14.1452 0
      vertex 0.765367 -8.77276 0
      vertex 0.85511 -8.73298 0
    endloop
  endfacet
  facet normal 0 0 -1
    outer loop
      vertex 0.390181 -8.88657 0
      vertex 1.40164 -14.2311 0
      vertex 0.701667 -14.2828 0
    endloop
  endfacet
  facet normal 0 0 -1
    outer loop
      vertex 2.09825 -14.1452 0
      vertex 0.673779 -8.80809 0
      vertex 0.765367 -8.77276 0
    endloop
  endfacet
  facet normal 0 0 -1
    outer loop
      vertex 2.09825 -14.1452 0
      vertex 0.580569 -8.83888 0
      vertex 0.673779 -8.80809 0
    endloop
  endfacet
  facet normal 0 0 -1
    outer loop
      vertex 1.40164 -14.2311 0
      vertex 0.48596 -8.86506 0
      vertex 0.580569 -8.83888 0
    endloop
  endfacet
  facet normal 0 0 -1
    outer loop
      vertex 1.40164 -14.2311 0
      vertex 0.390181 -8.88657 0
      vertex 0.48596 -8.86506 0
    endloop
  endfacet
  facet normal 0 0 -1
    outer loop
      vertex 0.701667 -14.2828 0
      vertex 0.293461 -8.90335 0
      vertex 0.390181 -8.88657 0
    endloop
  endfacet
  facet normal 0 0 -1
    outer loop
      vertex 0.701667 -14.2828 0
      vertex 0.196033 -8.91537 0
      vertex 0.293461 -8.90335 0
    endloop
  endfacet
  facet normal 0 0 -1
    outer loop
      vertex 0.701667 -14.2828 0
      vertex 0.098135 -8.92259 0
      vertex 0.196033 -8.91537 0
    endloop
  endfacet
  facet normal 0 0 -1
    outer loop
      vertex 0 -14.3 0
      vertex 0.098135 -8.92259 0
      vertex 0.701667 -14.2828 0
    endloop
  endfacet
  facet normal 0 0 -1
    outer loop
      vertex 0 -14.3 0
      vertex 0 -8.925 0
      vertex 0.098135 -8.92259 0
    endloop
  endfacet
  facet normal 0 0 -1
    outer loop
      vertex 0 -14.3 0
      vertex -0.098135 -8.92259 0
      vertex 0 -8.925 0
    endloop
  endfacet
  facet normal 0 0 -1
    outer loop
      vertex -0.701667 -14.2828 0
      vertex -0.098135 -8.92259 0
      vertex 0 -14.3 0
    endloop
  endfacet
  facet normal -0 0 -1
    outer loop
      vertex -0.098135 -8.92259 0
      vertex -0.701667 -14.2828 0
      vertex -0.196033 -8.91537 0
    endloop
  endfacet
  facet normal -0 0 -1
    outer loop
      vertex -0.196033 -8.91537 0
      vertex -0.701667 -14.2828 0
      vertex -0.293461 -8.90335 0
    endloop
  endfacet
  facet normal -0 0 -1
    outer loop
      vertex -0.293461 -8.90335 0
      vertex -0.701667 -14.2828 0
      vertex -0.390181 -8.88657 0
    endloop
  endfacet
  facet normal 0 0 -1
    outer loop
      vertex -1.40164 -14.2311 0
      vertex -0.390181 -8.88657 0
      vertex -0.701667 -14.2828 0
    endloop
  endfacet
  facet normal -0 0 -1
    outer loop
      vertex -0.390181 -8.88657 0
      vertex -1.40164 -14.2311 0
      vertex -0.48596 -8.86506 0
    endloop
  endfacet
  facet normal -0 0 -1
    outer loop
      vertex -0.48596 -8.86506 0
      vertex -1.40164 -14.2311 0
      vertex -0.580569 -8.83888 0
    endloop
  endfacet
  facet normal 0 0 -1
    outer loop
      vertex -2.09825 -14.1452 0
      vertex -0.580569 -8.83888 0
      vertex -1.40164 -14.2311 0
    endloop
  endfacet
  facet normal -0 0 -1
    outer loop
      vertex -0.580569 -8.83888 0
      vertex -2.09825 -14.1452 0
      vertex -0.673779 -8.80809 0
    endloop
  endfacet
  facet normal -0 0 -1
    outer loop
      vertex -0.673779 -8.80809 0
      vertex -2.09825 -14.1452 0
      vertex -0.765367 -8.77276 0
    endloop
  endfacet
  facet normal -0 0 -1
    outer loop
      vertex -0.765367 -8.77276 0
      vertex -2.09825 -14.1452 0
      vertex -0.85511 -8.73298 0
    endloop
  endfacet
  facet normal 0 0 -1
    outer loop
      vertex -2.78979 -14.0252 0
      vertex -0.85511 -8.73298 0
      vertex -2.09825 -14.1452 0
    endloop
  endfacet
  facet normal -0 0 -1
    outer loop
      vertex -0.85511 -8.73298 0
      vertex -2.78979 -14.0252 0
      vertex -0.942793 -8.68884 0
    endloop
  endfacet
  facet normal -0 0 -1
    outer loop
      vertex -0.942793 -8.68884 0
      vertex -2.78979 -14.0252 0
      vertex -1.0282 -8.64046 0
    endloop
  endfacet
  facet normal 0 0 -1
    outer loop
      vertex -3.47462 -13.8714 0
      vertex -1.0282 -8.64046 0
      vertex -2.78979 -14.0252 0
    endloop
  endfacet
  facet normal -0 0 -1
    outer loop
      vertex -1.0282 -8.64046 0
      vertex -3.47462 -13.8714 0
      vertex -1.11114 -8.58794 0
    endloop
  endfacet
  facet normal -0 0 -1
    outer loop
      vertex -1.11114 -8.58794 0
      vertex -3.47462 -13.8714 0
      vertex -1.1914 -8.53141 0
    endloop
  endfacet
  facet normal 0 0 -1
    outer loop
      vertex -4.15107 -13.6842 0
      vertex -1.1914 -8.53141 0
      vertex -3.47462 -13.8714 0
    endloop
  endfacet
  facet normal -0 0 -1
    outer loop
      vertex -1.1914 -8.53141 0
      vertex -4.15107 -13.6842 0
      vertex -1.26879 -8.47102 0
    endloop
  endfacet
  facet normal -0 0 -1
    outer loop
      vertex -1.26879 -8.47102 0
      vertex -4.15107 -13.6842 0
      vertex -1.34312 -8.4069 0
    endloop
  endfacet
  facet normal -0 0 -1
    outer loop
      vertex -1.34312 -8.4069 0
      vertex -4.15107 -13.6842 0
      vertex -1.41421 -8.33921 0
    endloop
  endfacet
  facet normal 0 0 -1
    outer loop
      vertex -4.81752 -13.4641 0
      vertex -1.41421 -8.33921 0
      vertex -4.15107 -13.6842 0
    endloop
  endfacet
  facet normal -0 0 -1
    outer loop
      vertex -1.41421 -8.33921 0
      vertex -4.81752 -13.4641 0
      vertex -1.4819 -8.26812 0
    endloop
  endfacet
  facet normal -0 0 -1
    outer loop
      vertex -1.4819 -8.26812 0
      vertex -4.81752 -13.4641 0
      vertex -1.54602 -8.19379 0
    endloop
  endfacet
  facet normal 0 0 -1
    outer loop
      vertex -5.47237 -13.2115 0
      vertex -1.54602 -8.19379 0
      vertex -4.81752 -13.4641 0
    endloop
  endfacet
  facet normal -0 0 -1
    outer loop
      vertex -1.54602 -8.19379 0
      vertex -5.47237 -13.2115 0
      vertex -1.60641 -8.1164 0
    endloop
  endfacet
  facet normal -0 0 -1
    outer loop
      vertex -1.60641 -8.1164 0
      vertex -5.47237 -13.2115 0
      vertex -1.66294 -8.03614 0
    endloop
  endfacet
  facet normal 0 0 -1
    outer loop
      vertex -6.11404 -12.927 0
      vertex -1.66294 -8.03614 0
      vertex -5.47237 -13.2115 0
    endloop
  endfacet
  facet normal -0 0 -1
    outer loop
      vertex -1.66294 -8.03614 0
      vertex -6.11404 -12.927 0
      vertex -1.71546 -7.95321 0
    endloop
  endfacet
  facet normal -0 0 -1
    outer loop
      vertex -1.71546 -7.95321 0
      vertex -6.11404 -12.927 0
      vertex -1.76384 -7.86779 0
    endloop
  endfacet
  facet normal 0 0 -1
    outer loop
      vertex -6.74097 -12.6115 0
      vertex -1.76384 -7.86779 0
      vertex -6.11404 -12.927 0
    endloop
  endfacet
  facet normal -0 0 -1
    outer loop
      vertex -1.84776 -7.69037 0
      vertex -7.35167 -12.2655 0
      vertex -1.88309 -7.59878 0
    endloop
  endfacet
  facet normal 0 0 -1
    outer loop
      vertex -7.35167 -12.2655 0
      vertex -1.84776 -7.69037 0
      vertex -6.74097 -12.6115 0
    endloop
  endfacet
  facet normal -0 0 -1
    outer loop
      vertex -1.80798 -7.78011 0
      vertex -6.74097 -12.6115 0
      vertex -1.84776 -7.69037 0
    endloop
  endfacet
  facet normal -0 0 -1
    outer loop
      vertex -1.76384 -7.86779 0
      vertex -6.74097 -12.6115 0
      vertex -1.80798 -7.78011 0
    endloop
  endfacet
  facet normal 0 0 -1
    outer loop
      vertex 4.07988 -5.9181 0
      vertex 13.8714 -3.47462 0
      vertex 4.10027 -5.94088 0
    endloop
  endfacet
  facet normal -0 0 -1
    outer loop
      vertex 13.8714 -3.47462 0
      vertex 4.07988 -5.9181 0
      vertex 14.0252 -2.78979 0
    endloop
  endfacet
  facet normal 0 0 -1
    outer loop
      vertex 4.05829 -5.89614 0
      vertex 14.0252 -2.78979 0
      vertex 4.07988 -5.9181 0
    endloop
  endfacet
  facet normal -0 0 -1
    outer loop
      vertex 14.0252 -2.78979 0
      vertex 4.05829 -5.89614 0
      vertex 14.1452 -2.09825 0
    endloop
  endfacet
  facet normal 0 0 -1
    outer loop
      vertex 4.03548 -5.87498 0
      vertex 14.1452 -2.09825 0
      vertex 4.05829 -5.89614 0
    endloop
  endfacet
  facet normal 0 0 -1
    outer loop
      vertex 4.01144 -5.85463 0
      vertex 14.1452 -2.09825 0
      vertex 4.03548 -5.87498 0
    endloop
  endfacet
  facet normal -0 0 -1
    outer loop
      vertex 14.1452 -2.09825 0
      vertex 4.01144 -5.85463 0
      vertex 14.2311 -1.40164 0
    endloop
  endfacet
  facet normal 0 0 -1
    outer loop
      vertex 3.9864 -5.83528 0
      vertex 14.2311 -1.40164 0
      vertex 4.01144 -5.85463 0
    endloop
  endfacet
  facet normal -0 0 -1
    outer loop
      vertex 14.2311 -1.40164 0
      vertex 3.9864 -5.83528 0
      vertex 14.2828 -0.701667 0
    endloop
  endfacet
  facet normal 0 0 -1
    outer loop
      vertex 3.96053 -5.81709 0
      vertex 14.2828 -0.701667 0
      vertex 3.9864 -5.83528 0
    endloop
  endfacet
  facet normal -0 0 -1
    outer loop
      vertex 14.2828 -0.701667 0
      vertex 3.96053 -5.81709 0
      vertex 4.17842 5.7586 0
    endloop
  endfacet
  facet normal 0 0 -1
    outer loop
      vertex 3.93384 -5.80008 0
      vertex 4.17842 5.7586 0
      vertex 3.96053 -5.81709 0
    endloop
  endfacet
  facet normal 0 0 -1
    outer loop
      vertex 3.9063 -5.78424 0
      vertex 4.17842 5.7586 0
      vertex 3.93384 -5.80008 0
    endloop
  endfacet
  facet normal 0 0 -1
    outer loop
      vertex 3.87794 -5.76956 0
      vertex 4.17842 5.7586 0
      vertex 3.9063 -5.78424 0
    endloop
  endfacet
  facet normal 0 0 -1
    outer loop
      vertex 3.84877 -5.75607 0
      vertex 4.17842 5.7586 0
      vertex 3.87794 -5.76956 0
    endloop
  endfacet
  facet normal 0 0 -1
    outer loop
      vertex 3.81876 -5.74376 0
      vertex 4.17842 5.7586 0
      vertex 3.84877 -5.75607 0
    endloop
  endfacet
  facet normal 0 0 -1
    outer loop
      vertex 3.78792 -5.7326 0
      vertex 4.17842 5.7586 0
      vertex 3.81876 -5.74376 0
    endloop
  endfacet
  facet normal 0 0 -1
    outer loop
      vertex 3.75626 -5.72262 0
      vertex 4.17842 5.7586 0
      vertex 3.78792 -5.7326 0
    endloop
  endfacet
  facet normal 0 0 -1
    outer loop
      vertex 3.72377 -5.71383 0
      vertex 4.17842 5.7586 0
      vertex 3.75626 -5.72262 0
    endloop
  endfacet
  facet normal 0 0 -1
    outer loop
      vertex 3.69044 -5.7062 0
      vertex 4.17842 5.7586 0
      vertex 3.72377 -5.71383 0
    endloop
  endfacet
  facet normal 0 0 -1
    outer loop
      vertex 3.65631 -5.69975 0
      vertex 4.17842 5.7586 0
      vertex 3.69044 -5.7062 0
    endloop
  endfacet
  facet normal 0 0 -1
    outer loop
      vertex 3.62134 -5.69447 0
      vertex 4.17842 5.7586 0
      vertex 3.65631 -5.69975 0
    endloop
  endfacet
  facet normal 0 0 -1
    outer loop
      vertex 3.58554 -5.69036 0
      vertex 4.17842 5.7586 0
      vertex 3.62134 -5.69447 0
    endloop
  endfacet
  facet normal 0 0 -1
    outer loop
      vertex 3.5489 -5.68744 0
      vertex 4.17842 5.7586 0
      vertex 3.58554 -5.69036 0
    endloop
  endfacet
  facet normal 0 0 -1
    outer loop
      vertex 3.51146 -5.68567 0
      vertex 4.17842 5.7586 0
      vertex 3.5489 -5.68744 0
    endloop
  endfacet
  facet normal 0 0 -1
    outer loop
      vertex 3.47319 -5.68509 0
      vertex 4.17842 5.7586 0
      vertex 3.51146 -5.68567 0
    endloop
  endfacet
  facet normal 0 0 -1
    outer loop
      vertex 3.43129 -5.68567 0
      vertex 4.17842 5.7586 0
      vertex 3.47319 -5.68509 0
    endloop
  endfacet
  facet normal 0 0 -1
    outer loop
      vertex 2.68149 5.7586 0
      vertex 3.43129 -5.68567 0
      vertex 3.39053 -5.68744 0
    endloop
  endfacet
  facet normal 0 0 -1
    outer loop
      vertex 2.68149 5.7586 0
      vertex 3.39053 -5.68744 0
      vertex 3.35094 -5.69038 0
    endloop
  endfacet
  facet normal 0 0 -1
    outer loop
      vertex 2.68149 5.7586 0
      vertex 3.35094 -5.69038 0
      vertex 3.3125 -5.69452 0
    endloop
  endfacet
  facet normal 0 0 -1
    outer loop
      vertex 2.68149 5.7586 0
      vertex 3.3125 -5.69452 0
      vertex 3.27522 -5.69983 0
    endloop
  endfacet
  facet normal 0 0 -1
    outer loop
      vertex 2.68149 5.7586 0
      vertex 3.27522 -5.69983 0
      vertex 3.23911 -5.70631 0
    endloop
  endfacet
  facet normal 0 0 -1
    outer loop
      vertex 2.68149 5.7586 0
      vertex 3.23911 -5.70631 0
      vertex 3.20413 -5.71397 0
    endloop
  endfacet
  facet normal 0 0 -1
    outer loop
      vertex 2.68149 5.7586 0
      vertex 3.20413 -5.71397 0
      vertex 3.17032 -5.72281 0
    endloop
  endfacet
  facet normal 0 0 -1
    outer loop
      vertex 2.68149 5.7586 0
      vertex 3.17032 -5.72281 0
      vertex 3.13765 -5.73283 0
    endloop
  endfacet
  facet normal 0 0 -1
    outer loop
      vertex 2.68149 5.7586 0
      vertex 3.13765 -5.73283 0
      vertex 3.10616 -5.74403 0
    endloop
  endfacet
  facet normal 0 0 -1
    outer loop
      vertex 2.68149 5.7586 0
      vertex 3.10616 -5.74403 0
      vertex 3.07581 -5.75642 0
    endloop
  endfacet
  facet normal 0 0 -1
    outer loop
      vertex 2.68149 5.7586 0
      vertex 3.07581 -5.75642 0
      vertex 3.04662 -5.76997 0
    endloop
  endfacet
  facet normal 0 0 -1
    outer loop
      vertex 2.68149 5.7586 0
      vertex 3.04662 -5.76997 0
      vertex 3.01857 -5.78471 0
    endloop
  endfacet
  facet normal 0 0 -1
    outer loop
      vertex 2.68149 5.7586 0
      vertex 3.01857 -5.78471 0
      vertex 2.9917 -5.80062 0
    endloop
  endfacet
  facet normal 0 0 -1
    outer loop
      vertex 2.68149 5.7586 0
      vertex 2.9917 -5.80062 0
      vertex 2.96597 -5.81773 0
    endloop
  endfacet
  facet normal 0 0 -1
    outer loop
      vertex 2.68149 5.7586 0
      vertex 2.96597 -5.81773 0
      vertex 2.94141 -5.83599 0
    endloop
  endfacet
  facet normal 0 0 -1
    outer loop
      vertex 2.68149 5.7586 0
      vertex 2.94141 -5.83599 0
      vertex 2.91798 -5.85545 0
    endloop
  endfacet
  facet normal 0 0 -1
    outer loop
      vertex 2.68149 5.7586 0
      vertex 2.91798 -5.85545 0
      vertex 2.89583 -5.876 0
    endloop
  endfacet
  facet normal 0 0 -1
    outer loop
      vertex 2.68149 5.7586 0
      vertex 2.89583 -5.876 0
      vertex 2.875 -5.89753 0
    endloop
  endfacet
  facet normal 0 0 -1
    outer loop
      vertex 1.80798 -6.06989 0
      vertex 2.76686 -6.07602 0
      vertex 1.84776 -6.15963 0
    endloop
  endfacet
  facet normal -0 0 -1
    outer loop
      vertex 2.74805 -6.13594 0
      vertex 1.84776 -6.15963 0
      vertex 2.75677 -6.10548 0
    endloop
  endfacet
  facet normal -0 0 -1
    outer loop
      vertex 2.74066 -6.16737 0
      vertex 1.88309 -6.25122 0
      vertex 2.74805 -6.13594 0
    endloop
  endfacet
  facet normal -0 0 -1
    outer loop
      vertex 2.73462 -6.19981 0
      vertex 1.88309 -6.25122 0
      vertex 2.74066 -6.16737 0
    endloop
  endfacet
  facet normal -0 0 -1
    outer loop
      vertex 2.7299 -6.23324 0
      vertex 1.88309 -6.25122 0
      vertex 2.73462 -6.19981 0
    endloop
  endfacet
  facet normal 0 0 -1
    outer loop
      vertex 1.88309 -6.25122 0
      vertex 2.7299 -6.23324 0
      vertex 1.91388 -6.34443 0
    endloop
  endfacet
  facet normal -0 0 -1
    outer loop
      vertex 2.72655 -6.26767 0
      vertex 1.91388 -6.34443 0
      vertex 2.7299 -6.23324 0
    endloop
  endfacet
  facet normal -0 0 -1
    outer loop
      vertex 2.72453 -6.30308 0
      vertex 1.91388 -6.34443 0
      vertex 2.72655 -6.26767 0
    endloop
  endfacet
  facet normal 0 0 -1
    outer loop
      vertex 1.91388 -6.34443 0
      vertex 2.72453 -6.30308 0
      vertex 1.94006 -6.43904 0
    endloop
  endfacet
  facet normal -0 0 -1
    outer loop
      vertex 2.72386 -6.33949 0
      vertex 1.94006 -6.43904 0
      vertex 2.72453 -6.30308 0
    endloop
  endfacet
  facet normal -0 0 -1
    outer loop
      vertex 2.72409 -6.35583 0
      vertex 1.94006 -6.43904 0
      vertex 2.72386 -6.33949 0
    endloop
  endfacet
  facet normal -0 0 -1
    outer loop
      vertex 2.72475 -6.37216 0
      vertex 1.94006 -6.43904 0
      vertex 2.72409 -6.35583 0
    endloop
  endfacet
  facet normal -0 0 -1
    outer loop
      vertex 2.72937 -6.42111 0
      vertex 1.96157 -6.53482 0
      vertex 2.72739 -6.4048 0
    endloop
  endfacet
  facet normal 0 0 -1
    outer loop
      vertex 3.43129 -5.68567 0
      vertex 2.68149 5.7586 0
      vertex 4.17842 5.7586 0
    endloop
  endfacet
  facet normal 0 0 -1
    outer loop
      vertex 1.94006 -6.43904 0
      vertex 2.72475 -6.37216 0
      vertex 1.96157 -6.53482 0
    endloop
  endfacet
  facet normal -0 0 -1
    outer loop
      vertex 2.72585 -6.38848 0
      vertex 1.96157 -6.53482 0
      vertex 2.72475 -6.37216 0
    endloop
  endfacet
  facet normal 0 0 -1
    outer loop
      vertex 2.68657 -8.10937 0
      vertex 2 -6.925 0
      vertex 2.68657 -7.84999 0
    endloop
  endfacet
  facet normal 0 0 -1
    outer loop
      vertex 4.24741 -7.84803 0
      vertex 4.25473 -6.31065 0
      vertex 4.25797 -7.87089 0
    endloop
  endfacet
  facet normal 0 0 -1
    outer loop
      vertex 4.23657 -7.82551 0
      vertex 4.25473 -6.31065 0
      vertex 4.24741 -7.84803 0
    endloop
  endfacet
  facet normal 0 0 -1
    outer loop
      vertex 4.22548 -7.80331 0
      vertex 4.25473 -6.31065 0
      vertex 4.23657 -7.82551 0
    endloop
  endfacet
  facet normal 0 0 -1
    outer loop
      vertex 4.21413 -7.78143 0
      vertex 4.25473 -6.31065 0
      vertex 4.22548 -7.80331 0
    endloop
  endfacet
  facet normal 0 0 -1
    outer loop
      vertex 4.2025 -7.75987 0
      vertex 4.25473 -6.31065 0
      vertex 4.21413 -7.78143 0
    endloop
  endfacet
  facet normal 0 0 -1
    outer loop
      vertex 4.19061 -7.73863 0
      vertex 4.25473 -6.31065 0
      vertex 4.2025 -7.75987 0
    endloop
  endfacet
  facet normal 0 0 -1
    outer loop
      vertex 4.17847 -7.71771 0
      vertex 4.25473 -6.31065 0
      vertex 4.19061 -7.73863 0
    endloop
  endfacet
  facet normal 0 0 -1
    outer loop
      vertex 4.16605 -7.69712 0
      vertex 4.25473 -6.31065 0
      vertex 4.17847 -7.71771 0
    endloop
  endfacet
  facet normal 0 0 -1
    outer loop
      vertex 4.15337 -7.67685 0
      vertex 4.25473 -6.31065 0
      vertex 4.16605 -7.69712 0
    endloop
  endfacet
  facet normal 0 0 -1
    outer loop
      vertex 4.14043 -7.6569 0
      vertex 4.25473 -6.31065 0
      vertex 4.15337 -7.67685 0
    endloop
  endfacet
  facet normal 0 0 -1
    outer loop
      vertex 4.12721 -7.63728 0
      vertex 4.25473 -6.31065 0
      vertex 4.14043 -7.6569 0
    endloop
  endfacet
  facet normal 0 0 -1
    outer loop
      vertex 4.11375 -7.61798 0
      vertex 4.25473 -6.31065 0
      vertex 4.12721 -7.63728 0
    endloop
  endfacet
  facet normal 0 0 -1
    outer loop
      vertex 4.10001 -7.599 0
      vertex 4.25473 -6.31065 0
      vertex 4.11375 -7.61798 0
    endloop
  endfacet
  facet normal 0 0 -1
    outer loop
      vertex 4.08601 -7.58033 0
      vertex 4.25473 -6.31065 0
      vertex 4.10001 -7.599 0
    endloop
  endfacet
  facet normal 0 0 -1
    outer loop
      vertex 4.07175 -7.56201 0
      vertex 4.25473 -6.31065 0
      vertex 4.08601 -7.58033 0
    endloop
  endfacet
  facet normal 0 0 -1
    outer loop
      vertex 4.05722 -7.54399 0
      vertex 4.25473 -6.31065 0
      vertex 4.07175 -7.56201 0
    endloop
  endfacet
  facet normal 0 0 -1
    outer loop
      vertex 4.04253 -7.52624 0
      vertex 4.25473 -6.31065 0
      vertex 4.05722 -7.54399 0
    endloop
  endfacet
  facet normal 0 0 -1
    outer loop
      vertex 4.02773 -7.50868 0
      vertex 4.25473 -6.31065 0
      vertex 4.04253 -7.52624 0
    endloop
  endfacet
  facet normal 0 0 -1
    outer loop
      vertex 4.01285 -7.49133 0
      vertex 4.25473 -6.31065 0
      vertex 4.02773 -7.50868 0
    endloop
  endfacet
  facet normal 0 0 -1
    outer loop
      vertex 3.99788 -7.47418 0
      vertex 4.25473 -6.31065 0
      vertex 4.01285 -7.49133 0
    endloop
  endfacet
  facet normal 0 0 -1
    outer loop
      vertex 3.98282 -7.45723 0
      vertex 4.25473 -6.31065 0
      vertex 3.99788 -7.47418 0
    endloop
  endfacet
  facet normal 0 0 -1
    outer loop
      vertex 3.96768 -7.44047 0
      vertex 4.25473 -6.31065 0
      vertex 3.98282 -7.45723 0
    endloop
  endfacet
  facet normal 0 0 -1
    outer loop
      vertex 3.95244 -7.42392 0
      vertex 4.25473 -6.31065 0
      vertex 3.96768 -7.44047 0
    endloop
  endfacet
  facet normal 0 0 -1
    outer loop
      vertex 3.93712 -7.40756 0
      vertex 4.25473 -6.31065 0
      vertex 3.95244 -7.42392 0
    endloop
  endfacet
  facet normal 0 0 -1
    outer loop
      vertex 3.92172 -7.3914 0
      vertex 4.25473 -6.31065 0
      vertex 3.93712 -7.40756 0
    endloop
  endfacet
  facet normal 0 0 -1
    outer loop
      vertex 3.90622 -7.37544 0
      vertex 4.25473 -6.31065 0
      vertex 3.92172 -7.3914 0
    endloop
  endfacet
  facet normal 0 0 -1
    outer loop
      vertex 3.89064 -7.35969 0
      vertex 4.25473 -6.31065 0
      vertex 3.90622 -7.37544 0
    endloop
  endfacet
  facet normal 0 0 -1
    outer loop
      vertex 3.87497 -7.34413 0
      vertex 4.25473 -6.31065 0
      vertex 3.89064 -7.35969 0
    endloop
  endfacet
  facet normal 0 0 -1
    outer loop
      vertex 3.85921 -7.32878 0
      vertex 4.25473 -6.31065 0
      vertex 3.87497 -7.34413 0
    endloop
  endfacet
  facet normal 0 0 -1
    outer loop
      vertex 3.84337 -7.31361 0
      vertex 4.25473 -6.31065 0
      vertex 3.85921 -7.32878 0
    endloop
  endfacet
  facet normal 0 0 -1
    outer loop
      vertex 3.82742 -7.29866 0
      vertex 4.25473 -6.31065 0
      vertex 3.84337 -7.31361 0
    endloop
  endfacet
  facet normal 0 0 -1
    outer loop
      vertex 3.81142 -7.2839 0
      vertex 4.25473 -6.31065 0
      vertex 3.82742 -7.29866 0
    endloop
  endfacet
  facet normal 0 0 -1
    outer loop
      vertex 3.7953 -7.26934 0
      vertex 4.25473 -6.31065 0
      vertex 3.81142 -7.2839 0
    endloop
  endfacet
  facet normal 0 0 -1
    outer loop
      vertex 3.77916 -7.25494 0
      vertex 4.25473 -6.31065 0
      vertex 3.7953 -7.26934 0
    endloop
  endfacet
  facet normal 0 0 -1
    outer loop
      vertex 4.25473 -6.31065 0
      vertex 3.77916 -7.25494 0
      vertex 3.94278 -6.33949 0
    endloop
  endfacet
  facet normal 0 0 -1
    outer loop
      vertex 3.76303 -7.24066 0
      vertex 3.94278 -6.33949 0
      vertex 3.77916 -7.25494 0
    endloop
  endfacet
  facet normal 0 0 -1
    outer loop
      vertex 3.74692 -7.22651 0
      vertex 3.94278 -6.33949 0
      vertex 3.76303 -7.24066 0
    endloop
  endfacet
  facet normal 0 0 -1
    outer loop
      vertex 3.73082 -7.21247 0
      vertex 3.94278 -6.33949 0
      vertex 3.74692 -7.22651 0
    endloop
  endfacet
  facet normal 0 0 -1
    outer loop
      vertex 3.71474 -7.19857 0
      vertex 3.94278 -6.33949 0
      vertex 3.73082 -7.21247 0
    endloop
  endfacet
  facet normal 0 0 -1
    outer loop
      vertex 3.69868 -7.1848 0
      vertex 3.94278 -6.33949 0
      vertex 3.71474 -7.19857 0
    endloop
  endfacet
  facet normal 0 0 -1
    outer loop
      vertex 3.68265 -7.17114 0
      vertex 3.94278 -6.33949 0
      vertex 3.69868 -7.1848 0
    endloop
  endfacet
  facet normal 0 0 -1
    outer loop
      vertex 3.66661 -7.15759 0
      vertex 3.94278 -6.33949 0
      vertex 3.68265 -7.17114 0
    endloop
  endfacet
  facet normal 0 0 -1
    outer loop
      vertex 3.6506 -7.14418 0
      vertex 3.94278 -6.33949 0
      vertex 3.66661 -7.15759 0
    endloop
  endfacet
  facet normal 0 0 -1
    outer loop
      vertex 3.63463 -7.13089 0
      vertex 3.94278 -6.33949 0
      vertex 3.6506 -7.14418 0
    endloop
  endfacet
  facet normal 0 0 -1
    outer loop
      vertex 3.61865 -7.11772 0
      vertex 3.94278 -6.33949 0
      vertex 3.63463 -7.13089 0
    endloop
  endfacet
  facet normal 0 0 -1
    outer loop
      vertex 3.60271 -7.10469 0
      vertex 3.94278 -6.33949 0
      vertex 3.61865 -7.11772 0
    endloop
  endfacet
  facet normal 0 0 -1
    outer loop
      vertex 3.58676 -7.09176 0
      vertex 3.94278 -6.33949 0
      vertex 3.60271 -7.10469 0
    endloop
  endfacet
  facet normal 0 0 -1
    outer loop
      vertex 3.57085 -7.07896 0
      vertex 3.94278 -6.33949 0
      vertex 3.58676 -7.09176 0
    endloop
  endfacet
  facet normal 0 0 -1
    outer loop
      vertex 3.55495 -7.0663 0
      vertex 3.94278 -6.33949 0
      vertex 3.57085 -7.07896 0
    endloop
  endfacet
  facet normal 0 0 -1
    outer loop
      vertex 3.53906 -7.05374 0
      vertex 3.94278 -6.33949 0
      vertex 3.55495 -7.0663 0
    endloop
  endfacet
  facet normal 0 0 -1
    outer loop
      vertex 3.50743 -7.02896 0
      vertex 3.94278 -6.33949 0
      vertex 3.53906 -7.05374 0
    endloop
  endfacet
  facet normal 0 0 -1
    outer loop
      vertex 3.49187 -7.01658 0
      vertex 3.94278 -6.33949 0
      vertex 3.50743 -7.02896 0
    endloop
  endfacet
  facet normal 0 0 -1
    outer loop
      vertex 3.47647 -7.00422 0
      vertex 3.94278 -6.33949 0
      vertex 3.49187 -7.01658 0
    endloop
  endfacet
  facet normal 0 0 -1
    outer loop
      vertex 3.46124 -6.99186 0
      vertex 3.94278 -6.33949 0
      vertex 3.47647 -7.00422 0
    endloop
  endfacet
  facet normal 0 0 -1
    outer loop
      vertex 3.44621 -6.97949 0
      vertex 3.94278 -6.33949 0
      vertex 3.46124 -6.99186 0
    endloop
  endfacet
  facet normal 0 0 -1
    outer loop
      vertex 3.43135 -6.96713 0
      vertex 3.94278 -6.33949 0
      vertex 3.44621 -6.97949 0
    endloop
  endfacet
  facet normal 0 0 -1
    outer loop
      vertex 3.41667 -6.95477 0
      vertex 3.94278 -6.33949 0
      vertex 3.43135 -6.96713 0
    endloop
  endfacet
  facet normal 0 0 -1
    outer loop
      vertex 3.40219 -6.94239 0
      vertex 3.94278 -6.33949 0
      vertex 3.41667 -6.95477 0
    endloop
  endfacet
  facet normal 0 0 -1
    outer loop
      vertex 3.38788 -6.93003 0
      vertex 3.94278 -6.33949 0
      vertex 3.40219 -6.94239 0
    endloop
  endfacet
  facet normal 0 0 -1
    outer loop
      vertex 3.37375 -6.91769 0
      vertex 3.94278 -6.33949 0
      vertex 3.38788 -6.93003 0
    endloop
  endfacet
  facet normal 0 0 -1
    outer loop
      vertex 3.3598 -6.90532 0
      vertex 3.94278 -6.33949 0
      vertex 3.37375 -6.91769 0
    endloop
  endfacet
  facet normal 0 0 -1
    outer loop
      vertex 3.34604 -6.89296 0
      vertex 3.94278 -6.33949 0
      vertex 3.3598 -6.90532 0
    endloop
  endfacet
  facet normal 0 0 -1
    outer loop
      vertex 3.33246 -6.8806 0
      vertex 3.94278 -6.33949 0
      vertex 3.34604 -6.89296 0
    endloop
  endfacet
  facet normal 0 0 -1
    outer loop
      vertex 3.31905 -6.86822 0
      vertex 3.94278 -6.33949 0
      vertex 3.33246 -6.8806 0
    endloop
  endfacet
  facet normal 0 0 -1
    outer loop
      vertex 3.30583 -6.85586 0
      vertex 3.94278 -6.33949 0
      vertex 3.31905 -6.86822 0
    endloop
  endfacet
  facet normal 0 0 -1
    outer loop
      vertex 3.2928 -6.8435 0
      vertex 3.94278 -6.33949 0
      vertex 3.30583 -6.85586 0
    endloop
  endfacet
  facet normal 0 0 -1
    outer loop
      vertex 3.27994 -6.83113 0
      vertex 3.94278 -6.33949 0
      vertex 3.2928 -6.8435 0
    endloop
  endfacet
  facet normal 0 0 -1
    outer loop
      vertex 3.26732 -6.81872 0
      vertex 3.94278 -6.33949 0
      vertex 3.27994 -6.83113 0
    endloop
  endfacet
  facet normal 0 0 -1
    outer loop
      vertex 3.25499 -6.80626 0
      vertex 3.94278 -6.33949 0
      vertex 3.26732 -6.81872 0
    endloop
  endfacet
  facet normal 0 0 -1
    outer loop
      vertex 3.24294 -6.79371 0
      vertex 3.94278 -6.33949 0
      vertex 3.25499 -6.80626 0
    endloop
  endfacet
  facet normal 0 0 -1
    outer loop
      vertex 3.23119 -6.78109 0
      vertex 3.94278 -6.33949 0
      vertex 3.24294 -6.79371 0
    endloop
  endfacet
  facet normal 0 0 -1
    outer loop
      vertex 3.21971 -6.76841 0
      vertex 3.94278 -6.33949 0
      vertex 3.23119 -6.78109 0
    endloop
  endfacet
  facet normal 0 0 -1
    outer loop
      vertex 3.20853 -6.75566 0
      vertex 3.94278 -6.33949 0
      vertex 3.21971 -6.76841 0
    endloop
  endfacet
  facet normal 0 0 -1
    outer loop
      vertex 3.19763 -6.74284 0
      vertex 3.94278 -6.33949 0
      vertex 3.20853 -6.75566 0
    endloop
  endfacet
  facet normal 0 0 -1
    outer loop
      vertex 3.18701 -6.72995 0
      vertex 3.94278 -6.33949 0
      vertex 3.19763 -6.74284 0
    endloop
  endfacet
  facet normal 0 0 -1
    outer loop
      vertex 3.1767 -6.71698 0
      vertex 3.94278 -6.33949 0
      vertex 3.18701 -6.72995 0
    endloop
  endfacet
  facet normal 0 0 -1
    outer loop
      vertex 3.16666 -6.70395 0
      vertex 3.94278 -6.33949 0
      vertex 3.1767 -6.71698 0
    endloop
  endfacet
  facet normal 0 0 -1
    outer loop
      vertex 3.15692 -6.69084 0
      vertex 3.94278 -6.33949 0
      vertex 3.16666 -6.70395 0
    endloop
  endfacet
  facet normal 0 0 -1
    outer loop
      vertex 3.14746 -6.67767 0
      vertex 3.94278 -6.33949 0
      vertex 3.15692 -6.69084 0
    endloop
  endfacet
  facet normal 0 0 -1
    outer loop
      vertex 3.13828 -6.66441 0
      vertex 3.94278 -6.33949 0
      vertex 3.14746 -6.67767 0
    endloop
  endfacet
  facet normal 0 0 -1
    outer loop
      vertex 3.12939 -6.6511 0
      vertex 3.94278 -6.33949 0
      vertex 3.13828 -6.66441 0
    endloop
  endfacet
  facet normal -0 0 -1
    outer loop
      vertex 3.94278 -6.33949 0
      vertex 3.12939 -6.6511 0
      vertex 3.93982 -6.31724 0
    endloop
  endfacet
  facet normal -0 0 -1
    outer loop
      vertex 3.93982 -6.31724 0
      vertex 3.12939 -6.6511 0
      vertex 3.93614 -6.29559 0
    endloop
  endfacet
  facet normal -0 0 -1
    outer loop
      vertex 3.93614 -6.29559 0
      vertex 3.12939 -6.6511 0
      vertex 3.93175 -6.27453 0
    endloop
  endfacet
  facet normal -0 0 -1
    outer loop
      vertex 3.93175 -6.27453 0
      vertex 3.12939 -6.6511 0
      vertex 3.92664 -6.25407 0
    endloop
  endfacet
  facet normal -0 0 -1
    outer loop
      vertex 3.92664 -6.25407 0
      vertex 3.12939 -6.6511 0
      vertex 3.92079 -6.2342 0
    endloop
  endfacet
  facet normal -0 0 -1
    outer loop
      vertex 3.92079 -6.2342 0
      vertex 3.12939 -6.6511 0
      vertex 3.91425 -6.21492 0
    endloop
  endfacet
  facet normal -0 0 -1
    outer loop
      vertex 3.91425 -6.21492 0
      vertex 3.12939 -6.6511 0
      vertex 3.90695 -6.19624 0
    endloop
  endfacet
  facet normal -0 0 -1
    outer loop
      vertex 3.90695 -6.19624 0
      vertex 3.12939 -6.6511 0
      vertex 3.89896 -6.17814 0
    endloop
  endfacet
  facet normal -0 0 -1
    outer loop
      vertex 3.89896 -6.17814 0
      vertex 3.12939 -6.6511 0
      vertex 3.89023 -6.16064 0
    endloop
  endfacet
  facet normal -0 0 -1
    outer loop
      vertex 3.89023 -6.16064 0
      vertex 3.12939 -6.6511 0
      vertex 3.88078 -6.14373 0
    endloop
  endfacet
  facet normal -0 0 -1
    outer loop
      vertex 3.88078 -6.14373 0
      vertex 3.12939 -6.6511 0
      vertex 3.87062 -6.12741 0
    endloop
  endfacet
  facet normal -0 0 -1
    outer loop
      vertex 3.87062 -6.12741 0
      vertex 3.12939 -6.6511 0
      vertex 3.85973 -6.11169 0
    endloop
  endfacet
  facet normal -0 0 -1
    outer loop
      vertex 3.85973 -6.11169 0
      vertex 3.12939 -6.6511 0
      vertex 3.84811 -6.09655 0
    endloop
  endfacet
  facet normal -0 0 -1
    outer loop
      vertex 3.84811 -6.09655 0
      vertex 3.12939 -6.6511 0
      vertex 3.83578 -6.08201 0
    endloop
  endfacet
  facet normal -0 0 -1
    outer loop
      vertex 3.83578 -6.08201 0
      vertex 3.12939 -6.6511 0
      vertex 3.82272 -6.06807 0
    endloop
  endfacet
  facet normal -0 0 -1
    outer loop
      vertex 3.82272 -6.06807 0
      vertex 3.12939 -6.6511 0
      vertex 3.80894 -6.05471 0
    endloop
  endfacet
  facet normal -0 0 -1
    outer loop
      vertex 3.80894 -6.05471 0
      vertex 3.12939 -6.6511 0
      vertex 3.79445 -6.04196 0
    endloop
  endfacet
  facet normal -0 0 -1
    outer loop
      vertex 3.79445 -6.04196 0
      vertex 3.12939 -6.6511 0
      vertex 3.77936 -6.02986 0
    endloop
  endfacet
  facet normal -0 0 -1
    outer loop
      vertex 3.77936 -6.02986 0
      vertex 3.12939 -6.6511 0
      vertex 3.76378 -6.01849 0
    endloop
  endfacet
  facet normal -0 0 -1
    outer loop
      vertex 3.76378 -6.01849 0
      vertex 3.12939 -6.6511 0
      vertex 3.74774 -6.00785 0
    endloop
  endfacet
  facet normal -0 0 -1
    outer loop
      vertex 3.74774 -6.00785 0
      vertex 3.12939 -6.6511 0
      vertex 3.73122 -5.99795 0
    endloop
  endfacet
  facet normal -0 0 -1
    outer loop
      vertex 3.73122 -5.99795 0
      vertex 3.12939 -6.6511 0
      vertex 3.71422 -5.98878 0
    endloop
  endfacet
  facet normal -0 0 -1
    outer loop
      vertex 3.71422 -5.98878 0
      vertex 3.12939 -6.6511 0
      vertex 3.69675 -5.98036 0
    endloop
  endfacet
  facet normal -0 0 -1
    outer loop
      vertex 3.69675 -5.98036 0
      vertex 3.12939 -6.6511 0
      vertex 3.67879 -5.97265 0
    endloop
  endfacet
  facet normal -0 0 -1
    outer loop
      vertex 3.67879 -5.97265 0
      vertex 3.12939 -6.6511 0
      vertex 3.66037 -5.96568 0
    endloop
  endfacet
  facet normal -0 0 -1
    outer loop
      vertex 3.66037 -5.96568 0
      vertex 3.12939 -6.6511 0
      vertex 3.64148 -5.95945 0
    endloop
  endfacet
  facet normal -0 0 -1
    outer loop
      vertex 3.64148 -5.95945 0
      vertex 3.12939 -6.6511 0
      vertex 3.6221 -5.95395 0
    endloop
  endfacet
  facet normal 0 0 -1
    outer loop
      vertex 3.1208 -6.63772 0
      vertex 3.6221 -5.95395 0
      vertex 3.12939 -6.6511 0
    endloop
  endfacet
  facet normal -0 0 -1
    outer loop
      vertex 3.6221 -5.95395 0
      vertex 3.1208 -6.63772 0
      vertex 3.60225 -5.94918 0
    endloop
  endfacet
  facet normal -0 0 -1
    outer loop
      vertex 3.60225 -5.94918 0
      vertex 3.1208 -6.63772 0
      vertex 3.58192 -5.94516 0
    endloop
  endfacet
  facet normal -0 0 -1
    outer loop
      vertex 3.58192 -5.94516 0
      vertex 3.1208 -6.63772 0
      vertex 3.56113 -5.94184 0
    endloop
  endfacet
  facet normal 0 0 -1
    outer loop
      vertex 3.11249 -6.62426 0
      vertex 3.56113 -5.94184 0
      vertex 3.1208 -6.63772 0
    endloop
  endfacet
  facet normal -0 0 -1
    outer loop
      vertex 3.56113 -5.94184 0
      vertex 3.11249 -6.62426 0
      vertex 3.53986 -5.93928 0
    endloop
  endfacet
  facet normal 0 0 -1
    outer loop
      vertex 3.10446 -6.61073 0
      vertex 3.53986 -5.93928 0
      vertex 3.11249 -6.62426 0
    endloop
  endfacet
  facet normal -0 0 -1
    outer loop
      vertex 3.53986 -5.93928 0
      vertex 3.10446 -6.61073 0
      vertex 3.5181 -5.93745 0
    endloop
  endfacet
  facet normal 0 0 -1
    outer loop
      vertex 3.09682 -6.59706 0
      vertex 3.5181 -5.93745 0
      vertex 3.10446 -6.61073 0
    endloop
  endfacet
  facet normal 0 0 -1
    outer loop
      vertex 3.08963 -6.58319 0
      vertex 3.5181 -5.93745 0
      vertex 3.09682 -6.59706 0
    endloop
  endfacet
  facet normal 0 0 -1
    outer loop
      vertex 3.08292 -6.56909 0
      vertex 3.5181 -5.93745 0
      vertex 3.08963 -6.58319 0
    endloop
  endfacet
  facet normal -0 0 -1
    outer loop
      vertex 3.5181 -5.93745 0
      vertex 3.08292 -6.56909 0
      vertex 3.4959 -5.93635 0
    endloop
  endfacet
  facet normal 0 0 -1
    outer loop
      vertex 3.07666 -6.55479 0
      vertex 3.4959 -5.93635 0
      vertex 3.08292 -6.56909 0
    endloop
  endfacet
  facet normal 0 0 -1
    outer loop
      vertex 3.07086 -6.54028 0
      vertex 3.4959 -5.93635 0
      vertex 3.07666 -6.55479 0
    endloop
  endfacet
  facet normal 0 0 -1
    outer loop
      vertex 3.06554 -6.52555 0
      vertex 3.4959 -5.93635 0
      vertex 3.07086 -6.54028 0
    endloop
  endfacet
  facet normal 0 0 -1
    outer loop
      vertex 3.06067 -6.51062 0
      vertex 3.4959 -5.93635 0
      vertex 3.06554 -6.52555 0
    endloop
  endfacet
  facet normal 0 0 -1
    outer loop
      vertex 3.05626 -6.49546 0
      vertex 3.4959 -5.93635 0
      vertex 3.06067 -6.51062 0
    endloop
  endfacet
  facet normal 0 0 -1
    outer loop
      vertex 3.05232 -6.48011 0
      vertex 3.4959 -5.93635 0
      vertex 3.05626 -6.49546 0
    endloop
  endfacet
  facet normal -0 0 -1
    outer loop
      vertex 3.4959 -5.93635 0
      vertex 3.05232 -6.48011 0
      vertex 3.47319 -5.93599 0
    endloop
  endfacet
  facet normal 0 0 -1
    outer loop
      vertex 3.04884 -6.46453 0
      vertex 3.47319 -5.93599 0
      vertex 3.05232 -6.48011 0
    endloop
  endfacet
  facet normal 0 0 -1
    outer loop
      vertex 3.04584 -6.44876 0
      vertex 3.47319 -5.93599 0
      vertex 3.04884 -6.46453 0
    endloop
  endfacet
  facet normal 0 0 -1
    outer loop
      vertex 3.04329 -6.43277 0
      vertex 3.47319 -5.93599 0
      vertex 3.04584 -6.44876 0
    endloop
  endfacet
  facet normal 0 0 -1
    outer loop
      vertex 3.47319 -5.93599 0
      vertex 3.04329 -6.43277 0
      vertex 3.44937 -5.93635 0
    endloop
  endfacet
  facet normal 0 0 -1
    outer loop
      vertex 3.0412 -6.41658 0
      vertex 3.44937 -5.93635 0
      vertex 3.04329 -6.43277 0
    endloop
  endfacet
  facet normal 0 0 -1
    outer loop
      vertex 3.03958 -6.40016 0
      vertex 3.44937 -5.93635 0
      vertex 3.0412 -6.41658 0
    endloop
  endfacet
  facet normal 0 0 -1
    outer loop
      vertex 3.03842 -6.38354 0
      vertex 3.44937 -5.93635 0
      vertex 3.03958 -6.40016 0
    endloop
  endfacet
  facet normal 0 0 -1
    outer loop
      vertex 3.44937 -5.93635 0
      vertex 3.03842 -6.38354 0
      vertex 3.42616 -5.93748 0
    endloop
  endfacet
  facet normal 0 0 -1
    outer loop
      vertex 3.03772 -6.3667 0
      vertex 3.42616 -5.93748 0
      vertex 3.03842 -6.38354 0
    endloop
  endfacet
  facet normal 0 0 -1
    outer loop
      vertex 3.03749 -6.34965 0
      vertex 3.42616 -5.93748 0
      vertex 3.03772 -6.3667 0
    endloop
  endfacet
  facet normal 0 0 -1
    outer loop
      vertex 3.42616 -5.93748 0
      vertex 3.03749 -6.34965 0
      vertex 3.40359 -5.93936 0
    endloop
  endfacet
  facet normal 0 -0 -1
    outer loop
      vertex 3.03789 -6.32682 0
      vertex 3.40359 -5.93936 0
      vertex 3.03749 -6.34965 0
    endloop
  endfacet
  facet normal 0 0 -1
    outer loop
      vertex 3.40359 -5.93936 0
      vertex 3.03789 -6.32682 0
      vertex 3.38164 -5.94198 0
    endloop
  endfacet
  facet normal 0 0 -1
    outer loop
      vertex 3.38164 -5.94198 0
      vertex 3.03789 -6.32682 0
      vertex 3.36031 -5.94537 0
    endloop
  endfacet
  facet normal 0 -0 -1
    outer loop
      vertex 3.03909 -6.30461 0
      vertex 3.36031 -5.94537 0
      vertex 3.03789 -6.32682 0
    endloop
  endfacet
  facet normal 0 0 -1
    outer loop
      vertex 3.36031 -5.94537 0
      vertex 3.03909 -6.30461 0
      vertex 3.33958 -5.9495 0
    endloop
  endfacet
  facet normal 0 -0 -1
    outer loop
      vertex 3.04108 -6.28299 0
      vertex 3.33958 -5.9495 0
      vertex 3.03909 -6.30461 0
    endloop
  endfacet
  facet normal 0 0 -1
    outer loop
      vertex 3.33958 -5.9495 0
      vertex 3.04108 -6.28299 0
      vertex 3.3195 -5.95437 0
    endloop
  endfacet
  facet normal 0 -0 -1
    outer loop
      vertex 3.04387 -6.26199 0
      vertex 3.3195 -5.95437 0
      vertex 3.04108 -6.28299 0
    endloop
  endfacet
  facet normal 0 0 -1
    outer loop
      vertex 3.3195 -5.95437 0
      vertex 3.04387 -6.26199 0
      vertex 3.30003 -5.96 0
    endloop
  endfacet
  facet normal 0 -0 -1
    outer loop
      vertex 3.04747 -6.24159 0
      vertex 3.30003 -5.96 0
      vertex 3.04387 -6.26199 0
    endloop
  endfacet
  facet normal 0 0 -1
    outer loop
      vertex 3.30003 -5.96 0
      vertex 3.04747 -6.24159 0
      vertex 3.28119 -5.9664 0
    endloop
  endfacet
  facet normal 0 0 -1
    outer loop
      vertex 3.28119 -5.9664 0
      vertex 3.04747 -6.24159 0
      vertex 3.26295 -5.97352 0
    endloop
  endfacet
  facet normal 0 0 -1
    outer loop
      vertex 3.26295 -5.97352 0
      vertex 3.04747 -6.24159 0
      vertex 3.24535 -5.98141 0
    endloop
  endfacet
  facet normal 0 0 -1
    outer loop
      vertex 3.24535 -5.98141 0
      vertex 3.04747 -6.24159 0
      vertex 3.22838 -5.99005 0
    endloop
  endfacet
  facet normal 0 0 -1
    outer loop
      vertex 3.22838 -5.99005 0
      vertex 3.04747 -6.24159 0
      vertex 3.21201 -5.99943 0
    endloop
  endfacet
  facet normal 0 0 -1
    outer loop
      vertex 3.21201 -5.99943 0
      vertex 3.04747 -6.24159 0
      vertex 3.19627 -6.00956 0
    endloop
  endfacet
  facet normal 0 0 -1
    outer loop
      vertex 3.06981 -6.16612 0
      vertex 3.05704 -6.20263 0
      vertex 3.06302 -6.18408 0
    endloop
  endfacet
  facet normal 0 0 -1
    outer loop
      vertex 3.06981 -6.16612 0
      vertex 3.05185 -6.22181 0
      vertex 3.05704 -6.20263 0
    endloop
  endfacet
  facet normal 0 0 -1
    outer loop
      vertex 3.06981 -6.16612 0
      vertex 3.04747 -6.24159 0
      vertex 3.05185 -6.22181 0
    endloop
  endfacet
  facet normal 0 0 -1
    outer loop
      vertex 3.19627 -6.00956 0
      vertex 3.04747 -6.24159 0
      vertex 3.18115 -6.02046 0
    endloop
  endfacet
  facet normal 0 0 -1
    outer loop
      vertex 3.07739 -6.14878 0
      vertex 3.04747 -6.24159 0
      vertex 3.06981 -6.16612 0
    endloop
  endfacet
  facet normal 0 0 -1
    outer loop
      vertex 3.16666 -6.03209 0
      vertex 3.04747 -6.24159 0
      vertex 3.15279 -6.04448 0
    endloop
  endfacet
  facet normal 0 0 -1
    outer loop
      vertex 3.13962 -6.05755 0
      vertex 3.04747 -6.24159 0
      vertex 3.12726 -6.07122 0
    endloop
  endfacet
  facet normal 0 0 -1
    outer loop
      vertex 3.08577 -6.13206 0
      vertex 3.04747 -6.24159 0
      vertex 3.07739 -6.14878 0
    endloop
  endfacet
  facet normal 0 0 -1
    outer loop
      vertex 3.12726 -6.07122 0
      vertex 3.04747 -6.24159 0
      vertex 3.11569 -6.08552 0
    endloop
  endfacet
  facet normal 0 0 -1
    outer loop
      vertex 3.09494 -6.11593 0
      vertex 3.04747 -6.24159 0
      vertex 3.08577 -6.13206 0
    endloop
  endfacet
  facet normal 0 0 -1
    outer loop
      vertex 3.11569 -6.08552 0
      vertex 3.04747 -6.24159 0
      vertex 3.10492 -6.10043 0
    endloop
  endfacet
  facet normal 0 0 -1
    outer loop
      vertex 3.10492 -6.10043 0
      vertex 3.04747 -6.24159 0
      vertex 3.09494 -6.11593 0
    endloop
  endfacet
  facet normal 0 0 -1
    outer loop
      vertex 3.15279 -6.04448 0
      vertex 3.04747 -6.24159 0
      vertex 3.13962 -6.05755 0
    endloop
  endfacet
  facet normal 0 0 -1
    outer loop
      vertex 3.18115 -6.02046 0
      vertex 3.04747 -6.24159 0
      vertex 3.16666 -6.03209 0
    endloop
  endfacet
  facet normal 0 0 -1
    outer loop
      vertex 4.17842 5.7586 0
      vertex 14.3 0 0
      vertex 14.2828 -0.701667 0
    endloop
  endfacet
  facet normal 0 0 -1
    outer loop
      vertex 4.10027 -5.94088 0
      vertex 13.6842 -4.15107 0
      vertex 4.11943 -5.96447 0
    endloop
  endfacet
  facet normal 0 0 -1
    outer loop
      vertex 14.3 0 0
      vertex 4.17842 5.7586 0
      vertex 14.2828 0.701667 0
    endloop
  endfacet
  facet normal 0 0 -1
    outer loop
      vertex 4.11943 -5.96447 0
      vertex 13.6842 -4.15107 0
      vertex 4.13739 -5.98887 0
    endloop
  endfacet
  facet normal 0 0 -1
    outer loop
      vertex 14.2828 0.701667 0
      vertex 4.17842 5.7586 0
      vertex 14.2311 1.40164 0
    endloop
  endfacet
  facet normal -0 0 -1
    outer loop
      vertex 13.4641 -4.81752 0
      vertex 4.13739 -5.98887 0
      vertex 13.6842 -4.15107 0
    endloop
  endfacet
  facet normal 0 0 -1
    outer loop
      vertex 14.2311 1.40164 0
      vertex 4.17842 5.7586 0
      vertex 14.1452 2.09825 0
    endloop
  endfacet
  facet normal 0 0 -1
    outer loop
      vertex 4.13739 -5.98887 0
      vertex 13.4641 -4.81752 0
      vertex 4.15413 -6.01408 0
    endloop
  endfacet
  facet normal 0 0 -1
    outer loop
      vertex 14.1452 2.09825 0
      vertex 4.17842 5.7586 0
      vertex 14.0252 2.78979 0
    endloop
  endfacet
  facet normal -0 0 -1
    outer loop
      vertex 13.2115 -5.47237 0
      vertex 4.15413 -6.01408 0
      vertex 13.4641 -4.81752 0
    endloop
  endfacet
  facet normal 0 0 -1
    outer loop
      vertex 14.0252 2.78979 0
      vertex 4.17842 5.7586 0
      vertex 13.8714 3.47462 0
    endloop
  endfacet
  facet normal 0 0 -1
    outer loop
      vertex 4.15413 -6.01408 0
      vertex 13.2115 -5.47237 0
      vertex 4.16965 -6.0401 0
    endloop
  endfacet
  facet normal 0 0 -1
    outer loop
      vertex 13.8714 3.47462 0
      vertex 4.17842 5.7586 0
      vertex 13.6842 4.15107 0
    endloop
  endfacet
  facet normal 0 0 -1
    outer loop
      vertex 4.16965 -6.0401 0
      vertex 13.2115 -5.47237 0
      vertex 4.18396 -6.06692 0
    endloop
  endfacet
  facet normal -0 0 -1
    outer loop
      vertex 13.6842 -4.15107 0
      vertex 4.10027 -5.94088 0
      vertex 13.8714 -3.47462 0
    endloop
  endfacet
  facet normal 0 0 -1
    outer loop
      vertex 4.18396 -6.06692 0
      vertex 13.2115 -5.47237 0
      vertex 12.927 -6.11404 0
    endloop
  endfacet
  facet normal 0 0 -1
    outer loop
      vertex 13.6842 4.15107 0
      vertex 4.17842 5.7586 0
      vertex 13.4641 4.81752 0
    endloop
  endfacet
  facet normal 0 0 -1
    outer loop
      vertex 4.19705 -6.09455 0
      vertex 12.927 -6.11404 0
      vertex 12.6115 -6.74097 0
    endloop
  endfacet
  facet normal 0 0 -1
    outer loop
      vertex 13.4641 4.81752 0
      vertex 4.17842 5.7586 0
      vertex 13.2115 5.47237 0
    endloop
  endfacet
  facet normal 0 0 -1
    outer loop
      vertex 4.2196 -6.15225 0
      vertex 12.6115 -6.74097 0
      vertex 12.2655 -7.35167 0
    endloop
  endfacet
  facet normal 0 0 -1
    outer loop
      vertex 13.2115 5.47237 0
      vertex 4.17842 5.7586 0
      vertex 12.927 6.11404 0
    endloop
  endfacet
  facet normal 0 0 -1
    outer loop
      vertex 4.24432 -6.24487 0
      vertex 12.2655 -7.35167 0
      vertex 11.89 -7.94465 0
    endloop
  endfacet
  facet normal -0 0 -1
    outer loop
      vertex 12.927 6.11404 0
      vertex 4.17842 5.7586 0
      vertex 12.6115 6.74097 0
    endloop
  endfacet
  facet normal 0 0 -1
    outer loop
      vertex 4.25473 -6.31065 0
      vertex 11.89 -7.94465 0
      vertex 11.4859 -8.5185 0
    endloop
  endfacet
  facet normal -0 0 -1
    outer loop
      vertex 12.6115 6.74097 0
      vertex 4.17842 5.7586 0
      vertex 12.2655 7.35167 0
    endloop
  endfacet
  facet normal 0 0 -1
    outer loop
      vertex 4.25473 -6.31065 0
      vertex 11.4859 -8.5185 0
      vertex 11.054 -9.07182 0
    endloop
  endfacet
  facet normal -0 0 -1
    outer loop
      vertex 12.2655 7.35167 0
      vertex 4.17842 5.7586 0
      vertex 11.89 7.94465 0
    endloop
  endfacet
  facet normal 0 0 -1
    outer loop
      vertex 4.25473 -6.31065 0
      vertex 11.054 -9.07182 0
      vertex 10.5956 -9.60329 0
    endloop
  endfacet
  facet normal -0 0 -1
    outer loop
      vertex 11.89 7.94465 0
      vertex 4.17842 5.7586 0
      vertex 11.4859 8.5185 0
    endloop
  endfacet
  facet normal 0 0 -1
    outer loop
      vertex 4.26828 -7.89407 0
      vertex 10.5956 -9.60329 0
      vertex 10.1116 -10.1116 0
    endloop
  endfacet
  facet normal 0 0 -1
    outer loop
      vertex 4.17842 6.01797 0
      vertex 11.4859 8.5185 0
      vertex 4.17842 5.7586 0
    endloop
  endfacet
  facet normal 0 0 -1
    outer loop
      vertex 4.26828 -7.89407 0
      vertex 10.1116 -10.1116 0
      vertex 9.60329 -10.5956 0
    endloop
  endfacet
  facet normal -0 0 -1
    outer loop
      vertex 11.4859 8.5185 0
      vertex 4.17842 6.01797 0
      vertex 11.054 9.07182 0
    endloop
  endfacet
  facet normal 0 0 -1
    outer loop
      vertex 4.26828 -8.10937 0
      vertex 9.60329 -10.5956 0
      vertex 9.07182 -11.054 0
    endloop
  endfacet
  facet normal -0 0 -1
    outer loop
      vertex 11.054 9.07182 0
      vertex 4.17842 6.01797 0
      vertex 10.5956 9.60329 0
    endloop
  endfacet
  facet normal 0 0 -1
    outer loop
      vertex 4.26828 -8.10937 0
      vertex 9.07182 -11.054 0
      vertex 8.5185 -11.4859 0
    endloop
  endfacet
  facet normal 0 0 -1
    outer loop
      vertex 12.927 -6.11404 0
      vertex 4.19705 -6.09455 0
      vertex 4.18396 -6.06692 0
    endloop
  endfacet
  facet normal 0 0 -1
    outer loop
      vertex 4.26828 -8.10937 0
      vertex 8.5185 -11.4859 0
      vertex 7.94465 -11.89 0
    endloop
  endfacet
  facet normal 0 0 -1
    outer loop
      vertex 12.6115 -6.74097 0
      vertex 4.20894 -6.123 0
      vertex 4.19705 -6.09455 0
    endloop
  endfacet
  facet normal 0 0 -1
    outer loop
      vertex 4.26828 -8.10937 0
      vertex 7.94465 -11.89 0
      vertex 7.35167 -12.2655 0
    endloop
  endfacet
  facet normal 0 0 -1
    outer loop
      vertex 12.2655 -7.35167 0
      vertex 4.22905 -6.18231 0
      vertex 4.2196 -6.15225 0
    endloop
  endfacet
  facet normal 0 0 -1
    outer loop
      vertex 4.26828 -8.10937 0
      vertex 7.35167 -12.2655 0
      vertex 6.74097 -12.6115 0
    endloop
  endfacet
  facet normal 0 0 -1
    outer loop
      vertex 12.2655 -7.35167 0
      vertex 4.23729 -6.21318 0
      vertex 4.22905 -6.18231 0
    endloop
  endfacet
  facet normal 0 0 -1
    outer loop
      vertex 4.26828 -8.10937 0
      vertex 6.74097 -12.6115 0
      vertex 6.11404 -12.927 0
    endloop
  endfacet
  facet normal 0 0 -1
    outer loop
      vertex 11.89 -7.94465 0
      vertex 4.25012 -6.27736 0
      vertex 4.24432 -6.24487 0
    endloop
  endfacet
  facet normal 0 0 -1
    outer loop
      vertex 4.26828 -8.10937 0
      vertex 6.11404 -12.927 0
      vertex 5.47237 -13.2115 0
    endloop
  endfacet
  facet normal 0 0 -1
    outer loop
      vertex 11.89 -7.94465 0
      vertex 4.25473 -6.31065 0
      vertex 4.25012 -6.27736 0
    endloop
  endfacet
  facet normal 0 0 -1
    outer loop
      vertex 4.26828 -8.10937 0
      vertex 5.47237 -13.2115 0
      vertex 4.81752 -13.4641 0
    endloop
  endfacet
  facet normal 0 0 -1
    outer loop
      vertex 12.2655 -7.35167 0
      vertex 4.24432 -6.24487 0
      vertex 4.23729 -6.21318 0
    endloop
  endfacet
  facet normal 0 0 -1
    outer loop
      vertex 9.60329 -10.5956 0
      vertex 4.26828 -8.10937 0
      vertex 4.26828 -7.89407 0
    endloop
  endfacet
  facet normal 0 0 -1
    outer loop
      vertex 4.15107 -13.6842 0
      vertex 4.26828 -8.10937 0
      vertex 4.81752 -13.4641 0
    endloop
  endfacet
  facet normal 0 0 -1
    outer loop
      vertex 2.68657 -8.10937 0
      vertex 4.15107 -13.6842 0
      vertex 3.47462 -13.8714 0
    endloop
  endfacet
  facet normal 0 0 -1
    outer loop
      vertex 2.68657 -8.10937 0
      vertex 3.47462 -13.8714 0
      vertex 2.78979 -14.0252 0
    endloop
  endfacet
  facet normal 0 0 -1
    outer loop
      vertex 4.15107 -13.6842 0
      vertex 2.68657 -8.10937 0
      vertex 4.26828 -8.10937 0
    endloop
  endfacet
  facet normal 0 0 -1
    outer loop
      vertex 2 -6.925 0
      vertex 2.68657 -8.10937 0
      vertex 2.09825 -14.1452 0
    endloop
  endfacet
  facet normal 0 0 -1
    outer loop
      vertex 1.84776 -6.15963 0
      vertex 2.74805 -6.13594 0
      vertex 1.88309 -6.25122 0
    endloop
  endfacet
  facet normal -0 0 -1
    outer loop
      vertex 2.72739 -6.4048 0
      vertex 1.96157 -6.53482 0
      vertex 2.72585 -6.38848 0
    endloop
  endfacet
  facet normal 0 0 -1
    outer loop
      vertex 2.09825 -14.1452 0
      vertex 2.68657 -8.10937 0
      vertex 2.78979 -14.0252 0
    endloop
  endfacet
  facet normal 0 0 -1
    outer loop
      vertex 10.5956 -9.60329 0
      vertex 4.26828 -7.89407 0
      vertex 4.25473 -6.31065 0
    endloop
  endfacet
  facet normal 0 0 -1
    outer loop
      vertex 4.25473 -6.31065 0
      vertex 4.26828 -7.89407 0
      vertex 4.25797 -7.87089 0
    endloop
  endfacet
  facet normal -0 0 -1
    outer loop
      vertex 7.94465 11.89 0
      vertex 4.10893 7.75906 0
      vertex 7.35167 12.2655 0
    endloop
  endfacet
  facet normal -0 0 -1
    outer loop
      vertex 8.5185 11.4859 0
      vertex 4.10893 7.75906 0
      vertex 7.94465 11.89 0
    endloop
  endfacet
  facet normal 0 0 -1
    outer loop
      vertex 12.6115 -6.74097 0
      vertex 4.2196 -6.15225 0
      vertex 4.20894 -6.123 0
    endloop
  endfacet
  facet normal -0 0 -1
    outer loop
      vertex 9.07182 11.054 0
      vertex 4.10893 7.75906 0
      vertex 8.5185 11.4859 0
    endloop
  endfacet
  facet normal -0 0 -1
    outer loop
      vertex 9.60329 10.5956 0
      vertex 4.10893 7.75906 0
      vertex 9.07182 11.054 0
    endloop
  endfacet
  facet normal -0 0 -1
    outer loop
      vertex 10.1116 10.1116 0
      vertex 4.10893 7.75906 0
      vertex 9.60329 10.5956 0
    endloop
  endfacet
  facet normal 0 0 -1
    outer loop
      vertex 4.10893 7.47087 0
      vertex 10.5956 9.60329 0
      vertex 4.17842 6.01797 0
    endloop
  endfacet
  facet normal 0 0 -1
    outer loop
      vertex 4.10893 7.75906 0
      vertex 10.1116 10.1116 0
      vertex 4.10893 7.47087 0
    endloop
  endfacet
  facet normal -0 0 -1
    outer loop
      vertex 10.5956 9.60329 0
      vertex 4.10893 7.47087 0
      vertex 10.1116 10.1116 0
    endloop
  endfacet
  facet normal -0 0 -1
    outer loop
      vertex 7.35167 12.2655 0
      vertex 4.10893 7.75906 0
      vertex 6.74097 12.6115 0
    endloop
  endfacet
  facet normal 0 0 -1
    outer loop
      vertex 3.54437 8.14729 0
      vertex 6.74097 12.6115 0
      vertex 4.10893 7.75906 0
    endloop
  endfacet
  facet normal -0 0 -1
    outer loop
      vertex 6.11404 12.927 0
      vertex 3.54437 8.14729 0
      vertex 5.47237 13.2115 0
    endloop
  endfacet
  facet normal -0 0 -1
    outer loop
      vertex 6.74097 12.6115 0
      vertex 3.54437 8.14729 0
      vertex 6.11404 12.927 0
    endloop
  endfacet
  facet normal 0 0 -1
    outer loop
      vertex 3.56982 6.01797 0
      vertex 4.10893 7.47087 0
      vertex 4.17842 6.01797 0
    endloop
  endfacet
  facet normal -0 0 -1
    outer loop
      vertex 4.10893 7.47087 0
      vertex 3.56982 6.01797 0
      vertex 3.56982 7.85568 0
    endloop
  endfacet
  facet normal -0 0 -1
    outer loop
      vertex 5.47237 13.2115 0
      vertex 3.54437 8.14729 0
      vertex 4.81752 13.4641 0
    endloop
  endfacet
  facet normal -0 0 -1
    outer loop
      vertex 4.81752 13.4641 0
      vertex 3.54437 8.14729 0
      vertex 4.15107 13.6842 0
    endloop
  endfacet
  facet normal 0 0 -1
    outer loop
      vertex 3.26297 8.14729 0
      vertex 4.15107 13.6842 0
      vertex 3.54437 8.14729 0
    endloop
  endfacet
  facet normal -0 0 -1
    outer loop
      vertex 4.15107 13.6842 0
      vertex 3.26297 8.14729 0
      vertex 3.47462 13.8714 0
    endloop
  endfacet
  facet normal -0 0 -1
    outer loop
      vertex 3.47462 13.8714 0
      vertex 3.26297 8.14729 0
      vertex 2.78979 14.0252 0
    endloop
  endfacet
  facet normal -0.701845 -0.086544 -0.707053
    outer loop
      vertex -14.442 -2.14226 0.299999
      vertex -14.8283 -1.46045 0.599999
      vertex -14.2311 -1.40164 0
    endloop
  endfacet
  facet normal -0.0735652 0.99729 0
    outer loop
      vertex -0.731108 14.8821 0.599999
      vertex -1.46045 14.8283 11.7
      vertex -0.731108 14.8821 11.7
    endloop
  endfacet
  facet normal -0.0735652 0.99729 0
    outer loop
      vertex -1.46045 14.8283 11.7
      vertex -0.731108 14.8821 0.599999
      vertex -1.46045 14.8283 0.599999
    endloop
  endfacet
  facet normal -0.435085 -0.557554 -0.70699
    outer loop
      vertex -8.87592 -11.9678 0.599999
      vertex -9.45246 -11.5179 0.599999
      vertex -8.5185 -11.4859 0
    endloop
  endfacet
  facet normal 0.154917 -0.690018 -0.707019
    outer loop
      vertex 2.90685 -14.6137 0.599999
      vertex 2.78979 -14.0252 0
      vertex 3.6204 -14.4535 0.599999
    endloop
  endfacet
  facet normal -0.985285 -0.170921 0
    outer loop
      vertex -14.6137 -2.90685 0.599999
      vertex -14.7387 -2.18628 11.7
      vertex -14.7387 -2.18628 0.599999
    endloop
  endfacet
  facet normal -0.985285 -0.170921 0
    outer loop
      vertex -14.7387 -2.18628 11.7
      vertex -14.6137 -2.90685 0.599999
      vertex -14.6137 -2.90685 11.7
    endloop
  endfacet
  facet normal 0.671518 0.221774 -0.707022
    outer loop
      vertex 13.6842 4.15107 0
      vertex 13.4641 4.81752 0
      vertex 14.2584 4.32524 0.599999
    endloop
  endfacet
  facet normal -0.254524 0.659838 -0.706988
    outer loop
      vertex -4.81752 13.4641 0
      vertex -5.47237 13.2115 0
      vertex -5.01966 14.029 0.599999
    endloop
  endfacet
  facet normal -0.659839 -0.254528 -0.706986
    outer loop
      vertex -13.7658 -5.70198 0.599999
      vertex -14.029 -5.01966 0.599999
      vertex -13.2115 -5.47237 0
    endloop
  endfacet
  facet normal -0.646542 -0.286626 -0.706986
    outer loop
      vertex -13.4694 -6.37057 0.599999
      vertex -13.7658 -5.70198 0.599999
      vertex -13.2115 -5.47237 0
    endloop
  endfacet
  facet normal -0.0173307 -0.707 -0.707001
    outer loop
      vertex 0 -14.9 0.599999
      vertex -0.701667 -14.2828 0
      vertex 0 -14.3 0
    endloop
  endfacet
  facet normal -0.0173095 -0.706988 -0.707014
    outer loop
      vertex 0 -14.9 0.599999
      vertex -0.731108 -14.8821 0.599999
      vertex -0.701667 -14.2828 0
    endloop
  endfacet
  facet normal -0.631729 -0.317973 -0.706973
    outer loop
      vertex -13.1406 -7.02381 0.599999
      vertex -13.4694 -6.37057 0.599999
      vertex -12.6115 -6.74097 0
    endloop
  endfacet
  facet normal -0.84483 -0.535035 0
    outer loop
      vertex -12.3889 -8.278 0.599999
      vertex -12.7802 -7.66013 8.9893
      vertex -12.7802 -7.66013 0.599999
    endloop
  endfacet
  facet normal -0.841386 -0.540434 0.000558292
    outer loop
      vertex -12.7802 -7.66013 8.9893
      vertex -12.3889 -8.278 0.599999
      vertex -12.7741 -7.66962 8.99599
    endloop
  endfacet
  facet normal -0.845079 -0.534641 -3.09135e-05
    outer loop
      vertex -12.7741 -7.66962 8.99599
      vertex -12.3889 -8.278 0.599999
      vertex -12.7435 -7.71799 9.03374
    endloop
  endfacet
  facet normal -0.845014 -0.534745 -2.12584e-05
    outer loop
      vertex -12.7435 -7.71799 9.03374
      vertex -12.3889 -8.278 0.599999
      vertex -12.7141 -7.76445 9.07381
    endloop
  endfacet
  facet normal -0.845138 -0.534548 -3.79487e-05
    outer loop
      vertex -12.7141 -7.76445 9.07381
      vertex -12.3889 -8.278 0.599999
      vertex -12.686 -7.80888 9.11612
    endloop
  endfacet
  facet normal -0.844788 -0.535101 4.6876e-06
    outer loop
      vertex -12.686 -7.80888 9.11612
      vertex -12.3889 -8.278 0.599999
      vertex -12.6592 -7.85119 9.16055
    endloop
  endfacet
  facet normal -0.844618 -0.535369 2.34007e-05
    outer loop
      vertex -12.6592 -7.85119 9.16055
      vertex -12.3889 -8.278 0.599999
      vertex -12.6338 -7.89126 9.20701
    endloop
  endfacet
  facet normal -0.844901 -0.534923 -4.6447e-06
    outer loop
      vertex -12.6338 -7.89126 9.20701
      vertex -12.3889 -8.278 0.599999
      vertex -12.6099 -7.92901 9.25538
    endloop
  endfacet
  facet normal -0.844572 -0.535442 2.46762e-05
    outer loop
      vertex -12.6099 -7.92901 9.25538
      vertex -12.3889 -8.278 0.599999
      vertex -12.5875 -7.96434 9.30554
    endloop
  endfacet
  facet normal -0.844668 -0.53529 1.69956e-05
    outer loop
      vertex -12.5875 -7.96434 9.30554
      vertex -12.3889 -8.278 0.599999
      vertex -12.5667 -7.99716 9.35737
    endloop
  endfacet
  facet normal -0.845445 -0.534062 -3.81549e-05
    outer loop
      vertex -12.5667 -7.99716 9.35737
      vertex -12.3889 -8.278 0.599999
      vertex -12.5476 -8.0274 9.41075
    endloop
  endfacet
  facet normal -0.844475 -0.535595 2.29085e-05
    outer loop
      vertex -12.5476 -8.0274 9.41075
      vertex -12.3889 -8.278 0.599999
      vertex -12.5301 -8.05499 9.46556
    endloop
  endfacet
  facet normal -0.845472 -0.53402 -3.25801e-05
    outer loop
      vertex -12.5301 -8.05499 9.46556
      vertex -12.3889 -8.278 0.599999
      vertex -12.5144 -8.07985 9.52165
    endloop
  endfacet
  facet normal -0.844557 -0.535466 1.24049e-05
    outer loop
      vertex -12.5144 -8.07985 9.52165
      vertex -12.3889 -8.278 0.599999
      vertex -12.5004 -8.10193 9.57889
    endloop
  endfacet
  facet normal -0.844546 -0.535484 1.28936e-05
    outer loop
      vertex -12.5004 -8.10193 9.57889
      vertex -12.3889 -8.278 0.599999
      vertex -12.4882 -8.12117 9.63714
    endloop
  endfacet
  facet normal -0.844113 -0.536166 2.94828e-05
    outer loop
      vertex -12.4882 -8.12117 9.63714
      vertex -12.3889 -8.278 0.599999
      vertex -12.4778 -8.13754 9.69627
    endloop
  endfacet
  facet normal -0.845148 -0.534532 -5.86014e-06
    outer loop
      vertex -12.4778 -8.13754 9.69627
      vertex -12.3889 -8.278 0.599999
      vertex -12.4693 -8.15098 9.75614
    endloop
  endfacet
  facet normal -0.846301 -0.532706 -4.13171e-05
    outer loop
      vertex -12.4693 -8.15098 9.75614
      vertex -12.3889 -8.278 0.599999
      vertex -12.4627 -8.16147 9.81659
    endloop
  endfacet
  facet normal -0.842805 -0.53822 5.63916e-05
    outer loop
      vertex -12.4627 -8.16147 9.81659
      vertex -12.3889 -8.278 0.599999
      vertex -12.4579 -8.16898 9.87748
    endloop
  endfacet
  facet normal -0.844781 -0.535112 -0
    outer loop
      vertex -12.3889 -8.278 11.7
      vertex -12.4551 -8.17349 9.93867
      vertex -12.3889 -8.278 0.599999
    endloop
  endfacet
  facet normal -0.84895 -0.528473 -0.000103843
    outer loop
      vertex -12.4579 -8.16898 9.87748
      vertex -12.3889 -8.278 0.599999
      vertex -12.4551 -8.17349 9.93867
    endloop
  endfacet
  facet normal -0.841207 -0.540713 0
    outer loop
      vertex -12.7741 -7.66962 11.004
      vertex -12.7802 -7.66013 11.7
      vertex -12.7802 -7.66013 11.0107
    endloop
  endfacet
  facet normal -0.845008 -0.534754 0.000234327
    outer loop
      vertex -12.3889 -8.278 11.7
      vertex -12.7741 -7.66962 11.004
      vertex -12.7435 -7.71799 10.9663
    endloop
  endfacet
  facet normal -0.844961 -0.534828 0.00015574
    outer loop
      vertex -12.3889 -8.278 11.7
      vertex -12.7435 -7.71799 10.9663
      vertex -12.7141 -7.76445 10.9262
    endloop
  endfacet
  facet normal -0.845038 -0.534706 0.000269328
    outer loop
      vertex -12.3889 -8.278 11.7
      vertex -12.7141 -7.76445 10.9262
      vertex -12.686 -7.80888 10.8839
    endloop
  endfacet
  facet normal -0.844801 -0.53508 -3.2249e-05
    outer loop
      vertex -12.3889 -8.278 11.7
      vertex -12.686 -7.80888 10.8839
      vertex -12.6592 -7.85119 10.8394
    endloop
  endfacet
  facet normal -0.844688 -0.535259 -0.000156418
    outer loop
      vertex -12.3889 -8.278 11.7
      vertex -12.6592 -7.85119 10.8394
      vertex -12.6338 -7.89126 10.793
    endloop
  endfacet
  facet normal -0.844886 -0.534947 3.01372e-05
    outer loop
      vertex -12.3889 -8.278 11.7
      vertex -12.6338 -7.89126 10.793
      vertex -12.6099 -7.92901 10.7446
    endloop
  endfacet
  facet normal -0.844656 -0.53531 -0.000155715
    outer loop
      vertex -12.3889 -8.278 11.7
      vertex -12.6099 -7.92901 10.7446
      vertex -12.5875 -7.96434 10.6945
    endloop
  endfacet
  facet normal -0.844731 -0.535192 -0.000104153
    outer loop
      vertex -12.3889 -8.278 11.7
      vertex -12.5875 -7.96434 10.6945
      vertex -12.5667 -7.99716 10.6426
    endloop
  endfacet
  facet normal -0.845294 -0.534301 0.000227247
    outer loop
      vertex -12.3889 -8.278 11.7
      vertex -12.5667 -7.99716 10.6426
      vertex -12.5476 -8.0274 10.5892
    endloop
  endfacet
  facet normal -0.844574 -0.535439 -0.000132586
    outer loop
      vertex -12.3889 -8.278 11.7
      vertex -12.5476 -8.0274 10.5892
      vertex -12.5301 -8.05499 10.5344
    endloop
  endfacet
  facet normal -0.845319 -0.534262 0.000182966
    outer loop
      vertex -12.3889 -8.278 11.7
      vertex -12.5301 -8.05499 10.5344
      vertex -12.5144 -8.07985 10.4784
    endloop
  endfacet
  facet normal -0.844621 -0.535364 -6.74341e-05
    outer loop
      vertex -12.3889 -8.278 11.7
      vertex -12.5144 -8.07985 10.4784
      vertex -12.5004 -8.10193 10.4211
    endloop
  endfacet
  facet normal -0.84483 -0.535035 -0.00010917
    outer loop
      vertex -12.7741 -7.66962 11.004
      vertex -12.3889 -8.278 11.7
      vertex -12.7802 -7.66013 11.7
    endloop
  endfacet
  facet normal -0.844621 -0.535365 -6.77086e-05
    outer loop
      vertex -12.4882 -8.12117 10.3629
      vertex -12.3889 -8.278 11.7
      vertex -12.5004 -8.10193 10.4211
    endloop
  endfacet
  facet normal -0.844308 -0.535858 -0.000148723
    outer loop
      vertex -12.4778 -8.13754 10.3037
      vertex -12.3889 -8.278 11.7
      vertex -12.4882 -8.12117 10.3629
    endloop
  endfacet
  facet normal -0.845103 -0.534603 2.81849e-05
    outer loop
      vertex -12.4693 -8.15098 10.2439
      vertex -12.3889 -8.278 11.7
      vertex -12.4778 -8.13754 10.3037
    endloop
  endfacet
  facet normal -0.845923 -0.533306 0.000186581
    outer loop
      vertex -12.4627 -8.16147 10.1834
      vertex -12.3889 -8.278 11.7
      vertex -12.4693 -8.15098 10.2439
    endloop
  endfacet
  facet normal -0.843453 -0.537202 -0.000232965
    outer loop
      vertex -12.4579 -8.16898 10.1225
      vertex -12.3889 -8.278 11.7
      vertex -12.4627 -8.16147 10.1834
    endloop
  endfacet
  facet normal -0.847357 -0.531024 0.000364719
    outer loop
      vertex -12.4551 -8.17349 10.0613
      vertex -12.3889 -8.278 11.7
      vertex -12.4579 -8.16898 10.1225
    endloop
  endfacet
  facet normal -0.841712 -0.539926 -0.000431049
    outer loop
      vertex -12.4541 -8.175 10
      vertex -12.3889 -8.278 11.7
      vertex -12.4551 -8.17349 10.0613
    endloop
  endfacet
  facet normal -0.852567 -0.522617 0.001034
    outer loop
      vertex -12.4551 -8.17349 9.93867
      vertex -12.3889 -8.278 11.7
      vertex -12.4541 -8.175 10
    endloop
  endfacet
  facet normal -0.597464 -0.378377 -0.707013
    outer loop
      vertex -12.3889 -8.278 0.599999
      vertex -12.7802 -7.66013 0.599999
      vertex -11.89 -7.94465 0
    endloop
  endfacet
  facet normal -0.535495 -0.46196 0.706992
    outer loop
      vertex -10.8179 -9.80476 12
      vertex -11.5179 -9.45246 11.7
      vertex -11.0402 -10.0062 11.7
    endloop
  endfacet
  facet normal -0.701959 0.0865592 0.706938
    outer loop
      vertex -14.442 2.14226 12
      vertex -14.7387 2.18628 11.7
      vertex -14.5297 1.43105 12
    endloop
  endfacet
  facet normal -0.578205 -0.407293 0.706959
    outer loop
      vertex -12.1395 -8.11133 12
      vertex -12.3889 -8.278 11.7
      vertex -11.7268 -8.69721 12
    endloop
  endfacet
  facet normal -0.631693 -0.317973 0.707005
    outer loop
      vertex -13.1982 -6.2423 12
      vertex -13.4694 -6.37057 11.7
      vertex -12.876 -6.88239 12
    endloop
  endfacet
  facet normal -0.757181 -0.653205 0
    outer loop
      vertex -11.0402 -10.0062 0.599999
      vertex -11.5179 -9.45246 11.7
      vertex -11.5179 -9.45246 0.599999
    endloop
  endfacet
  facet normal -0.757181 -0.653205 0
    outer loop
      vertex -11.5179 -9.45246 11.7
      vertex -11.0402 -10.0062 0.599999
      vertex -11.0402 -10.0062 11.7
    endloop
  endfacet
  facet normal -0.221839 -0.671533 -0.706987
    outer loop
      vertex -4.32524 -14.2584 0.599999
      vertex -5.01966 -14.029 0.599999
      vertex -4.81752 -13.4641 0
    endloop
  endfacet
  facet normal -0.221774 -0.671518 -0.707022
    outer loop
      vertex -4.32524 -14.2584 0.599999
      vertex -4.81752 -13.4641 0
      vertex -4.15107 -13.6842 0
    endloop
  endfacet
  facet normal -0.286647 -0.646512 -0.707004
    outer loop
      vertex -5.47237 -13.2115 0
      vertex -6.37057 -13.4694 0.599999
      vertex -6.11404 -12.927 0
    endloop
  endfacet
  facet normal -0.317913 -0.631725 -0.707004
    outer loop
      vertex -6.37057 -13.4694 0.599999
      vertex -6.74097 -12.6115 0
      vertex -6.11404 -12.927 0
    endloop
  endfacet
  facet normal -0.359895 -0.932993 0
    outer loop
      vertex -5.70198 -13.7658 0.599999
      vertex -5.01966 -14.029 11.7
      vertex -5.70198 -13.7658 11.7
    endloop
  endfacet
  facet normal -0.359895 -0.932993 -0
    outer loop
      vertex -5.01966 -14.029 11.7
      vertex -5.70198 -13.7658 0.599999
      vertex -5.01966 -14.029 0.599999
    endloop
  endfacet
  facet normal 0.122515 -0.992467 0
    outer loop
      vertex 1.46045 -14.8283 0.599999
      vertex 2.18628 -14.7387 11.7
      vertex 1.46045 -14.8283 11.7
    endloop
  endfacet
  facet normal 0.122515 -0.992467 0
    outer loop
      vertex 2.18628 -14.7387 11.7
      vertex 1.46045 -14.8283 0.599999
      vertex 2.18628 -14.7387 0.599999
    endloop
  endfacet
  facet normal 0.254528 -0.659839 -0.706986
    outer loop
      vertex 5.70198 -13.7658 0.599999
      vertex 5.01966 -14.029 0.599999
      vertex 5.47237 -13.2115 0
    endloop
  endfacet
  facet normal 0.286626 -0.646542 -0.706986
    outer loop
      vertex 5.70198 -13.7658 0.599999
      vertex 5.47237 -13.2115 0
      vertex 6.37057 -13.4694 0.599999
    endloop
  endfacet
  facet normal 0.70693 -0.017308 0.707072
    outer loop
      vertex 14.9 0 11.7
      vertex 14.5824 -0.716388 12
      vertex 14.8821 -0.731108 11.7
    endloop
  endfacet
  facet normal 0.435055 0.557567 0.706998
    outer loop
      vertex 9.45246 11.5179 11.7
      vertex 8.69721 11.7268 12
      vertex 9.26214 11.286 12
    endloop
  endfacet
  facet normal -0.707 0.0173694 0.707
    outer loop
      vertex -14.5824 0.716388 12
      vertex -14.9 0 11.7
      vertex -14.6 0 12
    endloop
  endfacet
  facet normal 0.985285 -0.170921 0
    outer loop
      vertex 14.6137 -2.90685 11.7
      vertex 14.7387 -2.18628 0.599999
      vertex 14.7387 -2.18628 11.7
    endloop
  endfacet
  facet normal 0.985285 -0.170921 0
    outer loop
      vertex 14.7387 -2.18628 0.599999
      vertex 14.6137 -2.90685 11.7
      vertex 14.6137 -2.90685 0.599999
    endloop
  endfacet
  facet normal -0.99729 0.0735652 0
    outer loop
      vertex -14.8821 0.731108 0.599999
      vertex -14.8283 1.46045 11.7
      vertex -14.8283 1.46045 0.599999
    endloop
  endfacet
  facet normal -0.99729 0.0735652 0
    outer loop
      vertex -14.8283 1.46045 11.7
      vertex -14.8821 0.731108 0.599999
      vertex -14.8821 0.731108 11.7
    endloop
  endfacet
  facet normal 0.407196 0.578178 0.707037
    outer loop
      vertex 8.87592 11.9678 11.7
      vertex 8.278 12.3889 11.7
      vertex 8.69721 11.7268 12
    endloop
  endfacet
  facet normal 0.435056 0.557518 0.707036
    outer loop
      vertex 8.87592 11.9678 11.7
      vertex 8.69721 11.7268 12
      vertex 9.45246 11.5179 11.7
    endloop
  endfacet
  facet normal 0.46196 0.535495 0.706992
    outer loop
      vertex 10.0062 11.0402 11.7
      vertex 9.45246 11.5179 11.7
      vertex 9.80476 10.8179 12
    endloop
  endfacet
  facet normal 0.487651 0.512212 0.70699
    outer loop
      vertex 10.0062 11.0402 11.7
      vertex 9.80476 10.8179 12
      vertex 10.5359 10.5359 11.7
    endloop
  endfacet
  facet normal 0.492825 0.870129 -0
    outer loop
      vertex 7.66013 12.7802 0.599999
      vertex 7.02381 13.1406 11.7
      vertex 7.66013 12.7802 11.7
    endloop
  endfacet
  facet normal 0.492825 0.870129 0
    outer loop
      vertex 7.02381 13.1406 11.7
      vertex 7.66013 12.7802 0.599999
      vertex 7.02381 13.1406 0.599999
    endloop
  endfacet
  facet normal 0.449597 0.893232 -0
    outer loop
      vertex 7.02381 13.1406 0.599999
      vertex 6.37057 13.4694 11.7
      vertex 7.02381 13.1406 11.7
    endloop
  endfacet
  facet normal 0.449597 0.893232 0
    outer loop
      vertex 6.37057 13.4694 11.7
      vertex 7.02381 13.1406 0.599999
      vertex 6.37057 13.4694 0.599999
    endloop
  endfacet
  facet normal 0.487655 0.512269 0.706946
    outer loop
      vertex 10.5359 10.5359 11.7
      vertex 9.80476 10.8179 12
      vertex 10.3238 10.3238 12
    endloop
  endfacet
  facet normal -0.120888 0.696867 -0.706939
    outer loop
      vertex -2.14226 14.442 0.299999
      vertex -2.90685 14.6137 0.599999
      vertex -2.18628 14.7387 0.599999
    endloop
  endfacet
  facet normal -0.170921 0.985285 0
    outer loop
      vertex -2.18628 14.7387 0.599999
      vertex -2.90685 14.6137 11.7
      vertex -2.18628 14.7387 11.7
    endloop
  endfacet
  facet normal -0.170921 0.985285 0
    outer loop
      vertex -2.90685 14.6137 11.7
      vertex -2.18628 14.7387 0.599999
      vertex -2.90685 14.6137 0.599999
    endloop
  endfacet
  facet normal -0.557567 -0.435055 0.706998
    outer loop
      vertex -11.286 -9.26214 12
      vertex -11.7268 -8.69721 12
      vertex -11.5179 -9.45246 11.7
    endloop
  endfacet
  facet normal -0.578178 -0.407196 0.707037
    outer loop
      vertex -11.7268 -8.69721 12
      vertex -12.3889 -8.278 11.7
      vertex -11.9678 -8.87592 11.7
    endloop
  endfacet
  facet normal 0.0735652 0.99729 -0
    outer loop
      vertex 1.46045 14.8283 0.599999
      vertex 0.731108 14.8821 11.7
      vertex 1.46045 14.8283 11.7
    endloop
  endfacet
  facet normal 0.0735652 0.99729 0
    outer loop
      vertex 0.731108 14.8821 11.7
      vertex 1.46045 14.8283 0.599999
      vertex 0.731108 14.8821 0.599999
    endloop
  endfacet
  facet normal 0.0244761 0.9997 -0
    outer loop
      vertex 0.731108 14.8821 0.599999
      vertex 0 14.9 11.7
      vertex 0.731108 14.8821 11.7
    endloop
  endfacet
  facet normal 0.0244761 0.9997 0
    outer loop
      vertex 0 14.9 11.7
      vertex 0.731108 14.8821 0.599999
      vertex 0 14.9 0.599999
    endloop
  endfacet
  facet normal -0.512212 0.487651 0.70699
    outer loop
      vertex -10.5359 10.5359 11.7
      vertex -11.0402 10.0062 11.7
      vertex -10.8179 9.80476 12
    endloop
  endfacet
  facet normal -0.575806 0.817587 0
    outer loop
      vertex -8.278 12.3889 0.599999
      vertex -8.87592 11.9678 11.7
      vertex -8.278 12.3889 11.7
    endloop
  endfacet
  facet normal -0.575806 0.817587 0
    outer loop
      vertex -8.87592 11.9678 11.7
      vertex -8.278 12.3889 0.599999
      vertex -8.87592 11.9678 0.599999
    endloop
  endfacet
  facet normal -0.615201 0.78837 0
    outer loop
      vertex -8.87592 11.9678 0.599999
      vertex -9.45246 11.5179 11.7
      vertex -8.87592 11.9678 11.7
    endloop
  endfacet
  facet normal -0.615201 0.78837 0
    outer loop
      vertex -9.45246 11.5179 11.7
      vertex -8.87592 11.9678 0.599999
      vertex -9.45246 11.5179 0.599999
    endloop
  endfacet
  facet normal -0.492825 0.870129 0
    outer loop
      vertex -7.02381 13.1406 0.599999
      vertex -7.66013 12.7802 11.7
      vertex -7.02381 13.1406 11.7
    endloop
  endfacet
  facet normal -0.492825 0.870129 0
    outer loop
      vertex -7.66013 12.7802 11.7
      vertex -7.02381 13.1406 0.599999
      vertex -7.66013 12.7802 0.599999
    endloop
  endfacet
  facet normal -0.690043 0.154946 0.706988
    outer loop
      vertex -14.1625 3.54751 12
      vertex -14.4535 3.6204 11.7
      vertex -14.3195 2.84832 12
    endloop
  endfacet
  facet normal -0.671503 0.22183 0.707018
    outer loop
      vertex -14.029 5.01966 11.7
      vertex -14.2584 4.32524 11.7
      vertex -13.9713 4.23816 12
    endloop
  endfacet
  facet normal 0.317949 0.631683 0.707026
    outer loop
      vertex 7.02381 13.1406 11.7
      vertex 6.37057 13.4694 11.7
      vertex 6.88239 12.876 12
    endloop
  endfacet
  facet normal 0.317973 0.631693 0.707005
    outer loop
      vertex 6.37057 13.4694 11.7
      vertex 6.2423 13.1982 12
      vertex 6.88239 12.876 12
    endloop
  endfacet
  facet normal -0.705238 0.0520889 -0.707054
    outer loop
      vertex -14.2828 0.701667 0
      vertex -14.8283 1.46045 0.599999
      vertex -14.2311 1.40164 0
    endloop
  endfacet
  facet normal -0.705283 0.0520253 -0.707014
    outer loop
      vertex -14.2828 0.701667 0
      vertex -14.8821 0.731108 0.599999
      vertex -14.8283 1.46045 0.599999
    endloop
  endfacet
  facet normal 0.34852 0.615344 0.707026
    outer loop
      vertex 7.02381 13.1406 11.7
      vertex 6.88239 12.876 12
      vertex 7.66013 12.7802 11.7
    endloop
  endfacet
  facet normal 0.348533 0.615271 0.707083
    outer loop
      vertex 7.66013 12.7802 11.7
      vertex 6.88239 12.876 12
      vertex 7.5059 12.5228 12
    endloop
  endfacet
  facet normal -0.435125 -0.557451 -0.707047
    outer loop
      vertex -8.5185 -11.4859 0
      vertex -9.45246 -11.5179 0.599999
      vertex -9.07182 -11.054 0
    endloop
  endfacet
  facet normal -0.696777 -0.120939 -0.707019
    outer loop
      vertex -14.0252 -2.78979 0
      vertex -14.6137 -2.90685 0.599999
      vertex -14.442 -2.14226 0.299999
    endloop
  endfacet
  facet normal -0.696867 -0.120888 -0.706939
    outer loop
      vertex -14.6137 -2.90685 0.599999
      vertex -14.7387 -2.18628 0.599999
      vertex -14.442 -2.14226 0.299999
    endloop
  endfacet
  facet normal -0.0173307 0.707 -0.707001
    outer loop
      vertex 0 14.3 0
      vertex -0.701667 14.2828 0
      vertex 0 14.9 0.599999
    endloop
  endfacet
  facet normal -0.915675 -0.401919 0
    outer loop
      vertex -13.7612 -5.71246 10.3037
      vertex -13.7658 -5.70198 11.7
      vertex -13.7658 -5.70198 10.2571
    endloop
  endfacet
  facet normal -0.913277 -0.407338 4.85755e-05
    outer loop
      vertex -13.7539 -5.72882 10.3629
      vertex -13.7658 -5.70198 11.7
      vertex -13.7612 -5.71246 10.3037
    endloop
  endfacet
  facet normal -0.914754 -0.404012 -3.1328e-05
    outer loop
      vertex -13.7454 -5.74807 10.4211
      vertex -13.7658 -5.70198 11.7
      vertex -13.7539 -5.72882 10.3629
    endloop
  endfacet
  facet normal -0.914052 -0.405597 3.70013e-05
    outer loop
      vertex -13.7356 -5.77015 10.4784
      vertex -13.7658 -5.70198 11.7
      vertex -13.7454 -5.74807 10.4211
    endloop
  endfacet
  facet normal -0.914458 -0.404682 -2.41277e-05
    outer loop
      vertex -13.7246 -5.79501 10.5344
      vertex -13.7658 -5.70198 11.7
      vertex -13.7356 -5.77015 10.4784
    endloop
  endfacet
  facet normal -0.913484 -0.406875 0.000185384
    outer loop
      vertex -13.7123 -5.8226 10.5892
      vertex -13.7658 -5.70198 11.7
      vertex -13.7246 -5.79501 10.5344
    endloop
  endfacet
  facet normal -0.914237 -0.40518 -3.49875e-05
    outer loop
      vertex -13.6989 -5.85284 10.6426
      vertex -13.7658 -5.70198 11.7
      vertex -13.7123 -5.8226 10.5892
    endloop
  endfacet
  facet normal -0.914603 -0.404353 -0.000176068
    outer loop
      vertex -13.6844 -5.88566 10.6945
      vertex -13.7658 -5.70198 11.7
      vertex -13.6989 -5.85284 10.6426
    endloop
  endfacet
  facet normal -0.913918 -0.405899 0.00016171
    outer loop
      vertex -13.6687 -5.92099 10.7446
      vertex -13.7658 -5.70198 11.7
      vertex -13.6844 -5.88566 10.6945
    endloop
  endfacet
  facet normal -0.914435 -0.404734 -0.000157898
    outer loop
      vertex -13.652 -5.95874 10.793
      vertex -13.7658 -5.70198 11.7
      vertex -13.6687 -5.92099 10.7446
    endloop
  endfacet
  facet normal -0.913971 -0.405779 0.000196252
    outer loop
      vertex -13.6342 -5.99881 10.8394
      vertex -13.7658 -5.70198 11.7
      vertex -13.652 -5.95874 10.793
    endloop
  endfacet
  facet normal -0.914524 -0.404532 -0.000318382
    outer loop
      vertex -13.6155 -6.04112 10.8839
      vertex -13.7658 -5.70198 11.7
      vertex -13.6342 -5.99881 10.8394
    endloop
  endfacet
  facet normal -0.914188 -0.40529 5.83325e-05
    outer loop
      vertex -13.5958 -6.08555 10.9262
      vertex -13.7658 -5.70198 11.7
      vertex -13.6155 -6.04112 10.8839
    endloop
  endfacet
  facet normal -0.914187 -0.405292 5.95188e-05
    outer loop
      vertex -13.5752 -6.13201 10.9663
      vertex -13.7658 -5.70198 11.7
      vertex -13.5958 -6.08555 10.9262
    endloop
  endfacet
  facet normal -0.91393 -0.405871 0.000465316
    outer loop
      vertex -13.5537 -6.18038 11.004
      vertex -13.7658 -5.70198 11.7
      vertex -13.5752 -6.13201 10.9663
    endloop
  endfacet
  facet normal -0.914357 -0.404909 -0.000325786
    outer loop
      vertex -13.5315 -6.23054 11.0393
      vertex -13.7658 -5.70198 11.7
      vertex -13.5537 -6.18038 11.004
    endloop
  endfacet
  facet normal -0.914099 -0.405492 0.000232111
    outer loop
      vertex -13.5085 -6.28237 11.0722
      vertex -13.7658 -5.70198 11.7
      vertex -13.5315 -6.23054 11.0393
    endloop
  endfacet
  facet normal -0.914636 -0.404278 0.000167164
    outer loop
      vertex -13.4694 -6.37057 11.7
      vertex -13.5085 -6.28237 11.0722
      vertex -13.4849 -6.33575 11.1024
    endloop
  endfacet
  facet normal -0.913573 -0.406674 -0
    outer loop
      vertex -13.4694 -6.37057 11.7
      vertex -13.4849 -6.33575 11.1024
      vertex -13.4694 -6.37057 11.1199
    endloop
  endfacet
  facet normal -0.914192 -0.405281 -1.33075e-06
    outer loop
      vertex -13.5085 -6.28237 11.0722
      vertex -13.4694 -6.37057 11.7
      vertex -13.7658 -5.70198 11.7
    endloop
  endfacet
  facet normal -0.915675 -0.401919 0
    outer loop
      vertex -13.7658 -5.70198 0.599999
      vertex -13.7612 -5.71246 9.69627
      vertex -13.7658 -5.70198 9.74293
    endloop
  endfacet
  facet normal -0.913222 -0.407462 -7.62675e-06
    outer loop
      vertex -13.7658 -5.70198 0.599999
      vertex -13.7539 -5.72882 9.63714
      vertex -13.7612 -5.71246 9.69627
    endloop
  endfacet
  facet normal -0.914783 -0.403945 4.87284e-06
    outer loop
      vertex -13.7658 -5.70198 0.599999
      vertex -13.7454 -5.74807 9.57889
      vertex -13.7539 -5.72882 9.63714
    endloop
  endfacet
  facet normal -0.914022 -0.405665 -5.68727e-06
    outer loop
      vertex -13.7658 -5.70198 0.599999
      vertex -13.7356 -5.77015 9.52165
      vertex -13.7454 -5.74807 9.57889
    endloop
  endfacet
  facet normal -0.914475 -0.404643 3.65602e-06
    outer loop
      vertex -13.7658 -5.70198 0.599999
      vertex -13.7246 -5.79501 9.46556
      vertex -13.7356 -5.77015 9.52165
    endloop
  endfacet
  facet normal -0.913367 -0.407137 -2.76571e-05
    outer loop
      vertex -13.7658 -5.70198 0.599999
      vertex -13.7123 -5.8226 9.41075
      vertex -13.7246 -5.79501 9.46556
    endloop
  endfacet
  facet normal -0.914256 -0.405136 5.13289e-06
    outer loop
      vertex -13.7658 -5.70198 0.599999
      vertex -13.6989 -5.85284 9.35737
      vertex -13.7123 -5.8226 9.41075
    endloop
  endfacet
  facet normal -0.914691 -0.404154 2.53678e-05
    outer loop
      vertex -13.7658 -5.70198 0.599999
      vertex -13.6844 -5.88566 9.30554
      vertex -13.6989 -5.85284 9.35737
    endloop
  endfacet
  facet normal -0.913845 -0.406063 -2.28302e-05
    outer loop
      vertex -13.7658 -5.70198 0.599999
      vertex -13.6687 -5.92099 9.25538
      vertex -13.6844 -5.88566 9.30554
    endloop
  endfacet
  facet normal -0.914499 -0.404588 2.18449e-05
    outer loop
      vertex -13.7658 -5.70198 0.599999
      vertex -13.652 -5.95874 9.20701
      vertex -13.6687 -5.92099 9.25538
    endloop
  endfacet
  facet normal -0.913898 -0.405943 -2.65401e-05
    outer loop
      vertex -13.7658 -5.70198 0.599999
      vertex -13.6342 -5.99881 9.16055
      vertex -13.652 -5.95874 9.20701
    endloop
  endfacet
  facet normal -0.914631 -0.404289 4.20908e-05
    outer loop
      vertex -13.7658 -5.70198 0.599999
      vertex -13.6155 -6.04112 9.11612
      vertex -13.6342 -5.99881 9.16055
    endloop
  endfacet
  facet normal -0.91417 -0.405331 -7.51643e-06
    outer loop
      vertex -13.7658 -5.70198 0.599999
      vertex -13.5958 -6.08555 9.07381
      vertex -13.6155 -6.04112 9.11612
    endloop
  endfacet
  facet normal -0.914171 -0.40533 -7.46868e-06
    outer loop
      vertex -13.7658 -5.70198 0.599999
      vertex -13.5752 -6.13201 9.03374
      vertex -13.5958 -6.08555 9.07381
    endloop
  endfacet
  facet normal -0.913812 -0.406137 -5.67086e-05
    outer loop
      vertex -13.7658 -5.70198 0.599999
      vertex -13.5537 -6.18038 8.99599
      vertex -13.5752 -6.13201 9.03374
    endloop
  endfacet
  facet normal -0.914432 -0.40474 3.85275e-05
    outer loop
      vertex -13.7658 -5.70198 0.599999
      vertex -13.5315 -6.23054 8.96066
      vertex -13.5537 -6.18038 8.99599
    endloop
  endfacet
  facet normal -0.91405 -0.405601 -2.65912e-05
    outer loop
      vertex -13.7658 -5.70198 0.599999
      vertex -13.5085 -6.28237 8.92784
      vertex -13.5315 -6.23054 8.96066
    endloop
  endfacet
  facet normal -0.914586 -0.404392 7.41618e-05
    outer loop
      vertex -13.7658 -5.70198 0.599999
      vertex -13.4849 -6.33575 8.8976
      vertex -13.5085 -6.28237 8.92784
    endloop
  endfacet
  facet normal -0.914192 -0.405281 -0
    outer loop
      vertex -13.4694 -6.37057 8.88007
      vertex -13.7658 -5.70198 0.599999
      vertex -13.4694 -6.37057 0.599999
    endloop
  endfacet
  facet normal -0.913598 -0.40662 -0.000129403
    outer loop
      vertex -13.7658 -5.70198 0.599999
      vertex -13.4694 -6.37057 8.88007
      vertex -13.4849 -6.33575 8.8976
    endloop
  endfacet
  facet normal -0.932993 -0.359895 0
    outer loop
      vertex -13.7658 -5.70198 9.74293
      vertex -14.029 -5.01966 11.7
      vertex -14.029 -5.01966 0.599999
    endloop
  endfacet
  facet normal -0.933237 -0.359261 -0.000284647
    outer loop
      vertex -14.029 -5.01966 11.7
      vertex -13.7756 -5.67651 9.93867
      vertex -13.7762 -5.675 10
    endloop
  endfacet
  facet normal -0.932297 -0.361692 0.000757105
    outer loop
      vertex -14.029 -5.01966 11.7
      vertex -13.7739 -5.68102 9.87748
      vertex -13.7756 -5.67651 9.93867
    endloop
  endfacet
  facet normal -0.933069 -0.359697 -7.52195e-05
    outer loop
      vertex -14.029 -5.01966 11.7
      vertex -13.771 -5.68853 9.81659
      vertex -13.7739 -5.68102 9.87748
    endloop
  endfacet
  facet normal -0.934525 -0.355895 -0.00162473
    outer loop
      vertex -14.029 -5.01966 11.7
      vertex -13.7669 -5.69902 9.75614
      vertex -13.771 -5.68853 9.81659
    endloop
  endfacet
  facet normal -0.932993 -0.359895 -0
    outer loop
      vertex -13.7658 -5.70198 9.74293
      vertex -14.029 -5.01966 0.599999
      vertex -13.7658 -5.70198 0.599999
    endloop
  endfacet
  facet normal -0.924849 -0.380246 0.0081902
    outer loop
      vertex -14.029 -5.01966 11.7
      vertex -13.7658 -5.70198 9.74293
      vertex -13.7669 -5.69902 9.75614
    endloop
  endfacet
  facet normal -0.932771 -0.36047 0.00025046
    outer loop
      vertex -13.7756 -5.67651 10.0613
      vertex -14.029 -5.01966 11.7
      vertex -13.7762 -5.675 10
    endloop
  endfacet
  facet normal -0.93341 -0.35881 -0.000513663
    outer loop
      vertex -13.7739 -5.68102 10.1225
      vertex -14.029 -5.01966 11.7
      vertex -13.7756 -5.67651 10.0613
    endloop
  endfacet
  facet normal -0.932969 -0.359957 3.83577e-05
    outer loop
      vertex -13.771 -5.68853 10.1834
      vertex -14.029 -5.01966 11.7
      vertex -13.7739 -5.68102 10.1225
    endloop
  endfacet
  facet normal -0.932545 -0.361054 0.00059462
    outer loop
      vertex -13.7669 -5.69902 10.2439
      vertex -14.029 -5.01966 11.7
      vertex -13.771 -5.68853 10.1834
    endloop
  endfacet
  facet normal -0.934409 -0.356197 -0.00200709
    outer loop
      vertex -13.7658 -5.70198 10.2571
      vertex -14.029 -5.01966 11.7
      vertex -13.7669 -5.69902 10.2439
    endloop
  endfacet
  facet normal -0.932993 -0.359895 0
    outer loop
      vertex -14.029 -5.01966 11.7
      vertex -13.7658 -5.70198 10.2571
      vertex -13.7658 -5.70198 11.7
    endloop
  endfacet
  facet normal 0.154957 0.689981 -0.707047
    outer loop
      vertex 3.47462 13.8714 0
      vertex 2.78979 14.0252 0
      vertex 3.6204 14.4535 0.599999
    endloop
  endfacet
  facet normal -0.689529 -0.724258 0
    outer loop
      vertex -10.5359 -10.5359 0.599999
      vertex -10.0062 -11.0402 11.7
      vertex -10.5359 -10.5359 11.7
    endloop
  endfacet
  facet normal -0.689529 -0.724258 -0
    outer loop
      vertex -10.0062 -11.0402 11.7
      vertex -10.5359 -10.5359 0.599999
      vertex -10.0062 -11.0402 0.599999
    endloop
  endfacet
  facet normal 0.154917 0.690018 -0.707019
    outer loop
      vertex 3.6204 14.4535 0.599999
      vertex 2.78979 14.0252 0
      vertex 2.90685 14.6137 0.599999
    endloop
  endfacet
  facet normal 0.120939 0.696777 -0.707019
    outer loop
      vertex 2.78979 14.0252 0
      vertex 2.14226 14.442 0.299999
      vertex 2.90685 14.6137 0.599999
    endloop
  endfacet
  facet normal 0.120939 -0.696777 -0.707019
    outer loop
      vertex 2.90685 -14.6137 0.599999
      vertex 2.14226 -14.442 0.299999
      vertex 2.78979 -14.0252 0
    endloop
  endfacet
  facet normal 0.615201 0.78837 -0
    outer loop
      vertex 9.45246 11.5179 0.599999
      vertex 8.87592 11.9678 11.7
      vertex 9.45246 11.5179 11.7
    endloop
  endfacet
  facet normal 0.615201 0.78837 0
    outer loop
      vertex 8.87592 11.9678 11.7
      vertex 9.45246 11.5179 0.599999
      vertex 8.87592 11.9678 0.599999
    endloop
  endfacet
  facet normal 0.575806 0.817587 -0
    outer loop
      vertex 8.87592 11.9678 0.599999
      vertex 8.278 12.3889 11.7
      vertex 8.87592 11.9678 11.7
    endloop
  endfacet
  facet normal 0.575806 0.817587 0
    outer loop
      vertex 8.278 12.3889 11.7
      vertex 8.87592 11.9678 0.599999
      vertex 8.278 12.3889 0.599999
    endloop
  endfacet
  facet normal -0.0520253 0.705283 -0.707014
    outer loop
      vertex -0.701667 14.2828 0
      vertex -1.46045 14.8283 0.599999
      vertex -0.731108 14.8821 0.599999
    endloop
  endfacet
  facet normal -0.0173694 0.707 0.707
    outer loop
      vertex 0 14.9 11.7
      vertex -0.716388 14.5824 12
      vertex 0 14.6 12
    endloop
  endfacet
  facet normal 0.0173694 0.707 0.707
    outer loop
      vertex 0 14.9 11.7
      vertex 0 14.6 12
      vertex 0.716388 14.5824 12
    endloop
  endfacet
  facet normal 0.086544 0.701845 -0.707053
    outer loop
      vertex 2.14226 14.442 0.299999
      vertex 1.40164 14.2311 0
      vertex 1.46045 14.8283 0.599999
    endloop
  endfacet
  facet normal -0.992467 0.122515 0
    outer loop
      vertex -14.8283 1.46045 0.599999
      vertex -14.7387 2.18628 11.7
      vertex -14.7387 2.18628 0.599999
    endloop
  endfacet
  facet normal -0.992467 0.122515 0
    outer loop
      vertex -14.7387 2.18628 11.7
      vertex -14.8283 1.46045 0.599999
      vertex -14.8283 1.46045 11.7
    endloop
  endfacet
  facet normal -0 0 1
    outer loop
      vertex 6.1207 4.38972 12
      vertex 13.9713 4.23816 12
      vertex 6.23773 4.69311 12
    endloop
  endfacet
  facet normal 0 0 1
    outer loop
      vertex 14.6 0 12
      vertex 6.61702 -6.59993 12
      vertex 6.625 -6.925 12
    endloop
  endfacet
  facet normal 0 0 1
    outer loop
      vertex 13.9713 4.23816 12
      vertex 6.1207 4.38972 12
      vertex 14.1625 3.54751 12
    endloop
  endfacet
  facet normal 0 0 1
    outer loop
      vertex 14.6 0 12
      vertex 6.5931 -6.27564 12
      vertex 6.61702 -6.59993 12
    endloop
  endfacet
  facet normal -0 0 1
    outer loop
      vertex 5.98893 4.09245 12
      vertex 14.1625 3.54751 12
      vertex 6.1207 4.38972 12
    endloop
  endfacet
  facet normal 0 0 1
    outer loop
      vertex 14.6 0 12
      vertex 6.55329 -5.95291 12
      vertex 6.5931 -6.27564 12
    endloop
  endfacet
  facet normal 0 0 1
    outer loop
      vertex 14.1625 3.54751 12
      vertex 5.98893 4.09245 12
      vertex 14.3195 2.84832 12
    endloop
  endfacet
  facet normal 0 0 1
    outer loop
      vertex 14.6 0 12
      vertex 6.4977 -5.63253 12
      vertex 6.55329 -5.95291 12
    endloop
  endfacet
  facet normal -0 0 1
    outer loop
      vertex 5.84273 3.802 12
      vertex 14.3195 2.84832 12
      vertex 5.98893 4.09245 12
    endloop
  endfacet
  facet normal 0 0 1
    outer loop
      vertex 14.6 0 12
      vertex 6.42646 -5.31526 12
      vertex 6.4977 -5.63253 12
    endloop
  endfacet
  facet normal 0 0 1
    outer loop
      vertex 14.3195 2.84832 12
      vertex 5.84273 3.802 12
      vertex 14.442 2.14226 12
    endloop
  endfacet
  facet normal 0 0 1
    outer loop
      vertex 14.6 0 12
      vertex 6.33973 -5.00186 12
      vertex 6.42646 -5.31526 12
    endloop
  endfacet
  facet normal -0 0 1
    outer loop
      vertex 5.68245 3.51907 12
      vertex 14.442 2.14226 12
      vertex 5.84273 3.802 12
    endloop
  endfacet
  facet normal 0 0 1
    outer loop
      vertex 14.6 0 12
      vertex 6.23773 -4.69311 12
      vertex 6.33973 -5.00186 12
    endloop
  endfacet
  facet normal 0 0 1
    outer loop
      vertex 14.442 2.14226 12
      vertex 5.68245 3.51907 12
      vertex 14.5297 1.43105 12
    endloop
  endfacet
  facet normal 0 0 1
    outer loop
      vertex 14.6 0 12
      vertex 6.1207 -4.38972 12
      vertex 6.23773 -4.69311 12
    endloop
  endfacet
  facet normal -0 0 1
    outer loop
      vertex 5.50849 3.24435 12
      vertex 14.5297 1.43105 12
      vertex 5.68245 3.51907 12
    endloop
  endfacet
  facet normal 0 0 1
    outer loop
      vertex 14.6 0 12
      vertex 5.98893 -4.09245 12
      vertex 6.1207 -4.38972 12
    endloop
  endfacet
  facet normal 0 0 1
    outer loop
      vertex 14.5297 1.43105 12
      vertex 5.50849 3.24435 12
      vertex 14.5824 0.716388 12
    endloop
  endfacet
  facet normal 0 0 1
    outer loop
      vertex 14.6 0 12
      vertex 5.84273 -3.802 12
      vertex 5.98893 -4.09245 12
    endloop
  endfacet
  facet normal 0 0 1
    outer loop
      vertex 14.5824 0.716388 12
      vertex 5.50849 3.24435 12
      vertex 14.6 0 12
    endloop
  endfacet
  facet normal 0 0 1
    outer loop
      vertex 14.6 0 12
      vertex 5.68245 -3.51907 12
      vertex 5.84273 -3.802 12
    endloop
  endfacet
  facet normal -0 0 1
    outer loop
      vertex 5.32125 2.97849 12
      vertex 14.6 0 12
      vertex 5.50849 3.24435 12
    endloop
  endfacet
  facet normal 0 0 1
    outer loop
      vertex 14.6 0 12
      vertex 5.50849 -3.24435 12
      vertex 5.68245 -3.51907 12
    endloop
  endfacet
  facet normal 0 0 1
    outer loop
      vertex 5.32125 -2.97849 12
      vertex 14.6 0 12
      vertex 5.32125 2.97849 12
    endloop
  endfacet
  facet normal 0 0 1
    outer loop
      vertex 14.6 0 12
      vertex 5.32125 -2.97849 12
      vertex 5.50849 -3.24435 12
    endloop
  endfacet
  facet normal -0 0 1
    outer loop
      vertex 5.12119 2.72214 12
      vertex 5.32125 -2.97849 12
      vertex 5.32125 2.97849 12
    endloop
  endfacet
  facet normal 0 0 1
    outer loop
      vertex 5.12119 2.72214 12
      vertex 5.12119 -2.72214 12
      vertex 5.32125 -2.97849 12
    endloop
  endfacet
  facet normal -0 0 1
    outer loop
      vertex 4.9088 2.47592 12
      vertex 5.12119 -2.72214 12
      vertex 5.12119 2.72214 12
    endloop
  endfacet
  facet normal 0 0 1
    outer loop
      vertex 4.9088 2.47592 12
      vertex 4.9088 -2.47592 12
      vertex 5.12119 -2.72214 12
    endloop
  endfacet
  facet normal -0 0 1
    outer loop
      vertex 4.68458 2.24042 12
      vertex 4.9088 -2.47592 12
      vertex 4.9088 2.47592 12
    endloop
  endfacet
  facet normal 0 0 1
    outer loop
      vertex 4.68458 2.24042 12
      vertex 4.68458 -2.24042 12
      vertex 4.9088 -2.47592 12
    endloop
  endfacet
  facet normal -0 0 1
    outer loop
      vertex 4.44908 2.0162 12
      vertex 4.68458 -2.24042 12
      vertex 4.68458 2.24042 12
    endloop
  endfacet
  facet normal 0 0 1
    outer loop
      vertex 4.44908 2.0162 12
      vertex 4.44908 -2.0162 12
      vertex 4.68458 -2.24042 12
    endloop
  endfacet
  facet normal -0 0 1
    outer loop
      vertex 4.20286 1.80381 12
      vertex 4.44908 -2.0162 12
      vertex 4.44908 2.0162 12
    endloop
  endfacet
  facet normal 0 0 1
    outer loop
      vertex 4.20286 1.80381 12
      vertex 4.20286 -1.80381 12
      vertex 4.44908 -2.0162 12
    endloop
  endfacet
  facet normal -0 0 1
    outer loop
      vertex 3.94651 1.60375 12
      vertex 4.20286 -1.80381 12
      vertex 4.20286 1.80381 12
    endloop
  endfacet
  facet normal 0 0 1
    outer loop
      vertex 3.94651 1.60375 12
      vertex 3.94651 -1.60375 12
      vertex 4.20286 -1.80381 12
    endloop
  endfacet
  facet normal -0 0 1
    outer loop
      vertex 3.68065 1.41651 12
      vertex 3.94651 -1.60375 12
      vertex 3.94651 1.60375 12
    endloop
  endfacet
  facet normal 0 0 1
    outer loop
      vertex 3.68065 1.41651 12
      vertex 3.68065 -1.41651 12
      vertex 3.94651 -1.60375 12
    endloop
  endfacet
  facet normal -0 0 1
    outer loop
      vertex 3.40593 1.24255 12
      vertex 3.68065 -1.41651 12
      vertex 3.68065 1.41651 12
    endloop
  endfacet
  facet normal 0 0 1
    outer loop
      vertex 3.40593 1.24255 12
      vertex 3.40593 -1.24255 12
      vertex 3.68065 -1.41651 12
    endloop
  endfacet
  facet normal -0 0 1
    outer loop
      vertex 3.123 1.08227 12
      vertex 3.40593 -1.24255 12
      vertex 3.40593 1.24255 12
    endloop
  endfacet
  facet normal 0 0 1
    outer loop
      vertex 3.123 1.08227 12
      vertex 3.123 -1.08227 12
      vertex 3.40593 -1.24255 12
    endloop
  endfacet
  facet normal -0 0 1
    outer loop
      vertex 2.83255 0.936071 12
      vertex 3.123 -1.08227 12
      vertex 3.123 1.08227 12
    endloop
  endfacet
  facet normal 0 0 1
    outer loop
      vertex 2.83255 0.936071 12
      vertex 2.83255 -0.936071 12
      vertex 3.123 -1.08227 12
    endloop
  endfacet
  facet normal -0 0 1
    outer loop
      vertex 2.53528 0.804298 12
      vertex 2.83255 -0.936071 12
      vertex 2.83255 0.936071 12
    endloop
  endfacet
  facet normal 0 0 1
    outer loop
      vertex 2.53528 0.804298 12
      vertex 2.53528 -0.804298 12
      vertex 2.83255 -0.936071 12
    endloop
  endfacet
  facet normal -0 0 1
    outer loop
      vertex 2.23189 0.687271 12
      vertex 2.53528 -0.804298 12
      vertex 2.53528 0.804298 12
    endloop
  endfacet
  facet normal 0 0 1
    outer loop
      vertex 2.23189 0.687271 12
      vertex 2.23189 -0.687271 12
      vertex 2.53528 -0.804298 12
    endloop
  endfacet
  facet normal -0 0 1
    outer loop
      vertex 1.92314 0.585271 12
      vertex 2.23189 -0.687271 12
      vertex 2.23189 0.687271 12
    endloop
  endfacet
  facet normal 0 0 1
    outer loop
      vertex 1.92314 0.585271 12
      vertex 1.92314 -0.585271 12
      vertex 2.23189 -0.687271 12
    endloop
  endfacet
  facet normal -0 0 1
    outer loop
      vertex 1.60974 0.498544 12
      vertex 1.92314 -0.585271 12
      vertex 1.92314 0.585271 12
    endloop
  endfacet
  facet normal 0 0 1
    outer loop
      vertex 1.60974 0.498544 12
      vertex 1.60974 -0.498544 12
      vertex 1.92314 -0.585271 12
    endloop
  endfacet
  facet normal -0 0 1
    outer loop
      vertex 1.29247 0.427298 12
      vertex 1.60974 -0.498544 12
      vertex 1.60974 0.498544 12
    endloop
  endfacet
  facet normal 0 0 1
    outer loop
      vertex 1.29247 0.427298 12
      vertex 1.29247 -0.427298 12
      vertex 1.60974 -0.498544 12
    endloop
  endfacet
  facet normal -0 0 1
    outer loop
      vertex 0.972089 0.371706 12
      vertex 1.29247 -0.427298 12
      vertex 1.29247 0.427298 12
    endloop
  endfacet
  facet normal 0 0 1
    outer loop
      vertex 0.972089 0.371706 12
      vertex 0.972089 -0.371706 12
      vertex 1.29247 -0.427298 12
    endloop
  endfacet
  facet normal -0 0 1
    outer loop
      vertex 0.649364 0.331901 12
      vertex 0.972089 -0.371706 12
      vertex 0.972089 0.371706 12
    endloop
  endfacet
  facet normal 0 0 1
    outer loop
      vertex 0.649364 0.331901 12
      vertex 0.649364 -0.331901 12
      vertex 0.972089 -0.371706 12
    endloop
  endfacet
  facet normal -0 0 1
    outer loop
      vertex 0.325073 0.30798 12
      vertex 0.649364 -0.331901 12
      vertex 0.649364 0.331901 12
    endloop
  endfacet
  facet normal 0 0 1
    outer loop
      vertex 0.325073 0.30798 12
      vertex 0.325073 -0.30798 12
      vertex 0.649364 -0.331901 12
    endloop
  endfacet
  facet normal -0 0 1
    outer loop
      vertex 0 0.3 12
      vertex 0.325073 -0.30798 12
      vertex 0.325073 0.30798 12
    endloop
  endfacet
  facet normal 0 0 1
    outer loop
      vertex 0 0.3 12
      vertex 0 -0.3 12
      vertex 0.325073 -0.30798 12
    endloop
  endfacet
  facet normal 0 0 1
    outer loop
      vertex -0.325073 0.30798 12
      vertex 0 -0.3 12
      vertex 0 0.3 12
    endloop
  endfacet
  facet normal 0 0 1
    outer loop
      vertex -0.325073 0.30798 12
      vertex -0.325073 -0.30798 12
      vertex 0 -0.3 12
    endloop
  endfacet
  facet normal 0 0 1
    outer loop
      vertex -0.649364 0.331901 12
      vertex -0.325073 -0.30798 12
      vertex -0.325073 0.30798 12
    endloop
  endfacet
  facet normal 0 0 1
    outer loop
      vertex -0.649364 0.331901 12
      vertex -0.649364 -0.331901 12
      vertex -0.325073 -0.30798 12
    endloop
  endfacet
  facet normal 0 0 1
    outer loop
      vertex -0.972089 0.371706 12
      vertex -0.649364 -0.331901 12
      vertex -0.649364 0.331901 12
    endloop
  endfacet
  facet normal 0 0 1
    outer loop
      vertex -0.972089 0.371706 12
      vertex -0.972089 -0.371706 12
      vertex -0.649364 -0.331901 12
    endloop
  endfacet
  facet normal 0 0 1
    outer loop
      vertex -1.29247 0.427298 12
      vertex -0.972089 -0.371706 12
      vertex -0.972089 0.371706 12
    endloop
  endfacet
  facet normal 0 0 1
    outer loop
      vertex -1.29247 0.427298 12
      vertex -1.29247 -0.427298 12
      vertex -0.972089 -0.371706 12
    endloop
  endfacet
  facet normal 0 0 1
    outer loop
      vertex -1.60974 0.498544 12
      vertex -1.29247 -0.427298 12
      vertex -1.29247 0.427298 12
    endloop
  endfacet
  facet normal 0 0 1
    outer loop
      vertex -1.60974 0.498544 12
      vertex -1.60974 -0.498544 12
      vertex -1.29247 -0.427298 12
    endloop
  endfacet
  facet normal 0 0 1
    outer loop
      vertex -1.92314 0.585271 12
      vertex -1.60974 -0.498544 12
      vertex -1.60974 0.498544 12
    endloop
  endfacet
  facet normal 0 0 1
    outer loop
      vertex -1.92314 0.585271 12
      vertex -1.92314 -0.585271 12
      vertex -1.60974 -0.498544 12
    endloop
  endfacet
  facet normal 0 0 1
    outer loop
      vertex -2.23189 0.687271 12
      vertex -1.92314 -0.585271 12
      vertex -1.92314 0.585271 12
    endloop
  endfacet
  facet normal 0 0 1
    outer loop
      vertex -2.23189 0.687271 12
      vertex -2.23189 -0.687271 12
      vertex -1.92314 -0.585271 12
    endloop
  endfacet
  facet normal 0 0 1
    outer loop
      vertex -2.53528 0.804298 12
      vertex -2.23189 -0.687271 12
      vertex -2.23189 0.687271 12
    endloop
  endfacet
  facet normal 0 0 1
    outer loop
      vertex -2.53528 0.804298 12
      vertex -2.53528 -0.804298 12
      vertex -2.23189 -0.687271 12
    endloop
  endfacet
  facet normal 0 0 1
    outer loop
      vertex -2.83255 0.936071 12
      vertex -2.53528 -0.804298 12
      vertex -2.53528 0.804298 12
    endloop
  endfacet
  facet normal 0 0 1
    outer loop
      vertex -2.83255 0.936071 12
      vertex -2.83255 -0.936071 12
      vertex -2.53528 -0.804298 12
    endloop
  endfacet
  facet normal 0 0 1
    outer loop
      vertex -3.123 1.08227 12
      vertex -2.83255 -0.936071 12
      vertex -2.83255 0.936071 12
    endloop
  endfacet
  facet normal 0 0 1
    outer loop
      vertex -3.123 1.08227 12
      vertex -3.123 -1.08227 12
      vertex -2.83255 -0.936071 12
    endloop
  endfacet
  facet normal 0 0 1
    outer loop
      vertex -3.40593 1.24255 12
      vertex -3.123 -1.08227 12
      vertex -3.123 1.08227 12
    endloop
  endfacet
  facet normal 0 0 1
    outer loop
      vertex -3.40593 1.24255 12
      vertex -3.40593 -1.24255 12
      vertex -3.123 -1.08227 12
    endloop
  endfacet
  facet normal 0 0 1
    outer loop
      vertex -3.68065 1.41651 12
      vertex -3.40593 -1.24255 12
      vertex -3.40593 1.24255 12
    endloop
  endfacet
  facet normal 0 0 1
    outer loop
      vertex -3.68065 1.41651 12
      vertex -3.68065 -1.41651 12
      vertex -3.40593 -1.24255 12
    endloop
  endfacet
  facet normal 0 0 1
    outer loop
      vertex -3.94651 1.60375 12
      vertex -3.68065 -1.41651 12
      vertex -3.68065 1.41651 12
    endloop
  endfacet
  facet normal 0 0 1
    outer loop
      vertex -3.94651 1.60375 12
      vertex -3.94651 -1.60375 12
      vertex -3.68065 -1.41651 12
    endloop
  endfacet
  facet normal 0 0 1
    outer loop
      vertex -4.20286 1.80381 12
      vertex -3.94651 -1.60375 12
      vertex -3.94651 1.60375 12
    endloop
  endfacet
  facet normal 0 0 1
    outer loop
      vertex -4.20286 1.80381 12
      vertex -4.20286 -1.80381 12
      vertex -3.94651 -1.60375 12
    endloop
  endfacet
  facet normal 0 0 1
    outer loop
      vertex -4.44908 2.0162 12
      vertex -4.20286 -1.80381 12
      vertex -4.20286 1.80381 12
    endloop
  endfacet
  facet normal 0 0 1
    outer loop
      vertex -4.44908 2.0162 12
      vertex -4.44908 -2.0162 12
      vertex -4.20286 -1.80381 12
    endloop
  endfacet
  facet normal 0 0 1
    outer loop
      vertex -4.68458 2.24042 12
      vertex -4.44908 -2.0162 12
      vertex -4.44908 2.0162 12
    endloop
  endfacet
  facet normal 0 0 1
    outer loop
      vertex -4.68458 2.24042 12
      vertex -4.68458 -2.24042 12
      vertex -4.44908 -2.0162 12
    endloop
  endfacet
  facet normal 0 0 1
    outer loop
      vertex -4.9088 2.47592 12
      vertex -4.68458 -2.24042 12
      vertex -4.68458 2.24042 12
    endloop
  endfacet
  facet normal 0 0 1
    outer loop
      vertex -4.9088 2.47592 12
      vertex -4.9088 -2.47592 12
      vertex -4.68458 -2.24042 12
    endloop
  endfacet
  facet normal 0 0 1
    outer loop
      vertex -5.12119 2.72214 12
      vertex -4.9088 -2.47592 12
      vertex -4.9088 2.47592 12
    endloop
  endfacet
  facet normal 0 0 1
    outer loop
      vertex -5.12119 2.72214 12
      vertex -5.12119 -2.72214 12
      vertex -4.9088 -2.47592 12
    endloop
  endfacet
  facet normal 0 0 1
    outer loop
      vertex -5.32125 2.97849 12
      vertex -5.12119 -2.72214 12
      vertex -5.12119 2.72214 12
    endloop
  endfacet
  facet normal 0 0 1
    outer loop
      vertex -5.32125 2.97849 12
      vertex -5.32125 -2.97849 12
      vertex -5.12119 -2.72214 12
    endloop
  endfacet
  facet normal 0 0 1
    outer loop
      vertex -14.6 0 12
      vertex -5.32125 2.97849 12
      vertex -5.50849 3.24435 12
    endloop
  endfacet
  facet normal 0 0 1
    outer loop
      vertex -5.32125 2.97849 12
      vertex -14.6 0 12
      vertex -5.32125 -2.97849 12
    endloop
  endfacet
  facet normal 0 0 1
    outer loop
      vertex -14.5297 1.43105 12
      vertex -5.50849 3.24435 12
      vertex -5.68245 3.51907 12
    endloop
  endfacet
  facet normal 0 0 1
    outer loop
      vertex -5.32125 -2.97849 12
      vertex -14.6 0 12
      vertex -5.50849 -3.24435 12
    endloop
  endfacet
  facet normal 0 0 1
    outer loop
      vertex -14.442 2.14226 12
      vertex -5.68245 3.51907 12
      vertex -5.84273 3.802 12
    endloop
  endfacet
  facet normal -0 -0 1
    outer loop
      vertex -14.5824 -0.716388 12
      vertex -5.50849 -3.24435 12
      vertex -14.6 0 12
    endloop
  endfacet
  facet normal 0 0 1
    outer loop
      vertex -14.3195 2.84832 12
      vertex -5.84273 3.802 12
      vertex -5.98893 4.09245 12
    endloop
  endfacet
  facet normal -0 -0 1
    outer loop
      vertex -14.5297 -1.43105 12
      vertex -5.50849 -3.24435 12
      vertex -14.5824 -0.716388 12
    endloop
  endfacet
  facet normal 0 0 1
    outer loop
      vertex -14.1625 3.54751 12
      vertex -5.98893 4.09245 12
      vertex -6.1207 4.38972 12
    endloop
  endfacet
  facet normal 0 0 1
    outer loop
      vertex -5.50849 -3.24435 12
      vertex -14.5297 -1.43105 12
      vertex -5.68245 -3.51907 12
    endloop
  endfacet
  facet normal 0 0 1
    outer loop
      vertex -13.9713 4.23816 12
      vertex -6.1207 4.38972 12
      vertex -6.23773 4.69311 12
    endloop
  endfacet
  facet normal -0 -0 1
    outer loop
      vertex -14.442 -2.14226 12
      vertex -5.68245 -3.51907 12
      vertex -14.5297 -1.43105 12
    endloop
  endfacet
  facet normal -0 0 1
    outer loop
      vertex -13.7465 4.91859 12
      vertex -6.23773 4.69311 12
      vertex -6.33973 5.00186 12
    endloop
  endfacet
  facet normal 0 0 1
    outer loop
      vertex -5.68245 -3.51907 12
      vertex -14.442 -2.14226 12
      vertex -5.84273 -3.802 12
    endloop
  endfacet
  facet normal 0 0 1
    outer loop
      vertex -13.4886 5.58718 12
      vertex -6.33973 5.00186 12
      vertex -6.42646 5.31526 12
    endloop
  endfacet
  facet normal -0 -0 1
    outer loop
      vertex -14.3195 -2.84832 12
      vertex -5.84273 -3.802 12
      vertex -14.442 -2.14226 12
    endloop
  endfacet
  facet normal 0 0 1
    outer loop
      vertex -13.1982 6.2423 12
      vertex -6.42646 5.31526 12
      vertex -6.4977 5.63253 12
    endloop
  endfacet
  facet normal 0 0 1
    outer loop
      vertex -5.84273 -3.802 12
      vertex -14.3195 -2.84832 12
      vertex -5.98893 -4.09245 12
    endloop
  endfacet
  facet normal 0 0 1
    outer loop
      vertex -12.876 6.88239 12
      vertex -6.4977 5.63253 12
      vertex -6.55329 5.95291 12
    endloop
  endfacet
  facet normal -0 -0 1
    outer loop
      vertex -14.1625 -3.54751 12
      vertex -5.98893 -4.09245 12
      vertex -14.3195 -2.84832 12
    endloop
  endfacet
  facet normal 0 0 1
    outer loop
      vertex -12.5228 7.5059 12
      vertex -6.55329 5.95291 12
      vertex -6.5931 6.27564 12
    endloop
  endfacet
  facet normal 0 0 1
    outer loop
      vertex -5.98893 -4.09245 12
      vertex -14.1625 -3.54751 12
      vertex -6.1207 -4.38972 12
    endloop
  endfacet
  facet normal 0 0 1
    outer loop
      vertex -12.1395 8.11133 12
      vertex -6.5931 6.27564 12
      vertex -6.61702 6.59993 12
    endloop
  endfacet
  facet normal -0 -0 1
    outer loop
      vertex -13.9713 -4.23816 12
      vertex -6.1207 -4.38972 12
      vertex -14.1625 -3.54751 12
    endloop
  endfacet
  facet normal 0 0 1
    outer loop
      vertex -12.1395 8.11133 12
      vertex -6.61702 6.59993 12
      vertex -6.625 6.925 12
    endloop
  endfacet
  facet normal 0 0 1
    outer loop
      vertex -6.1207 -4.38972 12
      vertex -13.9713 -4.23816 12
      vertex -6.23773 -4.69311 12
    endloop
  endfacet
  facet normal 0 0 1
    outer loop
      vertex 6.23773 4.69311 12
      vertex 13.7465 4.91859 12
      vertex 6.33973 5.00186 12
    endloop
  endfacet
  facet normal 0 0 1
    outer loop
      vertex 13.4886 5.58718 12
      vertex 6.33973 5.00186 12
      vertex 13.7465 4.91859 12
    endloop
  endfacet
  facet normal 0 0 1
    outer loop
      vertex 13.7465 4.91859 12
      vertex 6.23773 4.69311 12
      vertex 13.9713 4.23816 12
    endloop
  endfacet
  facet normal 0 0 1
    outer loop
      vertex 6.33973 5.00186 12
      vertex 13.4886 5.58718 12
      vertex 6.42646 5.31526 12
    endloop
  endfacet
  facet normal 0 0 1
    outer loop
      vertex 14.6 0 12
      vertex 6.625 -6.925 12
      vertex 14.5824 -0.716388 12
    endloop
  endfacet
  facet normal 0 0 1
    outer loop
      vertex 13.1982 6.2423 12
      vertex 6.42646 5.31526 12
      vertex 13.4886 5.58718 12
    endloop
  endfacet
  facet normal 0 0 1
    outer loop
      vertex 14.5824 -0.716388 12
      vertex 6.625 -6.925 12
      vertex 14.5297 -1.43105 12
    endloop
  endfacet
  facet normal 0 0 1
    outer loop
      vertex 6.42646 5.31526 12
      vertex 13.1982 6.2423 12
      vertex 6.4977 5.63253 12
    endloop
  endfacet
  facet normal 0 0 1
    outer loop
      vertex 14.5297 -1.43105 12
      vertex 6.625 -6.925 12
      vertex 14.442 -2.14226 12
    endloop
  endfacet
  facet normal 0 0 1
    outer loop
      vertex 12.876 6.88239 12
      vertex 6.4977 5.63253 12
      vertex 13.1982 6.2423 12
    endloop
  endfacet
  facet normal 0 0 1
    outer loop
      vertex 14.442 -2.14226 12
      vertex 6.625 -6.925 12
      vertex 14.3195 -2.84832 12
    endloop
  endfacet
  facet normal 0 0 1
    outer loop
      vertex 6.4977 5.63253 12
      vertex 12.876 6.88239 12
      vertex 6.55329 5.95291 12
    endloop
  endfacet
  facet normal 0 0 1
    outer loop
      vertex 14.3195 -2.84832 12
      vertex 6.625 -6.925 12
      vertex 14.1625 -3.54751 12
    endloop
  endfacet
  facet normal 0 0 1
    outer loop
      vertex 12.5228 7.5059 12
      vertex 6.55329 5.95291 12
      vertex 12.876 6.88239 12
    endloop
  endfacet
  facet normal 0 0 1
    outer loop
      vertex 14.1625 -3.54751 12
      vertex 6.625 -6.925 12
      vertex 13.9713 -4.23816 12
    endloop
  endfacet
  facet normal 0 0 1
    outer loop
      vertex 6.55329 5.95291 12
      vertex 12.5228 7.5059 12
      vertex 6.5931 6.27564 12
    endloop
  endfacet
  facet normal 0 0 1
    outer loop
      vertex 13.9713 -4.23816 12
      vertex 6.625 -6.925 12
      vertex 13.7465 -4.91859 12
    endloop
  endfacet
  facet normal 0 0 1
    outer loop
      vertex 12.1395 8.11133 12
      vertex 6.5931 6.27564 12
      vertex 12.5228 7.5059 12
    endloop
  endfacet
  facet normal 0 0 1
    outer loop
      vertex 13.7465 -4.91859 12
      vertex 6.625 -6.925 12
      vertex 13.4886 -5.58718 12
    endloop
  endfacet
  facet normal 0 0 1
    outer loop
      vertex 6.5931 6.27564 12
      vertex 12.1395 8.11133 12
      vertex 6.61702 6.59993 12
    endloop
  endfacet
  facet normal 0 0 1
    outer loop
      vertex 13.4886 -5.58718 12
      vertex 6.625 -6.925 12
      vertex 13.1982 -6.2423 12
    endloop
  endfacet
  facet normal 0 0 1
    outer loop
      vertex 6.61702 6.59993 12
      vertex 12.1395 8.11133 12
      vertex 6.625 6.925 12
    endloop
  endfacet
  facet normal 0 0 1
    outer loop
      vertex 13.1982 -6.2423 12
      vertex 6.625 -6.925 12
      vertex 12.876 -6.88239 12
    endloop
  endfacet
  facet normal 0 0 1
    outer loop
      vertex 6.625 6.925 12
      vertex 12.1395 8.11133 12
      vertex 11.7268 8.69721 12
    endloop
  endfacet
  facet normal 0 0 1
    outer loop
      vertex 12.876 -6.88239 12
      vertex 6.625 -6.925 12
      vertex 12.5228 -7.5059 12
    endloop
  endfacet
  facet normal 0 0 1
    outer loop
      vertex 6.61702 7.25007 12
      vertex 11.7268 8.69721 12
      vertex 11.286 9.26214 12
    endloop
  endfacet
  facet normal 0 0 1
    outer loop
      vertex 12.5228 -7.5059 12
      vertex 6.625 -6.925 12
      vertex 12.1395 -8.11133 12
    endloop
  endfacet
  facet normal 0 0 1
    outer loop
      vertex 6.5931 7.57436 12
      vertex 11.286 9.26214 12
      vertex 10.8179 9.80476 12
    endloop
  endfacet
  facet normal 0 0 1
    outer loop
      vertex 12.1395 -8.11133 12
      vertex 6.625 -6.925 12
      vertex 11.7268 -8.69721 12
    endloop
  endfacet
  facet normal 0 0 1
    outer loop
      vertex 6.55329 7.89709 12
      vertex 10.8179 9.80476 12
      vertex 10.3238 10.3238 12
    endloop
  endfacet
  facet normal -0 0 1
    outer loop
      vertex 6.61702 -7.25007 12
      vertex 11.7268 -8.69721 12
      vertex 6.625 -6.925 12
    endloop
  endfacet
  facet normal 0 0 1
    outer loop
      vertex 6.42646 8.53474 12
      vertex 10.3238 10.3238 12
      vertex 9.80476 10.8179 12
    endloop
  endfacet
  facet normal 0 0 1
    outer loop
      vertex 11.7268 -8.69721 12
      vertex 6.61702 -7.25007 12
      vertex 11.286 -9.26214 12
    endloop
  endfacet
  facet normal 0 0 1
    outer loop
      vertex 6.33973 8.84814 12
      vertex 9.80476 10.8179 12
      vertex 9.26214 11.286 12
    endloop
  endfacet
  facet normal -0 0 1
    outer loop
      vertex 6.5931 -7.57436 12
      vertex 11.286 -9.26214 12
      vertex 6.61702 -7.25007 12
    endloop
  endfacet
  facet normal 0 0 1
    outer loop
      vertex 6.1207 9.46028 12
      vertex 9.26214 11.286 12
      vertex 8.69721 11.7268 12
    endloop
  endfacet
  facet normal 0 0 1
    outer loop
      vertex 11.286 -9.26214 12
      vertex 6.5931 -7.57436 12
      vertex 10.8179 -9.80476 12
    endloop
  endfacet
  facet normal 0 0 1
    outer loop
      vertex 5.98893 9.75755 12
      vertex 8.69721 11.7268 12
      vertex 8.11133 12.1395 12
    endloop
  endfacet
  facet normal -0 0 1
    outer loop
      vertex 6.55329 -7.89709 12
      vertex 10.8179 -9.80476 12
      vertex 6.5931 -7.57436 12
    endloop
  endfacet
  facet normal 0 0 1
    outer loop
      vertex 5.68245 10.3309 12
      vertex 8.11133 12.1395 12
      vertex 7.5059 12.5228 12
    endloop
  endfacet
  facet normal 0 0 1
    outer loop
      vertex 10.8179 -9.80476 12
      vertex 6.55329 -7.89709 12
      vertex 10.3238 -10.3238 12
    endloop
  endfacet
  facet normal 0 0 1
    outer loop
      vertex 5.50849 10.6057 12
      vertex 7.5059 12.5228 12
      vertex 6.88239 12.876 12
    endloop
  endfacet
  facet normal -0 0 1
    outer loop
      vertex 6.4977 -8.21747 12
      vertex 10.3238 -10.3238 12
      vertex 6.55329 -7.89709 12
    endloop
  endfacet
  facet normal -0 0 1
    outer loop
      vertex 6.42646 -8.53474 12
      vertex 10.3238 -10.3238 12
      vertex 6.4977 -8.21747 12
    endloop
  endfacet
  facet normal 0 0 1
    outer loop
      vertex 11.7268 8.69721 12
      vertex 6.61702 7.25007 12
      vertex 6.625 6.925 12
    endloop
  endfacet
  facet normal 0 0 1
    outer loop
      vertex 11.286 9.26214 12
      vertex 6.5931 7.57436 12
      vertex 6.61702 7.25007 12
    endloop
  endfacet
  facet normal 0 0 1
    outer loop
      vertex 10.8179 9.80476 12
      vertex 6.55329 7.89709 12
      vertex 6.5931 7.57436 12
    endloop
  endfacet
  facet normal 0 0 1
    outer loop
      vertex 10.3238 10.3238 12
      vertex 6.4977 8.21747 12
      vertex 6.55329 7.89709 12
    endloop
  endfacet
  facet normal 0 0 1
    outer loop
      vertex 10.3238 10.3238 12
      vertex 6.42646 8.53474 12
      vertex 6.4977 8.21747 12
    endloop
  endfacet
  facet normal 0 0 1
    outer loop
      vertex 9.80476 10.8179 12
      vertex 6.33973 8.84814 12
      vertex 6.42646 8.53474 12
    endloop
  endfacet
  facet normal 0 0 1
    outer loop
      vertex 5.12119 11.1279 12
      vertex 6.88239 12.876 12
      vertex 6.2423 13.1982 12
    endloop
  endfacet
  facet normal 0 0 1
    outer loop
      vertex 9.26214 11.286 12
      vertex 6.23773 9.15689 12
      vertex 6.33973 8.84814 12
    endloop
  endfacet
  facet normal 0 0 1
    outer loop
      vertex 9.26214 11.286 12
      vertex 6.1207 9.46028 12
      vertex 6.23773 9.15689 12
    endloop
  endfacet
  facet normal 0 0 1
    outer loop
      vertex 8.69721 11.7268 12
      vertex 5.98893 9.75755 12
      vertex 6.1207 9.46028 12
    endloop
  endfacet
  facet normal 0 0 1
    outer loop
      vertex 8.11133 12.1395 12
      vertex 5.84273 10.048 12
      vertex 5.98893 9.75755 12
    endloop
  endfacet
  facet normal 0 0 1
    outer loop
      vertex 8.11133 12.1395 12
      vertex 5.68245 10.3309 12
      vertex 5.84273 10.048 12
    endloop
  endfacet
  facet normal 0 0 1
    outer loop
      vertex 4.68458 11.6096 12
      vertex 6.2423 13.1982 12
      vertex 5.58718 13.4886 12
    endloop
  endfacet
  facet normal 0 0 1
    outer loop
      vertex 7.5059 12.5228 12
      vertex 5.50849 10.6057 12
      vertex 5.68245 10.3309 12
    endloop
  endfacet
  facet normal 0 0 1
    outer loop
      vertex 6.88239 12.876 12
      vertex 5.32125 10.8715 12
      vertex 5.50849 10.6057 12
    endloop
  endfacet
  facet normal 0 0 1
    outer loop
      vertex 6.88239 12.876 12
      vertex 5.12119 11.1279 12
      vertex 5.32125 10.8715 12
    endloop
  endfacet
  facet normal 0 0 1
    outer loop
      vertex 4.20286 12.0462 12
      vertex 5.58718 13.4886 12
      vertex 4.91859 13.7465 12
    endloop
  endfacet
  facet normal 0 0 1
    outer loop
      vertex 6.2423 13.1982 12
      vertex 4.9088 11.3741 12
      vertex 5.12119 11.1279 12
    endloop
  endfacet
  facet normal 0 0 1
    outer loop
      vertex 6.2423 13.1982 12
      vertex 4.68458 11.6096 12
      vertex 4.9088 11.3741 12
    endloop
  endfacet
  facet normal 0 0 1
    outer loop
      vertex 5.58718 13.4886 12
      vertex 4.44908 11.8338 12
      vertex 4.68458 11.6096 12
    endloop
  endfacet
  facet normal 0 0 1
    outer loop
      vertex 3.94651 12.2462 12
      vertex 4.91859 13.7465 12
      vertex 4.23816 13.9713 12
    endloop
  endfacet
  facet normal 0 0 1
    outer loop
      vertex 5.58718 13.4886 12
      vertex 4.20286 12.0462 12
      vertex 4.44908 11.8338 12
    endloop
  endfacet
  facet normal 0 0 1
    outer loop
      vertex 4.91859 13.7465 12
      vertex 3.94651 12.2462 12
      vertex 4.20286 12.0462 12
    endloop
  endfacet
  facet normal 0 0 1
    outer loop
      vertex 4.23816 13.9713 12
      vertex 3.68065 12.4335 12
      vertex 3.94651 12.2462 12
    endloop
  endfacet
  facet normal 0 0 1
    outer loop
      vertex 3.40593 12.6075 12
      vertex 4.23816 13.9713 12
      vertex 3.54751 14.1625 12
    endloop
  endfacet
  facet normal 0 0 1
    outer loop
      vertex 4.23816 13.9713 12
      vertex 3.40593 12.6075 12
      vertex 3.68065 12.4335 12
    endloop
  endfacet
  facet normal 0 0 1
    outer loop
      vertex 3.54751 14.1625 12
      vertex 3.123 12.7677 12
      vertex 3.40593 12.6075 12
    endloop
  endfacet
  facet normal 0 0 1
    outer loop
      vertex 2.83255 12.9139 12
      vertex 3.54751 14.1625 12
      vertex 2.84832 14.3195 12
    endloop
  endfacet
  facet normal 0 0 1
    outer loop
      vertex 3.54751 14.1625 12
      vertex 2.83255 12.9139 12
      vertex 3.123 12.7677 12
    endloop
  endfacet
  facet normal 0 0 1
    outer loop
      vertex 2.84832 14.3195 12
      vertex 2.53528 13.0457 12
      vertex 2.83255 12.9139 12
    endloop
  endfacet
  facet normal 0 0 1
    outer loop
      vertex 2.84832 14.3195 12
      vertex 2.23189 13.1627 12
      vertex 2.53528 13.0457 12
    endloop
  endfacet
  facet normal 0 0 1
    outer loop
      vertex 2.14226 14.442 12
      vertex 2.23189 13.1627 12
      vertex 2.84832 14.3195 12
    endloop
  endfacet
  facet normal 0 0 1
    outer loop
      vertex 2.14226 14.442 12
      vertex 1.92314 13.2647 12
      vertex 2.23189 13.1627 12
    endloop
  endfacet
  facet normal 0 0 1
    outer loop
      vertex 2.14226 14.442 12
      vertex 1.60974 13.3515 12
      vertex 1.92314 13.2647 12
    endloop
  endfacet
  facet normal 0 0 1
    outer loop
      vertex 1.43105 14.5297 12
      vertex 1.60974 13.3515 12
      vertex 2.14226 14.442 12
    endloop
  endfacet
  facet normal 0 0 1
    outer loop
      vertex 1.43105 14.5297 12
      vertex 1.29247 13.4227 12
      vertex 1.60974 13.3515 12
    endloop
  endfacet
  facet normal 0 0 1
    outer loop
      vertex 1.43105 14.5297 12
      vertex 0.972089 13.4783 12
      vertex 1.29247 13.4227 12
    endloop
  endfacet
  facet normal 0 0 1
    outer loop
      vertex 0.716388 14.5824 12
      vertex 0.972089 13.4783 12
      vertex 1.43105 14.5297 12
    endloop
  endfacet
  facet normal 0 0 1
    outer loop
      vertex 0.716388 14.5824 12
      vertex 0.649364 13.5181 12
      vertex 0.972089 13.4783 12
    endloop
  endfacet
  facet normal 0 0 1
    outer loop
      vertex 0.716388 14.5824 12
      vertex 0.325073 13.542 12
      vertex 0.649364 13.5181 12
    endloop
  endfacet
  facet normal 0 0 1
    outer loop
      vertex 0 14.6 12
      vertex 0.325073 13.542 12
      vertex 0.716388 14.5824 12
    endloop
  endfacet
  facet normal 0 0 1
    outer loop
      vertex 0 14.6 12
      vertex 0 13.55 12
      vertex 0.325073 13.542 12
    endloop
  endfacet
  facet normal 0 0 1
    outer loop
      vertex 0 14.6 12
      vertex -0.325073 13.542 12
      vertex 0 13.55 12
    endloop
  endfacet
  facet normal -0 0 1
    outer loop
      vertex -0.716388 14.5824 12
      vertex -0.325073 13.542 12
      vertex 0 14.6 12
    endloop
  endfacet
  facet normal 0 0 1
    outer loop
      vertex -0.325073 13.542 12
      vertex -0.716388 14.5824 12
      vertex -0.649364 13.5181 12
    endloop
  endfacet
  facet normal 0 0 1
    outer loop
      vertex -0.716388 14.5824 12
      vertex -0.972089 13.4783 12
      vertex -0.649364 13.5181 12
    endloop
  endfacet
  facet normal -0 0 1
    outer loop
      vertex -1.43105 14.5297 12
      vertex -0.972089 13.4783 12
      vertex -0.716388 14.5824 12
    endloop
  endfacet
  facet normal 0 0 1
    outer loop
      vertex -0.972089 13.4783 12
      vertex -1.43105 14.5297 12
      vertex -1.29247 13.4227 12
    endloop
  endfacet
  facet normal 0 0 1
    outer loop
      vertex -1.43105 14.5297 12
      vertex -1.60974 13.3515 12
      vertex -1.29247 13.4227 12
    endloop
  endfacet
  facet normal -0 0 1
    outer loop
      vertex -2.14226 14.442 12
      vertex -1.60974 13.3515 12
      vertex -1.43105 14.5297 12
    endloop
  endfacet
  facet normal 0 0 1
    outer loop
      vertex -1.60974 13.3515 12
      vertex -2.14226 14.442 12
      vertex -1.92314 13.2647 12
    endloop
  endfacet
  facet normal 0 0 1
    outer loop
      vertex -2.14226 14.442 12
      vertex -2.23189 13.1627 12
      vertex -1.92314 13.2647 12
    endloop
  endfacet
  facet normal -0 0 1
    outer loop
      vertex -2.84832 14.3195 12
      vertex -2.23189 13.1627 12
      vertex -2.14226 14.442 12
    endloop
  endfacet
  facet normal 0 0 1
    outer loop
      vertex -2.23189 13.1627 12
      vertex -2.84832 14.3195 12
      vertex -2.53528 13.0457 12
    endloop
  endfacet
  facet normal 0 0 1
    outer loop
      vertex -2.53528 13.0457 12
      vertex -2.84832 14.3195 12
      vertex -2.83255 12.9139 12
    endloop
  endfacet
  facet normal -0 0 1
    outer loop
      vertex -3.54751 14.1625 12
      vertex -2.83255 12.9139 12
      vertex -2.84832 14.3195 12
    endloop
  endfacet
  facet normal 0 0 1
    outer loop
      vertex -2.83255 12.9139 12
      vertex -3.54751 14.1625 12
      vertex -3.123 12.7677 12
    endloop
  endfacet
  facet normal 0 0 1
    outer loop
      vertex -3.123 12.7677 12
      vertex -3.54751 14.1625 12
      vertex -3.40593 12.6075 12
    endloop
  endfacet
  facet normal -0 0 1
    outer loop
      vertex -4.23816 13.9713 12
      vertex -3.40593 12.6075 12
      vertex -3.54751 14.1625 12
    endloop
  endfacet
  facet normal 0 0 1
    outer loop
      vertex -3.40593 12.6075 12
      vertex -4.23816 13.9713 12
      vertex -3.68065 12.4335 12
    endloop
  endfacet
  facet normal 0 0 1
    outer loop
      vertex -3.68065 12.4335 12
      vertex -4.23816 13.9713 12
      vertex -3.94651 12.2462 12
    endloop
  endfacet
  facet normal -0 0 1
    outer loop
      vertex -4.91859 13.7465 12
      vertex -3.94651 12.2462 12
      vertex -4.23816 13.9713 12
    endloop
  endfacet
  facet normal 0 0 1
    outer loop
      vertex -3.94651 12.2462 12
      vertex -4.91859 13.7465 12
      vertex -4.20286 12.0462 12
    endloop
  endfacet
  facet normal -0 0 1
    outer loop
      vertex -5.58718 13.4886 12
      vertex -4.20286 12.0462 12
      vertex -4.91859 13.7465 12
    endloop
  endfacet
  facet normal 0 0 1
    outer loop
      vertex -4.20286 12.0462 12
      vertex -5.58718 13.4886 12
      vertex -4.44908 11.8338 12
    endloop
  endfacet
  facet normal 0 0 1
    outer loop
      vertex -4.44908 11.8338 12
      vertex -5.58718 13.4886 12
      vertex -4.68458 11.6096 12
    endloop
  endfacet
  facet normal -0 0 1
    outer loop
      vertex -6.2423 13.1982 12
      vertex -4.68458 11.6096 12
      vertex -5.58718 13.4886 12
    endloop
  endfacet
  facet normal 0 0 1
    outer loop
      vertex -4.68458 11.6096 12
      vertex -6.2423 13.1982 12
      vertex -4.9088 11.3741 12
    endloop
  endfacet
  facet normal 0 0 1
    outer loop
      vertex -4.9088 11.3741 12
      vertex -6.2423 13.1982 12
      vertex -5.12119 11.1279 12
    endloop
  endfacet
  facet normal -0 0 1
    outer loop
      vertex -6.88239 12.876 12
      vertex -5.12119 11.1279 12
      vertex -6.2423 13.1982 12
    endloop
  endfacet
  facet normal 0 0 1
    outer loop
      vertex -5.12119 11.1279 12
      vertex -6.88239 12.876 12
      vertex -5.32125 10.8715 12
    endloop
  endfacet
  facet normal 0 0 1
    outer loop
      vertex -5.32125 10.8715 12
      vertex -6.88239 12.876 12
      vertex -5.50849 10.6057 12
    endloop
  endfacet
  facet normal -0 0 1
    outer loop
      vertex -7.5059 12.5228 12
      vertex -5.50849 10.6057 12
      vertex -6.88239 12.876 12
    endloop
  endfacet
  facet normal 0 0 1
    outer loop
      vertex -5.50849 10.6057 12
      vertex -7.5059 12.5228 12
      vertex -5.68245 10.3309 12
    endloop
  endfacet
  facet normal -0 0 1
    outer loop
      vertex -8.11133 12.1395 12
      vertex -5.68245 10.3309 12
      vertex -7.5059 12.5228 12
    endloop
  endfacet
  facet normal 0 0 1
    outer loop
      vertex -5.68245 10.3309 12
      vertex -8.11133 12.1395 12
      vertex -5.84273 10.048 12
    endloop
  endfacet
  facet normal 0 0 1
    outer loop
      vertex -5.84273 10.048 12
      vertex -8.11133 12.1395 12
      vertex -5.98893 9.75755 12
    endloop
  endfacet
  facet normal -0 0 1
    outer loop
      vertex -8.69721 11.7268 12
      vertex -5.98893 9.75755 12
      vertex -8.11133 12.1395 12
    endloop
  endfacet
  facet normal 0 0 1
    outer loop
      vertex -5.98893 9.75755 12
      vertex -8.69721 11.7268 12
      vertex -6.1207 9.46028 12
    endloop
  endfacet
  facet normal -0 0 1
    outer loop
      vertex -9.26214 11.286 12
      vertex -6.1207 9.46028 12
      vertex -8.69721 11.7268 12
    endloop
  endfacet
  facet normal 0 0 1
    outer loop
      vertex -6.1207 9.46028 12
      vertex -9.26214 11.286 12
      vertex -6.23773 9.15689 12
    endloop
  endfacet
  facet normal 0 0 1
    outer loop
      vertex -6.23773 9.15689 12
      vertex -9.26214 11.286 12
      vertex -6.33973 8.84814 12
    endloop
  endfacet
  facet normal -0 0 1
    outer loop
      vertex -10.3238 10.3238 12
      vertex -6.42646 8.53474 12
      vertex -9.80476 10.8179 12
    endloop
  endfacet
  facet normal 0 0 1
    outer loop
      vertex -6.33973 8.84814 12
      vertex -9.80476 10.8179 12
      vertex -6.42646 8.53474 12
    endloop
  endfacet
  facet normal -0 0 1
    outer loop
      vertex -9.80476 10.8179 12
      vertex -6.33973 8.84814 12
      vertex -9.26214 11.286 12
    endloop
  endfacet
  facet normal 0 0 1
    outer loop
      vertex 10.3238 -10.3238 12
      vertex 6.42646 -8.53474 12
      vertex 9.80476 -10.8179 12
    endloop
  endfacet
  facet normal -0 0 1
    outer loop
      vertex 6.33973 -8.84814 12
      vertex 9.80476 -10.8179 12
      vertex 6.42646 -8.53474 12
    endloop
  endfacet
  facet normal 0 0 1
    outer loop
      vertex 9.80476 -10.8179 12
      vertex 6.33973 -8.84814 12
      vertex 9.26214 -11.286 12
    endloop
  endfacet
  facet normal -0 0 1
    outer loop
      vertex 6.23773 -9.15689 12
      vertex 9.26214 -11.286 12
      vertex 6.33973 -8.84814 12
    endloop
  endfacet
  facet normal -0 0 1
    outer loop
      vertex 6.1207 -9.46028 12
      vertex 9.26214 -11.286 12
      vertex 6.23773 -9.15689 12
    endloop
  endfacet
  facet normal 0 0 1
    outer loop
      vertex 9.26214 -11.286 12
      vertex 6.1207 -9.46028 12
      vertex 8.69721 -11.7268 12
    endloop
  endfacet
  facet normal -0 0 1
    outer loop
      vertex 5.98893 -9.75755 12
      vertex 8.69721 -11.7268 12
      vertex 6.1207 -9.46028 12
    endloop
  endfacet
  facet normal 0 0 1
    outer loop
      vertex 8.69721 -11.7268 12
      vertex 5.98893 -9.75755 12
      vertex 8.11133 -12.1395 12
    endloop
  endfacet
  facet normal -0 0 1
    outer loop
      vertex 5.84273 -10.048 12
      vertex 8.11133 -12.1395 12
      vertex 5.98893 -9.75755 12
    endloop
  endfacet
  facet normal -0 0 1
    outer loop
      vertex 5.68245 -10.3309 12
      vertex 8.11133 -12.1395 12
      vertex 5.84273 -10.048 12
    endloop
  endfacet
  facet normal 0 0 1
    outer loop
      vertex 8.11133 -12.1395 12
      vertex 5.68245 -10.3309 12
      vertex 7.5059 -12.5228 12
    endloop
  endfacet
  facet normal -0 0 1
    outer loop
      vertex 5.50849 -10.6057 12
      vertex 7.5059 -12.5228 12
      vertex 5.68245 -10.3309 12
    endloop
  endfacet
  facet normal 0 0 1
    outer loop
      vertex 7.5059 -12.5228 12
      vertex 5.50849 -10.6057 12
      vertex 6.88239 -12.876 12
    endloop
  endfacet
  facet normal -0 0 1
    outer loop
      vertex 5.32125 -10.8715 12
      vertex 6.88239 -12.876 12
      vertex 5.50849 -10.6057 12
    endloop
  endfacet
  facet normal -0 0 1
    outer loop
      vertex 5.12119 -11.1279 12
      vertex 6.88239 -12.876 12
      vertex 5.32125 -10.8715 12
    endloop
  endfacet
  facet normal 0 0 1
    outer loop
      vertex 6.88239 -12.876 12
      vertex 5.12119 -11.1279 12
      vertex 6.2423 -13.1982 12
    endloop
  endfacet
  facet normal -0 0 1
    outer loop
      vertex 4.9088 -11.3741 12
      vertex 6.2423 -13.1982 12
      vertex 5.12119 -11.1279 12
    endloop
  endfacet
  facet normal -0 0 1
    outer loop
      vertex 4.68458 -11.6096 12
      vertex 6.2423 -13.1982 12
      vertex 4.9088 -11.3741 12
    endloop
  endfacet
  facet normal 0 0 1
    outer loop
      vertex 6.2423 -13.1982 12
      vertex 4.68458 -11.6096 12
      vertex 5.58718 -13.4886 12
    endloop
  endfacet
  facet normal -0 0 1
    outer loop
      vertex 4.44908 -11.8338 12
      vertex 5.58718 -13.4886 12
      vertex 4.68458 -11.6096 12
    endloop
  endfacet
  facet normal -0 0 1
    outer loop
      vertex 4.20286 -12.0462 12
      vertex 5.58718 -13.4886 12
      vertex 4.44908 -11.8338 12
    endloop
  endfacet
  facet normal 0 0 1
    outer loop
      vertex 5.58718 -13.4886 12
      vertex 4.20286 -12.0462 12
      vertex 4.91859 -13.7465 12
    endloop
  endfacet
  facet normal -0 0 1
    outer loop
      vertex 3.94651 -12.2462 12
      vertex 4.91859 -13.7465 12
      vertex 4.20286 -12.0462 12
    endloop
  endfacet
  facet normal 0 0 1
    outer loop
      vertex 4.91859 -13.7465 12
      vertex 3.94651 -12.2462 12
      vertex 4.23816 -13.9713 12
    endloop
  endfacet
  facet normal -0 0 1
    outer loop
      vertex 3.68065 -12.4335 12
      vertex 4.23816 -13.9713 12
      vertex 3.94651 -12.2462 12
    endloop
  endfacet
  facet normal -0 0 1
    outer loop
      vertex 3.40593 -12.6075 12
      vertex 4.23816 -13.9713 12
      vertex 3.68065 -12.4335 12
    endloop
  endfacet
  facet normal 0 0 1
    outer loop
      vertex 4.23816 -13.9713 12
      vertex 3.40593 -12.6075 12
      vertex 3.54751 -14.1625 12
    endloop
  endfacet
  facet normal -0 0 1
    outer loop
      vertex 3.123 -12.7677 12
      vertex 3.54751 -14.1625 12
      vertex 3.40593 -12.6075 12
    endloop
  endfacet
  facet normal -0 0 1
    outer loop
      vertex 2.83255 -12.9139 12
      vertex 3.54751 -14.1625 12
      vertex 3.123 -12.7677 12
    endloop
  endfacet
  facet normal 0 0 1
    outer loop
      vertex 3.54751 -14.1625 12
      vertex 2.83255 -12.9139 12
      vertex 2.84832 -14.3195 12
    endloop
  endfacet
  facet normal -0 0 1
    outer loop
      vertex 2.53528 -13.0457 12
      vertex 2.84832 -14.3195 12
      vertex 2.83255 -12.9139 12
    endloop
  endfacet
  facet normal -0 0 1
    outer loop
      vertex 2.23189 -13.1627 12
      vertex 2.84832 -14.3195 12
      vertex 2.53528 -13.0457 12
    endloop
  endfacet
  facet normal 0 0 1
    outer loop
      vertex 2.23189 -13.1627 12
      vertex 2.14226 -14.442 12
      vertex 2.84832 -14.3195 12
    endloop
  endfacet
  facet normal -0 0 1
    outer loop
      vertex 1.92314 -13.2647 12
      vertex 2.14226 -14.442 12
      vertex 2.23189 -13.1627 12
    endloop
  endfacet
  facet normal -0 0 1
    outer loop
      vertex 1.60974 -13.3515 12
      vertex 2.14226 -14.442 12
      vertex 1.92314 -13.2647 12
    endloop
  endfacet
  facet normal 0 0 1
    outer loop
      vertex 1.60974 -13.3515 12
      vertex 1.43105 -14.5297 12
      vertex 2.14226 -14.442 12
    endloop
  endfacet
  facet normal -0 0 1
    outer loop
      vertex 1.29247 -13.4227 12
      vertex 1.43105 -14.5297 12
      vertex 1.60974 -13.3515 12
    endloop
  endfacet
  facet normal -0 0 1
    outer loop
      vertex 0.972089 -13.4783 12
      vertex 1.43105 -14.5297 12
      vertex 1.29247 -13.4227 12
    endloop
  endfacet
  facet normal 0 0 1
    outer loop
      vertex 0.972089 -13.4783 12
      vertex 0.716388 -14.5824 12
      vertex 1.43105 -14.5297 12
    endloop
  endfacet
  facet normal -0 0 1
    outer loop
      vertex 0.649364 -13.5181 12
      vertex 0.716388 -14.5824 12
      vertex 0.972089 -13.4783 12
    endloop
  endfacet
  facet normal -0 0 1
    outer loop
      vertex 0.325073 -13.542 12
      vertex 0.716388 -14.5824 12
      vertex 0.649364 -13.5181 12
    endloop
  endfacet
  facet normal 0 0 1
    outer loop
      vertex 0 -14.6 12
      vertex 0.325073 -13.542 12
      vertex 0 -13.55 12
    endloop
  endfacet
  facet normal 0 0 1
    outer loop
      vertex 0.325073 -13.542 12
      vertex 0 -14.6 12
      vertex 0.716388 -14.5824 12
    endloop
  endfacet
  facet normal 0 0 1
    outer loop
      vertex -0.325073 -13.542 12
      vertex 0 -14.6 12
      vertex 0 -13.55 12
    endloop
  endfacet
  facet normal 0 0 1
    outer loop
      vertex -0.716388 -14.5824 12
      vertex -0.325073 -13.542 12
      vertex -0.649364 -13.5181 12
    endloop
  endfacet
  facet normal 0 0 1
    outer loop
      vertex -0.325073 -13.542 12
      vertex -0.716388 -14.5824 12
      vertex 0 -14.6 12
    endloop
  endfacet
  facet normal 0 0 1
    outer loop
      vertex -0.972089 -13.4783 12
      vertex -0.716388 -14.5824 12
      vertex -0.649364 -13.5181 12
    endloop
  endfacet
  facet normal 0 0 1
    outer loop
      vertex -1.43105 -14.5297 12
      vertex -0.972089 -13.4783 12
      vertex -1.29247 -13.4227 12
    endloop
  endfacet
  facet normal 0 0 1
    outer loop
      vertex -0.972089 -13.4783 12
      vertex -1.43105 -14.5297 12
      vertex -0.716388 -14.5824 12
    endloop
  endfacet
  facet normal 0 0 1
    outer loop
      vertex -1.60974 -13.3515 12
      vertex -1.43105 -14.5297 12
      vertex -1.29247 -13.4227 12
    endloop
  endfacet
  facet normal 0 0 1
    outer loop
      vertex -2.14226 -14.442 12
      vertex -1.60974 -13.3515 12
      vertex -1.92314 -13.2647 12
    endloop
  endfacet
  facet normal 0 0 1
    outer loop
      vertex -1.60974 -13.3515 12
      vertex -2.14226 -14.442 12
      vertex -1.43105 -14.5297 12
    endloop
  endfacet
  facet normal 0 0 1
    outer loop
      vertex -2.23189 -13.1627 12
      vertex -2.14226 -14.442 12
      vertex -1.92314 -13.2647 12
    endloop
  endfacet
  facet normal 0 0 1
    outer loop
      vertex -2.84832 -14.3195 12
      vertex -2.23189 -13.1627 12
      vertex -2.53528 -13.0457 12
    endloop
  endfacet
  facet normal 0 0 1
    outer loop
      vertex -2.84832 -14.3195 12
      vertex -2.53528 -13.0457 12
      vertex -2.83255 -12.9139 12
    endloop
  endfacet
  facet normal 0 0 1
    outer loop
      vertex -2.23189 -13.1627 12
      vertex -2.84832 -14.3195 12
      vertex -2.14226 -14.442 12
    endloop
  endfacet
  facet normal 0 0 1
    outer loop
      vertex -3.54751 -14.1625 12
      vertex -2.83255 -12.9139 12
      vertex -3.123 -12.7677 12
    endloop
  endfacet
  facet normal 0 0 1
    outer loop
      vertex -3.54751 -14.1625 12
      vertex -3.123 -12.7677 12
      vertex -3.40593 -12.6075 12
    endloop
  endfacet
  facet normal 0 0 1
    outer loop
      vertex -2.83255 -12.9139 12
      vertex -3.54751 -14.1625 12
      vertex -2.84832 -14.3195 12
    endloop
  endfacet
  facet normal 0 0 1
    outer loop
      vertex -4.23816 -13.9713 12
      vertex -3.40593 -12.6075 12
      vertex -3.68065 -12.4335 12
    endloop
  endfacet
  facet normal 0 0 1
    outer loop
      vertex -4.23816 -13.9713 12
      vertex -3.68065 -12.4335 12
      vertex -3.94651 -12.2462 12
    endloop
  endfacet
  facet normal 0 0 1
    outer loop
      vertex -4.91859 -13.7465 12
      vertex -3.94651 -12.2462 12
      vertex -4.20286 -12.0462 12
    endloop
  endfacet
  facet normal 0 0 1
    outer loop
      vertex -3.40593 -12.6075 12
      vertex -4.23816 -13.9713 12
      vertex -3.54751 -14.1625 12
    endloop
  endfacet
  facet normal 0 0 1
    outer loop
      vertex -5.58718 -13.4886 12
      vertex -4.20286 -12.0462 12
      vertex -4.44908 -11.8338 12
    endloop
  endfacet
  facet normal 0 0 1
    outer loop
      vertex -5.58718 -13.4886 12
      vertex -4.44908 -11.8338 12
      vertex -4.68458 -11.6096 12
    endloop
  endfacet
  facet normal 0 0 1
    outer loop
      vertex -6.2423 -13.1982 12
      vertex -4.68458 -11.6096 12
      vertex -4.9088 -11.3741 12
    endloop
  endfacet
  facet normal 0 0 1
    outer loop
      vertex -3.94651 -12.2462 12
      vertex -4.91859 -13.7465 12
      vertex -4.23816 -13.9713 12
    endloop
  endfacet
  facet normal 0 0 1
    outer loop
      vertex -6.2423 -13.1982 12
      vertex -4.9088 -11.3741 12
      vertex -5.12119 -11.1279 12
    endloop
  endfacet
  facet normal 0 0 1
    outer loop
      vertex -6.88239 -12.876 12
      vertex -5.12119 -11.1279 12
      vertex -5.32125 -10.8715 12
    endloop
  endfacet
  facet normal 0 0 1
    outer loop
      vertex -6.88239 -12.876 12
      vertex -5.32125 -10.8715 12
      vertex -5.50849 -10.6057 12
    endloop
  endfacet
  facet normal 0 0 1
    outer loop
      vertex -4.20286 -12.0462 12
      vertex -5.58718 -13.4886 12
      vertex -4.91859 -13.7465 12
    endloop
  endfacet
  facet normal 0 0 1
    outer loop
      vertex -7.5059 -12.5228 12
      vertex -5.50849 -10.6057 12
      vertex -5.68245 -10.3309 12
    endloop
  endfacet
  facet normal 0 0 1
    outer loop
      vertex -8.11133 -12.1395 12
      vertex -5.68245 -10.3309 12
      vertex -5.84273 -10.048 12
    endloop
  endfacet
  facet normal 0 0 1
    outer loop
      vertex -8.11133 -12.1395 12
      vertex -5.84273 -10.048 12
      vertex -5.98893 -9.75755 12
    endloop
  endfacet
  facet normal 0 0 1
    outer loop
      vertex -8.69721 -11.7268 12
      vertex -5.98893 -9.75755 12
      vertex -6.1207 -9.46028 12
    endloop
  endfacet
  facet normal 0 0 1
    outer loop
      vertex -9.26214 -11.286 12
      vertex -6.1207 -9.46028 12
      vertex -6.23773 -9.15689 12
    endloop
  endfacet
  facet normal 0 0 1
    outer loop
      vertex -4.68458 -11.6096 12
      vertex -6.2423 -13.1982 12
      vertex -5.58718 -13.4886 12
    endloop
  endfacet
  facet normal 0 0 1
    outer loop
      vertex -9.26214 -11.286 12
      vertex -6.23773 -9.15689 12
      vertex -6.33973 -8.84814 12
    endloop
  endfacet
  facet normal 0 0 1
    outer loop
      vertex -9.80476 -10.8179 12
      vertex -6.33973 -8.84814 12
      vertex -6.42646 -8.53474 12
    endloop
  endfacet
  facet normal 0 0 1
    outer loop
      vertex -10.3238 -10.3238 12
      vertex -6.42646 -8.53474 12
      vertex -6.4977 -8.21747 12
    endloop
  endfacet
  facet normal 0 0 1
    outer loop
      vertex -10.3238 -10.3238 12
      vertex -6.4977 -8.21747 12
      vertex -6.55329 -7.89709 12
    endloop
  endfacet
  facet normal 0 0 1
    outer loop
      vertex -10.8179 -9.80476 12
      vertex -6.55329 -7.89709 12
      vertex -6.5931 -7.57436 12
    endloop
  endfacet
  facet normal 0 0 1
    outer loop
      vertex -11.286 -9.26214 12
      vertex -6.5931 -7.57436 12
      vertex -6.61702 -7.25007 12
    endloop
  endfacet
  facet normal 0 0 1
    outer loop
      vertex -5.12119 -11.1279 12
      vertex -6.88239 -12.876 12
      vertex -6.2423 -13.1982 12
    endloop
  endfacet
  facet normal 0 0 1
    outer loop
      vertex -11.7268 -8.69721 12
      vertex -6.61702 -7.25007 12
      vertex -6.625 -6.925 12
    endloop
  endfacet
  facet normal 0 0 1
    outer loop
      vertex -6.42646 8.53474 12
      vertex -10.3238 10.3238 12
      vertex -6.4977 8.21747 12
    endloop
  endfacet
  facet normal 0 0 1
    outer loop
      vertex -6.4977 8.21747 12
      vertex -10.3238 10.3238 12
      vertex -6.55329 7.89709 12
    endloop
  endfacet
  facet normal 0 0 1
    outer loop
      vertex -5.50849 -10.6057 12
      vertex -7.5059 -12.5228 12
      vertex -6.88239 -12.876 12
    endloop
  endfacet
  facet normal -0 0 1
    outer loop
      vertex -10.8179 9.80476 12
      vertex -6.55329 7.89709 12
      vertex -10.3238 10.3238 12
    endloop
  endfacet
  facet normal 0 0 1
    outer loop
      vertex -5.68245 -10.3309 12
      vertex -8.11133 -12.1395 12
      vertex -7.5059 -12.5228 12
    endloop
  endfacet
  facet normal 0 0 1
    outer loop
      vertex -6.55329 7.89709 12
      vertex -10.8179 9.80476 12
      vertex -6.5931 7.57436 12
    endloop
  endfacet
  facet normal 0 0 1
    outer loop
      vertex -5.98893 -9.75755 12
      vertex -8.69721 -11.7268 12
      vertex -8.11133 -12.1395 12
    endloop
  endfacet
  facet normal -0 0 1
    outer loop
      vertex -11.286 9.26214 12
      vertex -6.5931 7.57436 12
      vertex -10.8179 9.80476 12
    endloop
  endfacet
  facet normal 0 0 1
    outer loop
      vertex -6.1207 -9.46028 12
      vertex -9.26214 -11.286 12
      vertex -8.69721 -11.7268 12
    endloop
  endfacet
  facet normal 0 0 1
    outer loop
      vertex -6.5931 7.57436 12
      vertex -11.286 9.26214 12
      vertex -6.61702 7.25007 12
    endloop
  endfacet
  facet normal 0 0 1
    outer loop
      vertex -6.33973 -8.84814 12
      vertex -9.80476 -10.8179 12
      vertex -9.26214 -11.286 12
    endloop
  endfacet
  facet normal -0 0 1
    outer loop
      vertex -11.7268 8.69721 12
      vertex -6.61702 7.25007 12
      vertex -11.286 9.26214 12
    endloop
  endfacet
  facet normal 0 0 1
    outer loop
      vertex -6.42646 -8.53474 12
      vertex -10.3238 -10.3238 12
      vertex -9.80476 -10.8179 12
    endloop
  endfacet
  facet normal 0 0 1
    outer loop
      vertex -6.61702 7.25007 12
      vertex -11.7268 8.69721 12
      vertex -6.625 6.925 12
    endloop
  endfacet
  facet normal 0 0 1
    outer loop
      vertex -6.55329 -7.89709 12
      vertex -10.8179 -9.80476 12
      vertex -10.3238 -10.3238 12
    endloop
  endfacet
  facet normal -0 0 1
    outer loop
      vertex -12.1395 8.11133 12
      vertex -6.625 6.925 12
      vertex -11.7268 8.69721 12
    endloop
  endfacet
  facet normal 0 0 1
    outer loop
      vertex -6.5931 -7.57436 12
      vertex -11.286 -9.26214 12
      vertex -10.8179 -9.80476 12
    endloop
  endfacet
  facet normal 0 0 1
    outer loop
      vertex -6.5931 6.27564 12
      vertex -12.1395 8.11133 12
      vertex -12.5228 7.5059 12
    endloop
  endfacet
  facet normal 0 0 1
    outer loop
      vertex -6.61702 -7.25007 12
      vertex -11.7268 -8.69721 12
      vertex -11.286 -9.26214 12
    endloop
  endfacet
  facet normal 0 0 1
    outer loop
      vertex -6.55329 5.95291 12
      vertex -12.5228 7.5059 12
      vertex -12.876 6.88239 12
    endloop
  endfacet
  facet normal 0 0 1
    outer loop
      vertex -6.625 -6.925 12
      vertex -12.1395 -8.11133 12
      vertex -11.7268 -8.69721 12
    endloop
  endfacet
  facet normal 0 0 1
    outer loop
      vertex -6.4977 5.63253 12
      vertex -12.876 6.88239 12
      vertex -13.1982 6.2423 12
    endloop
  endfacet
  facet normal 0 0 1
    outer loop
      vertex -6.61702 -6.59993 12
      vertex -12.1395 -8.11133 12
      vertex -6.625 -6.925 12
    endloop
  endfacet
  facet normal 0 0 1
    outer loop
      vertex -6.42646 5.31526 12
      vertex -13.1982 6.2423 12
      vertex -13.4886 5.58718 12
    endloop
  endfacet
  facet normal 0 0 1
    outer loop
      vertex -6.5931 -6.27564 12
      vertex -12.1395 -8.11133 12
      vertex -6.61702 -6.59993 12
    endloop
  endfacet
  facet normal 0 0 1
    outer loop
      vertex -6.33973 5.00186 12
      vertex -13.4886 5.58718 12
      vertex -13.7465 4.91859 12
    endloop
  endfacet
  facet normal 0 -0 1
    outer loop
      vertex -12.1395 -8.11133 12
      vertex -6.5931 -6.27564 12
      vertex -12.5228 -7.5059 12
    endloop
  endfacet
  facet normal 0 0 1
    outer loop
      vertex -6.23773 4.69311 12
      vertex -13.7465 4.91859 12
      vertex -13.9713 4.23816 12
    endloop
  endfacet
  facet normal 0 0 1
    outer loop
      vertex -6.55329 -5.95291 12
      vertex -12.5228 -7.5059 12
      vertex -6.5931 -6.27564 12
    endloop
  endfacet
  facet normal 0 0 1
    outer loop
      vertex -6.1207 4.38972 12
      vertex -13.9713 4.23816 12
      vertex -14.1625 3.54751 12
    endloop
  endfacet
  facet normal 0 -0 1
    outer loop
      vertex -12.5228 -7.5059 12
      vertex -6.55329 -5.95291 12
      vertex -12.876 -6.88239 12
    endloop
  endfacet
  facet normal 0 0 1
    outer loop
      vertex -5.98893 4.09245 12
      vertex -14.1625 3.54751 12
      vertex -14.3195 2.84832 12
    endloop
  endfacet
  facet normal 0 0 1
    outer loop
      vertex -6.4977 -5.63253 12
      vertex -12.876 -6.88239 12
      vertex -6.55329 -5.95291 12
    endloop
  endfacet
  facet normal 0 0 1
    outer loop
      vertex -5.84273 3.802 12
      vertex -14.3195 2.84832 12
      vertex -14.442 2.14226 12
    endloop
  endfacet
  facet normal 0 -0 1
    outer loop
      vertex -12.876 -6.88239 12
      vertex -6.4977 -5.63253 12
      vertex -13.1982 -6.2423 12
    endloop
  endfacet
  facet normal 0 0 1
    outer loop
      vertex -5.68245 3.51907 12
      vertex -14.442 2.14226 12
      vertex -14.5297 1.43105 12
    endloop
  endfacet
  facet normal 0 0 1
    outer loop
      vertex -6.42646 -5.31526 12
      vertex -13.1982 -6.2423 12
      vertex -6.4977 -5.63253 12
    endloop
  endfacet
  facet normal 0 0 1
    outer loop
      vertex -5.50849 3.24435 12
      vertex -14.5297 1.43105 12
      vertex -14.5824 0.716388 12
    endloop
  endfacet
  facet normal 0 -0 1
    outer loop
      vertex -13.1982 -6.2423 12
      vertex -6.42646 -5.31526 12
      vertex -13.4886 -5.58718 12
    endloop
  endfacet
  facet normal 0 0 1
    outer loop
      vertex -5.50849 3.24435 12
      vertex -14.5824 0.716388 12
      vertex -14.6 0 12
    endloop
  endfacet
  facet normal 0 0 1
    outer loop
      vertex -6.33973 -5.00186 12
      vertex -13.4886 -5.58718 12
      vertex -6.42646 -5.31526 12
    endloop
  endfacet
  facet normal 0 -0 1
    outer loop
      vertex -13.7465 -4.91859 12
      vertex -6.23773 -4.69311 12
      vertex -13.9713 -4.23816 12
    endloop
  endfacet
  facet normal 0 -0 1
    outer loop
      vertex -13.4886 -5.58718 12
      vertex -6.33973 -5.00186 12
      vertex -13.7465 -4.91859 12
    endloop
  endfacet
  facet normal 0 0 1
    outer loop
      vertex -6.23773 -4.69311 12
      vertex -13.7465 -4.91859 12
      vertex -6.33973 -5.00186 12
    endloop
  endfacet
  facet normal -0.701845 0.086544 -0.707053
    outer loop
      vertex -14.2311 1.40164 0
      vertex -14.8283 1.46045 0.599999
      vertex -14.442 2.14226 0.299999
    endloop
  endfacet
  facet normal -0.701946 0.0866516 -0.706939
    outer loop
      vertex -14.442 2.14226 0.299999
      vertex -14.8283 1.46045 0.599999
      vertex -14.7387 2.18628 0.599999
    endloop
  endfacet
  facet normal -0.659791 -0.254506 0.707038
    outer loop
      vertex -13.7465 -4.91859 12
      vertex -13.7658 -5.70198 11.7
      vertex -13.4886 -5.58718 12
    endloop
  endfacet
  facet normal -0.659786 -0.254508 0.707042
    outer loop
      vertex -13.7465 -4.91859 12
      vertex -14.029 -5.01966 11.7
      vertex -13.7658 -5.70198 11.7
    endloop
  endfacet
  facet normal 0.120904 0.696747 -0.707054
    outer loop
      vertex 2.78979 14.0252 0
      vertex 2.09825 14.1452 0
      vertex 2.14226 14.442 0.299999
    endloop
  endfacet
  facet normal 0.017308 0.70693 0.707072
    outer loop
      vertex 0.731108 14.8821 11.7
      vertex 0 14.9 11.7
      vertex 0.716388 14.5824 12
    endloop
  endfacet
endsolid OpenSCAD_Model
