solid OpenSCAD_Model
  facet normal 0.870084 0.492903 0
    outer loop
      vertex -5.68245 -3.40593 12
      vertex -5.84273 -3.123 4
      vertex -5.84273 -3.123 12
    endloop
  endfacet
  facet normal 0.870084 0.492903 0
    outer loop
      vertex -5.84273 -3.123 4
      vertex -5.68245 -3.40593 12
      vertex -5.68245 -3.40593 4
    endloop
  endfacet
  facet normal -0.997256 -0.0740244 0
    outer loop
      vertex 6.5931 0.649364 4
      vertex 6.5936 0.642628 8.92784
      vertex 6.5931 0.649364 8.9321
    endloop
  endfacet
  facet normal -0.997301 -0.0734221 8.27808e-07
    outer loop
      vertex 6.5931 0.649364 4
      vertex 6.59753 0.589246 8.8976
      vertex 6.5936 0.642628 8.92784
    endloop
  endfacet
  facet normal -0.99728 -0.0737001 -2.60361e-06
    outer loop
      vertex 6.5931 0.649364 4
      vertex 6.60158 0.534444 8.87001
      vertex 6.59753 0.589246 8.8976
    endloop
  endfacet
  facet normal -0.9973 -0.0734345 3.69847e-06
    outer loop
      vertex 6.5931 0.649364 4
      vertex 6.60571 0.478354 8.84515
      vertex 6.60158 0.534444 8.87001
    endloop
  endfacet
  facet normal -0.997281 -0.0736937 -5.50104e-06
    outer loop
      vertex 6.5931 0.649364 4
      vertex 6.60994 0.421112 8.82307
      vertex 6.60571 0.478354 8.84515
    endloop
  endfacet
  facet normal -0.997299 -0.0734425 6.45409e-06
    outer loop
      vertex 6.5931 0.649364 4
      vertex 6.61423 0.362855 8.80382
      vertex 6.60994 0.421112 8.82307
    endloop
  endfacet
  facet normal -0.997291 -0.0735611 -0
    outer loop
      vertex 6.61702 0.325073 8.79337
      vertex 6.5931 0.649364 4
      vertex 6.61702 0.325073 4
    endloop
  endfacet
  facet normal -0.997285 -0.0736426 -5.54855e-06
    outer loop
      vertex 6.5931 0.649364 4
      vertex 6.61702 0.325073 8.79337
      vertex 6.61423 0.362855 8.80382
    endloop
  endfacet
  facet normal -0.997256 -0.0740244 0
    outer loop
      vertex 6.5936 0.642628 11.0722
      vertex 6.5931 0.649364 12
      vertex 6.5931 0.649364 11.0679
    endloop
  endfacet
  facet normal -0.997301 -0.0734241 -4.38216e-06
    outer loop
      vertex 6.59753 0.589246 11.1024
      vertex 6.5931 0.649364 12
      vertex 6.5936 0.642628 11.0722
    endloop
  endfacet
  facet normal -0.997281 -0.0736945 1.38275e-05
    outer loop
      vertex 6.60158 0.534444 11.13
      vertex 6.5931 0.649364 12
      vertex 6.59753 0.589246 11.1024
    endloop
  endfacet
  facet normal -0.9973 -0.0734416 -1.97651e-05
    outer loop
      vertex 6.60571 0.478354 11.1548
      vertex 6.5931 0.649364 12
      vertex 6.60158 0.534444 11.13
    endloop
  endfacet
  facet normal -0.997282 -0.0736845 2.96483e-05
    outer loop
      vertex 6.60994 0.421112 11.1769
      vertex 6.5931 0.649364 12
      vertex 6.60571 0.478354 11.1548
    endloop
  endfacet
  facet normal -0.997299 -0.073452 -3.51782e-05
    outer loop
      vertex 6.61423 0.362855 11.1962
      vertex 6.5931 0.649364 12
      vertex 6.60994 0.421112 11.1769
    endloop
  endfacet
  facet normal -0.997285 -0.0736442 -0
    outer loop
      vertex 6.61702 0.325073 12
      vertex 6.61423 0.362855 11.1962
      vertex 6.61702 0.325073 11.2066
    endloop
  endfacet
  facet normal -0.997291 -0.0735611 3.92714e-06
    outer loop
      vertex 6.61423 0.362855 11.1962
      vertex 6.61702 0.325073 12
      vertex 6.5931 0.649364 12
    endloop
  endfacet
  facet normal -0.999703 -0.0243499 0
    outer loop
      vertex 6.61702 0.325073 4
      vertex 6.61754 0.303724 8.78746
      vertex 6.61702 0.325073 8.79337
    endloop
  endfacet
  facet normal -0.999699 -0.0245489 -8.87893e-07
    outer loop
      vertex 6.61702 0.325073 4
      vertex 6.61901 0.243862 8.77402
      vertex 6.61754 0.303724 8.78746
    endloop
  endfacet
  facet normal -0.999696 -0.024641 -2.45534e-06
    outer loop
      vertex 6.61702 0.325073 4
      vertex 6.6205 0.183413 8.76353
      vertex 6.61901 0.243862 8.77402
    endloop
  endfacet
  facet normal -0.999701 -0.0244626 2.85277e-06
    outer loop
      vertex 6.61702 0.325073 4
      vertex 6.62199 0.122521 8.75602
      vertex 6.6205 0.183413 8.76353
    endloop
  endfacet
  facet normal -0.9997 -0.0245076 9.34488e-07
    outer loop
      vertex 6.61702 0.325073 4
      vertex 6.62349 0.0613337 8.7515
      vertex 6.62199 0.122521 8.75602
    endloop
  endfacet
  facet normal -0.999699 -0.0245409 -9.17319e-07
    outer loop
      vertex 6.625 0 4
      vertex 6.62349 0.0613337 8.7515
      vertex 6.61702 0.325073 4
    endloop
  endfacet
  facet normal -0.999697 -0.024612 0
    outer loop
      vertex 6.62349 0.0613337 8.7515
      vertex 6.625 0 4
      vertex 6.625 0 8.75
    endloop
  endfacet
  facet normal -0.999703 -0.0243499 0
    outer loop
      vertex 6.61754 0.303724 11.2125
      vertex 6.61702 0.325073 12
      vertex 6.61702 0.325073 11.2066
    endloop
  endfacet
  facet normal -0.999699 -0.0245479 5.37035e-06
    outer loop
      vertex 6.61901 0.243862 11.226
      vertex 6.61702 0.325073 12
      vertex 6.61754 0.303724 11.2125
    endloop
  endfacet
  facet normal -0.999696 -0.0246388 1.49173e-05
    outer loop
      vertex 6.6205 0.183413 11.2365
      vertex 6.61702 0.325073 12
      vertex 6.61901 0.243862 11.226
    endloop
  endfacet
  facet normal -0.999701 -0.0244644 -1.74648e-05
    outer loop
      vertex 6.62199 0.122521 11.244
      vertex 6.61702 0.325073 12
      vertex 6.6205 0.183413 11.2365
    endloop
  endfacet
  facet normal -0.9997 -0.0245069 8.5799e-06
    outer loop
      vertex 6.625 0 12
      vertex 6.62199 0.122521 11.244
      vertex 6.62349 0.0613337 11.2485
    endloop
  endfacet
  facet normal -0.999697 -0.024612 -0
    outer loop
      vertex 6.625 0 12
      vertex 6.62349 0.0613337 11.2485
      vertex 6.625 0 11.25
    endloop
  endfacet
  facet normal -0.999699 -0.0245409 3.05964e-06
    outer loop
      vertex 6.62199 0.122521 11.244
      vertex 6.625 0 12
      vertex 6.61702 0.325073 12
    endloop
  endfacet
  facet normal -0.99245 -0.122651 0
    outer loop
      vertex 6.55329 0.972089 4
      vertex 6.55401 0.966263 9.20701
      vertex 6.55329 0.972089 9.21447
    endloop
  endfacet
  facet normal -0.992458 -0.122587 7.26739e-08
    outer loop
      vertex 6.55329 0.972089 4
      vertex 6.55896 0.926188 9.16055
      vertex 6.55401 0.966263 9.20701
    endloop
  endfacet
  facet normal -0.992501 -0.122233 3.26608e-06
    outer loop
      vertex 6.55329 0.972089 4
      vertex 6.56417 0.883883 9.11612
      vertex 6.55896 0.926188 9.16055
    endloop
  endfacet
  facet normal -0.992481 -0.122399 3.60454e-07
    outer loop
      vertex 6.55329 0.972089 4
      vertex 6.56965 0.839448 9.07381
      vertex 6.56417 0.883883 9.11612
    endloop
  endfacet
  facet normal -0.992479 -0.122412 1.47825e-08
    outer loop
      vertex 6.55329 0.972089 4
      vertex 6.57538 0.792991 9.03374
      vertex 6.56965 0.839448 9.07381
    endloop
  endfacet
  facet normal -0.992469 -0.122497 -3.03786e-06
    outer loop
      vertex 6.55329 0.972089 4
      vertex 6.58135 0.744623 8.99599
      vertex 6.57538 0.792991 9.03374
    endloop
  endfacet
  facet normal -0.992472 -0.122475 -2.01437e-06
    outer loop
      vertex 6.55329 0.972089 4
      vertex 6.58754 0.694463 8.96066
      vertex 6.58135 0.744623 8.99599
    endloop
  endfacet
  facet normal -0.992477 -0.122428 -0
    outer loop
      vertex 6.5931 0.649364 8.9321
      vertex 6.55329 0.972089 4
      vertex 6.5931 0.649364 4
    endloop
  endfacet
  facet normal -0.992486 -0.122361 4.45661e-06
    outer loop
      vertex 6.55329 0.972089 4
      vertex 6.5931 0.649364 8.9321
      vertex 6.58754 0.694463 8.96066
    endloop
  endfacet
  facet normal -0.99245 -0.122651 0
    outer loop
      vertex 6.55401 0.966263 10.793
      vertex 6.55329 0.972089 12
      vertex 6.55329 0.972089 10.7855
    endloop
  endfacet
  facet normal -0.992458 -0.122587 -3.12178e-07
    outer loop
      vertex 6.55896 0.926188 10.8394
      vertex 6.55329 0.972089 12
      vertex 6.55401 0.966263 10.793
    endloop
  endfacet
  facet normal -0.9925 -0.122244 -1.40727e-05
    outer loop
      vertex 6.56417 0.883883 10.8839
      vertex 6.55329 0.972089 12
      vertex 6.55896 0.926188 10.8394
    endloop
  endfacet
  facet normal -0.992481 -0.1224 -1.56191e-06
    outer loop
      vertex 6.56965 0.839448 10.9262
      vertex 6.55329 0.972089 12
      vertex 6.56417 0.883883 10.8839
    endloop
  endfacet
  facet normal -0.992479 -0.122412 -6.45419e-08
    outer loop
      vertex 6.57538 0.792991 10.9663
      vertex 6.55329 0.972089 12
      vertex 6.56965 0.839448 10.9262
    endloop
  endfacet
  facet normal -0.99247 -0.122489 1.33951e-05
    outer loop
      vertex 6.58135 0.744623 11.004
      vertex 6.55329 0.972089 12
      vertex 6.57538 0.792991 10.9663
    endloop
  endfacet
  facet normal -0.992472 -0.12247 8.98428e-06
    outer loop
      vertex 6.58754 0.694463 11.0393
      vertex 6.55329 0.972089 12
      vertex 6.58135 0.744623 11.004
    endloop
  endfacet
  facet normal -0.992484 -0.122371 -2.01373e-05
    outer loop
      vertex 6.5931 0.649364 11.0679
      vertex 6.55329 0.972089 12
      vertex 6.58754 0.694463 11.0393
    endloop
  endfacet
  facet normal -0.992477 -0.122428 0
    outer loop
      vertex 6.55329 0.972089 12
      vertex 6.5931 0.649364 11.0679
      vertex 6.5931 0.649364 12
    endloop
  endfacet
  facet normal 0.313689 0.949526 -0
    outer loop
      vertex -1.92314 -6.33973 4
      vertex -2.23189 -6.23773 12
      vertex -1.92314 -6.33973 12
    endloop
  endfacet
  facet normal 0.313689 0.949526 0
    outer loop
      vertex -2.23189 -6.23773 12
      vertex -1.92314 -6.33973 4
      vertex -2.23189 -6.23773 4
    endloop
  endfacet
  facet normal 0.985278 -0.170958 0
    outer loop
      vertex -6.55329 0.972089 12
      vertex -6.4977 1.29247 4
      vertex -6.4977 1.29247 12
    endloop
  endfacet
  facet normal 0.985278 -0.170958 0
    outer loop
      vertex -6.4977 1.29247 4
      vertex -6.55329 0.972089 12
      vertex -6.55329 0.972089 4
    endloop
  endfacet
  facet normal -0.0735611 0.997291 0
    outer loop
      vertex 0.649364 -6.5931 4
      vertex 0.325073 -6.61702 12
      vertex 0.649364 -6.5931 12
    endloop
  endfacet
  facet normal -0.0735611 0.997291 0
    outer loop
      vertex 0.325073 -6.61702 12
      vertex 0.649364 -6.5931 4
      vertex 0.325073 -6.61702 4
    endloop
  endfacet
  facet normal 0.932993 -0.359894 0
    outer loop
      vertex -6.23773 2.23189 12
      vertex -6.1207 2.53528 4
      vertex -6.1207 2.53528 12
    endloop
  endfacet
  facet normal 0.932993 -0.359894 0
    outer loop
      vertex -6.1207 2.53528 4
      vertex -6.23773 2.23189 12
      vertex -6.23773 2.23189 4
    endloop
  endfacet
  facet normal 0.0735611 -0.997291 0
    outer loop
      vertex -0.649364 6.5931 4
      vertex -0.325073 6.61702 12
      vertex -0.649364 6.5931 12
    endloop
  endfacet
  facet normal 0.0735611 -0.997291 0
    outer loop
      vertex -0.325073 6.61702 12
      vertex -0.649364 6.5931 4
      vertex -0.325073 6.61702 4
    endloop
  endfacet
  facet normal 0.975706 -0.219086 0
    outer loop
      vertex -6.4977 1.29247 12
      vertex -6.42646 1.60974 4
      vertex -6.42646 1.60974 12
    endloop
  endfacet
  facet normal 0.975706 -0.219086 0
    outer loop
      vertex -6.42646 1.60974 4
      vertex -6.4977 1.29247 12
      vertex -6.4977 1.29247 4
    endloop
  endfacet
  facet normal -0.492903 0.870084 0
    outer loop
      vertex 3.40593 -5.68245 4
      vertex 3.123 -5.84273 12
      vertex 3.40593 -5.68245 12
    endloop
  endfacet
  facet normal -0.492903 0.870084 0
    outer loop
      vertex 3.123 -5.84273 12
      vertex 3.40593 -5.68245 4
      vertex 3.123 -5.84273 4
    endloop
  endfacet
  facet normal -0.893225 -0.449611 0
    outer loop
      vertex 5.98893 2.83255 4
      vertex 5.84273 3.123 12
      vertex 5.84273 3.123 4
    endloop
  endfacet
  facet normal -0.893225 -0.449611 0
    outer loop
      vertex 5.84273 3.123 12
      vertex 5.98893 2.83255 4
      vertex 5.98893 2.83255 12
    endloop
  endfacet
  facet normal 0.219086 -0.975706 0
    outer loop
      vertex -1.60974 6.42646 4
      vertex -1.29247 6.4977 12
      vertex -1.60974 6.42646 12
    endloop
  endfacet
  facet normal 0.219086 -0.975706 0
    outer loop
      vertex -1.29247 6.4977 12
      vertex -1.60974 6.42646 4
      vertex -1.29247 6.4977 4
    endloop
  endfacet
  facet normal -0.975706 0.219086 0
    outer loop
      vertex 6.42646 -1.60974 4
      vertex 6.4977 -1.29247 12
      vertex 6.4977 -1.29247 4
    endloop
  endfacet
  facet normal -0.975706 0.219086 0
    outer loop
      vertex 6.4977 -1.29247 12
      vertex 6.42646 -1.60974 4
      vertex 6.42646 -1.60974 12
    endloop
  endfacet
  facet normal -0.949526 0.313689 0
    outer loop
      vertex 6.23773 -2.23189 4
      vertex 6.33973 -1.92314 12
      vertex 6.33973 -1.92314 4
    endloop
  endfacet
  facet normal -0.949526 0.313689 0
    outer loop
      vertex 6.33973 -1.92314 12
      vertex 6.23773 -2.23189 4
      vertex 6.23773 -2.23189 12
    endloop
  endfacet
  facet normal -0.949526 -0.313689 0
    outer loop
      vertex 6.33973 1.92314 4
      vertex 6.23773 2.23189 12
      vertex 6.23773 2.23189 4
    endloop
  endfacet
  facet normal -0.949526 -0.313689 0
    outer loop
      vertex 6.23773 2.23189 12
      vertex 6.33973 1.92314 4
      vertex 6.33973 1.92314 12
    endloop
  endfacet
  facet normal 0.689549 -0.724239 0
    outer loop
      vertex -4.68458 4.68458 4
      vertex -4.44908 4.9088 12
      vertex -4.68458 4.68458 12
    endloop
  endfacet
  facet normal 0.689549 -0.724239 0
    outer loop
      vertex -4.44908 4.9088 12
      vertex -4.68458 4.68458 4
      vertex -4.44908 4.9088 4
    endloop
  endfacet
  facet normal 0.949526 -0.313689 0
    outer loop
      vertex -6.33973 1.92314 12
      vertex -6.23773 2.23189 4
      vertex -6.23773 2.23189 12
    endloop
  endfacet
  facet normal 0.949526 -0.313689 0
    outer loop
      vertex -6.23773 2.23189 4
      vertex -6.33973 1.92314 12
      vertex -6.33973 1.92314 4
    endloop
  endfacet
  facet normal -0.893225 0.449611 0
    outer loop
      vertex 5.84273 -3.123 4
      vertex 5.98893 -2.83255 12
      vertex 5.98893 -2.83255 4
    endloop
  endfacet
  facet normal -0.893225 0.449611 0
    outer loop
      vertex 5.98893 -2.83255 12
      vertex 5.84273 -3.123 4
      vertex 5.84273 -3.123 12
    endloop
  endfacet
  facet normal -0.359894 0.932993 0
    outer loop
      vertex 2.53528 -6.1207 4
      vertex 2.23189 -6.23773 12
      vertex 2.53528 -6.1207 12
    endloop
  endfacet
  facet normal -0.359894 0.932993 0
    outer loop
      vertex 2.23189 -6.23773 12
      vertex 2.53528 -6.1207 4
      vertex 2.23189 -6.23773 4
    endloop
  endfacet
  facet normal 0.75721 -0.653171 0
    outer loop
      vertex -5.12119 4.20286 12
      vertex -4.9088 4.44908 4
      vertex -4.9088 4.44908 12
    endloop
  endfacet
  facet normal 0.75721 -0.653171 0
    outer loop
      vertex -4.9088 4.44908 4
      vertex -5.12119 4.20286 12
      vertex -5.12119 4.20286 4
    endloop
  endfacet
  facet normal 0.0735611 0.997291 -0
    outer loop
      vertex -0.325073 -6.61702 4
      vertex -0.649364 -6.5931 12
      vertex -0.325073 -6.61702 12
    endloop
  endfacet
  facet normal 0.0735611 0.997291 0
    outer loop
      vertex -0.649364 -6.5931 12
      vertex -0.325073 -6.61702 4
      vertex -0.649364 -6.5931 4
    endloop
  endfacet
  facet normal -0.534988 0.84486 0
    outer loop
      vertex 3.68065 -5.50849 4
      vertex 3.40593 -5.68245 12
      vertex 3.68065 -5.50849 12
    endloop
  endfacet
  facet normal -0.534988 0.84486 0
    outer loop
      vertex 3.40593 -5.68245 12
      vertex 3.68065 -5.50849 4
      vertex 3.40593 -5.68245 4
    endloop
  endfacet
  facet normal -0.870084 -0.492903 0
    outer loop
      vertex 5.84273 3.123 4
      vertex 5.68245 3.40593 12
      vertex 5.68245 3.40593 4
    endloop
  endfacet
  facet normal -0.870084 -0.492903 0
    outer loop
      vertex 5.68245 3.40593 12
      vertex 5.84273 3.123 4
      vertex 5.84273 3.123 12
    endloop
  endfacet
  facet normal 0.653171 -0.75721 0
    outer loop
      vertex -4.44908 4.9088 4
      vertex -4.20286 5.12119 12
      vertex -4.44908 4.9088 12
    endloop
  endfacet
  facet normal 0.653171 -0.75721 0
    outer loop
      vertex -4.20286 5.12119 12
      vertex -4.44908 4.9088 4
      vertex -4.20286 5.12119 4
    endloop
  endfacet
  facet normal -0.963776 0.266714 0
    outer loop
      vertex 6.33973 -1.92314 4
      vertex 6.42646 -1.60974 12
      vertex 6.42646 -1.60974 4
    endloop
  endfacet
  facet normal -0.963776 0.266714 0
    outer loop
      vertex 6.42646 -1.60974 12
      vertex 6.33973 -1.92314 4
      vertex 6.33973 -1.92314 12
    endloop
  endfacet
  facet normal -0.615236 -0.788343 0
    outer loop
      vertex 3.94651 5.32125 4
      vertex 4.20286 5.12119 12
      vertex 3.94651 5.32125 12
    endloop
  endfacet
  facet normal -0.615236 -0.788343 -0
    outer loop
      vertex 4.20286 5.12119 12
      vertex 3.94651 5.32125 4
      vertex 4.20286 5.12119 4
    endloop
  endfacet
  facet normal -0.84486 -0.534988 0
    outer loop
      vertex 5.68245 3.40593 4
      vertex 5.50849 3.68065 12
      vertex 5.50849 3.68065 4
    endloop
  endfacet
  facet normal -0.84486 -0.534988 0
    outer loop
      vertex 5.50849 3.68065 12
      vertex 5.68245 3.40593 4
      vertex 5.68245 3.40593 12
    endloop
  endfacet
  facet normal 0.170958 -0.985278 0
    outer loop
      vertex -1.29247 6.4977 4
      vertex -0.972089 6.55329 12
      vertex -1.29247 6.4977 12
    endloop
  endfacet
  facet normal 0.170958 -0.985278 0
    outer loop
      vertex -0.972089 6.55329 12
      vertex -1.29247 6.4977 4
      vertex -0.972089 6.55329 4
    endloop
  endfacet
  facet normal -0.219086 0.975706 0
    outer loop
      vertex 1.60974 -6.42646 4
      vertex 1.29247 -6.4977 12
      vertex 1.60974 -6.42646 12
    endloop
  endfacet
  facet normal -0.219086 0.975706 0
    outer loop
      vertex 1.29247 -6.4977 12
      vertex 1.60974 -6.42646 4
      vertex 1.29247 -6.4977 4
    endloop
  endfacet
  facet normal -0.492903 -0.870084 0
    outer loop
      vertex 3.123 5.84273 4
      vertex 3.40593 5.68245 12
      vertex 3.123 5.84273 12
    endloop
  endfacet
  facet normal -0.492903 -0.870084 -0
    outer loop
      vertex 3.40593 5.68245 12
      vertex 3.123 5.84273 4
      vertex 3.40593 5.68245 4
    endloop
  endfacet
  facet normal 0.914211 -0.405239 0
    outer loop
      vertex -6.1207 2.53528 12
      vertex -5.98893 2.83255 4
      vertex -5.98893 2.83255 12
    endloop
  endfacet
  facet normal 0.914211 -0.405239 0
    outer loop
      vertex -5.98893 2.83255 4
      vertex -6.1207 2.53528 12
      vertex -6.1207 2.53528 4
    endloop
  endfacet
  facet normal 0.359894 0.932993 -0
    outer loop
      vertex -2.23189 -6.23773 4
      vertex -2.53528 -6.1207 12
      vertex -2.23189 -6.23773 12
    endloop
  endfacet
  facet normal 0.359894 0.932993 0
    outer loop
      vertex -2.53528 -6.1207 12
      vertex -2.23189 -6.23773 4
      vertex -2.53528 -6.1207 4
    endloop
  endfacet
  facet normal -0.985275 -0.170979 0
    outer loop
      vertex 6.4977 1.29247 4
      vertex 6.50507 1.25 10
      vertex 6.4977 1.29247 12
    endloop
  endfacet
  facet normal -0.985448 -0.169977 7.30763e-06
    outer loop
      vertex 6.4977 1.29247 4
      vertex 6.50533 1.24849 9.93867
      vertex 6.50507 1.25 10
    endloop
  endfacet
  facet normal -0.985028 -0.172393 -1.11254e-05
    outer loop
      vertex 6.4977 1.29247 4
      vertex 6.50612 1.24398 9.87748
      vertex 6.50533 1.24849 9.93867
    endloop
  endfacet
  facet normal -0.985341 -0.170598 4.12612e-06
    outer loop
      vertex 6.4977 1.29247 4
      vertex 6.50742 1.23647 9.81659
      vertex 6.50612 1.24398 9.87748
    endloop
  endfacet
  facet normal -0.98528 -0.170948 6.54801e-07
    outer loop
      vertex 6.4977 1.29247 4
      vertex 6.50924 1.22598 9.75614
      vertex 6.50742 1.23647 9.81659
    endloop
  endfacet
  facet normal -0.985301 -0.170824 2.13066e-06
    outer loop
      vertex 6.4977 1.29247 4
      vertex 6.51157 1.21254 9.69627
      vertex 6.50924 1.22598 9.75614
    endloop
  endfacet
  facet normal -0.985282 -0.170937 5.09867e-07
    outer loop
      vertex 6.4977 1.29247 4
      vertex 6.51441 1.19617 9.63714
      vertex 6.51157 1.21254 9.69627
    endloop
  endfacet
  facet normal -0.985265 -0.171035 -1.22307e-06
    outer loop
      vertex 6.4977 1.29247 4
      vertex 6.51775 1.17693 9.57889
      vertex 6.51441 1.19617 9.63714
    endloop
  endfacet
  facet normal -0.985286 -0.170912 1.41042e-06
    outer loop
      vertex 6.4977 1.29247 4
      vertex 6.52158 1.15485 9.52165
      vertex 6.51775 1.17693 9.57889
    endloop
  endfacet
  facet normal -0.985237 -0.171195 -5.85486e-06
    outer loop
      vertex 6.4977 1.29247 4
      vertex 6.5259 1.12999 9.46556
      vertex 6.52158 1.15485 9.52165
    endloop
  endfacet
  facet normal -0.985319 -0.170725 8.53653e-06
    outer loop
      vertex 6.4977 1.29247 4
      vertex 6.53068 1.1024 9.41075
      vertex 6.5259 1.12999 9.46556
    endloop
  endfacet
  facet normal -0.985263 -0.171047 -3.13155e-06
    outer loop
      vertex 6.4977 1.29247 4
      vertex 6.53593 1.07216 9.35737
      vertex 6.53068 1.1024 9.41075
    endloop
  endfacet
  facet normal -0.985253 -0.171105 -5.56905e-06
    outer loop
      vertex 6.4977 1.29247 4
      vertex 6.54163 1.03934 9.30554
      vertex 6.53593 1.07216 9.35737
    endloop
  endfacet
  facet normal -0.985279 -0.170955 1.77225e-06
    outer loop
      vertex 6.4977 1.29247 4
      vertex 6.54776 1.00401 9.25538
      vertex 6.54163 1.03934 9.30554
    endloop
  endfacet
  facet normal -0.985278 -0.170958 -0
    outer loop
      vertex 6.55329 0.972089 9.21447
      vertex 6.4977 1.29247 4
      vertex 6.55329 0.972089 4
    endloop
  endfacet
  facet normal -0.98532 -0.170717 1.52632e-05
    outer loop
      vertex 6.4977 1.29247 4
      vertex 6.55329 0.972089 9.21447
      vertex 6.54776 1.00401 9.25538
    endloop
  endfacet
  facet normal -0.985395 -0.170286 -1.51575e-05
    outer loop
      vertex 6.50533 1.24849 10.0613
      vertex 6.4977 1.29247 12
      vertex 6.50507 1.25 10
    endloop
  endfacet
  facet normal -0.985069 -0.172162 2.86774e-05
    outer loop
      vertex 6.50612 1.24398 10.1225
      vertex 6.4977 1.29247 12
      vertex 6.50533 1.24849 10.0613
    endloop
  endfacet
  facet normal -0.985331 -0.170656 -1.13943e-05
    outer loop
      vertex 6.50742 1.23647 10.1834
      vertex 6.4977 1.29247 12
      vertex 6.50612 1.24398 10.1225
    endloop
  endfacet
  facet normal -0.985279 -0.170955 -1.87888e-06
    outer loop
      vertex 6.50924 1.22598 10.2439
      vertex 6.4977 1.29247 12
      vertex 6.50742 1.23647 10.1834
    endloop
  endfacet
  facet normal -0.985298 -0.170842 -6.28448e-06
    outer loop
      vertex 6.51157 1.21254 10.3037
      vertex 6.4977 1.29247 12
      vertex 6.50924 1.22598 10.2439
    endloop
  endfacet
  facet normal -0.985281 -0.17094 -1.53703e-06
    outer loop
      vertex 6.51441 1.19617 10.3629
      vertex 6.4977 1.29247 12
      vertex 6.51157 1.21254 10.3037
    endloop
  endfacet
  facet normal -0.985266 -0.171028 3.76023e-06
    outer loop
      vertex 6.51775 1.17693 10.4211
      vertex 6.4977 1.29247 12
      vertex 6.51441 1.19617 10.3629
    endloop
  endfacet
  facet normal -0.985285 -0.170919 -4.41308e-06
    outer loop
      vertex 6.52158 1.15485 10.4784
      vertex 6.4977 1.29247 12
      vertex 6.51775 1.17693 10.4211
    endloop
  endfacet
  facet normal -0.985242 -0.171167 1.8643e-05
    outer loop
      vertex 6.5259 1.12999 10.5344
      vertex 6.4977 1.29247 12
      vertex 6.52158 1.15485 10.4784
    endloop
  endfacet
  facet normal -0.985312 -0.170761 -2.76304e-05
    outer loop
      vertex 6.53068 1.1024 10.5892
      vertex 6.4977 1.29247 12
      vertex 6.5259 1.12999 10.5344
    endloop
  endfacet
  facet normal -0.985265 -0.171035 1.03037e-05
    outer loop
      vertex 6.53593 1.07216 10.6426
      vertex 6.4977 1.29247 12
      vertex 6.53068 1.1024 10.5892
    endloop
  endfacet
  facet normal -0.985256 -0.171085 1.86267e-05
    outer loop
      vertex 6.54163 1.03934 10.6945
      vertex 6.4977 1.29247 12
      vertex 6.53593 1.07216 10.6426
    endloop
  endfacet
  facet normal -0.985278 -0.170961 -6.03179e-06
    outer loop
      vertex 6.54776 1.00401 10.7446
      vertex 6.4977 1.29247 12
      vertex 6.54163 1.03934 10.6945
    endloop
  endfacet
  facet normal -0.985312 -0.170763 -5.28344e-05
    outer loop
      vertex 6.55329 0.972089 10.7855
      vertex 6.4977 1.29247 12
      vertex 6.54776 1.00401 10.7446
    endloop
  endfacet
  facet normal -0.985278 -0.170958 0
    outer loop
      vertex 6.4977 1.29247 12
      vertex 6.55329 0.972089 10.7855
      vertex 6.55329 0.972089 12
    endloop
  endfacet
  facet normal 0.963776 -0.266714 0
    outer loop
      vertex -6.42646 1.60974 12
      vertex -6.33973 1.92314 4
      vertex -6.33973 1.92314 12
    endloop
  endfacet
  facet normal 0.963776 -0.266714 0
    outer loop
      vertex -6.33973 1.92314 4
      vertex -6.42646 1.60974 12
      vertex -6.42646 1.60974 4
    endloop
  endfacet
  facet normal -0.724239 -0.689549 0
    outer loop
      vertex 4.9088 4.44908 4
      vertex 4.68458 4.68458 12
      vertex 4.68458 4.68458 4
    endloop
  endfacet
  facet normal -0.724239 -0.689549 0
    outer loop
      vertex 4.68458 4.68458 12
      vertex 4.9088 4.44908 4
      vertex 4.9088 4.44908 12
    endloop
  endfacet
  facet normal 0.405239 0.914211 -0
    outer loop
      vertex -2.53528 -6.1207 4
      vertex -2.83255 -5.98893 12
      vertex -2.53528 -6.1207 12
    endloop
  endfacet
  facet normal 0.405239 0.914211 0
    outer loop
      vertex -2.83255 -5.98893 12
      vertex -2.53528 -6.1207 4
      vertex -2.83255 -5.98893 4
    endloop
  endfacet
  facet normal -0.870084 0.492903 0
    outer loop
      vertex 5.68245 -3.40593 4
      vertex 5.84273 -3.123 12
      vertex 5.84273 -3.123 4
    endloop
  endfacet
  facet normal -0.870084 0.492903 0
    outer loop
      vertex 5.84273 -3.123 12
      vertex 5.68245 -3.40593 4
      vertex 5.68245 -3.40593 12
    endloop
  endfacet
  facet normal -0.992477 0.122428 0
    outer loop
      vertex 6.55329 -0.972089 4
      vertex 6.5931 -0.649364 8.9321
      vertex 6.5931 -0.649364 4
    endloop
  endfacet
  facet normal -0.992486 0.122361 4.45661e-06
    outer loop
      vertex 6.5931 -0.649364 8.9321
      vertex 6.55329 -0.972089 4
      vertex 6.58754 -0.694463 8.96066
    endloop
  endfacet
  facet normal -0.992472 0.122475 -2.01437e-06
    outer loop
      vertex 6.58754 -0.694463 8.96066
      vertex 6.55329 -0.972089 4
      vertex 6.58135 -0.744623 8.99599
    endloop
  endfacet
  facet normal -0.992469 0.122497 -3.03786e-06
    outer loop
      vertex 6.58135 -0.744623 8.99599
      vertex 6.55329 -0.972089 4
      vertex 6.57538 -0.792991 9.03374
    endloop
  endfacet
  facet normal -0.992479 0.122412 1.47825e-08
    outer loop
      vertex 6.57538 -0.792991 9.03374
      vertex 6.55329 -0.972089 4
      vertex 6.56965 -0.839448 9.07381
    endloop
  endfacet
  facet normal -0.992481 0.122399 3.60454e-07
    outer loop
      vertex 6.56965 -0.839448 9.07381
      vertex 6.55329 -0.972089 4
      vertex 6.56417 -0.883883 9.11612
    endloop
  endfacet
  facet normal -0.992501 0.122233 3.26608e-06
    outer loop
      vertex 6.56417 -0.883883 9.11612
      vertex 6.55329 -0.972089 4
      vertex 6.55896 -0.926188 9.16055
    endloop
  endfacet
  facet normal -0.992458 0.122587 7.26739e-08
    outer loop
      vertex 6.55896 -0.926188 9.16055
      vertex 6.55329 -0.972089 4
      vertex 6.55401 -0.966263 9.20701
    endloop
  endfacet
  facet normal -0.99245 0.122651 0
    outer loop
      vertex 6.55401 -0.966263 9.20701
      vertex 6.55329 -0.972089 4
      vertex 6.55329 -0.972089 9.21447
    endloop
  endfacet
  facet normal -0.992484 0.122371 -2.01373e-05
    outer loop
      vertex 6.55329 -0.972089 12
      vertex 6.5931 -0.649364 11.0679
      vertex 6.58754 -0.694463 11.0393
    endloop
  endfacet
  facet normal -0.992472 0.12247 8.98428e-06
    outer loop
      vertex 6.55329 -0.972089 12
      vertex 6.58754 -0.694463 11.0393
      vertex 6.58135 -0.744623 11.004
    endloop
  endfacet
  facet normal -0.99247 0.122489 1.33951e-05
    outer loop
      vertex 6.55329 -0.972089 12
      vertex 6.58135 -0.744623 11.004
      vertex 6.57538 -0.792991 10.9663
    endloop
  endfacet
  facet normal -0.992479 0.122412 -6.45419e-08
    outer loop
      vertex 6.55329 -0.972089 12
      vertex 6.57538 -0.792991 10.9663
      vertex 6.56965 -0.839448 10.9262
    endloop
  endfacet
  facet normal -0.992481 0.1224 -1.56191e-06
    outer loop
      vertex 6.55329 -0.972089 12
      vertex 6.56965 -0.839448 10.9262
      vertex 6.56417 -0.883883 10.8839
    endloop
  endfacet
  facet normal -0.9925 0.122244 -1.40727e-05
    outer loop
      vertex 6.55329 -0.972089 12
      vertex 6.56417 -0.883883 10.8839
      vertex 6.55896 -0.926188 10.8394
    endloop
  endfacet
  facet normal -0.992458 0.122587 -3.12178e-07
    outer loop
      vertex 6.55329 -0.972089 12
      vertex 6.55896 -0.926188 10.8394
      vertex 6.55401 -0.966263 10.793
    endloop
  endfacet
  facet normal -0.99245 0.122651 0
    outer loop
      vertex 6.55329 -0.972089 12
      vertex 6.55401 -0.966263 10.793
      vertex 6.55329 -0.972089 10.7855
    endloop
  endfacet
  facet normal -0.992477 0.122428 0
    outer loop
      vertex 6.5931 -0.649364 11.0679
      vertex 6.55329 -0.972089 12
      vertex 6.5931 -0.649364 12
    endloop
  endfacet
  facet normal -0.653171 -0.75721 0
    outer loop
      vertex 4.20286 5.12119 4
      vertex 4.44908 4.9088 12
      vertex 4.20286 5.12119 12
    endloop
  endfacet
  facet normal -0.653171 -0.75721 -0
    outer loop
      vertex 4.44908 4.9088 12
      vertex 4.20286 5.12119 4
      vertex 4.44908 4.9088 4
    endloop
  endfacet
  facet normal 0.975706 0.219086 0
    outer loop
      vertex -6.42646 -1.60974 12
      vertex -6.4977 -1.29247 4
      vertex -6.4977 -1.29247 12
    endloop
  endfacet
  facet normal 0.975706 0.219086 0
    outer loop
      vertex -6.4977 -1.29247 4
      vertex -6.42646 -1.60974 12
      vertex -6.42646 -1.60974 4
    endloop
  endfacet
  facet normal 0.0245409 -0.999699 0
    outer loop
      vertex -0.325073 6.61702 4
      vertex 0 6.625 12
      vertex -0.325073 6.61702 12
    endloop
  endfacet
  facet normal 0.0245409 -0.999699 0
    outer loop
      vertex 0 6.625 12
      vertex -0.325073 6.61702 4
      vertex 0 6.625 4
    endloop
  endfacet
  facet normal -0.170958 0.985278 0
    outer loop
      vertex 1.29247 -6.4977 4
      vertex 0.972089 -6.55329 12
      vertex 1.29247 -6.4977 12
    endloop
  endfacet
  facet normal -0.170958 0.985278 0
    outer loop
      vertex 0.972089 -6.55329 12
      vertex 1.29247 -6.4977 4
      vertex 0.972089 -6.55329 4
    endloop
  endfacet
  facet normal 0.997291 0.0735611 0
    outer loop
      vertex -6.5931 -0.649364 12
      vertex -6.61702 -0.325073 4
      vertex -6.61702 -0.325073 12
    endloop
  endfacet
  facet normal 0.997291 0.0735611 0
    outer loop
      vertex -6.61702 -0.325073 4
      vertex -6.5931 -0.649364 12
      vertex -6.5931 -0.649364 4
    endloop
  endfacet
  facet normal 0.75721 0.653171 0
    outer loop
      vertex -4.9088 -4.44908 12
      vertex -5.12119 -4.20286 4
      vertex -5.12119 -4.20286 12
    endloop
  endfacet
  facet normal 0.75721 0.653171 0
    outer loop
      vertex -5.12119 -4.20286 4
      vertex -4.9088 -4.44908 12
      vertex -4.9088 -4.44908 4
    endloop
  endfacet
  facet normal 0.615236 -0.788343 0
    outer loop
      vertex -4.20286 5.12119 4
      vertex -3.94651 5.32125 12
      vertex -4.20286 5.12119 12
    endloop
  endfacet
  facet normal 0.615236 -0.788343 0
    outer loop
      vertex -3.94651 5.32125 12
      vertex -4.20286 5.12119 4
      vertex -3.94651 5.32125 4
    endloop
  endfacet
  facet normal -0.0245409 0.999699 0
    outer loop
      vertex 0.325073 -6.61702 4
      vertex 0 -6.625 12
      vertex 0.325073 -6.61702 12
    endloop
  endfacet
  facet normal -0.0245409 0.999699 0
    outer loop
      vertex 0 -6.625 12
      vertex 0.325073 -6.61702 4
      vertex 0 -6.625 4
    endloop
  endfacet
  facet normal -0.534988 -0.84486 0
    outer loop
      vertex 3.40593 5.68245 4
      vertex 3.68065 5.50849 12
      vertex 3.40593 5.68245 12
    endloop
  endfacet
  facet normal -0.534988 -0.84486 -0
    outer loop
      vertex 3.68065 5.50849 12
      vertex 3.40593 5.68245 4
      vertex 3.68065 5.50849 4
    endloop
  endfacet
  facet normal -0.997291 0.0735611 0
    outer loop
      vertex 6.5931 -0.649364 4
      vertex 6.61702 -0.325073 8.79337
      vertex 6.61702 -0.325073 4
    endloop
  endfacet
  facet normal -0.997285 0.0736426 -5.54855e-06
    outer loop
      vertex 6.61702 -0.325073 8.79337
      vertex 6.5931 -0.649364 4
      vertex 6.61423 -0.362855 8.80382
    endloop
  endfacet
  facet normal -0.997299 0.0734425 6.45409e-06
    outer loop
      vertex 6.61423 -0.362855 8.80382
      vertex 6.5931 -0.649364 4
      vertex 6.60994 -0.421112 8.82307
    endloop
  endfacet
  facet normal -0.997281 0.0736937 -5.50104e-06
    outer loop
      vertex 6.60994 -0.421112 8.82307
      vertex 6.5931 -0.649364 4
      vertex 6.60571 -0.478354 8.84515
    endloop
  endfacet
  facet normal -0.9973 0.0734345 3.69847e-06
    outer loop
      vertex 6.60571 -0.478354 8.84515
      vertex 6.5931 -0.649364 4
      vertex 6.60158 -0.534444 8.87001
    endloop
  endfacet
  facet normal -0.99728 0.0737001 -2.60361e-06
    outer loop
      vertex 6.60158 -0.534444 8.87001
      vertex 6.5931 -0.649364 4
      vertex 6.59753 -0.589246 8.8976
    endloop
  endfacet
  facet normal -0.997301 0.0734221 8.27808e-07
    outer loop
      vertex 6.59753 -0.589246 8.8976
      vertex 6.5931 -0.649364 4
      vertex 6.5936 -0.642628 8.92784
    endloop
  endfacet
  facet normal -0.997256 0.0740244 0
    outer loop
      vertex 6.5936 -0.642628 8.92784
      vertex 6.5931 -0.649364 4
      vertex 6.5931 -0.649364 8.9321
    endloop
  endfacet
  facet normal -0.997285 0.0736442 0
    outer loop
      vertex 6.61423 -0.362855 11.1962
      vertex 6.61702 -0.325073 12
      vertex 6.61702 -0.325073 11.2066
    endloop
  endfacet
  facet normal -0.997299 0.073452 -3.51782e-05
    outer loop
      vertex 6.5931 -0.649364 12
      vertex 6.61423 -0.362855 11.1962
      vertex 6.60994 -0.421112 11.1769
    endloop
  endfacet
  facet normal -0.997282 0.0736845 2.96483e-05
    outer loop
      vertex 6.5931 -0.649364 12
      vertex 6.60994 -0.421112 11.1769
      vertex 6.60571 -0.478354 11.1548
    endloop
  endfacet
  facet normal -0.9973 0.0734416 -1.97651e-05
    outer loop
      vertex 6.5931 -0.649364 12
      vertex 6.60571 -0.478354 11.1548
      vertex 6.60158 -0.534444 11.13
    endloop
  endfacet
  facet normal -0.997281 0.0736945 1.38275e-05
    outer loop
      vertex 6.5931 -0.649364 12
      vertex 6.60158 -0.534444 11.13
      vertex 6.59753 -0.589246 11.1024
    endloop
  endfacet
  facet normal -0.997301 0.0734241 -4.38216e-06
    outer loop
      vertex 6.5931 -0.649364 12
      vertex 6.59753 -0.589246 11.1024
      vertex 6.5936 -0.642628 11.0722
    endloop
  endfacet
  facet normal -0.997256 0.0740244 0
    outer loop
      vertex 6.5931 -0.649364 12
      vertex 6.5936 -0.642628 11.0722
      vertex 6.5931 -0.649364 11.0679
    endloop
  endfacet
  facet normal -0.997291 0.0735611 3.92714e-06
    outer loop
      vertex 6.61423 -0.362855 11.1962
      vertex 6.5931 -0.649364 12
      vertex 6.61702 -0.325073 12
    endloop
  endfacet
  facet normal -0.914211 -0.405239 0
    outer loop
      vertex 6.1207 2.53528 4
      vertex 5.98893 2.83255 12
      vertex 5.98893 2.83255 4
    endloop
  endfacet
  facet normal -0.914211 -0.405239 0
    outer loop
      vertex 5.98893 2.83255 12
      vertex 6.1207 2.53528 4
      vertex 6.1207 2.53528 12
    endloop
  endfacet
  facet normal -0.914211 0.405239 0
    outer loop
      vertex 5.98893 -2.83255 4
      vertex 6.1207 -2.53528 12
      vertex 6.1207 -2.53528 4
    endloop
  endfacet
  facet normal -0.914211 0.405239 0
    outer loop
      vertex 6.1207 -2.53528 12
      vertex 5.98893 -2.83255 4
      vertex 5.98893 -2.83255 12
    endloop
  endfacet
  facet normal -0.788343 0.615236 0
    outer loop
      vertex 5.12119 -4.20286 4
      vertex 5.32125 -3.94651 12
      vertex 5.32125 -3.94651 4
    endloop
  endfacet
  facet normal -0.788343 0.615236 0
    outer loop
      vertex 5.32125 -3.94651 12
      vertex 5.12119 -4.20286 4
      vertex 5.12119 -4.20286 12
    endloop
  endfacet
  facet normal -0.75721 0.653171 0
    outer loop
      vertex 4.9088 -4.44908 4
      vertex 5.12119 -4.20286 12
      vertex 5.12119 -4.20286 4
    endloop
  endfacet
  facet normal -0.75721 0.653171 0
    outer loop
      vertex 5.12119 -4.20286 12
      vertex 4.9088 -4.44908 4
      vertex 4.9088 -4.44908 12
    endloop
  endfacet
  facet normal 0.313689 -0.949526 0
    outer loop
      vertex -2.23189 6.23773 4
      vertex -1.92314 6.33973 12
      vertex -2.23189 6.23773 12
    endloop
  endfacet
  facet normal 0.313689 -0.949526 0
    outer loop
      vertex -1.92314 6.33973 12
      vertex -2.23189 6.23773 4
      vertex -1.92314 6.33973 4
    endloop
  endfacet
  facet normal -0.405239 -0.914211 0
    outer loop
      vertex 2.53528 6.1207 4
      vertex 2.83255 5.98893 12
      vertex 2.53528 6.1207 12
    endloop
  endfacet
  facet normal -0.405239 -0.914211 -0
    outer loop
      vertex 2.83255 5.98893 12
      vertex 2.53528 6.1207 4
      vertex 2.83255 5.98893 4
    endloop
  endfacet
  facet normal -0.313689 0.949526 0
    outer loop
      vertex 2.23189 -6.23773 4
      vertex 1.92314 -6.33973 12
      vertex 2.23189 -6.23773 12
    endloop
  endfacet
  facet normal -0.313689 0.949526 0
    outer loop
      vertex 1.92314 -6.33973 12
      vertex 2.23189 -6.23773 4
      vertex 1.92314 -6.33973 4
    endloop
  endfacet
  facet normal -0.817584 0.575809 0
    outer loop
      vertex 5.32125 -3.94651 4
      vertex 5.50849 -3.68065 12
      vertex 5.50849 -3.68065 4
    endloop
  endfacet
  facet normal -0.817584 0.575809 0
    outer loop
      vertex 5.50849 -3.68065 12
      vertex 5.32125 -3.94651 4
      vertex 5.32125 -3.94651 12
    endloop
  endfacet
  facet normal -0.219086 -0.975706 0
    outer loop
      vertex 1.29247 6.4977 4
      vertex 1.60974 6.42646 12
      vertex 1.29247 6.4977 12
    endloop
  endfacet
  facet normal -0.219086 -0.975706 -0
    outer loop
      vertex 1.60974 6.42646 12
      vertex 1.29247 6.4977 4
      vertex 1.60974 6.42646 4
    endloop
  endfacet
  facet normal 0.999699 -0.0245409 0
    outer loop
      vertex -6.625 0 12
      vertex -6.61702 0.325073 4
      vertex -6.61702 0.325073 12
    endloop
  endfacet
  facet normal 0.999699 -0.0245409 0
    outer loop
      vertex -6.61702 0.325073 4
      vertex -6.625 0 12
      vertex -6.625 0 4
    endloop
  endfacet
  facet normal 0.992477 -0.122428 0
    outer loop
      vertex -6.5931 0.649364 12
      vertex -6.55329 0.972089 4
      vertex -6.55329 0.972089 12
    endloop
  endfacet
  facet normal 0.992477 -0.122428 0
    outer loop
      vertex -6.55329 0.972089 4
      vertex -6.5931 0.649364 12
      vertex -6.5931 0.649364 4
    endloop
  endfacet
  facet normal -0.932993 -0.359894 0
    outer loop
      vertex 6.23773 2.23189 4
      vertex 6.1207 2.53528 12
      vertex 6.1207 2.53528 4
    endloop
  endfacet
  facet normal -0.932993 -0.359894 0
    outer loop
      vertex 6.1207 2.53528 12
      vertex 6.23773 2.23189 4
      vertex 6.23773 2.23189 12
    endloop
  endfacet
  facet normal -0.817584 -0.575809 0
    outer loop
      vertex 5.50849 3.68065 4
      vertex 5.32125 3.94651 12
      vertex 5.32125 3.94651 4
    endloop
  endfacet
  facet normal -0.817584 -0.575809 0
    outer loop
      vertex 5.32125 3.94651 12
      vertex 5.50849 3.68065 4
      vertex 5.50849 3.68065 12
    endloop
  endfacet
  facet normal -0.788343 -0.615236 0
    outer loop
      vertex 5.32125 3.94651 4
      vertex 5.12119 4.20286 12
      vertex 5.12119 4.20286 4
    endloop
  endfacet
  facet normal -0.788343 -0.615236 0
    outer loop
      vertex 5.12119 4.20286 12
      vertex 5.32125 3.94651 4
      vertex 5.32125 3.94651 12
    endloop
  endfacet
  facet normal -0.170958 -0.985278 0
    outer loop
      vertex 0.972089 6.55329 4
      vertex 1.29247 6.4977 12
      vertex 0.972089 6.55329 12
    endloop
  endfacet
  facet normal -0.170958 -0.985278 -0
    outer loop
      vertex 1.29247 6.4977 12
      vertex 0.972089 6.55329 4
      vertex 1.29247 6.4977 4
    endloop
  endfacet
  facet normal 0.985278 0.170958 0
    outer loop
      vertex -6.4977 -1.29247 12
      vertex -6.55329 -0.972089 4
      vertex -6.55329 -0.972089 12
    endloop
  endfacet
  facet normal 0.985278 0.170958 0
    outer loop
      vertex -6.55329 -0.972089 4
      vertex -6.4977 -1.29247 12
      vertex -6.4977 -1.29247 4
    endloop
  endfacet
  facet normal -0.689549 0.724239 0
    outer loop
      vertex 4.68458 -4.68458 4
      vertex 4.44908 -4.9088 12
      vertex 4.68458 -4.68458 12
    endloop
  endfacet
  facet normal -0.689549 0.724239 0
    outer loop
      vertex 4.44908 -4.9088 12
      vertex 4.68458 -4.68458 4
      vertex 4.44908 -4.9088 4
    endloop
  endfacet
  facet normal -0.449611 -0.893225 0
    outer loop
      vertex 2.83255 5.98893 4
      vertex 3.123 5.84273 12
      vertex 2.83255 5.98893 12
    endloop
  endfacet
  facet normal -0.449611 -0.893225 -0
    outer loop
      vertex 3.123 5.84273 12
      vertex 2.83255 5.98893 4
      vertex 3.123 5.84273 4
    endloop
  endfacet
  facet normal 0.122428 -0.992477 0
    outer loop
      vertex -0.972089 6.55329 4
      vertex -0.649364 6.5931 12
      vertex -0.972089 6.55329 12
    endloop
  endfacet
  facet normal 0.122428 -0.992477 0
    outer loop
      vertex -0.649364 6.5931 12
      vertex -0.972089 6.55329 4
      vertex -0.649364 6.5931 4
    endloop
  endfacet
  facet normal -0.932993 0.359894 0
    outer loop
      vertex 6.1207 -2.53528 4
      vertex 6.23773 -2.23189 12
      vertex 6.23773 -2.23189 4
    endloop
  endfacet
  facet normal -0.932993 0.359894 0
    outer loop
      vertex 6.23773 -2.23189 12
      vertex 6.1207 -2.53528 4
      vertex 6.1207 -2.53528 12
    endloop
  endfacet
  facet normal 0.84486 0.534988 0
    outer loop
      vertex -5.50849 -3.68065 12
      vertex -5.68245 -3.40593 4
      vertex -5.68245 -3.40593 12
    endloop
  endfacet
  facet normal 0.84486 0.534988 0
    outer loop
      vertex -5.68245 -3.40593 4
      vertex -5.50849 -3.68065 12
      vertex -5.50849 -3.68065 4
    endloop
  endfacet
  facet normal 0.932993 0.359894 0
    outer loop
      vertex -6.1207 -2.53528 12
      vertex -6.23773 -2.23189 4
      vertex -6.23773 -2.23189 12
    endloop
  endfacet
  facet normal 0.932993 0.359894 0
    outer loop
      vertex -6.23773 -2.23189 4
      vertex -6.1207 -2.53528 12
      vertex -6.1207 -2.53528 4
    endloop
  endfacet
  facet normal 0.615236 0.788343 -0
    outer loop
      vertex -3.94651 -5.32125 4
      vertex -4.20286 -5.12119 12
      vertex -3.94651 -5.32125 12
    endloop
  endfacet
  facet normal 0.615236 0.788343 0
    outer loop
      vertex -4.20286 -5.12119 12
      vertex -3.94651 -5.32125 4
      vertex -4.20286 -5.12119 4
    endloop
  endfacet
  facet normal 0.170958 0.985278 -0
    outer loop
      vertex -0.972089 -6.55329 4
      vertex -1.29247 -6.4977 12
      vertex -0.972089 -6.55329 12
    endloop
  endfacet
  facet normal 0.170958 0.985278 0
    outer loop
      vertex -1.29247 -6.4977 12
      vertex -0.972089 -6.55329 4
      vertex -1.29247 -6.4977 4
    endloop
  endfacet
  facet normal 0.999699 0.0245409 0
    outer loop
      vertex -6.61702 -0.325073 12
      vertex -6.625 0 4
      vertex -6.625 0 12
    endloop
  endfacet
  facet normal 0.999699 0.0245409 0
    outer loop
      vertex -6.625 0 4
      vertex -6.61702 -0.325073 12
      vertex -6.61702 -0.325073 4
    endloop
  endfacet
  facet normal -0.266714 -0.963776 0
    outer loop
      vertex 1.60974 6.42646 4
      vertex 1.92314 6.33973 12
      vertex 1.60974 6.42646 12
    endloop
  endfacet
  facet normal -0.266714 -0.963776 -0
    outer loop
      vertex 1.92314 6.33973 12
      vertex 1.60974 6.42646 4
      vertex 1.92314 6.33973 4
    endloop
  endfacet
  facet normal -0.999697 0.024612 0
    outer loop
      vertex 6.625 0 4
      vertex 6.62349 -0.0613337 8.7515
      vertex 6.625 0 8.75
    endloop
  endfacet
  facet normal -0.999699 0.0245409 -9.17319e-07
    outer loop
      vertex 6.61702 -0.325073 4
      vertex 6.62349 -0.0613337 8.7515
      vertex 6.625 0 4
    endloop
  endfacet
  facet normal -0.9997 0.0245076 9.34488e-07
    outer loop
      vertex 6.62349 -0.0613337 8.7515
      vertex 6.61702 -0.325073 4
      vertex 6.62199 -0.122521 8.75602
    endloop
  endfacet
  facet normal -0.999701 0.0244626 2.85277e-06
    outer loop
      vertex 6.62199 -0.122521 8.75602
      vertex 6.61702 -0.325073 4
      vertex 6.6205 -0.183413 8.76353
    endloop
  endfacet
  facet normal -0.999696 0.024641 -2.45534e-06
    outer loop
      vertex 6.6205 -0.183413 8.76353
      vertex 6.61702 -0.325073 4
      vertex 6.61901 -0.243862 8.77402
    endloop
  endfacet
  facet normal -0.999699 0.0245489 -8.87893e-07
    outer loop
      vertex 6.61901 -0.243862 8.77402
      vertex 6.61702 -0.325073 4
      vertex 6.61754 -0.303724 8.78746
    endloop
  endfacet
  facet normal -0.999703 0.0243499 0
    outer loop
      vertex 6.61754 -0.303724 8.78746
      vertex 6.61702 -0.325073 4
      vertex 6.61702 -0.325073 8.79337
    endloop
  endfacet
  facet normal -0.999697 0.024612 0
    outer loop
      vertex 6.62349 -0.0613337 11.2485
      vertex 6.625 0 12
      vertex 6.625 0 11.25
    endloop
  endfacet
  facet normal -0.9997 0.0245069 8.5799e-06
    outer loop
      vertex 6.62199 -0.122521 11.244
      vertex 6.625 0 12
      vertex 6.62349 -0.0613337 11.2485
    endloop
  endfacet
  facet normal -0.999701 0.0244644 -1.74648e-05
    outer loop
      vertex 6.61702 -0.325073 12
      vertex 6.62199 -0.122521 11.244
      vertex 6.6205 -0.183413 11.2365
    endloop
  endfacet
  facet normal -0.999696 0.0246388 1.49173e-05
    outer loop
      vertex 6.61702 -0.325073 12
      vertex 6.6205 -0.183413 11.2365
      vertex 6.61901 -0.243862 11.226
    endloop
  endfacet
  facet normal -0.999699 0.0245479 5.37035e-06
    outer loop
      vertex 6.61702 -0.325073 12
      vertex 6.61901 -0.243862 11.226
      vertex 6.61754 -0.303724 11.2125
    endloop
  endfacet
  facet normal -0.999703 0.0243499 0
    outer loop
      vertex 6.61702 -0.325073 12
      vertex 6.61754 -0.303724 11.2125
      vertex 6.61702 -0.325073 11.2066
    endloop
  endfacet
  facet normal -0.999699 0.0245409 3.05964e-06
    outer loop
      vertex 6.62199 -0.122521 11.244
      vertex 6.61702 -0.325073 12
      vertex 6.625 0 12
    endloop
  endfacet
  facet normal 0.219086 0.975706 -0
    outer loop
      vertex -1.29247 -6.4977 4
      vertex -1.60974 -6.42646 12
      vertex -1.29247 -6.4977 12
    endloop
  endfacet
  facet normal 0.219086 0.975706 0
    outer loop
      vertex -1.60974 -6.42646 12
      vertex -1.29247 -6.4977 4
      vertex -1.60974 -6.42646 4
    endloop
  endfacet
  facet normal -0.724239 0.689549 0
    outer loop
      vertex 4.68458 -4.68458 4
      vertex 4.9088 -4.44908 12
      vertex 4.9088 -4.44908 4
    endloop
  endfacet
  facet normal -0.724239 0.689549 0
    outer loop
      vertex 4.9088 -4.44908 12
      vertex 4.68458 -4.68458 4
      vertex 4.68458 -4.68458 12
    endloop
  endfacet
  facet normal 0.992477 0.122428 0
    outer loop
      vertex -6.55329 -0.972089 12
      vertex -6.5931 -0.649364 4
      vertex -6.5931 -0.649364 12
    endloop
  endfacet
  facet normal 0.992477 0.122428 0
    outer loop
      vertex -6.5931 -0.649364 4
      vertex -6.55329 -0.972089 12
      vertex -6.55329 -0.972089 4
    endloop
  endfacet
  facet normal 0.359894 -0.932993 0
    outer loop
      vertex -2.53528 6.1207 4
      vertex -2.23189 6.23773 12
      vertex -2.53528 6.1207 12
    endloop
  endfacet
  facet normal 0.359894 -0.932993 0
    outer loop
      vertex -2.23189 6.23773 12
      vertex -2.53528 6.1207 4
      vertex -2.23189 6.23773 4
    endloop
  endfacet
  facet normal -0.689549 -0.724239 0
    outer loop
      vertex 4.44908 4.9088 4
      vertex 4.68458 4.68458 12
      vertex 4.44908 4.9088 12
    endloop
  endfacet
  facet normal -0.689549 -0.724239 -0
    outer loop
      vertex 4.68458 4.68458 12
      vertex 4.44908 4.9088 4
      vertex 4.68458 4.68458 4
    endloop
  endfacet
  facet normal -0.975706 -0.219086 0
    outer loop
      vertex 6.4977 1.29247 4
      vertex 6.42646 1.60974 12
      vertex 6.42646 1.60974 4
    endloop
  endfacet
  facet normal -0.975706 -0.219086 0
    outer loop
      vertex 6.42646 1.60974 12
      vertex 6.4977 1.29247 4
      vertex 6.4977 1.29247 12
    endloop
  endfacet
  facet normal -0.963776 -0.266714 0
    outer loop
      vertex 6.42646 1.60974 4
      vertex 6.33973 1.92314 12
      vertex 6.33973 1.92314 4
    endloop
  endfacet
  facet normal -0.963776 -0.266714 0
    outer loop
      vertex 6.33973 1.92314 12
      vertex 6.42646 1.60974 4
      vertex 6.42646 1.60974 12
    endloop
  endfacet
  facet normal 0.534988 0.84486 -0
    outer loop
      vertex -3.40593 -5.68245 4
      vertex -3.68065 -5.50849 12
      vertex -3.40593 -5.68245 12
    endloop
  endfacet
  facet normal 0.534988 0.84486 0
    outer loop
      vertex -3.68065 -5.50849 12
      vertex -3.40593 -5.68245 4
      vertex -3.68065 -5.50849 4
    endloop
  endfacet
  facet normal -0.575809 -0.817584 0
    outer loop
      vertex 3.68065 5.50849 4
      vertex 3.94651 5.32125 12
      vertex 3.68065 5.50849 12
    endloop
  endfacet
  facet normal -0.575809 -0.817584 -0
    outer loop
      vertex 3.94651 5.32125 12
      vertex 3.68065 5.50849 4
      vertex 3.94651 5.32125 4
    endloop
  endfacet
  facet normal 0.893225 -0.449611 0
    outer loop
      vertex -5.98893 2.83255 12
      vertex -5.84273 3.123 4
      vertex -5.84273 3.123 12
    endloop
  endfacet
  facet normal 0.893225 -0.449611 0
    outer loop
      vertex -5.84273 3.123 4
      vertex -5.98893 2.83255 12
      vertex -5.98893 2.83255 4
    endloop
  endfacet
  facet normal 0.724239 0.689549 0
    outer loop
      vertex -4.68458 -4.68458 12
      vertex -4.9088 -4.44908 4
      vertex -4.9088 -4.44908 12
    endloop
  endfacet
  facet normal 0.724239 0.689549 0
    outer loop
      vertex -4.9088 -4.44908 4
      vertex -4.68458 -4.68458 12
      vertex -4.68458 -4.68458 4
    endloop
  endfacet
  facet normal -0.122428 -0.992477 0
    outer loop
      vertex 0.649364 6.5931 4
      vertex 0.972089 6.55329 12
      vertex 0.649364 6.5931 12
    endloop
  endfacet
  facet normal -0.122428 -0.992477 -0
    outer loop
      vertex 0.972089 6.55329 12
      vertex 0.649364 6.5931 4
      vertex 0.972089 6.55329 4
    endloop
  endfacet
  facet normal 0.997291 -0.0735611 0
    outer loop
      vertex -6.61702 0.325073 12
      vertex -6.5931 0.649364 4
      vertex -6.5931 0.649364 12
    endloop
  endfacet
  facet normal 0.997291 -0.0735611 0
    outer loop
      vertex -6.5931 0.649364 4
      vertex -6.61702 0.325073 12
      vertex -6.61702 0.325073 4
    endloop
  endfacet
  facet normal -0.653171 0.75721 0
    outer loop
      vertex 4.44908 -4.9088 4
      vertex 4.20286 -5.12119 12
      vertex 4.44908 -4.9088 12
    endloop
  endfacet
  facet normal -0.653171 0.75721 0
    outer loop
      vertex 4.20286 -5.12119 12
      vertex 4.44908 -4.9088 4
      vertex 4.20286 -5.12119 4
    endloop
  endfacet
  facet normal 0.949526 0.313689 0
    outer loop
      vertex -6.23773 -2.23189 12
      vertex -6.33973 -1.92314 4
      vertex -6.33973 -1.92314 12
    endloop
  endfacet
  facet normal 0.949526 0.313689 0
    outer loop
      vertex -6.33973 -1.92314 4
      vertex -6.23773 -2.23189 12
      vertex -6.23773 -2.23189 4
    endloop
  endfacet
  facet normal 0.449611 0.893225 -0
    outer loop
      vertex -2.83255 -5.98893 4
      vertex -3.123 -5.84273 12
      vertex -2.83255 -5.98893 12
    endloop
  endfacet
  facet normal 0.449611 0.893225 0
    outer loop
      vertex -3.123 -5.84273 12
      vertex -2.83255 -5.98893 4
      vertex -3.123 -5.84273 4
    endloop
  endfacet
  facet normal -0.359894 -0.932993 0
    outer loop
      vertex 2.23189 6.23773 4
      vertex 2.53528 6.1207 12
      vertex 2.23189 6.23773 12
    endloop
  endfacet
  facet normal -0.359894 -0.932993 -0
    outer loop
      vertex 2.53528 6.1207 12
      vertex 2.23189 6.23773 4
      vertex 2.53528 6.1207 4
    endloop
  endfacet
  facet normal -0.313689 -0.949526 0
    outer loop
      vertex 1.92314 6.33973 4
      vertex 2.23189 6.23773 12
      vertex 1.92314 6.33973 12
    endloop
  endfacet
  facet normal -0.313689 -0.949526 -0
    outer loop
      vertex 2.23189 6.23773 12
      vertex 1.92314 6.33973 4
      vertex 2.23189 6.23773 4
    endloop
  endfacet
  facet normal -0.84486 0.534988 0
    outer loop
      vertex 5.50849 -3.68065 4
      vertex 5.68245 -3.40593 12
      vertex 5.68245 -3.40593 4
    endloop
  endfacet
  facet normal -0.84486 0.534988 0
    outer loop
      vertex 5.68245 -3.40593 12
      vertex 5.50849 -3.68065 4
      vertex 5.50849 -3.68065 12
    endloop
  endfacet
  facet normal -0.122428 0.992477 0
    outer loop
      vertex 0.972089 -6.55329 4
      vertex 0.649364 -6.5931 12
      vertex 0.972089 -6.55329 12
    endloop
  endfacet
  facet normal -0.122428 0.992477 0
    outer loop
      vertex 0.649364 -6.5931 12
      vertex 0.972089 -6.55329 4
      vertex 0.649364 -6.5931 4
    endloop
  endfacet
  facet normal -0.449611 0.893225 0
    outer loop
      vertex 3.123 -5.84273 4
      vertex 2.83255 -5.98893 12
      vertex 3.123 -5.84273 12
    endloop
  endfacet
  facet normal -0.449611 0.893225 0
    outer loop
      vertex 2.83255 -5.98893 12
      vertex 3.123 -5.84273 4
      vertex 2.83255 -5.98893 4
    endloop
  endfacet
  facet normal -0.615236 0.788343 0
    outer loop
      vertex 4.20286 -5.12119 4
      vertex 3.94651 -5.32125 12
      vertex 4.20286 -5.12119 12
    endloop
  endfacet
  facet normal -0.615236 0.788343 0
    outer loop
      vertex 3.94651 -5.32125 12
      vertex 4.20286 -5.12119 4
      vertex 3.94651 -5.32125 4
    endloop
  endfacet
  facet normal 0.575809 -0.817584 0
    outer loop
      vertex -3.94651 5.32125 4
      vertex -3.68065 5.50849 12
      vertex -3.94651 5.32125 12
    endloop
  endfacet
  facet normal 0.575809 -0.817584 0
    outer loop
      vertex -3.68065 5.50849 12
      vertex -3.94651 5.32125 4
      vertex -3.68065 5.50849 4
    endloop
  endfacet
  facet normal -0.266714 0.963776 0
    outer loop
      vertex 1.92314 -6.33973 4
      vertex 1.60974 -6.42646 12
      vertex 1.92314 -6.33973 12
    endloop
  endfacet
  facet normal -0.266714 0.963776 0
    outer loop
      vertex 1.60974 -6.42646 12
      vertex 1.92314 -6.33973 4
      vertex 1.60974 -6.42646 4
    endloop
  endfacet
  facet normal -0.75721 -0.653171 0
    outer loop
      vertex 5.12119 4.20286 4
      vertex 4.9088 4.44908 12
      vertex 4.9088 4.44908 4
    endloop
  endfacet
  facet normal -0.75721 -0.653171 0
    outer loop
      vertex 4.9088 4.44908 12
      vertex 5.12119 4.20286 4
      vertex 5.12119 4.20286 12
    endloop
  endfacet
  facet normal -0.405239 0.914211 0
    outer loop
      vertex 2.83255 -5.98893 4
      vertex 2.53528 -6.1207 12
      vertex 2.83255 -5.98893 12
    endloop
  endfacet
  facet normal -0.405239 0.914211 0
    outer loop
      vertex 2.53528 -6.1207 12
      vertex 2.83255 -5.98893 4
      vertex 2.53528 -6.1207 4
    endloop
  endfacet
  facet normal 0.0245409 0.999699 -0
    outer loop
      vertex 0 -6.625 4
      vertex -0.325073 -6.61702 12
      vertex 0 -6.625 12
    endloop
  endfacet
  facet normal 0.0245409 0.999699 0
    outer loop
      vertex -0.325073 -6.61702 12
      vertex 0 -6.625 4
      vertex -0.325073 -6.61702 4
    endloop
  endfacet
  facet normal 0.893225 0.449611 0
    outer loop
      vertex -5.84273 -3.123 12
      vertex -5.98893 -2.83255 4
      vertex -5.98893 -2.83255 12
    endloop
  endfacet
  facet normal 0.893225 0.449611 0
    outer loop
      vertex -5.98893 -2.83255 4
      vertex -5.84273 -3.123 12
      vertex -5.84273 -3.123 4
    endloop
  endfacet
  facet normal 0.266714 0.963776 -0
    outer loop
      vertex -1.60974 -6.42646 4
      vertex -1.92314 -6.33973 12
      vertex -1.60974 -6.42646 12
    endloop
  endfacet
  facet normal 0.266714 0.963776 0
    outer loop
      vertex -1.92314 -6.33973 12
      vertex -1.60974 -6.42646 4
      vertex -1.92314 -6.33973 4
    endloop
  endfacet
  facet normal 0.653171 0.75721 -0
    outer loop
      vertex -4.20286 -5.12119 4
      vertex -4.44908 -4.9088 12
      vertex -4.20286 -5.12119 12
    endloop
  endfacet
  facet normal 0.653171 0.75721 0
    outer loop
      vertex -4.44908 -4.9088 12
      vertex -4.20286 -5.12119 4
      vertex -4.44908 -4.9088 4
    endloop
  endfacet
  facet normal 0.817584 -0.575809 0
    outer loop
      vertex -5.50849 3.68065 12
      vertex -5.32125 3.94651 4
      vertex -5.32125 3.94651 12
    endloop
  endfacet
  facet normal 0.817584 -0.575809 0
    outer loop
      vertex -5.32125 3.94651 4
      vertex -5.50849 3.68065 12
      vertex -5.50849 3.68065 4
    endloop
  endfacet
  facet normal -0.985278 0.170958 0
    outer loop
      vertex 6.4977 -1.29247 4
      vertex 6.55329 -0.972089 9.21447
      vertex 6.55329 -0.972089 4
    endloop
  endfacet
  facet normal -0.98532 0.170717 1.52632e-05
    outer loop
      vertex 6.55329 -0.972089 9.21447
      vertex 6.4977 -1.29247 4
      vertex 6.54776 -1.00401 9.25538
    endloop
  endfacet
  facet normal -0.985279 0.170955 1.77225e-06
    outer loop
      vertex 6.54776 -1.00401 9.25538
      vertex 6.4977 -1.29247 4
      vertex 6.54163 -1.03934 9.30554
    endloop
  endfacet
  facet normal -0.985253 0.171105 -5.56905e-06
    outer loop
      vertex 6.54163 -1.03934 9.30554
      vertex 6.4977 -1.29247 4
      vertex 6.53593 -1.07216 9.35737
    endloop
  endfacet
  facet normal -0.985263 0.171047 -3.13155e-06
    outer loop
      vertex 6.53593 -1.07216 9.35737
      vertex 6.4977 -1.29247 4
      vertex 6.53068 -1.1024 9.41075
    endloop
  endfacet
  facet normal -0.985319 0.170725 8.53653e-06
    outer loop
      vertex 6.53068 -1.1024 9.41075
      vertex 6.4977 -1.29247 4
      vertex 6.5259 -1.12999 9.46556
    endloop
  endfacet
  facet normal -0.985237 0.171195 -5.85486e-06
    outer loop
      vertex 6.5259 -1.12999 9.46556
      vertex 6.4977 -1.29247 4
      vertex 6.52158 -1.15485 9.52165
    endloop
  endfacet
  facet normal -0.985286 0.170912 1.41042e-06
    outer loop
      vertex 6.52158 -1.15485 9.52165
      vertex 6.4977 -1.29247 4
      vertex 6.51775 -1.17693 9.57889
    endloop
  endfacet
  facet normal -0.985265 0.171035 -1.22307e-06
    outer loop
      vertex 6.51775 -1.17693 9.57889
      vertex 6.4977 -1.29247 4
      vertex 6.51441 -1.19617 9.63714
    endloop
  endfacet
  facet normal -0.985282 0.170937 5.09867e-07
    outer loop
      vertex 6.51441 -1.19617 9.63714
      vertex 6.4977 -1.29247 4
      vertex 6.51157 -1.21254 9.69627
    endloop
  endfacet
  facet normal -0.985301 0.170824 2.13066e-06
    outer loop
      vertex 6.51157 -1.21254 9.69627
      vertex 6.4977 -1.29247 4
      vertex 6.50924 -1.22598 9.75614
    endloop
  endfacet
  facet normal -0.98528 0.170948 6.54801e-07
    outer loop
      vertex 6.50924 -1.22598 9.75614
      vertex 6.4977 -1.29247 4
      vertex 6.50742 -1.23647 9.81659
    endloop
  endfacet
  facet normal -0.985341 0.170598 4.12612e-06
    outer loop
      vertex 6.50742 -1.23647 9.81659
      vertex 6.4977 -1.29247 4
      vertex 6.50612 -1.24398 9.87748
    endloop
  endfacet
  facet normal -0.985448 0.169977 7.30763e-06
    outer loop
      vertex 6.50533 -1.24849 9.93867
      vertex 6.4977 -1.29247 4
      vertex 6.50507 -1.25 10
    endloop
  endfacet
  facet normal -0.985028 0.172393 -1.11254e-05
    outer loop
      vertex 6.50612 -1.24398 9.87748
      vertex 6.4977 -1.29247 4
      vertex 6.50533 -1.24849 9.93867
    endloop
  endfacet
  facet normal -0.985312 0.170763 -5.28344e-05
    outer loop
      vertex 6.4977 -1.29247 12
      vertex 6.55329 -0.972089 10.7855
      vertex 6.54776 -1.00401 10.7446
    endloop
  endfacet
  facet normal -0.985278 0.170961 -6.03179e-06
    outer loop
      vertex 6.4977 -1.29247 12
      vertex 6.54776 -1.00401 10.7446
      vertex 6.54163 -1.03934 10.6945
    endloop
  endfacet
  facet normal -0.985256 0.171085 1.86267e-05
    outer loop
      vertex 6.4977 -1.29247 12
      vertex 6.54163 -1.03934 10.6945
      vertex 6.53593 -1.07216 10.6426
    endloop
  endfacet
  facet normal -0.985265 0.171035 1.03037e-05
    outer loop
      vertex 6.4977 -1.29247 12
      vertex 6.53593 -1.07216 10.6426
      vertex 6.53068 -1.1024 10.5892
    endloop
  endfacet
  facet normal -0.985312 0.170761 -2.76304e-05
    outer loop
      vertex 6.4977 -1.29247 12
      vertex 6.53068 -1.1024 10.5892
      vertex 6.5259 -1.12999 10.5344
    endloop
  endfacet
  facet normal -0.985242 0.171167 1.8643e-05
    outer loop
      vertex 6.4977 -1.29247 12
      vertex 6.5259 -1.12999 10.5344
      vertex 6.52158 -1.15485 10.4784
    endloop
  endfacet
  facet normal -0.985285 0.170919 -4.41308e-06
    outer loop
      vertex 6.4977 -1.29247 12
      vertex 6.52158 -1.15485 10.4784
      vertex 6.51775 -1.17693 10.4211
    endloop
  endfacet
  facet normal -0.985266 0.171028 3.76023e-06
    outer loop
      vertex 6.4977 -1.29247 12
      vertex 6.51775 -1.17693 10.4211
      vertex 6.51441 -1.19617 10.3629
    endloop
  endfacet
  facet normal -0.985281 0.17094 -1.53703e-06
    outer loop
      vertex 6.4977 -1.29247 12
      vertex 6.51441 -1.19617 10.3629
      vertex 6.51157 -1.21254 10.3037
    endloop
  endfacet
  facet normal -0.985298 0.170842 -6.28448e-06
    outer loop
      vertex 6.4977 -1.29247 12
      vertex 6.51157 -1.21254 10.3037
      vertex 6.50924 -1.22598 10.2439
    endloop
  endfacet
  facet normal -0.985279 0.170955 -1.87888e-06
    outer loop
      vertex 6.4977 -1.29247 12
      vertex 6.50924 -1.22598 10.2439
      vertex 6.50742 -1.23647 10.1834
    endloop
  endfacet
  facet normal -0.985278 0.170958 0
    outer loop
      vertex 6.55329 -0.972089 10.7855
      vertex 6.4977 -1.29247 12
      vertex 6.55329 -0.972089 12
    endloop
  endfacet
  facet normal -0.985331 0.170656 -1.13943e-05
    outer loop
      vertex 6.50612 -1.24398 10.1225
      vertex 6.4977 -1.29247 12
      vertex 6.50742 -1.23647 10.1834
    endloop
  endfacet
  facet normal -0.985069 0.172162 2.86774e-05
    outer loop
      vertex 6.50533 -1.24849 10.0613
      vertex 6.4977 -1.29247 12
      vertex 6.50612 -1.24398 10.1225
    endloop
  endfacet
  facet normal -0.985395 0.170286 -1.51575e-05
    outer loop
      vertex 6.50507 -1.25 10
      vertex 6.4977 -1.29247 12
      vertex 6.50533 -1.24849 10.0613
    endloop
  endfacet
  facet normal -0.985275 0.170979 0
    outer loop
      vertex 6.4977 -1.29247 12
      vertex 6.50507 -1.25 10
      vertex 6.4977 -1.29247 4
    endloop
  endfacet
  facet normal 0.449611 -0.893225 0
    outer loop
      vertex -3.123 5.84273 4
      vertex -2.83255 5.98893 12
      vertex -3.123 5.84273 12
    endloop
  endfacet
  facet normal 0.449611 -0.893225 0
    outer loop
      vertex -2.83255 5.98893 12
      vertex -3.123 5.84273 4
      vertex -2.83255 5.98893 4
    endloop
  endfacet
  facet normal 0.788343 -0.615236 0
    outer loop
      vertex -5.32125 3.94651 12
      vertex -5.12119 4.20286 4
      vertex -5.12119 4.20286 12
    endloop
  endfacet
  facet normal 0.788343 -0.615236 0
    outer loop
      vertex -5.12119 4.20286 4
      vertex -5.32125 3.94651 12
      vertex -5.32125 3.94651 4
    endloop
  endfacet
  facet normal -0.0735611 -0.997291 0
    outer loop
      vertex 0.325073 6.61702 4
      vertex 0.649364 6.5931 12
      vertex 0.325073 6.61702 12
    endloop
  endfacet
  facet normal -0.0735611 -0.997291 -0
    outer loop
      vertex 0.649364 6.5931 12
      vertex 0.325073 6.61702 4
      vertex 0.649364 6.5931 4
    endloop
  endfacet
  facet normal -0.0245409 -0.999699 0
    outer loop
      vertex 0 6.625 4
      vertex 0.325073 6.61702 12
      vertex 0 6.625 12
    endloop
  endfacet
  facet normal -0.0245409 -0.999699 -0
    outer loop
      vertex 0.325073 6.61702 12
      vertex 0 6.625 4
      vertex 0.325073 6.61702 4
    endloop
  endfacet
  facet normal 0.724239 -0.689549 0
    outer loop
      vertex -4.9088 4.44908 12
      vertex -4.68458 4.68458 4
      vertex -4.68458 4.68458 12
    endloop
  endfacet
  facet normal 0.724239 -0.689549 0
    outer loop
      vertex -4.68458 4.68458 4
      vertex -4.9088 4.44908 12
      vertex -4.9088 4.44908 4
    endloop
  endfacet
  facet normal 0.492903 -0.870084 0
    outer loop
      vertex -3.40593 5.68245 4
      vertex -3.123 5.84273 12
      vertex -3.40593 5.68245 12
    endloop
  endfacet
  facet normal 0.492903 -0.870084 0
    outer loop
      vertex -3.123 5.84273 12
      vertex -3.40593 5.68245 4
      vertex -3.123 5.84273 4
    endloop
  endfacet
  facet normal 0.534988 -0.84486 0
    outer loop
      vertex -3.68065 5.50849 4
      vertex -3.40593 5.68245 12
      vertex -3.68065 5.50849 12
    endloop
  endfacet
  facet normal 0.534988 -0.84486 0
    outer loop
      vertex -3.40593 5.68245 12
      vertex -3.68065 5.50849 4
      vertex -3.40593 5.68245 4
    endloop
  endfacet
  facet normal 0.122428 0.992477 -0
    outer loop
      vertex -0.649364 -6.5931 4
      vertex -0.972089 -6.55329 12
      vertex -0.649364 -6.5931 12
    endloop
  endfacet
  facet normal 0.122428 0.992477 0
    outer loop
      vertex -0.972089 -6.55329 12
      vertex -0.649364 -6.5931 4
      vertex -0.972089 -6.55329 4
    endloop
  endfacet
  facet normal 0.266714 -0.963776 0
    outer loop
      vertex -1.92314 6.33973 4
      vertex -1.60974 6.42646 12
      vertex -1.92314 6.33973 12
    endloop
  endfacet
  facet normal 0.266714 -0.963776 0
    outer loop
      vertex -1.60974 6.42646 12
      vertex -1.92314 6.33973 4
      vertex -1.60974 6.42646 4
    endloop
  endfacet
  facet normal 0.788343 0.615236 0
    outer loop
      vertex -5.12119 -4.20286 12
      vertex -5.32125 -3.94651 4
      vertex -5.32125 -3.94651 12
    endloop
  endfacet
  facet normal 0.788343 0.615236 0
    outer loop
      vertex -5.32125 -3.94651 4
      vertex -5.12119 -4.20286 12
      vertex -5.12119 -4.20286 4
    endloop
  endfacet
  facet normal 0.817584 0.575809 0
    outer loop
      vertex -5.32125 -3.94651 12
      vertex -5.50849 -3.68065 4
      vertex -5.50849 -3.68065 12
    endloop
  endfacet
  facet normal 0.817584 0.575809 0
    outer loop
      vertex -5.50849 -3.68065 4
      vertex -5.32125 -3.94651 12
      vertex -5.32125 -3.94651 4
    endloop
  endfacet
  facet normal 0.689549 0.724239 -0
    outer loop
      vertex -4.44908 -4.9088 4
      vertex -4.68458 -4.68458 12
      vertex -4.44908 -4.9088 12
    endloop
  endfacet
  facet normal 0.689549 0.724239 0
    outer loop
      vertex -4.68458 -4.68458 12
      vertex -4.44908 -4.9088 4
      vertex -4.68458 -4.68458 4
    endloop
  endfacet
  facet normal 0.963776 0.266714 0
    outer loop
      vertex -6.33973 -1.92314 12
      vertex -6.42646 -1.60974 4
      vertex -6.42646 -1.60974 12
    endloop
  endfacet
  facet normal 0.963776 0.266714 0
    outer loop
      vertex -6.42646 -1.60974 4
      vertex -6.33973 -1.92314 12
      vertex -6.33973 -1.92314 4
    endloop
  endfacet
  facet normal 0.914211 0.405239 0
    outer loop
      vertex -5.98893 -2.83255 12
      vertex -6.1207 -2.53528 4
      vertex -6.1207 -2.53528 12
    endloop
  endfacet
  facet normal 0.914211 0.405239 0
    outer loop
      vertex -6.1207 -2.53528 4
      vertex -5.98893 -2.83255 12
      vertex -5.98893 -2.83255 4
    endloop
  endfacet
  facet normal 0.405239 -0.914211 0
    outer loop
      vertex -2.83255 5.98893 4
      vertex -2.53528 6.1207 12
      vertex -2.83255 5.98893 12
    endloop
  endfacet
  facet normal 0.405239 -0.914211 0
    outer loop
      vertex -2.53528 6.1207 12
      vertex -2.83255 5.98893 4
      vertex -2.53528 6.1207 4
    endloop
  endfacet
  facet normal 0.84486 -0.534988 0
    outer loop
      vertex -5.68245 3.40593 12
      vertex -5.50849 3.68065 4
      vertex -5.50849 3.68065 12
    endloop
  endfacet
  facet normal 0.84486 -0.534988 0
    outer loop
      vertex -5.50849 3.68065 4
      vertex -5.68245 3.40593 12
      vertex -5.68245 3.40593 4
    endloop
  endfacet
  facet normal 0.575809 0.817584 -0
    outer loop
      vertex -3.68065 -5.50849 4
      vertex -3.94651 -5.32125 12
      vertex -3.68065 -5.50849 12
    endloop
  endfacet
  facet normal 0.575809 0.817584 0
    outer loop
      vertex -3.94651 -5.32125 12
      vertex -3.68065 -5.50849 4
      vertex -3.94651 -5.32125 4
    endloop
  endfacet
  facet normal 0.870084 -0.492903 0
    outer loop
      vertex -5.84273 3.123 12
      vertex -5.68245 3.40593 4
      vertex -5.68245 3.40593 12
    endloop
  endfacet
  facet normal 0.870084 -0.492903 0
    outer loop
      vertex -5.68245 3.40593 4
      vertex -5.84273 3.123 12
      vertex -5.84273 3.123 4
    endloop
  endfacet
  facet normal 0 0 1
    outer loop
      vertex 2 0 4
      vertex 6.625 0 4
      vertex 6.61702 0.325073 4
    endloop
  endfacet
  facet normal 0 0 1
    outer loop
      vertex 1.99759 0.098135 4
      vertex 6.61702 0.325073 4
      vertex 6.5931 0.649364 4
    endloop
  endfacet
  facet normal 0 0 1
    outer loop
      vertex 6.625 0 4
      vertex 2 0 4
      vertex 6.61702 -0.325073 4
    endloop
  endfacet
  facet normal 0 0 1
    outer loop
      vertex 1.99037 0.196033 4
      vertex 6.5931 0.649364 4
      vertex 6.55329 0.972089 4
    endloop
  endfacet
  facet normal -0 0 1
    outer loop
      vertex 1.99759 -0.098135 4
      vertex 6.61702 -0.325073 4
      vertex 2 0 4
    endloop
  endfacet
  facet normal 0 0 1
    outer loop
      vertex 1.97835 0.293461 4
      vertex 6.55329 0.972089 4
      vertex 6.4977 1.29247 4
    endloop
  endfacet
  facet normal 0 0 1
    outer loop
      vertex 6.61702 -0.325073 4
      vertex 1.99759 -0.098135 4
      vertex 6.5931 -0.649364 4
    endloop
  endfacet
  facet normal 0 0 1
    outer loop
      vertex 1.96157 0.390181 4
      vertex 6.4977 1.29247 4
      vertex 6.42646 1.60974 4
    endloop
  endfacet
  facet normal -0 0 1
    outer loop
      vertex 1.99037 -0.196033 4
      vertex 6.5931 -0.649364 4
      vertex 1.99759 -0.098135 4
    endloop
  endfacet
  facet normal 0 0 1
    outer loop
      vertex 1.94006 0.48596 4
      vertex 6.42646 1.60974 4
      vertex 6.33973 1.92314 4
    endloop
  endfacet
  facet normal 0 0 1
    outer loop
      vertex 6.5931 -0.649364 4
      vertex 1.99037 -0.196033 4
      vertex 6.55329 -0.972089 4
    endloop
  endfacet
  facet normal 0 0 1
    outer loop
      vertex 1.91388 0.580569 4
      vertex 6.33973 1.92314 4
      vertex 6.23773 2.23189 4
    endloop
  endfacet
  facet normal -0 0 1
    outer loop
      vertex 1.97835 -0.293461 4
      vertex 6.55329 -0.972089 4
      vertex 1.99037 -0.196033 4
    endloop
  endfacet
  facet normal 0 0 1
    outer loop
      vertex 1.88309 0.673779 4
      vertex 6.23773 2.23189 4
      vertex 6.1207 2.53528 4
    endloop
  endfacet
  facet normal 0 0 1
    outer loop
      vertex 6.55329 -0.972089 4
      vertex 1.97835 -0.293461 4
      vertex 6.4977 -1.29247 4
    endloop
  endfacet
  facet normal 0 0 1
    outer loop
      vertex 1.84776 0.765367 4
      vertex 6.1207 2.53528 4
      vertex 5.98893 2.83255 4
    endloop
  endfacet
  facet normal -0 0 1
    outer loop
      vertex 1.96157 -0.390181 4
      vertex 6.4977 -1.29247 4
      vertex 1.97835 -0.293461 4
    endloop
  endfacet
  facet normal 0 0 1
    outer loop
      vertex 1.80798 0.85511 4
      vertex 5.98893 2.83255 4
      vertex 5.84273 3.123 4
    endloop
  endfacet
  facet normal 0 0 1
    outer loop
      vertex 6.4977 -1.29247 4
      vertex 1.96157 -0.390181 4
      vertex 6.42646 -1.60974 4
    endloop
  endfacet
  facet normal 0 0 1
    outer loop
      vertex 1.76384 0.942793 4
      vertex 5.84273 3.123 4
      vertex 5.68245 3.40593 4
    endloop
  endfacet
  facet normal -0 0 1
    outer loop
      vertex 1.94006 -0.48596 4
      vertex 6.42646 -1.60974 4
      vertex 1.96157 -0.390181 4
    endloop
  endfacet
  facet normal 0 0 1
    outer loop
      vertex 1.71546 1.0282 4
      vertex 5.68245 3.40593 4
      vertex 5.50849 3.68065 4
    endloop
  endfacet
  facet normal 0 0 1
    outer loop
      vertex 6.42646 -1.60974 4
      vertex 1.94006 -0.48596 4
      vertex 6.33973 -1.92314 4
    endloop
  endfacet
  facet normal 0 0 1
    outer loop
      vertex 1.66294 1.11114 4
      vertex 5.50849 3.68065 4
      vertex 5.32125 3.94651 4
    endloop
  endfacet
  facet normal -0 0 1
    outer loop
      vertex 1.91388 -0.580569 4
      vertex 6.33973 -1.92314 4
      vertex 1.94006 -0.48596 4
    endloop
  endfacet
  facet normal 0 0 1
    outer loop
      vertex 1.60641 1.1914 4
      vertex 5.32125 3.94651 4
      vertex 5.12119 4.20286 4
    endloop
  endfacet
  facet normal 0 0 1
    outer loop
      vertex 6.33973 -1.92314 4
      vertex 1.91388 -0.580569 4
      vertex 6.23773 -2.23189 4
    endloop
  endfacet
  facet normal 0 0 1
    outer loop
      vertex 1.54602 1.26879 4
      vertex 5.12119 4.20286 4
      vertex 4.9088 4.44908 4
    endloop
  endfacet
  facet normal -0 0 1
    outer loop
      vertex 1.88309 -0.673779 4
      vertex 6.23773 -2.23189 4
      vertex 1.91388 -0.580569 4
    endloop
  endfacet
  facet normal 0 0 1
    outer loop
      vertex 1.4819 1.34312 4
      vertex 4.9088 4.44908 4
      vertex 4.68458 4.68458 4
    endloop
  endfacet
  facet normal 0 0 1
    outer loop
      vertex 6.23773 -2.23189 4
      vertex 1.88309 -0.673779 4
      vertex 6.1207 -2.53528 4
    endloop
  endfacet
  facet normal 0 0 1
    outer loop
      vertex 1.41421 1.41421 4
      vertex 4.68458 4.68458 4
      vertex 4.44908 4.9088 4
    endloop
  endfacet
  facet normal -0 0 1
    outer loop
      vertex 1.84776 -0.765367 4
      vertex 6.1207 -2.53528 4
      vertex 1.88309 -0.673779 4
    endloop
  endfacet
  facet normal 0 0 1
    outer loop
      vertex 1.34312 1.4819 4
      vertex 4.44908 4.9088 4
      vertex 4.20286 5.12119 4
    endloop
  endfacet
  facet normal 0 0 1
    outer loop
      vertex 6.1207 -2.53528 4
      vertex 1.84776 -0.765367 4
      vertex 5.98893 -2.83255 4
    endloop
  endfacet
  facet normal 0 0 1
    outer loop
      vertex 1.26879 1.54602 4
      vertex 4.20286 5.12119 4
      vertex 3.94651 5.32125 4
    endloop
  endfacet
  facet normal -0 0 1
    outer loop
      vertex 1.80798 -0.85511 4
      vertex 5.98893 -2.83255 4
      vertex 1.84776 -0.765367 4
    endloop
  endfacet
  facet normal 0 0 1
    outer loop
      vertex 1.1914 1.60641 4
      vertex 3.94651 5.32125 4
      vertex 3.68065 5.50849 4
    endloop
  endfacet
  facet normal 0 0 1
    outer loop
      vertex 5.98893 -2.83255 4
      vertex 1.80798 -0.85511 4
      vertex 5.84273 -3.123 4
    endloop
  endfacet
  facet normal 0 0 1
    outer loop
      vertex 1.11114 1.66294 4
      vertex 3.68065 5.50849 4
      vertex 3.40593 5.68245 4
    endloop
  endfacet
  facet normal -0 0 1
    outer loop
      vertex 1.76384 -0.942793 4
      vertex 5.84273 -3.123 4
      vertex 1.80798 -0.85511 4
    endloop
  endfacet
  facet normal 0 0 1
    outer loop
      vertex 1.0282 1.71546 4
      vertex 3.40593 5.68245 4
      vertex 3.123 5.84273 4
    endloop
  endfacet
  facet normal 0 0 1
    outer loop
      vertex 5.84273 -3.123 4
      vertex 1.76384 -0.942793 4
      vertex 5.68245 -3.40593 4
    endloop
  endfacet
  facet normal 0 0 1
    outer loop
      vertex 0.942793 1.76384 4
      vertex 3.123 5.84273 4
      vertex 2.83255 5.98893 4
    endloop
  endfacet
  facet normal -0 0 1
    outer loop
      vertex 1.71546 -1.0282 4
      vertex 5.68245 -3.40593 4
      vertex 1.76384 -0.942793 4
    endloop
  endfacet
  facet normal 0 0 1
    outer loop
      vertex 0.85511 1.80798 4
      vertex 2.83255 5.98893 4
      vertex 2.53528 6.1207 4
    endloop
  endfacet
  facet normal 0 0 1
    outer loop
      vertex 5.68245 -3.40593 4
      vertex 1.71546 -1.0282 4
      vertex 5.50849 -3.68065 4
    endloop
  endfacet
  facet normal 0 0 1
    outer loop
      vertex 0.765367 1.84776 4
      vertex 2.53528 6.1207 4
      vertex 2.23189 6.23773 4
    endloop
  endfacet
  facet normal -0 0 1
    outer loop
      vertex 1.66294 -1.11114 4
      vertex 5.50849 -3.68065 4
      vertex 1.71546 -1.0282 4
    endloop
  endfacet
  facet normal 0 0 1
    outer loop
      vertex 5.50849 -3.68065 4
      vertex 1.66294 -1.11114 4
      vertex 5.32125 -3.94651 4
    endloop
  endfacet
  facet normal 0 0 1
    outer loop
      vertex 6.61702 0.325073 4
      vertex 1.99759 0.098135 4
      vertex 2 0 4
    endloop
  endfacet
  facet normal 0 0 1
    outer loop
      vertex 6.5931 0.649364 4
      vertex 1.99037 0.196033 4
      vertex 1.99759 0.098135 4
    endloop
  endfacet
  facet normal 0 0 1
    outer loop
      vertex 6.55329 0.972089 4
      vertex 1.97835 0.293461 4
      vertex 1.99037 0.196033 4
    endloop
  endfacet
  facet normal 0 0 1
    outer loop
      vertex 6.4977 1.29247 4
      vertex 1.96157 0.390181 4
      vertex 1.97835 0.293461 4
    endloop
  endfacet
  facet normal 0 0 1
    outer loop
      vertex 6.42646 1.60974 4
      vertex 1.94006 0.48596 4
      vertex 1.96157 0.390181 4
    endloop
  endfacet
  facet normal 0 0 1
    outer loop
      vertex 0.673779 1.88309 4
      vertex 2.23189 6.23773 4
      vertex 1.92314 6.33973 4
    endloop
  endfacet
  facet normal 0 0 1
    outer loop
      vertex 6.33973 1.92314 4
      vertex 1.91388 0.580569 4
      vertex 1.94006 0.48596 4
    endloop
  endfacet
  facet normal 0 0 1
    outer loop
      vertex 6.23773 2.23189 4
      vertex 1.88309 0.673779 4
      vertex 1.91388 0.580569 4
    endloop
  endfacet
  facet normal 0 0 1
    outer loop
      vertex 6.1207 2.53528 4
      vertex 1.84776 0.765367 4
      vertex 1.88309 0.673779 4
    endloop
  endfacet
  facet normal 0 0 1
    outer loop
      vertex 5.98893 2.83255 4
      vertex 1.80798 0.85511 4
      vertex 1.84776 0.765367 4
    endloop
  endfacet
  facet normal 0 0 1
    outer loop
      vertex 5.84273 3.123 4
      vertex 1.76384 0.942793 4
      vertex 1.80798 0.85511 4
    endloop
  endfacet
  facet normal 0 0 1
    outer loop
      vertex 5.68245 3.40593 4
      vertex 1.71546 1.0282 4
      vertex 1.76384 0.942793 4
    endloop
  endfacet
  facet normal 0 0 1
    outer loop
      vertex 5.50849 3.68065 4
      vertex 1.66294 1.11114 4
      vertex 1.71546 1.0282 4
    endloop
  endfacet
  facet normal 0 0 1
    outer loop
      vertex 0.580569 1.91388 4
      vertex 1.92314 6.33973 4
      vertex 1.60974 6.42646 4
    endloop
  endfacet
  facet normal 0 0 1
    outer loop
      vertex 5.32125 3.94651 4
      vertex 1.60641 1.1914 4
      vertex 1.66294 1.11114 4
    endloop
  endfacet
  facet normal 0 0 1
    outer loop
      vertex 5.12119 4.20286 4
      vertex 1.54602 1.26879 4
      vertex 1.60641 1.1914 4
    endloop
  endfacet
  facet normal 0 0 1
    outer loop
      vertex 4.9088 4.44908 4
      vertex 1.4819 1.34312 4
      vertex 1.54602 1.26879 4
    endloop
  endfacet
  facet normal 0 0 1
    outer loop
      vertex 4.68458 4.68458 4
      vertex 1.41421 1.41421 4
      vertex 1.4819 1.34312 4
    endloop
  endfacet
  facet normal 0 0 1
    outer loop
      vertex 4.44908 4.9088 4
      vertex 1.34312 1.4819 4
      vertex 1.41421 1.41421 4
    endloop
  endfacet
  facet normal 0 0 1
    outer loop
      vertex 0.48596 1.94006 4
      vertex 1.60974 6.42646 4
      vertex 1.29247 6.4977 4
    endloop
  endfacet
  facet normal 0 0 1
    outer loop
      vertex 4.20286 5.12119 4
      vertex 1.26879 1.54602 4
      vertex 1.34312 1.4819 4
    endloop
  endfacet
  facet normal 0 0 1
    outer loop
      vertex 3.94651 5.32125 4
      vertex 1.1914 1.60641 4
      vertex 1.26879 1.54602 4
    endloop
  endfacet
  facet normal 0 0 1
    outer loop
      vertex 3.68065 5.50849 4
      vertex 1.11114 1.66294 4
      vertex 1.1914 1.60641 4
    endloop
  endfacet
  facet normal 0 0 1
    outer loop
      vertex 3.40593 5.68245 4
      vertex 1.0282 1.71546 4
      vertex 1.11114 1.66294 4
    endloop
  endfacet
  facet normal 0 0 1
    outer loop
      vertex 0.390181 1.96157 4
      vertex 1.29247 6.4977 4
      vertex 0.972089 6.55329 4
    endloop
  endfacet
  facet normal 0 0 1
    outer loop
      vertex 3.123 5.84273 4
      vertex 0.942793 1.76384 4
      vertex 1.0282 1.71546 4
    endloop
  endfacet
  facet normal 0 0 1
    outer loop
      vertex 2.83255 5.98893 4
      vertex 0.85511 1.80798 4
      vertex 0.942793 1.76384 4
    endloop
  endfacet
  facet normal 0 0 1
    outer loop
      vertex 2.53528 6.1207 4
      vertex 0.765367 1.84776 4
      vertex 0.85511 1.80798 4
    endloop
  endfacet
  facet normal 0 0 1
    outer loop
      vertex 2.23189 6.23773 4
      vertex 0.673779 1.88309 4
      vertex 0.765367 1.84776 4
    endloop
  endfacet
  facet normal 0 0 1
    outer loop
      vertex 0.293461 1.97835 4
      vertex 0.972089 6.55329 4
      vertex 0.649364 6.5931 4
    endloop
  endfacet
  facet normal 0 0 1
    outer loop
      vertex 1.92314 6.33973 4
      vertex 0.580569 1.91388 4
      vertex 0.673779 1.88309 4
    endloop
  endfacet
  facet normal 0 0 1
    outer loop
      vertex 1.60974 6.42646 4
      vertex 0.48596 1.94006 4
      vertex 0.580569 1.91388 4
    endloop
  endfacet
  facet normal 0 0 1
    outer loop
      vertex 1.29247 6.4977 4
      vertex 0.390181 1.96157 4
      vertex 0.48596 1.94006 4
    endloop
  endfacet
  facet normal 0 0 1
    outer loop
      vertex 0.196033 1.99037 4
      vertex 0.649364 6.5931 4
      vertex 0.325073 6.61702 4
    endloop
  endfacet
  facet normal 0 0 1
    outer loop
      vertex 0.972089 6.55329 4
      vertex 0.293461 1.97835 4
      vertex 0.390181 1.96157 4
    endloop
  endfacet
  facet normal 0 0 1
    outer loop
      vertex 0.649364 6.5931 4
      vertex 0.196033 1.99037 4
      vertex 0.293461 1.97835 4
    endloop
  endfacet
  facet normal 0 0 1
    outer loop
      vertex 0.325073 6.61702 4
      vertex 0.098135 1.99759 4
      vertex 0.196033 1.99037 4
    endloop
  endfacet
  facet normal 0 0 1
    outer loop
      vertex 0 6.625 4
      vertex 0.098135 1.99759 4
      vertex 0.325073 6.61702 4
    endloop
  endfacet
  facet normal 0 0 1
    outer loop
      vertex 0 6.625 4
      vertex 0 2 4
      vertex 0.098135 1.99759 4
    endloop
  endfacet
  facet normal 0 0 1
    outer loop
      vertex 0 6.625 4
      vertex -0.098135 1.99759 4
      vertex 0 2 4
    endloop
  endfacet
  facet normal -0 0 1
    outer loop
      vertex -0.325073 6.61702 4
      vertex -0.098135 1.99759 4
      vertex 0 6.625 4
    endloop
  endfacet
  facet normal 0 0 1
    outer loop
      vertex -0.098135 1.99759 4
      vertex -0.325073 6.61702 4
      vertex -0.196033 1.99037 4
    endloop
  endfacet
  facet normal -0 0 1
    outer loop
      vertex -0.649364 6.5931 4
      vertex -0.196033 1.99037 4
      vertex -0.325073 6.61702 4
    endloop
  endfacet
  facet normal 0 0 1
    outer loop
      vertex -0.196033 1.99037 4
      vertex -0.649364 6.5931 4
      vertex -0.293461 1.97835 4
    endloop
  endfacet
  facet normal -0 0 1
    outer loop
      vertex -0.972089 6.55329 4
      vertex -0.293461 1.97835 4
      vertex -0.649364 6.5931 4
    endloop
  endfacet
  facet normal 0 0 1
    outer loop
      vertex -0.293461 1.97835 4
      vertex -0.972089 6.55329 4
      vertex -0.390181 1.96157 4
    endloop
  endfacet
  facet normal -0 0 1
    outer loop
      vertex -1.29247 6.4977 4
      vertex -0.390181 1.96157 4
      vertex -0.972089 6.55329 4
    endloop
  endfacet
  facet normal 0 0 1
    outer loop
      vertex -0.390181 1.96157 4
      vertex -1.29247 6.4977 4
      vertex -0.48596 1.94006 4
    endloop
  endfacet
  facet normal -0 0 1
    outer loop
      vertex -1.60974 6.42646 4
      vertex -0.48596 1.94006 4
      vertex -1.29247 6.4977 4
    endloop
  endfacet
  facet normal 0 0 1
    outer loop
      vertex -0.48596 1.94006 4
      vertex -1.60974 6.42646 4
      vertex -0.580569 1.91388 4
    endloop
  endfacet
  facet normal -0 0 1
    outer loop
      vertex -1.92314 6.33973 4
      vertex -0.580569 1.91388 4
      vertex -1.60974 6.42646 4
    endloop
  endfacet
  facet normal 0 0 1
    outer loop
      vertex -0.580569 1.91388 4
      vertex -1.92314 6.33973 4
      vertex -0.673779 1.88309 4
    endloop
  endfacet
  facet normal -0 0 1
    outer loop
      vertex -2.23189 6.23773 4
      vertex -0.673779 1.88309 4
      vertex -1.92314 6.33973 4
    endloop
  endfacet
  facet normal 0 0 1
    outer loop
      vertex -0.673779 1.88309 4
      vertex -2.23189 6.23773 4
      vertex -0.765367 1.84776 4
    endloop
  endfacet
  facet normal -0 0 1
    outer loop
      vertex -2.53528 6.1207 4
      vertex -0.765367 1.84776 4
      vertex -2.23189 6.23773 4
    endloop
  endfacet
  facet normal 0 0 1
    outer loop
      vertex -0.765367 1.84776 4
      vertex -2.53528 6.1207 4
      vertex -0.85511 1.80798 4
    endloop
  endfacet
  facet normal -0 0 1
    outer loop
      vertex -2.83255 5.98893 4
      vertex -0.85511 1.80798 4
      vertex -2.53528 6.1207 4
    endloop
  endfacet
  facet normal 0 0 1
    outer loop
      vertex -0.85511 1.80798 4
      vertex -2.83255 5.98893 4
      vertex -0.942793 1.76384 4
    endloop
  endfacet
  facet normal -0 0 1
    outer loop
      vertex -3.123 5.84273 4
      vertex -0.942793 1.76384 4
      vertex -2.83255 5.98893 4
    endloop
  endfacet
  facet normal 0 0 1
    outer loop
      vertex -0.942793 1.76384 4
      vertex -3.123 5.84273 4
      vertex -1.0282 1.71546 4
    endloop
  endfacet
  facet normal -0 0 1
    outer loop
      vertex -3.40593 5.68245 4
      vertex -1.0282 1.71546 4
      vertex -3.123 5.84273 4
    endloop
  endfacet
  facet normal 0 0 1
    outer loop
      vertex -1.0282 1.71546 4
      vertex -3.40593 5.68245 4
      vertex -1.11114 1.66294 4
    endloop
  endfacet
  facet normal -0 0 1
    outer loop
      vertex -3.68065 5.50849 4
      vertex -1.11114 1.66294 4
      vertex -3.40593 5.68245 4
    endloop
  endfacet
  facet normal 0 0 1
    outer loop
      vertex -1.11114 1.66294 4
      vertex -3.68065 5.50849 4
      vertex -1.1914 1.60641 4
    endloop
  endfacet
  facet normal -0 0 1
    outer loop
      vertex -3.94651 5.32125 4
      vertex -1.1914 1.60641 4
      vertex -3.68065 5.50849 4
    endloop
  endfacet
  facet normal 0 0 1
    outer loop
      vertex -1.1914 1.60641 4
      vertex -3.94651 5.32125 4
      vertex -1.26879 1.54602 4
    endloop
  endfacet
  facet normal -0 0 1
    outer loop
      vertex -4.20286 5.12119 4
      vertex -1.26879 1.54602 4
      vertex -3.94651 5.32125 4
    endloop
  endfacet
  facet normal 0 0 1
    outer loop
      vertex -1.26879 1.54602 4
      vertex -4.20286 5.12119 4
      vertex -1.34312 1.4819 4
    endloop
  endfacet
  facet normal -0 0 1
    outer loop
      vertex -4.44908 4.9088 4
      vertex -1.34312 1.4819 4
      vertex -4.20286 5.12119 4
    endloop
  endfacet
  facet normal 0 0 1
    outer loop
      vertex -1.34312 1.4819 4
      vertex -4.44908 4.9088 4
      vertex -1.41421 1.41421 4
    endloop
  endfacet
  facet normal -0 0 1
    outer loop
      vertex -4.68458 4.68458 4
      vertex -1.41421 1.41421 4
      vertex -4.44908 4.9088 4
    endloop
  endfacet
  facet normal 0 0 1
    outer loop
      vertex -1.41421 1.41421 4
      vertex -4.68458 4.68458 4
      vertex -1.4819 1.34312 4
    endloop
  endfacet
  facet normal -0 0 1
    outer loop
      vertex -4.9088 4.44908 4
      vertex -1.4819 1.34312 4
      vertex -4.68458 4.68458 4
    endloop
  endfacet
  facet normal 0 0 1
    outer loop
      vertex -1.4819 1.34312 4
      vertex -4.9088 4.44908 4
      vertex -1.54602 1.26879 4
    endloop
  endfacet
  facet normal -0 0 1
    outer loop
      vertex -5.12119 4.20286 4
      vertex -1.54602 1.26879 4
      vertex -4.9088 4.44908 4
    endloop
  endfacet
  facet normal 0 0 1
    outer loop
      vertex -1.54602 1.26879 4
      vertex -5.12119 4.20286 4
      vertex -1.60641 1.1914 4
    endloop
  endfacet
  facet normal -0 0 1
    outer loop
      vertex -5.32125 3.94651 4
      vertex -1.60641 1.1914 4
      vertex -5.12119 4.20286 4
    endloop
  endfacet
  facet normal 0 0 1
    outer loop
      vertex -1.60641 1.1914 4
      vertex -5.32125 3.94651 4
      vertex -1.66294 1.11114 4
    endloop
  endfacet
  facet normal -0 0 1
    outer loop
      vertex 1.60641 -1.1914 4
      vertex 5.32125 -3.94651 4
      vertex 1.66294 -1.11114 4
    endloop
  endfacet
  facet normal 0 0 1
    outer loop
      vertex 5.32125 -3.94651 4
      vertex 1.60641 -1.1914 4
      vertex 5.12119 -4.20286 4
    endloop
  endfacet
  facet normal -0 0 1
    outer loop
      vertex 1.54602 -1.26879 4
      vertex 5.12119 -4.20286 4
      vertex 1.60641 -1.1914 4
    endloop
  endfacet
  facet normal 0 0 1
    outer loop
      vertex 5.12119 -4.20286 4
      vertex 1.54602 -1.26879 4
      vertex 4.9088 -4.44908 4
    endloop
  endfacet
  facet normal -0 0 1
    outer loop
      vertex 1.4819 -1.34312 4
      vertex 4.9088 -4.44908 4
      vertex 1.54602 -1.26879 4
    endloop
  endfacet
  facet normal 0 0 1
    outer loop
      vertex 4.9088 -4.44908 4
      vertex 1.4819 -1.34312 4
      vertex 4.68458 -4.68458 4
    endloop
  endfacet
  facet normal -0 0 1
    outer loop
      vertex 1.41421 -1.41421 4
      vertex 4.68458 -4.68458 4
      vertex 1.4819 -1.34312 4
    endloop
  endfacet
  facet normal 0 0 1
    outer loop
      vertex 4.68458 -4.68458 4
      vertex 1.41421 -1.41421 4
      vertex 4.44908 -4.9088 4
    endloop
  endfacet
  facet normal -0 0 1
    outer loop
      vertex 1.34312 -1.4819 4
      vertex 4.44908 -4.9088 4
      vertex 1.41421 -1.41421 4
    endloop
  endfacet
  facet normal 0 0 1
    outer loop
      vertex 4.44908 -4.9088 4
      vertex 1.34312 -1.4819 4
      vertex 4.20286 -5.12119 4
    endloop
  endfacet
  facet normal -0 0 1
    outer loop
      vertex 1.26879 -1.54602 4
      vertex 4.20286 -5.12119 4
      vertex 1.34312 -1.4819 4
    endloop
  endfacet
  facet normal 0 0 1
    outer loop
      vertex 4.20286 -5.12119 4
      vertex 1.26879 -1.54602 4
      vertex 3.94651 -5.32125 4
    endloop
  endfacet
  facet normal -0 0 1
    outer loop
      vertex 1.1914 -1.60641 4
      vertex 3.94651 -5.32125 4
      vertex 1.26879 -1.54602 4
    endloop
  endfacet
  facet normal 0 0 1
    outer loop
      vertex 3.94651 -5.32125 4
      vertex 1.1914 -1.60641 4
      vertex 3.68065 -5.50849 4
    endloop
  endfacet
  facet normal -0 0 1
    outer loop
      vertex 1.11114 -1.66294 4
      vertex 3.68065 -5.50849 4
      vertex 1.1914 -1.60641 4
    endloop
  endfacet
  facet normal 0 0 1
    outer loop
      vertex 3.68065 -5.50849 4
      vertex 1.11114 -1.66294 4
      vertex 3.40593 -5.68245 4
    endloop
  endfacet
  facet normal -0 0 1
    outer loop
      vertex 1.0282 -1.71546 4
      vertex 3.40593 -5.68245 4
      vertex 1.11114 -1.66294 4
    endloop
  endfacet
  facet normal 0 0 1
    outer loop
      vertex 3.40593 -5.68245 4
      vertex 1.0282 -1.71546 4
      vertex 3.123 -5.84273 4
    endloop
  endfacet
  facet normal -0 0 1
    outer loop
      vertex 0.942793 -1.76384 4
      vertex 3.123 -5.84273 4
      vertex 1.0282 -1.71546 4
    endloop
  endfacet
  facet normal 0 0 1
    outer loop
      vertex 3.123 -5.84273 4
      vertex 0.942793 -1.76384 4
      vertex 2.83255 -5.98893 4
    endloop
  endfacet
  facet normal -0 0 1
    outer loop
      vertex 0.85511 -1.80798 4
      vertex 2.83255 -5.98893 4
      vertex 0.942793 -1.76384 4
    endloop
  endfacet
  facet normal 0 0 1
    outer loop
      vertex 2.83255 -5.98893 4
      vertex 0.85511 -1.80798 4
      vertex 2.53528 -6.1207 4
    endloop
  endfacet
  facet normal -0 0 1
    outer loop
      vertex 0.765367 -1.84776 4
      vertex 2.53528 -6.1207 4
      vertex 0.85511 -1.80798 4
    endloop
  endfacet
  facet normal 0 0 1
    outer loop
      vertex 2.53528 -6.1207 4
      vertex 0.765367 -1.84776 4
      vertex 2.23189 -6.23773 4
    endloop
  endfacet
  facet normal -0 0 1
    outer loop
      vertex 0.673779 -1.88309 4
      vertex 2.23189 -6.23773 4
      vertex 0.765367 -1.84776 4
    endloop
  endfacet
  facet normal 0 0 1
    outer loop
      vertex 2.23189 -6.23773 4
      vertex 0.673779 -1.88309 4
      vertex 1.92314 -6.33973 4
    endloop
  endfacet
  facet normal -0 0 1
    outer loop
      vertex 0.580569 -1.91388 4
      vertex 1.92314 -6.33973 4
      vertex 0.673779 -1.88309 4
    endloop
  endfacet
  facet normal 0 0 1
    outer loop
      vertex 1.92314 -6.33973 4
      vertex 0.580569 -1.91388 4
      vertex 1.60974 -6.42646 4
    endloop
  endfacet
  facet normal -0 0 1
    outer loop
      vertex 0.48596 -1.94006 4
      vertex 1.60974 -6.42646 4
      vertex 0.580569 -1.91388 4
    endloop
  endfacet
  facet normal 0 0 1
    outer loop
      vertex 1.60974 -6.42646 4
      vertex 0.48596 -1.94006 4
      vertex 1.29247 -6.4977 4
    endloop
  endfacet
  facet normal -0 0 1
    outer loop
      vertex 0.390181 -1.96157 4
      vertex 1.29247 -6.4977 4
      vertex 0.48596 -1.94006 4
    endloop
  endfacet
  facet normal 0 0 1
    outer loop
      vertex 1.29247 -6.4977 4
      vertex 0.390181 -1.96157 4
      vertex 0.972089 -6.55329 4
    endloop
  endfacet
  facet normal -0 0 1
    outer loop
      vertex 0.293461 -1.97835 4
      vertex 0.972089 -6.55329 4
      vertex 0.390181 -1.96157 4
    endloop
  endfacet
  facet normal 0 0 1
    outer loop
      vertex 0.972089 -6.55329 4
      vertex 0.293461 -1.97835 4
      vertex 0.649364 -6.5931 4
    endloop
  endfacet
  facet normal -0 0 1
    outer loop
      vertex 0.196033 -1.99037 4
      vertex 0.649364 -6.5931 4
      vertex 0.293461 -1.97835 4
    endloop
  endfacet
  facet normal 0 0 1
    outer loop
      vertex 0.649364 -6.5931 4
      vertex 0.196033 -1.99037 4
      vertex 0.325073 -6.61702 4
    endloop
  endfacet
  facet normal -0 0 1
    outer loop
      vertex 0.098135 -1.99759 4
      vertex 0.325073 -6.61702 4
      vertex 0.196033 -1.99037 4
    endloop
  endfacet
  facet normal -0 0 1
    outer loop
      vertex 0 -2 4
      vertex 0.325073 -6.61702 4
      vertex 0.098135 -1.99759 4
    endloop
  endfacet
  facet normal 0 0 1
    outer loop
      vertex 0 -2 4
      vertex 0 -6.625 4
      vertex 0.325073 -6.61702 4
    endloop
  endfacet
  facet normal 0 0 1
    outer loop
      vertex -0.098135 -1.99759 4
      vertex 0 -6.625 4
      vertex 0 -2 4
    endloop
  endfacet
  facet normal 0 0 1
    outer loop
      vertex -0.325073 -6.61702 4
      vertex -0.098135 -1.99759 4
      vertex -0.196033 -1.99037 4
    endloop
  endfacet
  facet normal 0 0 1
    outer loop
      vertex -0.649364 -6.5931 4
      vertex -0.196033 -1.99037 4
      vertex -0.293461 -1.97835 4
    endloop
  endfacet
  facet normal 0 0 1
    outer loop
      vertex -0.098135 -1.99759 4
      vertex -0.325073 -6.61702 4
      vertex 0 -6.625 4
    endloop
  endfacet
  facet normal 0 0 1
    outer loop
      vertex -0.972089 -6.55329 4
      vertex -0.293461 -1.97835 4
      vertex -0.390181 -1.96157 4
    endloop
  endfacet
  facet normal 0 0 1
    outer loop
      vertex -1.29247 -6.4977 4
      vertex -0.390181 -1.96157 4
      vertex -0.48596 -1.94006 4
    endloop
  endfacet
  facet normal 0 0 1
    outer loop
      vertex -1.60974 -6.42646 4
      vertex -0.48596 -1.94006 4
      vertex -0.580569 -1.91388 4
    endloop
  endfacet
  facet normal 0 0 1
    outer loop
      vertex -0.196033 -1.99037 4
      vertex -0.649364 -6.5931 4
      vertex -0.325073 -6.61702 4
    endloop
  endfacet
  facet normal 0 0 1
    outer loop
      vertex -1.92314 -6.33973 4
      vertex -0.580569 -1.91388 4
      vertex -0.673779 -1.88309 4
    endloop
  endfacet
  facet normal 0 0 1
    outer loop
      vertex -2.23189 -6.23773 4
      vertex -0.673779 -1.88309 4
      vertex -0.765367 -1.84776 4
    endloop
  endfacet
  facet normal 0 0 1
    outer loop
      vertex -2.53528 -6.1207 4
      vertex -0.765367 -1.84776 4
      vertex -0.85511 -1.80798 4
    endloop
  endfacet
  facet normal 0 0 1
    outer loop
      vertex -2.83255 -5.98893 4
      vertex -0.85511 -1.80798 4
      vertex -0.942793 -1.76384 4
    endloop
  endfacet
  facet normal 0 0 1
    outer loop
      vertex -0.293461 -1.97835 4
      vertex -0.972089 -6.55329 4
      vertex -0.649364 -6.5931 4
    endloop
  endfacet
  facet normal 0 0 1
    outer loop
      vertex -3.123 -5.84273 4
      vertex -0.942793 -1.76384 4
      vertex -1.0282 -1.71546 4
    endloop
  endfacet
  facet normal 0 0 1
    outer loop
      vertex -3.40593 -5.68245 4
      vertex -1.0282 -1.71546 4
      vertex -1.11114 -1.66294 4
    endloop
  endfacet
  facet normal 0 0 1
    outer loop
      vertex -3.68065 -5.50849 4
      vertex -1.11114 -1.66294 4
      vertex -1.1914 -1.60641 4
    endloop
  endfacet
  facet normal 0 0 1
    outer loop
      vertex -3.94651 -5.32125 4
      vertex -1.1914 -1.60641 4
      vertex -1.26879 -1.54602 4
    endloop
  endfacet
  facet normal 0 0 1
    outer loop
      vertex -0.390181 -1.96157 4
      vertex -1.29247 -6.4977 4
      vertex -0.972089 -6.55329 4
    endloop
  endfacet
  facet normal 0 0 1
    outer loop
      vertex -4.20286 -5.12119 4
      vertex -1.26879 -1.54602 4
      vertex -1.34312 -1.4819 4
    endloop
  endfacet
  facet normal 0 0 1
    outer loop
      vertex -4.44908 -4.9088 4
      vertex -1.34312 -1.4819 4
      vertex -1.41421 -1.41421 4
    endloop
  endfacet
  facet normal 0 0 1
    outer loop
      vertex -4.68458 -4.68458 4
      vertex -1.41421 -1.41421 4
      vertex -1.4819 -1.34312 4
    endloop
  endfacet
  facet normal 0 0 1
    outer loop
      vertex -4.9088 -4.44908 4
      vertex -1.4819 -1.34312 4
      vertex -1.54602 -1.26879 4
    endloop
  endfacet
  facet normal 0 0 1
    outer loop
      vertex -5.12119 -4.20286 4
      vertex -1.54602 -1.26879 4
      vertex -1.60641 -1.1914 4
    endloop
  endfacet
  facet normal 0 0 1
    outer loop
      vertex -0.48596 -1.94006 4
      vertex -1.60974 -6.42646 4
      vertex -1.29247 -6.4977 4
    endloop
  endfacet
  facet normal 0 0 1
    outer loop
      vertex -5.32125 -3.94651 4
      vertex -1.60641 -1.1914 4
      vertex -1.66294 -1.11114 4
    endloop
  endfacet
  facet normal 0 0 1
    outer loop
      vertex -5.50849 -3.68065 4
      vertex -1.66294 -1.11114 4
      vertex -1.71546 -1.0282 4
    endloop
  endfacet
  facet normal 0 0 1
    outer loop
      vertex -5.68245 -3.40593 4
      vertex -1.71546 -1.0282 4
      vertex -1.76384 -0.942793 4
    endloop
  endfacet
  facet normal 0 0 1
    outer loop
      vertex -5.84273 -3.123 4
      vertex -1.76384 -0.942793 4
      vertex -1.80798 -0.85511 4
    endloop
  endfacet
  facet normal 0 0 1
    outer loop
      vertex -5.98893 -2.83255 4
      vertex -1.80798 -0.85511 4
      vertex -1.84776 -0.765367 4
    endloop
  endfacet
  facet normal 0 0 1
    outer loop
      vertex -6.1207 -2.53528 4
      vertex -1.84776 -0.765367 4
      vertex -1.88309 -0.673779 4
    endloop
  endfacet
  facet normal 0 0 1
    outer loop
      vertex -6.23773 -2.23189 4
      vertex -1.88309 -0.673779 4
      vertex -1.91388 -0.580569 4
    endloop
  endfacet
  facet normal 0 0 1
    outer loop
      vertex -0.580569 -1.91388 4
      vertex -1.92314 -6.33973 4
      vertex -1.60974 -6.42646 4
    endloop
  endfacet
  facet normal 0 0 1
    outer loop
      vertex -6.33973 -1.92314 4
      vertex -1.91388 -0.580569 4
      vertex -1.94006 -0.48596 4
    endloop
  endfacet
  facet normal 0 0 1
    outer loop
      vertex -6.42646 -1.60974 4
      vertex -1.94006 -0.48596 4
      vertex -1.96157 -0.390181 4
    endloop
  endfacet
  facet normal 0 0 1
    outer loop
      vertex -6.4977 -1.29247 4
      vertex -1.96157 -0.390181 4
      vertex -1.97835 -0.293461 4
    endloop
  endfacet
  facet normal 0 0 1
    outer loop
      vertex -6.55329 -0.972089 4
      vertex -1.97835 -0.293461 4
      vertex -1.99037 -0.196033 4
    endloop
  endfacet
  facet normal 0 0 1
    outer loop
      vertex -6.5931 -0.649364 4
      vertex -1.99037 -0.196033 4
      vertex -1.99759 -0.098135 4
    endloop
  endfacet
  facet normal 0 0 1
    outer loop
      vertex -6.61702 -0.325073 4
      vertex -1.99759 -0.098135 4
      vertex -2 0 4
    endloop
  endfacet
  facet normal -0 0 1
    outer loop
      vertex -5.50849 3.68065 4
      vertex -1.66294 1.11114 4
      vertex -5.32125 3.94651 4
    endloop
  endfacet
  facet normal 0 0 1
    outer loop
      vertex -0.673779 -1.88309 4
      vertex -2.23189 -6.23773 4
      vertex -1.92314 -6.33973 4
    endloop
  endfacet
  facet normal 0 0 1
    outer loop
      vertex -1.66294 1.11114 4
      vertex -5.50849 3.68065 4
      vertex -1.71546 1.0282 4
    endloop
  endfacet
  facet normal 0 0 1
    outer loop
      vertex -0.765367 -1.84776 4
      vertex -2.53528 -6.1207 4
      vertex -2.23189 -6.23773 4
    endloop
  endfacet
  facet normal -0 0 1
    outer loop
      vertex -5.68245 3.40593 4
      vertex -1.71546 1.0282 4
      vertex -5.50849 3.68065 4
    endloop
  endfacet
  facet normal 0 0 1
    outer loop
      vertex -0.85511 -1.80798 4
      vertex -2.83255 -5.98893 4
      vertex -2.53528 -6.1207 4
    endloop
  endfacet
  facet normal 0 0 1
    outer loop
      vertex -1.71546 1.0282 4
      vertex -5.68245 3.40593 4
      vertex -1.76384 0.942793 4
    endloop
  endfacet
  facet normal 0 0 1
    outer loop
      vertex -0.942793 -1.76384 4
      vertex -3.123 -5.84273 4
      vertex -2.83255 -5.98893 4
    endloop
  endfacet
  facet normal -0 0 1
    outer loop
      vertex -5.84273 3.123 4
      vertex -1.76384 0.942793 4
      vertex -5.68245 3.40593 4
    endloop
  endfacet
  facet normal 0 0 1
    outer loop
      vertex -1.0282 -1.71546 4
      vertex -3.40593 -5.68245 4
      vertex -3.123 -5.84273 4
    endloop
  endfacet
  facet normal 0 0 1
    outer loop
      vertex -1.76384 0.942793 4
      vertex -5.84273 3.123 4
      vertex -1.80798 0.85511 4
    endloop
  endfacet
  facet normal 0 0 1
    outer loop
      vertex -1.11114 -1.66294 4
      vertex -3.68065 -5.50849 4
      vertex -3.40593 -5.68245 4
    endloop
  endfacet
  facet normal -0 0 1
    outer loop
      vertex -5.98893 2.83255 4
      vertex -1.80798 0.85511 4
      vertex -5.84273 3.123 4
    endloop
  endfacet
  facet normal 0 0 1
    outer loop
      vertex -1.1914 -1.60641 4
      vertex -3.94651 -5.32125 4
      vertex -3.68065 -5.50849 4
    endloop
  endfacet
  facet normal 0 0 1
    outer loop
      vertex -1.80798 0.85511 4
      vertex -5.98893 2.83255 4
      vertex -1.84776 0.765367 4
    endloop
  endfacet
  facet normal 0 0 1
    outer loop
      vertex -1.26879 -1.54602 4
      vertex -4.20286 -5.12119 4
      vertex -3.94651 -5.32125 4
    endloop
  endfacet
  facet normal -0 0 1
    outer loop
      vertex -6.1207 2.53528 4
      vertex -1.84776 0.765367 4
      vertex -5.98893 2.83255 4
    endloop
  endfacet
  facet normal 0 0 1
    outer loop
      vertex -1.34312 -1.4819 4
      vertex -4.44908 -4.9088 4
      vertex -4.20286 -5.12119 4
    endloop
  endfacet
  facet normal 0 0 1
    outer loop
      vertex -1.84776 0.765367 4
      vertex -6.1207 2.53528 4
      vertex -1.88309 0.673779 4
    endloop
  endfacet
  facet normal 0 0 1
    outer loop
      vertex -1.41421 -1.41421 4
      vertex -4.68458 -4.68458 4
      vertex -4.44908 -4.9088 4
    endloop
  endfacet
  facet normal -0 0 1
    outer loop
      vertex -6.23773 2.23189 4
      vertex -1.88309 0.673779 4
      vertex -6.1207 2.53528 4
    endloop
  endfacet
  facet normal 0 0 1
    outer loop
      vertex -1.4819 -1.34312 4
      vertex -4.9088 -4.44908 4
      vertex -4.68458 -4.68458 4
    endloop
  endfacet
  facet normal 0 0 1
    outer loop
      vertex -1.88309 0.673779 4
      vertex -6.23773 2.23189 4
      vertex -1.91388 0.580569 4
    endloop
  endfacet
  facet normal 0 0 1
    outer loop
      vertex -1.54602 -1.26879 4
      vertex -5.12119 -4.20286 4
      vertex -4.9088 -4.44908 4
    endloop
  endfacet
  facet normal -0 0 1
    outer loop
      vertex -6.33973 1.92314 4
      vertex -1.91388 0.580569 4
      vertex -6.23773 2.23189 4
    endloop
  endfacet
  facet normal 0 0 1
    outer loop
      vertex -1.60641 -1.1914 4
      vertex -5.32125 -3.94651 4
      vertex -5.12119 -4.20286 4
    endloop
  endfacet
  facet normal 0 0 1
    outer loop
      vertex -1.91388 0.580569 4
      vertex -6.33973 1.92314 4
      vertex -1.94006 0.48596 4
    endloop
  endfacet
  facet normal 0 0 1
    outer loop
      vertex -1.66294 -1.11114 4
      vertex -5.50849 -3.68065 4
      vertex -5.32125 -3.94651 4
    endloop
  endfacet
  facet normal -0 0 1
    outer loop
      vertex -6.42646 1.60974 4
      vertex -1.94006 0.48596 4
      vertex -6.33973 1.92314 4
    endloop
  endfacet
  facet normal 0 0 1
    outer loop
      vertex -1.71546 -1.0282 4
      vertex -5.68245 -3.40593 4
      vertex -5.50849 -3.68065 4
    endloop
  endfacet
  facet normal 0 0 1
    outer loop
      vertex -1.94006 0.48596 4
      vertex -6.42646 1.60974 4
      vertex -1.96157 0.390181 4
    endloop
  endfacet
  facet normal 0 0 1
    outer loop
      vertex -1.76384 -0.942793 4
      vertex -5.84273 -3.123 4
      vertex -5.68245 -3.40593 4
    endloop
  endfacet
  facet normal -0 0 1
    outer loop
      vertex -6.4977 1.29247 4
      vertex -1.96157 0.390181 4
      vertex -6.42646 1.60974 4
    endloop
  endfacet
  facet normal 0 0 1
    outer loop
      vertex -1.80798 -0.85511 4
      vertex -5.98893 -2.83255 4
      vertex -5.84273 -3.123 4
    endloop
  endfacet
  facet normal 0 0 1
    outer loop
      vertex -1.96157 0.390181 4
      vertex -6.4977 1.29247 4
      vertex -1.97835 0.293461 4
    endloop
  endfacet
  facet normal 0 0 1
    outer loop
      vertex -1.84776 -0.765367 4
      vertex -6.1207 -2.53528 4
      vertex -5.98893 -2.83255 4
    endloop
  endfacet
  facet normal -0 0 1
    outer loop
      vertex -6.55329 0.972089 4
      vertex -1.97835 0.293461 4
      vertex -6.4977 1.29247 4
    endloop
  endfacet
  facet normal 0 0 1
    outer loop
      vertex -1.88309 -0.673779 4
      vertex -6.23773 -2.23189 4
      vertex -6.1207 -2.53528 4
    endloop
  endfacet
  facet normal 0 0 1
    outer loop
      vertex -1.97835 0.293461 4
      vertex -6.55329 0.972089 4
      vertex -1.99037 0.196033 4
    endloop
  endfacet
  facet normal 0 0 1
    outer loop
      vertex -1.91388 -0.580569 4
      vertex -6.33973 -1.92314 4
      vertex -6.23773 -2.23189 4
    endloop
  endfacet
  facet normal -0 0 1
    outer loop
      vertex -6.5931 0.649364 4
      vertex -1.99037 0.196033 4
      vertex -6.55329 0.972089 4
    endloop
  endfacet
  facet normal 0 0 1
    outer loop
      vertex -1.94006 -0.48596 4
      vertex -6.42646 -1.60974 4
      vertex -6.33973 -1.92314 4
    endloop
  endfacet
  facet normal 0 0 1
    outer loop
      vertex -1.99037 0.196033 4
      vertex -6.5931 0.649364 4
      vertex -1.99759 0.098135 4
    endloop
  endfacet
  facet normal 0 0 1
    outer loop
      vertex -1.96157 -0.390181 4
      vertex -6.4977 -1.29247 4
      vertex -6.42646 -1.60974 4
    endloop
  endfacet
  facet normal -0 0 1
    outer loop
      vertex -6.61702 0.325073 4
      vertex -1.99759 0.098135 4
      vertex -6.5931 0.649364 4
    endloop
  endfacet
  facet normal 0 0 1
    outer loop
      vertex -1.97835 -0.293461 4
      vertex -6.55329 -0.972089 4
      vertex -6.4977 -1.29247 4
    endloop
  endfacet
  facet normal 0 0 1
    outer loop
      vertex -1.99759 0.098135 4
      vertex -6.61702 0.325073 4
      vertex -2 0 4
    endloop
  endfacet
  facet normal 0 0 1
    outer loop
      vertex -1.99037 -0.196033 4
      vertex -6.5931 -0.649364 4
      vertex -6.55329 -0.972089 4
    endloop
  endfacet
  facet normal 0 0 1
    outer loop
      vertex -6.625 0 4
      vertex -2 0 4
      vertex -6.61702 0.325073 4
    endloop
  endfacet
  facet normal 0 0 1
    outer loop
      vertex -1.99759 -0.098135 4
      vertex -6.61702 -0.325073 4
      vertex -6.5931 -0.649364 4
    endloop
  endfacet
  facet normal 0 0 1
    outer loop
      vertex -2 0 4
      vertex -6.625 0 4
      vertex -6.61702 -0.325073 4
    endloop
  endfacet
  facet normal -0.575809 0.817584 0
    outer loop
      vertex 3.94651 -5.32125 4
      vertex 3.68065 -5.50849 12
      vertex 3.94651 -5.32125 12
    endloop
  endfacet
  facet normal -0.575809 0.817584 0
    outer loop
      vertex 3.68065 -5.50849 12
      vertex 3.94651 -5.32125 4
      vertex 3.68065 -5.50849 4
    endloop
  endfacet
  facet normal 0.492903 0.870084 -0
    outer loop
      vertex -3.123 -5.84273 4
      vertex -3.40593 -5.68245 12
      vertex -3.123 -5.84273 12
    endloop
  endfacet
  facet normal 0.492903 0.870084 0
    outer loop
      vertex -3.40593 -5.68245 12
      vertex -3.123 -5.84273 4
      vertex -3.40593 -5.68245 4
    endloop
  endfacet
  facet normal 0.999699 0.0245506 0
    outer loop
      vertex -1.99759 -0.098135 4
      vertex -2 0 0
      vertex -2 0 4
    endloop
  endfacet
  facet normal 0.999699 0.0245506 0
    outer loop
      vertex -2 0 0
      vertex -1.99759 -0.098135 4
      vertex -1.99759 -0.098135 0
    endloop
  endfacet
  facet normal -0.997291 -0.0735505 0
    outer loop
      vertex 1.99759 0.098135 0
      vertex 1.99037 0.196033 4
      vertex 1.99037 0.196033 0
    endloop
  endfacet
  facet normal -0.997291 -0.0735505 0
    outer loop
      vertex 1.99037 0.196033 4
      vertex 1.99759 0.098135 0
      vertex 1.99759 0.098135 4
    endloop
  endfacet
  facet normal -0.999699 -0.0245506 0
    outer loop
      vertex 2 0 0
      vertex 1.99759 0.098135 4
      vertex 1.99759 0.098135 0
    endloop
  endfacet
  facet normal -0.999699 -0.0245506 0
    outer loop
      vertex 1.99759 0.098135 4
      vertex 2 0 0
      vertex 2 0 4
    endloop
  endfacet
  facet normal -0.992475 -0.122445 0
    outer loop
      vertex 1.99037 0.196033 0
      vertex 1.97835 0.293461 4
      vertex 1.97835 0.293461 0
    endloop
  endfacet
  facet normal -0.992475 -0.122445 0
    outer loop
      vertex 1.97835 0.293461 4
      vertex 1.99037 0.196033 0
      vertex 1.99037 0.196033 4
    endloop
  endfacet
  facet normal -0.0735505 0.997291 0
    outer loop
      vertex 0.196033 -1.99037 0
      vertex 0.098135 -1.99759 4
      vertex 0.196033 -1.99037 4
    endloop
  endfacet
  facet normal -0.0735505 0.997291 0
    outer loop
      vertex 0.098135 -1.99759 4
      vertex 0.196033 -1.99037 0
      vertex 0.098135 -1.99759 0
    endloop
  endfacet
  facet normal 0.949536 -0.313659 0
    outer loop
      vertex -1.91388 0.580569 4
      vertex -1.88309 0.673779 0
      vertex -1.88309 0.673779 4
    endloop
  endfacet
  facet normal 0.949536 -0.313659 0
    outer loop
      vertex -1.88309 0.673779 0
      vertex -1.91388 0.580569 4
      vertex -1.91388 0.580569 0
    endloop
  endfacet
  facet normal -0.405238 -0.914211 0
    outer loop
      vertex 0.765367 1.84776 0
      vertex 0.85511 1.80798 4
      vertex 0.765367 1.84776 4
    endloop
  endfacet
  facet normal -0.405238 -0.914211 -0
    outer loop
      vertex 0.85511 1.80798 4
      vertex 0.765367 1.84776 0
      vertex 0.85511 1.80798 0
    endloop
  endfacet
  facet normal 0.0245506 0.999699 -0
    outer loop
      vertex 0 -2 0
      vertex -0.098135 -1.99759 4
      vertex 0 -2 4
    endloop
  endfacet
  facet normal 0.0245506 0.999699 0
    outer loop
      vertex -0.098135 -1.99759 4
      vertex 0 -2 0
      vertex -0.098135 -1.99759 0
    endloop
  endfacet
  facet normal -0.788375 0.615195 0
    outer loop
      vertex 1.54602 -1.26879 0
      vertex 1.60641 -1.1914 4
      vertex 1.60641 -1.1914 0
    endloop
  endfacet
  facet normal -0.788375 0.615195 0
    outer loop
      vertex 1.60641 -1.1914 4
      vertex 1.54602 -1.26879 0
      vertex 1.54602 -1.26879 4
    endloop
  endfacet
  facet normal -0.534989 0.844859 0
    outer loop
      vertex 1.11114 -1.66294 0
      vertex 1.0282 -1.71546 4
      vertex 1.11114 -1.66294 4
    endloop
  endfacet
  facet normal -0.534989 0.844859 0
    outer loop
      vertex 1.0282 -1.71546 4
      vertex 1.11114 -1.66294 0
      vertex 1.0282 -1.71546 0
    endloop
  endfacet
  facet normal -0.975698 0.219122 0
    outer loop
      vertex 1.94006 -0.48596 0
      vertex 1.96157 -0.390181 4
      vertex 1.96157 -0.390181 0
    endloop
  endfacet
  facet normal -0.975698 0.219122 0
    outer loop
      vertex 1.96157 -0.390181 4
      vertex 1.94006 -0.48596 0
      vertex 1.94006 -0.48596 4
    endloop
  endfacet
  facet normal 0.689576 -0.724213 0
    outer loop
      vertex -1.41421 1.41421 0
      vertex -1.34312 1.4819 4
      vertex -1.41421 1.41421 4
    endloop
  endfacet
  facet normal 0.689576 -0.724213 0
    outer loop
      vertex -1.34312 1.4819 4
      vertex -1.41421 1.41421 0
      vertex -1.34312 1.4819 0
    endloop
  endfacet
  facet normal -0.997291 0.0735505 0
    outer loop
      vertex 1.99037 -0.196033 0
      vertex 1.99759 -0.098135 4
      vertex 1.99759 -0.098135 0
    endloop
  endfacet
  facet normal -0.997291 0.0735505 0
    outer loop
      vertex 1.99759 -0.098135 4
      vertex 1.99037 -0.196033 0
      vertex 1.99037 -0.196033 4
    endloop
  endfacet
  facet normal -0.949536 -0.313659 0
    outer loop
      vertex 1.91388 0.580569 0
      vertex 1.88309 0.673779 4
      vertex 1.88309 0.673779 0
    endloop
  endfacet
  facet normal -0.949536 -0.313659 0
    outer loop
      vertex 1.88309 0.673779 4
      vertex 1.91388 0.580569 0
      vertex 1.91388 0.580569 4
    endloop
  endfacet
  facet normal -0.0245506 0.999699 0
    outer loop
      vertex 0.098135 -1.99759 0
      vertex 0 -2 4
      vertex 0.098135 -1.99759 4
    endloop
  endfacet
  facet normal -0.0245506 0.999699 0
    outer loop
      vertex 0 -2 4
      vertex 0.098135 -1.99759 0
      vertex 0 -2 0
    endloop
  endfacet
  facet normal 0.405238 0.914211 -0
    outer loop
      vertex -0.765367 -1.84776 0
      vertex -0.85511 -1.80798 4
      vertex -0.765367 -1.84776 4
    endloop
  endfacet
  facet normal 0.405238 0.914211 0
    outer loop
      vertex -0.85511 -1.80798 4
      vertex -0.765367 -1.84776 0
      vertex -0.85511 -1.80798 0
    endloop
  endfacet
  facet normal -0.893208 0.449645 0
    outer loop
      vertex 1.76384 -0.942793 0
      vertex 1.80798 -0.85511 4
      vertex 1.80798 -0.85511 0
    endloop
  endfacet
  facet normal -0.893208 0.449645 0
    outer loop
      vertex 1.80798 -0.85511 4
      vertex 1.76384 -0.942793 0
      vertex 1.76384 -0.942793 4
    endloop
  endfacet
  facet normal 0.122445 -0.992475 0
    outer loop
      vertex -0.293461 1.97835 0
      vertex -0.196033 1.99037 4
      vertex -0.293461 1.97835 4
    endloop
  endfacet
  facet normal 0.122445 -0.992475 0
    outer loop
      vertex -0.196033 1.99037 4
      vertex -0.293461 1.97835 0
      vertex -0.196033 1.99037 0
    endloop
  endfacet
  facet normal -0.219122 -0.975698 0
    outer loop
      vertex 0.390181 1.96157 0
      vertex 0.48596 1.94006 4
      vertex 0.390181 1.96157 4
    endloop
  endfacet
  facet normal -0.219122 -0.975698 -0
    outer loop
      vertex 0.48596 1.94006 4
      vertex 0.390181 1.96157 0
      vertex 0.48596 1.94006 0
    endloop
  endfacet
  facet normal 0.788375 -0.615195 0
    outer loop
      vertex -1.60641 1.1914 4
      vertex -1.54602 1.26879 0
      vertex -1.54602 1.26879 4
    endloop
  endfacet
  facet normal 0.788375 -0.615195 0
    outer loop
      vertex -1.54602 1.26879 0
      vertex -1.60641 1.1914 4
      vertex -1.60641 1.1914 0
    endloop
  endfacet
  facet normal 0.893208 -0.449645 0
    outer loop
      vertex -1.80798 0.85511 4
      vertex -1.76384 0.942793 0
      vertex -1.76384 0.942793 4
    endloop
  endfacet
  facet normal 0.893208 -0.449645 0
    outer loop
      vertex -1.76384 0.942793 0
      vertex -1.80798 0.85511 4
      vertex -1.80798 0.85511 0
    endloop
  endfacet
  facet normal 0.689576 0.724213 -0
    outer loop
      vertex -1.34312 -1.4819 0
      vertex -1.41421 -1.41421 4
      vertex -1.34312 -1.4819 4
    endloop
  endfacet
  facet normal 0.689576 0.724213 0
    outer loop
      vertex -1.41421 -1.41421 4
      vertex -1.34312 -1.4819 0
      vertex -1.41421 -1.41421 0
    endloop
  endfacet
  facet normal 0.932991 -0.3599 0
    outer loop
      vertex -1.88309 0.673779 4
      vertex -1.84776 0.765367 0
      vertex -1.84776 0.765367 4
    endloop
  endfacet
  facet normal 0.932991 -0.3599 0
    outer loop
      vertex -1.84776 0.765367 0
      vertex -1.88309 0.673779 4
      vertex -1.88309 0.673779 0
    endloop
  endfacet
  facet normal -0.870098 -0.492879 0
    outer loop
      vertex 1.76384 0.942793 0
      vertex 1.71546 1.0282 4
      vertex 1.71546 1.0282 0
    endloop
  endfacet
  facet normal -0.870098 -0.492879 0
    outer loop
      vertex 1.71546 1.0282 4
      vertex 1.76384 0.942793 0
      vertex 1.76384 0.942793 4
    endloop
  endfacet
  facet normal -0.653187 -0.757196 0
    outer loop
      vertex 1.26879 1.54602 0
      vertex 1.34312 1.4819 4
      vertex 1.26879 1.54602 4
    endloop
  endfacet
  facet normal -0.653187 -0.757196 -0
    outer loop
      vertex 1.34312 1.4819 4
      vertex 1.26879 1.54602 0
      vertex 1.34312 1.4819 0
    endloop
  endfacet
  facet normal -0.817563 0.575839 0
    outer loop
      vertex 1.60641 -1.1914 0
      vertex 1.66294 -1.11114 4
      vertex 1.66294 -1.11114 0
    endloop
  endfacet
  facet normal -0.817563 0.575839 0
    outer loop
      vertex 1.66294 -1.11114 4
      vertex 1.60641 -1.1914 0
      vertex 1.60641 -1.1914 4
    endloop
  endfacet
  facet normal 0.999699 -0.0245506 0
    outer loop
      vertex -2 0 4
      vertex -1.99759 0.098135 0
      vertex -1.99759 0.098135 4
    endloop
  endfacet
  facet normal 0.999699 -0.0245506 0
    outer loop
      vertex -1.99759 0.098135 0
      vertex -2 0 4
      vertex -2 0 0
    endloop
  endfacet
  facet normal 0.170937 -0.985282 0
    outer loop
      vertex -0.390181 1.96157 0
      vertex -0.293461 1.97835 4
      vertex -0.390181 1.96157 4
    endloop
  endfacet
  facet normal 0.170937 -0.985282 0
    outer loop
      vertex -0.293461 1.97835 4
      vertex -0.390181 1.96157 0
      vertex -0.293461 1.97835 0
    endloop
  endfacet
  facet normal -0.844859 -0.534989 0
    outer loop
      vertex 1.71546 1.0282 0
      vertex 1.66294 1.11114 4
      vertex 1.66294 1.11114 0
    endloop
  endfacet
  facet normal -0.844859 -0.534989 0
    outer loop
      vertex 1.66294 1.11114 4
      vertex 1.71546 1.0282 0
      vertex 1.71546 1.0282 4
    endloop
  endfacet
  facet normal 0.449645 -0.893208 0
    outer loop
      vertex -0.942793 1.76384 0
      vertex -0.85511 1.80798 4
      vertex -0.942793 1.76384 4
    endloop
  endfacet
  facet normal 0.449645 -0.893208 0
    outer loop
      vertex -0.85511 1.80798 4
      vertex -0.942793 1.76384 0
      vertex -0.85511 1.80798 0
    endloop
  endfacet
  facet normal -0.893208 -0.449645 0
    outer loop
      vertex 1.80798 0.85511 0
      vertex 1.76384 0.942793 4
      vertex 1.76384 0.942793 0
    endloop
  endfacet
  facet normal -0.893208 -0.449645 0
    outer loop
      vertex 1.76384 0.942793 4
      vertex 1.80798 0.85511 0
      vertex 1.80798 0.85511 4
    endloop
  endfacet
  facet normal -0.985282 0.170937 0
    outer loop
      vertex 1.96157 -0.390181 0
      vertex 1.97835 -0.293461 4
      vertex 1.97835 -0.293461 0
    endloop
  endfacet
  facet normal -0.985282 0.170937 0
    outer loop
      vertex 1.97835 -0.293461 4
      vertex 1.96157 -0.390181 0
      vertex 1.96157 -0.390181 4
    endloop
  endfacet
  facet normal 0.653187 0.757196 -0
    outer loop
      vertex -1.26879 -1.54602 0
      vertex -1.34312 -1.4819 4
      vertex -1.26879 -1.54602 4
    endloop
  endfacet
  facet normal 0.653187 0.757196 0
    outer loop
      vertex -1.34312 -1.4819 4
      vertex -1.26879 -1.54602 0
      vertex -1.34312 -1.4819 0
    endloop
  endfacet
  facet normal -0.963781 0.266695 0
    outer loop
      vertex 1.91388 -0.580569 0
      vertex 1.94006 -0.48596 4
      vertex 1.94006 -0.48596 0
    endloop
  endfacet
  facet normal -0.963781 0.266695 0
    outer loop
      vertex 1.94006 -0.48596 4
      vertex 1.91388 -0.580569 0
      vertex 1.91388 -0.580569 4
    endloop
  endfacet
  facet normal 0.492879 -0.870098 0
    outer loop
      vertex -1.0282 1.71546 0
      vertex -0.942793 1.76384 4
      vertex -1.0282 1.71546 4
    endloop
  endfacet
  facet normal 0.492879 -0.870098 0
    outer loop
      vertex -0.942793 1.76384 4
      vertex -1.0282 1.71546 0
      vertex -0.942793 1.76384 0
    endloop
  endfacet
  facet normal 0.992475 -0.122445 0
    outer loop
      vertex -1.99037 0.196033 4
      vertex -1.97835 0.293461 0
      vertex -1.97835 0.293461 4
    endloop
  endfacet
  facet normal 0.992475 -0.122445 0
    outer loop
      vertex -1.97835 0.293461 0
      vertex -1.99037 0.196033 4
      vertex -1.99037 0.196033 0
    endloop
  endfacet
  facet normal 0.0245506 -0.999699 0
    outer loop
      vertex -0.098135 1.99759 0
      vertex 0 2 4
      vertex -0.098135 1.99759 4
    endloop
  endfacet
  facet normal 0.0245506 -0.999699 0
    outer loop
      vertex 0 2 4
      vertex -0.098135 1.99759 0
      vertex 0 2 0
    endloop
  endfacet
  facet normal -0.122445 -0.992475 0
    outer loop
      vertex 0.196033 1.99037 0
      vertex 0.293461 1.97835 4
      vertex 0.196033 1.99037 4
    endloop
  endfacet
  facet normal -0.122445 -0.992475 -0
    outer loop
      vertex 0.293461 1.97835 4
      vertex 0.196033 1.99037 0
      vertex 0.293461 1.97835 0
    endloop
  endfacet
  facet normal -0.870098 0.492879 0
    outer loop
      vertex 1.71546 -1.0282 0
      vertex 1.76384 -0.942793 4
      vertex 1.76384 -0.942793 0
    endloop
  endfacet
  facet normal -0.870098 0.492879 0
    outer loop
      vertex 1.76384 -0.942793 4
      vertex 1.71546 -1.0282 0
      vertex 1.71546 -1.0282 4
    endloop
  endfacet
  facet normal -0.992475 0.122445 0
    outer loop
      vertex 1.97835 -0.293461 0
      vertex 1.99037 -0.196033 4
      vertex 1.99037 -0.196033 0
    endloop
  endfacet
  facet normal -0.992475 0.122445 0
    outer loop
      vertex 1.99037 -0.196033 4
      vertex 1.97835 -0.293461 0
      vertex 1.97835 -0.293461 4
    endloop
  endfacet
  facet normal 0.3599 -0.932991 0
    outer loop
      vertex -0.765367 1.84776 0
      vertex -0.673779 1.88309 4
      vertex -0.765367 1.84776 4
    endloop
  endfacet
  facet normal 0.3599 -0.932991 0
    outer loop
      vertex -0.673779 1.88309 4
      vertex -0.765367 1.84776 0
      vertex -0.673779 1.88309 0
    endloop
  endfacet
  facet normal 0.870098 0.492879 0
    outer loop
      vertex -1.71546 -1.0282 4
      vertex -1.76384 -0.942793 0
      vertex -1.76384 -0.942793 4
    endloop
  endfacet
  facet normal 0.870098 0.492879 0
    outer loop
      vertex -1.76384 -0.942793 0
      vertex -1.71546 -1.0282 4
      vertex -1.71546 -1.0282 0
    endloop
  endfacet
  facet normal -0.170937 0.985282 0
    outer loop
      vertex 0.390181 -1.96157 0
      vertex 0.293461 -1.97835 4
      vertex 0.390181 -1.96157 4
    endloop
  endfacet
  facet normal -0.170937 0.985282 0
    outer loop
      vertex 0.293461 -1.97835 4
      vertex 0.390181 -1.96157 0
      vertex 0.293461 -1.97835 0
    endloop
  endfacet
  facet normal -0.724213 0.689576 0
    outer loop
      vertex 1.41421 -1.41421 0
      vertex 1.4819 -1.34312 4
      vertex 1.4819 -1.34312 0
    endloop
  endfacet
  facet normal -0.724213 0.689576 0
    outer loop
      vertex 1.4819 -1.34312 4
      vertex 1.41421 -1.41421 0
      vertex 1.41421 -1.41421 4
    endloop
  endfacet
  facet normal 0.997291 0.0735505 0
    outer loop
      vertex -1.99037 -0.196033 4
      vertex -1.99759 -0.098135 0
      vertex -1.99759 -0.098135 4
    endloop
  endfacet
  facet normal 0.997291 0.0735505 0
    outer loop
      vertex -1.99759 -0.098135 0
      vertex -1.99037 -0.196033 4
      vertex -1.99037 -0.196033 0
    endloop
  endfacet
  facet normal 0.817563 -0.575839 0
    outer loop
      vertex -1.66294 1.11114 4
      vertex -1.60641 1.1914 0
      vertex -1.60641 1.1914 4
    endloop
  endfacet
  facet normal 0.817563 -0.575839 0
    outer loop
      vertex -1.60641 1.1914 0
      vertex -1.66294 1.11114 4
      vertex -1.66294 1.11114 0
    endloop
  endfacet
  facet normal -0.0245506 -0.999699 0
    outer loop
      vertex 0 2 0
      vertex 0.098135 1.99759 4
      vertex 0 2 4
    endloop
  endfacet
  facet normal -0.0245506 -0.999699 -0
    outer loop
      vertex 0.098135 1.99759 4
      vertex 0 2 0
      vertex 0.098135 1.99759 0
    endloop
  endfacet
  facet normal -0.757196 0.653187 0
    outer loop
      vertex 1.4819 -1.34312 0
      vertex 1.54602 -1.26879 4
      vertex 1.54602 -1.26879 0
    endloop
  endfacet
  facet normal -0.757196 0.653187 0
    outer loop
      vertex 1.54602 -1.26879 4
      vertex 1.4819 -1.34312 0
      vertex 1.4819 -1.34312 4
    endloop
  endfacet
  facet normal 0.653187 -0.757196 0
    outer loop
      vertex -1.34312 1.4819 0
      vertex -1.26879 1.54602 4
      vertex -1.34312 1.4819 4
    endloop
  endfacet
  facet normal 0.653187 -0.757196 0
    outer loop
      vertex -1.26879 1.54602 4
      vertex -1.34312 1.4819 0
      vertex -1.26879 1.54602 0
    endloop
  endfacet
  facet normal 0.266695 0.963781 -0
    outer loop
      vertex -0.48596 -1.94006 0
      vertex -0.580569 -1.91388 4
      vertex -0.48596 -1.94006 4
    endloop
  endfacet
  facet normal 0.266695 0.963781 0
    outer loop
      vertex -0.580569 -1.91388 4
      vertex -0.48596 -1.94006 0
      vertex -0.580569 -1.91388 0
    endloop
  endfacet
  facet normal -0.615195 0.788375 0
    outer loop
      vertex 1.26879 -1.54602 0
      vertex 1.1914 -1.60641 4
      vertex 1.26879 -1.54602 4
    endloop
  endfacet
  facet normal -0.615195 0.788375 0
    outer loop
      vertex 1.1914 -1.60641 4
      vertex 1.26879 -1.54602 0
      vertex 1.1914 -1.60641 0
    endloop
  endfacet
  facet normal 0.992475 0.122445 0
    outer loop
      vertex -1.97835 -0.293461 4
      vertex -1.99037 -0.196033 0
      vertex -1.99037 -0.196033 4
    endloop
  endfacet
  facet normal 0.992475 0.122445 0
    outer loop
      vertex -1.99037 -0.196033 0
      vertex -1.97835 -0.293461 4
      vertex -1.97835 -0.293461 0
    endloop
  endfacet
  facet normal -0.689576 0.724213 0
    outer loop
      vertex 1.41421 -1.41421 0
      vertex 1.34312 -1.4819 4
      vertex 1.41421 -1.41421 4
    endloop
  endfacet
  facet normal -0.689576 0.724213 0
    outer loop
      vertex 1.34312 -1.4819 4
      vertex 1.41421 -1.41421 0
      vertex 1.34312 -1.4819 0
    endloop
  endfacet
  facet normal -0.788375 -0.615195 0
    outer loop
      vertex 1.60641 1.1914 0
      vertex 1.54602 1.26879 4
      vertex 1.54602 1.26879 0
    endloop
  endfacet
  facet normal -0.788375 -0.615195 0
    outer loop
      vertex 1.54602 1.26879 4
      vertex 1.60641 1.1914 0
      vertex 1.60641 1.1914 4
    endloop
  endfacet
  facet normal 0.313659 0.949536 -0
    outer loop
      vertex -0.580569 -1.91388 0
      vertex -0.673779 -1.88309 4
      vertex -0.580569 -1.91388 4
    endloop
  endfacet
  facet normal 0.313659 0.949536 0
    outer loop
      vertex -0.673779 -1.88309 4
      vertex -0.580569 -1.91388 0
      vertex -0.673779 -1.88309 0
    endloop
  endfacet
  facet normal -0.914211 -0.405238 0
    outer loop
      vertex 1.84776 0.765367 0
      vertex 1.80798 0.85511 4
      vertex 1.80798 0.85511 0
    endloop
  endfacet
  facet normal -0.914211 -0.405238 0
    outer loop
      vertex 1.80798 0.85511 4
      vertex 1.84776 0.765367 0
      vertex 1.84776 0.765367 4
    endloop
  endfacet
  facet normal -0.949536 0.313659 0
    outer loop
      vertex 1.88309 -0.673779 0
      vertex 1.91388 -0.580569 4
      vertex 1.91388 -0.580569 0
    endloop
  endfacet
  facet normal -0.949536 0.313659 0
    outer loop
      vertex 1.91388 -0.580569 4
      vertex 1.88309 -0.673779 0
      vertex 1.88309 -0.673779 4
    endloop
  endfacet
  facet normal 0.0735505 -0.997291 0
    outer loop
      vertex -0.196033 1.99037 0
      vertex -0.098135 1.99759 4
      vertex -0.196033 1.99037 4
    endloop
  endfacet
  facet normal 0.0735505 -0.997291 0
    outer loop
      vertex -0.098135 1.99759 4
      vertex -0.196033 1.99037 0
      vertex -0.098135 1.99759 0
    endloop
  endfacet
  facet normal 0.492879 0.870098 -0
    outer loop
      vertex -0.942793 -1.76384 0
      vertex -1.0282 -1.71546 4
      vertex -0.942793 -1.76384 4
    endloop
  endfacet
  facet normal 0.492879 0.870098 0
    outer loop
      vertex -1.0282 -1.71546 4
      vertex -0.942793 -1.76384 0
      vertex -1.0282 -1.71546 0
    endloop
  endfacet
  facet normal -0.266695 0.963781 0
    outer loop
      vertex 0.580569 -1.91388 0
      vertex 0.48596 -1.94006 4
      vertex 0.580569 -1.91388 4
    endloop
  endfacet
  facet normal -0.266695 0.963781 0
    outer loop
      vertex 0.48596 -1.94006 4
      vertex 0.580569 -1.91388 0
      vertex 0.48596 -1.94006 0
    endloop
  endfacet
  facet normal -0.313659 -0.949536 0
    outer loop
      vertex 0.580569 1.91388 0
      vertex 0.673779 1.88309 4
      vertex 0.580569 1.91388 4
    endloop
  endfacet
  facet normal -0.313659 -0.949536 -0
    outer loop
      vertex 0.673779 1.88309 4
      vertex 0.580569 1.91388 0
      vertex 0.673779 1.88309 0
    endloop
  endfacet
  facet normal 0.219122 -0.975698 0
    outer loop
      vertex -0.48596 1.94006 0
      vertex -0.390181 1.96157 4
      vertex -0.48596 1.94006 4
    endloop
  endfacet
  facet normal 0.219122 -0.975698 0
    outer loop
      vertex -0.390181 1.96157 4
      vertex -0.48596 1.94006 0
      vertex -0.390181 1.96157 0
    endloop
  endfacet
  facet normal -0.575839 -0.817563 0
    outer loop
      vertex 1.11114 1.66294 0
      vertex 1.1914 1.60641 4
      vertex 1.11114 1.66294 4
    endloop
  endfacet
  facet normal -0.575839 -0.817563 -0
    outer loop
      vertex 1.1914 1.60641 4
      vertex 1.11114 1.66294 0
      vertex 1.1914 1.60641 0
    endloop
  endfacet
  facet normal 0.313659 -0.949536 0
    outer loop
      vertex -0.673779 1.88309 0
      vertex -0.580569 1.91388 4
      vertex -0.673779 1.88309 4
    endloop
  endfacet
  facet normal 0.313659 -0.949536 0
    outer loop
      vertex -0.580569 1.91388 4
      vertex -0.673779 1.88309 0
      vertex -0.580569 1.91388 0
    endloop
  endfacet
  facet normal -0.817563 -0.575839 0
    outer loop
      vertex 1.66294 1.11114 0
      vertex 1.60641 1.1914 4
      vertex 1.60641 1.1914 0
    endloop
  endfacet
  facet normal -0.817563 -0.575839 0
    outer loop
      vertex 1.60641 1.1914 4
      vertex 1.66294 1.11114 0
      vertex 1.66294 1.11114 4
    endloop
  endfacet
  facet normal 0.985282 0.170937 0
    outer loop
      vertex -1.96157 -0.390181 4
      vertex -1.97835 -0.293461 0
      vertex -1.97835 -0.293461 4
    endloop
  endfacet
  facet normal 0.985282 0.170937 0
    outer loop
      vertex -1.97835 -0.293461 0
      vertex -1.96157 -0.390181 4
      vertex -1.96157 -0.390181 0
    endloop
  endfacet
  facet normal -0.0735505 -0.997291 0
    outer loop
      vertex 0.098135 1.99759 0
      vertex 0.196033 1.99037 4
      vertex 0.098135 1.99759 4
    endloop
  endfacet
  facet normal -0.0735505 -0.997291 -0
    outer loop
      vertex 0.196033 1.99037 4
      vertex 0.098135 1.99759 0
      vertex 0.196033 1.99037 0
    endloop
  endfacet
  facet normal 0.3599 0.932991 -0
    outer loop
      vertex -0.673779 -1.88309 0
      vertex -0.765367 -1.84776 4
      vertex -0.673779 -1.88309 4
    endloop
  endfacet
  facet normal 0.3599 0.932991 0
    outer loop
      vertex -0.765367 -1.84776 4
      vertex -0.673779 -1.88309 0
      vertex -0.765367 -1.84776 0
    endloop
  endfacet
  facet normal -0.985282 -0.170937 0
    outer loop
      vertex 1.97835 0.293461 0
      vertex 1.96157 0.390181 4
      vertex 1.96157 0.390181 0
    endloop
  endfacet
  facet normal -0.985282 -0.170937 0
    outer loop
      vertex 1.96157 0.390181 4
      vertex 1.97835 0.293461 0
      vertex 1.97835 0.293461 4
    endloop
  endfacet
  facet normal -0.492879 -0.870098 0
    outer loop
      vertex 0.942793 1.76384 0
      vertex 1.0282 1.71546 4
      vertex 0.942793 1.76384 4
    endloop
  endfacet
  facet normal -0.492879 -0.870098 -0
    outer loop
      vertex 1.0282 1.71546 4
      vertex 0.942793 1.76384 0
      vertex 1.0282 1.71546 0
    endloop
  endfacet
  facet normal -0.914211 0.405238 0
    outer loop
      vertex 1.80798 -0.85511 0
      vertex 1.84776 -0.765367 4
      vertex 1.84776 -0.765367 0
    endloop
  endfacet
  facet normal -0.914211 0.405238 0
    outer loop
      vertex 1.84776 -0.765367 4
      vertex 1.80798 -0.85511 0
      vertex 1.80798 -0.85511 4
    endloop
  endfacet
  facet normal -0.999699 0.0245506 0
    outer loop
      vertex 1.99759 -0.098135 0
      vertex 2 0 4
      vertex 2 0 0
    endloop
  endfacet
  facet normal -0.999699 0.0245506 0
    outer loop
      vertex 2 0 4
      vertex 1.99759 -0.098135 0
      vertex 1.99759 -0.098135 4
    endloop
  endfacet
  facet normal -0.3599 -0.932991 0
    outer loop
      vertex 0.673779 1.88309 0
      vertex 0.765367 1.84776 4
      vertex 0.673779 1.88309 4
    endloop
  endfacet
  facet normal -0.3599 -0.932991 -0
    outer loop
      vertex 0.765367 1.84776 4
      vertex 0.673779 1.88309 0
      vertex 0.765367 1.84776 0
    endloop
  endfacet
  facet normal 0.844859 0.534989 0
    outer loop
      vertex -1.66294 -1.11114 4
      vertex -1.71546 -1.0282 0
      vertex -1.71546 -1.0282 4
    endloop
  endfacet
  facet normal 0.844859 0.534989 0
    outer loop
      vertex -1.71546 -1.0282 0
      vertex -1.66294 -1.11114 4
      vertex -1.66294 -1.11114 0
    endloop
  endfacet
  facet normal -0.575839 0.817563 0
    outer loop
      vertex 1.1914 -1.60641 0
      vertex 1.11114 -1.66294 4
      vertex 1.1914 -1.60641 4
    endloop
  endfacet
  facet normal -0.575839 0.817563 0
    outer loop
      vertex 1.11114 -1.66294 4
      vertex 1.1914 -1.60641 0
      vertex 1.11114 -1.66294 0
    endloop
  endfacet
  facet normal -0.975698 -0.219122 0
    outer loop
      vertex 1.96157 0.390181 0
      vertex 1.94006 0.48596 4
      vertex 1.94006 0.48596 0
    endloop
  endfacet
  facet normal -0.975698 -0.219122 0
    outer loop
      vertex 1.94006 0.48596 4
      vertex 1.96157 0.390181 0
      vertex 1.96157 0.390181 4
    endloop
  endfacet
  facet normal -0.724213 -0.689576 0
    outer loop
      vertex 1.4819 1.34312 0
      vertex 1.41421 1.41421 4
      vertex 1.41421 1.41421 0
    endloop
  endfacet
  facet normal -0.724213 -0.689576 0
    outer loop
      vertex 1.41421 1.41421 4
      vertex 1.4819 1.34312 0
      vertex 1.4819 1.34312 4
    endloop
  endfacet
  facet normal 0.757196 0.653187 0
    outer loop
      vertex -1.4819 -1.34312 4
      vertex -1.54602 -1.26879 0
      vertex -1.54602 -1.26879 4
    endloop
  endfacet
  facet normal 0.757196 0.653187 0
    outer loop
      vertex -1.54602 -1.26879 0
      vertex -1.4819 -1.34312 4
      vertex -1.4819 -1.34312 0
    endloop
  endfacet
  facet normal -0.963781 -0.266695 0
    outer loop
      vertex 1.94006 0.48596 0
      vertex 1.91388 0.580569 4
      vertex 1.91388 0.580569 0
    endloop
  endfacet
  facet normal -0.963781 -0.266695 0
    outer loop
      vertex 1.91388 0.580569 4
      vertex 1.94006 0.48596 0
      vertex 1.94006 0.48596 4
    endloop
  endfacet
  facet normal 0.724213 0.689576 0
    outer loop
      vertex -1.41421 -1.41421 4
      vertex -1.4819 -1.34312 0
      vertex -1.4819 -1.34312 4
    endloop
  endfacet
  facet normal 0.724213 0.689576 0
    outer loop
      vertex -1.4819 -1.34312 0
      vertex -1.41421 -1.41421 4
      vertex -1.41421 -1.41421 0
    endloop
  endfacet
  facet normal 0.122445 0.992475 -0
    outer loop
      vertex -0.196033 -1.99037 0
      vertex -0.293461 -1.97835 4
      vertex -0.196033 -1.99037 4
    endloop
  endfacet
  facet normal 0.122445 0.992475 0
    outer loop
      vertex -0.293461 -1.97835 4
      vertex -0.196033 -1.99037 0
      vertex -0.293461 -1.97835 0
    endloop
  endfacet
  facet normal -0.534989 -0.844859 0
    outer loop
      vertex 1.0282 1.71546 0
      vertex 1.11114 1.66294 4
      vertex 1.0282 1.71546 4
    endloop
  endfacet
  facet normal -0.534989 -0.844859 -0
    outer loop
      vertex 1.11114 1.66294 4
      vertex 1.0282 1.71546 0
      vertex 1.11114 1.66294 0
    endloop
  endfacet
  facet normal 0.870098 -0.492879 0
    outer loop
      vertex -1.76384 0.942793 4
      vertex -1.71546 1.0282 0
      vertex -1.71546 1.0282 4
    endloop
  endfacet
  facet normal 0.870098 -0.492879 0
    outer loop
      vertex -1.71546 1.0282 0
      vertex -1.76384 0.942793 4
      vertex -1.76384 0.942793 0
    endloop
  endfacet
  facet normal -0.615195 -0.788375 0
    outer loop
      vertex 1.1914 1.60641 0
      vertex 1.26879 1.54602 4
      vertex 1.1914 1.60641 4
    endloop
  endfacet
  facet normal -0.615195 -0.788375 -0
    outer loop
      vertex 1.26879 1.54602 4
      vertex 1.1914 1.60641 0
      vertex 1.26879 1.54602 0
    endloop
  endfacet
  facet normal -0.449645 -0.893208 0
    outer loop
      vertex 0.85511 1.80798 0
      vertex 0.942793 1.76384 4
      vertex 0.85511 1.80798 4
    endloop
  endfacet
  facet normal -0.449645 -0.893208 -0
    outer loop
      vertex 0.942793 1.76384 4
      vertex 0.85511 1.80798 0
      vertex 0.942793 1.76384 0
    endloop
  endfacet
  facet normal 0.757196 -0.653187 0
    outer loop
      vertex -1.54602 1.26879 4
      vertex -1.4819 1.34312 0
      vertex -1.4819 1.34312 4
    endloop
  endfacet
  facet normal 0.757196 -0.653187 0
    outer loop
      vertex -1.4819 1.34312 0
      vertex -1.54602 1.26879 4
      vertex -1.54602 1.26879 0
    endloop
  endfacet
  facet normal 0.932991 0.3599 0
    outer loop
      vertex -1.84776 -0.765367 4
      vertex -1.88309 -0.673779 0
      vertex -1.88309 -0.673779 4
    endloop
  endfacet
  facet normal 0.932991 0.3599 0
    outer loop
      vertex -1.88309 -0.673779 0
      vertex -1.84776 -0.765367 4
      vertex -1.84776 -0.765367 0
    endloop
  endfacet
  facet normal 0.949536 0.313659 0
    outer loop
      vertex -1.88309 -0.673779 4
      vertex -1.91388 -0.580569 0
      vertex -1.91388 -0.580569 4
    endloop
  endfacet
  facet normal 0.949536 0.313659 0
    outer loop
      vertex -1.91388 -0.580569 0
      vertex -1.88309 -0.673779 4
      vertex -1.88309 -0.673779 0
    endloop
  endfacet
  facet normal 0.817563 0.575839 0
    outer loop
      vertex -1.60641 -1.1914 4
      vertex -1.66294 -1.11114 0
      vertex -1.66294 -1.11114 4
    endloop
  endfacet
  facet normal 0.817563 0.575839 0
    outer loop
      vertex -1.66294 -1.11114 0
      vertex -1.60641 -1.1914 4
      vertex -1.60641 -1.1914 0
    endloop
  endfacet
  facet normal -0.653187 0.757196 0
    outer loop
      vertex 1.34312 -1.4819 0
      vertex 1.26879 -1.54602 4
      vertex 1.34312 -1.4819 4
    endloop
  endfacet
  facet normal -0.653187 0.757196 0
    outer loop
      vertex 1.26879 -1.54602 4
      vertex 1.34312 -1.4819 0
      vertex 1.26879 -1.54602 0
    endloop
  endfacet
  facet normal -0.932991 -0.3599 0
    outer loop
      vertex 1.88309 0.673779 0
      vertex 1.84776 0.765367 4
      vertex 1.84776 0.765367 0
    endloop
  endfacet
  facet normal -0.932991 -0.3599 0
    outer loop
      vertex 1.84776 0.765367 4
      vertex 1.88309 0.673779 0
      vertex 1.88309 0.673779 4
    endloop
  endfacet
  facet normal 0.0735505 0.997291 -0
    outer loop
      vertex -0.098135 -1.99759 0
      vertex -0.196033 -1.99037 4
      vertex -0.098135 -1.99759 4
    endloop
  endfacet
  facet normal 0.0735505 0.997291 0
    outer loop
      vertex -0.196033 -1.99037 4
      vertex -0.098135 -1.99759 0
      vertex -0.196033 -1.99037 0
    endloop
  endfacet
  facet normal 0.975698 0.219122 0
    outer loop
      vertex -1.94006 -0.48596 4
      vertex -1.96157 -0.390181 0
      vertex -1.96157 -0.390181 4
    endloop
  endfacet
  facet normal 0.975698 0.219122 0
    outer loop
      vertex -1.96157 -0.390181 0
      vertex -1.94006 -0.48596 4
      vertex -1.94006 -0.48596 0
    endloop
  endfacet
  facet normal -0.844859 0.534989 0
    outer loop
      vertex 1.66294 -1.11114 0
      vertex 1.71546 -1.0282 4
      vertex 1.71546 -1.0282 0
    endloop
  endfacet
  facet normal -0.844859 0.534989 0
    outer loop
      vertex 1.71546 -1.0282 4
      vertex 1.66294 -1.11114 0
      vertex 1.66294 -1.11114 4
    endloop
  endfacet
  facet normal -0.122445 0.992475 0
    outer loop
      vertex 0.293461 -1.97835 0
      vertex 0.196033 -1.99037 4
      vertex 0.293461 -1.97835 4
    endloop
  endfacet
  facet normal -0.122445 0.992475 0
    outer loop
      vertex 0.196033 -1.99037 4
      vertex 0.293461 -1.97835 0
      vertex 0.196033 -1.99037 0
    endloop
  endfacet
  facet normal -0.492879 0.870098 0
    outer loop
      vertex 1.0282 -1.71546 0
      vertex 0.942793 -1.76384 4
      vertex 1.0282 -1.71546 4
    endloop
  endfacet
  facet normal -0.492879 0.870098 0
    outer loop
      vertex 0.942793 -1.76384 4
      vertex 1.0282 -1.71546 0
      vertex 0.942793 -1.76384 0
    endloop
  endfacet
  facet normal 0.844859 -0.534989 0
    outer loop
      vertex -1.71546 1.0282 4
      vertex -1.66294 1.11114 0
      vertex -1.66294 1.11114 4
    endloop
  endfacet
  facet normal 0.844859 -0.534989 0
    outer loop
      vertex -1.66294 1.11114 0
      vertex -1.71546 1.0282 4
      vertex -1.71546 1.0282 0
    endloop
  endfacet
  facet normal 0.914211 0.405238 0
    outer loop
      vertex -1.80798 -0.85511 4
      vertex -1.84776 -0.765367 0
      vertex -1.84776 -0.765367 4
    endloop
  endfacet
  facet normal 0.914211 0.405238 0
    outer loop
      vertex -1.84776 -0.765367 0
      vertex -1.80798 -0.85511 4
      vertex -1.80798 -0.85511 0
    endloop
  endfacet
  facet normal -0.313659 0.949536 0
    outer loop
      vertex 0.673779 -1.88309 0
      vertex 0.580569 -1.91388 4
      vertex 0.673779 -1.88309 4
    endloop
  endfacet
  facet normal -0.313659 0.949536 0
    outer loop
      vertex 0.580569 -1.91388 4
      vertex 0.673779 -1.88309 0
      vertex 0.580569 -1.91388 0
    endloop
  endfacet
  facet normal -0.449645 0.893208 0
    outer loop
      vertex 0.942793 -1.76384 0
      vertex 0.85511 -1.80798 4
      vertex 0.942793 -1.76384 4
    endloop
  endfacet
  facet normal -0.449645 0.893208 0
    outer loop
      vertex 0.85511 -1.80798 4
      vertex 0.942793 -1.76384 0
      vertex 0.85511 -1.80798 0
    endloop
  endfacet
  facet normal -0.405238 0.914211 0
    outer loop
      vertex 0.85511 -1.80798 0
      vertex 0.765367 -1.84776 4
      vertex 0.85511 -1.80798 4
    endloop
  endfacet
  facet normal -0.405238 0.914211 0
    outer loop
      vertex 0.765367 -1.84776 4
      vertex 0.85511 -1.80798 0
      vertex 0.765367 -1.84776 0
    endloop
  endfacet
  facet normal 0.975698 -0.219122 0
    outer loop
      vertex -1.96157 0.390181 4
      vertex -1.94006 0.48596 0
      vertex -1.94006 0.48596 4
    endloop
  endfacet
  facet normal 0.975698 -0.219122 0
    outer loop
      vertex -1.94006 0.48596 0
      vertex -1.96157 0.390181 4
      vertex -1.96157 0.390181 0
    endloop
  endfacet
  facet normal -0.219122 0.975698 0
    outer loop
      vertex 0.48596 -1.94006 0
      vertex 0.390181 -1.96157 4
      vertex 0.48596 -1.94006 4
    endloop
  endfacet
  facet normal -0.219122 0.975698 0
    outer loop
      vertex 0.390181 -1.96157 4
      vertex 0.48596 -1.94006 0
      vertex 0.390181 -1.96157 0
    endloop
  endfacet
  facet normal -0.689576 -0.724213 0
    outer loop
      vertex 1.34312 1.4819 0
      vertex 1.41421 1.41421 4
      vertex 1.34312 1.4819 4
    endloop
  endfacet
  facet normal -0.689576 -0.724213 -0
    outer loop
      vertex 1.41421 1.41421 4
      vertex 1.34312 1.4819 0
      vertex 1.41421 1.41421 0
    endloop
  endfacet
  facet normal 0.575839 -0.817563 0
    outer loop
      vertex -1.1914 1.60641 0
      vertex -1.11114 1.66294 4
      vertex -1.1914 1.60641 4
    endloop
  endfacet
  facet normal 0.575839 -0.817563 0
    outer loop
      vertex -1.11114 1.66294 4
      vertex -1.1914 1.60641 0
      vertex -1.11114 1.66294 0
    endloop
  endfacet
  facet normal 0.724213 -0.689576 0
    outer loop
      vertex -1.4819 1.34312 4
      vertex -1.41421 1.41421 0
      vertex -1.41421 1.41421 4
    endloop
  endfacet
  facet normal 0.724213 -0.689576 0
    outer loop
      vertex -1.41421 1.41421 0
      vertex -1.4819 1.34312 4
      vertex -1.4819 1.34312 0
    endloop
  endfacet
  facet normal 0.219122 0.975698 -0
    outer loop
      vertex -0.390181 -1.96157 0
      vertex -0.48596 -1.94006 4
      vertex -0.390181 -1.96157 4
    endloop
  endfacet
  facet normal 0.219122 0.975698 0
    outer loop
      vertex -0.48596 -1.94006 4
      vertex -0.390181 -1.96157 0
      vertex -0.48596 -1.94006 0
    endloop
  endfacet
  facet normal -0.3599 0.932991 0
    outer loop
      vertex 0.765367 -1.84776 0
      vertex 0.673779 -1.88309 4
      vertex 0.765367 -1.84776 4
    endloop
  endfacet
  facet normal -0.3599 0.932991 0
    outer loop
      vertex 0.673779 -1.88309 4
      vertex 0.765367 -1.84776 0
      vertex 0.673779 -1.88309 0
    endloop
  endfacet
  facet normal 0.615195 -0.788375 0
    outer loop
      vertex -1.26879 1.54602 0
      vertex -1.1914 1.60641 4
      vertex -1.26879 1.54602 4
    endloop
  endfacet
  facet normal 0.615195 -0.788375 0
    outer loop
      vertex -1.1914 1.60641 4
      vertex -1.26879 1.54602 0
      vertex -1.1914 1.60641 0
    endloop
  endfacet
  facet normal 0.534989 -0.844859 0
    outer loop
      vertex -1.11114 1.66294 0
      vertex -1.0282 1.71546 4
      vertex -1.11114 1.66294 4
    endloop
  endfacet
  facet normal 0.534989 -0.844859 0
    outer loop
      vertex -1.0282 1.71546 4
      vertex -1.11114 1.66294 0
      vertex -1.0282 1.71546 0
    endloop
  endfacet
  facet normal 0.963781 -0.266695 0
    outer loop
      vertex -1.94006 0.48596 4
      vertex -1.91388 0.580569 0
      vertex -1.91388 0.580569 4
    endloop
  endfacet
  facet normal 0.963781 -0.266695 0
    outer loop
      vertex -1.91388 0.580569 0
      vertex -1.94006 0.48596 4
      vertex -1.94006 0.48596 0
    endloop
  endfacet
  facet normal 0.534989 0.844859 -0
    outer loop
      vertex -1.0282 -1.71546 0
      vertex -1.11114 -1.66294 4
      vertex -1.0282 -1.71546 4
    endloop
  endfacet
  facet normal 0.534989 0.844859 0
    outer loop
      vertex -1.11114 -1.66294 4
      vertex -1.0282 -1.71546 0
      vertex -1.11114 -1.66294 0
    endloop
  endfacet
  facet normal 0.997291 -0.0735505 0
    outer loop
      vertex -1.99759 0.098135 4
      vertex -1.99037 0.196033 0
      vertex -1.99037 0.196033 4
    endloop
  endfacet
  facet normal 0.997291 -0.0735505 0
    outer loop
      vertex -1.99037 0.196033 0
      vertex -1.99759 0.098135 4
      vertex -1.99759 0.098135 0
    endloop
  endfacet
  facet normal 0.985282 -0.170937 0
    outer loop
      vertex -1.97835 0.293461 4
      vertex -1.96157 0.390181 0
      vertex -1.96157 0.390181 4
    endloop
  endfacet
  facet normal 0.985282 -0.170937 0
    outer loop
      vertex -1.96157 0.390181 0
      vertex -1.97835 0.293461 4
      vertex -1.97835 0.293461 0
    endloop
  endfacet
  facet normal 0.170937 0.985282 -0
    outer loop
      vertex -0.293461 -1.97835 0
      vertex -0.390181 -1.96157 4
      vertex -0.293461 -1.97835 4
    endloop
  endfacet
  facet normal 0.170937 0.985282 0
    outer loop
      vertex -0.390181 -1.96157 4
      vertex -0.293461 -1.97835 0
      vertex -0.390181 -1.96157 0
    endloop
  endfacet
  facet normal 0.266695 -0.963781 0
    outer loop
      vertex -0.580569 1.91388 0
      vertex -0.48596 1.94006 4
      vertex -0.580569 1.91388 4
    endloop
  endfacet
  facet normal 0.266695 -0.963781 0
    outer loop
      vertex -0.48596 1.94006 4
      vertex -0.580569 1.91388 0
      vertex -0.48596 1.94006 0
    endloop
  endfacet
  facet normal 0.788375 0.615195 0
    outer loop
      vertex -1.54602 -1.26879 4
      vertex -1.60641 -1.1914 0
      vertex -1.60641 -1.1914 4
    endloop
  endfacet
  facet normal 0.788375 0.615195 0
    outer loop
      vertex -1.60641 -1.1914 0
      vertex -1.54602 -1.26879 4
      vertex -1.54602 -1.26879 0
    endloop
  endfacet
  facet normal -0.170937 -0.985282 0
    outer loop
      vertex 0.293461 1.97835 0
      vertex 0.390181 1.96157 4
      vertex 0.293461 1.97835 4
    endloop
  endfacet
  facet normal -0.170937 -0.985282 -0
    outer loop
      vertex 0.390181 1.96157 4
      vertex 0.293461 1.97835 0
      vertex 0.390181 1.96157 0
    endloop
  endfacet
  facet normal 0.914211 -0.405238 0
    outer loop
      vertex -1.84776 0.765367 4
      vertex -1.80798 0.85511 0
      vertex -1.80798 0.85511 4
    endloop
  endfacet
  facet normal 0.914211 -0.405238 0
    outer loop
      vertex -1.80798 0.85511 0
      vertex -1.84776 0.765367 4
      vertex -1.84776 0.765367 0
    endloop
  endfacet
  facet normal -0.266695 -0.963781 0
    outer loop
      vertex 0.48596 1.94006 0
      vertex 0.580569 1.91388 4
      vertex 0.48596 1.94006 4
    endloop
  endfacet
  facet normal -0.266695 -0.963781 -0
    outer loop
      vertex 0.580569 1.91388 4
      vertex 0.48596 1.94006 0
      vertex 0.580569 1.91388 0
    endloop
  endfacet
  facet normal 0.449645 0.893208 -0
    outer loop
      vertex -0.85511 -1.80798 0
      vertex -0.942793 -1.76384 4
      vertex -0.85511 -1.80798 4
    endloop
  endfacet
  facet normal 0.449645 0.893208 0
    outer loop
      vertex -0.942793 -1.76384 4
      vertex -0.85511 -1.80798 0
      vertex -0.942793 -1.76384 0
    endloop
  endfacet
  facet normal 0.615195 0.788375 -0
    outer loop
      vertex -1.1914 -1.60641 0
      vertex -1.26879 -1.54602 4
      vertex -1.1914 -1.60641 4
    endloop
  endfacet
  facet normal 0.615195 0.788375 0
    outer loop
      vertex -1.26879 -1.54602 4
      vertex -1.1914 -1.60641 0
      vertex -1.26879 -1.54602 0
    endloop
  endfacet
  facet normal -0.757196 -0.653187 0
    outer loop
      vertex 1.54602 1.26879 0
      vertex 1.4819 1.34312 4
      vertex 1.4819 1.34312 0
    endloop
  endfacet
  facet normal -0.757196 -0.653187 0
    outer loop
      vertex 1.4819 1.34312 4
      vertex 1.54602 1.26879 0
      vertex 1.54602 1.26879 4
    endloop
  endfacet
  facet normal 0.963781 0.266695 0
    outer loop
      vertex -1.91388 -0.580569 4
      vertex -1.94006 -0.48596 0
      vertex -1.94006 -0.48596 4
    endloop
  endfacet
  facet normal 0.963781 0.266695 0
    outer loop
      vertex -1.94006 -0.48596 0
      vertex -1.91388 -0.580569 4
      vertex -1.91388 -0.580569 0
    endloop
  endfacet
  facet normal -0.932991 0.3599 0
    outer loop
      vertex 1.84776 -0.765367 0
      vertex 1.88309 -0.673779 4
      vertex 1.88309 -0.673779 0
    endloop
  endfacet
  facet normal -0.932991 0.3599 0
    outer loop
      vertex 1.88309 -0.673779 4
      vertex 1.84776 -0.765367 0
      vertex 1.84776 -0.765367 4
    endloop
  endfacet
  facet normal 0.405238 -0.914211 0
    outer loop
      vertex -0.85511 1.80798 0
      vertex -0.765367 1.84776 4
      vertex -0.85511 1.80798 4
    endloop
  endfacet
  facet normal 0.405238 -0.914211 0
    outer loop
      vertex -0.765367 1.84776 4
      vertex -0.85511 1.80798 0
      vertex -0.765367 1.84776 0
    endloop
  endfacet
  facet normal 0.575839 0.817563 -0
    outer loop
      vertex -1.11114 -1.66294 0
      vertex -1.1914 -1.60641 4
      vertex -1.11114 -1.66294 4
    endloop
  endfacet
  facet normal 0.575839 0.817563 0
    outer loop
      vertex -1.1914 -1.60641 4
      vertex -1.11114 -1.66294 0
      vertex -1.1914 -1.60641 0
    endloop
  endfacet
  facet normal 0.893208 0.449645 0
    outer loop
      vertex -1.76384 -0.942793 4
      vertex -1.80798 -0.85511 0
      vertex -1.80798 -0.85511 4
    endloop
  endfacet
  facet normal 0.893208 0.449645 0
    outer loop
      vertex -1.80798 -0.85511 0
      vertex -1.76384 -0.942793 4
      vertex -1.76384 -0.942793 0
    endloop
  endfacet
  facet normal 0.0173693 0.706999 -0.707001
    outer loop
      vertex 0.716388 14.5824 0
      vertex 0 14.6 0
      vertex 0 14.9 0.299999
    endloop
  endfacet
  facet normal 0.705226 0.0520042 0.707073
    outer loop
      vertex 14.8821 0.731108 11.7
      vertex 14.5297 1.43105 12
      vertex 14.5824 0.716388 12
    endloop
  endfacet
  facet normal -0.317973 0.631692 -0.707007
    outer loop
      vertex -6.2423 13.1982 0
      vertex -6.88239 12.876 0
      vertex -6.37057 13.4694 0.299999
    endloop
  endfacet
  facet normal 0.701834 -0.0866379 -0.707052
    outer loop
      vertex 14.7387 -2.18628 0.299999
      vertex 14.5297 -1.43105 0
      vertex 14.8283 -1.46045 0.299999
    endloop
  endfacet
  facet normal 0.817587 0.575806 0
    outer loop
      vertex 12.3889 8.278 11.7
      vertex 11.9678 8.87592 0.299999
      vertex 11.9678 8.87592 11.7
    endloop
  endfacet
  facet normal 0.817587 0.575806 0
    outer loop
      vertex 11.9678 8.87592 0.299999
      vertex 12.3889 8.278 11.7
      vertex 12.3889 8.278 0.299999
    endloop
  endfacet
  facet normal 0.705245 0.0520225 0.707052
    outer loop
      vertex 14.8283 1.46045 11.7
      vertex 14.5297 1.43105 12
      vertex 14.8821 0.731108 11.7
    endloop
  endfacet
  facet normal 0.61527 0.348532 -0.707084
    outer loop
      vertex 12.876 6.88239 0
      vertex 12.5228 7.5059 0
      vertex 12.7802 7.66013 0.299999
    endloop
  endfacet
  facet normal 0.78837 0.615201 0
    outer loop
      vertex 11.9678 8.87592 11.7
      vertex 11.5179 9.45246 0.299999
      vertex 11.5179 9.45246 11.7
    endloop
  endfacet
  facet normal 0.78837 0.615201 0
    outer loop
      vertex 11.5179 9.45246 0.299999
      vertex 11.9678 8.87592 11.7
      vertex 11.9678 8.87592 0.299999
    endloop
  endfacet
  facet normal 0.578205 -0.407293 0.706959
    outer loop
      vertex 12.1395 -8.11133 12
      vertex 11.7268 -8.69721 12
      vertex 12.3889 -8.278 11.7
    endloop
  endfacet
  facet normal -0.317949 -0.631682 -0.707027
    outer loop
      vertex -6.37057 -13.4694 0.299999
      vertex -7.02381 -13.1406 0.299999
      vertex -6.88239 -12.876 0
    endloop
  endfacet
  facet normal 0.122515 0.992467 -0
    outer loop
      vertex 2.18628 14.7387 0.299999
      vertex 1.46045 14.8283 11.7
      vertex 2.18628 14.7387 11.7
    endloop
  endfacet
  facet normal 0.122515 0.992467 0
    outer loop
      vertex 1.46045 14.8283 11.7
      vertex 2.18628 14.7387 0.299999
      vertex 1.46045 14.8283 0.299999
    endloop
  endfacet
  facet normal -0.37832 -0.597564 -0.706959
    outer loop
      vertex -7.5059 -12.5228 0
      vertex -8.278 -12.3889 0.299999
      vertex -8.11133 -12.1395 0
    endloop
  endfacet
  facet normal 0.705244 -0.0520224 -0.707053
    outer loop
      vertex 14.8283 -1.46045 0.299999
      vertex 14.5297 -1.43105 0
      vertex 14.8821 -0.731108 0.299999
    endloop
  endfacet
  facet normal -0.286594 0.646535 0.707005
    outer loop
      vertex -5.58718 13.4886 12
      vertex -6.37057 13.4694 11.7
      vertex -6.2423 13.1982 12
    endloop
  endfacet
  facet normal -0.317949 0.631683 0.707026
    outer loop
      vertex -6.37057 13.4694 11.7
      vertex -7.02381 13.1406 11.7
      vertex -6.88239 12.876 12
    endloop
  endfacet
  facet normal -0.435056 0.557518 0.707036
    outer loop
      vertex -8.87592 11.9678 11.7
      vertex -9.45246 11.5179 11.7
      vertex -8.69721 11.7268 12
    endloop
  endfacet
  facet normal 0.435054 -0.557566 -0.706999
    outer loop
      vertex 9.45246 -11.5179 0.299999
      vertex 8.69721 -11.7268 0
      vertex 9.26214 -11.286 0
    endloop
  endfacet
  facet normal -0.317949 0.631682 -0.707027
    outer loop
      vertex -6.88239 12.876 0
      vertex -7.02381 13.1406 0.299999
      vertex -6.37057 13.4694 0.299999
    endloop
  endfacet
  facet normal 0.188691 0.681588 -0.706989
    outer loop
      vertex 4.23816 13.9713 0
      vertex 3.54751 14.1625 0
      vertex 3.6204 14.4535 0.299999
    endloop
  endfacet
  facet normal -0.405281 -0.914192 0
    outer loop
      vertex -6.37057 -13.4694 0.299999
      vertex -5.70198 -13.7658 11.7
      vertex -6.37057 -13.4694 11.7
    endloop
  endfacet
  facet normal -0.405281 -0.914192 -0
    outer loop
      vertex -5.70198 -13.7658 11.7
      vertex -6.37057 -13.4694 0.299999
      vertex -5.70198 -13.7658 0.299999
    endloop
  endfacet
  facet normal -0.597564 0.37832 -0.706959
    outer loop
      vertex -12.1395 8.11133 0
      vertex -12.5228 7.5059 0
      vertex -12.3889 8.278 0.299999
    endloop
  endfacet
  facet normal 0.435055 -0.557567 0.706998
    outer loop
      vertex 9.26214 -11.286 12
      vertex 8.69721 -11.7268 12
      vertex 9.45246 -11.5179 11.7
    endloop
  endfacet
  facet normal -0.348533 -0.615271 0.707083
    outer loop
      vertex -7.5059 -12.5228 12
      vertex -7.66013 -12.7802 11.7
      vertex -6.88239 -12.876 12
    endloop
  endfacet
  facet normal 0.37832 -0.597564 -0.706959
    outer loop
      vertex 8.278 -12.3889 0.299999
      vertex 7.5059 -12.5228 0
      vertex 8.11133 -12.1395 0
    endloop
  endfacet
  facet normal -0.317973 -0.631692 -0.707007
    outer loop
      vertex -6.37057 -13.4694 0.299999
      vertex -6.88239 -12.876 0
      vertex -6.2423 -13.1982 0
    endloop
  endfacet
  facet normal -0.597406 0.37834 -0.707082
    outer loop
      vertex -12.5228 7.5059 0
      vertex -12.7802 7.66013 0.299999
      vertex -12.3889 8.278 0.299999
    endloop
  endfacet
  facet normal -0.578204 0.407293 -0.706961
    outer loop
      vertex -12.1395 8.11133 0
      vertex -12.3889 8.278 0.299999
      vertex -11.7268 8.69721 0
    endloop
  endfacet
  facet normal -0.254506 -0.659791 0.707038
    outer loop
      vertex -5.58718 -13.4886 12
      vertex -5.70198 -13.7658 11.7
      vertex -4.91859 -13.7465 12
    endloop
  endfacet
  facet normal 0.671473 -0.221841 -0.707044
    outer loop
      vertex 14.029 -5.01966 0.299999
      vertex 13.7465 -4.91859 0
      vertex 13.9713 -4.23816 0
    endloop
  endfacet
  facet normal 0.0866379 -0.701834 -0.707052
    outer loop
      vertex 1.46045 -14.8283 0.299999
      vertex 1.43105 -14.5297 0
      vertex 2.18628 -14.7387 0.299999
    endloop
  endfacet
  facet normal -0.696847 0.120885 0.706959
    outer loop
      vertex -14.6137 2.90685 11.7
      vertex -14.7387 2.18628 11.7
      vertex -14.3195 2.84832 12
    endloop
  endfacet
  facet normal -0.378321 -0.597565 0.706958
    outer loop
      vertex -8.11133 -12.1395 12
      vertex -8.278 -12.3889 11.7
      vertex -7.5059 -12.5228 12
    endloop
  endfacet
  facet normal -0.690043 0.154946 0.706988
    outer loop
      vertex -14.1625 3.54751 12
      vertex -14.4535 3.6204 11.7
      vertex -14.3195 2.84832 12
    endloop
  endfacet
  facet normal 0.512212 0.487651 0.70699
    outer loop
      vertex 11.0402 10.0062 11.7
      vertex 10.5359 10.5359 11.7
      vertex 10.8179 9.80476 12
    endloop
  endfacet
  facet normal -0.348532 -0.61527 -0.707084
    outer loop
      vertex -6.88239 -12.876 0
      vertex -7.66013 -12.7802 0.299999
      vertex -7.5059 -12.5228 0
    endloop
  endfacet
  facet normal -0.34852 0.615344 0.707026
    outer loop
      vertex -7.02381 13.1406 11.7
      vertex -7.66013 12.7802 11.7
      vertex -6.88239 12.876 12
    endloop
  endfacet
  facet normal -0.266769 -0.96376 0
    outer loop
      vertex -4.32524 -14.2584 0.299999
      vertex -3.6204 -14.4535 11.7
      vertex -4.32524 -14.2584 11.7
    endloop
  endfacet
  facet normal -0.266769 -0.96376 -0
    outer loop
      vertex -3.6204 -14.4535 11.7
      vertex -4.32524 -14.2584 0.299999
      vertex -3.6204 -14.4535 0.299999
    endloop
  endfacet
  facet normal 0.254505 0.65979 -0.707039
    outer loop
      vertex 5.58718 13.4886 0
      vertex 4.91859 13.7465 0
      vertex 5.70198 13.7658 0.299999
    endloop
  endfacet
  facet normal -0.254507 0.659785 -0.707043
    outer loop
      vertex -4.91859 13.7465 0
      vertex -5.70198 13.7658 0.299999
      vertex -5.01966 14.029 0.299999
    endloop
  endfacet
  facet normal 0.0735652 0.99729 -0
    outer loop
      vertex 1.46045 14.8283 0.299999
      vertex 0.731108 14.8821 11.7
      vertex 1.46045 14.8283 11.7
    endloop
  endfacet
  facet normal 0.0735652 0.99729 0
    outer loop
      vertex 0.731108 14.8821 11.7
      vertex 1.46045 14.8283 0.299999
      vertex 0.731108 14.8821 0.299999
    endloop
  endfacet
  facet normal -0.512268 0.487654 -0.706947
    outer loop
      vertex -10.3238 10.3238 0
      vertex -10.8179 9.80476 0
      vertex -10.5359 10.5359 0.299999
    endloop
  endfacet
  facet normal 0.557517 0.435056 -0.707037
    outer loop
      vertex 11.7268 8.69721 0
      vertex 11.5179 9.45246 0.299999
      vertex 11.9678 8.87592 0.299999
    endloop
  endfacet
  facet normal 0.0735652 -0.99729 0
    outer loop
      vertex 0.731108 -14.8821 0.299999
      vertex 1.46045 -14.8283 11.7
      vertex 0.731108 -14.8821 11.7
    endloop
  endfacet
  facet normal 0.0735652 -0.99729 0
    outer loop
      vertex 1.46045 -14.8283 11.7
      vertex 0.731108 -14.8821 0.299999
      vertex 1.46045 -14.8283 0.299999
    endloop
  endfacet
  facet normal -0.512269 0.487655 0.706946
    outer loop
      vertex -10.5359 10.5359 11.7
      vertex -10.8179 9.80476 12
      vertex -10.3238 10.3238 12
    endloop
  endfacet
  facet normal 0.681588 0.188691 -0.706989
    outer loop
      vertex 14.1625 3.54751 0
      vertex 13.9713 4.23816 0
      vertex 14.4535 3.6204 0.299999
    endloop
  endfacet
  facet normal -0.254507 -0.659785 -0.707043
    outer loop
      vertex -5.01966 -14.029 0.299999
      vertex -5.70198 -13.7658 0.299999
      vertex -4.91859 -13.7465 0
    endloop
  endfacet
  facet normal -0.221841 0.671474 0.707043
    outer loop
      vertex -4.23816 13.9713 12
      vertex -5.01966 14.029 11.7
      vertex -4.91859 13.7465 12
    endloop
  endfacet
  facet normal 0.286605 -0.646496 0.707036
    outer loop
      vertex 6.37057 -13.4694 11.7
      vertex 5.58718 -13.4886 12
      vertex 5.70198 -13.7658 11.7
    endloop
  endfacet
  facet normal 0.0173693 -0.706999 -0.707001
    outer loop
      vertex 0.716388 -14.5824 0
      vertex 0 -14.9 0.299999
      vertex 0 -14.6 0
    endloop
  endfacet
  facet normal -0.932993 0.359895 0
    outer loop
      vertex -14.029 5.01966 0.299999
      vertex -13.7658 5.70198 11.7
      vertex -13.7658 5.70198 0.299999
    endloop
  endfacet
  facet normal -0.932993 0.359895 0
    outer loop
      vertex -13.7658 5.70198 11.7
      vertex -14.029 5.01966 0.299999
      vertex -14.029 5.01966 11.7
    endloop
  endfacet
  facet normal 0.84483 -0.535035 0
    outer loop
      vertex 12.3889 -8.278 11.7
      vertex 12.7802 -7.66013 0.299999
      vertex 12.7802 -7.66013 11.7
    endloop
  endfacet
  facet normal 0.84483 -0.535035 0
    outer loop
      vertex 12.7802 -7.66013 0.299999
      vertex 12.3889 -8.278 11.7
      vertex 12.3889 -8.278 0.299999
    endloop
  endfacet
  facet normal -0.37834 0.597406 -0.707082
    outer loop
      vertex -7.5059 12.5228 0
      vertex -8.278 12.3889 0.299999
      vertex -7.66013 12.7802 0.299999
    endloop
  endfacet
  facet normal -0.696863 -0.120904 -0.70694
    outer loop
      vertex -14.3195 -2.84832 0
      vertex -14.7387 -2.18628 0.299999
      vertex -14.442 -2.14226 0
    endloop
  endfacet
  facet normal 0.449597 -0.893232 0
    outer loop
      vertex 6.37057 -13.4694 0.299999
      vertex 7.02381 -13.1406 11.7
      vertex 6.37057 -13.4694 11.7
    endloop
  endfacet
  facet normal 0.449597 -0.893232 0
    outer loop
      vertex 7.02381 -13.1406 11.7
      vertex 6.37057 -13.4694 0.299999
      vertex 7.02381 -13.1406 0.299999
    endloop
  endfacet
  facet normal -0.659785 -0.254507 -0.707043
    outer loop
      vertex -13.7658 -5.70198 0.299999
      vertex -14.029 -5.01966 0.299999
      vertex -13.7465 -4.91859 0
    endloop
  endfacet
  facet normal 0.696864 0.120904 0.706939
    outer loop
      vertex 14.7387 2.18628 11.7
      vertex 14.3195 2.84832 12
      vertex 14.442 2.14226 12
    endloop
  endfacet
  facet normal -0.705244 0.0520224 -0.707053
    outer loop
      vertex -14.5297 1.43105 0
      vertex -14.8821 0.731108 0.299999
      vertex -14.8283 1.46045 0.299999
    endloop
  endfacet
  facet normal -0.348532 0.61527 -0.707084
    outer loop
      vertex -7.5059 12.5228 0
      vertex -7.66013 12.7802 0.299999
      vertex -6.88239 12.876 0
    endloop
  endfacet
  facet normal -0.701834 -0.0866379 -0.707052
    outer loop
      vertex -14.7387 -2.18628 0.299999
      vertex -14.8283 -1.46045 0.299999
      vertex -14.5297 -1.43105 0
    endloop
  endfacet
  facet normal 0.254506 0.659791 0.707038
    outer loop
      vertex 5.70198 13.7658 11.7
      vertex 4.91859 13.7465 12
      vertex 5.58718 13.4886 12
    endloop
  endfacet
  facet normal -0.646495 -0.286605 -0.707038
    outer loop
      vertex -13.4694 -6.37057 0.299999
      vertex -13.7658 -5.70198 0.299999
      vertex -13.4886 -5.58718 0
    endloop
  endfacet
  facet normal 0.188692 0.681589 0.706988
    outer loop
      vertex 3.6204 14.4535 11.7
      vertex 3.54751 14.1625 12
      vertex 4.23816 13.9713 12
    endloop
  endfacet
  facet normal 0.914192 0.405281 0
    outer loop
      vertex 13.7658 5.70198 11.7
      vertex 13.4694 6.37057 0.299999
      vertex 13.4694 6.37057 11.7
    endloop
  endfacet
  facet normal 0.914192 0.405281 0
    outer loop
      vertex 13.4694 6.37057 0.299999
      vertex 13.7658 5.70198 11.7
      vertex 13.7658 5.70198 0.299999
    endloop
  endfacet
  facet normal 0.557566 0.435054 -0.706999
    outer loop
      vertex 11.7268 8.69721 0
      vertex 11.286 9.26214 0
      vertex 11.5179 9.45246 0.299999
    endloop
  endfacet
  facet normal -0.932993 -0.359895 0
    outer loop
      vertex -13.7658 -5.70198 0.299999
      vertex -14.029 -5.01966 11.7
      vertex -14.029 -5.01966 0.299999
    endloop
  endfacet
  facet normal -0.932993 -0.359895 0
    outer loop
      vertex -14.029 -5.01966 11.7
      vertex -13.7658 -5.70198 0.299999
      vertex -13.7658 -5.70198 11.7
    endloop
  endfacet
  facet normal 0.254508 0.659786 0.707042
    outer loop
      vertex 5.01966 14.029 11.7
      vertex 4.91859 13.7465 12
      vertex 5.70198 13.7658 11.7
    endloop
  endfacet
  facet normal -0.671473 0.221841 -0.707044
    outer loop
      vertex -13.9713 4.23816 0
      vertex -14.029 5.01966 0.299999
      vertex -13.7465 4.91859 0
    endloop
  endfacet
  facet normal 0.512211 0.48765 -0.706992
    outer loop
      vertex 10.8179 9.80476 0
      vertex 10.5359 10.5359 0.299999
      vertex 11.0402 10.0062 0.299999
    endloop
  endfacet
  facet normal -0.557518 -0.435056 0.707036
    outer loop
      vertex -11.7268 -8.69721 12
      vertex -11.9678 -8.87592 11.7
      vertex -11.5179 -9.45246 11.7
    endloop
  endfacet
  facet normal -0.461959 -0.535494 -0.706994
    outer loop
      vertex -9.45246 -11.5179 0.299999
      vertex -10.0062 -11.0402 0.299999
      vertex -9.80476 -10.8179 0
    endloop
  endfacet
  facet normal 0.086638 -0.701835 0.707051
    outer loop
      vertex 2.18628 -14.7387 11.7
      vertex 1.43105 -14.5297 12
      vertex 1.46045 -14.8283 11.7
    endloop
  endfacet
  facet normal -0.70693 -0.017308 0.707072
    outer loop
      vertex -14.5824 -0.716388 12
      vertex -14.9 0 11.7
      vertex -14.8821 -0.731108 11.7
    endloop
  endfacet
  facet normal 0.086638 0.701835 0.707051
    outer loop
      vertex 1.46045 14.8283 11.7
      vertex 1.43105 14.5297 12
      vertex 2.18628 14.7387 11.7
    endloop
  endfacet
  facet normal -0.0173694 0.707 0.707
    outer loop
      vertex 0 14.9 11.7
      vertex -0.716388 14.5824 12
      vertex 0 14.6 12
    endloop
  endfacet
  facet normal -0.690074 -0.154929 -0.706962
    outer loop
      vertex -14.4535 -3.6204 0.299999
      vertex -14.6137 -2.90685 0.299999
      vertex -14.3195 -2.84832 0
    endloop
  endfacet
  facet normal -0.70693 0.017308 0.707072
    outer loop
      vertex -14.8821 0.731108 11.7
      vertex -14.9 0 11.7
      vertex -14.5824 0.716388 12
    endloop
  endfacet
  facet normal -0.348533 0.615271 0.707083
    outer loop
      vertex -6.88239 12.876 12
      vertex -7.66013 12.7802 11.7
      vertex -7.5059 12.5228 12
    endloop
  endfacet
  facet normal -0.535494 0.461959 -0.706994
    outer loop
      vertex -10.8179 9.80476 0
      vertex -11.5179 9.45246 0.299999
      vertex -11.0402 10.0062 0.299999
    endloop
  endfacet
  facet normal -0.701835 0.086638 0.707051
    outer loop
      vertex -14.7387 2.18628 11.7
      vertex -14.8283 1.46045 11.7
      vertex -14.5297 1.43105 12
    endloop
  endfacet
  facet normal -0.646534 0.286594 -0.707007
    outer loop
      vertex -13.1982 6.2423 0
      vertex -13.4886 5.58718 0
      vertex -13.4694 6.37057 0.299999
    endloop
  endfacet
  facet normal -0.286605 0.646496 0.707036
    outer loop
      vertex -5.70198 13.7658 11.7
      vertex -6.37057 13.4694 11.7
      vertex -5.58718 13.4886 12
    endloop
  endfacet
  facet normal -0.653205 0.757181 0
    outer loop
      vertex -9.45246 11.5179 0.299999
      vertex -10.0062 11.0402 11.7
      vertex -9.45246 11.5179 11.7
    endloop
  endfacet
  facet normal -0.653205 0.757181 0
    outer loop
      vertex -10.0062 11.0402 11.7
      vertex -9.45246 11.5179 0.299999
      vertex -10.0062 11.0402 0.299999
    endloop
  endfacet
  facet normal -0.378321 0.597565 0.706958
    outer loop
      vertex -7.5059 12.5228 12
      vertex -8.278 12.3889 11.7
      vertex -8.11133 12.1395 12
    endloop
  endfacet
  facet normal 0.188658 -0.681566 0.707019
    outer loop
      vertex 4.23816 -13.9713 12
      vertex 3.6204 -14.4535 11.7
      vertex 4.32524 -14.2584 11.7
    endloop
  endfacet
  facet normal 0.681589 0.188692 0.706988
    outer loop
      vertex 14.4535 3.6204 11.7
      vertex 13.9713 4.23816 12
      vertex 14.1625 3.54751 12
    endloop
  endfacet
  facet normal 0.671474 0.221841 0.707043
    outer loop
      vertex 14.029 5.01966 11.7
      vertex 13.7465 4.91859 12
      vertex 13.9713 4.23816 12
    endloop
  endfacet
  facet normal -0.512212 0.487651 0.70699
    outer loop
      vertex -10.5359 10.5359 11.7
      vertex -11.0402 10.0062 11.7
      vertex -10.8179 9.80476 12
    endloop
  endfacet
  facet normal -0.757181 0.653205 0
    outer loop
      vertex -11.5179 9.45246 0.299999
      vertex -11.0402 10.0062 11.7
      vertex -11.0402 10.0062 0.299999
    endloop
  endfacet
  facet normal -0.757181 0.653205 0
    outer loop
      vertex -11.0402 10.0062 11.7
      vertex -11.5179 9.45246 0.299999
      vertex -11.5179 9.45246 11.7
    endloop
  endfacet
  facet normal -0.487651 -0.512212 0.70699
    outer loop
      vertex -9.80476 -10.8179 12
      vertex -10.5359 -10.5359 11.7
      vertex -10.0062 -11.0402 11.7
    endloop
  endfacet
  facet normal 0.221829 0.671502 -0.70702
    outer loop
      vertex 5.01966 14.029 0.299999
      vertex 4.23816 13.9713 0
      vertex 4.32524 14.2584 0.299999
    endloop
  endfacet
  facet normal -0.696847 -0.120885 0.706959
    outer loop
      vertex -14.3195 -2.84832 12
      vertex -14.7387 -2.18628 11.7
      vertex -14.6137 -2.90685 11.7
    endloop
  endfacet
  facet normal -0.631692 0.317973 -0.707007
    outer loop
      vertex -13.1982 6.2423 0
      vertex -13.4694 6.37057 0.299999
      vertex -12.876 6.88239 0
    endloop
  endfacet
  facet normal 0.435056 0.557517 -0.707037
    outer loop
      vertex 9.45246 11.5179 0.299999
      vertex 8.69721 11.7268 0
      vertex 8.87592 11.9678 0.299999
    endloop
  endfacet
  facet normal -0.681565 0.188657 -0.707021
    outer loop
      vertex -13.9713 4.23816 0
      vertex -14.4535 3.6204 0.299999
      vertex -14.2584 4.32524 0.299999
    endloop
  endfacet
  facet normal -0.535492 0.461951 -0.707
    outer loop
      vertex -11.286 9.26214 0
      vertex -11.5179 9.45246 0.299999
      vertex -10.8179 9.80476 0
    endloop
  endfacet
  facet normal 0.631682 0.317949 -0.707027
    outer loop
      vertex 13.4694 6.37057 0.299999
      vertex 12.876 6.88239 0
      vertex 13.1406 7.02381 0.299999
    endloop
  endfacet
  facet normal 0.188657 0.681565 -0.707021
    outer loop
      vertex 4.23816 13.9713 0
      vertex 3.6204 14.4535 0.299999
      vertex 4.32524 14.2584 0.299999
    endloop
  endfacet
  facet normal 0.0520042 -0.705226 0.707073
    outer loop
      vertex 1.43105 -14.5297 12
      vertex 0.716388 -14.5824 12
      vertex 0.731108 -14.8821 11.7
    endloop
  endfacet
  facet normal 0.348532 -0.61527 -0.707084
    outer loop
      vertex 7.66013 -12.7802 0.299999
      vertex 6.88239 -12.876 0
      vertex 7.5059 -12.5228 0
    endloop
  endfacet
  facet normal 0.701959 0.0865592 0.706938
    outer loop
      vertex 14.7387 2.18628 11.7
      vertex 14.442 2.14226 12
      vertex 14.5297 1.43105 12
    endloop
  endfacet
  facet normal 0.690074 0.154929 -0.706962
    outer loop
      vertex 14.6137 2.90685 0.299999
      vertex 14.3195 2.84832 0
      vertex 14.4535 3.6204 0.299999
    endloop
  endfacet
  facet normal -0.631682 -0.317949 -0.707027
    outer loop
      vertex -13.1406 -7.02381 0.299999
      vertex -13.4694 -6.37057 0.299999
      vertex -12.876 -6.88239 0
    endloop
  endfacet
  facet normal 0.701959 -0.0865592 0.706938
    outer loop
      vertex 14.5297 -1.43105 12
      vertex 14.442 -2.14226 12
      vertex 14.7387 -2.18628 11.7
    endloop
  endfacet
  facet normal -0.557566 0.435054 -0.706999
    outer loop
      vertex -11.286 9.26214 0
      vertex -11.7268 8.69721 0
      vertex -11.5179 9.45246 0.299999
    endloop
  endfacet
  facet normal 0.317949 -0.631683 0.707026
    outer loop
      vertex 6.88239 -12.876 12
      vertex 6.37057 -13.4694 11.7
      vertex 7.02381 -13.1406 11.7
    endloop
  endfacet
  facet normal 0.557518 0.435056 0.707036
    outer loop
      vertex 11.9678 8.87592 11.7
      vertex 11.5179 9.45246 11.7
      vertex 11.7268 8.69721 12
    endloop
  endfacet
  facet normal -0.696863 0.120904 -0.70694
    outer loop
      vertex -14.442 2.14226 0
      vertex -14.7387 2.18628 0.299999
      vertex -14.3195 2.84832 0
    endloop
  endfacet
  facet normal 0.492825 0.870129 -0
    outer loop
      vertex 7.66013 12.7802 0.299999
      vertex 7.02381 13.1406 11.7
      vertex 7.66013 12.7802 11.7
    endloop
  endfacet
  facet normal 0.492825 0.870129 0
    outer loop
      vertex 7.02381 13.1406 11.7
      vertex 7.66013 12.7802 0.299999
      vertex 7.02381 13.1406 0.299999
    endloop
  endfacet
  facet normal -0.407293 0.578204 -0.706961
    outer loop
      vertex -8.11133 12.1395 0
      vertex -8.69721 11.7268 0
      vertex -8.278 12.3889 0.299999
    endloop
  endfacet
  facet normal 0.378321 -0.597565 0.706958
    outer loop
      vertex 8.11133 -12.1395 12
      vertex 7.5059 -12.5228 12
      vertex 8.278 -12.3889 11.7
    endloop
  endfacet
  facet normal -0.985285 0.170921 0
    outer loop
      vertex -14.7387 2.18628 0.299999
      vertex -14.6137 2.90685 11.7
      vertex -14.6137 2.90685 0.299999
    endloop
  endfacet
  facet normal -0.985285 0.170921 0
    outer loop
      vertex -14.6137 2.90685 11.7
      vertex -14.7387 2.18628 0.299999
      vertex -14.7387 2.18628 11.7
    endloop
  endfacet
  facet normal 0.46196 0.535495 0.706992
    outer loop
      vertex 10.0062 11.0402 11.7
      vertex 9.45246 11.5179 11.7
      vertex 9.80476 10.8179 12
    endloop
  endfacet
  facet normal 0.932993 -0.359895 0
    outer loop
      vertex 13.7658 -5.70198 11.7
      vertex 14.029 -5.01966 0.299999
      vertex 14.029 -5.01966 11.7
    endloop
  endfacet
  facet normal 0.932993 -0.359895 0
    outer loop
      vertex 14.029 -5.01966 0.299999
      vertex 13.7658 -5.70198 11.7
      vertex 13.7658 -5.70198 0.299999
    endloop
  endfacet
  facet normal 0.535495 -0.46196 0.706992
    outer loop
      vertex 11.5179 -9.45246 11.7
      vertex 10.8179 -9.80476 12
      vertex 11.0402 -10.0062 11.7
    endloop
  endfacet
  facet normal 0.575806 -0.817587 0
    outer loop
      vertex 8.278 -12.3889 0.299999
      vertex 8.87592 -11.9678 11.7
      vertex 8.278 -12.3889 11.7
    endloop
  endfacet
  facet normal 0.575806 -0.817587 0
    outer loop
      vertex 8.87592 -11.9678 11.7
      vertex 8.278 -12.3889 0.299999
      vertex 8.87592 -11.9678 0.299999
    endloop
  endfacet
  facet normal -0.615271 -0.348533 0.707083
    outer loop
      vertex -12.5228 -7.5059 12
      vertex -12.876 -6.88239 12
      vertex -12.7802 -7.66013 11.7
    endloop
  endfacet
  facet normal -0.535495 0.46196 0.706992
    outer loop
      vertex -11.0402 10.0062 11.7
      vertex -11.5179 9.45246 11.7
      vertex -10.8179 9.80476 12
    endloop
  endfacet
  facet normal 0.706999 0.0173693 -0.707001
    outer loop
      vertex 14.6 0 0
      vertex 14.5824 0.716388 0
      vertex 14.9 0 0.299999
    endloop
  endfacet
  facet normal 0.690075 0.15493 0.70696
    outer loop
      vertex 14.4535 3.6204 11.7
      vertex 14.3195 2.84832 12
      vertex 14.6137 2.90685 11.7
    endloop
  endfacet
  facet normal 0.578204 0.407293 -0.706961
    outer loop
      vertex 12.1395 8.11133 0
      vertex 11.7268 8.69721 0
      vertex 12.3889 8.278 0.299999
    endloop
  endfacet
  facet normal 0.221841 0.671473 -0.707044
    outer loop
      vertex 4.91859 13.7465 0
      vertex 4.23816 13.9713 0
      vertex 5.01966 14.029 0.299999
    endloop
  endfacet
  facet normal 0.317973 -0.631693 0.707005
    outer loop
      vertex 6.88239 -12.876 12
      vertex 6.2423 -13.1982 12
      vertex 6.37057 -13.4694 11.7
    endloop
  endfacet
  facet normal -0.219058 0.975712 0
    outer loop
      vertex -2.90685 14.6137 0.299999
      vertex -3.6204 14.4535 11.7
      vertex -2.90685 14.6137 11.7
    endloop
  endfacet
  facet normal -0.219058 0.975712 0
    outer loop
      vertex -3.6204 14.4535 11.7
      vertex -2.90685 14.6137 0.299999
      vertex -3.6204 14.4535 0.299999
    endloop
  endfacet
  facet normal 0.254506 -0.659791 0.707038
    outer loop
      vertex 5.58718 -13.4886 12
      vertex 4.91859 -13.7465 12
      vertex 5.70198 -13.7658 11.7
    endloop
  endfacet
  facet normal 0.992467 -0.122515 0
    outer loop
      vertex 14.7387 -2.18628 11.7
      vertex 14.8283 -1.46045 0.299999
      vertex 14.8283 -1.46045 11.7
    endloop
  endfacet
  facet normal 0.992467 -0.122515 0
    outer loop
      vertex 14.8283 -1.46045 0.299999
      vertex 14.7387 -2.18628 11.7
      vertex 14.7387 -2.18628 0.299999
    endloop
  endfacet
  facet normal 0.659791 0.254506 0.707038
    outer loop
      vertex 13.7658 5.70198 11.7
      vertex 13.4886 5.58718 12
      vertex 13.7465 4.91859 12
    endloop
  endfacet
  facet normal -0.15493 0.690075 0.70696
    outer loop
      vertex -2.90685 14.6137 11.7
      vertex -3.6204 14.4535 11.7
      vertex -2.84832 14.3195 12
    endloop
  endfacet
  facet normal -0.681566 -0.188658 0.707019
    outer loop
      vertex -13.9713 -4.23816 12
      vertex -14.4535 -3.6204 11.7
      vertex -14.2584 -4.32524 11.7
    endloop
  endfacet
  facet normal 0.597565 -0.378321 0.706958
    outer loop
      vertex 12.5228 -7.5059 12
      vertex 12.1395 -8.11133 12
      vertex 12.3889 -8.278 11.7
    endloop
  endfacet
  facet normal -0.597565 0.378321 0.706958
    outer loop
      vertex -12.3889 8.278 11.7
      vertex -12.5228 7.5059 12
      vertex -12.1395 8.11133 12
    endloop
  endfacet
  facet normal -0.34852 -0.615344 0.707026
    outer loop
      vertex -6.88239 -12.876 12
      vertex -7.66013 -12.7802 11.7
      vertex -7.02381 -13.1406 11.7
    endloop
  endfacet
  facet normal -0.681565 -0.188657 -0.707021
    outer loop
      vertex -14.2584 -4.32524 0.299999
      vertex -14.4535 -3.6204 0.299999
      vertex -13.9713 -4.23816 0
    endloop
  endfacet
  facet normal -0.254506 0.659791 0.707038
    outer loop
      vertex -4.91859 13.7465 12
      vertex -5.70198 13.7658 11.7
      vertex -5.58718 13.4886 12
    endloop
  endfacet
  facet normal 0.705225 0.0520041 -0.707074
    outer loop
      vertex 14.5824 0.716388 0
      vertex 14.5297 1.43105 0
      vertex 14.8821 0.731108 0.299999
    endloop
  endfacet
  facet normal -0.706929 -0.017308 -0.707073
    outer loop
      vertex -14.8821 -0.731108 0.299999
      vertex -14.9 0 0.299999
      vertex -14.5824 -0.716388 0
    endloop
  endfacet
  facet normal -0.461952 0.535493 0.706999
    outer loop
      vertex -9.45246 11.5179 11.7
      vertex -9.80476 10.8179 12
      vertex -9.26214 11.286 12
    endloop
  endfacet
  facet normal 0.266769 -0.96376 0
    outer loop
      vertex 3.6204 -14.4535 0.299999
      vertex 4.32524 -14.2584 11.7
      vertex 3.6204 -14.4535 11.7
    endloop
  endfacet
  facet normal 0.266769 -0.96376 0
    outer loop
      vertex 4.32524 -14.2584 11.7
      vertex 3.6204 -14.4535 0.299999
      vertex 4.32524 -14.2584 0.299999
    endloop
  endfacet
  facet normal -0.188658 0.681566 0.707019
    outer loop
      vertex -3.6204 14.4535 11.7
      vertex -4.32524 14.2584 11.7
      vertex -4.23816 13.9713 12
    endloop
  endfacet
  facet normal 0.487655 0.512269 0.706946
    outer loop
      vertex 10.5359 10.5359 11.7
      vertex 9.80476 10.8179 12
      vertex 10.3238 10.3238 12
    endloop
  endfacet
  facet normal -0.615201 0.78837 0
    outer loop
      vertex -8.87592 11.9678 0.299999
      vertex -9.45246 11.5179 11.7
      vertex -8.87592 11.9678 11.7
    endloop
  endfacet
  facet normal -0.615201 0.78837 0
    outer loop
      vertex -9.45246 11.5179 11.7
      vertex -8.87592 11.9678 0.299999
      vertex -9.45246 11.5179 0.299999
    endloop
  endfacet
  facet normal -0.348519 0.615343 -0.707027
    outer loop
      vertex -6.88239 12.876 0
      vertex -7.66013 12.7802 0.299999
      vertex -7.02381 13.1406 0.299999
    endloop
  endfacet
  facet normal -0.724258 0.689529 0
    outer loop
      vertex -11.0402 10.0062 0.299999
      vertex -10.5359 10.5359 11.7
      vertex -10.5359 10.5359 0.299999
    endloop
  endfacet
  facet normal -0.724258 0.689529 0
    outer loop
      vertex -10.5359 10.5359 11.7
      vertex -11.0402 10.0062 0.299999
      vertex -11.0402 10.0062 11.7
    endloop
  endfacet
  facet normal -0.407196 0.578177 -0.707038
    outer loop
      vertex -8.69721 11.7268 0
      vertex -8.87592 11.9678 0.299999
      vertex -8.278 12.3889 0.299999
    endloop
  endfacet
  facet normal -0.615343 -0.348519 -0.707027
    outer loop
      vertex -12.7802 -7.66013 0.299999
      vertex -13.1406 -7.02381 0.299999
      vertex -12.876 -6.88239 0
    endloop
  endfacet
  facet normal -0.46196 0.535495 0.706992
    outer loop
      vertex -9.45246 11.5179 11.7
      vertex -10.0062 11.0402 11.7
      vertex -9.80476 10.8179 12
    endloop
  endfacet
  facet normal 0.646535 0.286594 0.707005
    outer loop
      vertex 13.4694 6.37057 11.7
      vertex 13.1982 6.2423 12
      vertex 13.4886 5.58718 12
    endloop
  endfacet
  facet normal -0.154946 0.690043 0.706988
    outer loop
      vertex -2.84832 14.3195 12
      vertex -3.6204 14.4535 11.7
      vertex -3.54751 14.1625 12
    endloop
  endfacet
  facet normal 0.15493 0.690075 0.70696
    outer loop
      vertex 2.90685 14.6137 11.7
      vertex 2.84832 14.3195 12
      vertex 3.6204 14.4535 11.7
    endloop
  endfacet
  facet normal -0.597407 0.378341 0.70708
    outer loop
      vertex -12.3889 8.278 11.7
      vertex -12.7802 7.66013 11.7
      vertex -12.5228 7.5059 12
    endloop
  endfacet
  facet normal -0.512211 -0.48765 -0.706992
    outer loop
      vertex -10.5359 -10.5359 0.299999
      vertex -11.0402 -10.0062 0.299999
      vertex -10.8179 -9.80476 0
    endloop
  endfacet
  facet normal -0.84483 -0.535035 0
    outer loop
      vertex -12.3889 -8.278 0.299999
      vertex -12.7802 -7.66013 11.7
      vertex -12.7802 -7.66013 0.299999
    endloop
  endfacet
  facet normal -0.84483 -0.535035 0
    outer loop
      vertex -12.7802 -7.66013 11.7
      vertex -12.3889 -8.278 0.299999
      vertex -12.3889 -8.278 11.7
    endloop
  endfacet
  facet normal -0.671474 -0.221841 0.707043
    outer loop
      vertex -13.9713 -4.23816 12
      vertex -14.029 -5.01966 11.7
      vertex -13.7465 -4.91859 12
    endloop
  endfacet
  facet normal -0.575806 -0.817587 0
    outer loop
      vertex -8.87592 -11.9678 0.299999
      vertex -8.278 -12.3889 11.7
      vertex -8.87592 -11.9678 11.7
    endloop
  endfacet
  facet normal -0.575806 -0.817587 -0
    outer loop
      vertex -8.278 -12.3889 11.7
      vertex -8.87592 -11.9678 0.299999
      vertex -8.278 -12.3889 0.299999
    endloop
  endfacet
  facet normal -0.461952 -0.535493 0.706999
    outer loop
      vertex -9.26214 -11.286 12
      vertex -9.80476 -10.8179 12
      vertex -9.45246 -11.5179 11.7
    endloop
  endfacet
  facet normal 0.254507 -0.659785 -0.707043
    outer loop
      vertex 5.01966 -14.029 0.299999
      vertex 4.91859 -13.7465 0
      vertex 5.70198 -13.7658 0.299999
    endloop
  endfacet
  facet normal -0.512212 -0.487651 0.70699
    outer loop
      vertex -10.8179 -9.80476 12
      vertex -11.0402 -10.0062 11.7
      vertex -10.5359 -10.5359 11.7
    endloop
  endfacet
  facet normal -0.9997 -0.0244761 0
    outer loop
      vertex -14.8821 -0.731108 0.299999
      vertex -14.9 0 11.7
      vertex -14.9 0 0.299999
    endloop
  endfacet
  facet normal -0.9997 -0.0244761 0
    outer loop
      vertex -14.9 0 11.7
      vertex -14.8821 -0.731108 0.299999
      vertex -14.8821 -0.731108 11.7
    endloop
  endfacet
  facet normal 0.65979 0.254505 -0.707039
    outer loop
      vertex 13.7465 4.91859 0
      vertex 13.4886 5.58718 0
      vertex 13.7658 5.70198 0.299999
    endloop
  endfacet
  facet normal 0.696863 0.120904 -0.70694
    outer loop
      vertex 14.442 2.14226 0
      vertex 14.3195 2.84832 0
      vertex 14.7387 2.18628 0.299999
    endloop
  endfacet
  facet normal -0.705225 -0.0520041 -0.707074
    outer loop
      vertex -14.5297 -1.43105 0
      vertex -14.8821 -0.731108 0.299999
      vertex -14.5824 -0.716388 0
    endloop
  endfacet
  facet normal 0.254505 -0.65979 -0.707039
    outer loop
      vertex 5.70198 -13.7658 0.299999
      vertex 4.91859 -13.7465 0
      vertex 5.58718 -13.4886 0
    endloop
  endfacet
  facet normal 0.487654 -0.512268 -0.706947
    outer loop
      vertex 10.5359 -10.5359 0.299999
      vertex 9.80476 -10.8179 0
      vertex 10.3238 -10.3238 0
    endloop
  endfacet
  facet normal 0.578177 0.407196 -0.707038
    outer loop
      vertex 12.3889 8.278 0.299999
      vertex 11.7268 8.69721 0
      vertex 11.9678 8.87592 0.299999
    endloop
  endfacet
  facet normal 0.266769 0.96376 -0
    outer loop
      vertex 4.32524 14.2584 0.299999
      vertex 3.6204 14.4535 11.7
      vertex 4.32524 14.2584 11.7
    endloop
  endfacet
  facet normal 0.266769 0.96376 0
    outer loop
      vertex 3.6204 14.4535 11.7
      vertex 4.32524 14.2584 0.299999
      vertex 3.6204 14.4535 0.299999
    endloop
  endfacet
  facet normal 0.535494 0.461959 -0.706994
    outer loop
      vertex 11.5179 9.45246 0.299999
      vertex 10.8179 9.80476 0
      vertex 11.0402 10.0062 0.299999
    endloop
  endfacet
  facet normal -0.696864 -0.120904 0.706939
    outer loop
      vertex -14.442 -2.14226 12
      vertex -14.7387 -2.18628 11.7
      vertex -14.3195 -2.84832 12
    endloop
  endfacet
  facet normal -0.690042 -0.154946 -0.70699
    outer loop
      vertex -14.1625 -3.54751 0
      vertex -14.4535 -3.6204 0.299999
      vertex -14.3195 -2.84832 0
    endloop
  endfacet
  facet normal -0.705226 0.0520042 0.707073
    outer loop
      vertex -14.5297 1.43105 12
      vertex -14.8821 0.731108 11.7
      vertex -14.5824 0.716388 12
    endloop
  endfacet
  facet normal 0.975712 0.219058 0
    outer loop
      vertex 14.6137 2.90685 11.7
      vertex 14.4535 3.6204 0.299999
      vertex 14.4535 3.6204 11.7
    endloop
  endfacet
  facet normal 0.975712 0.219058 0
    outer loop
      vertex 14.4535 3.6204 0.299999
      vertex 14.6137 2.90685 11.7
      vertex 14.6137 2.90685 0.299999
    endloop
  endfacet
  facet normal 0.701835 0.086638 0.707051
    outer loop
      vertex 14.7387 2.18628 11.7
      vertex 14.5297 1.43105 12
      vertex 14.8283 1.46045 11.7
    endloop
  endfacet
  facet normal 0.461952 -0.535493 0.706999
    outer loop
      vertex 9.80476 -10.8179 12
      vertex 9.26214 -11.286 12
      vertex 9.45246 -11.5179 11.7
    endloop
  endfacet
  facet normal 0.992467 0.122515 0
    outer loop
      vertex 14.8283 1.46045 11.7
      vertex 14.7387 2.18628 0.299999
      vertex 14.7387 2.18628 11.7
    endloop
  endfacet
  facet normal 0.992467 0.122515 0
    outer loop
      vertex 14.7387 2.18628 0.299999
      vertex 14.8283 1.46045 11.7
      vertex 14.8283 1.46045 0.299999
    endloop
  endfacet
  facet normal -0.61527 -0.348532 -0.707084
    outer loop
      vertex -12.7802 -7.66013 0.299999
      vertex -12.876 -6.88239 0
      vertex -12.5228 -7.5059 0
    endloop
  endfacet
  facet normal 0.0520041 0.705225 -0.707074
    outer loop
      vertex 1.43105 14.5297 0
      vertex 0.716388 14.5824 0
      vertex 0.731108 14.8821 0.299999
    endloop
  endfacet
  facet normal -0.701957 0.0865591 -0.706939
    outer loop
      vertex -14.5297 1.43105 0
      vertex -14.7387 2.18628 0.299999
      vertex -14.442 2.14226 0
    endloop
  endfacet
  facet normal 0.671503 0.22183 0.707018
    outer loop
      vertex 14.029 5.01966 11.7
      vertex 13.9713 4.23816 12
      vertex 14.2584 4.32524 11.7
    endloop
  endfacet
  facet normal 0.681566 0.188658 0.707019
    outer loop
      vertex 14.2584 4.32524 11.7
      vertex 13.9713 4.23816 12
      vertex 14.4535 3.6204 11.7
    endloop
  endfacet
  facet normal 0.615343 -0.348519 -0.707027
    outer loop
      vertex 13.1406 -7.02381 0.299999
      vertex 12.7802 -7.66013 0.299999
      vertex 12.876 -6.88239 0
    endloop
  endfacet
  facet normal -0.706929 0.017308 -0.707073
    outer loop
      vertex -14.5824 0.716388 0
      vertex -14.9 0 0.299999
      vertex -14.8821 0.731108 0.299999
    endloop
  endfacet
  facet normal 0.597406 -0.37834 -0.707082
    outer loop
      vertex 12.7802 -7.66013 0.299999
      vertex 12.3889 -8.278 0.299999
      vertex 12.5228 -7.5059 0
    endloop
  endfacet
  facet normal 0.219058 0.975712 -0
    outer loop
      vertex 3.6204 14.4535 0.299999
      vertex 2.90685 14.6137 11.7
      vertex 3.6204 14.4535 11.7
    endloop
  endfacet
  facet normal 0.219058 0.975712 0
    outer loop
      vertex 2.90685 14.6137 11.7
      vertex 3.6204 14.4535 0.299999
      vertex 2.90685 14.6137 0.299999
    endloop
  endfacet
  facet normal 0.690043 -0.154946 0.706988
    outer loop
      vertex 14.3195 -2.84832 12
      vertex 14.1625 -3.54751 12
      vertex 14.4535 -3.6204 11.7
    endloop
  endfacet
  facet normal 0.359895 0.932993 -0
    outer loop
      vertex 5.70198 13.7658 0.299999
      vertex 5.01966 14.029 11.7
      vertex 5.70198 13.7658 11.7
    endloop
  endfacet
  facet normal 0.359895 0.932993 0
    outer loop
      vertex 5.01966 14.029 11.7
      vertex 5.70198 13.7658 0.299999
      vertex 5.01966 14.029 0.299999
    endloop
  endfacet
  facet normal 0.254507 0.659785 -0.707043
    outer loop
      vertex 5.70198 13.7658 0.299999
      vertex 4.91859 13.7465 0
      vertex 5.01966 14.029 0.299999
    endloop
  endfacet
  facet normal 0.37832 0.597564 -0.706959
    outer loop
      vertex 8.11133 12.1395 0
      vertex 7.5059 12.5228 0
      vertex 8.278 12.3889 0.299999
    endloop
  endfacet
  facet normal -0.487655 -0.512269 0.706946
    outer loop
      vertex -10.3238 -10.3238 12
      vertex -10.5359 -10.5359 11.7
      vertex -9.80476 -10.8179 12
    endloop
  endfacet
  facet normal 0.487651 0.512212 0.70699
    outer loop
      vertex 10.0062 11.0402 11.7
      vertex 9.80476 10.8179 12
      vertex 10.5359 10.5359 11.7
    endloop
  endfacet
  facet normal 0.696846 0.120884 -0.70696
    outer loop
      vertex 14.7387 2.18628 0.299999
      vertex 14.3195 2.84832 0
      vertex 14.6137 2.90685 0.299999
    endloop
  endfacet
  facet normal -0.461959 0.535494 -0.706994
    outer loop
      vertex -9.80476 10.8179 0
      vertex -10.0062 11.0402 0.299999
      vertex -9.45246 11.5179 0.299999
    endloop
  endfacet
  facet normal 0.017308 0.70693 0.707072
    outer loop
      vertex 0.731108 14.8821 11.7
      vertex 0 14.9 11.7
      vertex 0.716388 14.5824 12
    endloop
  endfacet
  facet normal 0.578205 0.407293 0.706959
    outer loop
      vertex 12.3889 8.278 11.7
      vertex 11.7268 8.69721 12
      vertex 12.1395 8.11133 12
    endloop
  endfacet
  facet normal -0.578177 0.407196 -0.707038
    outer loop
      vertex -11.7268 8.69721 0
      vertex -12.3889 8.278 0.299999
      vertex -11.9678 8.87592 0.299999
    endloop
  endfacet
  facet normal -0.221841 -0.671473 -0.707044
    outer loop
      vertex -4.23816 -13.9713 0
      vertex -5.01966 -14.029 0.299999
      vertex -4.91859 -13.7465 0
    endloop
  endfacet
  facet normal 0.707 0.0173694 0.707
    outer loop
      vertex 14.9 0 11.7
      vertex 14.5824 0.716388 12
      vertex 14.6 0 12
    endloop
  endfacet
  facet normal 0.615344 -0.34852 0.707026
    outer loop
      vertex 12.876 -6.88239 12
      vertex 12.7802 -7.66013 11.7
      vertex 13.1406 -7.02381 11.7
    endloop
  endfacet
  facet normal -0.659786 0.254508 0.707042
    outer loop
      vertex -13.7658 5.70198 11.7
      vertex -14.029 5.01966 11.7
      vertex -13.7465 4.91859 12
    endloop
  endfacet
  facet normal 0.615344 0.34852 0.707026
    outer loop
      vertex 13.1406 7.02381 11.7
      vertex 12.7802 7.66013 11.7
      vertex 12.876 6.88239 12
    endloop
  endfacet
  facet normal 0.286594 -0.646535 0.707005
    outer loop
      vertex 6.2423 -13.1982 12
      vertex 5.58718 -13.4886 12
      vertex 6.37057 -13.4694 11.7
    endloop
  endfacet
  facet normal -0.0865592 -0.701959 0.706938
    outer loop
      vertex -2.14226 -14.442 12
      vertex -2.18628 -14.7387 11.7
      vertex -1.43105 -14.5297 12
    endloop
  endfacet
  facet normal -0.188691 0.681588 -0.706989
    outer loop
      vertex -3.54751 14.1625 0
      vertex -4.23816 13.9713 0
      vertex -3.6204 14.4535 0.299999
    endloop
  endfacet
  facet normal -0.681588 0.188691 -0.706989
    outer loop
      vertex -14.1625 3.54751 0
      vertex -14.4535 3.6204 0.299999
      vertex -13.9713 4.23816 0
    endloop
  endfacet
  facet normal 0.221841 0.671474 0.707043
    outer loop
      vertex 5.01966 14.029 11.7
      vertex 4.23816 13.9713 12
      vertex 4.91859 13.7465 12
    endloop
  endfacet
  facet normal -0.405281 0.914192 0
    outer loop
      vertex -5.70198 13.7658 0.299999
      vertex -6.37057 13.4694 11.7
      vertex -5.70198 13.7658 11.7
    endloop
  endfacet
  facet normal -0.405281 0.914192 0
    outer loop
      vertex -6.37057 13.4694 11.7
      vertex -5.70198 13.7658 0.299999
      vertex -6.37057 13.4694 0.299999
    endloop
  endfacet
  facet normal 0.254508 -0.659786 0.707042
    outer loop
      vertex 5.70198 -13.7658 11.7
      vertex 4.91859 -13.7465 12
      vertex 5.01966 -14.029 11.7
    endloop
  endfacet
  facet normal -0.378341 0.597407 0.70708
    outer loop
      vertex -7.66013 12.7802 11.7
      vertex -8.278 12.3889 11.7
      vertex -7.5059 12.5228 12
    endloop
  endfacet
  facet normal -0.681589 0.188692 0.706988
    outer loop
      vertex -13.9713 4.23816 12
      vertex -14.4535 3.6204 11.7
      vertex -14.1625 3.54751 12
    endloop
  endfacet
  facet normal 0.122515 -0.992467 0
    outer loop
      vertex 1.46045 -14.8283 0.299999
      vertex 2.18628 -14.7387 11.7
      vertex 1.46045 -14.8283 11.7
    endloop
  endfacet
  facet normal 0.122515 -0.992467 0
    outer loop
      vertex 2.18628 -14.7387 11.7
      vertex 1.46045 -14.8283 0.299999
      vertex 2.18628 -14.7387 0.299999
    endloop
  endfacet
  facet normal -0.557518 0.435056 0.707036
    outer loop
      vertex -11.5179 9.45246 11.7
      vertex -11.9678 8.87592 11.7
      vertex -11.7268 8.69721 12
    endloop
  endfacet
  facet normal 0.0520225 0.705245 0.707052
    outer loop
      vertex 1.46045 14.8283 11.7
      vertex 0.731108 14.8821 11.7
      vertex 1.43105 14.5297 12
    endloop
  endfacet
  facet normal -0.631693 0.317973 0.707005
    outer loop
      vertex -12.876 6.88239 12
      vertex -13.4694 6.37057 11.7
      vertex -13.1982 6.2423 12
    endloop
  endfacet
  facet normal 0.317973 0.631693 0.707005
    outer loop
      vertex 6.37057 13.4694 11.7
      vertex 6.2423 13.1982 12
      vertex 6.88239 12.876 12
    endloop
  endfacet
  facet normal 0.0865591 0.701957 -0.706939
    outer loop
      vertex 2.14226 14.442 0
      vertex 1.43105 14.5297 0
      vertex 2.18628 14.7387 0.299999
    endloop
  endfacet
  facet normal -0.254508 0.659786 0.707042
    outer loop
      vertex -5.01966 14.029 11.7
      vertex -5.70198 13.7658 11.7
      vertex -4.91859 13.7465 12
    endloop
  endfacet
  facet normal 0.597564 0.37832 -0.706959
    outer loop
      vertex 12.5228 7.5059 0
      vertex 12.1395 8.11133 0
      vertex 12.3889 8.278 0.299999
    endloop
  endfacet
  facet normal 0.535492 0.461951 -0.707
    outer loop
      vertex 11.286 9.26214 0
      vertex 10.8179 9.80476 0
      vertex 11.5179 9.45246 0.299999
    endloop
  endfacet
  facet normal -0.535492 -0.461951 -0.707
    outer loop
      vertex -10.8179 -9.80476 0
      vertex -11.5179 -9.45246 0.299999
      vertex -11.286 -9.26214 0
    endloop
  endfacet
  facet normal 0.615343 0.348519 -0.707027
    outer loop
      vertex 12.876 6.88239 0
      vertex 12.7802 7.66013 0.299999
      vertex 13.1406 7.02381 0.299999
    endloop
  endfacet
  facet normal -0.671473 -0.221841 -0.707044
    outer loop
      vertex -13.7465 -4.91859 0
      vertex -14.029 -5.01966 0.299999
      vertex -13.9713 -4.23816 0
    endloop
  endfacet
  facet normal -0.696846 -0.120884 -0.70696
    outer loop
      vertex -14.6137 -2.90685 0.299999
      vertex -14.7387 -2.18628 0.299999
      vertex -14.3195 -2.84832 0
    endloop
  endfacet
  facet normal 0.0865592 -0.701959 0.706938
    outer loop
      vertex 2.14226 -14.442 12
      vertex 1.43105 -14.5297 12
      vertex 2.18628 -14.7387 11.7
    endloop
  endfacet
  facet normal -0.313675 0.94953 0
    outer loop
      vertex -4.32524 14.2584 0.299999
      vertex -5.01966 14.029 11.7
      vertex -4.32524 14.2584 11.7
    endloop
  endfacet
  facet normal -0.313675 0.94953 0
    outer loop
      vertex -5.01966 14.029 11.7
      vertex -4.32524 14.2584 0.299999
      vertex -5.01966 14.029 0.299999
    endloop
  endfacet
  facet normal -0.615201 -0.78837 0
    outer loop
      vertex -9.45246 -11.5179 0.299999
      vertex -8.87592 -11.9678 11.7
      vertex -9.45246 -11.5179 11.7
    endloop
  endfacet
  facet normal -0.615201 -0.78837 -0
    outer loop
      vertex -8.87592 -11.9678 11.7
      vertex -9.45246 -11.5179 0.299999
      vertex -8.87592 -11.9678 0.299999
    endloop
  endfacet
  facet normal -0.535035 0.84483 0
    outer loop
      vertex -7.66013 12.7802 0.299999
      vertex -8.278 12.3889 11.7
      vertex -7.66013 12.7802 11.7
    endloop
  endfacet
  facet normal -0.535035 0.84483 0
    outer loop
      vertex -8.278 12.3889 11.7
      vertex -7.66013 12.7802 0.299999
      vertex -8.278 12.3889 0.299999
    endloop
  endfacet
  facet normal -0.575806 0.817587 0
    outer loop
      vertex -8.278 12.3889 0.299999
      vertex -8.87592 11.9678 11.7
      vertex -8.278 12.3889 11.7
    endloop
  endfacet
  facet normal -0.575806 0.817587 0
    outer loop
      vertex -8.87592 11.9678 11.7
      vertex -8.278 12.3889 0.299999
      vertex -8.87592 11.9678 0.299999
    endloop
  endfacet
  facet normal -0.435056 0.557517 -0.707037
    outer loop
      vertex -8.69721 11.7268 0
      vertex -9.45246 11.5179 0.299999
      vertex -8.87592 11.9678 0.299999
    endloop
  endfacet
  facet normal -0.870129 0.492825 0
    outer loop
      vertex -13.1406 7.02381 0.299999
      vertex -12.7802 7.66013 11.7
      vertex -12.7802 7.66013 0.299999
    endloop
  endfacet
  facet normal -0.870129 0.492825 0
    outer loop
      vertex -12.7802 7.66013 11.7
      vertex -13.1406 7.02381 0.299999
      vertex -13.1406 7.02381 11.7
    endloop
  endfacet
  facet normal 0.22183 -0.671503 0.707018
    outer loop
      vertex 5.01966 -14.029 11.7
      vertex 4.23816 -13.9713 12
      vertex 4.32524 -14.2584 11.7
    endloop
  endfacet
  facet normal -0.449597 0.893232 0
    outer loop
      vertex -6.37057 13.4694 0.299999
      vertex -7.02381 13.1406 11.7
      vertex -6.37057 13.4694 11.7
    endloop
  endfacet
  facet normal -0.449597 0.893232 0
    outer loop
      vertex -7.02381 13.1406 11.7
      vertex -6.37057 13.4694 0.299999
      vertex -7.02381 13.1406 0.299999
    endloop
  endfacet
  facet normal -0.46196 -0.535495 0.706992
    outer loop
      vertex -9.80476 -10.8179 12
      vertex -10.0062 -11.0402 11.7
      vertex -9.45246 -11.5179 11.7
    endloop
  endfacet
  facet normal -0.690075 -0.15493 0.70696
    outer loop
      vertex -14.3195 -2.84832 12
      vertex -14.6137 -2.90685 11.7
      vertex -14.4535 -3.6204 11.7
    endloop
  endfacet
  facet normal 0.286605 0.646496 0.707036
    outer loop
      vertex 5.70198 13.7658 11.7
      vertex 5.58718 13.4886 12
      vertex 6.37057 13.4694 11.7
    endloop
  endfacet
  facet normal -0.96376 0.266769 0
    outer loop
      vertex -14.4535 3.6204 0.299999
      vertex -14.2584 4.32524 11.7
      vertex -14.2584 4.32524 0.299999
    endloop
  endfacet
  facet normal -0.96376 0.266769 0
    outer loop
      vertex -14.2584 4.32524 11.7
      vertex -14.4535 3.6204 0.299999
      vertex -14.4535 3.6204 11.7
    endloop
  endfacet
  facet normal -0.65979 0.254505 -0.707039
    outer loop
      vertex -13.7465 4.91859 0
      vertex -13.7658 5.70198 0.299999
      vertex -13.4886 5.58718 0
    endloop
  endfacet
  facet normal -0.659785 0.254507 -0.707043
    outer loop
      vertex -13.7465 4.91859 0
      vertex -14.029 5.01966 0.299999
      vertex -13.7658 5.70198 0.299999
    endloop
  endfacet
  facet normal -0.707 0.0173694 0.707
    outer loop
      vertex -14.5824 0.716388 12
      vertex -14.9 0 11.7
      vertex -14.6 0 12
    endloop
  endfacet
  facet normal 0.407196 0.578178 0.707037
    outer loop
      vertex 8.87592 11.9678 11.7
      vertex 8.278 12.3889 11.7
      vertex 8.69721 11.7268 12
    endloop
  endfacet
  facet normal 0.017308 -0.706929 -0.707073
    outer loop
      vertex 0.731108 -14.8821 0.299999
      vertex 0 -14.9 0.299999
      vertex 0.716388 -14.5824 0
    endloop
  endfacet
  facet normal -0.578205 0.407293 0.706959
    outer loop
      vertex -11.7268 8.69721 12
      vertex -12.3889 8.278 11.7
      vertex -12.1395 8.11133 12
    endloop
  endfacet
  facet normal -0.597406 -0.37834 -0.707082
    outer loop
      vertex -12.3889 -8.278 0.299999
      vertex -12.7802 -7.66013 0.299999
      vertex -12.5228 -7.5059 0
    endloop
  endfacet
  facet normal -0.817587 0.575806 0
    outer loop
      vertex -12.3889 8.278 0.299999
      vertex -11.9678 8.87592 11.7
      vertex -11.9678 8.87592 0.299999
    endloop
  endfacet
  facet normal -0.817587 0.575806 0
    outer loop
      vertex -11.9678 8.87592 11.7
      vertex -12.3889 8.278 0.299999
      vertex -12.3889 8.278 11.7
    endloop
  endfacet
  facet normal -0.492825 -0.870129 0
    outer loop
      vertex -7.66013 -12.7802 0.299999
      vertex -7.02381 -13.1406 11.7
      vertex -7.66013 -12.7802 11.7
    endloop
  endfacet
  facet normal -0.492825 -0.870129 -0
    outer loop
      vertex -7.02381 -13.1406 11.7
      vertex -7.66013 -12.7802 0.299999
      vertex -7.02381 -13.1406 0.299999
    endloop
  endfacet
  facet normal -0.348519 -0.615343 -0.707027
    outer loop
      vertex -7.02381 -13.1406 0.299999
      vertex -7.66013 -12.7802 0.299999
      vertex -6.88239 -12.876 0
    endloop
  endfacet
  facet normal -0.407196 -0.578177 -0.707038
    outer loop
      vertex -8.278 -12.3889 0.299999
      vertex -8.87592 -11.9678 0.299999
      vertex -8.69721 -11.7268 0
    endloop
  endfacet
  facet normal 0.512268 0.487654 -0.706947
    outer loop
      vertex 10.8179 9.80476 0
      vertex 10.3238 10.3238 0
      vertex 10.5359 10.5359 0.299999
    endloop
  endfacet
  facet normal 0.631682 -0.317949 -0.707027
    outer loop
      vertex 13.1406 -7.02381 0.299999
      vertex 12.876 -6.88239 0
      vertex 13.4694 -6.37057 0.299999
    endloop
  endfacet
  facet normal -0.975712 -0.219058 0
    outer loop
      vertex -14.4535 -3.6204 0.299999
      vertex -14.6137 -2.90685 11.7
      vertex -14.6137 -2.90685 0.299999
    endloop
  endfacet
  facet normal -0.975712 -0.219058 0
    outer loop
      vertex -14.6137 -2.90685 11.7
      vertex -14.4535 -3.6204 0.299999
      vertex -14.4535 -3.6204 11.7
    endloop
  endfacet
  facet normal 0.0520041 -0.705225 -0.707074
    outer loop
      vertex 0.731108 -14.8821 0.299999
      vertex 0.716388 -14.5824 0
      vertex 1.43105 -14.5297 0
    endloop
  endfacet
  facet normal -0.96376 -0.266769 0
    outer loop
      vertex -14.2584 -4.32524 0.299999
      vertex -14.4535 -3.6204 11.7
      vertex -14.4535 -3.6204 0.299999
    endloop
  endfacet
  facet normal -0.96376 -0.266769 0
    outer loop
      vertex -14.4535 -3.6204 11.7
      vertex -14.2584 -4.32524 0.299999
      vertex -14.2584 -4.32524 11.7
    endloop
  endfacet
  facet normal -0.706999 0.0173693 -0.707001
    outer loop
      vertex -14.6 0 0
      vertex -14.9 0 0.299999
      vertex -14.5824 0.716388 0
    endloop
  endfacet
  facet normal -0.696846 0.120884 -0.70696
    outer loop
      vertex -14.3195 2.84832 0
      vertex -14.7387 2.18628 0.299999
      vertex -14.6137 2.90685 0.299999
    endloop
  endfacet
  facet normal -0.535495 -0.46196 0.706992
    outer loop
      vertex -10.8179 -9.80476 12
      vertex -11.5179 -9.45246 11.7
      vertex -11.0402 -10.0062 11.7
    endloop
  endfacet
  facet normal -0.757181 -0.653205 0
    outer loop
      vertex -11.0402 -10.0062 0.299999
      vertex -11.5179 -9.45246 11.7
      vertex -11.5179 -9.45246 0.299999
    endloop
  endfacet
  facet normal -0.757181 -0.653205 0
    outer loop
      vertex -11.5179 -9.45246 11.7
      vertex -11.0402 -10.0062 0.299999
      vertex -11.0402 -10.0062 11.7
    endloop
  endfacet
  facet normal -0.286605 -0.646495 -0.707038
    outer loop
      vertex -5.70198 -13.7658 0.299999
      vertex -6.37057 -13.4694 0.299999
      vertex -5.58718 -13.4886 0
    endloop
  endfacet
  facet normal 0.317973 -0.631692 -0.707007
    outer loop
      vertex 6.37057 -13.4694 0.299999
      vertex 6.2423 -13.1982 0
      vertex 6.88239 -12.876 0
    endloop
  endfacet
  facet normal -0.597564 -0.37832 -0.706959
    outer loop
      vertex -12.3889 -8.278 0.299999
      vertex -12.5228 -7.5059 0
      vertex -12.1395 -8.11133 0
    endloop
  endfacet
  facet normal -0.120884 0.696846 -0.70696
    outer loop
      vertex -2.84832 14.3195 0
      vertex -2.90685 14.6137 0.299999
      vertex -2.18628 14.7387 0.299999
    endloop
  endfacet
  facet normal -0.65979 -0.254505 -0.707039
    outer loop
      vertex -13.4886 -5.58718 0
      vertex -13.7658 -5.70198 0.299999
      vertex -13.7465 -4.91859 0
    endloop
  endfacet
  facet normal -0.37832 0.597564 -0.706959
    outer loop
      vertex -8.11133 12.1395 0
      vertex -8.278 12.3889 0.299999
      vertex -7.5059 12.5228 0
    endloop
  endfacet
  facet normal -0.0520042 0.705226 0.707073
    outer loop
      vertex -0.731108 14.8821 11.7
      vertex -1.43105 14.5297 12
      vertex -0.716388 14.5824 12
    endloop
  endfacet
  facet normal -0.0173694 -0.707 0.707
    outer loop
      vertex 0 -14.6 12
      vertex -0.716388 -14.5824 12
      vertex 0 -14.9 11.7
    endloop
  endfacet
  facet normal 0.997162 0.0752812 -0.000227594
    outer loop
      vertex 14.8439 1.24849 9.93867
      vertex 14.8283 1.46045 11.7
      vertex 14.8438 1.25 10
    endloop
  endfacet
  facet normal 0.997388 0.07223 0.000152179
    outer loop
      vertex 14.8283 1.46045 11.7
      vertex 14.8439 1.24849 10.0613
      vertex 14.8438 1.25 10
    endloop
  endfacet
  facet normal 0.997487 0.0708506 0.000331541
    outer loop
      vertex 14.8283 1.46045 11.7
      vertex 14.8442 1.24398 10.1225
      vertex 14.8439 1.24849 10.0613
    endloop
  endfacet
  facet normal 0.997087 0.0762776 -0.000417198
    outer loop
      vertex 14.8283 1.46045 11.7
      vertex 14.8448 1.23647 10.1834
      vertex 14.8442 1.24398 10.1225
    endloop
  endfacet
  facet normal 0.997564 0.0697508 0.000551913
    outer loop
      vertex 14.8283 1.46045 11.7
      vertex 14.8455 1.22598 10.2439
      vertex 14.8448 1.23647 10.1834
    endloop
  endfacet
  facet normal 0.997276 0.0737659 -9.80315e-05
    outer loop
      vertex 14.8283 1.46045 11.7
      vertex 14.8465 1.21254 10.3037
      vertex 14.8455 1.22598 10.2439
    endloop
  endfacet
  facet normal 0.997321 0.0731509 1.17445e-05
    outer loop
      vertex 14.8283 1.46045 11.7
      vertex 14.8477 1.19617 10.3629
      vertex 14.8465 1.21254 10.3037
    endloop
  endfacet
  facet normal 0.997105 0.0760372 -0.000561875
    outer loop
      vertex 14.8283 1.46045 11.7
      vertex 14.8492 1.17693 10.4211
      vertex 14.8477 1.19617 10.3629
    endloop
  endfacet
  facet normal 0.997352 0.072728 0.000175777
    outer loop
      vertex 14.8283 1.46045 11.7
      vertex 14.8508 1.15485 10.4784
      vertex 14.8492 1.17693 10.4211
    endloop
  endfacet
  facet normal 0.997357 0.0726527 0.000194714
    outer loop
      vertex 14.8283 1.46045 11.7
      vertex 14.8526 1.12999 10.5344
      vertex 14.8508 1.15485 10.4784
    endloop
  endfacet
  facet normal 0.997185 0.0749732 -0.000466753
    outer loop
      vertex 14.8283 1.46045 11.7
      vertex 14.8547 1.1024 10.5892
      vertex 14.8526 1.12999 10.5344
    endloop
  endfacet
  facet normal 0.997338 0.0729127 0.000201055
    outer loop
      vertex 14.8283 1.46045 11.7
      vertex 14.8569 1.07216 10.6426
      vertex 14.8547 1.1024 10.5892
    endloop
  endfacet
  facet normal 0.997323 0.0731246 0.000122829
    outer loop
      vertex 14.8283 1.46045 11.7
      vertex 14.8593 1.03934 10.6945
      vertex 14.8569 1.07216 10.6426
    endloop
  endfacet
  facet normal 0.997302 0.0734019 6.059e-06
    outer loop
      vertex 14.8283 1.46045 11.7
      vertex 14.8619 1.00401 10.7446
      vertex 14.8593 1.03934 10.6945
    endloop
  endfacet
  facet normal 0.997276 0.073762 -0.000166903
    outer loop
      vertex 14.8283 1.46045 11.7
      vertex 14.8647 0.966263 10.793
      vertex 14.8619 1.00401 10.7446
    endloop
  endfacet
  facet normal 0.997244 0.0741891 -0.000400911
    outer loop
      vertex 14.8283 1.46045 11.7
      vertex 14.8677 0.926188 10.8394
      vertex 14.8647 0.966263 10.793
    endloop
  endfacet
  facet normal 0.997312 0.0732653 0.000175738
    outer loop
      vertex 14.8283 1.46045 11.7
      vertex 14.8708 0.883883 10.8839
      vertex 14.8677 0.926188 10.8394
    endloop
  endfacet
  facet normal 0.99727 0.073841 -0.000233213
    outer loop
      vertex 14.8283 1.46045 11.7
      vertex 14.8741 0.839448 10.9262
      vertex 14.8708 0.883883 10.8839
    endloop
  endfacet
  facet normal 0.997316 0.0732204 0.00026754
    outer loop
      vertex 14.8283 1.46045 11.7
      vertex 14.8775 0.792991 10.9663
      vertex 14.8741 0.839448 10.9262
    endloop
  endfacet
  facet normal 0.99729 0.0735652 -4.78366e-05
    outer loop
      vertex 14.8821 0.731108 11.7
      vertex 14.8775 0.792991 10.9663
      vertex 14.8283 1.46045 11.7
    endloop
  endfacet
  facet normal 0.997241 0.0742307 8.60245e-06
    outer loop
      vertex 14.8775 0.792991 10.9663
      vertex 14.8821 0.731108 11.7
      vertex 14.8811 0.744623 11.004
    endloop
  endfacet
  facet normal 0.997274 0.0737901 0
    outer loop
      vertex 14.8811 0.744623 11.004
      vertex 14.8821 0.731108 11.7
      vertex 14.8821 0.731108 11.0135
    endloop
  endfacet
  facet normal 0.996424 0.0844849 -0.00134172
    outer loop
      vertex 14.8442 1.24398 9.87748
      vertex 14.8283 1.46045 11.7
      vertex 14.8439 1.24849 9.93867
    endloop
  endfacet
  facet normal 0.997313 0.0732539 0
    outer loop
      vertex 14.8283 1.46045 11.7
      vertex 14.8442 1.24398 9.87748
      vertex 14.8283 1.46045 0.299999
    endloop
  endfacet
  facet normal 0.996902 0.0786514 0.000122675
    outer loop
      vertex 14.8448 1.23647 9.81659
      vertex 14.8283 1.46045 0.299999
      vertex 14.8442 1.24398 9.87748
    endloop
  endfacet
  facet normal 0.997726 0.0674051 -0.000143443
    outer loop
      vertex 14.8455 1.22598 9.75614
      vertex 14.8283 1.46045 0.299999
      vertex 14.8448 1.23647 9.81659
    endloop
  endfacet
  facet normal 0.997251 0.0740963 2.33328e-05
    outer loop
      vertex 14.8465 1.21254 9.69627
      vertex 14.8283 1.46045 0.299999
      vertex 14.8455 1.22598 9.75614
    endloop
  endfacet
  facet normal 0.997323 0.0731181 -2.6165e-06
    outer loop
      vertex 14.8477 1.19617 9.63714
      vertex 14.8283 1.46045 0.299999
      vertex 14.8465 1.21254 9.69627
    endloop
  endfacet
  facet normal 0.997002 0.0773704 0.000118409
    outer loop
      vertex 14.8492 1.17693 9.57889
      vertex 14.8283 1.46045 0.299999
      vertex 14.8477 1.19617 9.63714
    endloop
  endfacet
  facet normal 0.997378 0.0723655 -3.5365e-05
    outer loop
      vertex 14.8508 1.15485 9.52165
      vertex 14.8283 1.46045 0.299999
      vertex 14.8492 1.17693 9.57889
    endloop
  endfacet
  facet normal 0.997383 0.0723006 -3.75246e-05
    outer loop
      vertex 14.8526 1.12999 9.46556
      vertex 14.8283 1.46045 0.299999
      vertex 14.8508 1.15485 9.52165
    endloop
  endfacet
  facet normal 0.997129 0.075724 8.65767e-05
    outer loop
      vertex 14.8547 1.1024 9.41075
      vertex 14.8283 1.46045 0.299999
      vertex 14.8526 1.12999 9.46556
    endloop
  endfacet
  facet normal 0.997359 0.0726227 -3.59713e-05
    outer loop
      vertex 14.8569 1.07216 9.35737
      vertex 14.8283 1.46045 0.299999
      vertex 14.8547 1.1024 9.41075
    endloop
  endfacet
  facet normal 0.997335 0.0729648 -2.12295e-05
    outer loop
      vertex 14.8593 1.03934 9.30554
      vertex 14.8283 1.46045 0.299999
      vertex 14.8569 1.07216 9.35737
    endloop
  endfacet
  facet normal 0.997303 0.0733948 -1.01115e-06
    outer loop
      vertex 14.8619 1.00401 9.25538
      vertex 14.8283 1.46045 0.299999
      vertex 14.8593 1.03934 9.30554
    endloop
  endfacet
  facet normal 0.997263 0.0739405 2.69528e-05
    outer loop
      vertex 14.8647 0.966263 9.20701
      vertex 14.8283 1.46045 0.299999
      vertex 14.8619 1.00401 9.25538
    endloop
  endfacet
  facet normal 0.997215 0.0745786 6.25536e-05
    outer loop
      vertex 14.8677 0.926188 9.16055
      vertex 14.8283 1.46045 0.299999
      vertex 14.8647 0.966263 9.20701
    endloop
  endfacet
  facet normal 0.997324 0.0731092 -2.65351e-05
    outer loop
      vertex 14.8708 0.883883 9.11612
      vertex 14.8283 1.46045 0.299999
      vertex 14.8677 0.926188 9.16055
    endloop
  endfacet
  facet normal 0.997256 0.0740296 3.39903e-05
    outer loop
      vertex 14.8741 0.839448 9.07381
      vertex 14.8283 1.46045 0.299999
      vertex 14.8708 0.883883 9.11612
    endloop
  endfacet
  facet normal 0.99733 0.073023 -3.76431e-05
    outer loop
      vertex 14.8775 0.792991 9.03374
      vertex 14.8283 1.46045 0.299999
      vertex 14.8741 0.839448 9.07381
    endloop
  endfacet
  facet normal 0.997245 0.074184 5.15672e-05
    outer loop
      vertex 14.8811 0.744623 8.99599
      vertex 14.8283 1.46045 0.299999
      vertex 14.8775 0.792991 9.03374
    endloop
  endfacet
  facet normal 0.997275 0.0737776 1.79258e-05
    outer loop
      vertex 14.8821 0.731108 8.98647
      vertex 14.8283 1.46045 0.299999
      vertex 14.8811 0.744623 8.99599
    endloop
  endfacet
  facet normal 0.99729 0.0735652 0
    outer loop
      vertex 14.8283 1.46045 0.299999
      vertex 14.8821 0.731108 8.98647
      vertex 14.8821 0.731108 0.299999
    endloop
  endfacet
  facet normal 0.696847 0.120885 0.706959
    outer loop
      vertex 14.6137 2.90685 11.7
      vertex 14.3195 2.84832 12
      vertex 14.7387 2.18628 11.7
    endloop
  endfacet
  facet normal 0.37834 0.597406 -0.707082
    outer loop
      vertex 8.278 12.3889 0.299999
      vertex 7.5059 12.5228 0
      vertex 7.66013 12.7802 0.299999
    endloop
  endfacet
  facet normal -0.286594 0.646534 -0.707007
    outer loop
      vertex -6.2423 13.1982 0
      vertex -6.37057 13.4694 0.299999
      vertex -5.58718 13.4886 0
    endloop
  endfacet
  facet normal 0.631692 -0.317973 -0.707007
    outer loop
      vertex 13.4694 -6.37057 0.299999
      vertex 12.876 -6.88239 0
      vertex 13.1982 -6.2423 0
    endloop
  endfacet
  facet normal -0.557517 -0.435056 -0.707037
    outer loop
      vertex -11.5179 -9.45246 0.299999
      vertex -11.9678 -8.87592 0.299999
      vertex -11.7268 -8.69721 0
    endloop
  endfacet
  facet normal -0.188692 -0.681589 0.706988
    outer loop
      vertex -3.54751 -14.1625 12
      vertex -4.23816 -13.9713 12
      vertex -3.6204 -14.4535 11.7
    endloop
  endfacet
  facet normal -0.407196 0.578178 0.707037
    outer loop
      vertex -8.278 12.3889 11.7
      vertex -8.87592 11.9678 11.7
      vertex -8.69721 11.7268 12
    endloop
  endfacet
  facet normal 0.671502 0.221829 -0.70702
    outer loop
      vertex 14.2584 4.32524 0.299999
      vertex 13.9713 4.23816 0
      vertex 14.029 5.01966 0.299999
    endloop
  endfacet
  facet normal 0.94953 0.313675 0
    outer loop
      vertex 14.2584 4.32524 11.7
      vertex 14.029 5.01966 0.299999
      vertex 14.029 5.01966 11.7
    endloop
  endfacet
  facet normal 0.94953 0.313675 0
    outer loop
      vertex 14.029 5.01966 0.299999
      vertex 14.2584 4.32524 11.7
      vertex 14.2584 4.32524 0.299999
    endloop
  endfacet
  facet normal 0.313675 0.94953 -0
    outer loop
      vertex 5.01966 14.029 0.299999
      vertex 4.32524 14.2584 11.7
      vertex 5.01966 14.029 11.7
    endloop
  endfacet
  facet normal 0.313675 0.94953 0
    outer loop
      vertex 4.32524 14.2584 11.7
      vertex 5.01966 14.029 0.299999
      vertex 4.32524 14.2584 0.299999
    endloop
  endfacet
  facet normal 0.487654 0.512268 -0.706947
    outer loop
      vertex 10.3238 10.3238 0
      vertex 9.80476 10.8179 0
      vertex 10.5359 10.5359 0.299999
    endloop
  endfacet
  facet normal 0.0866379 0.701834 -0.707052
    outer loop
      vertex 2.18628 14.7387 0.299999
      vertex 1.43105 14.5297 0
      vertex 1.46045 14.8283 0.299999
    endloop
  endfacet
  facet normal -0.0865591 0.701957 -0.706939
    outer loop
      vertex -2.14226 14.442 0
      vertex -2.18628 14.7387 0.299999
      vertex -1.43105 14.5297 0
    endloop
  endfacet
  facet normal 0.689529 0.724258 -0
    outer loop
      vertex 10.5359 10.5359 0.299999
      vertex 10.0062 11.0402 11.7
      vertex 10.5359 10.5359 11.7
    endloop
  endfacet
  facet normal 0.689529 0.724258 0
    outer loop
      vertex 10.0062 11.0402 11.7
      vertex 10.5359 10.5359 0.299999
      vertex 10.0062 11.0402 0.299999
    endloop
  endfacet
  facet normal 0.690043 0.154946 0.706988
    outer loop
      vertex 14.4535 3.6204 11.7
      vertex 14.1625 3.54751 12
      vertex 14.3195 2.84832 12
    endloop
  endfacet
  facet normal -0.597407 -0.378341 0.70708
    outer loop
      vertex -12.5228 -7.5059 12
      vertex -12.7802 -7.66013 11.7
      vertex -12.3889 -8.278 11.7
    endloop
  endfacet
  facet normal -0.870129 -0.492825 0
    outer loop
      vertex -12.7802 -7.66013 0.299999
      vertex -13.1406 -7.02381 11.7
      vertex -13.1406 -7.02381 0.299999
    endloop
  endfacet
  facet normal -0.870129 -0.492825 0
    outer loop
      vertex -13.1406 -7.02381 11.7
      vertex -12.7802 -7.66013 0.299999
      vertex -12.7802 -7.66013 11.7
    endloop
  endfacet
  facet normal 0.286594 0.646534 -0.707007
    outer loop
      vertex 6.2423 13.1982 0
      vertex 5.58718 13.4886 0
      vertex 6.37057 13.4694 0.299999
    endloop
  endfacet
  facet normal 0.461952 0.535493 0.706999
    outer loop
      vertex 9.45246 11.5179 11.7
      vertex 9.26214 11.286 12
      vertex 9.80476 10.8179 12
    endloop
  endfacet
  facet normal 0.017308 -0.70693 0.707072
    outer loop
      vertex 0.716388 -14.5824 12
      vertex 0 -14.9 11.7
      vertex 0.731108 -14.8821 11.7
    endloop
  endfacet
  facet normal -0.631692 -0.317973 -0.707007
    outer loop
      vertex -12.876 -6.88239 0
      vertex -13.4694 -6.37057 0.299999
      vertex -13.1982 -6.2423 0
    endloop
  endfacet
  facet normal 0.154929 0.690074 -0.706962
    outer loop
      vertex 3.6204 14.4535 0.299999
      vertex 2.84832 14.3195 0
      vertex 2.90685 14.6137 0.299999
    endloop
  endfacet
  facet normal -0.690074 0.154929 -0.706962
    outer loop
      vertex -14.3195 2.84832 0
      vertex -14.6137 2.90685 0.299999
      vertex -14.4535 3.6204 0.299999
    endloop
  endfacet
  facet normal 0.317973 0.631692 -0.707007
    outer loop
      vertex 6.88239 12.876 0
      vertex 6.2423 13.1982 0
      vertex 6.37057 13.4694 0.299999
    endloop
  endfacet
  facet normal -0.615343 0.348519 -0.707027
    outer loop
      vertex -12.876 6.88239 0
      vertex -13.1406 7.02381 0.299999
      vertex -12.7802 7.66013 0.299999
    endloop
  endfacet
  facet normal 0.653205 0.757181 -0
    outer loop
      vertex 10.0062 11.0402 0.299999
      vertex 9.45246 11.5179 11.7
      vertex 10.0062 11.0402 11.7
    endloop
  endfacet
  facet normal 0.653205 0.757181 0
    outer loop
      vertex 9.45246 11.5179 11.7
      vertex 10.0062 11.0402 0.299999
      vertex 9.45246 11.5179 0.299999
    endloop
  endfacet
  facet normal 0.48765 0.512211 -0.706992
    outer loop
      vertex 10.5359 10.5359 0.299999
      vertex 9.80476 10.8179 0
      vertex 10.0062 11.0402 0.299999
    endloop
  endfacet
  facet normal 0.461959 0.535494 -0.706994
    outer loop
      vertex 9.80476 10.8179 0
      vertex 9.45246 11.5179 0.299999
      vertex 10.0062 11.0402 0.299999
    endloop
  endfacet
  facet normal 0.120904 -0.696864 0.706939
    outer loop
      vertex 2.84832 -14.3195 12
      vertex 2.14226 -14.442 12
      vertex 2.18628 -14.7387 11.7
    endloop
  endfacet
  facet normal 0.659785 0.254507 -0.707043
    outer loop
      vertex 14.029 5.01966 0.299999
      vertex 13.7465 4.91859 0
      vertex 13.7658 5.70198 0.299999
    endloop
  endfacet
  facet normal 0.985285 -0.170921 0
    outer loop
      vertex 14.6137 -2.90685 11.7
      vertex 14.7387 -2.18628 0.299999
      vertex 14.7387 -2.18628 11.7
    endloop
  endfacet
  facet normal 0.985285 -0.170921 0
    outer loop
      vertex 14.7387 -2.18628 0.299999
      vertex 14.6137 -2.90685 11.7
      vertex 14.6137 -2.90685 0.299999
    endloop
  endfacet
  facet normal -0.512211 0.48765 -0.706992
    outer loop
      vertex -10.8179 9.80476 0
      vertex -11.0402 10.0062 0.299999
      vertex -10.5359 10.5359 0.299999
    endloop
  endfacet
  facet normal -0.646534 -0.286594 -0.707007
    outer loop
      vertex -13.4694 -6.37057 0.299999
      vertex -13.4886 -5.58718 0
      vertex -13.1982 -6.2423 0
    endloop
  endfacet
  facet normal 0.461951 -0.535492 -0.707
    outer loop
      vertex 9.45246 -11.5179 0.299999
      vertex 9.26214 -11.286 0
      vertex 9.80476 -10.8179 0
    endloop
  endfacet
  facet normal -0.317973 0.631693 0.707005
    outer loop
      vertex -6.37057 13.4694 11.7
      vertex -6.88239 12.876 12
      vertex -6.2423 13.1982 12
    endloop
  endfacet
  facet normal -0.48765 -0.512211 -0.706992
    outer loop
      vertex -10.0062 -11.0402 0.299999
      vertex -10.5359 -10.5359 0.299999
      vertex -9.80476 -10.8179 0
    endloop
  endfacet
  facet normal 0.0520225 -0.705245 0.707052
    outer loop
      vertex 1.43105 -14.5297 12
      vertex 0.731108 -14.8821 11.7
      vertex 1.46045 -14.8283 11.7
    endloop
  endfacet
  facet normal -0.188657 -0.681565 -0.707021
    outer loop
      vertex -3.6204 -14.4535 0.299999
      vertex -4.32524 -14.2584 0.299999
      vertex -4.23816 -13.9713 0
    endloop
  endfacet
  facet normal -0.120885 -0.696847 0.706959
    outer loop
      vertex -2.84832 -14.3195 12
      vertex -2.90685 -14.6137 11.7
      vertex -2.18628 -14.7387 11.7
    endloop
  endfacet
  facet normal -0.313675 -0.94953 0
    outer loop
      vertex -5.01966 -14.029 0.299999
      vertex -4.32524 -14.2584 11.7
      vertex -5.01966 -14.029 11.7
    endloop
  endfacet
  facet normal -0.313675 -0.94953 -0
    outer loop
      vertex -4.32524 -14.2584 11.7
      vertex -5.01966 -14.029 0.299999
      vertex -4.32524 -14.2584 0.299999
    endloop
  endfacet
  facet normal -0.221841 -0.671474 0.707043
    outer loop
      vertex -4.91859 -13.7465 12
      vertex -5.01966 -14.029 11.7
      vertex -4.23816 -13.9713 12
    endloop
  endfacet
  facet normal 0.348532 0.61527 -0.707084
    outer loop
      vertex 7.5059 12.5228 0
      vertex 6.88239 12.876 0
      vertex 7.66013 12.7802 0.299999
    endloop
  endfacet
  facet normal -0.122515 0.992467 0
    outer loop
      vertex -1.46045 14.8283 0.299999
      vertex -2.18628 14.7387 11.7
      vertex -1.46045 14.8283 11.7
    endloop
  endfacet
  facet normal -0.122515 0.992467 0
    outer loop
      vertex -2.18628 14.7387 11.7
      vertex -1.46045 14.8283 0.299999
      vertex -2.18628 14.7387 0.299999
    endloop
  endfacet
  facet normal -0.914192 -0.405281 0
    outer loop
      vertex -13.4694 -6.37057 0.299999
      vertex -13.7658 -5.70198 11.7
      vertex -13.7658 -5.70198 0.299999
    endloop
  endfacet
  facet normal -0.914192 -0.405281 0
    outer loop
      vertex -13.7658 -5.70198 11.7
      vertex -13.4694 -6.37057 0.299999
      vertex -13.4694 -6.37057 11.7
    endloop
  endfacet
  facet normal -0.671503 -0.22183 0.707018
    outer loop
      vertex -13.9713 -4.23816 12
      vertex -14.2584 -4.32524 11.7
      vertex -14.029 -5.01966 11.7
    endloop
  endfacet
  facet normal -0.701835 -0.086638 0.707051
    outer loop
      vertex -14.5297 -1.43105 12
      vertex -14.8283 -1.46045 11.7
      vertex -14.7387 -2.18628 11.7
    endloop
  endfacet
  facet normal -0.487655 0.512269 0.706946
    outer loop
      vertex -9.80476 10.8179 12
      vertex -10.5359 10.5359 11.7
      vertex -10.3238 10.3238 12
    endloop
  endfacet
  facet normal -0.557567 0.435055 0.706998
    outer loop
      vertex -11.5179 9.45246 11.7
      vertex -11.7268 8.69721 12
      vertex -11.286 9.26214 12
    endloop
  endfacet
  facet normal -0.535493 0.461952 0.706999
    outer loop
      vertex -10.8179 9.80476 12
      vertex -11.5179 9.45246 11.7
      vertex -11.286 9.26214 12
    endloop
  endfacet
  facet normal -0.188692 0.681589 0.706988
    outer loop
      vertex -3.6204 14.4535 11.7
      vertex -4.23816 13.9713 12
      vertex -3.54751 14.1625 12
    endloop
  endfacet
  facet normal -0.646535 0.286594 0.707005
    outer loop
      vertex -13.4694 6.37057 11.7
      vertex -13.4886 5.58718 12
      vertex -13.1982 6.2423 12
    endloop
  endfacet
  facet normal 0.120885 -0.696847 0.706959
    outer loop
      vertex 2.84832 -14.3195 12
      vertex 2.18628 -14.7387 11.7
      vertex 2.90685 -14.6137 11.7
    endloop
  endfacet
  facet normal 0.0520224 0.705244 -0.707053
    outer loop
      vertex 1.43105 14.5297 0
      vertex 0.731108 14.8821 0.299999
      vertex 1.46045 14.8283 0.299999
    endloop
  endfacet
  facet normal 0.435055 0.557567 0.706998
    outer loop
      vertex 9.45246 11.5179 11.7
      vertex 8.69721 11.7268 12
      vertex 9.26214 11.286 12
    endloop
  endfacet
  facet normal 0.154946 0.690042 -0.70699
    outer loop
      vertex 3.54751 14.1625 0
      vertex 2.84832 14.3195 0
      vertex 3.6204 14.4535 0.299999
    endloop
  endfacet
  facet normal -0.487654 0.512268 -0.706947
    outer loop
      vertex -10.3238 10.3238 0
      vertex -10.5359 10.5359 0.299999
      vertex -9.80476 10.8179 0
    endloop
  endfacet
  facet normal -0.0520041 0.705225 -0.707074
    outer loop
      vertex -0.716388 14.5824 0
      vertex -1.43105 14.5297 0
      vertex -0.731108 14.8821 0.299999
    endloop
  endfacet
  facet normal -0.0520224 0.705244 -0.707053
    outer loop
      vertex -1.43105 14.5297 0
      vertex -1.46045 14.8283 0.299999
      vertex -0.731108 14.8821 0.299999
    endloop
  endfacet
  facet normal -0.120885 0.696847 0.706959
    outer loop
      vertex -2.18628 14.7387 11.7
      vertex -2.90685 14.6137 11.7
      vertex -2.84832 14.3195 12
    endloop
  endfacet
  facet normal -0.120904 0.696864 0.706939
    outer loop
      vertex -2.18628 14.7387 11.7
      vertex -2.84832 14.3195 12
      vertex -2.14226 14.442 12
    endloop
  endfacet
  facet normal 0.120904 0.696863 -0.70694
    outer loop
      vertex 2.84832 14.3195 0
      vertex 2.14226 14.442 0
      vertex 2.18628 14.7387 0.299999
    endloop
  endfacet
  facet normal -0.170921 0.985285 0
    outer loop
      vertex -2.18628 14.7387 0.299999
      vertex -2.90685 14.6137 11.7
      vertex -2.18628 14.7387 11.7
    endloop
  endfacet
  facet normal -0.170921 0.985285 0
    outer loop
      vertex -2.90685 14.6137 11.7
      vertex -2.18628 14.7387 0.299999
      vertex -2.90685 14.6137 0.299999
    endloop
  endfacet
  facet normal 0.407196 0.578177 -0.707038
    outer loop
      vertex 8.69721 11.7268 0
      vertex 8.278 12.3889 0.299999
      vertex 8.87592 11.9678 0.299999
    endloop
  endfacet
  facet normal -0.557566 -0.435054 -0.706999
    outer loop
      vertex -11.5179 -9.45246 0.299999
      vertex -11.7268 -8.69721 0
      vertex -11.286 -9.26214 0
    endloop
  endfacet
  facet normal -0.671502 -0.221829 -0.70702
    outer loop
      vertex -14.029 -5.01966 0.299999
      vertex -14.2584 -4.32524 0.299999
      vertex -13.9713 -4.23816 0
    endloop
  endfacet
  facet normal 0.597406 0.37834 -0.707082
    outer loop
      vertex 12.5228 7.5059 0
      vertex 12.3889 8.278 0.299999
      vertex 12.7802 7.66013 0.299999
    endloop
  endfacet
  facet normal 0.487651 -0.512212 0.70699
    outer loop
      vertex 10.5359 -10.5359 11.7
      vertex 9.80476 -10.8179 12
      vertex 10.0062 -11.0402 11.7
    endloop
  endfacet
  facet normal -0.557567 -0.435055 0.706998
    outer loop
      vertex -11.286 -9.26214 12
      vertex -11.7268 -8.69721 12
      vertex -11.5179 -9.45246 11.7
    endloop
  endfacet
  facet normal -0.22183 0.671503 0.707018
    outer loop
      vertex -4.32524 14.2584 11.7
      vertex -5.01966 14.029 11.7
      vertex -4.23816 13.9713 12
    endloop
  endfacet
  facet normal 0.681589 -0.188692 0.706988
    outer loop
      vertex 14.1625 -3.54751 12
      vertex 13.9713 -4.23816 12
      vertex 14.4535 -3.6204 11.7
    endloop
  endfacet
  facet normal -0.359895 0.932993 0
    outer loop
      vertex -5.01966 14.029 0.299999
      vertex -5.70198 13.7658 11.7
      vertex -5.01966 14.029 11.7
    endloop
  endfacet
  facet normal -0.359895 0.932993 0
    outer loop
      vertex -5.70198 13.7658 11.7
      vertex -5.01966 14.029 0.299999
      vertex -5.70198 13.7658 0.299999
    endloop
  endfacet
  facet normal -0.435054 0.557566 -0.706999
    outer loop
      vertex -9.26214 11.286 0
      vertex -9.45246 11.5179 0.299999
      vertex -8.69721 11.7268 0
    endloop
  endfacet
  facet normal 0.435056 -0.557517 -0.707037
    outer loop
      vertex 8.87592 -11.9678 0.299999
      vertex 8.69721 -11.7268 0
      vertex 9.45246 -11.5179 0.299999
    endloop
  endfacet
  facet normal -0.689529 0.724258 0
    outer loop
      vertex -10.0062 11.0402 0.299999
      vertex -10.5359 10.5359 11.7
      vertex -10.0062 11.0402 11.7
    endloop
  endfacet
  facet normal -0.689529 0.724258 0
    outer loop
      vertex -10.5359 10.5359 11.7
      vertex -10.0062 11.0402 0.299999
      vertex -10.5359 10.5359 0.299999
    endloop
  endfacet
  facet normal -0.0865591 -0.701957 -0.706939
    outer loop
      vertex -1.43105 -14.5297 0
      vertex -2.18628 -14.7387 0.299999
      vertex -2.14226 -14.442 0
    endloop
  endfacet
  facet normal -0.535494 -0.461959 -0.706994
    outer loop
      vertex -11.0402 -10.0062 0.299999
      vertex -11.5179 -9.45246 0.299999
      vertex -10.8179 -9.80476 0
    endloop
  endfacet
  facet normal -0.492825 0.870129 0
    outer loop
      vertex -7.02381 13.1406 0.299999
      vertex -7.66013 12.7802 11.7
      vertex -7.02381 13.1406 11.7
    endloop
  endfacet
  facet normal -0.492825 0.870129 0
    outer loop
      vertex -7.66013 12.7802 11.7
      vertex -7.02381 13.1406 0.299999
      vertex -7.66013 12.7802 0.299999
    endloop
  endfacet
  facet normal -0.578178 -0.407196 0.707037
    outer loop
      vertex -11.7268 -8.69721 12
      vertex -12.3889 -8.278 11.7
      vertex -11.9678 -8.87592 11.7
    endloop
  endfacet
  facet normal -0.0520225 0.705245 0.707052
    outer loop
      vertex -0.731108 14.8821 11.7
      vertex -1.46045 14.8283 11.7
      vertex -1.43105 14.5297 12
    endloop
  endfacet
  facet normal -0.487651 0.512212 0.70699
    outer loop
      vertex -10.0062 11.0402 11.7
      vertex -10.5359 10.5359 11.7
      vertex -9.80476 10.8179 12
    endloop
  endfacet
  facet normal 0.557567 0.435055 0.706998
    outer loop
      vertex 11.5179 9.45246 11.7
      vertex 11.286 9.26214 12
      vertex 11.7268 8.69721 12
    endloop
  endfacet
  facet normal -0.671474 0.221841 0.707043
    outer loop
      vertex -13.7465 4.91859 12
      vertex -14.029 5.01966 11.7
      vertex -13.9713 4.23816 12
    endloop
  endfacet
  facet normal -0.435055 0.557567 0.706998
    outer loop
      vertex -8.69721 11.7268 12
      vertex -9.45246 11.5179 11.7
      vertex -9.26214 11.286 12
    endloop
  endfacet
  facet normal -0.578178 0.407196 0.707037
    outer loop
      vertex -11.9678 8.87592 11.7
      vertex -12.3889 8.278 11.7
      vertex -11.7268 8.69721 12
    endloop
  endfacet
  facet normal -0.681588 -0.188691 -0.706989
    outer loop
      vertex -13.9713 -4.23816 0
      vertex -14.4535 -3.6204 0.299999
      vertex -14.1625 -3.54751 0
    endloop
  endfacet
  facet normal -0.254505 -0.65979 -0.707039
    outer loop
      vertex -4.91859 -13.7465 0
      vertex -5.70198 -13.7658 0.299999
      vertex -5.58718 -13.4886 0
    endloop
  endfacet
  facet normal -0.535493 -0.461952 0.706999
    outer loop
      vertex -11.286 -9.26214 12
      vertex -11.5179 -9.45246 11.7
      vertex -10.8179 -9.80476 12
    endloop
  endfacet
  facet normal -0.615344 0.34852 0.707026
    outer loop
      vertex -12.7802 7.66013 11.7
      vertex -13.1406 7.02381 11.7
      vertex -12.876 6.88239 12
    endloop
  endfacet
  facet normal 0.120904 -0.696863 -0.70694
    outer loop
      vertex 2.18628 -14.7387 0.299999
      vertex 2.14226 -14.442 0
      vertex 2.84832 -14.3195 0
    endloop
  endfacet
  facet normal -0.0173693 -0.706999 -0.707001
    outer loop
      vertex 0 -14.9 0.299999
      vertex -0.716388 -14.5824 0
      vertex 0 -14.6 0
    endloop
  endfacet
  facet normal 0.0173694 -0.707 0.707
    outer loop
      vertex 0 -14.6 12
      vertex 0 -14.9 11.7
      vertex 0.716388 -14.5824 12
    endloop
  endfacet
  facet normal -0.631683 0.317949 0.707026
    outer loop
      vertex -13.1406 7.02381 11.7
      vertex -13.4694 6.37057 11.7
      vertex -12.876 6.88239 12
    endloop
  endfacet
  facet normal -0.893232 0.449597 0
    outer loop
      vertex -13.4694 6.37057 0.299999
      vertex -13.1406 7.02381 11.7
      vertex -13.1406 7.02381 0.299999
    endloop
  endfacet
  facet normal -0.893232 0.449597 0
    outer loop
      vertex -13.1406 7.02381 11.7
      vertex -13.4694 6.37057 0.299999
      vertex -13.4694 6.37057 11.7
    endloop
  endfacet
  facet normal -0.84483 0.535035 0
    outer loop
      vertex -12.7802 7.66013 0.299999
      vertex -12.3889 8.278 11.7
      vertex -12.3889 8.278 0.299999
    endloop
  endfacet
  facet normal -0.84483 0.535035 0
    outer loop
      vertex -12.3889 8.278 11.7
      vertex -12.7802 7.66013 0.299999
      vertex -12.7802 7.66013 11.7
    endloop
  endfacet
  facet normal 0.407293 0.578204 -0.706961
    outer loop
      vertex 8.69721 11.7268 0
      vertex 8.11133 12.1395 0
      vertex 8.278 12.3889 0.299999
    endloop
  endfacet
  facet normal -0.705244 -0.0520224 -0.707053
    outer loop
      vertex -14.8283 -1.46045 0.299999
      vertex -14.8821 -0.731108 0.299999
      vertex -14.5297 -1.43105 0
    endloop
  endfacet
  facet normal -0.461951 -0.535492 -0.707
    outer loop
      vertex -9.45246 -11.5179 0.299999
      vertex -9.80476 -10.8179 0
      vertex -9.26214 -11.286 0
    endloop
  endfacet
  facet normal -0.78837 0.615201 0
    outer loop
      vertex -11.9678 8.87592 0.299999
      vertex -11.5179 9.45246 11.7
      vertex -11.5179 9.45246 0.299999
    endloop
  endfacet
  facet normal -0.78837 0.615201 0
    outer loop
      vertex -11.5179 9.45246 11.7
      vertex -11.9678 8.87592 0.299999
      vertex -11.9678 8.87592 11.7
    endloop
  endfacet
  facet normal -0.707 -0.0173694 0.707
    outer loop
      vertex -14.6 0 12
      vertex -14.9 0 11.7
      vertex -14.5824 -0.716388 12
    endloop
  endfacet
  facet normal -0.690043 -0.154946 0.706988
    outer loop
      vertex -14.3195 -2.84832 12
      vertex -14.4535 -3.6204 11.7
      vertex -14.1625 -3.54751 12
    endloop
  endfacet
  facet normal -0.449597 -0.893232 0
    outer loop
      vertex -7.02381 -13.1406 0.299999
      vertex -6.37057 -13.4694 11.7
      vertex -7.02381 -13.1406 11.7
    endloop
  endfacet
  facet normal -0.449597 -0.893232 -0
    outer loop
      vertex -6.37057 -13.4694 11.7
      vertex -7.02381 -13.1406 0.299999
      vertex -6.37057 -13.4694 0.299999
    endloop
  endfacet
  facet normal -0.317949 -0.631683 0.707026
    outer loop
      vertex -6.88239 -12.876 12
      vertex -7.02381 -13.1406 11.7
      vertex -6.37057 -13.4694 11.7
    endloop
  endfacet
  facet normal -0.407293 -0.578204 -0.706961
    outer loop
      vertex -8.278 -12.3889 0.299999
      vertex -8.69721 -11.7268 0
      vertex -8.11133 -12.1395 0
    endloop
  endfacet
  facet normal -0.37834 -0.597406 -0.707082
    outer loop
      vertex -7.66013 -12.7802 0.299999
      vertex -8.278 -12.3889 0.299999
      vertex -7.5059 -12.5228 0
    endloop
  endfacet
  facet normal -0.435054 -0.557566 -0.706999
    outer loop
      vertex -8.69721 -11.7268 0
      vertex -9.45246 -11.5179 0.299999
      vertex -9.26214 -11.286 0
    endloop
  endfacet
  facet normal -0.435056 -0.557517 -0.707037
    outer loop
      vertex -8.87592 -11.9678 0.299999
      vertex -9.45246 -11.5179 0.299999
      vertex -8.69721 -11.7268 0
    endloop
  endfacet
  facet normal 0.120885 0.696847 0.706959
    outer loop
      vertex 2.90685 14.6137 11.7
      vertex 2.18628 14.7387 11.7
      vertex 2.84832 14.3195 12
    endloop
  endfacet
  facet normal 0.221841 -0.671474 0.707043
    outer loop
      vertex 4.91859 -13.7465 12
      vertex 4.23816 -13.9713 12
      vertex 5.01966 -14.029 11.7
    endloop
  endfacet
  facet normal 0.575806 0.817587 -0
    outer loop
      vertex 8.87592 11.9678 0.299999
      vertex 8.278 12.3889 11.7
      vertex 8.87592 11.9678 11.7
    endloop
  endfacet
  facet normal 0.575806 0.817587 0
    outer loop
      vertex 8.278 12.3889 11.7
      vertex 8.87592 11.9678 0.299999
      vertex 8.278 12.3889 0.299999
    endloop
  endfacet
  facet normal -0.154946 0.690042 -0.70699
    outer loop
      vertex -3.54751 14.1625 0
      vertex -3.6204 14.4535 0.299999
      vertex -2.84832 14.3195 0
    endloop
  endfacet
  facet normal -0.94953 -0.313675 0
    outer loop
      vertex -14.029 -5.01966 0.299999
      vertex -14.2584 -4.32524 11.7
      vertex -14.2584 -4.32524 0.299999
    endloop
  endfacet
  facet normal -0.94953 -0.313675 0
    outer loop
      vertex -14.2584 -4.32524 11.7
      vertex -14.029 -5.01966 0.299999
      vertex -14.029 -5.01966 11.7
    endloop
  endfacet
  facet normal 0.659786 0.254508 0.707042
    outer loop
      vertex 13.7658 5.70198 11.7
      vertex 13.7465 4.91859 12
      vertex 14.029 5.01966 11.7
    endloop
  endfacet
  facet normal -0.701834 0.0866379 -0.707052
    outer loop
      vertex -14.5297 1.43105 0
      vertex -14.8283 1.46045 0.299999
      vertex -14.7387 2.18628 0.299999
    endloop
  endfacet
  facet normal -0.99729 -0.0735652 0
    outer loop
      vertex -14.8283 -1.46045 0.299999
      vertex -14.8821 -0.731108 11.7
      vertex -14.8821 -0.731108 0.299999
    endloop
  endfacet
  facet normal -0.99729 -0.0735652 0
    outer loop
      vertex -14.8821 -0.731108 11.7
      vertex -14.8283 -1.46045 0.299999
      vertex -14.8283 -1.46045 11.7
    endloop
  endfacet
  facet normal -0.985285 -0.170921 0
    outer loop
      vertex -14.6137 -2.90685 0.299999
      vertex -14.7387 -2.18628 11.7
      vertex -14.7387 -2.18628 0.299999
    endloop
  endfacet
  facet normal -0.985285 -0.170921 0
    outer loop
      vertex -14.7387 -2.18628 11.7
      vertex -14.6137 -2.90685 0.299999
      vertex -14.6137 -2.90685 11.7
    endloop
  endfacet
  facet normal 0.405281 0.914192 -0
    outer loop
      vertex 6.37057 13.4694 0.299999
      vertex 5.70198 13.7658 11.7
      vertex 6.37057 13.4694 11.7
    endloop
  endfacet
  facet normal 0.405281 0.914192 0
    outer loop
      vertex 5.70198 13.7658 11.7
      vertex 6.37057 13.4694 0.299999
      vertex 5.70198 13.7658 0.299999
    endloop
  endfacet
  facet normal -0.221841 0.671473 -0.707044
    outer loop
      vertex -4.91859 13.7465 0
      vertex -5.01966 14.029 0.299999
      vertex -4.23816 13.9713 0
    endloop
  endfacet
  facet normal -0.61527 0.348532 -0.707084
    outer loop
      vertex -12.5228 7.5059 0
      vertex -12.876 6.88239 0
      vertex -12.7802 7.66013 0.299999
    endloop
  endfacet
  facet normal -0.724258 -0.689529 0
    outer loop
      vertex -10.5359 -10.5359 0.299999
      vertex -11.0402 -10.0062 11.7
      vertex -11.0402 -10.0062 0.299999
    endloop
  endfacet
  facet normal -0.724258 -0.689529 0
    outer loop
      vertex -11.0402 -10.0062 11.7
      vertex -10.5359 -10.5359 0.299999
      vertex -10.5359 -10.5359 11.7
    endloop
  endfacet
  facet normal 0.701834 0.0866379 -0.707052
    outer loop
      vertex 14.8283 1.46045 0.299999
      vertex 14.5297 1.43105 0
      vertex 14.7387 2.18628 0.299999
    endloop
  endfacet
  facet normal 0.705244 0.0520224 -0.707053
    outer loop
      vertex 14.8821 0.731108 0.299999
      vertex 14.5297 1.43105 0
      vertex 14.8283 1.46045 0.299999
    endloop
  endfacet
  facet normal 0.535492 -0.461951 -0.707
    outer loop
      vertex 11.5179 -9.45246 0.299999
      vertex 10.8179 -9.80476 0
      vertex 11.286 -9.26214 0
    endloop
  endfacet
  facet normal 0.286605 0.646495 -0.707038
    outer loop
      vertex 6.37057 13.4694 0.299999
      vertex 5.58718 13.4886 0
      vertex 5.70198 13.7658 0.299999
    endloop
  endfacet
  facet normal 0.690042 0.154946 -0.70699
    outer loop
      vertex 14.3195 2.84832 0
      vertex 14.1625 3.54751 0
      vertex 14.4535 3.6204 0.299999
    endloop
  endfacet
  facet normal 0 0 -1
    outer loop
      vertex 1.99037 0.196033 0
      vertex 3.26297 1.22229 0
      vertex 1.99759 0.098135 0
    endloop
  endfacet
  facet normal 0 0 -1
    outer loop
      vertex 1.97835 0.293461 0
      vertex 3.26297 1.22229 0
      vertex 1.99037 0.196033 0
    endloop
  endfacet
  facet normal 0 0 -1
    outer loop
      vertex 1.96157 0.390181 0
      vertex 3.26297 1.22229 0
      vertex 1.97835 0.293461 0
    endloop
  endfacet
  facet normal 0 0 -1
    outer loop
      vertex 1.94006 0.48596 0
      vertex 3.26297 1.22229 0
      vertex 1.96157 0.390181 0
    endloop
  endfacet
  facet normal 0 0 -1
    outer loop
      vertex 1.91388 0.580569 0
      vertex 3.26297 1.22229 0
      vertex 1.94006 0.48596 0
    endloop
  endfacet
  facet normal 0 0 -1
    outer loop
      vertex 1.88309 0.673779 0
      vertex 3.26297 1.22229 0
      vertex 1.91388 0.580569 0
    endloop
  endfacet
  facet normal 0 0 -1
    outer loop
      vertex 1.84776 0.765367 0
      vertex 3.26297 1.22229 0
      vertex 1.88309 0.673779 0
    endloop
  endfacet
  facet normal 0 0 -1
    outer loop
      vertex 1.80798 0.85511 0
      vertex 3.26297 1.22229 0
      vertex 1.84776 0.765367 0
    endloop
  endfacet
  facet normal 0 0 -1
    outer loop
      vertex 1.76384 0.942793 0
      vertex 3.26297 1.22229 0
      vertex 1.80798 0.85511 0
    endloop
  endfacet
  facet normal 0 0 -1
    outer loop
      vertex 1.71546 1.0282 0
      vertex 3.26297 1.22229 0
      vertex 1.76384 0.942793 0
    endloop
  endfacet
  facet normal 0 0 -1
    outer loop
      vertex 1.66294 1.11114 0
      vertex 3.26297 1.22229 0
      vertex 1.71546 1.0282 0
    endloop
  endfacet
  facet normal 0 0 -1
    outer loop
      vertex 1.60641 1.1914 0
      vertex 3.26297 1.22229 0
      vertex 1.66294 1.11114 0
    endloop
  endfacet
  facet normal 0 0 -1
    outer loop
      vertex 1.54602 1.26879 0
      vertex 3.26297 1.22229 0
      vertex 1.60641 1.1914 0
    endloop
  endfacet
  facet normal 0 0 -1
    outer loop
      vertex 1.4819 1.34312 0
      vertex 3.26297 1.22229 0
      vertex 1.54602 1.26879 0
    endloop
  endfacet
  facet normal 0 0 -1
    outer loop
      vertex 1.41421 1.41421 0
      vertex 3.26297 1.22229 0
      vertex 1.4819 1.34312 0
    endloop
  endfacet
  facet normal 0 0 -1
    outer loop
      vertex 1.34312 1.4819 0
      vertex 3.26297 1.22229 0
      vertex 1.41421 1.41421 0
    endloop
  endfacet
  facet normal 0 0 -1
    outer loop
      vertex 1.26879 1.54602 0
      vertex 3.26297 1.22229 0
      vertex 1.34312 1.4819 0
    endloop
  endfacet
  facet normal 0 0 -1
    outer loop
      vertex 1.1914 1.60641 0
      vertex 3.26297 1.22229 0
      vertex 1.26879 1.54602 0
    endloop
  endfacet
  facet normal 0 0 -1
    outer loop
      vertex 1.11114 1.66294 0
      vertex 3.26297 1.22229 0
      vertex 1.1914 1.60641 0
    endloop
  endfacet
  facet normal 0 0 -1
    outer loop
      vertex 1.0282 1.71546 0
      vertex 3.26297 1.22229 0
      vertex 1.11114 1.66294 0
    endloop
  endfacet
  facet normal 0 0 -1
    outer loop
      vertex 0.942793 1.76384 0
      vertex 3.26297 1.22229 0
      vertex 1.0282 1.71546 0
    endloop
  endfacet
  facet normal 0 0 -1
    outer loop
      vertex 0.85511 1.80798 0
      vertex 3.26297 1.22229 0
      vertex 0.942793 1.76384 0
    endloop
  endfacet
  facet normal 0 0 -1
    outer loop
      vertex 3.26297 1.22229 0
      vertex 0.85511 1.80798 0
      vertex 2.14226 14.442 0
    endloop
  endfacet
  facet normal 0 0 -1
    outer loop
      vertex 0.765367 1.84776 0
      vertex 2.14226 14.442 0
      vertex 0.85511 1.80798 0
    endloop
  endfacet
  facet normal 0 0 -1
    outer loop
      vertex 0.673779 1.88309 0
      vertex 2.14226 14.442 0
      vertex 0.765367 1.84776 0
    endloop
  endfacet
  facet normal 0 0 -1
    outer loop
      vertex 0.580569 1.91388 0
      vertex 2.14226 14.442 0
      vertex 0.673779 1.88309 0
    endloop
  endfacet
  facet normal 0 0 -1
    outer loop
      vertex 0.48596 1.94006 0
      vertex 2.14226 14.442 0
      vertex 0.580569 1.91388 0
    endloop
  endfacet
  facet normal 0 0 -1
    outer loop
      vertex 0.390181 1.96157 0
      vertex 2.14226 14.442 0
      vertex 0.48596 1.94006 0
    endloop
  endfacet
  facet normal 0 0 -1
    outer loop
      vertex 0.293461 1.97835 0
      vertex 2.14226 14.442 0
      vertex 0.390181 1.96157 0
    endloop
  endfacet
  facet normal -0 0 -1
    outer loop
      vertex 2.14226 14.442 0
      vertex 0.293461 1.97835 0
      vertex 1.43105 14.5297 0
    endloop
  endfacet
  facet normal 0 0 -1
    outer loop
      vertex 0.196033 1.99037 0
      vertex 1.43105 14.5297 0
      vertex 0.293461 1.97835 0
    endloop
  endfacet
  facet normal -0 0 -1
    outer loop
      vertex 1.43105 14.5297 0
      vertex 0.196033 1.99037 0
      vertex 0.716388 14.5824 0
    endloop
  endfacet
  facet normal 0 0 -1
    outer loop
      vertex 0.098135 1.99759 0
      vertex 0.716388 14.5824 0
      vertex 0.196033 1.99037 0
    endloop
  endfacet
  facet normal 0 0 -1
    outer loop
      vertex 0 2 0
      vertex 0.716388 14.5824 0
      vertex 0.098135 1.99759 0
    endloop
  endfacet
  facet normal 0 0 -1
    outer loop
      vertex 0 2 0
      vertex 0 14.6 0
      vertex 0.716388 14.5824 0
    endloop
  endfacet
  facet normal 0 0 -1
    outer loop
      vertex -0.098135 1.99759 0
      vertex 0 14.6 0
      vertex 0 2 0
    endloop
  endfacet
  facet normal 0 0 -1
    outer loop
      vertex -0.716388 14.5824 0
      vertex -0.098135 1.99759 0
      vertex -0.196033 1.99037 0
    endloop
  endfacet
  facet normal 0 0 -1
    outer loop
      vertex -1.43105 14.5297 0
      vertex -0.196033 1.99037 0
      vertex -0.293461 1.97835 0
    endloop
  endfacet
  facet normal 0 0 -1
    outer loop
      vertex -2.14226 14.442 0
      vertex -0.293461 1.97835 0
      vertex -0.390181 1.96157 0
    endloop
  endfacet
  facet normal 0 0 -1
    outer loop
      vertex -2.84832 14.3195 0
      vertex -0.390181 1.96157 0
      vertex -0.48596 1.94006 0
    endloop
  endfacet
  facet normal 0 0 -1
    outer loop
      vertex -3.54751 14.1625 0
      vertex -0.48596 1.94006 0
      vertex -0.580569 1.91388 0
    endloop
  endfacet
  facet normal 0 0 -1
    outer loop
      vertex -4.23816 13.9713 0
      vertex -0.580569 1.91388 0
      vertex -0.673779 1.88309 0
    endloop
  endfacet
  facet normal 0 0 -1
    outer loop
      vertex -0.098135 1.99759 0
      vertex -0.716388 14.5824 0
      vertex 0 14.6 0
    endloop
  endfacet
  facet normal 0 0 -1
    outer loop
      vertex -4.91859 13.7465 0
      vertex -0.673779 1.88309 0
      vertex -0.765367 1.84776 0
    endloop
  endfacet
  facet normal 0 0 -1
    outer loop
      vertex -5.58718 13.4886 0
      vertex -0.765367 1.84776 0
      vertex -0.85511 1.80798 0
    endloop
  endfacet
  facet normal 0 0 -1
    outer loop
      vertex -6.2423 13.1982 0
      vertex -0.85511 1.80798 0
      vertex -0.942793 1.76384 0
    endloop
  endfacet
  facet normal 0 0 -1
    outer loop
      vertex -6.88239 12.876 0
      vertex -0.942793 1.76384 0
      vertex -1.0282 1.71546 0
    endloop
  endfacet
  facet normal 0 0 -1
    outer loop
      vertex -7.5059 12.5228 0
      vertex -1.0282 1.71546 0
      vertex -1.11114 1.66294 0
    endloop
  endfacet
  facet normal 0 0 -1
    outer loop
      vertex -8.11133 12.1395 0
      vertex -1.11114 1.66294 0
      vertex -1.1914 1.60641 0
    endloop
  endfacet
  facet normal 0 0 -1
    outer loop
      vertex -8.69721 11.7268 0
      vertex -1.1914 1.60641 0
      vertex -1.26879 1.54602 0
    endloop
  endfacet
  facet normal 0 0 -1
    outer loop
      vertex -9.26214 11.286 0
      vertex -1.26879 1.54602 0
      vertex -1.34312 1.4819 0
    endloop
  endfacet
  facet normal 0 0 -1
    outer loop
      vertex -9.80476 10.8179 0
      vertex -1.34312 1.4819 0
      vertex -1.41421 1.41421 0
    endloop
  endfacet
  facet normal 0 0 -1
    outer loop
      vertex -0.196033 1.99037 0
      vertex -1.43105 14.5297 0
      vertex -0.716388 14.5824 0
    endloop
  endfacet
  facet normal 0 0 -1
    outer loop
      vertex -10.3238 10.3238 0
      vertex -1.41421 1.41421 0
      vertex -1.4819 1.34312 0
    endloop
  endfacet
  facet normal 0 0 -1
    outer loop
      vertex -10.8179 9.80476 0
      vertex -1.4819 1.34312 0
      vertex -1.54602 1.26879 0
    endloop
  endfacet
  facet normal 0 0 -1
    outer loop
      vertex -11.286 9.26214 0
      vertex -1.54602 1.26879 0
      vertex -1.60641 1.1914 0
    endloop
  endfacet
  facet normal 0 0 -1
    outer loop
      vertex -11.7268 8.69721 0
      vertex -1.60641 1.1914 0
      vertex -1.66294 1.11114 0
    endloop
  endfacet
  facet normal 0 0 -1
    outer loop
      vertex -12.1395 8.11133 0
      vertex -1.66294 1.11114 0
      vertex -1.71546 1.0282 0
    endloop
  endfacet
  facet normal 0 0 -1
    outer loop
      vertex -12.5228 7.5059 0
      vertex -1.71546 1.0282 0
      vertex -1.76384 0.942793 0
    endloop
  endfacet
  facet normal 0 0 -1
    outer loop
      vertex -12.876 6.88239 0
      vertex -1.76384 0.942793 0
      vertex -1.80798 0.85511 0
    endloop
  endfacet
  facet normal 0 0 -1
    outer loop
      vertex -13.1982 6.2423 0
      vertex -1.80798 0.85511 0
      vertex -1.84776 0.765367 0
    endloop
  endfacet
  facet normal 0 0 -1
    outer loop
      vertex -13.4886 5.58718 0
      vertex -1.84776 0.765367 0
      vertex -1.88309 0.673779 0
    endloop
  endfacet
  facet normal 0 0 -1
    outer loop
      vertex -13.7465 4.91859 0
      vertex -1.88309 0.673779 0
      vertex -1.91388 0.580569 0
    endloop
  endfacet
  facet normal 0 0 -1
    outer loop
      vertex -13.9713 4.23816 0
      vertex -1.91388 0.580569 0
      vertex -1.94006 0.48596 0
    endloop
  endfacet
  facet normal 0 0 -1
    outer loop
      vertex -14.1625 3.54751 0
      vertex -1.94006 0.48596 0
      vertex -1.96157 0.390181 0
    endloop
  endfacet
  facet normal 0 0 -1
    outer loop
      vertex -14.3195 2.84832 0
      vertex -1.96157 0.390181 0
      vertex -1.97835 0.293461 0
    endloop
  endfacet
  facet normal 0 0 -1
    outer loop
      vertex -14.442 2.14226 0
      vertex -1.97835 0.293461 0
      vertex -1.99037 0.196033 0
    endloop
  endfacet
  facet normal 0 0 -1
    outer loop
      vertex -14.5297 1.43105 0
      vertex -1.99037 0.196033 0
      vertex -1.99759 0.098135 0
    endloop
  endfacet
  facet normal 0 0 -1
    outer loop
      vertex -0.293461 1.97835 0
      vertex -2.14226 14.442 0
      vertex -1.43105 14.5297 0
    endloop
  endfacet
  facet normal 0 0 -1
    outer loop
      vertex -14.5824 0.716388 0
      vertex -1.99759 0.098135 0
      vertex -2 0 0
    endloop
  endfacet
  facet normal 0 0 -1
    outer loop
      vertex -11.286 -9.26214 0
      vertex -1.54602 -1.26879 0
      vertex -10.8179 -9.80476 0
    endloop
  endfacet
  facet normal -0 0 -1
    outer loop
      vertex -1.54602 -1.26879 0
      vertex -11.286 -9.26214 0
      vertex -1.60641 -1.1914 0
    endloop
  endfacet
  facet normal 0 0 -1
    outer loop
      vertex -0.390181 1.96157 0
      vertex -2.84832 14.3195 0
      vertex -2.14226 14.442 0
    endloop
  endfacet
  facet normal 0 0 -1
    outer loop
      vertex -11.7268 -8.69721 0
      vertex -1.60641 -1.1914 0
      vertex -11.286 -9.26214 0
    endloop
  endfacet
  facet normal 0 0 -1
    outer loop
      vertex -0.48596 1.94006 0
      vertex -3.54751 14.1625 0
      vertex -2.84832 14.3195 0
    endloop
  endfacet
  facet normal -0 0 -1
    outer loop
      vertex -1.60641 -1.1914 0
      vertex -11.7268 -8.69721 0
      vertex -1.66294 -1.11114 0
    endloop
  endfacet
  facet normal 0 0 -1
    outer loop
      vertex -0.580569 1.91388 0
      vertex -4.23816 13.9713 0
      vertex -3.54751 14.1625 0
    endloop
  endfacet
  facet normal 0 0 -1
    outer loop
      vertex -12.1395 -8.11133 0
      vertex -1.66294 -1.11114 0
      vertex -11.7268 -8.69721 0
    endloop
  endfacet
  facet normal 0 0 -1
    outer loop
      vertex -0.673779 1.88309 0
      vertex -4.91859 13.7465 0
      vertex -4.23816 13.9713 0
    endloop
  endfacet
  facet normal -0 0 -1
    outer loop
      vertex -1.66294 -1.11114 0
      vertex -12.1395 -8.11133 0
      vertex -1.71546 -1.0282 0
    endloop
  endfacet
  facet normal 0 0 -1
    outer loop
      vertex -0.765367 1.84776 0
      vertex -5.58718 13.4886 0
      vertex -4.91859 13.7465 0
    endloop
  endfacet
  facet normal 0 0 -1
    outer loop
      vertex -12.5228 -7.5059 0
      vertex -1.71546 -1.0282 0
      vertex -12.1395 -8.11133 0
    endloop
  endfacet
  facet normal 0 0 -1
    outer loop
      vertex -0.85511 1.80798 0
      vertex -6.2423 13.1982 0
      vertex -5.58718 13.4886 0
    endloop
  endfacet
  facet normal -0 0 -1
    outer loop
      vertex -1.71546 -1.0282 0
      vertex -12.5228 -7.5059 0
      vertex -1.76384 -0.942793 0
    endloop
  endfacet
  facet normal 0 0 -1
    outer loop
      vertex -0.942793 1.76384 0
      vertex -6.88239 12.876 0
      vertex -6.2423 13.1982 0
    endloop
  endfacet
  facet normal 0 0 -1
    outer loop
      vertex -12.876 -6.88239 0
      vertex -1.76384 -0.942793 0
      vertex -12.5228 -7.5059 0
    endloop
  endfacet
  facet normal 0 0 -1
    outer loop
      vertex -1.0282 1.71546 0
      vertex -7.5059 12.5228 0
      vertex -6.88239 12.876 0
    endloop
  endfacet
  facet normal -0 0 -1
    outer loop
      vertex -1.76384 -0.942793 0
      vertex -12.876 -6.88239 0
      vertex -1.80798 -0.85511 0
    endloop
  endfacet
  facet normal 0 0 -1
    outer loop
      vertex -1.11114 1.66294 0
      vertex -8.11133 12.1395 0
      vertex -7.5059 12.5228 0
    endloop
  endfacet
  facet normal 0 0 -1
    outer loop
      vertex -13.1982 -6.2423 0
      vertex -1.80798 -0.85511 0
      vertex -12.876 -6.88239 0
    endloop
  endfacet
  facet normal 0 0 -1
    outer loop
      vertex -1.1914 1.60641 0
      vertex -8.69721 11.7268 0
      vertex -8.11133 12.1395 0
    endloop
  endfacet
  facet normal -0 0 -1
    outer loop
      vertex -1.80798 -0.85511 0
      vertex -13.1982 -6.2423 0
      vertex -1.84776 -0.765367 0
    endloop
  endfacet
  facet normal 0 0 -1
    outer loop
      vertex -1.26879 1.54602 0
      vertex -9.26214 11.286 0
      vertex -8.69721 11.7268 0
    endloop
  endfacet
  facet normal 0 0 -1
    outer loop
      vertex -13.4886 -5.58718 0
      vertex -1.84776 -0.765367 0
      vertex -13.1982 -6.2423 0
    endloop
  endfacet
  facet normal 0 0 -1
    outer loop
      vertex -1.34312 1.4819 0
      vertex -9.80476 10.8179 0
      vertex -9.26214 11.286 0
    endloop
  endfacet
  facet normal -0 0 -1
    outer loop
      vertex -1.84776 -0.765367 0
      vertex -13.4886 -5.58718 0
      vertex -1.88309 -0.673779 0
    endloop
  endfacet
  facet normal 0 0 -1
    outer loop
      vertex -1.41421 1.41421 0
      vertex -10.3238 10.3238 0
      vertex -9.80476 10.8179 0
    endloop
  endfacet
  facet normal 0 0 -1
    outer loop
      vertex -13.7465 -4.91859 0
      vertex -1.88309 -0.673779 0
      vertex -13.4886 -5.58718 0
    endloop
  endfacet
  facet normal 0 0 -1
    outer loop
      vertex -1.4819 1.34312 0
      vertex -10.8179 9.80476 0
      vertex -10.3238 10.3238 0
    endloop
  endfacet
  facet normal -0 0 -1
    outer loop
      vertex -1.88309 -0.673779 0
      vertex -13.7465 -4.91859 0
      vertex -1.91388 -0.580569 0
    endloop
  endfacet
  facet normal 0 0 -1
    outer loop
      vertex -1.54602 1.26879 0
      vertex -11.286 9.26214 0
      vertex -10.8179 9.80476 0
    endloop
  endfacet
  facet normal 0 0 -1
    outer loop
      vertex -13.9713 -4.23816 0
      vertex -1.91388 -0.580569 0
      vertex -13.7465 -4.91859 0
    endloop
  endfacet
  facet normal 0 0 -1
    outer loop
      vertex -1.60641 1.1914 0
      vertex -11.7268 8.69721 0
      vertex -11.286 9.26214 0
    endloop
  endfacet
  facet normal -0 0 -1
    outer loop
      vertex -1.91388 -0.580569 0
      vertex -13.9713 -4.23816 0
      vertex -1.94006 -0.48596 0
    endloop
  endfacet
  facet normal 0 0 -1
    outer loop
      vertex -1.66294 1.11114 0
      vertex -12.1395 8.11133 0
      vertex -11.7268 8.69721 0
    endloop
  endfacet
  facet normal 0 0 -1
    outer loop
      vertex -14.1625 -3.54751 0
      vertex -1.94006 -0.48596 0
      vertex -13.9713 -4.23816 0
    endloop
  endfacet
  facet normal 0 0 -1
    outer loop
      vertex -1.71546 1.0282 0
      vertex -12.5228 7.5059 0
      vertex -12.1395 8.11133 0
    endloop
  endfacet
  facet normal -0 0 -1
    outer loop
      vertex -1.94006 -0.48596 0
      vertex -14.1625 -3.54751 0
      vertex -1.96157 -0.390181 0
    endloop
  endfacet
  facet normal 0 0 -1
    outer loop
      vertex -1.76384 0.942793 0
      vertex -12.876 6.88239 0
      vertex -12.5228 7.5059 0
    endloop
  endfacet
  facet normal 0 0 -1
    outer loop
      vertex -14.3195 -2.84832 0
      vertex -1.96157 -0.390181 0
      vertex -14.1625 -3.54751 0
    endloop
  endfacet
  facet normal 0 0 -1
    outer loop
      vertex -1.80798 0.85511 0
      vertex -13.1982 6.2423 0
      vertex -12.876 6.88239 0
    endloop
  endfacet
  facet normal -0 0 -1
    outer loop
      vertex -1.96157 -0.390181 0
      vertex -14.3195 -2.84832 0
      vertex -1.97835 -0.293461 0
    endloop
  endfacet
  facet normal 0 0 -1
    outer loop
      vertex -1.84776 0.765367 0
      vertex -13.4886 5.58718 0
      vertex -13.1982 6.2423 0
    endloop
  endfacet
  facet normal 0 0 -1
    outer loop
      vertex -14.442 -2.14226 0
      vertex -1.97835 -0.293461 0
      vertex -14.3195 -2.84832 0
    endloop
  endfacet
  facet normal 0 0 -1
    outer loop
      vertex -1.88309 0.673779 0
      vertex -13.7465 4.91859 0
      vertex -13.4886 5.58718 0
    endloop
  endfacet
  facet normal -0 0 -1
    outer loop
      vertex -1.97835 -0.293461 0
      vertex -14.442 -2.14226 0
      vertex -1.99037 -0.196033 0
    endloop
  endfacet
  facet normal 0 0 -1
    outer loop
      vertex -1.91388 0.580569 0
      vertex -13.9713 4.23816 0
      vertex -13.7465 4.91859 0
    endloop
  endfacet
  facet normal 0 0 -1
    outer loop
      vertex -14.5297 -1.43105 0
      vertex -1.99037 -0.196033 0
      vertex -14.442 -2.14226 0
    endloop
  endfacet
  facet normal 0 0 -1
    outer loop
      vertex -1.94006 0.48596 0
      vertex -14.1625 3.54751 0
      vertex -13.9713 4.23816 0
    endloop
  endfacet
  facet normal -0 0 -1
    outer loop
      vertex -1.99037 -0.196033 0
      vertex -14.5297 -1.43105 0
      vertex -1.99759 -0.098135 0
    endloop
  endfacet
  facet normal 0 0 -1
    outer loop
      vertex -1.96157 0.390181 0
      vertex -14.3195 2.84832 0
      vertex -14.1625 3.54751 0
    endloop
  endfacet
  facet normal 0 0 -1
    outer loop
      vertex -14.5824 -0.716388 0
      vertex -1.99759 -0.098135 0
      vertex -14.5297 -1.43105 0
    endloop
  endfacet
  facet normal 0 0 -1
    outer loop
      vertex -1.97835 0.293461 0
      vertex -14.442 2.14226 0
      vertex -14.3195 2.84832 0
    endloop
  endfacet
  facet normal -0 0 -1
    outer loop
      vertex -1.99759 -0.098135 0
      vertex -14.5824 -0.716388 0
      vertex -2 0 0
    endloop
  endfacet
  facet normal 0 0 -1
    outer loop
      vertex -1.99037 0.196033 0
      vertex -14.5297 1.43105 0
      vertex -14.442 2.14226 0
    endloop
  endfacet
  facet normal 0 0 -1
    outer loop
      vertex -14.6 0 0
      vertex -2 0 0
      vertex -14.5824 -0.716388 0
    endloop
  endfacet
  facet normal 0 0 -1
    outer loop
      vertex -1.99759 0.098135 0
      vertex -14.5824 0.716388 0
      vertex -14.5297 1.43105 0
    endloop
  endfacet
  facet normal 0 0 -1
    outer loop
      vertex -2 0 0
      vertex -14.6 0 0
      vertex -14.5824 0.716388 0
    endloop
  endfacet
  facet normal 0 0 -1
    outer loop
      vertex 1.99759 0.098135 0
      vertex 3.26297 -0.907028 0
      vertex 2 0 0
    endloop
  endfacet
  facet normal 0 0 -1
    outer loop
      vertex 2 0 0
      vertex 3.26297 -0.907028 0
      vertex 2.68149 -0.907028 0
    endloop
  endfacet
  facet normal 0 -0 -1
    outer loop
      vertex 1.1914 -1.60641 0
      vertex 2.68149 -1.1664 0
      vertex 1.11114 -1.66294 0
    endloop
  endfacet
  facet normal 0 0 -1
    outer loop
      vertex 3.26297 -0.907028 0
      vertex 1.99759 0.098135 0
      vertex 3.26297 1.22229 0
    endloop
  endfacet
  facet normal 0 0 -1
    outer loop
      vertex 3.26297 1.22229 0
      vertex 2.14226 14.442 0
      vertex 2.84832 14.3195 0
    endloop
  endfacet
  facet normal 0 0 -1
    outer loop
      vertex 2.68149 -0.907028 0
      vertex 1.99759 -0.098135 0
      vertex 2 0 0
    endloop
  endfacet
  facet normal 0 0 -1
    outer loop
      vertex 2.68149 -0.907028 0
      vertex 1.99037 -0.196033 0
      vertex 1.99759 -0.098135 0
    endloop
  endfacet
  facet normal 0 0 -1
    outer loop
      vertex 2.68149 -0.907028 0
      vertex 1.97835 -0.293461 0
      vertex 1.99037 -0.196033 0
    endloop
  endfacet
  facet normal 0 0 -1
    outer loop
      vertex 2.68149 -0.907028 0
      vertex 1.96157 -0.390181 0
      vertex 1.97835 -0.293461 0
    endloop
  endfacet
  facet normal 0 0 -1
    outer loop
      vertex 2.68149 -0.907028 0
      vertex 1.94006 -0.48596 0
      vertex 1.96157 -0.390181 0
    endloop
  endfacet
  facet normal 0 0 -1
    outer loop
      vertex 2.68149 -0.907028 0
      vertex 1.91388 -0.580569 0
      vertex 1.94006 -0.48596 0
    endloop
  endfacet
  facet normal 0 0 -1
    outer loop
      vertex 2.68149 -0.907028 0
      vertex 1.88309 -0.673779 0
      vertex 1.91388 -0.580569 0
    endloop
  endfacet
  facet normal 0 0 -1
    outer loop
      vertex 2.68149 -0.907028 0
      vertex 1.84776 -0.765367 0
      vertex 1.88309 -0.673779 0
    endloop
  endfacet
  facet normal 0 0 -1
    outer loop
      vertex 2.68149 -0.907028 0
      vertex 1.80798 -0.85511 0
      vertex 1.84776 -0.765367 0
    endloop
  endfacet
  facet normal 0 0 -1
    outer loop
      vertex 2.68149 -1.1664 0
      vertex 1.80798 -0.85511 0
      vertex 2.68149 -0.907028 0
    endloop
  endfacet
  facet normal 0 -0 -1
    outer loop
      vertex 1.80798 -0.85511 0
      vertex 2.68149 -1.1664 0
      vertex 1.76384 -0.942793 0
    endloop
  endfacet
  facet normal 0 -0 -1
    outer loop
      vertex 1.76384 -0.942793 0
      vertex 2.68149 -1.1664 0
      vertex 1.71546 -1.0282 0
    endloop
  endfacet
  facet normal 0 -0 -1
    outer loop
      vertex 1.71546 -1.0282 0
      vertex 2.68149 -1.1664 0
      vertex 1.66294 -1.11114 0
    endloop
  endfacet
  facet normal 0 -0 -1
    outer loop
      vertex 1.66294 -1.11114 0
      vertex 2.68149 -1.1664 0
      vertex 1.60641 -1.1914 0
    endloop
  endfacet
  facet normal 0 -0 -1
    outer loop
      vertex 1.60641 -1.1914 0
      vertex 2.68149 -1.1664 0
      vertex 1.54602 -1.26879 0
    endloop
  endfacet
  facet normal 0 0 -1
    outer loop
      vertex 0.293461 -1.97835 0
      vertex 2.14226 -14.442 0
      vertex 1.43105 -14.5297 0
    endloop
  endfacet
  facet normal 0 -0 -1
    outer loop
      vertex 1.54602 -1.26879 0
      vertex 2.68149 -1.1664 0
      vertex 1.4819 -1.34312 0
    endloop
  endfacet
  facet normal 0 -0 -1
    outer loop
      vertex 1.4819 -1.34312 0
      vertex 2.68149 -1.1664 0
      vertex 1.41421 -1.41421 0
    endloop
  endfacet
  facet normal 0 -0 -1
    outer loop
      vertex 1.41421 -1.41421 0
      vertex 2.68149 -1.1664 0
      vertex 1.34312 -1.4819 0
    endloop
  endfacet
  facet normal 0 -0 -1
    outer loop
      vertex 1.34312 -1.4819 0
      vertex 2.68149 -1.1664 0
      vertex 1.26879 -1.54602 0
    endloop
  endfacet
  facet normal 0 -0 -1
    outer loop
      vertex 1.26879 -1.54602 0
      vertex 2.68149 -1.1664 0
      vertex 1.1914 -1.60641 0
    endloop
  endfacet
  facet normal 0 0 -1
    outer loop
      vertex 2.14226 -14.442 0
      vertex 1.0282 -1.71546 0
      vertex 1.11114 -1.66294 0
    endloop
  endfacet
  facet normal 0 0 -1
    outer loop
      vertex 2.14226 -14.442 0
      vertex 0.942793 -1.76384 0
      vertex 1.0282 -1.71546 0
    endloop
  endfacet
  facet normal 0 0 -1
    outer loop
      vertex 2.14226 -14.442 0
      vertex 0.85511 -1.80798 0
      vertex 0.942793 -1.76384 0
    endloop
  endfacet
  facet normal 0 0 -1
    outer loop
      vertex 2.14226 -14.442 0
      vertex 0.765367 -1.84776 0
      vertex 0.85511 -1.80798 0
    endloop
  endfacet
  facet normal 0 0 -1
    outer loop
      vertex 0.196033 -1.99037 0
      vertex 1.43105 -14.5297 0
      vertex 0.716388 -14.5824 0
    endloop
  endfacet
  facet normal 0 0 -1
    outer loop
      vertex 2.14226 -14.442 0
      vertex 0.673779 -1.88309 0
      vertex 0.765367 -1.84776 0
    endloop
  endfacet
  facet normal 0 0 -1
    outer loop
      vertex 2.14226 -14.442 0
      vertex 0.580569 -1.91388 0
      vertex 0.673779 -1.88309 0
    endloop
  endfacet
  facet normal 0 0 -1
    outer loop
      vertex 2.14226 -14.442 0
      vertex 0.48596 -1.94006 0
      vertex 0.580569 -1.91388 0
    endloop
  endfacet
  facet normal 0 0 -1
    outer loop
      vertex 2.14226 -14.442 0
      vertex 0.390181 -1.96157 0
      vertex 0.48596 -1.94006 0
    endloop
  endfacet
  facet normal 0 0 -1
    outer loop
      vertex 2.14226 -14.442 0
      vertex 0.293461 -1.97835 0
      vertex 0.390181 -1.96157 0
    endloop
  endfacet
  facet normal 0 0 -1
    outer loop
      vertex 1.43105 -14.5297 0
      vertex 0.196033 -1.99037 0
      vertex 0.293461 -1.97835 0
    endloop
  endfacet
  facet normal 0 0 -1
    outer loop
      vertex 0.716388 -14.5824 0
      vertex 0.098135 -1.99759 0
      vertex 0.196033 -1.99037 0
    endloop
  endfacet
  facet normal 0 0 -1
    outer loop
      vertex 0 -14.6 0
      vertex 0.098135 -1.99759 0
      vertex 0.716388 -14.5824 0
    endloop
  endfacet
  facet normal 0 0 -1
    outer loop
      vertex 0 -14.6 0
      vertex 0 -2 0
      vertex 0.098135 -1.99759 0
    endloop
  endfacet
  facet normal 0 0 -1
    outer loop
      vertex 0 -14.6 0
      vertex -0.098135 -1.99759 0
      vertex 0 -2 0
    endloop
  endfacet
  facet normal 0 0 -1
    outer loop
      vertex -0.716388 -14.5824 0
      vertex -0.098135 -1.99759 0
      vertex 0 -14.6 0
    endloop
  endfacet
  facet normal -0 0 -1
    outer loop
      vertex -0.098135 -1.99759 0
      vertex -0.716388 -14.5824 0
      vertex -0.196033 -1.99037 0
    endloop
  endfacet
  facet normal 0 0 -1
    outer loop
      vertex -1.43105 -14.5297 0
      vertex -0.196033 -1.99037 0
      vertex -0.716388 -14.5824 0
    endloop
  endfacet
  facet normal -0 0 -1
    outer loop
      vertex -0.196033 -1.99037 0
      vertex -1.43105 -14.5297 0
      vertex -0.293461 -1.97835 0
    endloop
  endfacet
  facet normal 0 0 -1
    outer loop
      vertex -2.14226 -14.442 0
      vertex -0.293461 -1.97835 0
      vertex -1.43105 -14.5297 0
    endloop
  endfacet
  facet normal -0 0 -1
    outer loop
      vertex -0.293461 -1.97835 0
      vertex -2.14226 -14.442 0
      vertex -0.390181 -1.96157 0
    endloop
  endfacet
  facet normal 0 0 -1
    outer loop
      vertex -2.84832 -14.3195 0
      vertex -0.390181 -1.96157 0
      vertex -2.14226 -14.442 0
    endloop
  endfacet
  facet normal -0 0 -1
    outer loop
      vertex -0.390181 -1.96157 0
      vertex -2.84832 -14.3195 0
      vertex -0.48596 -1.94006 0
    endloop
  endfacet
  facet normal 0 0 -1
    outer loop
      vertex -3.54751 -14.1625 0
      vertex -0.48596 -1.94006 0
      vertex -2.84832 -14.3195 0
    endloop
  endfacet
  facet normal -0 0 -1
    outer loop
      vertex -0.48596 -1.94006 0
      vertex -3.54751 -14.1625 0
      vertex -0.580569 -1.91388 0
    endloop
  endfacet
  facet normal 0 0 -1
    outer loop
      vertex -4.23816 -13.9713 0
      vertex -0.580569 -1.91388 0
      vertex -3.54751 -14.1625 0
    endloop
  endfacet
  facet normal -0 0 -1
    outer loop
      vertex -0.580569 -1.91388 0
      vertex -4.23816 -13.9713 0
      vertex -0.673779 -1.88309 0
    endloop
  endfacet
  facet normal 0 0 -1
    outer loop
      vertex -4.91859 -13.7465 0
      vertex -0.673779 -1.88309 0
      vertex -4.23816 -13.9713 0
    endloop
  endfacet
  facet normal -0 0 -1
    outer loop
      vertex -0.673779 -1.88309 0
      vertex -4.91859 -13.7465 0
      vertex -0.765367 -1.84776 0
    endloop
  endfacet
  facet normal 0 0 -1
    outer loop
      vertex -5.58718 -13.4886 0
      vertex -0.765367 -1.84776 0
      vertex -4.91859 -13.7465 0
    endloop
  endfacet
  facet normal -0 0 -1
    outer loop
      vertex -0.765367 -1.84776 0
      vertex -5.58718 -13.4886 0
      vertex -0.85511 -1.80798 0
    endloop
  endfacet
  facet normal 0 0 -1
    outer loop
      vertex -6.2423 -13.1982 0
      vertex -0.85511 -1.80798 0
      vertex -5.58718 -13.4886 0
    endloop
  endfacet
  facet normal -0 0 -1
    outer loop
      vertex -0.85511 -1.80798 0
      vertex -6.2423 -13.1982 0
      vertex -0.942793 -1.76384 0
    endloop
  endfacet
  facet normal 0 0 -1
    outer loop
      vertex -6.88239 -12.876 0
      vertex -0.942793 -1.76384 0
      vertex -6.2423 -13.1982 0
    endloop
  endfacet
  facet normal -0 0 -1
    outer loop
      vertex -0.942793 -1.76384 0
      vertex -6.88239 -12.876 0
      vertex -1.0282 -1.71546 0
    endloop
  endfacet
  facet normal 0 0 -1
    outer loop
      vertex -7.5059 -12.5228 0
      vertex -1.0282 -1.71546 0
      vertex -6.88239 -12.876 0
    endloop
  endfacet
  facet normal -0 0 -1
    outer loop
      vertex -1.0282 -1.71546 0
      vertex -7.5059 -12.5228 0
      vertex -1.11114 -1.66294 0
    endloop
  endfacet
  facet normal 0 0 -1
    outer loop
      vertex -8.11133 -12.1395 0
      vertex -1.11114 -1.66294 0
      vertex -7.5059 -12.5228 0
    endloop
  endfacet
  facet normal -0 0 -1
    outer loop
      vertex -1.11114 -1.66294 0
      vertex -8.11133 -12.1395 0
      vertex -1.1914 -1.60641 0
    endloop
  endfacet
  facet normal 0 0 -1
    outer loop
      vertex -8.69721 -11.7268 0
      vertex -1.1914 -1.60641 0
      vertex -8.11133 -12.1395 0
    endloop
  endfacet
  facet normal -0 0 -1
    outer loop
      vertex -1.1914 -1.60641 0
      vertex -8.69721 -11.7268 0
      vertex -1.26879 -1.54602 0
    endloop
  endfacet
  facet normal 0 0 -1
    outer loop
      vertex -9.26214 -11.286 0
      vertex -1.26879 -1.54602 0
      vertex -8.69721 -11.7268 0
    endloop
  endfacet
  facet normal -0 0 -1
    outer loop
      vertex -1.26879 -1.54602 0
      vertex -9.26214 -11.286 0
      vertex -1.34312 -1.4819 0
    endloop
  endfacet
  facet normal 0 0 -1
    outer loop
      vertex -9.80476 -10.8179 0
      vertex -1.34312 -1.4819 0
      vertex -9.26214 -11.286 0
    endloop
  endfacet
  facet normal -0 0 -1
    outer loop
      vertex -1.34312 -1.4819 0
      vertex -9.80476 -10.8179 0
      vertex -1.41421 -1.41421 0
    endloop
  endfacet
  facet normal 0 0 -1
    outer loop
      vertex -10.3238 -10.3238 0
      vertex -1.41421 -1.41421 0
      vertex -9.80476 -10.8179 0
    endloop
  endfacet
  facet normal -0 0 -1
    outer loop
      vertex -1.41421 -1.41421 0
      vertex -10.3238 -10.3238 0
      vertex -1.4819 -1.34312 0
    endloop
  endfacet
  facet normal -0 0 -1
    outer loop
      vertex -1.4819 -1.34312 0
      vertex -10.8179 -9.80476 0
      vertex -1.54602 -1.26879 0
    endloop
  endfacet
  facet normal 0 0 -1
    outer loop
      vertex -10.8179 -9.80476 0
      vertex -1.4819 -1.34312 0
      vertex -10.3238 -10.3238 0
    endloop
  endfacet
  facet normal 0 0 -1
    outer loop
      vertex 3.56982 -0.907028 0
      vertex 4.10893 0.545868 0
      vertex 4.17842 -0.907028 0
    endloop
  endfacet
  facet normal -0 0 -1
    outer loop
      vertex 4.10893 0.545868 0
      vertex 3.56982 -0.907028 0
      vertex 3.56982 0.930679 0
    endloop
  endfacet
  facet normal 0 0 -1
    outer loop
      vertex 4.17842 -0.907028 0
      vertex 14.6 0 0
      vertex 14.5824 -0.716388 0
    endloop
  endfacet
  facet normal 0 0 -1
    outer loop
      vertex 4.17842 -0.907028 0
      vertex 14.5824 -0.716388 0
      vertex 14.5297 -1.43105 0
    endloop
  endfacet
  facet normal 0 0 -1
    outer loop
      vertex 4.10893 0.545868 0
      vertex 14.6 0 0
      vertex 4.17842 -0.907028 0
    endloop
  endfacet
  facet normal 0 0 -1
    outer loop
      vertex 4.17842 -1.1664 0
      vertex 14.5297 -1.43105 0
      vertex 14.442 -2.14226 0
    endloop
  endfacet
  facet normal 0 0 -1
    outer loop
      vertex 14.6 0 0
      vertex 4.10893 0.545868 0
      vertex 14.5824 0.716388 0
    endloop
  endfacet
  facet normal 0 0 -1
    outer loop
      vertex 4.17842 -1.1664 0
      vertex 14.442 -2.14226 0
      vertex 14.3195 -2.84832 0
    endloop
  endfacet
  facet normal -0 0 -1
    outer loop
      vertex 14.5824 0.716388 0
      vertex 4.10893 0.545868 0
      vertex 14.5297 1.43105 0
    endloop
  endfacet
  facet normal 0 0 -1
    outer loop
      vertex 4.17842 -1.1664 0
      vertex 14.3195 -2.84832 0
      vertex 14.1625 -3.54751 0
    endloop
  endfacet
  facet normal 0 0 -1
    outer loop
      vertex 4.10893 0.834061 0
      vertex 14.5297 1.43105 0
      vertex 4.10893 0.545868 0
    endloop
  endfacet
  facet normal 0 0 -1
    outer loop
      vertex 4.17842 -1.1664 0
      vertex 14.1625 -3.54751 0
      vertex 13.9713 -4.23816 0
    endloop
  endfacet
  facet normal -0 0 -1
    outer loop
      vertex 14.5297 1.43105 0
      vertex 4.10893 0.834061 0
      vertex 14.442 2.14226 0
    endloop
  endfacet
  facet normal 0 0 -1
    outer loop
      vertex 4.17842 -1.1664 0
      vertex 13.9713 -4.23816 0
      vertex 13.7465 -4.91859 0
    endloop
  endfacet
  facet normal -0 0 -1
    outer loop
      vertex 14.442 2.14226 0
      vertex 4.10893 0.834061 0
      vertex 14.3195 2.84832 0
    endloop
  endfacet
  facet normal 0 0 -1
    outer loop
      vertex 4.17842 -1.1664 0
      vertex 13.7465 -4.91859 0
      vertex 13.4886 -5.58718 0
    endloop
  endfacet
  facet normal -0 0 -1
    outer loop
      vertex 14.3195 2.84832 0
      vertex 4.10893 0.834061 0
      vertex 14.1625 3.54751 0
    endloop
  endfacet
  facet normal 0 0 -1
    outer loop
      vertex 4.17842 -1.1664 0
      vertex 13.4886 -5.58718 0
      vertex 13.1982 -6.2423 0
    endloop
  endfacet
  facet normal -0 0 -1
    outer loop
      vertex 14.1625 3.54751 0
      vertex 4.10893 0.834061 0
      vertex 13.9713 4.23816 0
    endloop
  endfacet
  facet normal 0 0 -1
    outer loop
      vertex 4.17842 -1.1664 0
      vertex 13.1982 -6.2423 0
      vertex 12.876 -6.88239 0
    endloop
  endfacet
  facet normal -0 0 -1
    outer loop
      vertex 13.9713 4.23816 0
      vertex 4.10893 0.834061 0
      vertex 13.7465 4.91859 0
    endloop
  endfacet
  facet normal 0 0 -1
    outer loop
      vertex 4.17842 -1.1664 0
      vertex 12.876 -6.88239 0
      vertex 12.5228 -7.5059 0
    endloop
  endfacet
  facet normal -0 0 -1
    outer loop
      vertex 13.7465 4.91859 0
      vertex 4.10893 0.834061 0
      vertex 13.4886 5.58718 0
    endloop
  endfacet
  facet normal 0 0 -1
    outer loop
      vertex 4.17842 -1.1664 0
      vertex 12.5228 -7.5059 0
      vertex 12.1395 -8.11133 0
    endloop
  endfacet
  facet normal -0 0 -1
    outer loop
      vertex 13.4886 5.58718 0
      vertex 4.10893 0.834061 0
      vertex 13.1982 6.2423 0
    endloop
  endfacet
  facet normal 0 0 -1
    outer loop
      vertex 4.17842 -1.1664 0
      vertex 12.1395 -8.11133 0
      vertex 11.7268 -8.69721 0
    endloop
  endfacet
  facet normal -0 0 -1
    outer loop
      vertex 13.1982 6.2423 0
      vertex 4.10893 0.834061 0
      vertex 12.876 6.88239 0
    endloop
  endfacet
  facet normal 0 0 -1
    outer loop
      vertex 4.17842 -1.1664 0
      vertex 11.7268 -8.69721 0
      vertex 11.286 -9.26214 0
    endloop
  endfacet
  facet normal -0 0 -1
    outer loop
      vertex 12.876 6.88239 0
      vertex 4.10893 0.834061 0
      vertex 12.5228 7.5059 0
    endloop
  endfacet
  facet normal 0 0 -1
    outer loop
      vertex 4.17842 -1.1664 0
      vertex 11.286 -9.26214 0
      vertex 10.8179 -9.80476 0
    endloop
  endfacet
  facet normal -0 0 -1
    outer loop
      vertex 12.5228 7.5059 0
      vertex 4.10893 0.834061 0
      vertex 12.1395 8.11133 0
    endloop
  endfacet
  facet normal 0 0 -1
    outer loop
      vertex 4.17842 -1.1664 0
      vertex 10.8179 -9.80476 0
      vertex 10.3238 -10.3238 0
    endloop
  endfacet
  facet normal -0 0 -1
    outer loop
      vertex 12.1395 8.11133 0
      vertex 4.10893 0.834061 0
      vertex 11.7268 8.69721 0
    endloop
  endfacet
  facet normal 0 0 -1
    outer loop
      vertex 4.17842 -1.1664 0
      vertex 10.3238 -10.3238 0
      vertex 9.80476 -10.8179 0
    endloop
  endfacet
  facet normal -0 0 -1
    outer loop
      vertex 11.7268 8.69721 0
      vertex 4.10893 0.834061 0
      vertex 11.286 9.26214 0
    endloop
  endfacet
  facet normal 0 0 -1
    outer loop
      vertex 4.17842 -1.1664 0
      vertex 9.80476 -10.8179 0
      vertex 9.26214 -11.286 0
    endloop
  endfacet
  facet normal 0 0 -1
    outer loop
      vertex 3.54437 1.22229 0
      vertex 11.286 9.26214 0
      vertex 4.10893 0.834061 0
    endloop
  endfacet
  facet normal 0 0 -1
    outer loop
      vertex 4.17842 -1.1664 0
      vertex 9.26214 -11.286 0
      vertex 8.69721 -11.7268 0
    endloop
  endfacet
  facet normal -0 0 -1
    outer loop
      vertex 11.286 9.26214 0
      vertex 3.54437 1.22229 0
      vertex 10.8179 9.80476 0
    endloop
  endfacet
  facet normal 0 0 -1
    outer loop
      vertex 4.17842 -1.1664 0
      vertex 8.69721 -11.7268 0
      vertex 8.11133 -12.1395 0
    endloop
  endfacet
  facet normal -0 0 -1
    outer loop
      vertex 10.8179 9.80476 0
      vertex 3.54437 1.22229 0
      vertex 10.3238 10.3238 0
    endloop
  endfacet
  facet normal 0 0 -1
    outer loop
      vertex 4.17842 -1.1664 0
      vertex 8.11133 -12.1395 0
      vertex 7.5059 -12.5228 0
    endloop
  endfacet
  facet normal -0 0 -1
    outer loop
      vertex 9.80476 10.8179 0
      vertex 3.54437 1.22229 0
      vertex 9.26214 11.286 0
    endloop
  endfacet
  facet normal 0 0 -1
    outer loop
      vertex 4.17842 -1.1664 0
      vertex 7.5059 -12.5228 0
      vertex 6.88239 -12.876 0
    endloop
  endfacet
  facet normal -0 0 -1
    outer loop
      vertex 9.26214 11.286 0
      vertex 3.54437 1.22229 0
      vertex 8.69721 11.7268 0
    endloop
  endfacet
  facet normal 0 0 -1
    outer loop
      vertex 4.17842 -1.1664 0
      vertex 6.88239 -12.876 0
      vertex 6.2423 -13.1982 0
    endloop
  endfacet
  facet normal -0 0 -1
    outer loop
      vertex 8.69721 11.7268 0
      vertex 3.54437 1.22229 0
      vertex 8.11133 12.1395 0
    endloop
  endfacet
  facet normal 0 0 -1
    outer loop
      vertex 1.11114 -1.66294 0
      vertex 6.2423 -13.1982 0
      vertex 5.58718 -13.4886 0
    endloop
  endfacet
  facet normal -0 0 -1
    outer loop
      vertex 8.11133 12.1395 0
      vertex 3.54437 1.22229 0
      vertex 7.5059 12.5228 0
    endloop
  endfacet
  facet normal 0 0 -1
    outer loop
      vertex 1.11114 -1.66294 0
      vertex 5.58718 -13.4886 0
      vertex 4.91859 -13.7465 0
    endloop
  endfacet
  facet normal 0 0 -1
    outer loop
      vertex 14.5297 -1.43105 0
      vertex 4.17842 -1.1664 0
      vertex 4.17842 -0.907028 0
    endloop
  endfacet
  facet normal 0 0 -1
    outer loop
      vertex 1.11114 -1.66294 0
      vertex 4.91859 -13.7465 0
      vertex 4.23816 -13.9713 0
    endloop
  endfacet
  facet normal -0 0 -1
    outer loop
      vertex 7.5059 12.5228 0
      vertex 3.54437 1.22229 0
      vertex 6.88239 12.876 0
    endloop
  endfacet
  facet normal -0 0 -1
    outer loop
      vertex 6.88239 12.876 0
      vertex 3.54437 1.22229 0
      vertex 6.2423 13.1982 0
    endloop
  endfacet
  facet normal 0 0 -1
    outer loop
      vertex 1.11114 -1.66294 0
      vertex 4.23816 -13.9713 0
      vertex 3.54751 -14.1625 0
    endloop
  endfacet
  facet normal 0 0 -1
    outer loop
      vertex 1.11114 -1.66294 0
      vertex 3.54751 -14.1625 0
      vertex 2.84832 -14.3195 0
    endloop
  endfacet
  facet normal 0 0 -1
    outer loop
      vertex 1.11114 -1.66294 0
      vertex 4.17842 -1.1664 0
      vertex 6.2423 -13.1982 0
    endloop
  endfacet
  facet normal -0 0 -1
    outer loop
      vertex 4.17842 -1.1664 0
      vertex 1.11114 -1.66294 0
      vertex 2.68149 -1.1664 0
    endloop
  endfacet
  facet normal 0 0 -1
    outer loop
      vertex 1.11114 -1.66294 0
      vertex 2.84832 -14.3195 0
      vertex 2.14226 -14.442 0
    endloop
  endfacet
  facet normal -0 0 -1
    outer loop
      vertex 6.2423 13.1982 0
      vertex 3.54437 1.22229 0
      vertex 5.58718 13.4886 0
    endloop
  endfacet
  facet normal -0 0 -1
    outer loop
      vertex 10.3238 10.3238 0
      vertex 3.54437 1.22229 0
      vertex 9.80476 10.8179 0
    endloop
  endfacet
  facet normal 0 0 -1
    outer loop
      vertex 3.26297 1.22229 0
      vertex 5.58718 13.4886 0
      vertex 3.54437 1.22229 0
    endloop
  endfacet
  facet normal -0 0 -1
    outer loop
      vertex 5.58718 13.4886 0
      vertex 3.26297 1.22229 0
      vertex 4.91859 13.7465 0
    endloop
  endfacet
  facet normal -0 0 -1
    outer loop
      vertex 4.91859 13.7465 0
      vertex 3.26297 1.22229 0
      vertex 4.23816 13.9713 0
    endloop
  endfacet
  facet normal -0 0 -1
    outer loop
      vertex 4.23816 13.9713 0
      vertex 3.26297 1.22229 0
      vertex 3.54751 14.1625 0
    endloop
  endfacet
  facet normal -0 0 -1
    outer loop
      vertex 3.54751 14.1625 0
      vertex 3.26297 1.22229 0
      vertex 2.84832 14.3195 0
    endloop
  endfacet
  facet normal 0.671473 0.221841 -0.707044
    outer loop
      vertex 13.9713 4.23816 0
      vertex 13.7465 4.91859 0
      vertex 14.029 5.01966 0.299999
    endloop
  endfacet
  facet normal 0.659791 -0.254506 0.707038
    outer loop
      vertex 13.7465 -4.91859 12
      vertex 13.4886 -5.58718 12
      vertex 13.7658 -5.70198 11.7
    endloop
  endfacet
  facet normal 0.0865591 -0.701957 -0.706939
    outer loop
      vertex 2.18628 -14.7387 0.299999
      vertex 1.43105 -14.5297 0
      vertex 2.14226 -14.442 0
    endloop
  endfacet
  facet normal 0.631692 0.317973 -0.707007
    outer loop
      vertex 13.1982 6.2423 0
      vertex 12.876 6.88239 0
      vertex 13.4694 6.37057 0.299999
    endloop
  endfacet
  facet normal -0.254505 0.65979 -0.707039
    outer loop
      vertex -5.58718 13.4886 0
      vertex -5.70198 13.7658 0.299999
      vertex -4.91859 13.7465 0
    endloop
  endfacet
  facet normal -0.286605 0.646495 -0.707038
    outer loop
      vertex -5.58718 13.4886 0
      vertex -6.37057 13.4694 0.299999
      vertex -5.70198 13.7658 0.299999
    endloop
  endfacet
  facet normal 0.646496 0.286605 0.707036
    outer loop
      vertex 13.7658 5.70198 11.7
      vertex 13.4694 6.37057 11.7
      vertex 13.4886 5.58718 12
    endloop
  endfacet
  facet normal 0.646534 -0.286594 -0.707007
    outer loop
      vertex 13.4694 -6.37057 0.299999
      vertex 13.1982 -6.2423 0
      vertex 13.4886 -5.58718 0
    endloop
  endfacet
  facet normal 0.985285 0.170921 0
    outer loop
      vertex 14.7387 2.18628 11.7
      vertex 14.6137 2.90685 0.299999
      vertex 14.6137 2.90685 11.7
    endloop
  endfacet
  facet normal 0.985285 0.170921 0
    outer loop
      vertex 14.6137 2.90685 0.299999
      vertex 14.7387 2.18628 11.7
      vertex 14.7387 2.18628 0.299999
    endloop
  endfacet
  facet normal -0.512269 -0.487655 0.706946
    outer loop
      vertex -10.3238 -10.3238 12
      vertex -10.8179 -9.80476 12
      vertex -10.5359 -10.5359 11.7
    endloop
  endfacet
  facet normal 0.435056 0.557518 0.707036
    outer loop
      vertex 8.87592 11.9678 11.7
      vertex 8.69721 11.7268 12
      vertex 9.45246 11.5179 11.7
    endloop
  endfacet
  facet normal 0.96376 0.266769 0
    outer loop
      vertex 14.4535 3.6204 11.7
      vertex 14.2584 4.32524 0.299999
      vertex 14.2584 4.32524 11.7
    endloop
  endfacet
  facet normal 0.96376 0.266769 0
    outer loop
      vertex 14.2584 4.32524 0.299999
      vertex 14.4535 3.6204 11.7
      vertex 14.4535 3.6204 0.299999
    endloop
  endfacet
  facet normal 0.681565 0.188657 -0.707021
    outer loop
      vertex 14.4535 3.6204 0.299999
      vertex 13.9713 4.23816 0
      vertex 14.2584 4.32524 0.299999
    endloop
  endfacet
  facet normal -0.407293 0.578205 0.706959
    outer loop
      vertex -8.278 12.3889 11.7
      vertex -8.69721 11.7268 12
      vertex -8.11133 12.1395 12
    endloop
  endfacet
  facet normal 0.701957 0.0865591 -0.706939
    outer loop
      vertex 14.5297 1.43105 0
      vertex 14.442 2.14226 0
      vertex 14.7387 2.18628 0.299999
    endloop
  endfacet
  facet normal 0.188658 0.681566 0.707019
    outer loop
      vertex 4.32524 14.2584 11.7
      vertex 3.6204 14.4535 11.7
      vertex 4.23816 13.9713 12
    endloop
  endfacet
  facet normal 0.22183 0.671503 0.707018
    outer loop
      vertex 4.32524 14.2584 11.7
      vertex 4.23816 13.9713 12
      vertex 5.01966 14.029 11.7
    endloop
  endfacet
  facet normal -0.154929 0.690074 -0.706962
    outer loop
      vertex -2.84832 14.3195 0
      vertex -3.6204 14.4535 0.299999
      vertex -2.90685 14.6137 0.299999
    endloop
  endfacet
  facet normal 0.578178 0.407196 0.707037
    outer loop
      vertex 11.9678 8.87592 11.7
      vertex 11.7268 8.69721 12
      vertex 12.3889 8.278 11.7
    endloop
  endfacet
  facet normal -0.435055 -0.557567 0.706998
    outer loop
      vertex -9.26214 -11.286 12
      vertex -9.45246 -11.5179 11.7
      vertex -8.69721 -11.7268 12
    endloop
  endfacet
  facet normal -0.435056 -0.557518 0.707036
    outer loop
      vertex -8.69721 -11.7268 12
      vertex -9.45246 -11.5179 11.7
      vertex -8.87592 -11.9678 11.7
    endloop
  endfacet
  facet normal 0.317949 0.631683 0.707026
    outer loop
      vertex 7.02381 13.1406 11.7
      vertex 6.37057 13.4694 11.7
      vertex 6.88239 12.876 12
    endloop
  endfacet
  facet normal 0.557567 -0.435055 0.706998
    outer loop
      vertex 11.7268 -8.69721 12
      vertex 11.286 -9.26214 12
      vertex 11.5179 -9.45246 11.7
    endloop
  endfacet
  facet normal 0.578178 -0.407196 0.707037
    outer loop
      vertex 12.3889 -8.278 11.7
      vertex 11.7268 -8.69721 12
      vertex 11.9678 -8.87592 11.7
    endloop
  endfacet
  facet normal -0.15493 -0.690075 0.70696
    outer loop
      vertex -2.84832 -14.3195 12
      vertex -3.6204 -14.4535 11.7
      vertex -2.90685 -14.6137 11.7
    endloop
  endfacet
  facet normal -0.286594 -0.646535 0.707005
    outer loop
      vertex -6.2423 -13.1982 12
      vertex -6.37057 -13.4694 11.7
      vertex -5.58718 -13.4886 12
    endloop
  endfacet
  facet normal -0.0173693 0.706999 -0.707001
    outer loop
      vertex 0 14.6 0
      vertex -0.716388 14.5824 0
      vertex 0 14.9 0.299999
    endloop
  endfacet
  facet normal -0.48765 0.512211 -0.706992
    outer loop
      vertex -9.80476 10.8179 0
      vertex -10.5359 10.5359 0.299999
      vertex -10.0062 11.0402 0.299999
    endloop
  endfacet
  facet normal 0.706929 -0.017308 -0.707073
    outer loop
      vertex 14.8821 -0.731108 0.299999
      vertex 14.5824 -0.716388 0
      vertex 14.9 0 0.299999
    endloop
  endfacet
  facet normal 0.535493 -0.461952 0.706999
    outer loop
      vertex 11.286 -9.26214 12
      vertex 10.8179 -9.80476 12
      vertex 11.5179 -9.45246 11.7
    endloop
  endfacet
  facet normal -0.461951 0.535492 -0.707
    outer loop
      vertex -9.26214 11.286 0
      vertex -9.80476 10.8179 0
      vertex -9.45246 11.5179 0.299999
    endloop
  endfacet
  facet normal 0.512212 -0.487651 0.70699
    outer loop
      vertex 10.8179 -9.80476 12
      vertex 10.5359 -10.5359 11.7
      vertex 11.0402 -10.0062 11.7
    endloop
  endfacet
  facet normal -0.557517 0.435056 -0.707037
    outer loop
      vertex -11.7268 8.69721 0
      vertex -11.9678 8.87592 0.299999
      vertex -11.5179 9.45246 0.299999
    endloop
  endfacet
  facet normal -0.266769 0.96376 0
    outer loop
      vertex -3.6204 14.4535 0.299999
      vertex -4.32524 14.2584 11.7
      vertex -3.6204 14.4535 11.7
    endloop
  endfacet
  facet normal -0.266769 0.96376 0
    outer loop
      vertex -4.32524 14.2584 11.7
      vertex -3.6204 14.4535 0.299999
      vertex -4.32524 14.2584 0.299999
    endloop
  endfacet
  facet normal 0.706929 0.017308 -0.707073
    outer loop
      vertex 14.9 0 0.299999
      vertex 14.5824 0.716388 0
      vertex 14.8821 0.731108 0.299999
    endloop
  endfacet
  facet normal 0.914192 -0.405281 0
    outer loop
      vertex 13.4694 -6.37057 11.7
      vertex 13.7658 -5.70198 0.299999
      vertex 13.7658 -5.70198 11.7
    endloop
  endfacet
  facet normal 0.914192 -0.405281 0
    outer loop
      vertex 13.7658 -5.70198 0.299999
      vertex 13.4694 -6.37057 11.7
      vertex 13.4694 -6.37057 0.299999
    endloop
  endfacet
  facet normal 0.0520042 0.705226 0.707073
    outer loop
      vertex 0.731108 14.8821 11.7
      vertex 0.716388 14.5824 12
      vertex 1.43105 14.5297 12
    endloop
  endfacet
  facet normal 0.0173694 0.707 0.707
    outer loop
      vertex 0 14.9 11.7
      vertex 0 14.6 12
      vertex 0.716388 14.5824 12
    endloop
  endfacet
  facet normal 0.671503 -0.22183 0.707018
    outer loop
      vertex 14.2584 -4.32524 11.7
      vertex 13.9713 -4.23816 12
      vertex 14.029 -5.01966 11.7
    endloop
  endfacet
  facet normal -0.154946 -0.690043 0.706988
    outer loop
      vertex -3.54751 -14.1625 12
      vertex -3.6204 -14.4535 11.7
      vertex -2.84832 -14.3195 12
    endloop
  endfacet
  facet normal 0.535494 -0.461959 -0.706994
    outer loop
      vertex 11.0402 -10.0062 0.299999
      vertex 10.8179 -9.80476 0
      vertex 11.5179 -9.45246 0.299999
    endloop
  endfacet
  facet normal -0.512268 -0.487654 -0.706947
    outer loop
      vertex -10.5359 -10.5359 0.299999
      vertex -10.8179 -9.80476 0
      vertex -10.3238 -10.3238 0
    endloop
  endfacet
  facet normal -0.706999 -0.0173693 -0.707001
    outer loop
      vertex -14.5824 -0.716388 0
      vertex -14.9 0 0.299999
      vertex -14.6 0 0
    endloop
  endfacet
  facet normal 0.705225 -0.0520041 -0.707074
    outer loop
      vertex 14.8821 -0.731108 0.299999
      vertex 14.5297 -1.43105 0
      vertex 14.5824 -0.716388 0
    endloop
  endfacet
  facet normal -0.188691 -0.681588 -0.706989
    outer loop
      vertex -3.6204 -14.4535 0.299999
      vertex -4.23816 -13.9713 0
      vertex -3.54751 -14.1625 0
    endloop
  endfacet
  facet normal 0.317949 0.631682 -0.707027
    outer loop
      vertex 6.88239 12.876 0
      vertex 6.37057 13.4694 0.299999
      vertex 7.02381 13.1406 0.299999
    endloop
  endfacet
  facet normal -0.578205 -0.407293 0.706959
    outer loop
      vertex -12.1395 -8.11133 12
      vertex -12.3889 -8.278 11.7
      vertex -11.7268 -8.69721 12
    endloop
  endfacet
  facet normal -0.086638 0.701835 0.707051
    outer loop
      vertex -1.46045 14.8283 11.7
      vertex -2.18628 14.7387 11.7
      vertex -1.43105 14.5297 12
    endloop
  endfacet
  facet normal 0.597407 0.378341 0.70708
    outer loop
      vertex 12.7802 7.66013 11.7
      vertex 12.3889 8.278 11.7
      vertex 12.5228 7.5059 12
    endloop
  endfacet
  facet normal 0.188657 -0.681565 -0.707021
    outer loop
      vertex 4.32524 -14.2584 0.299999
      vertex 3.6204 -14.4535 0.299999
      vertex 4.23816 -13.9713 0
    endloop
  endfacet
  facet normal 0.221829 -0.671502 -0.70702
    outer loop
      vertex 4.32524 -14.2584 0.299999
      vertex 4.23816 -13.9713 0
      vertex 5.01966 -14.029 0.299999
    endloop
  endfacet
  facet normal 0.405281 -0.914192 0
    outer loop
      vertex 5.70198 -13.7658 0.299999
      vertex 6.37057 -13.4694 11.7
      vertex 5.70198 -13.7658 11.7
    endloop
  endfacet
  facet normal 0.405281 -0.914192 0
    outer loop
      vertex 6.37057 -13.4694 11.7
      vertex 5.70198 -13.7658 0.299999
      vertex 6.37057 -13.4694 0.299999
    endloop
  endfacet
  facet normal 0.378341 -0.597407 0.70708
    outer loop
      vertex 8.278 -12.3889 11.7
      vertex 7.5059 -12.5228 12
      vertex 7.66013 -12.7802 11.7
    endloop
  endfacet
  facet normal 0.348533 -0.615271 0.707083
    outer loop
      vertex 7.5059 -12.5228 12
      vertex 6.88239 -12.876 12
      vertex 7.66013 -12.7802 11.7
    endloop
  endfacet
  facet normal -0.0520225 -0.705245 0.707052
    outer loop
      vertex -1.43105 -14.5297 12
      vertex -1.46045 -14.8283 11.7
      vertex -0.731108 -14.8821 11.7
    endloop
  endfacet
  facet normal 0.681588 -0.188691 -0.706989
    outer loop
      vertex 14.4535 -3.6204 0.299999
      vertex 13.9713 -4.23816 0
      vertex 14.1625 -3.54751 0
    endloop
  endfacet
  facet normal 0.15493 -0.690075 0.70696
    outer loop
      vertex 3.6204 -14.4535 11.7
      vertex 2.84832 -14.3195 12
      vertex 2.90685 -14.6137 11.7
    endloop
  endfacet
  facet normal -0.254508 -0.659786 0.707042
    outer loop
      vertex -4.91859 -13.7465 12
      vertex -5.70198 -13.7658 11.7
      vertex -5.01966 -14.029 11.7
    endloop
  endfacet
  facet normal -0.631682 0.317949 -0.707027
    outer loop
      vertex -12.876 6.88239 0
      vertex -13.4694 6.37057 0.299999
      vertex -13.1406 7.02381 0.299999
    endloop
  endfacet
  facet normal -0.120904 -0.696863 -0.70694
    outer loop
      vertex -2.18628 -14.7387 0.299999
      vertex -2.84832 -14.3195 0
      vertex -2.14226 -14.442 0
    endloop
  endfacet
  facet normal -0.359895 -0.932993 0
    outer loop
      vertex -5.70198 -13.7658 0.299999
      vertex -5.01966 -14.029 11.7
      vertex -5.70198 -13.7658 11.7
    endloop
  endfacet
  facet normal -0.359895 -0.932993 -0
    outer loop
      vertex -5.01966 -14.029 11.7
      vertex -5.70198 -13.7658 0.299999
      vertex -5.01966 -14.029 0.299999
    endloop
  endfacet
  facet normal -0.286594 -0.646534 -0.707007
    outer loop
      vertex -5.58718 -13.4886 0
      vertex -6.37057 -13.4694 0.299999
      vertex -6.2423 -13.1982 0
    endloop
  endfacet
  facet normal -0.701957 -0.0865591 -0.706939
    outer loop
      vertex -14.442 -2.14226 0
      vertex -14.7387 -2.18628 0.299999
      vertex -14.5297 -1.43105 0
    endloop
  endfacet
  facet normal 0.705245 -0.0520225 0.707052
    outer loop
      vertex 14.8821 -0.731108 11.7
      vertex 14.5297 -1.43105 12
      vertex 14.8283 -1.46045 11.7
    endloop
  endfacet
  facet normal -0.659786 -0.254508 0.707042
    outer loop
      vertex -13.7465 -4.91859 12
      vertex -14.029 -5.01966 11.7
      vertex -13.7658 -5.70198 11.7
    endloop
  endfacet
  facet normal 0.870129 0.492825 0
    outer loop
      vertex 13.1406 7.02381 11.7
      vertex 12.7802 7.66013 0.299999
      vertex 12.7802 7.66013 11.7
    endloop
  endfacet
  facet normal 0.870129 0.492825 0
    outer loop
      vertex 12.7802 7.66013 0.299999
      vertex 13.1406 7.02381 11.7
      vertex 13.1406 7.02381 0.299999
    endloop
  endfacet
  facet normal -0.893232 -0.449597 0
    outer loop
      vertex -13.1406 -7.02381 0.299999
      vertex -13.4694 -6.37057 11.7
      vertex -13.4694 -6.37057 0.299999
    endloop
  endfacet
  facet normal -0.893232 -0.449597 0
    outer loop
      vertex -13.4694 -6.37057 11.7
      vertex -13.1406 -7.02381 0.299999
      vertex -13.1406 -7.02381 11.7
    endloop
  endfacet
  facet normal -0.646535 -0.286594 0.707005
    outer loop
      vertex -13.1982 -6.2423 12
      vertex -13.4886 -5.58718 12
      vertex -13.4694 -6.37057 11.7
    endloop
  endfacet
  facet normal -0.817587 -0.575806 0
    outer loop
      vertex -11.9678 -8.87592 0.299999
      vertex -12.3889 -8.278 11.7
      vertex -12.3889 -8.278 0.299999
    endloop
  endfacet
  facet normal -0.817587 -0.575806 0
    outer loop
      vertex -12.3889 -8.278 11.7
      vertex -11.9678 -8.87592 0.299999
      vertex -11.9678 -8.87592 11.7
    endloop
  endfacet
  facet normal -0.578204 -0.407293 -0.706961
    outer loop
      vertex -11.7268 -8.69721 0
      vertex -12.3889 -8.278 0.299999
      vertex -12.1395 -8.11133 0
    endloop
  endfacet
  facet normal -0.578177 -0.407196 -0.707038
    outer loop
      vertex -11.9678 -8.87592 0.299999
      vertex -12.3889 -8.278 0.299999
      vertex -11.7268 -8.69721 0
    endloop
  endfacet
  facet normal -0.407293 -0.578205 0.706959
    outer loop
      vertex -8.11133 -12.1395 12
      vertex -8.69721 -11.7268 12
      vertex -8.278 -12.3889 11.7
    endloop
  endfacet
  facet normal -0.017308 0.706929 -0.707073
    outer loop
      vertex -0.716388 14.5824 0
      vertex -0.731108 14.8821 0.299999
      vertex 0 14.9 0.299999
    endloop
  endfacet
  facet normal -0.631683 -0.317949 0.707026
    outer loop
      vertex -12.876 -6.88239 12
      vertex -13.4694 -6.37057 11.7
      vertex -13.1406 -7.02381 11.7
    endloop
  endfacet
  facet normal -0.653205 -0.757181 0
    outer loop
      vertex -10.0062 -11.0402 0.299999
      vertex -9.45246 -11.5179 11.7
      vertex -10.0062 -11.0402 11.7
    endloop
  endfacet
  facet normal -0.653205 -0.757181 -0
    outer loop
      vertex -9.45246 -11.5179 11.7
      vertex -10.0062 -11.0402 0.299999
      vertex -9.45246 -11.5179 0.299999
    endloop
  endfacet
  facet normal 0.696847 -0.120885 0.706959
    outer loop
      vertex 14.7387 -2.18628 11.7
      vertex 14.3195 -2.84832 12
      vertex 14.6137 -2.90685 11.7
    endloop
  endfacet
  facet normal 0.70693 -0.017308 0.707072
    outer loop
      vertex 14.9 0 11.7
      vertex 14.5824 -0.716388 12
      vertex 14.8821 -0.731108 11.7
    endloop
  endfacet
  facet normal 0.615201 0.78837 -0
    outer loop
      vertex 9.45246 11.5179 0.299999
      vertex 8.87592 11.9678 11.7
      vertex 9.45246 11.5179 11.7
    endloop
  endfacet
  facet normal 0.615201 0.78837 0
    outer loop
      vertex 8.87592 11.9678 11.7
      vertex 9.45246 11.5179 0.299999
      vertex 8.87592 11.9678 0.299999
    endloop
  endfacet
  facet normal 0.407293 -0.578205 0.706959
    outer loop
      vertex 8.69721 -11.7268 12
      vertex 8.11133 -12.1395 12
      vertex 8.278 -12.3889 11.7
    endloop
  endfacet
  facet normal -0.017308 0.70693 0.707072
    outer loop
      vertex 0 14.9 11.7
      vertex -0.731108 14.8821 11.7
      vertex -0.716388 14.5824 12
    endloop
  endfacet
  facet normal 0.706999 -0.0173693 -0.707001
    outer loop
      vertex 14.9 0 0.299999
      vertex 14.5824 -0.716388 0
      vertex 14.6 0 0
    endloop
  endfacet
  facet normal 0.170921 -0.985285 0
    outer loop
      vertex 2.18628 -14.7387 0.299999
      vertex 2.90685 -14.6137 11.7
      vertex 2.18628 -14.7387 11.7
    endloop
  endfacet
  facet normal 0.170921 -0.985285 0
    outer loop
      vertex 2.90685 -14.6137 11.7
      vertex 2.18628 -14.7387 0.299999
      vertex 2.90685 -14.6137 0.299999
    endloop
  endfacet
  facet normal -0.615271 0.348533 0.707083
    outer loop
      vertex -12.7802 7.66013 11.7
      vertex -12.876 6.88239 12
      vertex -12.5228 7.5059 12
    endloop
  endfacet
  facet normal -0.681589 -0.188692 0.706988
    outer loop
      vertex -14.1625 -3.54751 12
      vertex -14.4535 -3.6204 11.7
      vertex -13.9713 -4.23816 12
    endloop
  endfacet
  facet normal 0.378341 0.597407 0.70708
    outer loop
      vertex 7.66013 12.7802 11.7
      vertex 7.5059 12.5228 12
      vertex 8.278 12.3889 11.7
    endloop
  endfacet
  facet normal -0.659791 -0.254506 0.707038
    outer loop
      vertex -13.7465 -4.91859 12
      vertex -13.7658 -5.70198 11.7
      vertex -13.4886 -5.58718 12
    endloop
  endfacet
  facet normal 0.017308 0.706929 -0.707073
    outer loop
      vertex 0.716388 14.5824 0
      vertex 0 14.9 0.299999
      vertex 0.731108 14.8821 0.299999
    endloop
  endfacet
  facet normal 0.0244761 0.9997 -0
    outer loop
      vertex 0.731108 14.8821 0.299999
      vertex 0 14.9 11.7
      vertex 0.731108 14.8821 11.7
    endloop
  endfacet
  facet normal 0.0244761 0.9997 0
    outer loop
      vertex 0 14.9 11.7
      vertex 0.731108 14.8821 0.299999
      vertex 0 14.9 0.299999
    endloop
  endfacet
  facet normal 0.317949 -0.631682 -0.707027
    outer loop
      vertex 7.02381 -13.1406 0.299999
      vertex 6.37057 -13.4694 0.299999
      vertex 6.88239 -12.876 0
    endloop
  endfacet
  facet normal 0.154946 0.690043 0.706988
    outer loop
      vertex 3.6204 14.4535 11.7
      vertex 2.84832 14.3195 12
      vertex 3.54751 14.1625 12
    endloop
  endfacet
  facet normal 0.37834 -0.597406 -0.707082
    outer loop
      vertex 7.66013 -12.7802 0.299999
      vertex 7.5059 -12.5228 0
      vertex 8.278 -12.3889 0.299999
    endloop
  endfacet
  facet normal 0.348519 -0.615343 -0.707027
    outer loop
      vertex 7.02381 -13.1406 0.299999
      vertex 6.88239 -12.876 0
      vertex 7.66013 -12.7802 0.299999
    endloop
  endfacet
  facet normal -0.154946 -0.690042 -0.70699
    outer loop
      vertex -2.84832 -14.3195 0
      vertex -3.6204 -14.4535 0.299999
      vertex -3.54751 -14.1625 0
    endloop
  endfacet
  facet normal -0.0735652 0.99729 0
    outer loop
      vertex -0.731108 14.8821 0.299999
      vertex -1.46045 14.8283 11.7
      vertex -0.731108 14.8821 11.7
    endloop
  endfacet
  facet normal -0.0735652 0.99729 0
    outer loop
      vertex -1.46045 14.8283 11.7
      vertex -0.731108 14.8821 0.299999
      vertex -1.46045 14.8283 0.299999
    endloop
  endfacet
  facet normal -0.0866379 0.701834 -0.707052
    outer loop
      vertex -1.43105 14.5297 0
      vertex -2.18628 14.7387 0.299999
      vertex -1.46045 14.8283 0.299999
    endloop
  endfacet
  facet normal -0.188657 0.681565 -0.707021
    outer loop
      vertex -4.23816 13.9713 0
      vertex -4.32524 14.2584 0.299999
      vertex -3.6204 14.4535 0.299999
    endloop
  endfacet
  facet normal -0.221829 0.671502 -0.70702
    outer loop
      vertex -4.23816 13.9713 0
      vertex -5.01966 14.029 0.299999
      vertex -4.32524 14.2584 0.299999
    endloop
  endfacet
  facet normal 0.435054 0.557566 -0.706999
    outer loop
      vertex 9.26214 11.286 0
      vertex 8.69721 11.7268 0
      vertex 9.45246 11.5179 0.299999
    endloop
  endfacet
  facet normal 0.724258 -0.689529 0
    outer loop
      vertex 10.5359 -10.5359 11.7
      vertex 11.0402 -10.0062 0.299999
      vertex 11.0402 -10.0062 11.7
    endloop
  endfacet
  facet normal 0.724258 -0.689529 0
    outer loop
      vertex 11.0402 -10.0062 0.299999
      vertex 10.5359 -10.5359 11.7
      vertex 10.5359 -10.5359 0.299999
    endloop
  endfacet
  facet normal 0.0520224 -0.705244 -0.707053
    outer loop
      vertex 1.46045 -14.8283 0.299999
      vertex 0.731108 -14.8821 0.299999
      vertex 1.43105 -14.5297 0
    endloop
  endfacet
  facet normal 0.407196 -0.578177 -0.707038
    outer loop
      vertex 8.87592 -11.9678 0.299999
      vertex 8.278 -12.3889 0.299999
      vertex 8.69721 -11.7268 0
    endloop
  endfacet
  facet normal -0.914192 0.405281 0
    outer loop
      vertex -13.7658 5.70198 0.299999
      vertex -13.4694 6.37057 11.7
      vertex -13.4694 6.37057 0.299999
    endloop
  endfacet
  facet normal -0.914192 0.405281 0
    outer loop
      vertex -13.4694 6.37057 11.7
      vertex -13.7658 5.70198 0.299999
      vertex -13.7658 5.70198 11.7
    endloop
  endfacet
  facet normal -0.646495 0.286605 -0.707038
    outer loop
      vertex -13.4886 5.58718 0
      vertex -13.7658 5.70198 0.299999
      vertex -13.4694 6.37057 0.299999
    endloop
  endfacet
  facet normal -0.017308 -0.706929 -0.707073
    outer loop
      vertex 0 -14.9 0.299999
      vertex -0.731108 -14.8821 0.299999
      vertex -0.716388 -14.5824 0
    endloop
  endfacet
  facet normal 0.557518 -0.435056 0.707036
    outer loop
      vertex 11.7268 -8.69721 12
      vertex 11.5179 -9.45246 11.7
      vertex 11.9678 -8.87592 11.7
    endloop
  endfacet
  facet normal 0.348533 0.615271 0.707083
    outer loop
      vertex 7.66013 12.7802 11.7
      vertex 6.88239 12.876 12
      vertex 7.5059 12.5228 12
    endloop
  endfacet
  facet normal 0.646534 0.286594 -0.707007
    outer loop
      vertex 13.4886 5.58718 0
      vertex 13.1982 6.2423 0
      vertex 13.4694 6.37057 0.299999
    endloop
  endfacet
  facet normal 0.646495 0.286605 -0.707038
    outer loop
      vertex 13.4886 5.58718 0
      vertex 13.4694 6.37057 0.299999
      vertex 13.7658 5.70198 0.299999
    endloop
  endfacet
  facet normal 0.378321 0.597565 0.706958
    outer loop
      vertex 8.278 12.3889 11.7
      vertex 7.5059 12.5228 12
      vertex 8.11133 12.1395 12
    endloop
  endfacet
  facet normal -0.120904 -0.696864 0.706939
    outer loop
      vertex -2.14226 -14.442 12
      vertex -2.84832 -14.3195 12
      vertex -2.18628 -14.7387 11.7
    endloop
  endfacet
  facet normal -0.286605 -0.646496 0.707036
    outer loop
      vertex -5.58718 -13.4886 12
      vertex -6.37057 -13.4694 11.7
      vertex -5.70198 -13.7658 11.7
    endloop
  endfacet
  facet normal -0.378341 -0.597407 0.70708
    outer loop
      vertex -7.5059 -12.5228 12
      vertex -8.278 -12.3889 11.7
      vertex -7.66013 -12.7802 11.7
    endloop
  endfacet
  facet normal -0.407196 -0.578178 0.707037
    outer loop
      vertex -8.69721 -11.7268 12
      vertex -8.87592 -11.9678 11.7
      vertex -8.278 -12.3889 11.7
    endloop
  endfacet
  facet normal 0.461951 0.535492 -0.707
    outer loop
      vertex 9.80476 10.8179 0
      vertex 9.26214 11.286 0
      vertex 9.45246 11.5179 0.299999
    endloop
  endfacet
  facet normal 0.286594 0.646535 0.707005
    outer loop
      vertex 6.37057 13.4694 11.7
      vertex 5.58718 13.4886 12
      vertex 6.2423 13.1982 12
    endloop
  endfacet
  facet normal 0.407293 0.578205 0.706959
    outer loop
      vertex 8.278 12.3889 11.7
      vertex 8.11133 12.1395 12
      vertex 8.69721 11.7268 12
    endloop
  endfacet
  facet normal -0.690075 0.15493 0.70696
    outer loop
      vertex -14.4535 3.6204 11.7
      vertex -14.6137 2.90685 11.7
      vertex -14.3195 2.84832 12
    endloop
  endfacet
  facet normal -0.992467 0.122515 0
    outer loop
      vertex -14.8283 1.46045 0.299999
      vertex -14.7387 2.18628 11.7
      vertex -14.7387 2.18628 0.299999
    endloop
  endfacet
  facet normal -0.992467 0.122515 0
    outer loop
      vertex -14.7387 2.18628 11.7
      vertex -14.8283 1.46045 0.299999
      vertex -14.8283 1.46045 11.7
    endloop
  endfacet
  facet normal -0.120904 0.696863 -0.70694
    outer loop
      vertex -2.14226 14.442 0
      vertex -2.84832 14.3195 0
      vertex -2.18628 14.7387 0.299999
    endloop
  endfacet
  facet normal -0.317973 -0.631693 0.707005
    outer loop
      vertex -6.2423 -13.1982 12
      vertex -6.88239 -12.876 12
      vertex -6.37057 -13.4694 11.7
    endloop
  endfacet
  facet normal -0.705245 0.0520225 0.707052
    outer loop
      vertex -14.8283 1.46045 11.7
      vertex -14.8821 0.731108 11.7
      vertex -14.5297 1.43105 12
    endloop
  endfacet
  facet normal -0.9997 0.0244761 0
    outer loop
      vertex -14.9 0 0.299999
      vertex -14.8821 0.731108 11.7
      vertex -14.8821 0.731108 0.299999
    endloop
  endfacet
  facet normal -0.9997 0.0244761 0
    outer loop
      vertex -14.8821 0.731108 11.7
      vertex -14.9 0 0.299999
      vertex -14.9 0 11.7
    endloop
  endfacet
  facet normal -0.705225 0.0520041 -0.707074
    outer loop
      vertex -14.5824 0.716388 0
      vertex -14.8821 0.731108 0.299999
      vertex -14.5297 1.43105 0
    endloop
  endfacet
  facet normal -0.701959 -0.0865592 0.706938
    outer loop
      vertex -14.5297 -1.43105 12
      vertex -14.7387 -2.18628 11.7
      vertex -14.442 -2.14226 12
    endloop
  endfacet
  facet normal 0.578204 -0.407293 -0.706961
    outer loop
      vertex 12.3889 -8.278 0.299999
      vertex 11.7268 -8.69721 0
      vertex 12.1395 -8.11133 0
    endloop
  endfacet
  facet normal -0.690042 0.154946 -0.70699
    outer loop
      vertex -14.3195 2.84832 0
      vertex -14.4535 3.6204 0.299999
      vertex -14.1625 3.54751 0
    endloop
  endfacet
  facet normal 0.348519 0.615343 -0.707027
    outer loop
      vertex 7.66013 12.7802 0.299999
      vertex 6.88239 12.876 0
      vertex 7.02381 13.1406 0.299999
    endloop
  endfacet
  facet normal -0.0520224 -0.705244 -0.707053
    outer loop
      vertex -0.731108 -14.8821 0.299999
      vertex -1.46045 -14.8283 0.299999
      vertex -1.43105 -14.5297 0
    endloop
  endfacet
  facet normal 0.932993 0.359895 0
    outer loop
      vertex 14.029 5.01966 11.7
      vertex 13.7658 5.70198 0.299999
      vertex 13.7658 5.70198 11.7
    endloop
  endfacet
  facet normal 0.932993 0.359895 0
    outer loop
      vertex 13.7658 5.70198 0.299999
      vertex 14.029 5.01966 11.7
      vertex 14.029 5.01966 0.299999
    endloop
  endfacet
  facet normal 0.535493 0.461952 0.706999
    outer loop
      vertex 11.5179 9.45246 11.7
      vertex 10.8179 9.80476 12
      vertex 11.286 9.26214 12
    endloop
  endfacet
  facet normal 0.120884 0.696846 -0.70696
    outer loop
      vertex 2.84832 14.3195 0
      vertex 2.18628 14.7387 0.299999
      vertex 2.90685 14.6137 0.299999
    endloop
  endfacet
  facet normal 0.170921 0.985285 -0
    outer loop
      vertex 2.90685 14.6137 0.299999
      vertex 2.18628 14.7387 11.7
      vertex 2.90685 14.6137 11.7
    endloop
  endfacet
  facet normal 0.170921 0.985285 0
    outer loop
      vertex 2.18628 14.7387 11.7
      vertex 2.90685 14.6137 0.299999
      vertex 2.18628 14.7387 0.299999
    endloop
  endfacet
  facet normal 0.757181 0.653205 0
    outer loop
      vertex 11.5179 9.45246 11.7
      vertex 11.0402 10.0062 0.299999
      vertex 11.0402 10.0062 11.7
    endloop
  endfacet
  facet normal 0.757181 0.653205 0
    outer loop
      vertex 11.0402 10.0062 0.299999
      vertex 11.5179 9.45246 11.7
      vertex 11.5179 9.45246 0.299999
    endloop
  endfacet
  facet normal 0.724258 0.689529 0
    outer loop
      vertex 11.0402 10.0062 11.7
      vertex 10.5359 10.5359 0.299999
      vertex 10.5359 10.5359 11.7
    endloop
  endfacet
  facet normal 0.724258 0.689529 0
    outer loop
      vertex 10.5359 10.5359 0.299999
      vertex 11.0402 10.0062 11.7
      vertex 11.0402 10.0062 0.299999
    endloop
  endfacet
  facet normal 0.84483 0.535035 0
    outer loop
      vertex 12.7802 7.66013 11.7
      vertex 12.3889 8.278 0.299999
      vertex 12.3889 8.278 11.7
    endloop
  endfacet
  facet normal 0.84483 0.535035 0
    outer loop
      vertex 12.3889 8.278 0.299999
      vertex 12.7802 7.66013 11.7
      vertex 12.7802 7.66013 0.299999
    endloop
  endfacet
  facet normal 0.0865592 0.701959 0.706938
    outer loop
      vertex 2.18628 14.7387 11.7
      vertex 1.43105 14.5297 12
      vertex 2.14226 14.442 12
    endloop
  endfacet
  facet normal -0.0865592 0.701959 0.706938
    outer loop
      vertex -1.43105 14.5297 12
      vertex -2.18628 14.7387 11.7
      vertex -2.14226 14.442 12
    endloop
  endfacet
  facet normal 0.435056 -0.557518 0.707036
    outer loop
      vertex 9.45246 -11.5179 11.7
      vertex 8.69721 -11.7268 12
      vertex 8.87592 -11.9678 11.7
    endloop
  endfacet
  facet normal 0.449597 0.893232 -0
    outer loop
      vertex 7.02381 13.1406 0.299999
      vertex 6.37057 13.4694 11.7
      vertex 7.02381 13.1406 11.7
    endloop
  endfacet
  facet normal 0.449597 0.893232 0
    outer loop
      vertex 6.37057 13.4694 11.7
      vertex 7.02381 13.1406 0.299999
      vertex 6.37057 13.4694 0.299999
    endloop
  endfacet
  facet normal 0.696864 -0.120904 0.706939
    outer loop
      vertex 14.442 -2.14226 12
      vertex 14.3195 -2.84832 12
      vertex 14.7387 -2.18628 11.7
    endloop
  endfacet
  facet normal 0.535035 0.84483 -0
    outer loop
      vertex 8.278 12.3889 0.299999
      vertex 7.66013 12.7802 11.7
      vertex 8.278 12.3889 11.7
    endloop
  endfacet
  facet normal 0.535035 0.84483 0
    outer loop
      vertex 7.66013 12.7802 11.7
      vertex 8.278 12.3889 0.299999
      vertex 7.66013 12.7802 0.299999
    endloop
  endfacet
  facet normal -0.631693 -0.317973 0.707005
    outer loop
      vertex -13.1982 -6.2423 12
      vertex -13.4694 -6.37057 11.7
      vertex -12.876 -6.88239 12
    endloop
  endfacet
  facet normal -0.615344 -0.34852 0.707026
    outer loop
      vertex -12.876 -6.88239 12
      vertex -13.1406 -7.02381 11.7
      vertex -12.7802 -7.66013 11.7
    endloop
  endfacet
  facet normal 0.34852 0.615344 0.707026
    outer loop
      vertex 7.02381 13.1406 11.7
      vertex 6.88239 12.876 12
      vertex 7.66013 12.7802 11.7
    endloop
  endfacet
  facet normal 0.975712 -0.219058 0
    outer loop
      vertex 14.4535 -3.6204 11.7
      vertex 14.6137 -2.90685 0.299999
      vertex 14.6137 -2.90685 11.7
    endloop
  endfacet
  facet normal 0.975712 -0.219058 0
    outer loop
      vertex 14.6137 -2.90685 0.299999
      vertex 14.4535 -3.6204 11.7
      vertex 14.4535 -3.6204 0.299999
    endloop
  endfacet
  facet normal 0.690042 -0.154946 -0.70699
    outer loop
      vertex 14.4535 -3.6204 0.299999
      vertex 14.1625 -3.54751 0
      vertex 14.3195 -2.84832 0
    endloop
  endfacet
  facet normal 0.557566 -0.435054 -0.706999
    outer loop
      vertex 11.5179 -9.45246 0.299999
      vertex 11.286 -9.26214 0
      vertex 11.7268 -8.69721 0
    endloop
  endfacet
  facet normal -0.487654 -0.512268 -0.706947
    outer loop
      vertex -9.80476 -10.8179 0
      vertex -10.5359 -10.5359 0.299999
      vertex -10.3238 -10.3238 0
    endloop
  endfacet
  facet normal 0.615201 -0.78837 0
    outer loop
      vertex 8.87592 -11.9678 0.299999
      vertex 9.45246 -11.5179 11.7
      vertex 8.87592 -11.9678 11.7
    endloop
  endfacet
  facet normal 0.615201 -0.78837 0
    outer loop
      vertex 9.45246 -11.5179 11.7
      vertex 8.87592 -11.9678 0.299999
      vertex 9.45246 -11.5179 0.299999
    endloop
  endfacet
  facet normal -0.0866379 -0.701834 -0.707052
    outer loop
      vertex -1.46045 -14.8283 0.299999
      vertex -2.18628 -14.7387 0.299999
      vertex -1.43105 -14.5297 0
    endloop
  endfacet
  facet normal 0.512211 -0.48765 -0.706992
    outer loop
      vertex 11.0402 -10.0062 0.299999
      vertex 10.5359 -10.5359 0.299999
      vertex 10.8179 -9.80476 0
    endloop
  endfacet
  facet normal 0.757181 -0.653205 0
    outer loop
      vertex 11.0402 -10.0062 11.7
      vertex 11.5179 -9.45246 0.299999
      vertex 11.5179 -9.45246 11.7
    endloop
  endfacet
  facet normal 0.757181 -0.653205 0
    outer loop
      vertex 11.5179 -9.45246 0.299999
      vertex 11.0402 -10.0062 11.7
      vertex 11.0402 -10.0062 0.299999
    endloop
  endfacet
  facet normal 0.557517 -0.435056 -0.707037
    outer loop
      vertex 11.9678 -8.87592 0.299999
      vertex 11.5179 -9.45246 0.299999
      vertex 11.7268 -8.69721 0
    endloop
  endfacet
  facet normal 0.286605 -0.646495 -0.707038
    outer loop
      vertex 5.70198 -13.7658 0.299999
      vertex 5.58718 -13.4886 0
      vertex 6.37057 -13.4694 0.299999
    endloop
  endfacet
  facet normal 0.999699 0.0245526 0
    outer loop
      vertex 14.883 0.694463 8.96066
      vertex 14.8821 0.731108 0.299999
      vertex 14.8821 0.731108 8.98647
    endloop
  endfacet
  facet normal 0.999732 0.0231479 -5.94671e-06
    outer loop
      vertex 14.8842 0.642628 8.92784
      vertex 14.8821 0.731108 0.299999
      vertex 14.883 0.694463 8.96066
    endloop
  endfacet
  facet normal 0.999704 0.024342 6.30535e-06
    outer loop
      vertex 14.8855 0.589246 8.8976
      vertex 14.8821 0.731108 0.299999
      vertex 14.8842 0.642628 8.92784
    endloop
  endfacet
  facet normal 0.999674 0.0255252 2.58399e-05
    outer loop
      vertex 14.8869 0.534444 8.87001
      vertex 14.8821 0.731108 0.299999
      vertex 14.8855 0.589246 8.8976
    endloop
  endfacet
  facet normal 0.999689 0.0249466 1.25534e-05
    outer loop
      vertex 14.8883 0.478354 8.84515
      vertex 14.8821 0.731108 0.299999
      vertex 14.8869 0.534444 8.87001
    endloop
  endfacet
  facet normal 0.999701 0.0244511 -2.11126e-06
    outer loop
      vertex 14.8897 0.421112 8.82307
      vertex 14.8821 0.731108 0.299999
      vertex 14.8883 0.478354 8.84515
    endloop
  endfacet
  facet normal 0.999711 0.0240303 -1.74256e-05
    outer loop
      vertex 14.8911 0.362855 8.80382
      vertex 14.8821 0.731108 0.299999
      vertex 14.8897 0.421112 8.82307
    endloop
  endfacet
  facet normal 0.99972 0.0236786 -3.26613e-05
    outer loop
      vertex 14.8925 0.303724 8.78746
      vertex 14.8821 0.731108 0.299999
      vertex 14.8911 0.362855 8.80382
    endloop
  endfacet
  facet normal 0.999686 0.0250417 3.60153e-05
    outer loop
      vertex 14.894 0.243862 8.77402
      vertex 14.8821 0.731108 0.299999
      vertex 14.8925 0.303724 8.78746
    endloop
  endfacet
  facet normal 0.999692 0.0248028 2.22716e-05
    outer loop
      vertex 14.8955 0.183413 8.76353
      vertex 14.8821 0.731108 0.299999
      vertex 14.894 0.243862 8.77402
    endloop
  endfacet
  facet normal 0.999697 0.024625 1.0757e-05
    outer loop
      vertex 14.897 0.122521 8.75602
      vertex 14.8821 0.731108 0.299999
      vertex 14.8955 0.183413 8.76353
    endloop
  endfacet
  facet normal 0.9997 0.0245074 2.28659e-06
    outer loop
      vertex 14.8985 0.0613337 8.7515
      vertex 14.8821 0.731108 0.299999
      vertex 14.897 0.122521 8.75602
    endloop
  endfacet
  facet normal 0.999701 0.0244491 -0
    outer loop
      vertex 14.9 0 0.299999
      vertex 14.8985 0.0613337 8.7515
      vertex 14.9 0 8.75
    endloop
  endfacet
  facet normal 0.9997 0.0244761 -1.95966e-07
    outer loop
      vertex 14.8985 0.0613337 8.7515
      vertex 14.9 0 0.299999
      vertex 14.8821 0.731108 0.299999
    endloop
  endfacet
  facet normal 0.999699 0.0245526 0
    outer loop
      vertex 14.8821 0.731108 11.7
      vertex 14.883 0.694463 11.0393
      vertex 14.8821 0.731108 11.0135
    endloop
  endfacet
  facet normal 0.999731 0.0231921 7.55022e-05
    outer loop
      vertex 14.8821 0.731108 11.7
      vertex 14.8842 0.642628 11.0722
      vertex 14.883 0.694463 11.0393
    endloop
  endfacet
  facet normal 0.999705 0.0242999 -8.07216e-05
    outer loop
      vertex 14.8821 0.731108 11.7
      vertex 14.8855 0.589246 11.1024
      vertex 14.8842 0.642628 11.0722
    endloop
  endfacet
  facet normal 0.999678 0.0253697 -0.000334816
    outer loop
      vertex 14.8821 0.731108 11.7
      vertex 14.8869 0.534444 11.13
      vertex 14.8855 0.589246 11.1024
    endloop
  endfacet
  facet normal 0.99969 0.024879 -0.000165426
    outer loop
      vertex 14.8821 0.731108 11.7
      vertex 14.8883 0.478354 11.1548
      vertex 14.8869 0.534444 11.13
    endloop
  endfacet
  facet normal 0.999701 0.0244612 2.83873e-05
    outer loop
      vertex 14.8821 0.731108 11.7
      vertex 14.8897 0.421112 11.1769
      vertex 14.8883 0.478354 11.1548
    endloop
  endfacet
  facet normal 0.999709 0.024104 0.000240179
    outer loop
      vertex 14.8821 0.731108 11.7
      vertex 14.8911 0.362855 11.1962
      vertex 14.8897 0.421112 11.1769
    endloop
  endfacet
  facet normal 0.999717 0.0237975 0.000464343
    outer loop
      vertex 14.8821 0.731108 11.7
      vertex 14.8925 0.303724 11.2125
      vertex 14.8911 0.362855 11.1962
    endloop
  endfacet
  facet normal 0.9997 0.0244761 -0.000130849
    outer loop
      vertex 14.9 0 11.7
      vertex 14.8925 0.303724 11.2125
      vertex 14.8821 0.731108 11.7
    endloop
  endfacet
  facet normal 0.999685 0.0251092 0.000263886
    outer loop
      vertex 14.8925 0.303724 11.2125
      vertex 14.9 0 11.7
      vertex 14.894 0.243862 11.226
    endloop
  endfacet
  facet normal 0.999692 0.0248273 0.000118734
    outer loop
      vertex 14.894 0.243862 11.226
      vertex 14.9 0 11.7
      vertex 14.8955 0.183413 11.2365
    endloop
  endfacet
  facet normal 0.999697 0.0246314 4.1164e-05
    outer loop
      vertex 14.8955 0.183413 11.2365
      vertex 14.9 0 11.7
      vertex 14.897 0.122521 11.244
    endloop
  endfacet
  facet normal 0.9997 0.0245081 8.02682e-06
    outer loop
      vertex 14.897 0.122521 11.244
      vertex 14.9 0 11.7
      vertex 14.8985 0.0613337 11.2485
    endloop
  endfacet
  facet normal 0.999701 0.0244491 0
    outer loop
      vertex 14.8985 0.0613337 11.2485
      vertex 14.9 0 11.7
      vertex 14.9 0 11.25
    endloop
  endfacet
  facet normal 0.70693 0.017308 0.707072
    outer loop
      vertex 14.8821 0.731108 11.7
      vertex 14.5824 0.716388 12
      vertex 14.9 0 11.7
    endloop
  endfacet
  facet normal 0.94953 -0.313675 0
    outer loop
      vertex 14.029 -5.01966 11.7
      vertex 14.2584 -4.32524 0.299999
      vertex 14.2584 -4.32524 11.7
    endloop
  endfacet
  facet normal 0.94953 -0.313675 0
    outer loop
      vertex 14.2584 -4.32524 0.299999
      vertex 14.029 -5.01966 11.7
      vertex 14.029 -5.01966 0.299999
    endloop
  endfacet
  facet normal 0.615271 -0.348533 0.707083
    outer loop
      vertex 12.876 -6.88239 12
      vertex 12.5228 -7.5059 12
      vertex 12.7802 -7.66013 11.7
    endloop
  endfacet
  facet normal 0.597407 -0.378341 0.70708
    outer loop
      vertex 12.5228 -7.5059 12
      vertex 12.3889 -8.278 11.7
      vertex 12.7802 -7.66013 11.7
    endloop
  endfacet
  facet normal 0.286594 -0.646534 -0.707007
    outer loop
      vertex 6.37057 -13.4694 0.299999
      vertex 5.58718 -13.4886 0
      vertex 6.2423 -13.1982 0
    endloop
  endfacet
  facet normal 0.631683 -0.317949 0.707026
    outer loop
      vertex 13.4694 -6.37057 11.7
      vertex 12.876 -6.88239 12
      vertex 13.1406 -7.02381 11.7
    endloop
  endfacet
  facet normal 0.61527 -0.348532 -0.707084
    outer loop
      vertex 12.7802 -7.66013 0.299999
      vertex 12.5228 -7.5059 0
      vertex 12.876 -6.88239 0
    endloop
  endfacet
  facet normal 0.461959 -0.535494 -0.706994
    outer loop
      vertex 10.0062 -11.0402 0.299999
      vertex 9.45246 -11.5179 0.299999
      vertex 9.80476 -10.8179 0
    endloop
  endfacet
  facet normal 0.313675 -0.94953 0
    outer loop
      vertex 4.32524 -14.2584 0.299999
      vertex 5.01966 -14.029 11.7
      vertex 4.32524 -14.2584 11.7
    endloop
  endfacet
  facet normal 0.313675 -0.94953 0
    outer loop
      vertex 5.01966 -14.029 11.7
      vertex 4.32524 -14.2584 0.299999
      vertex 5.01966 -14.029 0.299999
    endloop
  endfacet
  facet normal 0.34852 -0.615344 0.707026
    outer loop
      vertex 7.66013 -12.7802 11.7
      vertex 6.88239 -12.876 12
      vertex 7.02381 -13.1406 11.7
    endloop
  endfacet
  facet normal -0.0244761 -0.9997 0
    outer loop
      vertex -0.731108 -14.8821 0.299999
      vertex 0 -14.9 11.7
      vertex -0.731108 -14.8821 11.7
    endloop
  endfacet
  facet normal -0.0244761 -0.9997 -0
    outer loop
      vertex 0 -14.9 11.7
      vertex -0.731108 -14.8821 0.299999
      vertex 0 -14.9 0.299999
    endloop
  endfacet
  facet normal 0.221841 -0.671473 -0.707044
    outer loop
      vertex 5.01966 -14.029 0.299999
      vertex 4.23816 -13.9713 0
      vertex 4.91859 -13.7465 0
    endloop
  endfacet
  facet normal -0.221829 -0.671502 -0.70702
    outer loop
      vertex -4.32524 -14.2584 0.299999
      vertex -5.01966 -14.029 0.299999
      vertex -4.23816 -13.9713 0
    endloop
  endfacet
  facet normal -0.646496 -0.286605 0.707036
    outer loop
      vertex -13.4886 -5.58718 12
      vertex -13.7658 -5.70198 11.7
      vertex -13.4694 -6.37057 11.7
    endloop
  endfacet
  facet normal -0.78837 -0.615201 0
    outer loop
      vertex -11.5179 -9.45246 0.299999
      vertex -11.9678 -8.87592 11.7
      vertex -11.9678 -8.87592 0.299999
    endloop
  endfacet
  facet normal -0.78837 -0.615201 0
    outer loop
      vertex -11.9678 -8.87592 11.7
      vertex -11.5179 -9.45246 0.299999
      vertex -11.5179 -9.45246 11.7
    endloop
  endfacet
  facet normal 0.512269 -0.487655 0.706946
    outer loop
      vertex 10.8179 -9.80476 12
      vertex 10.3238 -10.3238 12
      vertex 10.5359 -10.5359 11.7
    endloop
  endfacet
  facet normal 0.407196 -0.578178 0.707037
    outer loop
      vertex 8.69721 -11.7268 12
      vertex 8.278 -12.3889 11.7
      vertex 8.87592 -11.9678 11.7
    endloop
  endfacet
  facet normal 0.701835 -0.086638 0.707051
    outer loop
      vertex 14.8283 -1.46045 11.7
      vertex 14.5297 -1.43105 12
      vertex 14.7387 -2.18628 11.7
    endloop
  endfacet
  facet normal 0.646496 -0.286605 0.707036
    outer loop
      vertex 13.4886 -5.58718 12
      vertex 13.4694 -6.37057 11.7
      vertex 13.7658 -5.70198 11.7
    endloop
  endfacet
  facet normal 0.154946 -0.690043 0.706988
    outer loop
      vertex 3.54751 -14.1625 12
      vertex 2.84832 -14.3195 12
      vertex 3.6204 -14.4535 11.7
    endloop
  endfacet
  facet normal 0.188692 -0.681589 0.706988
    outer loop
      vertex 4.23816 -13.9713 12
      vertex 3.54751 -14.1625 12
      vertex 3.6204 -14.4535 11.7
    endloop
  endfacet
  facet normal -0.689529 -0.724258 0
    outer loop
      vertex -10.5359 -10.5359 0.299999
      vertex -10.0062 -11.0402 11.7
      vertex -10.5359 -10.5359 11.7
    endloop
  endfacet
  facet normal -0.689529 -0.724258 -0
    outer loop
      vertex -10.0062 -11.0402 11.7
      vertex -10.5359 -10.5359 0.299999
      vertex -10.0062 -11.0402 0.299999
    endloop
  endfacet
  facet normal 0.707 -0.0173694 0.707
    outer loop
      vertex 14.6 0 12
      vertex 14.5824 -0.716388 12
      vertex 14.9 0 11.7
    endloop
  endfacet
  facet normal 0.219058 -0.975712 0
    outer loop
      vertex 2.90685 -14.6137 0.299999
      vertex 3.6204 -14.4535 11.7
      vertex 2.90685 -14.6137 11.7
    endloop
  endfacet
  facet normal 0.219058 -0.975712 0
    outer loop
      vertex 3.6204 -14.4535 11.7
      vertex 2.90685 -14.6137 0.299999
      vertex 3.6204 -14.4535 0.299999
    endloop
  endfacet
  facet normal 0.631683 0.317949 0.707026
    outer loop
      vertex 13.1406 7.02381 11.7
      vertex 12.876 6.88239 12
      vertex 13.4694 6.37057 11.7
    endloop
  endfacet
  facet normal 0.631693 0.317973 0.707005
    outer loop
      vertex 13.4694 6.37057 11.7
      vertex 12.876 6.88239 12
      vertex 13.1982 6.2423 12
    endloop
  endfacet
  facet normal 0.597565 0.378321 0.706958
    outer loop
      vertex 12.3889 8.278 11.7
      vertex 12.1395 8.11133 12
      vertex 12.5228 7.5059 12
    endloop
  endfacet
  facet normal 0.646495 -0.286605 -0.707038
    outer loop
      vertex 13.7658 -5.70198 0.299999
      vertex 13.4694 -6.37057 0.299999
      vertex 13.4886 -5.58718 0
    endloop
  endfacet
  facet normal -0.0244761 0.9997 0
    outer loop
      vertex 0 14.9 0.299999
      vertex -0.731108 14.8821 11.7
      vertex 0 14.9 11.7
    endloop
  endfacet
  facet normal -0.0244761 0.9997 0
    outer loop
      vertex -0.731108 14.8821 11.7
      vertex 0 14.9 0.299999
      vertex -0.731108 14.8821 0.299999
    endloop
  endfacet
  facet normal -0.94953 0.313675 0
    outer loop
      vertex -14.2584 4.32524 0.299999
      vertex -14.029 5.01966 11.7
      vertex -14.029 5.01966 0.299999
    endloop
  endfacet
  facet normal -0.94953 0.313675 0
    outer loop
      vertex -14.029 5.01966 11.7
      vertex -14.2584 4.32524 0.299999
      vertex -14.2584 4.32524 11.7
    endloop
  endfacet
  facet normal -0.671502 0.221829 -0.70702
    outer loop
      vertex -13.9713 4.23816 0
      vertex -14.2584 4.32524 0.299999
      vertex -14.029 5.01966 0.299999
    endloop
  endfacet
  facet normal -0.659791 0.254506 0.707038
    outer loop
      vertex -13.4886 5.58718 12
      vertex -13.7658 5.70198 11.7
      vertex -13.7465 4.91859 12
    endloop
  endfacet
  facet normal -0.646496 0.286605 0.707036
    outer loop
      vertex -13.4694 6.37057 11.7
      vertex -13.7658 5.70198 11.7
      vertex -13.4886 5.58718 12
    endloop
  endfacet
  facet normal 0.597564 -0.37832 -0.706959
    outer loop
      vertex 12.3889 -8.278 0.299999
      vertex 12.1395 -8.11133 0
      vertex 12.5228 -7.5059 0
    endloop
  endfacet
  facet normal 0.487655 -0.512269 0.706946
    outer loop
      vertex 10.3238 -10.3238 12
      vertex 9.80476 -10.8179 12
      vertex 10.5359 -10.5359 11.7
    endloop
  endfacet
  facet normal -0.535035 -0.84483 0
    outer loop
      vertex -8.278 -12.3889 0.299999
      vertex -7.66013 -12.7802 11.7
      vertex -8.278 -12.3889 11.7
    endloop
  endfacet
  facet normal -0.535035 -0.84483 -0
    outer loop
      vertex -7.66013 -12.7802 11.7
      vertex -8.278 -12.3889 0.299999
      vertex -7.66013 -12.7802 0.299999
    endloop
  endfacet
  facet normal 0.659785 -0.254507 -0.707043
    outer loop
      vertex 13.7658 -5.70198 0.299999
      vertex 13.7465 -4.91859 0
      vertex 14.029 -5.01966 0.299999
    endloop
  endfacet
  facet normal 0.615271 0.348533 0.707083
    outer loop
      vertex 12.7802 7.66013 11.7
      vertex 12.5228 7.5059 12
      vertex 12.876 6.88239 12
    endloop
  endfacet
  facet normal 0.120904 0.696864 0.706939
    outer loop
      vertex 2.18628 14.7387 11.7
      vertex 2.14226 14.442 12
      vertex 2.84832 14.3195 12
    endloop
  endfacet
  facet normal -0.99729 0.0735652 0
    outer loop
      vertex -14.8821 0.731108 0.299999
      vertex -14.8283 1.46045 11.7
      vertex -14.8283 1.46045 0.299999
    endloop
  endfacet
  facet normal -0.99729 0.0735652 0
    outer loop
      vertex -14.8283 1.46045 11.7
      vertex -14.8821 0.731108 0.299999
      vertex -14.8821 0.731108 11.7
    endloop
  endfacet
  facet normal -0.705245 -0.0520225 0.707052
    outer loop
      vertex -14.5297 -1.43105 12
      vertex -14.8821 -0.731108 11.7
      vertex -14.8283 -1.46045 11.7
    endloop
  endfacet
  facet normal -0.705226 -0.0520042 0.707073
    outer loop
      vertex -14.5824 -0.716388 12
      vertex -14.8821 -0.731108 11.7
      vertex -14.5297 -1.43105 12
    endloop
  endfacet
  facet normal -0.992467 -0.122515 0
    outer loop
      vertex -14.7387 -2.18628 0.299999
      vertex -14.8283 -1.46045 11.7
      vertex -14.8283 -1.46045 0.299999
    endloop
  endfacet
  facet normal -0.992467 -0.122515 0
    outer loop
      vertex -14.8283 -1.46045 11.7
      vertex -14.7387 -2.18628 0.299999
      vertex -14.7387 -2.18628 11.7
    endloop
  endfacet
  facet normal 0.512269 0.487655 0.706946
    outer loop
      vertex 10.5359 10.5359 11.7
      vertex 10.3238 10.3238 12
      vertex 10.8179 9.80476 12
    endloop
  endfacet
  facet normal 0.535495 0.46196 0.706992
    outer loop
      vertex 11.0402 10.0062 11.7
      vertex 10.8179 9.80476 12
      vertex 11.5179 9.45246 11.7
    endloop
  endfacet
  facet normal 0.893232 0.449597 0
    outer loop
      vertex 13.4694 6.37057 11.7
      vertex 13.1406 7.02381 0.299999
      vertex 13.1406 7.02381 11.7
    endloop
  endfacet
  facet normal 0.893232 0.449597 0
    outer loop
      vertex 13.1406 7.02381 0.299999
      vertex 13.4694 6.37057 11.7
      vertex 13.4694 6.37057 0.299999
    endloop
  endfacet
  facet normal -0.597565 -0.378321 0.706958
    outer loop
      vertex -12.1395 -8.11133 12
      vertex -12.5228 -7.5059 12
      vertex -12.3889 -8.278 11.7
    endloop
  endfacet
  facet normal 0.690075 -0.15493 0.70696
    outer loop
      vertex 14.6137 -2.90685 11.7
      vertex 14.3195 -2.84832 12
      vertex 14.4535 -3.6204 11.7
    endloop
  endfacet
  facet normal 0.407293 -0.578204 -0.706961
    outer loop
      vertex 8.278 -12.3889 0.299999
      vertex 8.11133 -12.1395 0
      vertex 8.69721 -11.7268 0
    endloop
  endfacet
  facet normal -0.017308 -0.70693 0.707072
    outer loop
      vertex -0.716388 -14.5824 12
      vertex -0.731108 -14.8821 11.7
      vertex 0 -14.9 11.7
    endloop
  endfacet
  facet normal 0.46196 -0.535495 0.706992
    outer loop
      vertex 9.80476 -10.8179 12
      vertex 9.45246 -11.5179 11.7
      vertex 10.0062 -11.0402 11.7
    endloop
  endfacet
  facet normal 0.689529 -0.724258 0
    outer loop
      vertex 10.0062 -11.0402 0.299999
      vertex 10.5359 -10.5359 11.7
      vertex 10.0062 -11.0402 11.7
    endloop
  endfacet
  facet normal 0.689529 -0.724258 0
    outer loop
      vertex 10.5359 -10.5359 11.7
      vertex 10.0062 -11.0402 0.299999
      vertex 10.5359 -10.5359 0.299999
    endloop
  endfacet
  facet normal 0.696863 -0.120904 -0.70694
    outer loop
      vertex 14.7387 -2.18628 0.299999
      vertex 14.3195 -2.84832 0
      vertex 14.442 -2.14226 0
    endloop
  endfacet
  facet normal 0.701957 -0.0865591 -0.706939
    outer loop
      vertex 14.7387 -2.18628 0.299999
      vertex 14.442 -2.14226 0
      vertex 14.5297 -1.43105 0
    endloop
  endfacet
  facet normal 0.512268 -0.487654 -0.706947
    outer loop
      vertex 10.5359 -10.5359 0.299999
      vertex 10.3238 -10.3238 0
      vertex 10.8179 -9.80476 0
    endloop
  endfacet
  facet normal 0.78837 -0.615201 0
    outer loop
      vertex 11.5179 -9.45246 11.7
      vertex 11.9678 -8.87592 0.299999
      vertex 11.9678 -8.87592 11.7
    endloop
  endfacet
  facet normal 0.78837 -0.615201 0
    outer loop
      vertex 11.9678 -8.87592 0.299999
      vertex 11.5179 -9.45246 11.7
      vertex 11.5179 -9.45246 0.299999
    endloop
  endfacet
  facet normal 0.705226 -0.0520042 0.707073
    outer loop
      vertex 14.5824 -0.716388 12
      vertex 14.5297 -1.43105 12
      vertex 14.8821 -0.731108 11.7
    endloop
  endfacet
  facet normal -0.0520041 -0.705225 -0.707074
    outer loop
      vertex -0.731108 -14.8821 0.299999
      vertex -1.43105 -14.5297 0
      vertex -0.716388 -14.5824 0
    endloop
  endfacet
  facet normal 0.535035 -0.84483 0
    outer loop
      vertex 7.66013 -12.7802 0.299999
      vertex 8.278 -12.3889 11.7
      vertex 7.66013 -12.7802 11.7
    endloop
  endfacet
  facet normal 0.535035 -0.84483 0
    outer loop
      vertex 8.278 -12.3889 11.7
      vertex 7.66013 -12.7802 0.299999
      vertex 8.278 -12.3889 0.299999
    endloop
  endfacet
  facet normal 0.997274 -0.0737901 0
    outer loop
      vertex 14.8821 -0.731108 11.7
      vertex 14.8811 -0.744623 11.004
      vertex 14.8821 -0.731108 11.0135
    endloop
  endfacet
  facet normal 0.997241 -0.0742307 8.60245e-06
    outer loop
      vertex 14.8821 -0.731108 11.7
      vertex 14.8775 -0.792991 10.9663
      vertex 14.8811 -0.744623 11.004
    endloop
  endfacet
  facet normal 0.99729 -0.0735652 -4.78366e-05
    outer loop
      vertex 14.8283 -1.46045 11.7
      vertex 14.8775 -0.792991 10.9663
      vertex 14.8821 -0.731108 11.7
    endloop
  endfacet
  facet normal 0.997316 -0.0732204 0.00026754
    outer loop
      vertex 14.8775 -0.792991 10.9663
      vertex 14.8283 -1.46045 11.7
      vertex 14.8741 -0.839448 10.9262
    endloop
  endfacet
  facet normal 0.99727 -0.073841 -0.000233213
    outer loop
      vertex 14.8741 -0.839448 10.9262
      vertex 14.8283 -1.46045 11.7
      vertex 14.8708 -0.883883 10.8839
    endloop
  endfacet
  facet normal 0.997312 -0.0732653 0.000175738
    outer loop
      vertex 14.8708 -0.883883 10.8839
      vertex 14.8283 -1.46045 11.7
      vertex 14.8677 -0.926188 10.8394
    endloop
  endfacet
  facet normal 0.997244 -0.0741891 -0.000400911
    outer loop
      vertex 14.8677 -0.926188 10.8394
      vertex 14.8283 -1.46045 11.7
      vertex 14.8647 -0.966263 10.793
    endloop
  endfacet
  facet normal 0.997276 -0.073762 -0.000166903
    outer loop
      vertex 14.8647 -0.966263 10.793
      vertex 14.8283 -1.46045 11.7
      vertex 14.8619 -1.00401 10.7446
    endloop
  endfacet
  facet normal 0.997302 -0.0734019 6.059e-06
    outer loop
      vertex 14.8619 -1.00401 10.7446
      vertex 14.8283 -1.46045 11.7
      vertex 14.8593 -1.03934 10.6945
    endloop
  endfacet
  facet normal 0.997323 -0.0731246 0.000122829
    outer loop
      vertex 14.8593 -1.03934 10.6945
      vertex 14.8283 -1.46045 11.7
      vertex 14.8569 -1.07216 10.6426
    endloop
  endfacet
  facet normal 0.997338 -0.0729127 0.000201055
    outer loop
      vertex 14.8569 -1.07216 10.6426
      vertex 14.8283 -1.46045 11.7
      vertex 14.8547 -1.1024 10.5892
    endloop
  endfacet
  facet normal 0.997185 -0.0749732 -0.000466753
    outer loop
      vertex 14.8547 -1.1024 10.5892
      vertex 14.8283 -1.46045 11.7
      vertex 14.8526 -1.12999 10.5344
    endloop
  endfacet
  facet normal 0.997357 -0.0726527 0.000194714
    outer loop
      vertex 14.8526 -1.12999 10.5344
      vertex 14.8283 -1.46045 11.7
      vertex 14.8508 -1.15485 10.4784
    endloop
  endfacet
  facet normal 0.997388 -0.07223 0.000152179
    outer loop
      vertex 14.8439 -1.24849 10.0613
      vertex 14.8283 -1.46045 11.7
      vertex 14.8438 -1.25 10
    endloop
  endfacet
  facet normal 0.997487 -0.0708506 0.000331541
    outer loop
      vertex 14.8442 -1.24398 10.1225
      vertex 14.8283 -1.46045 11.7
      vertex 14.8439 -1.24849 10.0613
    endloop
  endfacet
  facet normal 0.997087 -0.0762776 -0.000417198
    outer loop
      vertex 14.8448 -1.23647 10.1834
      vertex 14.8283 -1.46045 11.7
      vertex 14.8442 -1.24398 10.1225
    endloop
  endfacet
  facet normal 0.997564 -0.0697508 0.000551913
    outer loop
      vertex 14.8455 -1.22598 10.2439
      vertex 14.8283 -1.46045 11.7
      vertex 14.8448 -1.23647 10.1834
    endloop
  endfacet
  facet normal 0.997276 -0.0737659 -9.80315e-05
    outer loop
      vertex 14.8465 -1.21254 10.3037
      vertex 14.8283 -1.46045 11.7
      vertex 14.8455 -1.22598 10.2439
    endloop
  endfacet
  facet normal 0.997321 -0.0731509 1.17445e-05
    outer loop
      vertex 14.8477 -1.19617 10.3629
      vertex 14.8283 -1.46045 11.7
      vertex 14.8465 -1.21254 10.3037
    endloop
  endfacet
  facet normal 0.997105 -0.0760372 -0.000561875
    outer loop
      vertex 14.8492 -1.17693 10.4211
      vertex 14.8283 -1.46045 11.7
      vertex 14.8477 -1.19617 10.3629
    endloop
  endfacet
  facet normal 0.997352 -0.072728 0.000175777
    outer loop
      vertex 14.8508 -1.15485 10.4784
      vertex 14.8283 -1.46045 11.7
      vertex 14.8492 -1.17693 10.4211
    endloop
  endfacet
  facet normal 0.997275 -0.0737776 1.79258e-05
    outer loop
      vertex 14.8283 -1.46045 0.299999
      vertex 14.8821 -0.731108 8.98647
      vertex 14.8811 -0.744623 8.99599
    endloop
  endfacet
  facet normal 0.997245 -0.074184 5.15672e-05
    outer loop
      vertex 14.8283 -1.46045 0.299999
      vertex 14.8811 -0.744623 8.99599
      vertex 14.8775 -0.792991 9.03374
    endloop
  endfacet
  facet normal 0.99733 -0.073023 -3.76431e-05
    outer loop
      vertex 14.8283 -1.46045 0.299999
      vertex 14.8775 -0.792991 9.03374
      vertex 14.8741 -0.839448 9.07381
    endloop
  endfacet
  facet normal 0.997256 -0.0740296 3.39903e-05
    outer loop
      vertex 14.8283 -1.46045 0.299999
      vertex 14.8741 -0.839448 9.07381
      vertex 14.8708 -0.883883 9.11612
    endloop
  endfacet
  facet normal 0.997324 -0.0731092 -2.65351e-05
    outer loop
      vertex 14.8283 -1.46045 0.299999
      vertex 14.8708 -0.883883 9.11612
      vertex 14.8677 -0.926188 9.16055
    endloop
  endfacet
  facet normal 0.997215 -0.0745786 6.25536e-05
    outer loop
      vertex 14.8283 -1.46045 0.299999
      vertex 14.8677 -0.926188 9.16055
      vertex 14.8647 -0.966263 9.20701
    endloop
  endfacet
  facet normal 0.997263 -0.0739405 2.69528e-05
    outer loop
      vertex 14.8283 -1.46045 0.299999
      vertex 14.8647 -0.966263 9.20701
      vertex 14.8619 -1.00401 9.25538
    endloop
  endfacet
  facet normal 0.997303 -0.0733948 -1.01115e-06
    outer loop
      vertex 14.8283 -1.46045 0.299999
      vertex 14.8619 -1.00401 9.25538
      vertex 14.8593 -1.03934 9.30554
    endloop
  endfacet
  facet normal 0.997335 -0.0729648 -2.12295e-05
    outer loop
      vertex 14.8283 -1.46045 0.299999
      vertex 14.8593 -1.03934 9.30554
      vertex 14.8569 -1.07216 9.35737
    endloop
  endfacet
  facet normal 0.997359 -0.0726227 -3.59713e-05
    outer loop
      vertex 14.8283 -1.46045 0.299999
      vertex 14.8569 -1.07216 9.35737
      vertex 14.8547 -1.1024 9.41075
    endloop
  endfacet
  facet normal 0.997129 -0.075724 8.65767e-05
    outer loop
      vertex 14.8283 -1.46045 0.299999
      vertex 14.8547 -1.1024 9.41075
      vertex 14.8526 -1.12999 9.46556
    endloop
  endfacet
  facet normal 0.997383 -0.0723006 -3.75246e-05
    outer loop
      vertex 14.8283 -1.46045 0.299999
      vertex 14.8526 -1.12999 9.46556
      vertex 14.8508 -1.15485 9.52165
    endloop
  endfacet
  facet normal 0.997378 -0.0723655 -3.5365e-05
    outer loop
      vertex 14.8283 -1.46045 0.299999
      vertex 14.8508 -1.15485 9.52165
      vertex 14.8492 -1.17693 9.57889
    endloop
  endfacet
  facet normal 0.997002 -0.0773704 0.000118409
    outer loop
      vertex 14.8283 -1.46045 0.299999
      vertex 14.8492 -1.17693 9.57889
      vertex 14.8477 -1.19617 9.63714
    endloop
  endfacet
  facet normal 0.997323 -0.0731181 -2.6165e-06
    outer loop
      vertex 14.8283 -1.46045 0.299999
      vertex 14.8477 -1.19617 9.63714
      vertex 14.8465 -1.21254 9.69627
    endloop
  endfacet
  facet normal 0.997251 -0.0740963 2.33328e-05
    outer loop
      vertex 14.8283 -1.46045 0.299999
      vertex 14.8465 -1.21254 9.69627
      vertex 14.8455 -1.22598 9.75614
    endloop
  endfacet
  facet normal 0.997726 -0.0674051 -0.000143443
    outer loop
      vertex 14.8283 -1.46045 0.299999
      vertex 14.8455 -1.22598 9.75614
      vertex 14.8448 -1.23647 9.81659
    endloop
  endfacet
  facet normal 0.996902 -0.0786514 0.000122675
    outer loop
      vertex 14.8283 -1.46045 0.299999
      vertex 14.8448 -1.23647 9.81659
      vertex 14.8442 -1.24398 9.87748
    endloop
  endfacet
  facet normal 0.996424 -0.0844849 -0.00134172
    outer loop
      vertex 14.8283 -1.46045 11.7
      vertex 14.8442 -1.24398 9.87748
      vertex 14.8439 -1.24849 9.93867
    endloop
  endfacet
  facet normal 0.997162 -0.0752812 -0.000227594
    outer loop
      vertex 14.8283 -1.46045 11.7
      vertex 14.8439 -1.24849 9.93867
      vertex 14.8438 -1.25 10
    endloop
  endfacet
  facet normal 0.997313 -0.0732539 0
    outer loop
      vertex 14.8442 -1.24398 9.87748
      vertex 14.8283 -1.46045 11.7
      vertex 14.8283 -1.46045 0.299999
    endloop
  endfacet
  facet normal 0.99729 -0.0735652 0
    outer loop
      vertex 14.8821 -0.731108 8.98647
      vertex 14.8283 -1.46045 0.299999
      vertex 14.8821 -0.731108 0.299999
    endloop
  endfacet
  facet normal 0.999701 -0.0244491 0
    outer loop
      vertex 14.8985 -0.0613337 8.7515
      vertex 14.9 0 0.299999
      vertex 14.9 0 8.75
    endloop
  endfacet
  facet normal 0.9997 -0.0245076 -4.24756e-07
    outer loop
      vertex 14.897 -0.122521 8.75602
      vertex 14.9 0 0.299999
      vertex 14.8985 -0.0613337 8.7515
    endloop
  endfacet
  facet normal 0.999697 -0.024625 1.0757e-05
    outer loop
      vertex 14.8821 -0.731108 0.299999
      vertex 14.897 -0.122521 8.75602
      vertex 14.8955 -0.183413 8.76353
    endloop
  endfacet
  facet normal 0.999692 -0.0248028 2.22716e-05
    outer loop
      vertex 14.8821 -0.731108 0.299999
      vertex 14.8955 -0.183413 8.76353
      vertex 14.894 -0.243862 8.77402
    endloop
  endfacet
  facet normal 0.999686 -0.0250417 3.60153e-05
    outer loop
      vertex 14.8821 -0.731108 0.299999
      vertex 14.894 -0.243862 8.77402
      vertex 14.8925 -0.303724 8.78746
    endloop
  endfacet
  facet normal 0.99972 -0.0236786 -3.26613e-05
    outer loop
      vertex 14.8821 -0.731108 0.299999
      vertex 14.8925 -0.303724 8.78746
      vertex 14.8911 -0.362855 8.80382
    endloop
  endfacet
  facet normal 0.999711 -0.0240303 -1.74256e-05
    outer loop
      vertex 14.8821 -0.731108 0.299999
      vertex 14.8911 -0.362855 8.80382
      vertex 14.8897 -0.421112 8.82307
    endloop
  endfacet
  facet normal 0.999701 -0.0244511 -2.11126e-06
    outer loop
      vertex 14.8821 -0.731108 0.299999
      vertex 14.8897 -0.421112 8.82307
      vertex 14.8883 -0.478354 8.84515
    endloop
  endfacet
  facet normal 0.999689 -0.0249466 1.25534e-05
    outer loop
      vertex 14.8821 -0.731108 0.299999
      vertex 14.8883 -0.478354 8.84515
      vertex 14.8869 -0.534444 8.87001
    endloop
  endfacet
  facet normal 0.999674 -0.0255252 2.58399e-05
    outer loop
      vertex 14.8821 -0.731108 0.299999
      vertex 14.8869 -0.534444 8.87001
      vertex 14.8855 -0.589246 8.8976
    endloop
  endfacet
  facet normal 0.999704 -0.024342 6.30535e-06
    outer loop
      vertex 14.8821 -0.731108 0.299999
      vertex 14.8855 -0.589246 8.8976
      vertex 14.8842 -0.642628 8.92784
    endloop
  endfacet
  facet normal 0.999732 -0.0231479 -5.94671e-06
    outer loop
      vertex 14.8821 -0.731108 0.299999
      vertex 14.8842 -0.642628 8.92784
      vertex 14.883 -0.694463 8.96066
    endloop
  endfacet
  facet normal 0.999699 -0.0245526 0
    outer loop
      vertex 14.8821 -0.731108 0.299999
      vertex 14.883 -0.694463 8.96066
      vertex 14.8821 -0.731108 8.98647
    endloop
  endfacet
  facet normal 0.9997 -0.0244761 3.20337e-08
    outer loop
      vertex 14.897 -0.122521 8.75602
      vertex 14.8821 -0.731108 0.299999
      vertex 14.9 0 0.299999
    endloop
  endfacet
  facet normal 0.999701 -0.0244491 0
    outer loop
      vertex 14.9 0 11.7
      vertex 14.8985 -0.0613337 11.2485
      vertex 14.9 0 11.25
    endloop
  endfacet
  facet normal 0.9997 -0.0245081 8.02682e-06
    outer loop
      vertex 14.9 0 11.7
      vertex 14.897 -0.122521 11.244
      vertex 14.8985 -0.0613337 11.2485
    endloop
  endfacet
  facet normal 0.999697 -0.0246314 4.1164e-05
    outer loop
      vertex 14.9 0 11.7
      vertex 14.8955 -0.183413 11.2365
      vertex 14.897 -0.122521 11.244
    endloop
  endfacet
  facet normal 0.999692 -0.0248273 0.000118734
    outer loop
      vertex 14.9 0 11.7
      vertex 14.894 -0.243862 11.226
      vertex 14.8955 -0.183413 11.2365
    endloop
  endfacet
  facet normal 0.999685 -0.0251092 0.000263886
    outer loop
      vertex 14.9 0 11.7
      vertex 14.8925 -0.303724 11.2125
      vertex 14.894 -0.243862 11.226
    endloop
  endfacet
  facet normal 0.9997 -0.0244761 -0.000130849
    outer loop
      vertex 14.8821 -0.731108 11.7
      vertex 14.8925 -0.303724 11.2125
      vertex 14.9 0 11.7
    endloop
  endfacet
  facet normal 0.999717 -0.0237975 0.000464343
    outer loop
      vertex 14.8925 -0.303724 11.2125
      vertex 14.8821 -0.731108 11.7
      vertex 14.8911 -0.362855 11.1962
    endloop
  endfacet
  facet normal 0.999709 -0.024104 0.000240179
    outer loop
      vertex 14.8911 -0.362855 11.1962
      vertex 14.8821 -0.731108 11.7
      vertex 14.8897 -0.421112 11.1769
    endloop
  endfacet
  facet normal 0.999701 -0.0244612 2.83873e-05
    outer loop
      vertex 14.8897 -0.421112 11.1769
      vertex 14.8821 -0.731108 11.7
      vertex 14.8883 -0.478354 11.1548
    endloop
  endfacet
  facet normal 0.99969 -0.024879 -0.000165426
    outer loop
      vertex 14.8883 -0.478354 11.1548
      vertex 14.8821 -0.731108 11.7
      vertex 14.8869 -0.534444 11.13
    endloop
  endfacet
  facet normal 0.999678 -0.0253697 -0.000334816
    outer loop
      vertex 14.8869 -0.534444 11.13
      vertex 14.8821 -0.731108 11.7
      vertex 14.8855 -0.589246 11.1024
    endloop
  endfacet
  facet normal 0.999705 -0.0242999 -8.07216e-05
    outer loop
      vertex 14.8855 -0.589246 11.1024
      vertex 14.8821 -0.731108 11.7
      vertex 14.8842 -0.642628 11.0722
    endloop
  endfacet
  facet normal 0.999731 -0.0231921 7.55022e-05
    outer loop
      vertex 14.8842 -0.642628 11.0722
      vertex 14.8821 -0.731108 11.7
      vertex 14.883 -0.694463 11.0393
    endloop
  endfacet
  facet normal 0.999699 -0.0245526 0
    outer loop
      vertex 14.883 -0.694463 11.0393
      vertex 14.8821 -0.731108 11.7
      vertex 14.8821 -0.731108 11.0135
    endloop
  endfacet
  facet normal -0.696864 0.120904 0.706939
    outer loop
      vertex -14.3195 2.84832 12
      vertex -14.7387 2.18628 11.7
      vertex -14.442 2.14226 12
    endloop
  endfacet
  facet normal -0.701959 0.0865592 0.706938
    outer loop
      vertex -14.442 2.14226 12
      vertex -14.7387 2.18628 11.7
      vertex -14.5297 1.43105 12
    endloop
  endfacet
  facet normal 0.681566 -0.188658 0.707019
    outer loop
      vertex 14.4535 -3.6204 11.7
      vertex 13.9713 -4.23816 12
      vertex 14.2584 -4.32524 11.7
    endloop
  endfacet
  facet normal 0.154929 -0.690074 -0.706962
    outer loop
      vertex 2.90685 -14.6137 0.299999
      vertex 2.84832 -14.3195 0
      vertex 3.6204 -14.4535 0.299999
    endloop
  endfacet
  facet normal 0.120884 -0.696846 -0.70696
    outer loop
      vertex 2.90685 -14.6137 0.299999
      vertex 2.18628 -14.7387 0.299999
      vertex 2.84832 -14.3195 0
    endloop
  endfacet
  facet normal 0.154946 -0.690042 -0.70699
    outer loop
      vertex 3.6204 -14.4535 0.299999
      vertex 2.84832 -14.3195 0
      vertex 3.54751 -14.1625 0
    endloop
  endfacet
  facet normal 0.188691 -0.681588 -0.706989
    outer loop
      vertex 3.6204 -14.4535 0.299999
      vertex 3.54751 -14.1625 0
      vertex 4.23816 -13.9713 0
    endloop
  endfacet
  facet normal 0.659786 -0.254508 0.707042
    outer loop
      vertex 14.029 -5.01966 11.7
      vertex 13.7465 -4.91859 12
      vertex 13.7658 -5.70198 11.7
    endloop
  endfacet
  facet normal 0.893232 -0.449597 0
    outer loop
      vertex 13.1406 -7.02381 11.7
      vertex 13.4694 -6.37057 0.299999
      vertex 13.4694 -6.37057 11.7
    endloop
  endfacet
  facet normal 0.893232 -0.449597 0
    outer loop
      vertex 13.4694 -6.37057 0.299999
      vertex 13.1406 -7.02381 11.7
      vertex 13.1406 -7.02381 0.299999
    endloop
  endfacet
  facet normal -0.122515 -0.992467 0
    outer loop
      vertex -2.18628 -14.7387 0.299999
      vertex -1.46045 -14.8283 11.7
      vertex -2.18628 -14.7387 11.7
    endloop
  endfacet
  facet normal -0.122515 -0.992467 -0
    outer loop
      vertex -1.46045 -14.8283 11.7
      vertex -2.18628 -14.7387 0.299999
      vertex -1.46045 -14.8283 0.299999
    endloop
  endfacet
  facet normal 0.0244761 -0.9997 0
    outer loop
      vertex 0 -14.9 0.299999
      vertex 0.731108 -14.8821 11.7
      vertex 0 -14.9 11.7
    endloop
  endfacet
  facet normal 0.0244761 -0.9997 0
    outer loop
      vertex 0.731108 -14.8821 11.7
      vertex 0 -14.9 0.299999
      vertex 0.731108 -14.8821 0.299999
    endloop
  endfacet
  facet normal -0.170921 -0.985285 0
    outer loop
      vertex -2.90685 -14.6137 0.299999
      vertex -2.18628 -14.7387 11.7
      vertex -2.90685 -14.6137 11.7
    endloop
  endfacet
  facet normal -0.170921 -0.985285 -0
    outer loop
      vertex -2.18628 -14.7387 11.7
      vertex -2.90685 -14.6137 0.299999
      vertex -2.18628 -14.7387 0.299999
    endloop
  endfacet
  facet normal -0.120884 -0.696846 -0.70696
    outer loop
      vertex -2.18628 -14.7387 0.299999
      vertex -2.90685 -14.6137 0.299999
      vertex -2.84832 -14.3195 0
    endloop
  endfacet
  facet normal -0.188658 -0.681566 0.707019
    outer loop
      vertex -4.23816 -13.9713 12
      vertex -4.32524 -14.2584 11.7
      vertex -3.6204 -14.4535 11.7
    endloop
  endfacet
  facet normal -0.22183 -0.671503 0.707018
    outer loop
      vertex -4.23816 -13.9713 12
      vertex -5.01966 -14.029 11.7
      vertex -4.32524 -14.2584 11.7
    endloop
  endfacet
  facet normal -0.681566 0.188658 0.707019
    outer loop
      vertex -14.2584 4.32524 11.7
      vertex -14.4535 3.6204 11.7
      vertex -13.9713 4.23816 12
    endloop
  endfacet
  facet normal -0.671503 0.22183 0.707018
    outer loop
      vertex -14.029 5.01966 11.7
      vertex -14.2584 4.32524 11.7
      vertex -13.9713 4.23816 12
    endloop
  endfacet
  facet normal -0.975712 0.219058 0
    outer loop
      vertex -14.6137 2.90685 0.299999
      vertex -14.4535 3.6204 11.7
      vertex -14.4535 3.6204 0.299999
    endloop
  endfacet
  facet normal -0.975712 0.219058 0
    outer loop
      vertex -14.4535 3.6204 11.7
      vertex -14.6137 2.90685 0.299999
      vertex -14.6137 2.90685 11.7
    endloop
  endfacet
  facet normal 0.671474 -0.221841 0.707043
    outer loop
      vertex 13.9713 -4.23816 12
      vertex 13.7465 -4.91859 12
      vertex 14.029 -5.01966 11.7
    endloop
  endfacet
  facet normal 0.48765 -0.512211 -0.706992
    outer loop
      vertex 10.0062 -11.0402 0.299999
      vertex 9.80476 -10.8179 0
      vertex 10.5359 -10.5359 0.299999
    endloop
  endfacet
  facet normal 0.578177 -0.407196 -0.707038
    outer loop
      vertex 11.9678 -8.87592 0.299999
      vertex 11.7268 -8.69721 0
      vertex 12.3889 -8.278 0.299999
    endloop
  endfacet
  facet normal 0.817587 -0.575806 0
    outer loop
      vertex 11.9678 -8.87592 11.7
      vertex 12.3889 -8.278 0.299999
      vertex 12.3889 -8.278 11.7
    endloop
  endfacet
  facet normal 0.817587 -0.575806 0
    outer loop
      vertex 12.3889 -8.278 0.299999
      vertex 11.9678 -8.87592 11.7
      vertex 11.9678 -8.87592 0.299999
    endloop
  endfacet
  facet normal 0.359895 -0.932993 0
    outer loop
      vertex 5.01966 -14.029 0.299999
      vertex 5.70198 -13.7658 11.7
      vertex 5.01966 -14.029 11.7
    endloop
  endfacet
  facet normal 0.359895 -0.932993 0
    outer loop
      vertex 5.70198 -13.7658 11.7
      vertex 5.01966 -14.029 0.299999
      vertex 5.70198 -13.7658 0.299999
    endloop
  endfacet
  facet normal 0.492825 -0.870129 0
    outer loop
      vertex 7.02381 -13.1406 0.299999
      vertex 7.66013 -12.7802 11.7
      vertex 7.02381 -13.1406 11.7
    endloop
  endfacet
  facet normal 0.492825 -0.870129 0
    outer loop
      vertex 7.66013 -12.7802 11.7
      vertex 7.02381 -13.1406 0.299999
      vertex 7.66013 -12.7802 0.299999
    endloop
  endfacet
  facet normal 0.631693 -0.317973 0.707005
    outer loop
      vertex 13.1982 -6.2423 12
      vertex 12.876 -6.88239 12
      vertex 13.4694 -6.37057 11.7
    endloop
  endfacet
  facet normal 0.690074 -0.154929 -0.706962
    outer loop
      vertex 14.4535 -3.6204 0.299999
      vertex 14.3195 -2.84832 0
      vertex 14.6137 -2.90685 0.299999
    endloop
  endfacet
  facet normal 0.696846 -0.120884 -0.70696
    outer loop
      vertex 14.6137 -2.90685 0.299999
      vertex 14.3195 -2.84832 0
      vertex 14.7387 -2.18628 0.299999
    endloop
  endfacet
  facet normal 0 0 1
    outer loop
      vertex 6.625 0 12
      vertex 14.6 0 12
      vertex 14.5824 0.716388 12
    endloop
  endfacet
  facet normal 0 0 1
    outer loop
      vertex 6.61702 0.325073 12
      vertex 14.5824 0.716388 12
      vertex 14.5297 1.43105 12
    endloop
  endfacet
  facet normal 0 0 1
    outer loop
      vertex 14.6 0 12
      vertex 6.625 0 12
      vertex 14.5824 -0.716388 12
    endloop
  endfacet
  facet normal 0 0 1
    outer loop
      vertex 6.5931 0.649364 12
      vertex 14.5297 1.43105 12
      vertex 14.442 2.14226 12
    endloop
  endfacet
  facet normal -0 0 1
    outer loop
      vertex 6.61702 -0.325073 12
      vertex 14.5824 -0.716388 12
      vertex 6.625 0 12
    endloop
  endfacet
  facet normal 0 0 1
    outer loop
      vertex 6.55329 0.972089 12
      vertex 14.442 2.14226 12
      vertex 14.3195 2.84832 12
    endloop
  endfacet
  facet normal 0 0 1
    outer loop
      vertex 14.5824 -0.716388 12
      vertex 6.61702 -0.325073 12
      vertex 14.5297 -1.43105 12
    endloop
  endfacet
  facet normal 0 0 1
    outer loop
      vertex 6.4977 1.29247 12
      vertex 14.3195 2.84832 12
      vertex 14.1625 3.54751 12
    endloop
  endfacet
  facet normal -0 0 1
    outer loop
      vertex 6.5931 -0.649364 12
      vertex 14.5297 -1.43105 12
      vertex 6.61702 -0.325073 12
    endloop
  endfacet
  facet normal 0 0 1
    outer loop
      vertex 6.42646 1.60974 12
      vertex 14.1625 3.54751 12
      vertex 13.9713 4.23816 12
    endloop
  endfacet
  facet normal 0 0 1
    outer loop
      vertex 14.5297 -1.43105 12
      vertex 6.5931 -0.649364 12
      vertex 14.442 -2.14226 12
    endloop
  endfacet
  facet normal 0 0 1
    outer loop
      vertex 6.33973 1.92314 12
      vertex 13.9713 4.23816 12
      vertex 13.7465 4.91859 12
    endloop
  endfacet
  facet normal -0 0 1
    outer loop
      vertex 6.55329 -0.972089 12
      vertex 14.442 -2.14226 12
      vertex 6.5931 -0.649364 12
    endloop
  endfacet
  facet normal 0 0 1
    outer loop
      vertex 6.23773 2.23189 12
      vertex 13.7465 4.91859 12
      vertex 13.4886 5.58718 12
    endloop
  endfacet
  facet normal 0 0 1
    outer loop
      vertex 14.442 -2.14226 12
      vertex 6.55329 -0.972089 12
      vertex 14.3195 -2.84832 12
    endloop
  endfacet
  facet normal 0 0 1
    outer loop
      vertex 6.1207 2.53528 12
      vertex 13.4886 5.58718 12
      vertex 13.1982 6.2423 12
    endloop
  endfacet
  facet normal -0 0 1
    outer loop
      vertex 6.4977 -1.29247 12
      vertex 14.3195 -2.84832 12
      vertex 6.55329 -0.972089 12
    endloop
  endfacet
  facet normal 0 0 1
    outer loop
      vertex 5.98893 2.83255 12
      vertex 13.1982 6.2423 12
      vertex 12.876 6.88239 12
    endloop
  endfacet
  facet normal 0 0 1
    outer loop
      vertex 14.3195 -2.84832 12
      vertex 6.4977 -1.29247 12
      vertex 14.1625 -3.54751 12
    endloop
  endfacet
  facet normal 0 0 1
    outer loop
      vertex 5.84273 3.123 12
      vertex 12.876 6.88239 12
      vertex 12.5228 7.5059 12
    endloop
  endfacet
  facet normal -0 0 1
    outer loop
      vertex 6.42646 -1.60974 12
      vertex 14.1625 -3.54751 12
      vertex 6.4977 -1.29247 12
    endloop
  endfacet
  facet normal 0 0 1
    outer loop
      vertex 5.68245 3.40593 12
      vertex 12.5228 7.5059 12
      vertex 12.1395 8.11133 12
    endloop
  endfacet
  facet normal 0 0 1
    outer loop
      vertex 14.1625 -3.54751 12
      vertex 6.42646 -1.60974 12
      vertex 13.9713 -4.23816 12
    endloop
  endfacet
  facet normal 0 0 1
    outer loop
      vertex 5.50849 3.68065 12
      vertex 12.1395 8.11133 12
      vertex 11.7268 8.69721 12
    endloop
  endfacet
  facet normal -0 0 1
    outer loop
      vertex 6.33973 -1.92314 12
      vertex 13.9713 -4.23816 12
      vertex 6.42646 -1.60974 12
    endloop
  endfacet
  facet normal 0 0 1
    outer loop
      vertex 5.32125 3.94651 12
      vertex 11.7268 8.69721 12
      vertex 11.286 9.26214 12
    endloop
  endfacet
  facet normal 0 0 1
    outer loop
      vertex 13.9713 -4.23816 12
      vertex 6.33973 -1.92314 12
      vertex 13.7465 -4.91859 12
    endloop
  endfacet
  facet normal 0 0 1
    outer loop
      vertex 5.12119 4.20286 12
      vertex 11.286 9.26214 12
      vertex 10.8179 9.80476 12
    endloop
  endfacet
  facet normal -0 0 1
    outer loop
      vertex 6.23773 -2.23189 12
      vertex 13.7465 -4.91859 12
      vertex 6.33973 -1.92314 12
    endloop
  endfacet
  facet normal 0 0 1
    outer loop
      vertex 4.9088 4.44908 12
      vertex 10.8179 9.80476 12
      vertex 10.3238 10.3238 12
    endloop
  endfacet
  facet normal 0 0 1
    outer loop
      vertex 13.7465 -4.91859 12
      vertex 6.23773 -2.23189 12
      vertex 13.4886 -5.58718 12
    endloop
  endfacet
  facet normal 0 0 1
    outer loop
      vertex 4.68458 4.68458 12
      vertex 10.3238 10.3238 12
      vertex 9.80476 10.8179 12
    endloop
  endfacet
  facet normal -0 0 1
    outer loop
      vertex 6.1207 -2.53528 12
      vertex 13.4886 -5.58718 12
      vertex 6.23773 -2.23189 12
    endloop
  endfacet
  facet normal 0 0 1
    outer loop
      vertex 4.44908 4.9088 12
      vertex 9.80476 10.8179 12
      vertex 9.26214 11.286 12
    endloop
  endfacet
  facet normal 0 0 1
    outer loop
      vertex 13.4886 -5.58718 12
      vertex 6.1207 -2.53528 12
      vertex 13.1982 -6.2423 12
    endloop
  endfacet
  facet normal 0 0 1
    outer loop
      vertex 4.20286 5.12119 12
      vertex 9.26214 11.286 12
      vertex 8.69721 11.7268 12
    endloop
  endfacet
  facet normal -0 0 1
    outer loop
      vertex 5.98893 -2.83255 12
      vertex 13.1982 -6.2423 12
      vertex 6.1207 -2.53528 12
    endloop
  endfacet
  facet normal 0 0 1
    outer loop
      vertex 3.94651 5.32125 12
      vertex 8.69721 11.7268 12
      vertex 8.11133 12.1395 12
    endloop
  endfacet
  facet normal 0 0 1
    outer loop
      vertex 13.1982 -6.2423 12
      vertex 5.98893 -2.83255 12
      vertex 12.876 -6.88239 12
    endloop
  endfacet
  facet normal 0 0 1
    outer loop
      vertex 3.68065 5.50849 12
      vertex 8.11133 12.1395 12
      vertex 7.5059 12.5228 12
    endloop
  endfacet
  facet normal -0 0 1
    outer loop
      vertex 5.84273 -3.123 12
      vertex 12.876 -6.88239 12
      vertex 5.98893 -2.83255 12
    endloop
  endfacet
  facet normal 0 0 1
    outer loop
      vertex 3.40593 5.68245 12
      vertex 7.5059 12.5228 12
      vertex 6.88239 12.876 12
    endloop
  endfacet
  facet normal 0 0 1
    outer loop
      vertex 12.876 -6.88239 12
      vertex 5.84273 -3.123 12
      vertex 12.5228 -7.5059 12
    endloop
  endfacet
  facet normal -0 0 1
    outer loop
      vertex 5.68245 -3.40593 12
      vertex 12.5228 -7.5059 12
      vertex 5.84273 -3.123 12
    endloop
  endfacet
  facet normal 0 0 1
    outer loop
      vertex 14.5824 0.716388 12
      vertex 6.61702 0.325073 12
      vertex 6.625 0 12
    endloop
  endfacet
  facet normal 0 0 1
    outer loop
      vertex 14.5297 1.43105 12
      vertex 6.5931 0.649364 12
      vertex 6.61702 0.325073 12
    endloop
  endfacet
  facet normal 0 0 1
    outer loop
      vertex 14.442 2.14226 12
      vertex 6.55329 0.972089 12
      vertex 6.5931 0.649364 12
    endloop
  endfacet
  facet normal 0 0 1
    outer loop
      vertex 14.3195 2.84832 12
      vertex 6.4977 1.29247 12
      vertex 6.55329 0.972089 12
    endloop
  endfacet
  facet normal 0 0 1
    outer loop
      vertex 14.1625 3.54751 12
      vertex 6.42646 1.60974 12
      vertex 6.4977 1.29247 12
    endloop
  endfacet
  facet normal 0 0 1
    outer loop
      vertex 13.9713 4.23816 12
      vertex 6.33973 1.92314 12
      vertex 6.42646 1.60974 12
    endloop
  endfacet
  facet normal 0 0 1
    outer loop
      vertex 3.123 5.84273 12
      vertex 6.88239 12.876 12
      vertex 6.2423 13.1982 12
    endloop
  endfacet
  facet normal 0 0 1
    outer loop
      vertex 13.7465 4.91859 12
      vertex 6.23773 2.23189 12
      vertex 6.33973 1.92314 12
    endloop
  endfacet
  facet normal 0 0 1
    outer loop
      vertex 13.4886 5.58718 12
      vertex 6.1207 2.53528 12
      vertex 6.23773 2.23189 12
    endloop
  endfacet
  facet normal 0 0 1
    outer loop
      vertex 13.1982 6.2423 12
      vertex 5.98893 2.83255 12
      vertex 6.1207 2.53528 12
    endloop
  endfacet
  facet normal 0 0 1
    outer loop
      vertex 12.876 6.88239 12
      vertex 5.84273 3.123 12
      vertex 5.98893 2.83255 12
    endloop
  endfacet
  facet normal 0 0 1
    outer loop
      vertex 12.5228 7.5059 12
      vertex 5.68245 3.40593 12
      vertex 5.84273 3.123 12
    endloop
  endfacet
  facet normal 0 0 1
    outer loop
      vertex 2.83255 5.98893 12
      vertex 6.2423 13.1982 12
      vertex 5.58718 13.4886 12
    endloop
  endfacet
  facet normal 0 0 1
    outer loop
      vertex 12.1395 8.11133 12
      vertex 5.50849 3.68065 12
      vertex 5.68245 3.40593 12
    endloop
  endfacet
  facet normal 0 0 1
    outer loop
      vertex 11.7268 8.69721 12
      vertex 5.32125 3.94651 12
      vertex 5.50849 3.68065 12
    endloop
  endfacet
  facet normal 0 0 1
    outer loop
      vertex 11.286 9.26214 12
      vertex 5.12119 4.20286 12
      vertex 5.32125 3.94651 12
    endloop
  endfacet
  facet normal 0 0 1
    outer loop
      vertex 2.53528 6.1207 12
      vertex 5.58718 13.4886 12
      vertex 4.91859 13.7465 12
    endloop
  endfacet
  facet normal 0 0 1
    outer loop
      vertex 10.8179 9.80476 12
      vertex 4.9088 4.44908 12
      vertex 5.12119 4.20286 12
    endloop
  endfacet
  facet normal 0 0 1
    outer loop
      vertex 10.3238 10.3238 12
      vertex 4.68458 4.68458 12
      vertex 4.9088 4.44908 12
    endloop
  endfacet
  facet normal 0 0 1
    outer loop
      vertex 9.80476 10.8179 12
      vertex 4.44908 4.9088 12
      vertex 4.68458 4.68458 12
    endloop
  endfacet
  facet normal 0 0 1
    outer loop
      vertex 2.23189 6.23773 12
      vertex 4.91859 13.7465 12
      vertex 4.23816 13.9713 12
    endloop
  endfacet
  facet normal 0 0 1
    outer loop
      vertex 9.26214 11.286 12
      vertex 4.20286 5.12119 12
      vertex 4.44908 4.9088 12
    endloop
  endfacet
  facet normal 0 0 1
    outer loop
      vertex 8.69721 11.7268 12
      vertex 3.94651 5.32125 12
      vertex 4.20286 5.12119 12
    endloop
  endfacet
  facet normal 0 0 1
    outer loop
      vertex 8.11133 12.1395 12
      vertex 3.68065 5.50849 12
      vertex 3.94651 5.32125 12
    endloop
  endfacet
  facet normal 0 0 1
    outer loop
      vertex 1.92314 6.33973 12
      vertex 4.23816 13.9713 12
      vertex 3.54751 14.1625 12
    endloop
  endfacet
  facet normal 0 0 1
    outer loop
      vertex 7.5059 12.5228 12
      vertex 3.40593 5.68245 12
      vertex 3.68065 5.50849 12
    endloop
  endfacet
  facet normal 0 0 1
    outer loop
      vertex 6.88239 12.876 12
      vertex 3.123 5.84273 12
      vertex 3.40593 5.68245 12
    endloop
  endfacet
  facet normal 0 0 1
    outer loop
      vertex 1.60974 6.42646 12
      vertex 3.54751 14.1625 12
      vertex 2.84832 14.3195 12
    endloop
  endfacet
  facet normal 0 0 1
    outer loop
      vertex 6.2423 13.1982 12
      vertex 2.83255 5.98893 12
      vertex 3.123 5.84273 12
    endloop
  endfacet
  facet normal 0 0 1
    outer loop
      vertex 5.58718 13.4886 12
      vertex 2.53528 6.1207 12
      vertex 2.83255 5.98893 12
    endloop
  endfacet
  facet normal 0 0 1
    outer loop
      vertex 4.91859 13.7465 12
      vertex 2.23189 6.23773 12
      vertex 2.53528 6.1207 12
    endloop
  endfacet
  facet normal 0 0 1
    outer loop
      vertex 1.29247 6.4977 12
      vertex 2.84832 14.3195 12
      vertex 2.14226 14.442 12
    endloop
  endfacet
  facet normal 0 0 1
    outer loop
      vertex 4.23816 13.9713 12
      vertex 1.92314 6.33973 12
      vertex 2.23189 6.23773 12
    endloop
  endfacet
  facet normal 0 0 1
    outer loop
      vertex 3.54751 14.1625 12
      vertex 1.60974 6.42646 12
      vertex 1.92314 6.33973 12
    endloop
  endfacet
  facet normal 0 0 1
    outer loop
      vertex 0.972089 6.55329 12
      vertex 2.14226 14.442 12
      vertex 1.43105 14.5297 12
    endloop
  endfacet
  facet normal 0 0 1
    outer loop
      vertex 2.84832 14.3195 12
      vertex 1.29247 6.4977 12
      vertex 1.60974 6.42646 12
    endloop
  endfacet
  facet normal 0 0 1
    outer loop
      vertex 2.14226 14.442 12
      vertex 0.972089 6.55329 12
      vertex 1.29247 6.4977 12
    endloop
  endfacet
  facet normal 0 0 1
    outer loop
      vertex 0.649364 6.5931 12
      vertex 1.43105 14.5297 12
      vertex 0.716388 14.5824 12
    endloop
  endfacet
  facet normal 0 0 1
    outer loop
      vertex 1.43105 14.5297 12
      vertex 0.649364 6.5931 12
      vertex 0.972089 6.55329 12
    endloop
  endfacet
  facet normal 0 0 1
    outer loop
      vertex 0.716388 14.5824 12
      vertex 0.325073 6.61702 12
      vertex 0.649364 6.5931 12
    endloop
  endfacet
  facet normal 0 0 1
    outer loop
      vertex 0 14.6 12
      vertex 0.325073 6.61702 12
      vertex 0.716388 14.5824 12
    endloop
  endfacet
  facet normal 0 0 1
    outer loop
      vertex 0 14.6 12
      vertex 0 6.625 12
      vertex 0.325073 6.61702 12
    endloop
  endfacet
  facet normal 0 0 1
    outer loop
      vertex 0 14.6 12
      vertex -0.325073 6.61702 12
      vertex 0 6.625 12
    endloop
  endfacet
  facet normal -0 0 1
    outer loop
      vertex -0.716388 14.5824 12
      vertex -0.325073 6.61702 12
      vertex 0 14.6 12
    endloop
  endfacet
  facet normal 0 0 1
    outer loop
      vertex -0.325073 6.61702 12
      vertex -0.716388 14.5824 12
      vertex -0.649364 6.5931 12
    endloop
  endfacet
  facet normal -0 0 1
    outer loop
      vertex -1.43105 14.5297 12
      vertex -0.649364 6.5931 12
      vertex -0.716388 14.5824 12
    endloop
  endfacet
  facet normal 0 0 1
    outer loop
      vertex -0.649364 6.5931 12
      vertex -1.43105 14.5297 12
      vertex -0.972089 6.55329 12
    endloop
  endfacet
  facet normal -0 0 1
    outer loop
      vertex -2.14226 14.442 12
      vertex -0.972089 6.55329 12
      vertex -1.43105 14.5297 12
    endloop
  endfacet
  facet normal 0 0 1
    outer loop
      vertex -0.972089 6.55329 12
      vertex -2.14226 14.442 12
      vertex -1.29247 6.4977 12
    endloop
  endfacet
  facet normal -0 0 1
    outer loop
      vertex -2.84832 14.3195 12
      vertex -1.29247 6.4977 12
      vertex -2.14226 14.442 12
    endloop
  endfacet
  facet normal 0 0 1
    outer loop
      vertex -1.29247 6.4977 12
      vertex -2.84832 14.3195 12
      vertex -1.60974 6.42646 12
    endloop
  endfacet
  facet normal -0 0 1
    outer loop
      vertex -3.54751 14.1625 12
      vertex -1.60974 6.42646 12
      vertex -2.84832 14.3195 12
    endloop
  endfacet
  facet normal 0 0 1
    outer loop
      vertex -1.60974 6.42646 12
      vertex -3.54751 14.1625 12
      vertex -1.92314 6.33973 12
    endloop
  endfacet
  facet normal -0 0 1
    outer loop
      vertex -4.23816 13.9713 12
      vertex -1.92314 6.33973 12
      vertex -3.54751 14.1625 12
    endloop
  endfacet
  facet normal 0 0 1
    outer loop
      vertex -1.92314 6.33973 12
      vertex -4.23816 13.9713 12
      vertex -2.23189 6.23773 12
    endloop
  endfacet
  facet normal -0 0 1
    outer loop
      vertex -4.91859 13.7465 12
      vertex -2.23189 6.23773 12
      vertex -4.23816 13.9713 12
    endloop
  endfacet
  facet normal 0 0 1
    outer loop
      vertex -2.23189 6.23773 12
      vertex -4.91859 13.7465 12
      vertex -2.53528 6.1207 12
    endloop
  endfacet
  facet normal -0 0 1
    outer loop
      vertex -5.58718 13.4886 12
      vertex -2.53528 6.1207 12
      vertex -4.91859 13.7465 12
    endloop
  endfacet
  facet normal 0 0 1
    outer loop
      vertex -2.53528 6.1207 12
      vertex -5.58718 13.4886 12
      vertex -2.83255 5.98893 12
    endloop
  endfacet
  facet normal -0 0 1
    outer loop
      vertex -6.2423 13.1982 12
      vertex -2.83255 5.98893 12
      vertex -5.58718 13.4886 12
    endloop
  endfacet
  facet normal 0 0 1
    outer loop
      vertex -2.83255 5.98893 12
      vertex -6.2423 13.1982 12
      vertex -3.123 5.84273 12
    endloop
  endfacet
  facet normal -0 0 1
    outer loop
      vertex -6.88239 12.876 12
      vertex -3.123 5.84273 12
      vertex -6.2423 13.1982 12
    endloop
  endfacet
  facet normal 0 0 1
    outer loop
      vertex -3.123 5.84273 12
      vertex -6.88239 12.876 12
      vertex -3.40593 5.68245 12
    endloop
  endfacet
  facet normal -0 0 1
    outer loop
      vertex -7.5059 12.5228 12
      vertex -3.40593 5.68245 12
      vertex -6.88239 12.876 12
    endloop
  endfacet
  facet normal 0 0 1
    outer loop
      vertex -3.40593 5.68245 12
      vertex -7.5059 12.5228 12
      vertex -3.68065 5.50849 12
    endloop
  endfacet
  facet normal -0 0 1
    outer loop
      vertex -8.11133 12.1395 12
      vertex -3.68065 5.50849 12
      vertex -7.5059 12.5228 12
    endloop
  endfacet
  facet normal 0 0 1
    outer loop
      vertex -3.68065 5.50849 12
      vertex -8.11133 12.1395 12
      vertex -3.94651 5.32125 12
    endloop
  endfacet
  facet normal -0 0 1
    outer loop
      vertex -8.69721 11.7268 12
      vertex -3.94651 5.32125 12
      vertex -8.11133 12.1395 12
    endloop
  endfacet
  facet normal 0 0 1
    outer loop
      vertex -3.94651 5.32125 12
      vertex -8.69721 11.7268 12
      vertex -4.20286 5.12119 12
    endloop
  endfacet
  facet normal -0 0 1
    outer loop
      vertex -9.26214 11.286 12
      vertex -4.20286 5.12119 12
      vertex -8.69721 11.7268 12
    endloop
  endfacet
  facet normal 0 0 1
    outer loop
      vertex -4.20286 5.12119 12
      vertex -9.26214 11.286 12
      vertex -4.44908 4.9088 12
    endloop
  endfacet
  facet normal -0 0 1
    outer loop
      vertex -9.80476 10.8179 12
      vertex -4.44908 4.9088 12
      vertex -9.26214 11.286 12
    endloop
  endfacet
  facet normal 0 0 1
    outer loop
      vertex -4.44908 4.9088 12
      vertex -9.80476 10.8179 12
      vertex -4.68458 4.68458 12
    endloop
  endfacet
  facet normal -0 0 1
    outer loop
      vertex -10.3238 10.3238 12
      vertex -4.68458 4.68458 12
      vertex -9.80476 10.8179 12
    endloop
  endfacet
  facet normal 0 0 1
    outer loop
      vertex -4.68458 4.68458 12
      vertex -10.3238 10.3238 12
      vertex -4.9088 4.44908 12
    endloop
  endfacet
  facet normal -0 0 1
    outer loop
      vertex -10.8179 9.80476 12
      vertex -4.9088 4.44908 12
      vertex -10.3238 10.3238 12
    endloop
  endfacet
  facet normal 0 0 1
    outer loop
      vertex -4.9088 4.44908 12
      vertex -10.8179 9.80476 12
      vertex -5.12119 4.20286 12
    endloop
  endfacet
  facet normal -0 0 1
    outer loop
      vertex -11.286 9.26214 12
      vertex -5.12119 4.20286 12
      vertex -10.8179 9.80476 12
    endloop
  endfacet
  facet normal 0 0 1
    outer loop
      vertex -5.12119 4.20286 12
      vertex -11.286 9.26214 12
      vertex -5.32125 3.94651 12
    endloop
  endfacet
  facet normal -0 0 1
    outer loop
      vertex -11.7268 8.69721 12
      vertex -5.32125 3.94651 12
      vertex -11.286 9.26214 12
    endloop
  endfacet
  facet normal 0 0 1
    outer loop
      vertex -5.32125 3.94651 12
      vertex -11.7268 8.69721 12
      vertex -5.50849 3.68065 12
    endloop
  endfacet
  facet normal -0 0 1
    outer loop
      vertex -12.1395 8.11133 12
      vertex -5.50849 3.68065 12
      vertex -11.7268 8.69721 12
    endloop
  endfacet
  facet normal -0 0 1
    outer loop
      vertex -12.5228 7.5059 12
      vertex -5.68245 3.40593 12
      vertex -12.1395 8.11133 12
    endloop
  endfacet
  facet normal 0 0 1
    outer loop
      vertex -5.50849 3.68065 12
      vertex -12.1395 8.11133 12
      vertex -5.68245 3.40593 12
    endloop
  endfacet
  facet normal 0 0 1
    outer loop
      vertex 12.5228 -7.5059 12
      vertex 5.68245 -3.40593 12
      vertex 12.1395 -8.11133 12
    endloop
  endfacet
  facet normal -0 0 1
    outer loop
      vertex 5.50849 -3.68065 12
      vertex 12.1395 -8.11133 12
      vertex 5.68245 -3.40593 12
    endloop
  endfacet
  facet normal 0 0 1
    outer loop
      vertex 12.1395 -8.11133 12
      vertex 5.50849 -3.68065 12
      vertex 11.7268 -8.69721 12
    endloop
  endfacet
  facet normal -0 0 1
    outer loop
      vertex 5.32125 -3.94651 12
      vertex 11.7268 -8.69721 12
      vertex 5.50849 -3.68065 12
    endloop
  endfacet
  facet normal 0 0 1
    outer loop
      vertex 11.7268 -8.69721 12
      vertex 5.32125 -3.94651 12
      vertex 11.286 -9.26214 12
    endloop
  endfacet
  facet normal -0 0 1
    outer loop
      vertex 5.12119 -4.20286 12
      vertex 11.286 -9.26214 12
      vertex 5.32125 -3.94651 12
    endloop
  endfacet
  facet normal 0 0 1
    outer loop
      vertex 11.286 -9.26214 12
      vertex 5.12119 -4.20286 12
      vertex 10.8179 -9.80476 12
    endloop
  endfacet
  facet normal -0 0 1
    outer loop
      vertex 4.9088 -4.44908 12
      vertex 10.8179 -9.80476 12
      vertex 5.12119 -4.20286 12
    endloop
  endfacet
  facet normal 0 0 1
    outer loop
      vertex 10.8179 -9.80476 12
      vertex 4.9088 -4.44908 12
      vertex 10.3238 -10.3238 12
    endloop
  endfacet
  facet normal -0 0 1
    outer loop
      vertex 4.68458 -4.68458 12
      vertex 10.3238 -10.3238 12
      vertex 4.9088 -4.44908 12
    endloop
  endfacet
  facet normal 0 0 1
    outer loop
      vertex 10.3238 -10.3238 12
      vertex 4.68458 -4.68458 12
      vertex 9.80476 -10.8179 12
    endloop
  endfacet
  facet normal -0 0 1
    outer loop
      vertex 4.44908 -4.9088 12
      vertex 9.80476 -10.8179 12
      vertex 4.68458 -4.68458 12
    endloop
  endfacet
  facet normal 0 0 1
    outer loop
      vertex 9.80476 -10.8179 12
      vertex 4.44908 -4.9088 12
      vertex 9.26214 -11.286 12
    endloop
  endfacet
  facet normal -0 0 1
    outer loop
      vertex 4.20286 -5.12119 12
      vertex 9.26214 -11.286 12
      vertex 4.44908 -4.9088 12
    endloop
  endfacet
  facet normal 0 0 1
    outer loop
      vertex 9.26214 -11.286 12
      vertex 4.20286 -5.12119 12
      vertex 8.69721 -11.7268 12
    endloop
  endfacet
  facet normal -0 0 1
    outer loop
      vertex 3.94651 -5.32125 12
      vertex 8.69721 -11.7268 12
      vertex 4.20286 -5.12119 12
    endloop
  endfacet
  facet normal 0 0 1
    outer loop
      vertex 8.69721 -11.7268 12
      vertex 3.94651 -5.32125 12
      vertex 8.11133 -12.1395 12
    endloop
  endfacet
  facet normal -0 0 1
    outer loop
      vertex 3.68065 -5.50849 12
      vertex 8.11133 -12.1395 12
      vertex 3.94651 -5.32125 12
    endloop
  endfacet
  facet normal 0 0 1
    outer loop
      vertex 8.11133 -12.1395 12
      vertex 3.68065 -5.50849 12
      vertex 7.5059 -12.5228 12
    endloop
  endfacet
  facet normal -0 0 1
    outer loop
      vertex 3.40593 -5.68245 12
      vertex 7.5059 -12.5228 12
      vertex 3.68065 -5.50849 12
    endloop
  endfacet
  facet normal 0 0 1
    outer loop
      vertex 7.5059 -12.5228 12
      vertex 3.40593 -5.68245 12
      vertex 6.88239 -12.876 12
    endloop
  endfacet
  facet normal -0 0 1
    outer loop
      vertex 3.123 -5.84273 12
      vertex 6.88239 -12.876 12
      vertex 3.40593 -5.68245 12
    endloop
  endfacet
  facet normal 0 0 1
    outer loop
      vertex 6.88239 -12.876 12
      vertex 3.123 -5.84273 12
      vertex 6.2423 -13.1982 12
    endloop
  endfacet
  facet normal -0 0 1
    outer loop
      vertex 2.83255 -5.98893 12
      vertex 6.2423 -13.1982 12
      vertex 3.123 -5.84273 12
    endloop
  endfacet
  facet normal 0 0 1
    outer loop
      vertex 6.2423 -13.1982 12
      vertex 2.83255 -5.98893 12
      vertex 5.58718 -13.4886 12
    endloop
  endfacet
  facet normal -0 0 1
    outer loop
      vertex 2.53528 -6.1207 12
      vertex 5.58718 -13.4886 12
      vertex 2.83255 -5.98893 12
    endloop
  endfacet
  facet normal 0 0 1
    outer loop
      vertex 5.58718 -13.4886 12
      vertex 2.53528 -6.1207 12
      vertex 4.91859 -13.7465 12
    endloop
  endfacet
  facet normal -0 0 1
    outer loop
      vertex 2.23189 -6.23773 12
      vertex 4.91859 -13.7465 12
      vertex 2.53528 -6.1207 12
    endloop
  endfacet
  facet normal 0 0 1
    outer loop
      vertex 4.91859 -13.7465 12
      vertex 2.23189 -6.23773 12
      vertex 4.23816 -13.9713 12
    endloop
  endfacet
  facet normal -0 0 1
    outer loop
      vertex 1.92314 -6.33973 12
      vertex 4.23816 -13.9713 12
      vertex 2.23189 -6.23773 12
    endloop
  endfacet
  facet normal 0 0 1
    outer loop
      vertex 4.23816 -13.9713 12
      vertex 1.92314 -6.33973 12
      vertex 3.54751 -14.1625 12
    endloop
  endfacet
  facet normal -0 0 1
    outer loop
      vertex 1.60974 -6.42646 12
      vertex 3.54751 -14.1625 12
      vertex 1.92314 -6.33973 12
    endloop
  endfacet
  facet normal 0 0 1
    outer loop
      vertex 3.54751 -14.1625 12
      vertex 1.60974 -6.42646 12
      vertex 2.84832 -14.3195 12
    endloop
  endfacet
  facet normal -0 0 1
    outer loop
      vertex 1.29247 -6.4977 12
      vertex 2.84832 -14.3195 12
      vertex 1.60974 -6.42646 12
    endloop
  endfacet
  facet normal 0 0 1
    outer loop
      vertex 2.84832 -14.3195 12
      vertex 1.29247 -6.4977 12
      vertex 2.14226 -14.442 12
    endloop
  endfacet
  facet normal -0 0 1
    outer loop
      vertex 0.972089 -6.55329 12
      vertex 2.14226 -14.442 12
      vertex 1.29247 -6.4977 12
    endloop
  endfacet
  facet normal 0 0 1
    outer loop
      vertex 2.14226 -14.442 12
      vertex 0.972089 -6.55329 12
      vertex 1.43105 -14.5297 12
    endloop
  endfacet
  facet normal -0 0 1
    outer loop
      vertex 0.649364 -6.5931 12
      vertex 1.43105 -14.5297 12
      vertex 0.972089 -6.55329 12
    endloop
  endfacet
  facet normal 0 0 1
    outer loop
      vertex 1.43105 -14.5297 12
      vertex 0.649364 -6.5931 12
      vertex 0.716388 -14.5824 12
    endloop
  endfacet
  facet normal -0 0 1
    outer loop
      vertex 0.325073 -6.61702 12
      vertex 0.716388 -14.5824 12
      vertex 0.649364 -6.5931 12
    endloop
  endfacet
  facet normal -0 0 1
    outer loop
      vertex 0 -6.625 12
      vertex 0.716388 -14.5824 12
      vertex 0.325073 -6.61702 12
    endloop
  endfacet
  facet normal 0 0 1
    outer loop
      vertex 0 -6.625 12
      vertex 0 -14.6 12
      vertex 0.716388 -14.5824 12
    endloop
  endfacet
  facet normal 0 0 1
    outer loop
      vertex -0.325073 -6.61702 12
      vertex 0 -14.6 12
      vertex 0 -6.625 12
    endloop
  endfacet
  facet normal 0 0 1
    outer loop
      vertex -0.716388 -14.5824 12
      vertex -0.325073 -6.61702 12
      vertex -0.649364 -6.5931 12
    endloop
  endfacet
  facet normal 0 0 1
    outer loop
      vertex -0.325073 -6.61702 12
      vertex -0.716388 -14.5824 12
      vertex 0 -14.6 12
    endloop
  endfacet
  facet normal 0 0 1
    outer loop
      vertex -1.43105 -14.5297 12
      vertex -0.649364 -6.5931 12
      vertex -0.972089 -6.55329 12
    endloop
  endfacet
  facet normal 0 0 1
    outer loop
      vertex -2.14226 -14.442 12
      vertex -0.972089 -6.55329 12
      vertex -1.29247 -6.4977 12
    endloop
  endfacet
  facet normal 0 0 1
    outer loop
      vertex -0.649364 -6.5931 12
      vertex -1.43105 -14.5297 12
      vertex -0.716388 -14.5824 12
    endloop
  endfacet
  facet normal 0 0 1
    outer loop
      vertex -2.84832 -14.3195 12
      vertex -1.29247 -6.4977 12
      vertex -1.60974 -6.42646 12
    endloop
  endfacet
  facet normal 0 0 1
    outer loop
      vertex -3.54751 -14.1625 12
      vertex -1.60974 -6.42646 12
      vertex -1.92314 -6.33973 12
    endloop
  endfacet
  facet normal 0 0 1
    outer loop
      vertex -0.972089 -6.55329 12
      vertex -2.14226 -14.442 12
      vertex -1.43105 -14.5297 12
    endloop
  endfacet
  facet normal 0 0 1
    outer loop
      vertex -4.23816 -13.9713 12
      vertex -1.92314 -6.33973 12
      vertex -2.23189 -6.23773 12
    endloop
  endfacet
  facet normal 0 0 1
    outer loop
      vertex -4.91859 -13.7465 12
      vertex -2.23189 -6.23773 12
      vertex -2.53528 -6.1207 12
    endloop
  endfacet
  facet normal 0 0 1
    outer loop
      vertex -5.58718 -13.4886 12
      vertex -2.53528 -6.1207 12
      vertex -2.83255 -5.98893 12
    endloop
  endfacet
  facet normal 0 0 1
    outer loop
      vertex -1.29247 -6.4977 12
      vertex -2.84832 -14.3195 12
      vertex -2.14226 -14.442 12
    endloop
  endfacet
  facet normal 0 0 1
    outer loop
      vertex -6.2423 -13.1982 12
      vertex -2.83255 -5.98893 12
      vertex -3.123 -5.84273 12
    endloop
  endfacet
  facet normal 0 0 1
    outer loop
      vertex -6.88239 -12.876 12
      vertex -3.123 -5.84273 12
      vertex -3.40593 -5.68245 12
    endloop
  endfacet
  facet normal 0 0 1
    outer loop
      vertex -1.60974 -6.42646 12
      vertex -3.54751 -14.1625 12
      vertex -2.84832 -14.3195 12
    endloop
  endfacet
  facet normal 0 0 1
    outer loop
      vertex -7.5059 -12.5228 12
      vertex -3.40593 -5.68245 12
      vertex -3.68065 -5.50849 12
    endloop
  endfacet
  facet normal 0 0 1
    outer loop
      vertex -8.11133 -12.1395 12
      vertex -3.68065 -5.50849 12
      vertex -3.94651 -5.32125 12
    endloop
  endfacet
  facet normal 0 0 1
    outer loop
      vertex -8.69721 -11.7268 12
      vertex -3.94651 -5.32125 12
      vertex -4.20286 -5.12119 12
    endloop
  endfacet
  facet normal 0 0 1
    outer loop
      vertex -1.92314 -6.33973 12
      vertex -4.23816 -13.9713 12
      vertex -3.54751 -14.1625 12
    endloop
  endfacet
  facet normal 0 0 1
    outer loop
      vertex -9.26214 -11.286 12
      vertex -4.20286 -5.12119 12
      vertex -4.44908 -4.9088 12
    endloop
  endfacet
  facet normal 0 0 1
    outer loop
      vertex -9.80476 -10.8179 12
      vertex -4.44908 -4.9088 12
      vertex -4.68458 -4.68458 12
    endloop
  endfacet
  facet normal 0 0 1
    outer loop
      vertex -10.3238 -10.3238 12
      vertex -4.68458 -4.68458 12
      vertex -4.9088 -4.44908 12
    endloop
  endfacet
  facet normal 0 0 1
    outer loop
      vertex -2.23189 -6.23773 12
      vertex -4.91859 -13.7465 12
      vertex -4.23816 -13.9713 12
    endloop
  endfacet
  facet normal 0 0 1
    outer loop
      vertex -10.8179 -9.80476 12
      vertex -4.9088 -4.44908 12
      vertex -5.12119 -4.20286 12
    endloop
  endfacet
  facet normal 0 0 1
    outer loop
      vertex -11.286 -9.26214 12
      vertex -5.12119 -4.20286 12
      vertex -5.32125 -3.94651 12
    endloop
  endfacet
  facet normal 0 0 1
    outer loop
      vertex -11.7268 -8.69721 12
      vertex -5.32125 -3.94651 12
      vertex -5.50849 -3.68065 12
    endloop
  endfacet
  facet normal 0 0 1
    outer loop
      vertex -2.53528 -6.1207 12
      vertex -5.58718 -13.4886 12
      vertex -4.91859 -13.7465 12
    endloop
  endfacet
  facet normal 0 0 1
    outer loop
      vertex -12.1395 -8.11133 12
      vertex -5.50849 -3.68065 12
      vertex -5.68245 -3.40593 12
    endloop
  endfacet
  facet normal 0 0 1
    outer loop
      vertex -12.5228 -7.5059 12
      vertex -5.68245 -3.40593 12
      vertex -5.84273 -3.123 12
    endloop
  endfacet
  facet normal 0 0 1
    outer loop
      vertex -12.876 -6.88239 12
      vertex -5.84273 -3.123 12
      vertex -5.98893 -2.83255 12
    endloop
  endfacet
  facet normal 0 0 1
    outer loop
      vertex -13.1982 -6.2423 12
      vertex -5.98893 -2.83255 12
      vertex -6.1207 -2.53528 12
    endloop
  endfacet
  facet normal 0 0 1
    outer loop
      vertex -13.4886 -5.58718 12
      vertex -6.1207 -2.53528 12
      vertex -6.23773 -2.23189 12
    endloop
  endfacet
  facet normal 0 0 1
    outer loop
      vertex -2.83255 -5.98893 12
      vertex -6.2423 -13.1982 12
      vertex -5.58718 -13.4886 12
    endloop
  endfacet
  facet normal 0 0 1
    outer loop
      vertex -13.7465 -4.91859 12
      vertex -6.23773 -2.23189 12
      vertex -6.33973 -1.92314 12
    endloop
  endfacet
  facet normal 0 0 1
    outer loop
      vertex -13.9713 -4.23816 12
      vertex -6.33973 -1.92314 12
      vertex -6.42646 -1.60974 12
    endloop
  endfacet
  facet normal 0 0 1
    outer loop
      vertex -14.1625 -3.54751 12
      vertex -6.42646 -1.60974 12
      vertex -6.4977 -1.29247 12
    endloop
  endfacet
  facet normal 0 0 1
    outer loop
      vertex -14.3195 -2.84832 12
      vertex -6.4977 -1.29247 12
      vertex -6.55329 -0.972089 12
    endloop
  endfacet
  facet normal 0 0 1
    outer loop
      vertex -14.442 -2.14226 12
      vertex -6.55329 -0.972089 12
      vertex -6.5931 -0.649364 12
    endloop
  endfacet
  facet normal 0 0 1
    outer loop
      vertex -14.5297 -1.43105 12
      vertex -6.5931 -0.649364 12
      vertex -6.61702 -0.325073 12
    endloop
  endfacet
  facet normal 0 0 1
    outer loop
      vertex -3.123 -5.84273 12
      vertex -6.88239 -12.876 12
      vertex -6.2423 -13.1982 12
    endloop
  endfacet
  facet normal 0 0 1
    outer loop
      vertex -14.5824 -0.716388 12
      vertex -6.61702 -0.325073 12
      vertex -6.625 0 12
    endloop
  endfacet
  facet normal 0 0 1
    outer loop
      vertex -5.68245 3.40593 12
      vertex -12.5228 7.5059 12
      vertex -5.84273 3.123 12
    endloop
  endfacet
  facet normal -0 0 1
    outer loop
      vertex -12.876 6.88239 12
      vertex -5.84273 3.123 12
      vertex -12.5228 7.5059 12
    endloop
  endfacet
  facet normal 0 0 1
    outer loop
      vertex -3.40593 -5.68245 12
      vertex -7.5059 -12.5228 12
      vertex -6.88239 -12.876 12
    endloop
  endfacet
  facet normal 0 0 1
    outer loop
      vertex -5.84273 3.123 12
      vertex -12.876 6.88239 12
      vertex -5.98893 2.83255 12
    endloop
  endfacet
  facet normal 0 0 1
    outer loop
      vertex -3.68065 -5.50849 12
      vertex -8.11133 -12.1395 12
      vertex -7.5059 -12.5228 12
    endloop
  endfacet
  facet normal -0 0 1
    outer loop
      vertex -13.1982 6.2423 12
      vertex -5.98893 2.83255 12
      vertex -12.876 6.88239 12
    endloop
  endfacet
  facet normal 0 0 1
    outer loop
      vertex -3.94651 -5.32125 12
      vertex -8.69721 -11.7268 12
      vertex -8.11133 -12.1395 12
    endloop
  endfacet
  facet normal 0 0 1
    outer loop
      vertex -5.98893 2.83255 12
      vertex -13.1982 6.2423 12
      vertex -6.1207 2.53528 12
    endloop
  endfacet
  facet normal 0 0 1
    outer loop
      vertex -4.20286 -5.12119 12
      vertex -9.26214 -11.286 12
      vertex -8.69721 -11.7268 12
    endloop
  endfacet
  facet normal -0 0 1
    outer loop
      vertex -13.4886 5.58718 12
      vertex -6.1207 2.53528 12
      vertex -13.1982 6.2423 12
    endloop
  endfacet
  facet normal 0 0 1
    outer loop
      vertex -4.44908 -4.9088 12
      vertex -9.80476 -10.8179 12
      vertex -9.26214 -11.286 12
    endloop
  endfacet
  facet normal 0 0 1
    outer loop
      vertex -6.1207 2.53528 12
      vertex -13.4886 5.58718 12
      vertex -6.23773 2.23189 12
    endloop
  endfacet
  facet normal 0 0 1
    outer loop
      vertex -4.68458 -4.68458 12
      vertex -10.3238 -10.3238 12
      vertex -9.80476 -10.8179 12
    endloop
  endfacet
  facet normal -0 0 1
    outer loop
      vertex -13.7465 4.91859 12
      vertex -6.23773 2.23189 12
      vertex -13.4886 5.58718 12
    endloop
  endfacet
  facet normal 0 0 1
    outer loop
      vertex -4.9088 -4.44908 12
      vertex -10.8179 -9.80476 12
      vertex -10.3238 -10.3238 12
    endloop
  endfacet
  facet normal 0 0 1
    outer loop
      vertex -6.23773 2.23189 12
      vertex -13.7465 4.91859 12
      vertex -6.33973 1.92314 12
    endloop
  endfacet
  facet normal 0 0 1
    outer loop
      vertex -5.12119 -4.20286 12
      vertex -11.286 -9.26214 12
      vertex -10.8179 -9.80476 12
    endloop
  endfacet
  facet normal -0 0 1
    outer loop
      vertex -13.9713 4.23816 12
      vertex -6.33973 1.92314 12
      vertex -13.7465 4.91859 12
    endloop
  endfacet
  facet normal 0 0 1
    outer loop
      vertex -5.32125 -3.94651 12
      vertex -11.7268 -8.69721 12
      vertex -11.286 -9.26214 12
    endloop
  endfacet
  facet normal 0 0 1
    outer loop
      vertex -6.33973 1.92314 12
      vertex -13.9713 4.23816 12
      vertex -6.42646 1.60974 12
    endloop
  endfacet
  facet normal 0 0 1
    outer loop
      vertex -5.50849 -3.68065 12
      vertex -12.1395 -8.11133 12
      vertex -11.7268 -8.69721 12
    endloop
  endfacet
  facet normal -0 0 1
    outer loop
      vertex -14.1625 3.54751 12
      vertex -6.42646 1.60974 12
      vertex -13.9713 4.23816 12
    endloop
  endfacet
  facet normal 0 0 1
    outer loop
      vertex -5.68245 -3.40593 12
      vertex -12.5228 -7.5059 12
      vertex -12.1395 -8.11133 12
    endloop
  endfacet
  facet normal 0 0 1
    outer loop
      vertex -6.42646 1.60974 12
      vertex -14.1625 3.54751 12
      vertex -6.4977 1.29247 12
    endloop
  endfacet
  facet normal 0 0 1
    outer loop
      vertex -5.84273 -3.123 12
      vertex -12.876 -6.88239 12
      vertex -12.5228 -7.5059 12
    endloop
  endfacet
  facet normal -0 0 1
    outer loop
      vertex -14.3195 2.84832 12
      vertex -6.4977 1.29247 12
      vertex -14.1625 3.54751 12
    endloop
  endfacet
  facet normal 0 0 1
    outer loop
      vertex -5.98893 -2.83255 12
      vertex -13.1982 -6.2423 12
      vertex -12.876 -6.88239 12
    endloop
  endfacet
  facet normal 0 0 1
    outer loop
      vertex -6.4977 1.29247 12
      vertex -14.3195 2.84832 12
      vertex -6.55329 0.972089 12
    endloop
  endfacet
  facet normal 0 0 1
    outer loop
      vertex -6.1207 -2.53528 12
      vertex -13.4886 -5.58718 12
      vertex -13.1982 -6.2423 12
    endloop
  endfacet
  facet normal -0 0 1
    outer loop
      vertex -14.442 2.14226 12
      vertex -6.55329 0.972089 12
      vertex -14.3195 2.84832 12
    endloop
  endfacet
  facet normal 0 0 1
    outer loop
      vertex -6.23773 -2.23189 12
      vertex -13.7465 -4.91859 12
      vertex -13.4886 -5.58718 12
    endloop
  endfacet
  facet normal 0 0 1
    outer loop
      vertex -6.55329 0.972089 12
      vertex -14.442 2.14226 12
      vertex -6.5931 0.649364 12
    endloop
  endfacet
  facet normal 0 0 1
    outer loop
      vertex -6.33973 -1.92314 12
      vertex -13.9713 -4.23816 12
      vertex -13.7465 -4.91859 12
    endloop
  endfacet
  facet normal -0 0 1
    outer loop
      vertex -14.5297 1.43105 12
      vertex -6.5931 0.649364 12
      vertex -14.442 2.14226 12
    endloop
  endfacet
  facet normal 0 0 1
    outer loop
      vertex -6.42646 -1.60974 12
      vertex -14.1625 -3.54751 12
      vertex -13.9713 -4.23816 12
    endloop
  endfacet
  facet normal 0 0 1
    outer loop
      vertex -6.5931 0.649364 12
      vertex -14.5297 1.43105 12
      vertex -6.61702 0.325073 12
    endloop
  endfacet
  facet normal 0 0 1
    outer loop
      vertex -6.4977 -1.29247 12
      vertex -14.3195 -2.84832 12
      vertex -14.1625 -3.54751 12
    endloop
  endfacet
  facet normal -0 0 1
    outer loop
      vertex -14.5824 0.716388 12
      vertex -6.61702 0.325073 12
      vertex -14.5297 1.43105 12
    endloop
  endfacet
  facet normal 0 0 1
    outer loop
      vertex -6.55329 -0.972089 12
      vertex -14.442 -2.14226 12
      vertex -14.3195 -2.84832 12
    endloop
  endfacet
  facet normal 0 0 1
    outer loop
      vertex -6.61702 0.325073 12
      vertex -14.5824 0.716388 12
      vertex -6.625 0 12
    endloop
  endfacet
  facet normal 0 0 1
    outer loop
      vertex -6.5931 -0.649364 12
      vertex -14.5297 -1.43105 12
      vertex -14.442 -2.14226 12
    endloop
  endfacet
  facet normal 0 0 1
    outer loop
      vertex -14.6 0 12
      vertex -6.625 0 12
      vertex -14.5824 0.716388 12
    endloop
  endfacet
  facet normal 0 0 1
    outer loop
      vertex -6.61702 -0.325073 12
      vertex -14.5824 -0.716388 12
      vertex -14.5297 -1.43105 12
    endloop
  endfacet
  facet normal 0 0 1
    outer loop
      vertex -6.625 0 12
      vertex -14.6 0 12
      vertex -14.5824 -0.716388 12
    endloop
  endfacet
  facet normal 0.646535 -0.286594 0.707005
    outer loop
      vertex 13.4886 -5.58718 12
      vertex 13.1982 -6.2423 12
      vertex 13.4694 -6.37057 11.7
    endloop
  endfacet
  facet normal 0.671502 -0.221829 -0.70702
    outer loop
      vertex 14.029 -5.01966 0.299999
      vertex 13.9713 -4.23816 0
      vertex 14.2584 -4.32524 0.299999
    endloop
  endfacet
  facet normal 0.681565 -0.188657 -0.707021
    outer loop
      vertex 14.2584 -4.32524 0.299999
      vertex 13.9713 -4.23816 0
      vertex 14.4535 -3.6204 0.299999
    endloop
  endfacet
  facet normal 0.870129 -0.492825 0
    outer loop
      vertex 12.7802 -7.66013 11.7
      vertex 13.1406 -7.02381 0.299999
      vertex 13.1406 -7.02381 11.7
    endloop
  endfacet
  facet normal 0.870129 -0.492825 0
    outer loop
      vertex 13.1406 -7.02381 0.299999
      vertex 12.7802 -7.66013 11.7
      vertex 12.7802 -7.66013 0.299999
    endloop
  endfacet
  facet normal -0.086638 -0.701835 0.707051
    outer loop
      vertex -1.43105 -14.5297 12
      vertex -2.18628 -14.7387 11.7
      vertex -1.46045 -14.8283 11.7
    endloop
  endfacet
  facet normal -0.0735652 -0.99729 0
    outer loop
      vertex -1.46045 -14.8283 0.299999
      vertex -0.731108 -14.8821 11.7
      vertex -1.46045 -14.8283 11.7
    endloop
  endfacet
  facet normal -0.0735652 -0.99729 -0
    outer loop
      vertex -0.731108 -14.8821 11.7
      vertex -1.46045 -14.8283 0.299999
      vertex -0.731108 -14.8821 0.299999
    endloop
  endfacet
  facet normal -0.219058 -0.975712 0
    outer loop
      vertex -3.6204 -14.4535 0.299999
      vertex -2.90685 -14.6137 11.7
      vertex -3.6204 -14.4535 11.7
    endloop
  endfacet
  facet normal -0.219058 -0.975712 -0
    outer loop
      vertex -2.90685 -14.6137 11.7
      vertex -3.6204 -14.4535 0.299999
      vertex -2.90685 -14.6137 0.299999
    endloop
  endfacet
  facet normal -0.154929 -0.690074 -0.706962
    outer loop
      vertex -2.90685 -14.6137 0.299999
      vertex -3.6204 -14.4535 0.299999
      vertex -2.84832 -14.3195 0
    endloop
  endfacet
  facet normal 0.653205 -0.757181 0
    outer loop
      vertex 9.45246 -11.5179 0.299999
      vertex 10.0062 -11.0402 11.7
      vertex 9.45246 -11.5179 11.7
    endloop
  endfacet
  facet normal 0.653205 -0.757181 0
    outer loop
      vertex 10.0062 -11.0402 11.7
      vertex 9.45246 -11.5179 0.299999
      vertex 10.0062 -11.0402 0.299999
    endloop
  endfacet
  facet normal 0.65979 -0.254505 -0.707039
    outer loop
      vertex 13.7658 -5.70198 0.299999
      vertex 13.4886 -5.58718 0
      vertex 13.7465 -4.91859 0
    endloop
  endfacet
  facet normal 0.96376 -0.266769 0
    outer loop
      vertex 14.2584 -4.32524 11.7
      vertex 14.4535 -3.6204 0.299999
      vertex 14.4535 -3.6204 11.7
    endloop
  endfacet
  facet normal 0.96376 -0.266769 0
    outer loop
      vertex 14.4535 -3.6204 0.299999
      vertex 14.2584 -4.32524 11.7
      vertex 14.2584 -4.32524 0.299999
    endloop
  endfacet
  facet normal -0.0520042 -0.705226 0.707073
    outer loop
      vertex -0.716388 -14.5824 12
      vertex -1.43105 -14.5297 12
      vertex -0.731108 -14.8821 11.7
    endloop
  endfacet
  facet normal 0 -0.997295 0.0735055
    outer loop
      vertex 6.50612 1.24398 9.87748
      vertex 14.8439 1.24849 9.93867
      vertex 6.50533 1.24849 9.93867
    endloop
  endfacet
  facet normal 0 -0.997295 0.0735055
    outer loop
      vertex 14.8439 1.24849 9.93867
      vertex 6.50612 1.24398 9.87748
      vertex 14.8442 1.24398 9.87748
    endloop
  endfacet
  facet normal 0 -0.122406 0.99248
    outer loop
      vertex 14.8955 0.183413 8.76353
      vertex 6.62199 0.122521 8.75602
      vertex 14.897 0.122521 8.75602
    endloop
  endfacet
  facet normal 0 -0.122406 0.99248
    outer loop
      vertex 6.62199 0.122521 8.75602
      vertex 14.8955 0.183413 8.76353
      vertex 6.6205 0.183413 8.76353
    endloop
  endfacet
  facet normal 0 -0.893218 0.449624
    outer loop
      vertex 6.53068 1.1024 9.41075
      vertex 14.8526 1.12999 9.46556
      vertex 6.5259 1.12999 9.46556
    endloop
  endfacet
  facet normal 0 -0.893218 0.449624
    outer loop
      vertex 14.8526 1.12999 9.46556
      vertex 6.53068 1.1024 9.41075
      vertex 14.8547 1.1024 9.41075
    endloop
  endfacet
  facet normal 0 -0.492892 0.870091
    outer loop
      vertex 14.8842 0.642628 8.92784
      vertex 6.59753 0.589246 8.8976
      vertex 14.8855 0.589246 8.8976
    endloop
  endfacet
  facet normal 0 -0.492892 0.870091
    outer loop
      vertex 6.59753 0.589246 8.8976
      vertex 14.8842 0.642628 8.92784
      vertex 6.5936 0.642628 8.92784
    endloop
  endfacet
  facet normal -0 0.997295 0.0735055
    outer loop
      vertex 6.50612 -1.24398 9.87748
      vertex 14.8439 -1.24849 9.93867
      vertex 14.8442 -1.24398 9.87748
    endloop
  endfacet
  facet normal 0 0.997295 0.0735055
    outer loop
      vertex 14.8439 -1.24849 9.93867
      vertex 6.50612 -1.24398 9.87748
      vertex 6.50533 -1.24849 9.93867
    endloop
  endfacet
  facet normal 0 -0.534949 0.844884
    outer loop
      vertex 14.883 0.694463 8.96066
      vertex 6.5936 0.642628 8.92784
      vertex 14.8842 0.642628 8.92784
    endloop
  endfacet
  facet normal -3.90968e-06 -0.534503 0.845167
    outer loop
      vertex 14.883 0.694463 8.96066
      vertex 6.5931 0.649364 8.9321
      vertex 6.5936 0.642628 8.92784
    endloop
  endfacet
  facet normal 0 -0.535016 0.844842
    outer loop
      vertex 6.5931 0.649364 8.9321
      vertex 14.883 0.694463 8.96066
      vertex 6.58754 0.694463 8.96066
    endloop
  endfacet
  facet normal 0 0.999697 -0.0246255
    outer loop
      vertex 14.8438 -1.25 10
      vertex 6.50533 -1.24849 10.0613
      vertex 14.8439 -1.24849 10.0613
    endloop
  endfacet
  facet normal 0 0.999697 -0.0246255
    outer loop
      vertex 6.50533 -1.24849 10.0613
      vertex 14.8438 -1.25 10
      vertex 6.50507 -1.25 10
    endloop
  endfacet
  facet normal 0 0.653415 -0.757
    outer loop
      vertex 14.8741 -0.839448 10.9262
      vertex 6.57538 -0.792991 10.9663
      vertex 14.8775 -0.792991 10.9663
    endloop
  endfacet
  facet normal 0 0.653415 -0.757
    outer loop
      vertex 6.57538 -0.792991 10.9663
      vertex 14.8741 -0.839448 10.9262
      vertex 6.56965 -0.839448 10.9262
    endloop
  endfacet
  facet normal 0 0.933119 -0.359568
    outer loop
      vertex 14.8492 -1.17693 10.4211
      vertex 6.52158 -1.15485 10.4784
      vertex 14.8508 -1.15485 10.4784
    endloop
  endfacet
  facet normal 0 0.933119 -0.359568
    outer loop
      vertex 6.52158 -1.15485 10.4784
      vertex 14.8492 -1.17693 10.4211
      vertex 6.51775 -1.17693 10.4211
    endloop
  endfacet
  facet normal 0 -0.0244491 0.999701
    outer loop
      vertex 14.8985 0.0613337 8.7515
      vertex 6.625 0 8.75
      vertex 14.9 0 8.75
    endloop
  endfacet
  facet normal 0 -0.0244491 0.999701
    outer loop
      vertex 6.625 0 8.75
      vertex 14.8985 0.0613337 8.7515
      vertex 6.62349 0.0613337 8.7515
    endloop
  endfacet
  facet normal -0 -0.992482 -0.12239
    outer loop
      vertex 14.8442 1.24398 10.1225
      vertex 6.50742 1.23647 10.1834
      vertex 6.50612 1.24398 10.1225
    endloop
  endfacet
  facet normal 0 -0.992482 -0.12239
    outer loop
      vertex 6.50742 1.23647 10.1834
      vertex 14.8442 1.24398 10.1225
      vertex 14.8448 1.23647 10.1834
    endloop
  endfacet
  facet normal -0 0.0244491 0.999701
    outer loop
      vertex 6.625 0 8.75
      vertex 14.8985 -0.0613337 8.7515
      vertex 14.9 0 8.75
    endloop
  endfacet
  facet normal 0 0.0244491 0.999701
    outer loop
      vertex 14.8985 -0.0613337 8.7515
      vertex 6.625 0 8.75
      vertex 6.62349 -0.0613337 8.7515
    endloop
  endfacet
  facet normal 0 0.360169 -0.932887
    outer loop
      vertex 14.8883 -0.478354 11.1548
      vertex 6.60994 -0.421112 11.1769
      vertex 14.8897 -0.421112 11.1769
    endloop
  endfacet
  facet normal 0 0.360169 -0.932887
    outer loop
      vertex 6.60994 -0.421112 11.1769
      vertex 14.8883 -0.478354 11.1548
      vertex 6.60571 -0.478354 11.1548
    endloop
  endfacet
  facet normal -0 0.817559 0.575845
    outer loop
      vertex 6.54776 -1.00401 9.25538
      vertex 14.8593 -1.03934 9.30554
      vertex 14.8619 -1.00401 9.25538
    endloop
  endfacet
  facet normal 0 0.817559 0.575845
    outer loop
      vertex 14.8593 -1.03934 9.30554
      vertex 6.54776 -1.00401 9.25538
      vertex 6.54163 -1.03934 9.30554
    endloop
  endfacet
  facet normal -0 0.492892 0.870091
    outer loop
      vertex 6.59753 -0.589246 8.8976
      vertex 14.8842 -0.642628 8.92784
      vertex 14.8855 -0.589246 8.8976
    endloop
  endfacet
  facet normal 0 0.492892 0.870091
    outer loop
      vertex 14.8842 -0.642628 8.92784
      vertex 6.59753 -0.589246 8.8976
      vertex 6.5936 -0.642628 8.92784
    endloop
  endfacet
  facet normal 0 0.314482 -0.949263
    outer loop
      vertex 14.8897 -0.421112 11.1769
      vertex 6.61423 -0.362855 11.1962
      vertex 14.8911 -0.362855 11.1962
    endloop
  endfacet
  facet normal 0 0.314482 -0.949263
    outer loop
      vertex 6.61423 -0.362855 11.1962
      vertex 14.8897 -0.421112 11.1769
      vertex 6.60994 -0.421112 11.1769
    endloop
  endfacet
  facet normal -0 0.724214 0.689576
    outer loop
      vertex 6.56417 -0.883883 9.11612
      vertex 14.8677 -0.926188 9.16055
      vertex 14.8708 -0.883883 9.11612
    endloop
  endfacet
  facet normal 0 0.724214 0.689576
    outer loop
      vertex 14.8677 -0.926188 9.16055
      vertex 6.56417 -0.883883 9.11612
      vertex 6.55896 -0.926188 9.16055
    endloop
  endfacet
  facet normal 0 -0.314482 -0.949263
    outer loop
      vertex 6.61423 0.362855 11.1962
      vertex 14.8897 0.421112 11.1769
      vertex 14.8911 0.362855 11.1962
    endloop
  endfacet
  facet normal -0 -0.314482 -0.949263
    outer loop
      vertex 14.8897 0.421112 11.1769
      vertex 6.61423 0.362855 11.1962
      vertex 6.60994 0.421112 11.1769
    endloop
  endfacet
  facet normal 0 -0.615264 0.788321
    outer loop
      vertex 14.8775 0.792991 9.03374
      vertex 6.58135 0.744623 8.99599
      vertex 14.8811 0.744623 8.99599
    endloop
  endfacet
  facet normal 0 -0.615264 0.788321
    outer loop
      vertex 6.58135 0.744623 8.99599
      vertex 14.8775 0.792991 9.03374
      vertex 6.57538 0.792991 9.03374
    endloop
  endfacet
  facet normal -0 0.615264 0.788321
    outer loop
      vertex 6.58135 -0.744623 8.99599
      vertex 14.8775 -0.792991 9.03374
      vertex 14.8811 -0.744623 8.99599
    endloop
  endfacet
  facet normal 0 0.615264 0.788321
    outer loop
      vertex 14.8775 -0.792991 9.03374
      vertex 6.58135 -0.744623 8.99599
      vertex 6.57538 -0.792991 9.03374
    endloop
  endfacet
  facet normal 0 0.535879 -0.844295
    outer loop
      vertex 14.883 -0.694463 11.0393
      vertex 6.5936 -0.642628 11.0722
      vertex 14.8842 -0.642628 11.0722
    endloop
  endfacet
  facet normal 1.92546e-05 0.538072 -0.842899
    outer loop
      vertex 14.883 -0.694463 11.0393
      vertex 6.5931 -0.649364 11.0679
      vertex 6.5936 -0.642628 11.0722
    endloop
  endfacet
  facet normal 0 0.53555 -0.844503
    outer loop
      vertex 6.5931 -0.649364 11.0679
      vertex 14.883 -0.694463 11.0393
      vertex 6.58754 -0.694463 11.0393
    endloop
  endfacet
  facet normal 0 -0.449676 0.893192
    outer loop
      vertex 14.8855 0.589246 8.8976
      vertex 6.60158 0.534444 8.87001
      vertex 14.8869 0.534444 8.87001
    endloop
  endfacet
  facet normal 0 -0.449676 0.893192
    outer loop
      vertex 6.60158 0.534444 8.87001
      vertex 14.8855 0.589246 8.8976
      vertex 6.59753 0.589246 8.8976
    endloop
  endfacet
  facet normal 0 -0.757222 0.653157
    outer loop
      vertex 6.55896 0.926188 9.16055
      vertex 14.8647 0.966263 9.20701
      vertex 6.55401 0.966263 9.20701
    endloop
  endfacet
  facet normal 0 -0.757222 0.653157
    outer loop
      vertex 14.8647 0.966263 9.20701
      vertex 6.55896 0.926188 9.16055
      vertex 14.8677 0.926188 9.16055
    endloop
  endfacet
  facet normal 0 -0.653415 -0.757
    outer loop
      vertex 6.57538 0.792991 10.9663
      vertex 14.8741 0.839448 10.9262
      vertex 14.8775 0.792991 10.9663
    endloop
  endfacet
  facet normal -0 -0.653415 -0.757
    outer loop
      vertex 14.8741 0.839448 10.9262
      vertex 6.57538 0.792991 10.9663
      vertex 6.56965 0.839448 10.9262
    endloop
  endfacet
  facet normal 0 0.404383 -0.91459
    outer loop
      vertex 14.8869 -0.534444 11.13
      vertex 6.60571 -0.478354 11.1548
      vertex 14.8883 -0.478354 11.1548
    endloop
  endfacet
  facet normal 0 0.404383 -0.91459
    outer loop
      vertex 6.60571 -0.478354 11.1548
      vertex 14.8869 -0.534444 11.13
      vertex 6.60158 -0.534444 11.13
    endloop
  endfacet
  facet normal 0 -0.360169 -0.932887
    outer loop
      vertex 6.60994 0.421112 11.1769
      vertex 14.8883 0.478354 11.1548
      vertex 14.8897 0.421112 11.1769
    endloop
  endfacet
  facet normal -0 -0.360169 -0.932887
    outer loop
      vertex 14.8883 0.478354 11.1548
      vertex 6.60994 0.421112 11.1769
      vertex 6.60571 0.478354 11.1548
    endloop
  endfacet
  facet normal -0 0.757222 0.653157
    outer loop
      vertex 6.55896 -0.926188 9.16055
      vertex 14.8647 -0.966263 9.20701
      vertex 14.8677 -0.926188 9.16055
    endloop
  endfacet
  facet normal 0 0.757222 0.653157
    outer loop
      vertex 14.8647 -0.966263 9.20701
      vertex 6.55896 -0.926188 9.16055
      vertex 6.55401 -0.966263 9.20701
    endloop
  endfacet
  facet normal -0 0.985275 0.170977
    outer loop
      vertex 6.50924 -1.22598 9.75614
      vertex 14.8448 -1.23647 9.81659
      vertex 14.8455 -1.22598 9.75614
    endloop
  endfacet
  facet normal 0 0.985275 0.170977
    outer loop
      vertex 14.8448 -1.23647 9.81659
      vertex 6.50924 -1.22598 9.75614
      vertex 6.50742 -1.23647 9.81659
    endloop
  endfacet
  facet normal -0 -0.724755 -0.689006
    outer loop
      vertex 14.8677 0.926188 10.8394
      vertex 6.56417 0.883883 10.8839
      vertex 6.55896 0.926188 10.8394
    endloop
  endfacet
  facet normal 0 -0.724755 -0.689006
    outer loop
      vertex 6.56417 0.883883 10.8839
      vertex 14.8677 0.926188 10.8394
      vertex 14.8708 0.883883 10.8839
    endloop
  endfacet
  facet normal 0 -0.932992 0.359896
    outer loop
      vertex 6.52158 1.15485 9.52165
      vertex 14.8492 1.17693 9.57889
      vertex 6.51775 1.17693 9.57889
    endloop
  endfacet
  facet normal 0 -0.932992 0.359896
    outer loop
      vertex 14.8492 1.17693 9.57889
      vertex 6.52158 1.15485 9.52165
      vertex 14.8508 1.15485 9.52165
    endloop
  endfacet
  facet normal 0 0.0733466 -0.997307
    outer loop
      vertex 14.897 -0.122521 11.244
      vertex 6.62349 -0.0613337 11.2485
      vertex 14.8985 -0.0613337 11.2485
    endloop
  endfacet
  facet normal 0 0.0733466 -0.997307
    outer loop
      vertex 6.62349 -0.0613337 11.2485
      vertex 14.897 -0.122521 11.244
      vertex 6.62199 -0.122521 11.244
    endloop
  endfacet
  facet normal 0 0.0244491 -0.999701
    outer loop
      vertex 14.8985 -0.0613337 11.2485
      vertex 6.625 0 11.25
      vertex 14.9 0 11.25
    endloop
  endfacet
  facet normal 0 0.0244491 -0.999701
    outer loop
      vertex 6.625 0 11.25
      vertex 14.8985 -0.0613337 11.2485
      vertex 6.62349 -0.0613337 11.2485
    endloop
  endfacet
  facet normal 0 -0.313748 0.949506
    outer loop
      vertex 14.8897 0.421112 8.82307
      vertex 6.61423 0.362855 8.80382
      vertex 14.8911 0.362855 8.80382
    endloop
  endfacet
  facet normal 0 -0.313748 0.949506
    outer loop
      vertex 6.61423 0.362855 8.80382
      vertex 14.8897 0.421112 8.82307
      vertex 6.60994 0.421112 8.82307
    endloop
  endfacet
  facet normal 0 -0.949544 0.313635
    outer loop
      vertex 6.51775 1.17693 9.57889
      vertex 14.8477 1.19617 9.63714
      vertex 6.51441 1.19617 9.63714
    endloop
  endfacet
  facet normal 0 -0.949544 0.313635
    outer loop
      vertex 14.8477 1.19617 9.63714
      vertex 6.51775 1.17693 9.57889
      vertex 14.8492 1.17693 9.57889
    endloop
  endfacet
  facet normal 0 -0.653135 0.757242
    outer loop
      vertex 14.8741 0.839448 9.07381
      vertex 6.57538 0.792991 9.03374
      vertex 14.8775 0.792991 9.03374
    endloop
  endfacet
  facet normal 0 -0.653135 0.757242
    outer loop
      vertex 6.57538 0.792991 9.03374
      vertex 14.8741 0.839448 9.07381
      vertex 6.56965 0.839448 9.07381
    endloop
  endfacet
  facet normal 0 -0.0244491 -0.999701
    outer loop
      vertex 6.625 0 11.25
      vertex 14.8985 0.0613337 11.2485
      vertex 14.9 0 11.25
    endloop
  endfacet
  facet normal -0 -0.0244491 -0.999701
    outer loop
      vertex 14.8985 0.0613337 11.2485
      vertex 6.625 0 11.25
      vertex 6.62349 0.0613337 11.2485
    endloop
  endfacet
  facet normal 0 -0.870083 0.492906
    outer loop
      vertex 6.53593 1.07216 9.35737
      vertex 14.8547 1.1024 9.41075
      vertex 6.53068 1.1024 9.41075
    endloop
  endfacet
  facet normal 0 -0.870083 0.492906
    outer loop
      vertex 14.8547 1.1024 9.41075
      vertex 6.53593 1.07216 9.35737
      vertex 14.8569 1.07216 9.35737
    endloop
  endfacet
  facet normal 0 0.985299 -0.170839
    outer loop
      vertex 14.8448 -1.23647 10.1834
      vertex 6.50924 -1.22598 10.2439
      vertex 14.8455 -1.22598 10.2439
    endloop
  endfacet
  facet normal 0 0.985299 -0.170839
    outer loop
      vertex 6.50924 -1.22598 10.2439
      vertex 14.8448 -1.23647 10.1834
      vertex 6.50742 -1.23647 10.1834
    endloop
  endfacet
  facet normal 0 0.492398 -0.87037
    outer loop
      vertex 14.8842 -0.642628 11.0722
      vertex 6.59753 -0.589246 11.1024
      vertex 14.8855 -0.589246 11.1024
    endloop
  endfacet
  facet normal 0 0.492398 -0.87037
    outer loop
      vertex 6.59753 -0.589246 11.1024
      vertex 14.8842 -0.642628 11.0722
      vertex 6.5936 -0.642628 11.0722
    endloop
  endfacet
  facet normal 0 -0.689492 -0.724293
    outer loop
      vertex 6.56965 0.839448 10.9262
      vertex 14.8708 0.883883 10.8839
      vertex 14.8741 0.839448 10.9262
    endloop
  endfacet
  facet normal -0 -0.689492 -0.724293
    outer loop
      vertex 14.8708 0.883883 10.8839
      vertex 6.56965 0.839448 10.9262
      vertex 6.56417 0.883883 10.8839
    endloop
  endfacet
  facet normal 0 0.870162 -0.492766
    outer loop
      vertex 14.8547 -1.1024 10.5892
      vertex 6.53593 -1.07216 10.6426
      vertex 14.8569 -1.07216 10.6426
    endloop
  endfacet
  facet normal 0 0.870162 -0.492766
    outer loop
      vertex 6.53593 -1.07216 10.6426
      vertex 14.8547 -1.1024 10.5892
      vertex 6.53068 -1.1024 10.5892
    endloop
  endfacet
  facet normal 0 -0.724214 0.689576
    outer loop
      vertex 6.56417 0.883883 9.11612
      vertex 14.8677 0.926188 9.16055
      vertex 6.55896 0.926188 9.16055
    endloop
  endfacet
  facet normal 0 -0.724214 0.689576
    outer loop
      vertex 14.8677 0.926188 9.16055
      vertex 6.56417 0.883883 9.11612
      vertex 14.8708 0.883883 9.11612
    endloop
  endfacet
  facet normal -0 -0.870162 -0.492766
    outer loop
      vertex 14.8547 1.1024 10.5892
      vertex 6.53593 1.07216 10.6426
      vertex 6.53068 1.1024 10.5892
    endloop
  endfacet
  facet normal 0 -0.870162 -0.492766
    outer loop
      vertex 6.53593 1.07216 10.6426
      vertex 14.8547 1.1024 10.5892
      vertex 14.8569 1.07216 10.6426
    endloop
  endfacet
  facet normal 0 0.992482 -0.12239
    outer loop
      vertex 14.8442 -1.24398 10.1225
      vertex 6.50742 -1.23647 10.1834
      vertex 14.8448 -1.23647 10.1834
    endloop
  endfacet
  facet normal 0 0.992482 -0.12239
    outer loop
      vertex 6.50742 -1.23647 10.1834
      vertex 14.8442 -1.24398 10.1225
      vertex 6.50612 -1.24398 10.1225
    endloop
  endfacet
  facet normal 0 -0.99248 0.12241
    outer loop
      vertex 6.50742 1.23647 9.81659
      vertex 14.8442 1.24398 9.87748
      vertex 6.50612 1.24398 9.87748
    endloop
  endfacet
  facet normal 0 -0.99248 0.12241
    outer loop
      vertex 14.8442 1.24398 9.87748
      vertex 6.50742 1.23647 9.81659
      vertex 14.8448 1.23647 9.81659
    endloop
  endfacet
  facet normal 0 -0.914228 0.405201
    outer loop
      vertex 6.5259 1.12999 9.46556
      vertex 14.8508 1.15485 9.52165
      vertex 6.52158 1.15485 9.52165
    endloop
  endfacet
  facet normal 0 -0.914228 0.405201
    outer loop
      vertex 14.8508 1.15485 9.52165
      vertex 6.5259 1.12999 9.46556
      vertex 14.8526 1.12999 9.46556
    endloop
  endfacet
  facet normal 0 0.788542 -0.614981
    outer loop
      vertex 14.8619 -1.00401 10.7446
      vertex 6.55401 -0.966263 10.793
      vertex 14.8647 -0.966263 10.793
    endloop
  endfacet
  facet normal 1.42392e-05 0.789726 -0.61346
    outer loop
      vertex 6.55401 -0.966263 10.793
      vertex 14.8619 -1.00401 10.7446
      vertex 6.55329 -0.972089 10.7855
    endloop
  endfacet
  facet normal 0 0.788325 -0.615259
    outer loop
      vertex 6.55329 -0.972089 10.7855
      vertex 14.8619 -1.00401 10.7446
      vertex 6.54776 -1.00401 10.7446
    endloop
  endfacet
  facet normal -0 -0.949463 -0.313878
    outer loop
      vertex 14.8477 1.19617 10.3629
      vertex 6.51775 1.17693 10.4211
      vertex 6.51441 1.19617 10.3629
    endloop
  endfacet
  facet normal 0 -0.949463 -0.313878
    outer loop
      vertex 6.51775 1.17693 10.4211
      vertex 14.8477 1.19617 10.3629
      vertex 14.8492 1.17693 10.4211
    endloop
  endfacet
  facet normal -0 0.689578 0.724212
    outer loop
      vertex 6.56965 -0.839448 9.07381
      vertex 14.8708 -0.883883 9.11612
      vertex 14.8741 -0.839448 9.07381
    endloop
  endfacet
  facet normal 0 0.689578 0.724212
    outer loop
      vertex 14.8708 -0.883883 9.11612
      vertex 6.56965 -0.839448 9.07381
      vertex 6.56417 -0.883883 9.11612
    endloop
  endfacet
  facet normal -0 0.653135 0.757242
    outer loop
      vertex 6.57538 -0.792991 9.03374
      vertex 14.8741 -0.839448 9.07381
      vertex 14.8775 -0.792991 9.03374
    endloop
  endfacet
  facet normal 0 0.653135 0.757242
    outer loop
      vertex 14.8741 -0.839448 9.07381
      vertex 6.57538 -0.792991 9.03374
      vertex 6.56965 -0.839448 9.07381
    endloop
  endfacet
  facet normal 0 -0.359885 0.932996
    outer loop
      vertex 14.8883 0.478354 8.84515
      vertex 6.60994 0.421112 8.82307
      vertex 14.8897 0.421112 8.82307
    endloop
  endfacet
  facet normal 0 -0.359885 0.932996
    outer loop
      vertex 6.60994 0.421112 8.82307
      vertex 14.8883 0.478354 8.84515
      vertex 6.60571 0.478354 8.84515
    endloop
  endfacet
  facet normal 0 0.999697 0.0246134
    outer loop
      vertex 14.8439 -1.24849 9.93867
      vertex 6.50507 -1.25 10
      vertex 14.8438 -1.25 10
    endloop
  endfacet
  facet normal 0 0.999697 0.0246134
    outer loop
      vertex 6.50507 -1.25 10
      vertex 14.8439 -1.24849 9.93867
      vertex 6.50533 -1.24849 9.93867
    endloop
  endfacet
  facet normal 0 -0.449806 -0.893126
    outer loop
      vertex 6.60158 0.534444 11.13
      vertex 14.8855 0.589246 11.1024
      vertex 14.8869 0.534444 11.13
    endloop
  endfacet
  facet normal -0 -0.449806 -0.893126
    outer loop
      vertex 14.8855 0.589246 11.1024
      vertex 6.60158 0.534444 11.13
      vertex 6.59753 0.589246 11.1024
    endloop
  endfacet
  facet normal -0 0.122406 0.99248
    outer loop
      vertex 6.62199 -0.122521 8.75602
      vertex 14.8955 -0.183413 8.76353
      vertex 14.897 -0.122521 8.75602
    endloop
  endfacet
  facet normal 0 0.122406 0.99248
    outer loop
      vertex 14.8955 -0.183413 8.76353
      vertex 6.62199 -0.122521 8.75602
      vertex 6.6205 -0.183413 8.76353
    endloop
  endfacet
  facet normal 0 -0.817559 0.575845
    outer loop
      vertex 6.54776 1.00401 9.25538
      vertex 14.8593 1.03934 9.30554
      vertex 6.54163 1.03934 9.30554
    endloop
  endfacet
  facet normal 0 -0.817559 0.575845
    outer loop
      vertex 14.8593 1.03934 9.30554
      vertex 6.54776 1.00401 9.25538
      vertex 14.8619 1.00401 9.25538
    endloop
  endfacet
  facet normal 0 -0.266656 0.963792
    outer loop
      vertex 14.8911 0.362855 8.80382
      vertex 6.61754 0.303724 8.78746
      vertex 14.8925 0.303724 8.78746
    endloop
  endfacet
  facet normal 1.06144e-06 -0.266794 0.963754
    outer loop
      vertex 14.8911 0.362855 8.80382
      vertex 6.61702 0.325073 8.79337
      vertex 6.61754 0.303724 8.78746
    endloop
  endfacet
  facet normal 0 -0.266578 0.963813
    outer loop
      vertex 6.61702 0.325073 8.79337
      vertex 14.8911 0.362855 8.80382
      vertex 6.61423 0.362855 8.80382
    endloop
  endfacet
  facet normal 0 -0.0736708 0.997283
    outer loop
      vertex 14.897 0.122521 8.75602
      vertex 6.62349 0.0613337 8.7515
      vertex 14.8985 0.0613337 8.7515
    endloop
  endfacet
  facet normal 0 -0.0736708 0.997283
    outer loop
      vertex 6.62349 0.0613337 8.7515
      vertex 14.897 0.122521 8.75602
      vertex 6.62199 0.122521 8.75602
    endloop
  endfacet
  facet normal 0 0.997296 -0.0734935
    outer loop
      vertex 14.8439 -1.24849 10.0613
      vertex 6.50612 -1.24398 10.1225
      vertex 14.8442 -1.24398 10.1225
    endloop
  endfacet
  facet normal 0 0.997296 -0.0734935
    outer loop
      vertex 6.50612 -1.24398 10.1225
      vertex 14.8439 -1.24849 10.0613
      vertex 6.50533 -1.24849 10.0613
    endloop
  endfacet
  facet normal 0 -0.265747 -0.964043
    outer loop
      vertex 6.61754 0.303724 11.2125
      vertex 14.8911 0.362855 11.1962
      vertex 14.8925 0.303724 11.2125
    endloop
  endfacet
  facet normal 4.82418e-06 -0.266374 -0.96387
    outer loop
      vertex 6.61702 0.325073 11.2066
      vertex 14.8911 0.362855 11.1962
      vertex 6.61754 0.303724 11.2125
    endloop
  endfacet
  facet normal -0 -0.265393 -0.96414
    outer loop
      vertex 14.8911 0.362855 11.1962
      vertex 6.61702 0.325073 11.2066
      vertex 6.61423 0.362855 11.1962
    endloop
  endfacet
  facet normal 0 0.893185 -0.449689
    outer loop
      vertex 14.8526 -1.12999 10.5344
      vertex 6.53068 -1.1024 10.5892
      vertex 14.8547 -1.1024 10.5892
    endloop
  endfacet
  facet normal 0 0.893185 -0.449689
    outer loop
      vertex 6.53068 -1.1024 10.5892
      vertex 14.8526 -1.12999 10.5344
      vertex 6.5259 -1.12999 10.5344
    endloop
  endfacet
  facet normal -0 0.359885 0.932996
    outer loop
      vertex 6.60994 -0.421112 8.82307
      vertex 14.8883 -0.478354 8.84515
      vertex 14.8897 -0.421112 8.82307
    endloop
  endfacet
  facet normal 0 0.359885 0.932996
    outer loop
      vertex 14.8883 -0.478354 8.84515
      vertex 6.60994 -0.421112 8.82307
      vertex 6.60571 -0.478354 8.84515
    endloop
  endfacet
  facet normal 0 -0.122245 -0.9925
    outer loop
      vertex 6.62199 0.122521 11.244
      vertex 14.8955 0.183413 11.2365
      vertex 14.897 0.122521 11.244
    endloop
  endfacet
  facet normal -0 -0.122245 -0.9925
    outer loop
      vertex 14.8955 0.183413 11.2365
      vertex 6.62199 0.122521 11.244
      vertex 6.6205 0.183413 11.2365
    endloop
  endfacet
  facet normal 0 0.96383 -0.266518
    outer loop
      vertex 14.8465 -1.21254 10.3037
      vertex 6.51441 -1.19617 10.3629
      vertex 14.8477 -1.19617 10.3629
    endloop
  endfacet
  facet normal 0 0.96383 -0.266518
    outer loop
      vertex 6.51441 -1.19617 10.3629
      vertex 14.8465 -1.21254 10.3037
      vertex 6.51157 -1.21254 10.3037
    endloop
  endfacet
  facet normal 0 -0.404383 -0.91459
    outer loop
      vertex 6.60571 0.478354 11.1548
      vertex 14.8869 0.534444 11.13
      vertex 14.8883 0.478354 11.1548
    endloop
  endfacet
  facet normal -0 -0.404383 -0.91459
    outer loop
      vertex 14.8869 0.534444 11.13
      vertex 6.60571 0.478354 11.1548
      vertex 6.60158 0.534444 11.13
    endloop
  endfacet
  facet normal -0 0.534949 0.844884
    outer loop
      vertex 6.5936 -0.642628 8.92784
      vertex 14.883 -0.694463 8.96066
      vertex 14.8842 -0.642628 8.92784
    endloop
  endfacet
  facet normal -3.90968e-06 0.534503 0.845167
    outer loop
      vertex 6.5931 -0.649364 8.9321
      vertex 14.883 -0.694463 8.96066
      vertex 6.5936 -0.642628 8.92784
    endloop
  endfacet
  facet normal 0 0.535016 0.844842
    outer loop
      vertex 14.883 -0.694463 8.96066
      vertex 6.5931 -0.649364 8.9321
      vertex 6.58754 -0.694463 8.96066
    endloop
  endfacet
  facet normal 0 -0.999697 0.0246134
    outer loop
      vertex 6.50533 1.24849 9.93867
      vertex 14.8438 1.25 10
      vertex 6.50507 1.25 10
    endloop
  endfacet
  facet normal 0 -0.999697 0.0246134
    outer loop
      vertex 14.8438 1.25 10
      vertex 6.50533 1.24849 9.93867
      vertex 14.8439 1.24849 9.93867
    endloop
  endfacet
  facet normal -0 -0.975662 -0.219279
    outer loop
      vertex 14.8455 1.22598 10.2439
      vertex 6.51157 1.21254 10.3037
      vertex 6.50924 1.22598 10.2439
    endloop
  endfacet
  facet normal 0 -0.975662 -0.219279
    outer loop
      vertex 6.51157 1.21254 10.3037
      vertex 14.8455 1.22598 10.2439
      vertex 14.8465 1.21254 10.3037
    endloop
  endfacet
  facet normal 0 -0.219063 0.975711
    outer loop
      vertex 14.8925 0.303724 8.78746
      vertex 6.61901 0.243862 8.77402
      vertex 14.894 0.243862 8.77402
    endloop
  endfacet
  facet normal 0 -0.219063 0.975711
    outer loop
      vertex 6.61901 0.243862 8.77402
      vertex 14.8925 0.303724 8.78746
      vertex 6.61754 0.303724 8.78746
    endloop
  endfacet
  facet normal -0 -0.997296 -0.0734935
    outer loop
      vertex 14.8439 1.24849 10.0613
      vertex 6.50612 1.24398 10.1225
      vertex 6.50533 1.24849 10.0613
    endloop
  endfacet
  facet normal 0 -0.997296 -0.0734935
    outer loop
      vertex 6.50612 1.24398 10.1225
      vertex 14.8439 1.24849 10.0613
      vertex 14.8442 1.24398 10.1225
    endloop
  endfacet
  facet normal -0 0.975717 0.219035
    outer loop
      vertex 6.51157 -1.21254 9.69627
      vertex 14.8455 -1.22598 9.75614
      vertex 14.8465 -1.21254 9.69627
    endloop
  endfacet
  facet normal 0 0.975717 0.219035
    outer loop
      vertex 14.8455 -1.22598 9.75614
      vertex 6.51157 -1.21254 9.69627
      vertex 6.50924 -1.22598 9.75614
    endloop
  endfacet
  facet normal 0 0.788398 0.615166
    outer loop
      vertex 14.8619 -1.00401 9.25538
      vertex 6.55329 -0.972089 9.21447
      vertex 6.54776 -1.00401 9.25538
    endloop
  endfacet
  facet normal -0 0.788357 0.615218
    outer loop
      vertex 6.55401 -0.966263 9.20701
      vertex 14.8619 -1.00401 9.25538
      vertex 14.8647 -0.966263 9.20701
    endloop
  endfacet
  facet normal -2.68169e-06 0.788133 0.615504
    outer loop
      vertex 14.8619 -1.00401 9.25538
      vertex 6.55401 -0.966263 9.20701
      vertex 6.55329 -0.972089 9.21447
    endloop
  endfacet
  facet normal 0 0.975662 -0.219279
    outer loop
      vertex 14.8455 -1.22598 10.2439
      vertex 6.51157 -1.21254 10.3037
      vertex 14.8465 -1.21254 10.3037
    endloop
  endfacet
  facet normal 0 0.975662 -0.219279
    outer loop
      vertex 6.51157 -1.21254 10.3037
      vertex 14.8455 -1.22598 10.2439
      vertex 6.50924 -1.22598 10.2439
    endloop
  endfacet
  facet normal -0.0186789 -0.57589 -0.817314
    outer loop
      vertex 14.883 0.694463 11.0393
      vertex 14.8811 0.744623 11.004
      vertex 14.8821 0.731108 11.0135
    endloop
  endfacet
  facet normal 0 -0.575518 -0.817789
    outer loop
      vertex 6.58754 0.694463 11.0393
      vertex 14.8811 0.744623 11.004
      vertex 14.883 0.694463 11.0393
    endloop
  endfacet
  facet normal -0 -0.575518 -0.817789
    outer loop
      vertex 14.8811 0.744623 11.004
      vertex 6.58754 0.694463 11.0393
      vertex 6.58135 0.744623 11.004
    endloop
  endfacet
  facet normal 0 -0.170979 0.985275
    outer loop
      vertex 14.894 0.243862 8.77402
      vertex 6.6205 0.183413 8.76353
      vertex 14.8955 0.183413 8.76353
    endloop
  endfacet
  facet normal 0 -0.170979 0.985275
    outer loop
      vertex 6.6205 0.183413 8.76353
      vertex 14.894 0.243862 8.77402
      vertex 6.61901 0.243862 8.77402
    endloop
  endfacet
  facet normal 0 0.724755 -0.689006
    outer loop
      vertex 14.8677 -0.926188 10.8394
      vertex 6.56417 -0.883883 10.8839
      vertex 14.8708 -0.883883 10.8839
    endloop
  endfacet
  facet normal 0 0.724755 -0.689006
    outer loop
      vertex 6.56417 -0.883883 10.8839
      vertex 14.8677 -0.926188 10.8394
      vertex 6.55896 -0.926188 10.8394
    endloop
  endfacet
  facet normal 0 -0.405201 0.914228
    outer loop
      vertex 14.8869 0.534444 8.87001
      vertex 6.60571 0.478354 8.84515
      vertex 14.8883 0.478354 8.84515
    endloop
  endfacet
  facet normal 0 -0.405201 0.914228
    outer loop
      vertex 6.60571 0.478354 8.84515
      vertex 14.8869 0.534444 8.87001
      vertex 6.60158 0.534444 8.87001
    endloop
  endfacet
  facet normal 0 0.122245 -0.9925
    outer loop
      vertex 14.8955 -0.183413 11.2365
      vertex 6.62199 -0.122521 11.244
      vertex 14.897 -0.122521 11.244
    endloop
  endfacet
  facet normal 0 0.122245 -0.9925
    outer loop
      vertex 6.62199 -0.122521 11.244
      vertex 14.8955 -0.183413 11.2365
      vertex 6.6205 -0.183413 11.2365
    endloop
  endfacet
  facet normal 0 -0.985275 0.170977
    outer loop
      vertex 6.50924 1.22598 9.75614
      vertex 14.8448 1.23647 9.81659
      vertex 6.50742 1.23647 9.81659
    endloop
  endfacet
  facet normal 0 -0.985275 0.170977
    outer loop
      vertex 14.8448 1.23647 9.81659
      vertex 6.50924 1.22598 9.75614
      vertex 14.8455 1.22598 9.75614
    endloop
  endfacet
  facet normal 0 -0.844861 0.534986
    outer loop
      vertex 6.54163 1.03934 9.30554
      vertex 14.8569 1.07216 9.35737
      vertex 6.53593 1.07216 9.35737
    endloop
  endfacet
  facet normal 0 -0.844861 0.534986
    outer loop
      vertex 14.8569 1.07216 9.35737
      vertex 6.54163 1.03934 9.30554
      vertex 14.8593 1.03934 9.30554
    endloop
  endfacet
  facet normal 0 0.219994 -0.975501
    outer loop
      vertex 14.8925 -0.303724 11.2125
      vertex 6.61901 -0.243862 11.226
      vertex 14.894 -0.243862 11.226
    endloop
  endfacet
  facet normal 0 0.219994 -0.975501
    outer loop
      vertex 6.61901 -0.243862 11.226
      vertex 14.8925 -0.303724 11.2125
      vertex 6.61754 -0.303724 11.2125
    endloop
  endfacet
  facet normal -0 0.0736708 0.997283
    outer loop
      vertex 6.62349 -0.0613337 8.7515
      vertex 14.897 -0.122521 8.75602
      vertex 14.8985 -0.0613337 8.7515
    endloop
  endfacet
  facet normal 0 0.0736708 0.997283
    outer loop
      vertex 14.897 -0.122521 8.75602
      vertex 6.62349 -0.0613337 8.7515
      vertex 6.62199 -0.122521 8.75602
    endloop
  endfacet
  facet normal -0 0.219063 0.975711
    outer loop
      vertex 6.61901 -0.243862 8.77402
      vertex 14.8925 -0.303724 8.78746
      vertex 14.894 -0.243862 8.77402
    endloop
  endfacet
  facet normal 0 0.219063 0.975711
    outer loop
      vertex 14.8925 -0.303724 8.78746
      vertex 6.61901 -0.243862 8.77402
      vertex 6.61754 -0.303724 8.78746
    endloop
  endfacet
  facet normal 0 0.689492 -0.724293
    outer loop
      vertex 14.8708 -0.883883 10.8839
      vertex 6.56965 -0.839448 10.9262
      vertex 14.8741 -0.839448 10.9262
    endloop
  endfacet
  facet normal 0 0.689492 -0.724293
    outer loop
      vertex 6.56965 -0.839448 10.9262
      vertex 14.8708 -0.883883 10.8839
      vertex 6.56417 -0.883883 10.8839
    endloop
  endfacet
  facet normal -0 -0.845187 -0.534471
    outer loop
      vertex 14.8569 1.07216 10.6426
      vertex 6.54163 1.03934 10.6945
      vertex 6.53593 1.07216 10.6426
    endloop
  endfacet
  facet normal 0 -0.845187 -0.534471
    outer loop
      vertex 6.54163 1.03934 10.6945
      vertex 14.8569 1.07216 10.6426
      vertex 14.8593 1.03934 10.6945
    endloop
  endfacet
  facet normal 1.42392e-05 -0.789726 -0.61346
    outer loop
      vertex 14.8619 1.00401 10.7446
      vertex 6.55401 0.966263 10.793
      vertex 6.55329 0.972089 10.7855
    endloop
  endfacet
  facet normal -0 -0.788325 -0.615259
    outer loop
      vertex 14.8619 1.00401 10.7446
      vertex 6.55329 0.972089 10.7855
      vertex 6.54776 1.00401 10.7446
    endloop
  endfacet
  facet normal 0 -0.788542 -0.614981
    outer loop
      vertex 6.55401 0.966263 10.793
      vertex 14.8619 1.00401 10.7446
      vertex 14.8647 0.966263 10.793
    endloop
  endfacet
  facet normal 0 0.913986 -0.405745
    outer loop
      vertex 14.8508 -1.15485 10.4784
      vertex 6.5259 -1.12999 10.5344
      vertex 14.8526 -1.12999 10.5344
    endloop
  endfacet
  facet normal 0 0.913986 -0.405745
    outer loop
      vertex 6.5259 -1.12999 10.5344
      vertex 14.8508 -1.15485 10.4784
      vertex 6.52158 -1.15485 10.4784
    endloop
  endfacet
  facet normal -0 0.449676 0.893192
    outer loop
      vertex 6.60158 -0.534444 8.87001
      vertex 14.8855 -0.589246 8.8976
      vertex 14.8869 -0.534444 8.87001
    endloop
  endfacet
  facet normal 0 0.449676 0.893192
    outer loop
      vertex 14.8855 -0.589246 8.8976
      vertex 6.60158 -0.534444 8.87001
      vertex 6.59753 -0.589246 8.8976
    endloop
  endfacet
  facet normal -0 0.844861 0.534986
    outer loop
      vertex 6.54163 -1.03934 9.30554
      vertex 14.8569 -1.07216 9.35737
      vertex 14.8593 -1.03934 9.30554
    endloop
  endfacet
  facet normal 0 0.844861 0.534986
    outer loop
      vertex 14.8569 -1.07216 9.35737
      vertex 6.54163 -1.03934 9.30554
      vertex 6.53593 -1.07216 9.35737
    endloop
  endfacet
  facet normal -0 0.313748 0.949506
    outer loop
      vertex 6.61423 -0.362855 8.80382
      vertex 14.8897 -0.421112 8.82307
      vertex 14.8911 -0.362855 8.80382
    endloop
  endfacet
  facet normal 0 0.313748 0.949506
    outer loop
      vertex 14.8897 -0.421112 8.82307
      vertex 6.61423 -0.362855 8.80382
      vertex 6.60994 -0.421112 8.82307
    endloop
  endfacet
  facet normal -0 0.870083 0.492906
    outer loop
      vertex 6.53593 -1.07216 9.35737
      vertex 14.8547 -1.1024 9.41075
      vertex 14.8569 -1.07216 9.35737
    endloop
  endfacet
  facet normal 0 0.870083 0.492906
    outer loop
      vertex 14.8547 -1.1024 9.41075
      vertex 6.53593 -1.07216 9.35737
      vertex 6.53068 -1.1024 9.41075
    endloop
  endfacet
  facet normal -0 -0.933119 -0.359568
    outer loop
      vertex 14.8492 1.17693 10.4211
      vertex 6.52158 1.15485 10.4784
      vertex 6.51775 1.17693 10.4211
    endloop
  endfacet
  facet normal 0 -0.933119 -0.359568
    outer loop
      vertex 6.52158 1.15485 10.4784
      vertex 14.8492 1.17693 10.4211
      vertex 14.8508 1.15485 10.4784
    endloop
  endfacet
  facet normal 0 -0.999697 -0.0246255
    outer loop
      vertex 6.50507 1.25 10
      vertex 14.8439 1.24849 10.0613
      vertex 6.50533 1.24849 10.0613
    endloop
  endfacet
  facet normal 0 -0.999697 -0.0246255
    outer loop
      vertex 14.8439 1.24849 10.0613
      vertex 6.50507 1.25 10
      vertex 14.8438 1.25 10
    endloop
  endfacet
  facet normal -0 0.932992 0.359896
    outer loop
      vertex 6.52158 -1.15485 9.52165
      vertex 14.8492 -1.17693 9.57889
      vertex 14.8508 -1.15485 9.52165
    endloop
  endfacet
  facet normal 0 0.932992 0.359896
    outer loop
      vertex 14.8492 -1.17693 9.57889
      vertex 6.52158 -1.15485 9.52165
      vertex 6.51775 -1.17693 9.57889
    endloop
  endfacet
  facet normal 0 -0.788398 0.615166
    outer loop
      vertex 6.55329 0.972089 9.21447
      vertex 14.8619 1.00401 9.25538
      vertex 6.54776 1.00401 9.25538
    endloop
  endfacet
  facet normal -2.68169e-06 -0.788133 0.615504
    outer loop
      vertex 6.55401 0.966263 9.20701
      vertex 14.8619 1.00401 9.25538
      vertex 6.55329 0.972089 9.21447
    endloop
  endfacet
  facet normal 0 -0.788357 0.615218
    outer loop
      vertex 14.8619 1.00401 9.25538
      vertex 6.55401 0.966263 9.20701
      vertex 14.8647 0.966263 9.20701
    endloop
  endfacet
  facet normal -0 -0.817234 -0.576305
    outer loop
      vertex 14.8593 1.03934 10.6945
      vertex 6.54776 1.00401 10.7446
      vertex 6.54163 1.03934 10.6945
    endloop
  endfacet
  facet normal 0 -0.817234 -0.576305
    outer loop
      vertex 6.54776 1.00401 10.7446
      vertex 14.8593 1.03934 10.6945
      vertex 14.8619 1.00401 10.7446
    endloop
  endfacet
  facet normal -0 -0.756805 -0.653641
    outer loop
      vertex 14.8647 0.966263 10.793
      vertex 6.55896 0.926188 10.8394
      vertex 6.55401 0.966263 10.793
    endloop
  endfacet
  facet normal 0 -0.756805 -0.653641
    outer loop
      vertex 6.55896 0.926188 10.8394
      vertex 14.8647 0.966263 10.793
      vertex 14.8677 0.926188 10.8394
    endloop
  endfacet
  facet normal -0 -0.985299 -0.170839
    outer loop
      vertex 14.8448 1.23647 10.1834
      vertex 6.50924 1.22598 10.2439
      vertex 6.50742 1.23647 10.1834
    endloop
  endfacet
  facet normal 0 -0.985299 -0.170839
    outer loop
      vertex 6.50924 1.22598 10.2439
      vertex 14.8448 1.23647 10.1834
      vertex 14.8455 1.22598 10.2439
    endloop
  endfacet
  facet normal -0 0.266656 0.963792
    outer loop
      vertex 6.61754 -0.303724 8.78746
      vertex 14.8911 -0.362855 8.80382
      vertex 14.8925 -0.303724 8.78746
    endloop
  endfacet
  facet normal 1.06144e-06 0.266794 0.963754
    outer loop
      vertex 6.61702 -0.325073 8.79337
      vertex 14.8911 -0.362855 8.80382
      vertex 6.61754 -0.303724 8.78746
    endloop
  endfacet
  facet normal 0 0.266578 0.963813
    outer loop
      vertex 14.8911 -0.362855 8.80382
      vertex 6.61702 -0.325073 8.79337
      vertex 6.61423 -0.362855 8.80382
    endloop
  endfacet
  facet normal 0.00127739 0.575812 0.817581
    outer loop
      vertex 14.883 -0.694463 8.96066
      vertex 14.8811 -0.744623 8.99599
      vertex 14.8821 -0.731108 8.98647
    endloop
  endfacet
  facet normal -0 0.575845 0.817559
    outer loop
      vertex 6.58754 -0.694463 8.96066
      vertex 14.8811 -0.744623 8.99599
      vertex 14.883 -0.694463 8.96066
    endloop
  endfacet
  facet normal 0 0.575845 0.817559
    outer loop
      vertex 14.8811 -0.744623 8.99599
      vertex 6.58754 -0.694463 8.96066
      vertex 6.58135 -0.744623 8.99599
    endloop
  endfacet
  facet normal -0 0.99248 0.12241
    outer loop
      vertex 6.50742 -1.23647 9.81659
      vertex 14.8442 -1.24398 9.87748
      vertex 14.8448 -1.23647 9.81659
    endloop
  endfacet
  facet normal 0 0.99248 0.12241
    outer loop
      vertex 14.8442 -1.24398 9.87748
      vertex 6.50742 -1.23647 9.81659
      vertex 6.50612 -1.24398 9.87748
    endloop
  endfacet
  facet normal -0 0.893218 0.449624
    outer loop
      vertex 6.53068 -1.1024 9.41075
      vertex 14.8526 -1.12999 9.46556
      vertex 14.8547 -1.1024 9.41075
    endloop
  endfacet
  facet normal 0 0.893218 0.449624
    outer loop
      vertex 14.8526 -1.12999 9.46556
      vertex 6.53068 -1.1024 9.41075
      vertex 6.5259 -1.12999 9.46556
    endloop
  endfacet
  facet normal 0 -0.963749 0.266812
    outer loop
      vertex 6.51441 1.19617 9.63714
      vertex 14.8465 1.21254 9.69627
      vertex 6.51157 1.21254 9.69627
    endloop
  endfacet
  facet normal 0 -0.963749 0.266812
    outer loop
      vertex 14.8465 1.21254 9.69627
      vertex 6.51441 1.19617 9.63714
      vertex 14.8477 1.19617 9.63714
    endloop
  endfacet
  facet normal 0 -0.535879 -0.844295
    outer loop
      vertex 6.5936 0.642628 11.0722
      vertex 14.883 0.694463 11.0393
      vertex 14.8842 0.642628 11.0722
    endloop
  endfacet
  facet normal 1.92546e-05 -0.538072 -0.842899
    outer loop
      vertex 6.5931 0.649364 11.0679
      vertex 14.883 0.694463 11.0393
      vertex 6.5936 0.642628 11.0722
    endloop
  endfacet
  facet normal -0 -0.53555 -0.844503
    outer loop
      vertex 14.883 0.694463 11.0393
      vertex 6.5931 0.649364 11.0679
      vertex 6.58754 0.694463 11.0393
    endloop
  endfacet
  facet normal -0 0.963749 0.266812
    outer loop
      vertex 6.51441 -1.19617 9.63714
      vertex 14.8465 -1.21254 9.69627
      vertex 14.8477 -1.19617 9.63714
    endloop
  endfacet
  facet normal 0 0.963749 0.266812
    outer loop
      vertex 14.8465 -1.21254 9.69627
      vertex 6.51441 -1.19617 9.63714
      vertex 6.51157 -1.21254 9.69627
    endloop
  endfacet
  facet normal 0 0.171138 -0.985247
    outer loop
      vertex 14.894 -0.243862 11.226
      vertex 6.6205 -0.183413 11.2365
      vertex 14.8955 -0.183413 11.2365
    endloop
  endfacet
  facet normal 0 0.171138 -0.985247
    outer loop
      vertex 6.6205 -0.183413 11.2365
      vertex 14.894 -0.243862 11.226
      vertex 6.61901 -0.243862 11.226
    endloop
  endfacet
  facet normal -0 0.914228 0.405201
    outer loop
      vertex 6.5259 -1.12999 9.46556
      vertex 14.8508 -1.15485 9.52165
      vertex 14.8526 -1.12999 9.46556
    endloop
  endfacet
  facet normal 0 0.914228 0.405201
    outer loop
      vertex 14.8508 -1.15485 9.52165
      vertex 6.5259 -1.12999 9.46556
      vertex 6.52158 -1.15485 9.52165
    endloop
  endfacet
  facet normal 0 0.449806 -0.893126
    outer loop
      vertex 14.8855 -0.589246 11.1024
      vertex 6.60158 -0.534444 11.13
      vertex 14.8869 -0.534444 11.13
    endloop
  endfacet
  facet normal 0 0.449806 -0.893126
    outer loop
      vertex 6.60158 -0.534444 11.13
      vertex 14.8855 -0.589246 11.1024
      vertex 6.59753 -0.589246 11.1024
    endloop
  endfacet
  facet normal 0 -0.614758 -0.788716
    outer loop
      vertex 6.58135 0.744623 11.004
      vertex 14.8775 0.792991 10.9663
      vertex 14.8811 0.744623 11.004
    endloop
  endfacet
  facet normal -0 -0.614758 -0.788716
    outer loop
      vertex 14.8775 0.792991 10.9663
      vertex 6.58135 0.744623 11.004
      vertex 6.57538 0.792991 10.9663
    endloop
  endfacet
  facet normal 0 0.756805 -0.653641
    outer loop
      vertex 14.8647 -0.966263 10.793
      vertex 6.55896 -0.926188 10.8394
      vertex 14.8677 -0.926188 10.8394
    endloop
  endfacet
  facet normal 0 0.756805 -0.653641
    outer loop
      vertex 6.55896 -0.926188 10.8394
      vertex 14.8647 -0.966263 10.793
      vertex 6.55401 -0.966263 10.793
    endloop
  endfacet
  facet normal -0 0.170979 0.985275
    outer loop
      vertex 6.6205 -0.183413 8.76353
      vertex 14.894 -0.243862 8.77402
      vertex 14.8955 -0.183413 8.76353
    endloop
  endfacet
  facet normal 0 0.170979 0.985275
    outer loop
      vertex 14.894 -0.243862 8.77402
      vertex 6.6205 -0.183413 8.76353
      vertex 6.61901 -0.243862 8.77402
    endloop
  endfacet
  facet normal -0 -0.893185 -0.449689
    outer loop
      vertex 14.8526 1.12999 10.5344
      vertex 6.53068 1.1024 10.5892
      vertex 6.5259 1.12999 10.5344
    endloop
  endfacet
  facet normal 0 -0.893185 -0.449689
    outer loop
      vertex 6.53068 1.1024 10.5892
      vertex 14.8526 1.12999 10.5344
      vertex 14.8547 1.1024 10.5892
    endloop
  endfacet
  facet normal 0 -0.689578 0.724212
    outer loop
      vertex 14.8708 0.883883 9.11612
      vertex 6.56965 0.839448 9.07381
      vertex 14.8741 0.839448 9.07381
    endloop
  endfacet
  facet normal 0 -0.689578 0.724212
    outer loop
      vertex 6.56965 0.839448 9.07381
      vertex 14.8708 0.883883 9.11612
      vertex 6.56417 0.883883 9.11612
    endloop
  endfacet
  facet normal -0 0.405201 0.914228
    outer loop
      vertex 6.60571 -0.478354 8.84515
      vertex 14.8869 -0.534444 8.87001
      vertex 14.8883 -0.478354 8.84515
    endloop
  endfacet
  facet normal 0 0.405201 0.914228
    outer loop
      vertex 14.8869 -0.534444 8.87001
      vertex 6.60571 -0.478354 8.84515
      vertex 6.60158 -0.534444 8.87001
    endloop
  endfacet
  facet normal 0 0.949463 -0.313878
    outer loop
      vertex 14.8477 -1.19617 10.3629
      vertex 6.51775 -1.17693 10.4211
      vertex 14.8492 -1.17693 10.4211
    endloop
  endfacet
  facet normal 0 0.949463 -0.313878
    outer loop
      vertex 6.51775 -1.17693 10.4211
      vertex 14.8477 -1.19617 10.3629
      vertex 6.51441 -1.19617 10.3629
    endloop
  endfacet
  facet normal -0.0186789 0.57589 -0.817314
    outer loop
      vertex 14.8811 -0.744623 11.004
      vertex 14.883 -0.694463 11.0393
      vertex 14.8821 -0.731108 11.0135
    endloop
  endfacet
  facet normal 0 0.575518 -0.817789
    outer loop
      vertex 14.8811 -0.744623 11.004
      vertex 6.58754 -0.694463 11.0393
      vertex 14.883 -0.694463 11.0393
    endloop
  endfacet
  facet normal 0 0.575518 -0.817789
    outer loop
      vertex 6.58754 -0.694463 11.0393
      vertex 14.8811 -0.744623 11.004
      vertex 6.58135 -0.744623 11.004
    endloop
  endfacet
  facet normal 0 -0.219994 -0.975501
    outer loop
      vertex 6.61901 0.243862 11.226
      vertex 14.8925 0.303724 11.2125
      vertex 14.894 0.243862 11.226
    endloop
  endfacet
  facet normal -0 -0.219994 -0.975501
    outer loop
      vertex 14.8925 0.303724 11.2125
      vertex 6.61901 0.243862 11.226
      vertex 6.61754 0.303724 11.2125
    endloop
  endfacet
  facet normal 0 -0.0733466 -0.997307
    outer loop
      vertex 6.62349 0.0613337 11.2485
      vertex 14.897 0.122521 11.244
      vertex 14.8985 0.0613337 11.2485
    endloop
  endfacet
  facet normal -0 -0.0733466 -0.997307
    outer loop
      vertex 14.897 0.122521 11.244
      vertex 6.62349 0.0613337 11.2485
      vertex 6.62199 0.122521 11.244
    endloop
  endfacet
  facet normal 0 -0.171138 -0.985247
    outer loop
      vertex 6.6205 0.183413 11.2365
      vertex 14.894 0.243862 11.226
      vertex 14.8955 0.183413 11.2365
    endloop
  endfacet
  facet normal -0 -0.171138 -0.985247
    outer loop
      vertex 14.894 0.243862 11.226
      vertex 6.6205 0.183413 11.2365
      vertex 6.61901 0.243862 11.226
    endloop
  endfacet
  facet normal -0 0.949544 0.313635
    outer loop
      vertex 6.51775 -1.17693 9.57889
      vertex 14.8477 -1.19617 9.63714
      vertex 14.8492 -1.17693 9.57889
    endloop
  endfacet
  facet normal 0 0.949544 0.313635
    outer loop
      vertex 14.8477 -1.19617 9.63714
      vertex 6.51775 -1.17693 9.57889
      vertex 6.51441 -1.19617 9.63714
    endloop
  endfacet
  facet normal -0 -0.96383 -0.266518
    outer loop
      vertex 14.8465 1.21254 10.3037
      vertex 6.51441 1.19617 10.3629
      vertex 6.51157 1.21254 10.3037
    endloop
  endfacet
  facet normal 0 -0.96383 -0.266518
    outer loop
      vertex 6.51441 1.19617 10.3629
      vertex 14.8465 1.21254 10.3037
      vertex 14.8477 1.19617 10.3629
    endloop
  endfacet
  facet normal 0 0.614758 -0.788716
    outer loop
      vertex 14.8775 -0.792991 10.9663
      vertex 6.58135 -0.744623 11.004
      vertex 14.8811 -0.744623 11.004
    endloop
  endfacet
  facet normal 0 0.614758 -0.788716
    outer loop
      vertex 6.58135 -0.744623 11.004
      vertex 14.8775 -0.792991 10.9663
      vertex 6.57538 -0.792991 10.9663
    endloop
  endfacet
  facet normal 0.00127739 -0.575812 0.817581
    outer loop
      vertex 14.8811 0.744623 8.99599
      vertex 14.883 0.694463 8.96066
      vertex 14.8821 0.731108 8.98647
    endloop
  endfacet
  facet normal 0 -0.575845 0.817559
    outer loop
      vertex 14.8811 0.744623 8.99599
      vertex 6.58754 0.694463 8.96066
      vertex 14.883 0.694463 8.96066
    endloop
  endfacet
  facet normal 0 -0.575845 0.817559
    outer loop
      vertex 6.58754 0.694463 8.96066
      vertex 14.8811 0.744623 8.99599
      vertex 6.58135 0.744623 8.99599
    endloop
  endfacet
  facet normal 0 -0.975717 0.219035
    outer loop
      vertex 6.51157 1.21254 9.69627
      vertex 14.8455 1.22598 9.75614
      vertex 6.50924 1.22598 9.75614
    endloop
  endfacet
  facet normal 0 -0.975717 0.219035
    outer loop
      vertex 14.8455 1.22598 9.75614
      vertex 6.51157 1.21254 9.69627
      vertex 14.8465 1.21254 9.69627
    endloop
  endfacet
  facet normal 0 0.265747 -0.964043
    outer loop
      vertex 14.8911 -0.362855 11.1962
      vertex 6.61754 -0.303724 11.2125
      vertex 14.8925 -0.303724 11.2125
    endloop
  endfacet
  facet normal 4.82418e-06 0.266374 -0.96387
    outer loop
      vertex 14.8911 -0.362855 11.1962
      vertex 6.61702 -0.325073 11.2066
      vertex 6.61754 -0.303724 11.2125
    endloop
  endfacet
  facet normal 0 0.265393 -0.96414
    outer loop
      vertex 6.61702 -0.325073 11.2066
      vertex 14.8911 -0.362855 11.1962
      vertex 6.61423 -0.362855 11.1962
    endloop
  endfacet
  facet normal 0 -0.492398 -0.87037
    outer loop
      vertex 6.59753 0.589246 11.1024
      vertex 14.8842 0.642628 11.0722
      vertex 14.8855 0.589246 11.1024
    endloop
  endfacet
  facet normal -0 -0.492398 -0.87037
    outer loop
      vertex 14.8842 0.642628 11.0722
      vertex 6.59753 0.589246 11.1024
      vertex 6.5936 0.642628 11.0722
    endloop
  endfacet
  facet normal -0 -0.913986 -0.405745
    outer loop
      vertex 14.8508 1.15485 10.4784
      vertex 6.5259 1.12999 10.5344
      vertex 6.52158 1.15485 10.4784
    endloop
  endfacet
  facet normal 0 -0.913986 -0.405745
    outer loop
      vertex 6.5259 1.12999 10.5344
      vertex 14.8508 1.15485 10.4784
      vertex 14.8526 1.12999 10.5344
    endloop
  endfacet
  facet normal 0 0.817234 -0.576305
    outer loop
      vertex 14.8593 -1.03934 10.6945
      vertex 6.54776 -1.00401 10.7446
      vertex 14.8619 -1.00401 10.7446
    endloop
  endfacet
  facet normal 0 0.817234 -0.576305
    outer loop
      vertex 6.54776 -1.00401 10.7446
      vertex 14.8593 -1.03934 10.6945
      vertex 6.54163 -1.03934 10.6945
    endloop
  endfacet
  facet normal 0 0.845187 -0.534471
    outer loop
      vertex 14.8569 -1.07216 10.6426
      vertex 6.54163 -1.03934 10.6945
      vertex 14.8593 -1.03934 10.6945
    endloop
  endfacet
  facet normal 0 0.845187 -0.534471
    outer loop
      vertex 6.54163 -1.03934 10.6945
      vertex 14.8569 -1.07216 10.6426
      vertex 6.53593 -1.07216 10.6426
    endloop
  endfacet
  facet normal 0 0 -1
    outer loop
      vertex 4.17842 -1.1664 0.389999
      vertex 3.56982 -0.907028 0.389999
      vertex 4.17842 -0.907028 0.389999
    endloop
  endfacet
  facet normal 0 0 -1
    outer loop
      vertex 3.26297 -0.907028 0.389999
      vertex 3.56982 0.930679 0.389999
      vertex 3.56982 -0.907028 0.389999
    endloop
  endfacet
  facet normal 0 0 -1
    outer loop
      vertex 3.26297 1.22229 0.389999
      vertex 3.56982 0.930679 0.389999
      vertex 3.26297 -0.907028 0.389999
    endloop
  endfacet
  facet normal 0 0 -1
    outer loop
      vertex 2.68149 -1.1664 0.389999
      vertex 3.56982 -0.907028 0.389999
      vertex 4.17842 -1.1664 0.389999
    endloop
  endfacet
  facet normal -0 0 -1
    outer loop
      vertex 3.56982 -0.907028 0.389999
      vertex 2.68149 -1.1664 0.389999
      vertex 3.26297 -0.907028 0.389999
    endloop
  endfacet
  facet normal -0 0 -1
    outer loop
      vertex 3.26297 -0.907028 0.389999
      vertex 2.68149 -1.1664 0.389999
      vertex 2.68149 -0.907028 0.389999
    endloop
  endfacet
  facet normal 0 0 -1
    outer loop
      vertex 3.56982 0.930679 0.389999
      vertex 4.10893 0.834061 0.389999
      vertex 4.10893 0.545868 0.389999
    endloop
  endfacet
  facet normal 0 0 -1
    outer loop
      vertex 4.10893 0.834061 0.389999
      vertex 3.56982 0.930679 0.389999
      vertex 3.54437 1.22229 0.389999
    endloop
  endfacet
  facet normal 0 0 -1
    outer loop
      vertex 3.56982 0.930679 0.389999
      vertex 3.26297 1.22229 0.389999
      vertex 3.54437 1.22229 0.389999
    endloop
  endfacet
  facet normal 0 -1 0
    outer loop
      vertex 3.56982 -0.907028 0
      vertex 4.17842 -0.907028 0.389999
      vertex 3.56982 -0.907028 0.389999
    endloop
  endfacet
  facet normal 0 -1 -0
    outer loop
      vertex 4.17842 -0.907028 0.389999
      vertex 3.56982 -0.907028 0
      vertex 4.17842 -0.907028 0
    endloop
  endfacet
  facet normal -1 0 0
    outer loop
      vertex 3.56982 -0.907028 0
      vertex 3.56982 0.930679 0.389999
      vertex 3.56982 0.930679 0
    endloop
  endfacet
  facet normal -1 -0 0
    outer loop
      vertex 3.56982 0.930679 0.389999
      vertex 3.56982 -0.907028 0
      vertex 3.56982 -0.907028 0.389999
    endloop
  endfacet
  facet normal 0.580971 0.813924 -0
    outer loop
      vertex 4.10893 0.545868 0
      vertex 3.56982 0.930679 0.389999
      vertex 4.10893 0.545868 0.389999
    endloop
  endfacet
  facet normal 0.580971 0.813924 0
    outer loop
      vertex 3.56982 0.930679 0.389999
      vertex 4.10893 0.545868 0
      vertex 3.56982 0.930679 0
    endloop
  endfacet
  facet normal -1 0 0
    outer loop
      vertex 4.10893 0.545868 0
      vertex 4.10893 0.834061 0.389999
      vertex 4.10893 0.834061 0
    endloop
  endfacet
  facet normal -1 -0 0
    outer loop
      vertex 4.10893 0.834061 0.389999
      vertex 4.10893 0.545868 0
      vertex 4.10893 0.545868 0.389999
    endloop
  endfacet
  facet normal -0.566622 -0.823978 0
    outer loop
      vertex 3.54437 1.22229 0
      vertex 4.10893 0.834061 0.389999
      vertex 3.54437 1.22229 0.389999
    endloop
  endfacet
  facet normal -0.566622 -0.823978 -0
    outer loop
      vertex 4.10893 0.834061 0.389999
      vertex 3.54437 1.22229 0
      vertex 4.10893 0.834061 0
    endloop
  endfacet
  facet normal 0 -1 0
    outer loop
      vertex 3.26297 1.22229 0
      vertex 3.54437 1.22229 0.389999
      vertex 3.26297 1.22229 0.389999
    endloop
  endfacet
  facet normal 0 -1 -0
    outer loop
      vertex 3.54437 1.22229 0.389999
      vertex 3.26297 1.22229 0
      vertex 3.54437 1.22229 0
    endloop
  endfacet
  facet normal 1 -0 0
    outer loop
      vertex 3.26297 -0.907028 0.389999
      vertex 3.26297 1.22229 0
      vertex 3.26297 1.22229 0.389999
    endloop
  endfacet
  facet normal 1 0 0
    outer loop
      vertex 3.26297 1.22229 0
      vertex 3.26297 -0.907028 0.389999
      vertex 3.26297 -0.907028 0
    endloop
  endfacet
  facet normal 0 -1 0
    outer loop
      vertex 2.68149 -0.907028 0
      vertex 3.26297 -0.907028 0.389999
      vertex 2.68149 -0.907028 0.389999
    endloop
  endfacet
  facet normal 0 -1 -0
    outer loop
      vertex 3.26297 -0.907028 0.389999
      vertex 2.68149 -0.907028 0
      vertex 3.26297 -0.907028 0
    endloop
  endfacet
  facet normal 1 -0 0
    outer loop
      vertex 2.68149 -1.1664 0.389999
      vertex 2.68149 -0.907028 0
      vertex 2.68149 -0.907028 0.389999
    endloop
  endfacet
  facet normal 1 0 0
    outer loop
      vertex 2.68149 -0.907028 0
      vertex 2.68149 -1.1664 0.389999
      vertex 2.68149 -1.1664 0
    endloop
  endfacet
  facet normal 0 1 -0
    outer loop
      vertex 4.17842 -1.1664 0
      vertex 2.68149 -1.1664 0.389999
      vertex 4.17842 -1.1664 0.389999
    endloop
  endfacet
  facet normal 0 1 0
    outer loop
      vertex 2.68149 -1.1664 0.389999
      vertex 4.17842 -1.1664 0
      vertex 2.68149 -1.1664 0
    endloop
  endfacet
  facet normal -1 0 0
    outer loop
      vertex 4.17842 -1.1664 0
      vertex 4.17842 -0.907028 0.389999
      vertex 4.17842 -0.907028 0
    endloop
  endfacet
  facet normal -1 -0 0
    outer loop
      vertex 4.17842 -0.907028 0.389999
      vertex 4.17842 -1.1664 0
      vertex 4.17842 -1.1664 0.389999
    endloop
  endfacet
endsolid OpenSCAD_Model
