solid OpenSCAD_Model
  facet normal -0.691589 -0.722292 0
    outer loop
      vertex 11.7509 8.43827 1.90735e-07
      vertex 11.8777 8.31686 0.400001
      vertex 11.7509 8.43827 0.400001
    endloop
  endfacet
  facet normal -0.691589 -0.722292 -0
    outer loop
      vertex 11.8777 8.31686 0.400001
      vertex 11.7509 8.43827 1.90735e-07
      vertex 11.8777 8.31686 1.90735e-07
    endloop
  endfacet
  facet normal -0.362342 -0.932045 0
    outer loop
      vertex 11.5872 8.50191 1.90735e-07
      vertex 11.7509 8.43827 0.400001
      vertex 11.5872 8.50191 0.400001
    endloop
  endfacet
  facet normal -0.362342 -0.932045 -0
    outer loop
      vertex 11.7509 8.43827 0.400001
      vertex 11.5872 8.50191 1.90735e-07
      vertex 11.7509 8.43827 1.90735e-07
    endloop
  endfacet
  facet normal -0.932085 0.36224 0
    outer loop
      vertex 11.8886 7.81696 1.90735e-07
      vertex 11.9522 7.98061 0.400001
      vertex 11.9522 7.98061 1.90735e-07
    endloop
  endfacet
  facet normal -0.932085 0.36224 0
    outer loop
      vertex 11.9522 7.98061 0.400001
      vertex 11.8886 7.81696 1.90735e-07
      vertex 11.8886 7.81696 0.400001
    endloop
  endfacet
  facet normal 0.931885 -0.362754 0
    outer loop
      vertex 11.0659 8.13689 0.400001
      vertex 11.1296 8.30053 1.90735e-07
      vertex 11.1296 8.30053 0.400001
    endloop
  endfacet
  facet normal 0.931885 -0.362754 0
    outer loop
      vertex 11.1296 8.30053 1.90735e-07
      vertex 11.0659 8.13689 0.400001
      vertex 11.0659 8.13689 1.90735e-07
    endloop
  endfacet
  facet normal -0.402748 0.915311 0
    outer loop
      vertex 11.7672 7.69013 1.90735e-07
      vertex 11.6065 7.61942 0.400001
      vertex 11.7672 7.69013 0.400001
    endloop
  endfacet
  facet normal -0.402748 0.915311 0
    outer loop
      vertex 11.6065 7.61942 0.400001
      vertex 11.7672 7.69013 1.90735e-07
      vertex 11.6065 7.61942 1.90735e-07
    endloop
  endfacet
  facet normal 0.722429 -0.691445 0
    outer loop
      vertex 11.1296 8.30053 0.400001
      vertex 11.251 8.42737 1.90735e-07
      vertex 11.251 8.42737 0.400001
    endloop
  endfacet
  facet normal 0.722429 -0.691445 0
    outer loop
      vertex 11.251 8.42737 1.90735e-07
      vertex 11.1296 8.30053 0.400001
      vertex 11.1296 8.30053 1.90735e-07
    endloop
  endfacet
  facet normal 0.691618 0.722263 -0
    outer loop
      vertex 11.2673 7.67922 1.90735e-07
      vertex 11.1405 7.80064 0.400001
      vertex 11.2673 7.67922 0.400001
    endloop
  endfacet
  facet normal 0.691618 0.722263 0
    outer loop
      vertex 11.1405 7.80064 0.400001
      vertex 11.2673 7.67922 1.90735e-07
      vertex 11.1405 7.80064 1.90735e-07
    endloop
  endfacet
  facet normal 0.0218182 -0.999762 0
    outer loop
      vertex 11.4117 8.49808 1.90735e-07
      vertex 11.5872 8.50191 0.400001
      vertex 11.4117 8.49808 0.400001
    endloop
  endfacet
  facet normal 0.0218182 -0.999762 0
    outer loop
      vertex 11.5872 8.50191 0.400001
      vertex 11.4117 8.49808 1.90735e-07
      vertex 11.5872 8.50191 1.90735e-07
    endloop
  endfacet
  facet normal 0.402748 -0.915311 0
    outer loop
      vertex 11.251 8.42737 1.90735e-07
      vertex 11.4117 8.49808 0.400001
      vertex 11.251 8.42737 0.400001
    endloop
  endfacet
  facet normal 0.402748 -0.915311 0
    outer loop
      vertex 11.4117 8.49808 0.400001
      vertex 11.251 8.42737 1.90735e-07
      vertex 11.4117 8.49808 1.90735e-07
    endloop
  endfacet
  facet normal 0.915341 0.402679 0
    outer loop
      vertex 11.1405 7.80064 0.400001
      vertex 11.0698 7.96135 1.90735e-07
      vertex 11.0698 7.96135 0.400001
    endloop
  endfacet
  facet normal 0.915341 0.402679 0
    outer loop
      vertex 11.0698 7.96135 1.90735e-07
      vertex 11.1405 7.80064 0.400001
      vertex 11.1405 7.80064 1.90735e-07
    endloop
  endfacet
  facet normal 0.362485 0.93199 -0
    outer loop
      vertex 11.4309 7.61559 1.90735e-07
      vertex 11.2673 7.67922 0.400001
      vertex 11.4309 7.61559 0.400001
    endloop
  endfacet
  facet normal 0.362485 0.93199 0
    outer loop
      vertex 11.2673 7.67922 0.400001
      vertex 11.4309 7.61559 1.90735e-07
      vertex 11.2673 7.67922 1.90735e-07
    endloop
  endfacet
  facet normal -0.999766 -0.0216424 0
    outer loop
      vertex 11.9522 7.98061 1.90735e-07
      vertex 11.9484 8.15615 0.400001
      vertex 11.9484 8.15615 1.90735e-07
    endloop
  endfacet
  facet normal -0.999766 -0.0216424 0
    outer loop
      vertex 11.9484 8.15615 0.400001
      vertex 11.9522 7.98061 1.90735e-07
      vertex 11.9522 7.98061 0.400001
    endloop
  endfacet
  facet normal -0.915341 -0.402679 0
    outer loop
      vertex 11.9484 8.15615 1.90735e-07
      vertex 11.8777 8.31686 0.400001
      vertex 11.8777 8.31686 1.90735e-07
    endloop
  endfacet
  facet normal -0.915341 -0.402679 0
    outer loop
      vertex 11.8777 8.31686 0.400001
      vertex 11.9484 8.15615 1.90735e-07
      vertex 11.9484 8.15615 0.400001
    endloop
  endfacet
  facet normal -0.722402 0.691473 0
    outer loop
      vertex 11.7672 7.69013 1.90735e-07
      vertex 11.8886 7.81696 0.400001
      vertex 11.8886 7.81696 1.90735e-07
    endloop
  endfacet
  facet normal -0.722402 0.691473 0
    outer loop
      vertex 11.8886 7.81696 0.400001
      vertex 11.7672 7.69013 1.90735e-07
      vertex 11.7672 7.69013 0.400001
    endloop
  endfacet
  facet normal 0.999753 0.0222117 0
    outer loop
      vertex 11.0698 7.96135 0.400001
      vertex 11.0659 8.13689 1.90735e-07
      vertex 11.0659 8.13689 0.400001
    endloop
  endfacet
  facet normal 0.999753 0.0222117 0
    outer loop
      vertex 11.0659 8.13689 1.90735e-07
      vertex 11.0698 7.96135 0.400001
      vertex 11.0698 7.96135 1.90735e-07
    endloop
  endfacet
  facet normal -0.0218057 0.999762 0
    outer loop
      vertex 11.6065 7.61942 1.90735e-07
      vertex 11.4309 7.61559 0.400001
      vertex 11.6065 7.61942 0.400001
    endloop
  endfacet
  facet normal -0.0218057 0.999762 0
    outer loop
      vertex 11.4309 7.61559 0.400001
      vertex 11.6065 7.61942 1.90735e-07
      vertex 11.4309 7.61559 1.90735e-07
    endloop
  endfacet
  facet normal 0 0 -1
    outer loop
      vertex 11.8886 7.81696 0.400001
      vertex 11.9484 8.15615 0.400001
      vertex 11.9522 7.98061 0.400001
    endloop
  endfacet
  facet normal 0 0 -1
    outer loop
      vertex 11.8886 7.81696 0.400001
      vertex 11.8777 8.31686 0.400001
      vertex 11.9484 8.15615 0.400001
    endloop
  endfacet
  facet normal 0 0 -1
    outer loop
      vertex 11.7672 7.69013 0.400001
      vertex 11.8777 8.31686 0.400001
      vertex 11.8886 7.81696 0.400001
    endloop
  endfacet
  facet normal 0 0 -1
    outer loop
      vertex 11.7672 7.69013 0.400001
      vertex 11.7509 8.43827 0.400001
      vertex 11.8777 8.31686 0.400001
    endloop
  endfacet
  facet normal 0 0 -1
    outer loop
      vertex 11.6065 7.61942 0.400001
      vertex 11.7509 8.43827 0.400001
      vertex 11.7672 7.69013 0.400001
    endloop
  endfacet
  facet normal 0 0 -1
    outer loop
      vertex 11.6065 7.61942 0.400001
      vertex 11.5872 8.50191 0.400001
      vertex 11.7509 8.43827 0.400001
    endloop
  endfacet
  facet normal 0 0 -1
    outer loop
      vertex 11.4309 7.61559 0.400001
      vertex 11.5872 8.50191 0.400001
      vertex 11.6065 7.61942 0.400001
    endloop
  endfacet
  facet normal 0 0 -1
    outer loop
      vertex 11.4309 7.61559 0.400001
      vertex 11.4117 8.49808 0.400001
      vertex 11.5872 8.50191 0.400001
    endloop
  endfacet
  facet normal 0 0 -1
    outer loop
      vertex 11.2673 7.67922 0.400001
      vertex 11.4117 8.49808 0.400001
      vertex 11.4309 7.61559 0.400001
    endloop
  endfacet
  facet normal 0 0 -1
    outer loop
      vertex 11.2673 7.67922 0.400001
      vertex 11.251 8.42737 0.400001
      vertex 11.4117 8.49808 0.400001
    endloop
  endfacet
  facet normal 0 0 -1
    outer loop
      vertex 11.1405 7.80064 0.400001
      vertex 11.251 8.42737 0.400001
      vertex 11.2673 7.67922 0.400001
    endloop
  endfacet
  facet normal 0 0 -1
    outer loop
      vertex 11.1405 7.80064 0.400001
      vertex 11.1296 8.30053 0.400001
      vertex 11.251 8.42737 0.400001
    endloop
  endfacet
  facet normal 0 0 -1
    outer loop
      vertex 11.0698 7.96135 0.400001
      vertex 11.1296 8.30053 0.400001
      vertex 11.1405 7.80064 0.400001
    endloop
  endfacet
  facet normal 0 0 -1
    outer loop
      vertex 11.1296 8.30053 0.400001
      vertex 11.0698 7.96135 0.400001
      vertex 11.0659 8.13689 0.400001
    endloop
  endfacet
  facet normal -0.0218182 0.999762 0
    outer loop
      vertex -11.4117 -8.49808 1.90735e-07
      vertex -11.5872 -8.50191 0.400001
      vertex -11.4117 -8.49808 0.400001
    endloop
  endfacet
  facet normal -0.0218182 0.999762 0
    outer loop
      vertex -11.5872 -8.50191 0.400001
      vertex -11.4117 -8.49808 1.90735e-07
      vertex -11.5872 -8.50191 1.90735e-07
    endloop
  endfacet
  facet normal -0.691618 -0.722263 0
    outer loop
      vertex -11.2673 -7.67922 1.90735e-07
      vertex -11.1405 -7.80064 0.400001
      vertex -11.2673 -7.67922 0.400001
    endloop
  endfacet
  facet normal -0.691618 -0.722263 -0
    outer loop
      vertex -11.1405 -7.80064 0.400001
      vertex -11.2673 -7.67922 1.90735e-07
      vertex -11.1405 -7.80064 1.90735e-07
    endloop
  endfacet
  facet normal 0.932085 -0.36224 0
    outer loop
      vertex -11.9522 -7.98061 0.400001
      vertex -11.8886 -7.81696 1.90735e-07
      vertex -11.8886 -7.81696 0.400001
    endloop
  endfacet
  facet normal 0.932085 -0.36224 0
    outer loop
      vertex -11.8886 -7.81696 1.90735e-07
      vertex -11.9522 -7.98061 0.400001
      vertex -11.9522 -7.98061 1.90735e-07
    endloop
  endfacet
  facet normal -0.999753 -0.0222117 0
    outer loop
      vertex -11.0659 -8.13689 1.90735e-07
      vertex -11.0698 -7.96135 0.400001
      vertex -11.0698 -7.96135 1.90735e-07
    endloop
  endfacet
  facet normal -0.999753 -0.0222117 0
    outer loop
      vertex -11.0698 -7.96135 0.400001
      vertex -11.0659 -8.13689 1.90735e-07
      vertex -11.0659 -8.13689 0.400001
    endloop
  endfacet
  facet normal 0.691589 0.722292 -0
    outer loop
      vertex -11.7509 -8.43827 1.90735e-07
      vertex -11.8777 -8.31686 0.400001
      vertex -11.7509 -8.43827 0.400001
    endloop
  endfacet
  facet normal 0.691589 0.722292 0
    outer loop
      vertex -11.8777 -8.31686 0.400001
      vertex -11.7509 -8.43827 1.90735e-07
      vertex -11.8777 -8.31686 1.90735e-07
    endloop
  endfacet
  facet normal 0.999766 0.0216424 0
    outer loop
      vertex -11.9484 -8.15615 0.400001
      vertex -11.9522 -7.98061 1.90735e-07
      vertex -11.9522 -7.98061 0.400001
    endloop
  endfacet
  facet normal 0.999766 0.0216424 0
    outer loop
      vertex -11.9522 -7.98061 1.90735e-07
      vertex -11.9484 -8.15615 0.400001
      vertex -11.9484 -8.15615 1.90735e-07
    endloop
  endfacet
  facet normal 0 0 -1
    outer loop
      vertex -11.1296 -8.30053 0.400001
      vertex -11.0698 -7.96135 0.400001
      vertex -11.0659 -8.13689 0.400001
    endloop
  endfacet
  facet normal 0 0 -1
    outer loop
      vertex -11.1296 -8.30053 0.400001
      vertex -11.1405 -7.80064 0.400001
      vertex -11.0698 -7.96135 0.400001
    endloop
  endfacet
  facet normal 0 0 -1
    outer loop
      vertex -11.251 -8.42737 0.400001
      vertex -11.1405 -7.80064 0.400001
      vertex -11.1296 -8.30053 0.400001
    endloop
  endfacet
  facet normal 0 0 -1
    outer loop
      vertex -11.251 -8.42737 0.400001
      vertex -11.2673 -7.67922 0.400001
      vertex -11.1405 -7.80064 0.400001
    endloop
  endfacet
  facet normal 0 0 -1
    outer loop
      vertex -11.4117 -8.49808 0.400001
      vertex -11.2673 -7.67922 0.400001
      vertex -11.251 -8.42737 0.400001
    endloop
  endfacet
  facet normal 0 0 -1
    outer loop
      vertex -11.4117 -8.49808 0.400001
      vertex -11.4309 -7.61559 0.400001
      vertex -11.2673 -7.67922 0.400001
    endloop
  endfacet
  facet normal 0 0 -1
    outer loop
      vertex -11.5872 -8.50191 0.400001
      vertex -11.4309 -7.61559 0.400001
      vertex -11.4117 -8.49808 0.400001
    endloop
  endfacet
  facet normal 0 0 -1
    outer loop
      vertex -11.5872 -8.50191 0.400001
      vertex -11.6065 -7.61942 0.400001
      vertex -11.4309 -7.61559 0.400001
    endloop
  endfacet
  facet normal 0 0 -1
    outer loop
      vertex -11.7509 -8.43827 0.400001
      vertex -11.6065 -7.61942 0.400001
      vertex -11.5872 -8.50191 0.400001
    endloop
  endfacet
  facet normal 0 0 -1
    outer loop
      vertex -11.7509 -8.43827 0.400001
      vertex -11.7672 -7.69013 0.400001
      vertex -11.6065 -7.61942 0.400001
    endloop
  endfacet
  facet normal 0 0 -1
    outer loop
      vertex -11.8777 -8.31686 0.400001
      vertex -11.7672 -7.69013 0.400001
      vertex -11.7509 -8.43827 0.400001
    endloop
  endfacet
  facet normal 0 0 -1
    outer loop
      vertex -11.8777 -8.31686 0.400001
      vertex -11.8886 -7.81696 0.400001
      vertex -11.7672 -7.69013 0.400001
    endloop
  endfacet
  facet normal 0 0 -1
    outer loop
      vertex -11.9484 -8.15615 0.400001
      vertex -11.8886 -7.81696 0.400001
      vertex -11.8777 -8.31686 0.400001
    endloop
  endfacet
  facet normal 0 0 -1
    outer loop
      vertex -11.8886 -7.81696 0.400001
      vertex -11.9484 -8.15615 0.400001
      vertex -11.9522 -7.98061 0.400001
    endloop
  endfacet
  facet normal -0.931885 0.362754 0
    outer loop
      vertex -11.1296 -8.30053 1.90735e-07
      vertex -11.0659 -8.13689 0.400001
      vertex -11.0659 -8.13689 1.90735e-07
    endloop
  endfacet
  facet normal -0.931885 0.362754 0
    outer loop
      vertex -11.0659 -8.13689 0.400001
      vertex -11.1296 -8.30053 1.90735e-07
      vertex -11.1296 -8.30053 0.400001
    endloop
  endfacet
  facet normal 0.402748 -0.915311 0
    outer loop
      vertex -11.7672 -7.69013 1.90735e-07
      vertex -11.6065 -7.61942 0.400001
      vertex -11.7672 -7.69013 0.400001
    endloop
  endfacet
  facet normal 0.402748 -0.915311 0
    outer loop
      vertex -11.6065 -7.61942 0.400001
      vertex -11.7672 -7.69013 1.90735e-07
      vertex -11.6065 -7.61942 1.90735e-07
    endloop
  endfacet
  facet normal 0.362342 0.932045 -0
    outer loop
      vertex -11.5872 -8.50191 1.90735e-07
      vertex -11.7509 -8.43827 0.400001
      vertex -11.5872 -8.50191 0.400001
    endloop
  endfacet
  facet normal 0.362342 0.932045 0
    outer loop
      vertex -11.7509 -8.43827 0.400001
      vertex -11.5872 -8.50191 1.90735e-07
      vertex -11.7509 -8.43827 1.90735e-07
    endloop
  endfacet
  facet normal 0.915341 0.402679 0
    outer loop
      vertex -11.8777 -8.31686 0.400001
      vertex -11.9484 -8.15615 1.90735e-07
      vertex -11.9484 -8.15615 0.400001
    endloop
  endfacet
  facet normal 0.915341 0.402679 0
    outer loop
      vertex -11.9484 -8.15615 1.90735e-07
      vertex -11.8777 -8.31686 0.400001
      vertex -11.8777 -8.31686 1.90735e-07
    endloop
  endfacet
  facet normal -0.362485 -0.93199 0
    outer loop
      vertex -11.4309 -7.61559 1.90735e-07
      vertex -11.2673 -7.67922 0.400001
      vertex -11.4309 -7.61559 0.400001
    endloop
  endfacet
  facet normal -0.362485 -0.93199 -0
    outer loop
      vertex -11.2673 -7.67922 0.400001
      vertex -11.4309 -7.61559 1.90735e-07
      vertex -11.2673 -7.67922 1.90735e-07
    endloop
  endfacet
  facet normal 0.722402 -0.691473 0
    outer loop
      vertex -11.8886 -7.81696 0.400001
      vertex -11.7672 -7.69013 1.90735e-07
      vertex -11.7672 -7.69013 0.400001
    endloop
  endfacet
  facet normal 0.722402 -0.691473 0
    outer loop
      vertex -11.7672 -7.69013 1.90735e-07
      vertex -11.8886 -7.81696 0.400001
      vertex -11.8886 -7.81696 1.90735e-07
    endloop
  endfacet
  facet normal -0.915341 -0.402679 0
    outer loop
      vertex -11.0698 -7.96135 1.90735e-07
      vertex -11.1405 -7.80064 0.400001
      vertex -11.1405 -7.80064 1.90735e-07
    endloop
  endfacet
  facet normal -0.915341 -0.402679 0
    outer loop
      vertex -11.1405 -7.80064 0.400001
      vertex -11.0698 -7.96135 1.90735e-07
      vertex -11.0698 -7.96135 0.400001
    endloop
  endfacet
  facet normal -0.722429 0.691445 0
    outer loop
      vertex -11.251 -8.42737 1.90735e-07
      vertex -11.1296 -8.30053 0.400001
      vertex -11.1296 -8.30053 1.90735e-07
    endloop
  endfacet
  facet normal -0.722429 0.691445 0
    outer loop
      vertex -11.1296 -8.30053 0.400001
      vertex -11.251 -8.42737 1.90735e-07
      vertex -11.251 -8.42737 0.400001
    endloop
  endfacet
  facet normal -0.402748 0.915311 0
    outer loop
      vertex -11.251 -8.42737 1.90735e-07
      vertex -11.4117 -8.49808 0.400001
      vertex -11.251 -8.42737 0.400001
    endloop
  endfacet
  facet normal -0.402748 0.915311 0
    outer loop
      vertex -11.4117 -8.49808 0.400001
      vertex -11.251 -8.42737 1.90735e-07
      vertex -11.4117 -8.49808 1.90735e-07
    endloop
  endfacet
  facet normal 0.0218057 -0.999762 0
    outer loop
      vertex -11.6065 -7.61942 1.90735e-07
      vertex -11.4309 -7.61559 0.400001
      vertex -11.6065 -7.61942 0.400001
    endloop
  endfacet
  facet normal 0.0218057 -0.999762 0
    outer loop
      vertex -11.4309 -7.61559 0.400001
      vertex -11.6065 -7.61942 1.90735e-07
      vertex -11.4309 -7.61559 1.90735e-07
    endloop
  endfacet
  facet normal 0.705284 -0.0520105 0.707014
    outer loop
      vertex 14.2809 -1.40655 1.2
      vertex 14.932 -0.733562 0.600001
      vertex 14.3327 -0.704121 1.2
    endloop
  endfacet
  facet normal 0.705301 -0.0520448 0.706995
    outer loop
      vertex 14.2809 -1.40655 1.2
      vertex 14.878 -1.46536 0.600001
      vertex 14.932 -0.733562 0.600001
    endloop
  endfacet
  facet normal -0.705301 0.0520448 0.706995
    outer loop
      vertex -14.932 0.733562 0.600001
      vertex -14.2809 1.40655 1.2
      vertex -14.878 1.46536 0.600001
    endloop
  endfacet
  facet normal -0.671469 -0.221866 -0.70704
    outer loop
      vertex -14.0761 -5.0365 0.3
      vertex -14.0192 -4.25267 1.90735e-07
      vertex -13.7936 -4.93544 1.90735e-07
    endloop
  endfacet
  facet normal 0.646489 -0.286609 -0.707041
    outer loop
      vertex 13.5146 -6.39195 0.3
      vertex 13.5348 -5.60631 1.90735e-07
      vertex 13.812 -5.72112 0.3
    endloop
  endfacet
  facet normal -0.461951 0.535476 0.707012
    outer loop
      vertex -10.0398 11.0772 0.600001
      vertex -9.63687 10.6326 1.2
      vertex -9.10354 11.0927 1.2
    endloop
  endfacet
  facet normal 0.535489 0.461943 -0.707008
    outer loop
      vertex 10.8549 9.83834 1.90735e-07
      vertex 11.0772 10.0398 0.3
      vertex 11.3246 9.29386 1.90735e-07
    endloop
  endfacet
  facet normal -0.512238 -0.487686 -0.706947
    outer loop
      vertex -10.8549 -9.83834 1.90735e-07
      vertex -10.3591 -10.3591 1.90735e-07
      vertex -10.5712 -10.5712 0.3
    endloop
  endfacet
  facet normal 0.052032 -0.705342 -0.706955
    outer loop
      vertex 0.718841 -14.6324 1.90735e-07
      vertex 1.43595 -14.5795 1.90735e-07
      vertex 0.733562 -14.932 0.3
    endloop
  endfacet
  facet normal 0.696796 0.120955 0.706997
    outer loop
      vertex 14.1947 2.10558 1.2
      vertex 14.7882 2.19362 0.600001
      vertex 14.6627 2.9166 0.600001
    endloop
  endfacet
  facet normal -0.707046 0.0173494 -0.706955
    outer loop
      vertex -14.95 0 0.3
      vertex -14.932 0.733562 0.3
      vertex -14.6324 0.718841 1.90735e-07
    endloop
  endfacet
  facet normal 0.378318 -0.597531 -0.706988
    outer loop
      vertex 7.5316 -12.5657 1.90735e-07
      vertex 8.30577 -12.4305 0.3
      vertex 7.68584 -12.823 0.3
    endloop
  endfacet
  facet normal 0.578194 0.407212 0.707015
    outer loop
      vertex 11.5411 8.54424 1.19
      vertex 11.9399 7.97799 1.19
      vertex 12.4305 8.30577 0.600001
    endloop
  endfacet
  facet normal -0.705284 -0.0520105 0.707014
    outer loop
      vertex -14.932 -0.733562 0.600001
      vertex -14.2809 -1.40655 1.2
      vertex -14.3327 -0.704121 1.2
    endloop
  endfacet
  facet normal -0.487681 0.512161 -0.707006
    outer loop
      vertex -10.5712 10.5712 0.3
      vertex -10.0398 11.0772 0.3
      vertex -9.83834 10.8549 1.90735e-07
    endloop
  endfacet
  facet normal 0.707046 -0.0173494 -0.706955
    outer loop
      vertex 14.6324 -0.718841 1.90735e-07
      vertex 14.95 0 0.3
      vertex 14.932 -0.733562 0.3
    endloop
  endfacet
  facet normal -0.407242 0.578181 0.707009
    outer loop
      vertex -8.54828 11.526 1.2
      vertex -7.97243 11.9316 1.2
      vertex -8.30577 12.4305 0.600001
    endloop
  endfacet
  facet normal 0.0173101 -0.707001 -0.707001
    outer loop
      vertex 0 -14.95 0.3
      vertex 0 -14.65 1.90735e-07
      vertex 0.718841 -14.6324 1.90735e-07
    endloop
  endfacet
  facet normal 0.171029 0.985266 -0
    outer loop
      vertex 2.9166 14.6627 0.3
      vertex 2.19362 14.7882 0.600001
      vertex 2.9166 14.6627 0.600001
    endloop
  endfacet
  facet normal 0.171029 0.985266 0
    outer loop
      vertex 2.19362 14.7882 0.600001
      vertex 2.9166 14.6627 0.3
      vertex 2.19362 14.7882 0.3
    endloop
  endfacet
  facet normal -0.407186 0.578185 0.707037
    outer loop
      vertex -8.9057 12.008 0.600001
      vertex -8.54828 11.526 1.2
      vertex -8.30577 12.4305 0.600001
    endloop
  endfacet
  facet normal -0.914189 0.405289 0
    outer loop
      vertex -13.812 5.72112 0.3
      vertex -13.5146 6.39195 0.600001
      vertex -13.5146 6.39195 0.3
    endloop
  endfacet
  facet normal -0.914189 0.405289 0
    outer loop
      vertex -13.5146 6.39195 0.600001
      vertex -13.812 5.72112 0.3
      vertex -13.812 5.72112 0.600001
    endloop
  endfacet
  facet normal -0.0173479 -0.706987 0.707014
    outer loop
      vertex -0.733562 -14.932 0.600001
      vertex 0 -14.95 0.600001
      vertex -0.704121 -14.3327 1.2
    endloop
  endfacet
  facet normal 0.512238 -0.487686 -0.706947
    outer loop
      vertex 10.3591 -10.3591 1.90735e-07
      vertex 10.8549 -9.83834 1.90735e-07
      vertex 10.5712 -10.5712 0.3
    endloop
  endfacet
  facet normal 0.0865496 0.7019 0.706997
    outer loop
      vertex 1.46536 14.878 0.600001
      vertex 2.10558 14.1947 1.2
      vertex 2.19362 14.7882 0.600001
    endloop
  endfacet
  facet normal -0.578185 -0.407186 -0.707037
    outer loop
      vertex -12.4305 -8.30577 0.3
      vertex -11.767 -8.72699 1.90735e-07
      vertex -12.008 -8.9057 0.3
    endloop
  endfacet
  facet normal -0.992483 0.122381 0
    outer loop
      vertex -14.878 1.46536 0.3
      vertex -14.7882 2.19362 0.600001
      vertex -14.7882 2.19362 0.3
    endloop
  endfacet
  facet normal -0.992483 0.122381 0
    outer loop
      vertex -14.7882 2.19362 0.600001
      vertex -14.878 1.46536 0.3
      vertex -14.878 1.46536 0.600001
    endloop
  endfacet
  facet normal -0.844894 0.534933 0
    outer loop
      vertex -12.823 7.68584 0.3
      vertex -12.4305 8.30577 0.600001
      vertex -12.4305 8.30577 0.3
    endloop
  endfacet
  facet normal -0.844894 0.534933 0
    outer loop
      vertex -12.4305 8.30577 0.600001
      vertex -12.823 7.68584 0.3
      vertex -12.823 7.68584 0.600001
    endloop
  endfacet
  facet normal -0.67149 -0.221857 0.707022
    outer loop
      vertex -14.3063 -4.33976 0.600001
      vertex -14.0761 -5.0365 0.600001
      vertex -13.7321 -4.16558 1.2
    endloop
  endfacet
  facet normal -0.0173707 -0.707 0.707001
    outer loop
      vertex -0.704121 -14.3327 1.2
      vertex 0 -14.95 0.600001
      vertex 0 -14.35 1.2
    endloop
  endfacet
  facet normal -0.96378 -0.266698 0
    outer loop
      vertex -14.3063 -4.33976 0.3
      vertex -14.502 -3.63255 0.600001
      vertex -14.502 -3.63255 0.3
    endloop
  endfacet
  facet normal -0.96378 -0.266698 0
    outer loop
      vertex -14.502 -3.63255 0.600001
      vertex -14.3063 -4.33976 0.3
      vertex -14.3063 -4.33976 0.600001
    endloop
  endfacet
  facet normal 0.435082 -0.557544 0.706999
    outer loop
      vertex 8.54828 -11.526 1.2
      vertex 9.48418 -11.5565 0.600001
      vertex 9.10354 -11.0927 1.2
    endloop
  endfacet
  facet normal -0.0865542 -0.701902 0.706995
    outer loop
      vertex -2.10558 -14.1947 1.2
      vertex -1.46536 -14.878 0.600001
      vertex -1.40655 -14.2809 1.2
    endloop
  endfacet
  facet normal 0.659834 -0.254539 0.706986
    outer loop
      vertex 13.2577 -5.49151 1.2
      vertex 13.812 -5.72112 0.600001
      vertex 13.5112 -4.83437 1.2
    endloop
  endfacet
  facet normal 0.70195 0.0866556 -0.706935
    outer loop
      vertex 14.4914 2.1496 1.90735e-07
      vertex 14.878 1.46536 0.3
      vertex 14.5795 1.43595 1.90735e-07
    endloop
  endfacet
  facet normal -0.999699 -0.0245304 0
    outer loop
      vertex -14.932 -0.733562 0.3
      vertex -14.95 0 0.600001
      vertex -14.95 0 0.3
    endloop
  endfacet
  facet normal -0.999699 -0.0245304 0
    outer loop
      vertex -14.95 0 0.600001
      vertex -14.932 -0.733562 0.3
      vertex -14.932 -0.733562 0.600001
    endloop
  endfacet
  facet normal 0.25452 0.659786 -0.707038
    outer loop
      vertex 4.93544 13.7936 1.90735e-07
      vertex 5.0365 14.0761 0.3
      vertex 5.72112 13.812 0.3
    endloop
  endfacet
  facet normal -0.631683 -0.317948 -0.707026
    outer loop
      vertex -13.5146 -6.39195 0.3
      vertex -12.9201 -6.90596 1.90735e-07
      vertex -13.1847 -7.04738 0.3
    endloop
  endfacet
  facet normal -0.348603 -0.615342 -0.706987
    outer loop
      vertex -7.68584 -12.823 0.3
      vertex -7.5316 -12.5657 1.90735e-07
      vertex -7.04738 -13.1847 0.3
    endloop
  endfacet
  facet normal -0.286609 -0.646489 -0.707041
    outer loop
      vertex -6.39195 -13.5146 0.3
      vertex -5.60631 -13.5348 1.90735e-07
      vertex -5.72112 -13.812 0.3
    endloop
  endfacet
  facet normal 0.348556 0.615324 -0.707026
    outer loop
      vertex 6.90596 12.9201 1.90735e-07
      vertex 7.04738 13.1847 0.3
      vertex 7.5316 12.5657 1.90735e-07
    endloop
  endfacet
  facet normal 0.932987 0.35991 0
    outer loop
      vertex 14.0761 5.0365 0.600001
      vertex 13.812 5.72112 0.3
      vertex 13.812 5.72112 0.600001
    endloop
  endfacet
  facet normal 0.932987 0.35991 0
    outer loop
      vertex 13.812 5.72112 0.3
      vertex 14.0761 5.0365 0.600001
      vertex 14.0761 5.0365 0.3
    endloop
  endfacet
  facet normal 0.461878 0.535598 0.706968
    outer loop
      vertex 10.0398 11.0772 0.600001
      vertex 9.60799 10.6708 1.19
      vertex 9.64359 10.6401 1.19
    endloop
  endfacet
  facet normal 0.460755 0.534107 0.708826
    outer loop
      vertex 9.60799 10.6708 1.19
      vertex 9.10354 11.0927 1.2
      vertex 9.6013 10.6633 1.2
    endloop
  endfacet
  facet normal 0.461926 0.535551 0.706972
    outer loop
      vertex 9.10354 11.0927 1.2
      vertex 9.60799 10.6708 1.19
      vertex 10.0398 11.0772 0.600001
    endloop
  endfacet
  facet normal -0.646533 0.286596 -0.707006
    outer loop
      vertex -13.5348 5.60631 1.90735e-07
      vertex -13.5146 6.39195 0.3
      vertex -13.2434 6.26368 1.90735e-07
    endloop
  endfacet
  facet normal -0.96378 0.266698 0
    outer loop
      vertex -14.502 3.63255 0.3
      vertex -14.3063 4.33976 0.600001
      vertex -14.3063 4.33976 0.3
    endloop
  endfacet
  facet normal -0.96378 0.266698 0
    outer loop
      vertex -14.3063 4.33976 0.600001
      vertex -14.502 3.63255 0.3
      vertex -14.502 3.63255 0.600001
    endloop
  endfacet
  facet normal 0.67149 0.221858 -0.707022
    outer loop
      vertex 14.0192 4.25267 1.90735e-07
      vertex 14.0761 5.0365 0.3
      vertex 14.3063 4.33976 0.3
    endloop
  endfacet
  facet normal -0.535489 0.461943 -0.707008
    outer loop
      vertex -11.3246 9.29386 1.90735e-07
      vertex -11.0772 10.0398 0.3
      vertex -10.8549 9.83834 1.90735e-07
    endloop
  endfacet
  facet normal -0.461943 0.5355 0.706999
    outer loop
      vertex -10.0398 11.0772 0.600001
      vertex -9.10354 11.0927 1.2
      vertex -9.48418 11.5565 0.600001
    endloop
  endfacet
  facet normal 0.690056 -0.154888 -0.706988
    outer loop
      vertex 14.211 -3.55966 1.90735e-07
      vertex 14.6627 -2.9166 0.3
      vertex 14.502 -3.63255 0.3
    endloop
  endfacet
  facet normal 0.578185 0.407186 -0.707037
    outer loop
      vertex 11.767 8.72699 1.90735e-07
      vertex 12.008 8.9057 0.3
      vertex 12.4305 8.30577 0.3
    endloop
  endfacet
  facet normal 0.646528 -0.286661 0.706985
    outer loop
      vertex 12.9722 -6.13542 1.2
      vertex 13.812 -5.72112 0.600001
      vertex 13.2577 -5.49151 1.2
    endloop
  endfacet
  facet normal 0.997289 0.0735908 0
    outer loop
      vertex 14.932 0.733562 0.600001
      vertex 14.878 1.46536 0.3
      vertex 14.878 1.46536 0.600001
    endloop
  endfacet
  facet normal 0.997289 0.0735908 0
    outer loop
      vertex 14.878 1.46536 0.3
      vertex 14.932 0.733562 0.600001
      vertex 14.932 0.733562 0.3
    endloop
  endfacet
  facet normal -0.658818 -0.25424 0.70804
    outer loop
      vertex -13.3027 -5.37466 1.2
      vertex -13.5112 -4.83437 1.2
      vertex -13.312 -5.37841 1.19
    endloop
  endfacet
  facet normal -0.659819 -0.254515 0.707008
    outer loop
      vertex -13.312 -5.37841 1.19
      vertex -13.812 -5.72112 0.600001
      vertex -13.2669 -5.49533 1.19
    endloop
  endfacet
  facet normal -0.659787 -0.254576 0.707017
    outer loop
      vertex -13.812 -5.72112 0.600001
      vertex -13.312 -5.37841 1.19
      vertex -13.5112 -4.83437 1.2
    endloop
  endfacet
  facet normal 0.535575 0.461903 0.706968
    outer loop
      vertex 10.6401 9.64359 1.19
      vertex 11.0924 9.11915 1.19
      vertex 11.0772 10.0398 0.600001
    endloop
  endfacet
  facet normal -0.61602 -0.34738 0.706998
    outer loop
      vertex -13.1847 -7.04738 0.600001
      vertex -12.6584 -6.7799 1.19
      vertex -12.6644 -6.76926 1.19
    endloop
  endfacet
  facet normal -0.615359 -0.348613 0.706968
    outer loop
      vertex -12.6584 -6.7799 1.19
      vertex -13.1847 -7.04738 0.600001
      vertex -12.823 -7.68584 0.600001
    endloop
  endfacet
  facet normal -0.65978 0.254522 -0.707043
    outer loop
      vertex -13.812 5.72112 0.3
      vertex -13.5348 5.60631 1.90735e-07
      vertex -13.7936 4.93544 1.90735e-07
    endloop
  endfacet
  facet normal 0.646533 0.286596 -0.707006
    outer loop
      vertex 13.2434 6.26368 1.90735e-07
      vertex 13.5146 6.39195 0.3
      vertex 13.5348 5.60631 1.90735e-07
    endloop
  endfacet
  facet normal 0.578185 -0.407186 0.707037
    outer loop
      vertex 11.526 -8.54828 1.2
      vertex 12.008 -8.9057 0.600001
      vertex 12.4305 -8.30577 0.600001
    endloop
  endfacet
  facet normal 0.844894 -0.534933 0
    outer loop
      vertex 12.4305 -8.30577 0.600001
      vertex 12.823 -7.68584 0.3
      vertex 12.823 -7.68584 0.600001
    endloop
  endfacet
  facet normal 0.844894 -0.534933 0
    outer loop
      vertex 12.823 -7.68584 0.3
      vertex 12.4305 -8.30577 0.600001
      vertex 12.4305 -8.30577 0.3
    endloop
  endfacet
  facet normal -0.844894 -0.534933 0
    outer loop
      vertex -12.4305 -8.30577 0.3
      vertex -12.823 -7.68584 0.600001
      vertex -12.823 -7.68584 0.3
    endloop
  endfacet
  facet normal -0.844894 -0.534933 0
    outer loop
      vertex -12.823 -7.68584 0.600001
      vertex -12.4305 -8.30577 0.3
      vertex -12.4305 -8.30577 0.600001
    endloop
  endfacet
  facet normal -0.817597 0.575791 0
    outer loop
      vertex -12.4305 8.30577 0.3
      vertex -12.008 8.9057 0.600001
      vertex -12.008 8.9057 0.3
    endloop
  endfacet
  facet normal -0.817597 0.575791 0
    outer loop
      vertex -12.008 8.9057 0.600001
      vertex -12.4305 8.30577 0.3
      vertex -12.4305 8.30577 0.600001
    endloop
  endfacet
  facet normal -0.615342 -0.348603 -0.706987
    outer loop
      vertex -13.1847 -7.04738 0.3
      vertex -12.5657 -7.5316 1.90735e-07
      vertex -12.823 -7.68584 0.3
    endloop
  endfacet
  facet normal 0.0735908 -0.997289 0
    outer loop
      vertex 0.733562 -14.932 0.3
      vertex 1.46536 -14.878 0.600001
      vertex 0.733562 -14.932 0.600001
    endloop
  endfacet
  facet normal 0.0735908 -0.997289 0
    outer loop
      vertex 1.46536 -14.878 0.600001
      vertex 0.733562 -14.932 0.3
      vertex 1.46536 -14.878 0.3
    endloop
  endfacet
  facet normal 0.435107 0.557525 -0.706999
    outer loop
      vertex 8.72699 11.767 1.90735e-07
      vertex 9.48418 11.5565 0.3
      vertex 9.29386 11.3246 1.90735e-07
    endloop
  endfacet
  facet normal 0.67149 -0.221857 0.707022
    outer loop
      vertex 13.7321 -4.16558 1.2
      vertex 14.0761 -5.0365 0.600001
      vertex 14.3063 -4.33976 0.600001
    endloop
  endfacet
  facet normal -0.707 -0.0173707 0.707001
    outer loop
      vertex -14.95 0 0.600001
      vertex -14.3327 -0.704121 1.2
      vertex -14.35 0 1.2
    endloop
  endfacet
  facet normal 0.696847 -0.120884 -0.706959
    outer loop
      vertex 14.3685 -2.85807 1.90735e-07
      vertex 14.4914 -2.1496 1.90735e-07
      vertex 14.6627 -2.9166 0.3
    endloop
  endfacet
  facet normal -0.317958 -0.631703 0.707004
    outer loop
      vertex -7.04738 -13.1847 0.600001
      vertex -6.39195 -13.5146 0.600001
      vertex -6.13542 -12.9722 1.2
    endloop
  endfacet
  facet normal -0.188559 0.681563 0.707048
    outer loop
      vertex -4.16558 13.7321 1.2
      vertex -3.48676 13.9199 1.2
      vertex -3.63255 14.502 0.600001
    endloop
  endfacet
  facet normal -0.317948 0.631683 -0.707026
    outer loop
      vertex -7.04738 13.1847 0.3
      vertex -6.39195 13.5146 0.3
      vertex -6.90596 12.9201 1.90735e-07
    endloop
  endfacet
  facet normal 0.557544 -0.435082 0.706999
    outer loop
      vertex 11.0927 -9.10354 1.2
      vertex 11.5565 -9.48418 0.600001
      vertex 11.526 -8.54828 1.2
    endloop
  endfacet
  facet normal 0.631729 0.31797 0.706975
    outer loop
      vertex 12.9758 6.15061 1.19
      vertex 13.5146 6.39195 0.600001
      vertex 13.1847 7.04738 0.600001
    endloop
  endfacet
  facet normal 0.631649 0.318138 0.706971
    outer loop
      vertex 13.5146 6.39195 0.600001
      vertex 12.9758 6.15061 1.19
      vertex 12.9813 6.13969 1.19
    endloop
  endfacet
  facet normal -0.286596 0.646533 -0.707006
    outer loop
      vertex -6.39195 13.5146 0.3
      vertex -5.60631 13.5348 1.90735e-07
      vertex -6.26368 13.2434 1.90735e-07
    endloop
  endfacet
  facet normal 0.435108 0.557478 -0.707035
    outer loop
      vertex 8.72699 11.767 1.90735e-07
      vertex 8.9057 12.008 0.3
      vertex 9.48418 11.5565 0.3
    endloop
  endfacet
  facet normal 0.5355 -0.461944 -0.706999
    outer loop
      vertex 11.0772 -10.0398 0.3
      vertex 11.3246 -9.29386 1.90735e-07
      vertex 11.5565 -9.48418 0.3
    endloop
  endfacet
  facet normal -0.37834 0.597492 0.707009
    outer loop
      vertex -8.30577 12.4305 0.600001
      vertex -7.97243 11.9316 1.2
      vertex -7.37737 12.3084 1.2
    endloop
  endfacet
  facet normal 0.512238 0.487686 -0.706947
    outer loop
      vertex 10.3591 10.3591 1.90735e-07
      vertex 10.5712 10.5712 0.3
      vertex 10.8549 9.83834 1.90735e-07
    endloop
  endfacet
  facet normal -0.985266 0.171029 0
    outer loop
      vertex -14.7882 2.19362 0.3
      vertex -14.6627 2.9166 0.600001
      vertex -14.6627 2.9166 0.3
    endloop
  endfacet
  facet normal -0.985266 0.171029 0
    outer loop
      vertex -14.6627 2.9166 0.600001
      vertex -14.7882 2.19362 0.3
      vertex -14.7882 2.19362 0.600001
    endloop
  endfacet
  facet normal -0.690078 0.154916 -0.706961
    outer loop
      vertex -14.6627 2.9166 0.3
      vertex -14.211 3.55966 1.90735e-07
      vertex -14.3685 2.85807 1.90735e-07
    endloop
  endfacet
  facet normal -0.696845 -0.120899 0.706959
    outer loop
      vertex -14.6627 -2.9166 0.600001
      vertex -14.0743 -2.79955 1.2
      vertex -14.1947 -2.10558 1.2
    endloop
  endfacet
  facet normal -0.578185 0.407186 -0.707037
    outer loop
      vertex -12.4305 8.30577 0.3
      vertex -12.008 8.9057 0.3
      vertex -11.767 8.72699 1.90735e-07
    endloop
  endfacet
  facet normal -0.681577 -0.188607 -0.707022
    outer loop
      vertex -14.502 -3.63255 0.3
      vertex -14.0192 -4.25267 1.90735e-07
      vertex -14.3063 -4.33976 0.3
    endloop
  endfacet
  facet normal 0.757196 0.653188 0
    outer loop
      vertex 11.5565 9.48418 0.600001
      vertex 11.0772 10.0398 0.3
      vertex 11.0772 10.0398 0.600001
    endloop
  endfacet
  facet normal 0.757196 0.653188 0
    outer loop
      vertex 11.0772 10.0398 0.3
      vertex 11.5565 9.48418 0.600001
      vertex 11.5565 9.48418 0.3
    endloop
  endfacet
  facet normal 0.706987 -0.0173479 0.707014
    outer loop
      vertex 14.3327 -0.704121 1.2
      vertex 14.932 -0.733562 0.600001
      vertex 14.95 0 0.600001
    endloop
  endfacet
  facet normal 0.286624 -0.646523 0.707004
    outer loop
      vertex 5.72112 -13.812 0.600001
      vertex 6.39195 -13.5146 0.600001
      vertex 6.13542 -12.9722 1.2
    endloop
  endfacet
  facet normal -0.631754 0.317925 0.706973
    outer loop
      vertex -13.1847 7.04738 0.600001
      vertex -12.9722 6.13542 1.2
      vertex -12.6556 6.76454 1.2
    endloop
  endfacet
  facet normal 0.7019 -0.0865496 0.706997
    outer loop
      vertex 14.1947 -2.10558 1.2
      vertex 14.7882 -2.19362 0.600001
      vertex 14.878 -1.46536 0.600001
    endloop
  endfacet
  facet normal -0.707001 -0.0173101 -0.707001
    outer loop
      vertex -14.95 0 0.3
      vertex -14.65 0 1.90735e-07
      vertex -14.6324 -0.718841 1.90735e-07
    endloop
  endfacet
  facet normal 0.615274 0.788314 -0
    outer loop
      vertex 9.48418 11.5565 0.3
      vertex 8.9057 12.008 0.600001
      vertex 9.48418 11.5565 0.600001
    endloop
  endfacet
  facet normal 0.615274 0.788314 0
    outer loop
      vertex 8.9057 12.008 0.600001
      vertex 9.48418 11.5565 0.3
      vertex 8.9057 12.008 0.3
    endloop
  endfacet
  facet normal -0.0865425 0.701843 -0.707055
    outer loop
      vertex -2.19362 14.7882 0.3
      vertex -1.46536 14.878 0.3
      vertex -2.1496 14.4914 1.90735e-07
    endloop
  endfacet
  facet normal 0.155039 0.690053 0.706958
    outer loop
      vertex 2.79955 14.0743 1.2
      vertex 3.48676 13.9199 1.2
      vertex 2.9166 14.6627 0.600001
    endloop
  endfacet
  facet normal 0.4876 -0.512231 0.707012
    outer loop
      vertex 9.63687 -10.6326 1.2
      vertex 10.0398 -11.0772 0.600001
      vertex 10.147 -10.147 1.2
    endloop
  endfacet
  facet normal 0.696796 -0.120955 0.706997
    outer loop
      vertex 14.1947 -2.10558 1.2
      vertex 14.6627 -2.9166 0.600001
      vertex 14.7882 -2.19362 0.600001
    endloop
  endfacet
  facet normal 0.681577 -0.188607 -0.707022
    outer loop
      vertex 14.0192 -4.25267 1.90735e-07
      vertex 14.502 -3.63255 0.3
      vertex 14.3063 -4.33976 0.3
    endloop
  endfacet
  facet normal -0.647794 -0.283917 0.706933
    outer loop
      vertex -12.9862 -6.12851 1.19
      vertex -13.5146 -6.39195 0.600001
      vertex -12.9813 -6.13969 1.19
    endloop
  endfacet
  facet normal -0.646524 -0.286624 0.707003
    outer loop
      vertex -13.5146 -6.39195 0.600001
      vertex -12.9862 -6.12851 1.19
      vertex -13.812 -5.72112 0.600001
    endloop
  endfacet
  facet normal 0.817597 0.575791 0
    outer loop
      vertex 12.4305 8.30577 0.600001
      vertex 12.008 8.9057 0.3
      vertex 12.008 8.9057 0.600001
    endloop
  endfacet
  facet normal 0.817597 0.575791 0
    outer loop
      vertex 12.008 8.9057 0.3
      vertex 12.4305 8.30577 0.600001
      vertex 12.4305 8.30577 0.3
    endloop
  endfacet
  facet normal -0.615274 -0.788314 0
    outer loop
      vertex -9.48418 -11.5565 0.3
      vertex -8.9057 -12.008 0.600001
      vertex -9.48418 -11.5565 0.600001
    endloop
  endfacet
  facet normal -0.615274 -0.788314 -0
    outer loop
      vertex -8.9057 -12.008 0.600001
      vertex -9.48418 -11.5565 0.3
      vertex -8.9057 -12.008 0.3
    endloop
  endfacet
  facet normal 0.932987 -0.35991 0
    outer loop
      vertex 13.812 -5.72112 0.600001
      vertex 14.0761 -5.0365 0.3
      vertex 14.0761 -5.0365 0.600001
    endloop
  endfacet
  facet normal 0.932987 -0.35991 0
    outer loop
      vertex 14.0761 -5.0365 0.3
      vertex 13.812 -5.72112 0.600001
      vertex 13.812 -5.72112 0.3
    endloop
  endfacet
  facet normal -0.690056 0.154888 -0.706988
    outer loop
      vertex -14.6627 2.9166 0.3
      vertex -14.502 3.63255 0.3
      vertex -14.211 3.55966 1.90735e-07
    endloop
  endfacet
  facet normal -0.70195 0.0866556 -0.706935
    outer loop
      vertex -14.878 1.46536 0.3
      vertex -14.4914 2.1496 1.90735e-07
      vertex -14.5795 1.43595 1.90735e-07
    endloop
  endfacet
  facet normal -0.597531 0.378318 -0.706988
    outer loop
      vertex -12.823 7.68584 0.3
      vertex -12.4305 8.30577 0.3
      vertex -12.5657 7.5316 1.90735e-07
    endloop
  endfacet
  facet normal 0.949517 -0.313716 0
    outer loop
      vertex 14.0761 -5.0365 0.600001
      vertex 14.3063 -4.33976 0.3
      vertex 14.3063 -4.33976 0.600001
    endloop
  endfacet
  facet normal 0.949517 -0.313716 0
    outer loop
      vertex 14.3063 -4.33976 0.3
      vertex 14.0761 -5.0365 0.600001
      vertex 14.0761 -5.0365 0.3
    endloop
  endfacet
  facet normal -0.653188 -0.757196 0
    outer loop
      vertex -10.0398 -11.0772 0.3
      vertex -9.48418 -11.5565 0.600001
      vertex -10.0398 -11.0772 0.600001
    endloop
  endfacet
  facet normal -0.653188 -0.757196 -0
    outer loop
      vertex -9.48418 -11.5565 0.600001
      vertex -10.0398 -11.0772 0.3
      vertex -9.48418 -11.5565 0.3
    endloop
  endfacet
  facet normal 0.221858 -0.67149 -0.707022
    outer loop
      vertex 4.25267 -14.0192 1.90735e-07
      vertex 5.0365 -14.0761 0.3
      vertex 4.33976 -14.3063 0.3
    endloop
  endfacet
  facet normal 0.378318 0.597531 -0.706988
    outer loop
      vertex 7.5316 12.5657 1.90735e-07
      vertex 7.68584 12.823 0.3
      vertex 8.30577 12.4305 0.3
    endloop
  endfacet
  facet normal -0.154916 0.690078 -0.706961
    outer loop
      vertex -3.55966 14.211 1.90735e-07
      vertex -2.9166 14.6627 0.3
      vertex -2.85807 14.3685 1.90735e-07
    endloop
  endfacet
  facet normal 0.405289 0.914189 -0
    outer loop
      vertex 6.39195 13.5146 0.3
      vertex 5.72112 13.812 0.600001
      vertex 6.39195 13.5146 0.600001
    endloop
  endfacet
  facet normal 0.405289 0.914189 0
    outer loop
      vertex 5.72112 13.812 0.600001
      vertex 6.39195 13.5146 0.3
      vertex 5.72112 13.812 0.3
    endloop
  endfacet
  facet normal 0.254539 -0.659835 0.706985
    outer loop
      vertex 4.83437 -13.5112 1.2
      vertex 5.0365 -14.0761 0.600001
      vertex 5.72112 -13.812 0.600001
    endloop
  endfacet
  facet normal -0.435082 0.557544 0.706999
    outer loop
      vertex -9.48418 11.5565 0.600001
      vertex -9.10354 11.0927 1.2
      vertex -8.54828 11.526 1.2
    endloop
  endfacet
  facet normal -0.681602 0.188643 -0.706988
    outer loop
      vertex -14.502 3.63255 0.3
      vertex -14.0192 4.25267 1.90735e-07
      vertex -14.211 3.55966 1.90735e-07
    endloop
  endfacet
  facet normal 0.435108 0.557478 0.707036
    outer loop
      vertex 8.54828 11.526 1.2
      vertex 9.48418 11.5565 0.600001
      vertex 8.9057 12.008 0.600001
    endloop
  endfacet
  facet normal 0.120899 -0.696845 0.706959
    outer loop
      vertex 2.10558 -14.1947 1.2
      vertex 2.9166 -14.6627 0.600001
      vertex 2.79955 -14.0743 1.2
    endloop
  endfacet
  facet normal -0.535154 -0.462336 0.707004
    outer loop
      vertex -11.5565 -9.48418 0.600001
      vertex -11.0924 -9.11915 1.19
      vertex -11.1004 -9.10989 1.19
    endloop
  endfacet
  facet normal -0.535487 -0.461933 0.707016
    outer loop
      vertex -11.0924 -9.11915 1.19
      vertex -11.5565 -9.48418 0.600001
      vertex -11.0772 -10.0398 0.600001
    endloop
  endfacet
  facet normal 0.690078 -0.154916 -0.706961
    outer loop
      vertex 14.211 -3.55966 1.90735e-07
      vertex 14.3685 -2.85807 1.90735e-07
      vertex 14.6627 -2.9166 0.3
    endloop
  endfacet
  facet normal 0.487681 -0.512161 -0.707006
    outer loop
      vertex 9.83834 -10.8549 1.90735e-07
      vertex 10.5712 -10.5712 0.3
      vertex 10.0398 -11.0772 0.3
    endloop
  endfacet
  facet normal -0.37833 -0.59744 -0.707059
    outer loop
      vertex -8.30577 -12.4305 0.3
      vertex -8.1391 -12.181 1.90735e-07
      vertex -7.5316 -12.5657 1.90735e-07
    endloop
  endfacet
  facet normal -0.348619 -0.615335 0.706985
    outer loop
      vertex -7.68584 -12.823 0.600001
      vertex -6.76454 -12.6556 1.2
      vertex -7.37737 -12.3084 1.2
    endloop
  endfacet
  facet normal 0.597533 -0.37832 0.706986
    outer loop
      vertex 12.3084 -7.37737 1.2
      vertex 12.4305 -8.30577 0.600001
      vertex 12.823 -7.68584 0.600001
    endloop
  endfacet
  facet normal 0.512161 -0.487681 -0.707006
    outer loop
      vertex 10.5712 -10.5712 0.3
      vertex 10.8549 -9.83834 1.90735e-07
      vertex 11.0772 -10.0398 0.3
    endloop
  endfacet
  facet normal -0.578181 0.407242 0.707009
    outer loop
      vertex -12.4305 8.30577 0.600001
      vertex -11.9316 7.97243 1.2
      vertex -11.526 8.54828 1.2
    endloop
  endfacet
  facet normal 0.120955 -0.696796 0.706997
    outer loop
      vertex 2.10558 -14.1947 1.2
      vertex 2.19362 -14.7882 0.600001
      vertex 2.9166 -14.6627 0.600001
    endloop
  endfacet
  facet normal 0.0865425 -0.701843 -0.707055
    outer loop
      vertex 1.46536 -14.878 0.3
      vertex 2.1496 -14.4914 1.90735e-07
      vertex 2.19362 -14.7882 0.3
    endloop
  endfacet
  facet normal -0.0520448 0.705301 0.706995
    outer loop
      vertex -1.46536 14.878 0.600001
      vertex -1.40655 14.2809 1.2
      vertex -0.733562 14.932 0.600001
    endloop
  endfacet
  facet normal -0.701902 -0.0865542 0.706995
    outer loop
      vertex -14.878 -1.46536 0.600001
      vertex -14.1947 -2.10558 1.2
      vertex -14.2809 -1.40655 1.2
    endloop
  endfacet
  facet normal 0.788314 0.615274 0
    outer loop
      vertex 12.008 8.9057 0.600001
      vertex 11.5565 9.48418 0.3
      vertex 11.5565 9.48418 0.600001
    endloop
  endfacet
  facet normal 0.788314 0.615274 0
    outer loop
      vertex 11.5565 9.48418 0.3
      vertex 12.008 8.9057 0.600001
      vertex 12.008 8.9057 0.3
    endloop
  endfacet
  facet normal 0.535154 0.462336 0.707004
    outer loop
      vertex 11.5565 9.48418 0.600001
      vertex 11.0924 9.11915 1.19
      vertex 11.1004 9.10989 1.19
    endloop
  endfacet
  facet normal 0.535487 0.461933 0.707016
    outer loop
      vertex 11.0924 9.11915 1.19
      vertex 11.5565 9.48418 0.600001
      vertex 11.0772 10.0398 0.600001
    endloop
  endfacet
  facet normal 0.487688 0.512205 0.70697
    outer loop
      vertex 9.64359 10.6401 1.19
      vertex 10.1452 10.1625 1.19
      vertex 10.0398 11.0772 0.600001
    endloop
  endfacet
  facet normal -0.681563 -0.188559 0.707048
    outer loop
      vertex -14.502 -3.63255 0.600001
      vertex -13.7321 -4.16558 1.2
      vertex -13.9199 -3.48676 1.2
    endloop
  endfacet
  facet normal 0.597531 0.378318 -0.706988
    outer loop
      vertex 12.4305 8.30577 0.3
      vertex 12.823 7.68584 0.3
      vertex 12.5657 7.5316 1.90735e-07
    endloop
  endfacet
  facet normal -0.681577 0.188607 -0.707022
    outer loop
      vertex -14.502 3.63255 0.3
      vertex -14.3063 4.33976 0.3
      vertex -14.0192 4.25267 1.90735e-07
    endloop
  endfacet
  facet normal -0.659786 0.25452 -0.707038
    outer loop
      vertex -14.0761 5.0365 0.3
      vertex -13.812 5.72112 0.3
      vertex -13.7936 4.93544 1.90735e-07
    endloop
  endfacet
  facet normal 0.659835 -0.254539 0.706985
    outer loop
      vertex 13.5112 -4.83437 1.2
      vertex 13.812 -5.72112 0.600001
      vertex 14.0761 -5.0365 0.600001
    endloop
  endfacet
  facet normal -0.435108 0.557478 0.707036
    outer loop
      vertex -9.48418 11.5565 0.600001
      vertex -8.54828 11.526 1.2
      vertex -8.9057 12.008 0.600001
    endloop
  endfacet
  facet normal 0.0735908 0.997289 -0
    outer loop
      vertex 1.46536 14.878 0.3
      vertex 0.733562 14.932 0.600001
      vertex 1.46536 14.878 0.600001
    endloop
  endfacet
  facet normal 0.0735908 0.997289 0
    outer loop
      vertex 0.733562 14.932 0.600001
      vertex 1.46536 14.878 0.3
      vertex 0.733562 14.932 0.3
    endloop
  endfacet
  facet normal -0.653188 0.757196 0
    outer loop
      vertex -9.48418 11.5565 0.3
      vertex -10.0398 11.0772 0.600001
      vertex -9.48418 11.5565 0.600001
    endloop
  endfacet
  facet normal -0.653188 0.757196 0
    outer loop
      vertex -10.0398 11.0772 0.600001
      vertex -9.48418 11.5565 0.3
      vertex -10.0398 11.0772 0.3
    endloop
  endfacet
  facet normal -0.757196 0.653188 0
    outer loop
      vertex -11.5565 9.48418 0.3
      vertex -11.0772 10.0398 0.600001
      vertex -11.0772 10.0398 0.3
    endloop
  endfacet
  facet normal -0.757196 0.653188 0
    outer loop
      vertex -11.0772 10.0398 0.600001
      vertex -11.5565 9.48418 0.3
      vertex -11.5565 9.48418 0.600001
    endloop
  endfacet
  facet normal -0.689587 0.724203 0
    outer loop
      vertex -10.0398 11.0772 0.3
      vertex -10.5712 10.5712 0.600001
      vertex -10.0398 11.0772 0.600001
    endloop
  endfacet
  facet normal -0.689587 0.724203 0
    outer loop
      vertex -10.5712 10.5712 0.600001
      vertex -10.0398 11.0772 0.3
      vertex -10.5712 10.5712 0.3
    endloop
  endfacet
  facet normal 0.631694 0.317971 -0.707006
    outer loop
      vertex 12.9201 6.90596 1.90735e-07
      vertex 13.5146 6.39195 0.3
      vertex 13.2434 6.26368 1.90735e-07
    endloop
  endfacet
  facet normal 0.705342 0.052032 -0.706955
    outer loop
      vertex 14.5795 1.43595 1.90735e-07
      vertex 14.932 0.733562 0.3
      vertex 14.6324 0.718841 1.90735e-07
    endloop
  endfacet
  facet normal 0.221866 0.671469 -0.70704
    outer loop
      vertex 4.25267 14.0192 1.90735e-07
      vertex 5.0365 14.0761 0.3
      vertex 4.93544 13.7936 1.90735e-07
    endloop
  endfacet
  facet normal 0.707 -0.0173707 0.707001
    outer loop
      vertex 14.3327 -0.704121 1.2
      vertex 14.95 0 0.600001
      vertex 14.35 0 1.2
    endloop
  endfacet
  facet normal 0.992483 0.122381 0
    outer loop
      vertex 14.878 1.46536 0.600001
      vertex 14.7882 2.19362 0.3
      vertex 14.7882 2.19362 0.600001
    endloop
  endfacet
  facet normal 0.992483 0.122381 0
    outer loop
      vertex 14.7882 2.19362 0.3
      vertex 14.878 1.46536 0.600001
      vertex 14.878 1.46536 0.3
    endloop
  endfacet
  facet normal 0.999699 0.0245304 0
    outer loop
      vertex 14.95 0 0.600001
      vertex 14.932 0.733562 0.3
      vertex 14.932 0.733562 0.600001
    endloop
  endfacet
  facet normal 0.999699 0.0245304 0
    outer loop
      vertex 14.932 0.733562 0.3
      vertex 14.95 0 0.600001
      vertex 14.95 0 0.3
    endloop
  endfacet
  facet normal 0.154888 -0.690056 -0.706988
    outer loop
      vertex 2.9166 -14.6627 0.3
      vertex 3.55966 -14.211 1.90735e-07
      vertex 3.63255 -14.502 0.3
    endloop
  endfacet
  facet normal 0.690053 -0.155039 0.706958
    outer loop
      vertex 13.9199 -3.48676 1.2
      vertex 14.6627 -2.9166 0.600001
      vertex 14.0743 -2.79955 1.2
    endloop
  endfacet
  facet normal 0.671545 -0.22181 0.706985
    outer loop
      vertex 13.5112 -4.83437 1.2
      vertex 14.0761 -5.0365 0.600001
      vertex 13.7321 -4.16558 1.2
    endloop
  endfacet
  facet normal -0.631694 -0.317971 -0.707006
    outer loop
      vertex -13.5146 -6.39195 0.3
      vertex -13.2434 -6.26368 1.90735e-07
      vertex -12.9201 -6.90596 1.90735e-07
    endloop
  endfacet
  facet normal -0.631718 -0.317978 0.706982
    outer loop
      vertex -13.1847 -7.04738 0.600001
      vertex -12.6644 -6.76926 1.19
      vertex -12.9758 -6.15061 1.19
    endloop
  endfacet
  facet normal 0.0520448 -0.705301 0.706995
    outer loop
      vertex 0.733562 -14.932 0.600001
      vertex 1.46536 -14.878 0.600001
      vertex 1.40655 -14.2809 1.2
    endloop
  endfacet
  facet normal 0.696739 0.120945 -0.707055
    outer loop
      vertex 14.4914 2.1496 1.90735e-07
      vertex 14.6627 2.9166 0.3
      vertex 14.7882 2.19362 0.3
    endloop
  endfacet
  facet normal 0.701843 0.0865425 -0.707055
    outer loop
      vertex 14.4914 2.1496 1.90735e-07
      vertex 14.7882 2.19362 0.3
      vertex 14.878 1.46536 0.3
    endloop
  endfacet
  facet normal -0.67149 0.221858 -0.707022
    outer loop
      vertex -14.3063 4.33976 0.3
      vertex -14.0761 5.0365 0.3
      vertex -14.0192 4.25267 1.90735e-07
    endloop
  endfacet
  facet normal -0.997289 0.0735908 0
    outer loop
      vertex -14.932 0.733562 0.3
      vertex -14.878 1.46536 0.600001
      vertex -14.878 1.46536 0.3
    endloop
  endfacet
  facet normal -0.997289 0.0735908 0
    outer loop
      vertex -14.878 1.46536 0.600001
      vertex -14.932 0.733562 0.3
      vertex -14.932 0.733562 0.600001
    endloop
  endfacet
  facet normal -0.999699 0.0245304 0
    outer loop
      vertex -14.95 0 0.3
      vertex -14.932 0.733562 0.600001
      vertex -14.932 0.733562 0.3
    endloop
  endfacet
  facet normal -0.999699 0.0245304 0
    outer loop
      vertex -14.932 0.733562 0.600001
      vertex -14.95 0 0.3
      vertex -14.95 0 0.600001
    endloop
  endfacet
  facet normal -0.460755 -0.534107 0.708826
    outer loop
      vertex -9.60799 -10.6708 1.19
      vertex -9.10354 -11.0927 1.2
      vertex -9.6013 -10.6633 1.2
    endloop
  endfacet
  facet normal -0.461926 -0.535551 0.706972
    outer loop
      vertex -9.60799 -10.6708 1.19
      vertex -10.0398 -11.0772 0.600001
      vertex -9.10354 -11.0927 1.2
    endloop
  endfacet
  facet normal -0.461878 -0.535598 0.706968
    outer loop
      vertex -10.0398 -11.0772 0.600001
      vertex -9.60799 -10.6708 1.19
      vertex -9.64359 -10.6401 1.19
    endloop
  endfacet
  facet normal -0.705301 -0.0520448 0.706995
    outer loop
      vertex -14.932 -0.733562 0.600001
      vertex -14.878 -1.46536 0.600001
      vertex -14.2809 -1.40655 1.2
    endloop
  endfacet
  facet normal -0.914189 -0.405289 0
    outer loop
      vertex -13.5146 -6.39195 0.3
      vertex -13.812 -5.72112 0.600001
      vertex -13.812 -5.72112 0.3
    endloop
  endfacet
  facet normal -0.914189 -0.405289 0
    outer loop
      vertex -13.812 -5.72112 0.600001
      vertex -13.5146 -6.39195 0.3
      vertex -13.5146 -6.39195 0.600001
    endloop
  endfacet
  facet normal -0.706987 -0.0173479 0.707014
    outer loop
      vertex -14.95 0 0.600001
      vertex -14.932 -0.733562 0.600001
      vertex -14.3327 -0.704121 1.2
    endloop
  endfacet
  facet normal 0.155039 -0.690053 0.706958
    outer loop
      vertex 2.79955 -14.0743 1.2
      vertex 2.9166 -14.6627 0.600001
      vertex 3.48676 -13.9199 1.2
    endloop
  endfacet
  facet normal 0.671469 0.221866 -0.70704
    outer loop
      vertex 13.7936 4.93544 1.90735e-07
      vertex 14.0761 5.0365 0.3
      vertex 14.0192 4.25267 1.90735e-07
    endloop
  endfacet
  facet normal 0.188607 0.681577 0.707023
    outer loop
      vertex 3.63255 14.502 0.600001
      vertex 4.16558 13.7321 1.2
      vertex 4.33976 14.3063 0.600001
    endloop
  endfacet
  facet normal 0.188559 -0.681563 0.707048
    outer loop
      vertex 3.48676 -13.9199 1.2
      vertex 3.63255 -14.502 0.600001
      vertex 4.16558 -13.7321 1.2
    endloop
  endfacet
  facet normal -0.120955 0.696796 0.706997
    outer loop
      vertex -2.9166 14.6627 0.600001
      vertex -2.10558 14.1947 1.2
      vertex -2.19362 14.7882 0.600001
    endloop
  endfacet
  facet normal -0.631649 -0.318138 0.706971
    outer loop
      vertex -13.5146 -6.39195 0.600001
      vertex -12.9758 -6.15061 1.19
      vertex -12.9813 -6.13969 1.19
    endloop
  endfacet
  facet normal -0.631729 -0.31797 0.706975
    outer loop
      vertex -12.9758 -6.15061 1.19
      vertex -13.5146 -6.39195 0.600001
      vertex -13.1847 -7.04738 0.600001
    endloop
  endfacet
  facet normal -0.557478 -0.435108 -0.707035
    outer loop
      vertex -12.008 -8.9057 0.3
      vertex -11.767 -8.72699 1.90735e-07
      vertex -11.5565 -9.48418 0.3
    endloop
  endfacet
  facet normal -0.646522 -0.286615 0.707008
    outer loop
      vertex -13.812 -5.72112 0.600001
      vertex -12.9862 -6.12851 1.19
      vertex -13.2669 -5.49533 1.19
    endloop
  endfacet
  facet normal -0.0520491 0.70536 -0.706936
    outer loop
      vertex -1.46536 14.878 0.3
      vertex -0.733562 14.932 0.3
      vertex -1.43595 14.5795 1.90735e-07
    endloop
  endfacet
  facet normal 0.5355 0.461944 -0.706999
    outer loop
      vertex 11.0772 10.0398 0.3
      vertex 11.5565 9.48418 0.3
      vertex 11.3246 9.29386 1.90735e-07
    endloop
  endfacet
  facet normal 0.631694 -0.317971 -0.707006
    outer loop
      vertex 12.9201 -6.90596 1.90735e-07
      vertex 13.2434 -6.26368 1.90735e-07
      vertex 13.5146 -6.39195 0.3
    endloop
  endfacet
  facet normal 0.154888 0.690056 -0.706988
    outer loop
      vertex 2.9166 14.6627 0.3
      vertex 3.63255 14.502 0.3
      vertex 3.55966 14.211 1.90735e-07
    endloop
  endfacet
  facet normal 0.870077 0.492916 0
    outer loop
      vertex 13.1847 7.04738 0.600001
      vertex 12.823 7.68584 0.3
      vertex 12.823 7.68584 0.600001
    endloop
  endfacet
  facet normal 0.870077 0.492916 0
    outer loop
      vertex 12.823 7.68584 0.3
      vertex 13.1847 7.04738 0.600001
      vertex 13.1847 7.04738 0.3
    endloop
  endfacet
  facet normal 0.844894 0.534933 0
    outer loop
      vertex 12.823 7.68584 0.600001
      vertex 12.4305 8.30577 0.3
      vertex 12.4305 8.30577 0.600001
    endloop
  endfacet
  facet normal 0.844894 0.534933 0
    outer loop
      vertex 12.4305 8.30577 0.3
      vertex 12.823 7.68584 0.600001
      vertex 12.823 7.68584 0.3
    endloop
  endfacet
  facet normal 0.707001 0.0173101 -0.707001
    outer loop
      vertex 14.6324 0.718841 1.90735e-07
      vertex 14.95 0 0.3
      vertex 14.65 0 1.90735e-07
    endloop
  endfacet
  facet normal -0.407161 -0.578178 -0.707057
    outer loop
      vertex -8.72699 -11.767 1.90735e-07
      vertex -8.1391 -12.181 1.90735e-07
      vertex -8.30577 -12.4305 0.3
    endloop
  endfacet
  facet normal 0.985266 -0.171029 0
    outer loop
      vertex 14.6627 -2.9166 0.600001
      vertex 14.7882 -2.19362 0.3
      vertex 14.7882 -2.19362 0.600001
    endloop
  endfacet
  facet normal 0.985266 -0.171029 0
    outer loop
      vertex 14.7882 -2.19362 0.3
      vertex 14.6627 -2.9166 0.600001
      vertex 14.6627 -2.9166 0.3
    endloop
  endfacet
  facet normal -0.696739 0.120945 -0.707055
    outer loop
      vertex -14.7882 2.19362 0.3
      vertex -14.6627 2.9166 0.3
      vertex -14.4914 2.1496 1.90735e-07
    endloop
  endfacet
  facet normal 0.681602 0.188643 -0.706988
    outer loop
      vertex 14.0192 4.25267 1.90735e-07
      vertex 14.502 3.63255 0.3
      vertex 14.211 3.55966 1.90735e-07
    endloop
  endfacet
  facet normal 0.681602 -0.188643 -0.706988
    outer loop
      vertex 14.0192 -4.25267 1.90735e-07
      vertex 14.211 -3.55966 1.90735e-07
      vertex 14.502 -3.63255 0.3
    endloop
  endfacet
  facet normal -0.59744 -0.37833 -0.707059
    outer loop
      vertex -12.5657 -7.5316 1.90735e-07
      vertex -12.181 -8.1391 1.90735e-07
      vertex -12.4305 -8.30577 0.3
    endloop
  endfacet
  facet normal -0.705342 -0.052032 -0.706955
    outer loop
      vertex -14.932 -0.733562 0.3
      vertex -14.6324 -0.718841 1.90735e-07
      vertex -14.5795 -1.43595 1.90735e-07
    endloop
  endfacet
  facet normal -0.188607 0.681577 0.707023
    outer loop
      vertex -4.33976 14.3063 0.600001
      vertex -4.16558 13.7321 1.2
      vertex -3.63255 14.502 0.600001
    endloop
  endfacet
  facet normal 0.535489 -0.461943 -0.707008
    outer loop
      vertex 10.8549 -9.83834 1.90735e-07
      vertex 11.3246 -9.29386 1.90735e-07
      vertex 11.0772 -10.0398 0.3
    endloop
  endfacet
  facet normal 0.681577 0.188607 -0.707022
    outer loop
      vertex 14.0192 4.25267 1.90735e-07
      vertex 14.3063 4.33976 0.3
      vertex 14.502 3.63255 0.3
    endloop
  endfacet
  facet normal 0.0520448 0.705301 0.706995
    outer loop
      vertex 0.733562 14.932 0.600001
      vertex 1.40655 14.2809 1.2
      vertex 1.46536 14.878 0.600001
    endloop
  endfacet
  facet normal -0.671469 0.221866 -0.70704
    outer loop
      vertex -14.0761 5.0365 0.3
      vertex -13.7936 4.93544 1.90735e-07
      vertex -14.0192 4.25267 1.90735e-07
    endloop
  endfacet
  facet normal 0.435107 -0.557525 -0.706999
    outer loop
      vertex 8.72699 -11.767 1.90735e-07
      vertex 9.29386 -11.3246 1.90735e-07
      vertex 9.48418 -11.5565 0.3
    endloop
  endfacet
  facet normal -0.690053 -0.155039 0.706958
    outer loop
      vertex -14.6627 -2.9166 0.600001
      vertex -13.9199 -3.48676 1.2
      vertex -14.0743 -2.79955 1.2
    endloop
  endfacet
  facet normal -0.492916 0.870077 0
    outer loop
      vertex -7.04738 13.1847 0.3
      vertex -7.68584 12.823 0.600001
      vertex -7.04738 13.1847 0.600001
    endloop
  endfacet
  facet normal -0.492916 0.870077 0
    outer loop
      vertex -7.68584 12.823 0.600001
      vertex -7.04738 13.1847 0.3
      vertex -7.68584 12.823 0.3
    endloop
  endfacet
  facet normal -0.4876 0.512231 0.707012
    outer loop
      vertex -10.147 10.147 1.2
      vertex -9.63687 10.6326 1.2
      vertex -10.0398 11.0772 0.600001
    endloop
  endfacet
  facet normal -0.378318 0.597531 -0.706988
    outer loop
      vertex -8.30577 12.4305 0.3
      vertex -7.68584 12.823 0.3
      vertex -7.5316 12.5657 1.90735e-07
    endloop
  endfacet
  facet normal 0.631683 -0.317948 -0.707026
    outer loop
      vertex 12.9201 -6.90596 1.90735e-07
      vertex 13.5146 -6.39195 0.3
      vertex 13.1847 -7.04738 0.3
    endloop
  endfacet
  facet normal -0.597496 -0.378323 0.707015
    outer loop
      vertex -12.4305 -8.30577 0.600001
      vertex -11.9399 -7.97799 1.19
      vertex -12.3104 -7.39285 1.19
    endloop
  endfacet
  facet normal -0.597492 0.37834 0.707009
    outer loop
      vertex -12.4305 8.30577 0.600001
      vertex -12.3084 7.37737 1.2
      vertex -11.9316 7.97243 1.2
    endloop
  endfacet
  facet normal -0.5144 -0.485501 0.706881
    outer loop
      vertex -10.1625 -10.1452 1.19
      vertex -10.5712 -10.5712 0.600001
      vertex -10.1541 -10.1541 1.19
    endloop
  endfacet
  facet normal -0.512199 -0.487716 0.706955
    outer loop
      vertex -10.5712 -10.5712 0.600001
      vertex -10.1625 -10.1452 1.19
      vertex -11.0772 -10.0398 0.600001
    endloop
  endfacet
  facet normal -0.0866556 -0.70195 -0.706935
    outer loop
      vertex -2.1496 -14.4914 1.90735e-07
      vertex -1.43595 -14.5795 1.90735e-07
      vertex -1.46536 -14.878 0.3
    endloop
  endfacet
  facet normal 0.696845 -0.120899 0.706959
    outer loop
      vertex 14.0743 -2.79955 1.2
      vertex 14.6627 -2.9166 0.600001
      vertex 14.1947 -2.10558 1.2
    endloop
  endfacet
  facet normal 0.788314 -0.615274 0
    outer loop
      vertex 11.5565 -9.48418 0.600001
      vertex 12.008 -8.9057 0.3
      vertex 12.008 -8.9057 0.600001
    endloop
  endfacet
  facet normal 0.788314 -0.615274 0
    outer loop
      vertex 12.008 -8.9057 0.3
      vertex 11.5565 -9.48418 0.600001
      vertex 11.5565 -9.48418 0.3
    endloop
  endfacet
  facet normal 0.557478 -0.435108 0.707036
    outer loop
      vertex 11.526 -8.54828 1.2
      vertex 11.5565 -9.48418 0.600001
      vertex 12.008 -8.9057 0.600001
    endloop
  endfacet
  facet normal -0.65978 -0.254522 -0.707043
    outer loop
      vertex -13.812 -5.72112 0.3
      vertex -13.7936 -4.93544 1.90735e-07
      vertex -13.5348 -5.60631 1.90735e-07
    endloop
  endfacet
  facet normal 0.407242 -0.578181 0.707009
    outer loop
      vertex 7.97243 -11.9316 1.2
      vertex 8.30577 -12.4305 0.600001
      vertex 8.54828 -11.526 1.2
    endloop
  endfacet
  facet normal -0.671545 0.22181 0.706985
    outer loop
      vertex -14.0761 5.0365 0.600001
      vertex -13.7321 4.16558 1.2
      vertex -13.5112 4.83437 1.2
    endloop
  endfacet
  facet normal 0.35991 0.932987 -0
    outer loop
      vertex 5.72112 13.812 0.3
      vertex 5.0365 14.0761 0.600001
      vertex 5.72112 13.812 0.600001
    endloop
  endfacet
  facet normal 0.35991 0.932987 0
    outer loop
      vertex 5.0365 14.0761 0.600001
      vertex 5.72112 13.812 0.3
      vertex 5.0365 14.0761 0.3
    endloop
  endfacet
  facet normal 0.0520491 -0.70536 -0.706936
    outer loop
      vertex 0.733562 -14.932 0.3
      vertex 1.43595 -14.5795 1.90735e-07
      vertex 1.46536 -14.878 0.3
    endloop
  endfacet
  facet normal 0.407186 -0.578185 0.707037
    outer loop
      vertex 8.30577 -12.4305 0.600001
      vertex 8.9057 -12.008 0.600001
      vertex 8.54828 -11.526 1.2
    endloop
  endfacet
  facet normal 0.597492 -0.37834 0.707009
    outer loop
      vertex 11.9316 -7.97243 1.2
      vertex 12.4305 -8.30577 0.600001
      vertex 12.3084 -7.37737 1.2
    endloop
  endfacet
  facet normal 0.122381 -0.992483 0
    outer loop
      vertex 1.46536 -14.878 0.3
      vertex 2.19362 -14.7882 0.600001
      vertex 1.46536 -14.878 0.600001
    endloop
  endfacet
  facet normal 0.122381 -0.992483 0
    outer loop
      vertex 2.19362 -14.7882 0.600001
      vertex 1.46536 -14.878 0.3
      vertex 2.19362 -14.7882 0.3
    endloop
  endfacet
  facet normal -0.0520448 -0.705301 0.706995
    outer loop
      vertex -1.46536 -14.878 0.600001
      vertex -0.733562 -14.932 0.600001
      vertex -1.40655 -14.2809 1.2
    endloop
  endfacet
  facet normal 0.188607 -0.681577 0.707023
    outer loop
      vertex 3.63255 -14.502 0.600001
      vertex 4.33976 -14.3063 0.600001
      vertex 4.16558 -13.7321 1.2
    endloop
  endfacet
  facet normal 0.286609 -0.646489 -0.707041
    outer loop
      vertex 5.60631 -13.5348 1.90735e-07
      vertex 6.39195 -13.5146 0.3
      vertex 5.72112 -13.812 0.3
    endloop
  endfacet
  facet normal -0.512231 0.4876 0.707012
    outer loop
      vertex -11.0772 10.0398 0.600001
      vertex -10.6326 9.63687 1.2
      vertex -10.147 10.147 1.2
    endloop
  endfacet
  facet normal 0.59752 0.378311 0.707001
    outer loop
      vertex 12.3104 7.39285 1.19
      vertex 12.823 7.68584 0.600001
      vertex 12.4305 8.30577 0.600001
    endloop
  endfacet
  facet normal 0.596176 0.380538 0.70694
    outer loop
      vertex 12.823 7.68584 0.600001
      vertex 12.3104 7.39285 1.19
      vertex 12.317 7.38251 1.19
    endloop
  endfacet
  facet normal 0.631683 0.317948 -0.707026
    outer loop
      vertex 12.9201 6.90596 1.90735e-07
      vertex 13.1847 7.04738 0.3
      vertex 13.5146 6.39195 0.3
    endloop
  endfacet
  facet normal -0.0173707 0.707 0.707001
    outer loop
      vertex -0.704121 14.3327 1.2
      vertex 0 14.35 1.2
      vertex 0 14.95 0.600001
    endloop
  endfacet
  facet normal 0.949517 0.313716 0
    outer loop
      vertex 14.3063 4.33976 0.600001
      vertex 14.0761 5.0365 0.3
      vertex 14.0761 5.0365 0.600001
    endloop
  endfacet
  facet normal 0.949517 0.313716 0
    outer loop
      vertex 14.0761 5.0365 0.3
      vertex 14.3063 4.33976 0.600001
      vertex 14.3063 4.33976 0.3
    endloop
  endfacet
  facet normal 0.646489 0.286609 -0.707041
    outer loop
      vertex 13.5146 6.39195 0.3
      vertex 13.812 5.72112 0.3
      vertex 13.5348 5.60631 1.90735e-07
    endloop
  endfacet
  facet normal -0.449594 -0.893233 0
    outer loop
      vertex -7.04738 -13.1847 0.3
      vertex -6.39195 -13.5146 0.600001
      vertex -7.04738 -13.1847 0.600001
    endloop
  endfacet
  facet normal -0.449594 -0.893233 -0
    outer loop
      vertex -6.39195 -13.5146 0.600001
      vertex -7.04738 -13.1847 0.3
      vertex -6.39195 -13.5146 0.3
    endloop
  endfacet
  facet normal -0.266698 0.96378 0
    outer loop
      vertex -3.63255 14.502 0.3
      vertex -4.33976 14.3063 0.600001
      vertex -3.63255 14.502 0.600001
    endloop
  endfacet
  facet normal -0.266698 0.96378 0
    outer loop
      vertex -4.33976 14.3063 0.600001
      vertex -3.63255 14.502 0.3
      vertex -4.33976 14.3063 0.3
    endloop
  endfacet
  facet normal -0.7019 0.0865496 0.706997
    outer loop
      vertex -14.878 1.46536 0.600001
      vertex -14.1947 2.10558 1.2
      vertex -14.7882 2.19362 0.600001
    endloop
  endfacet
  facet normal -0.975723 0.219008 0
    outer loop
      vertex -14.6627 2.9166 0.3
      vertex -14.502 3.63255 0.600001
      vertex -14.502 3.63255 0.3
    endloop
  endfacet
  facet normal -0.975723 0.219008 0
    outer loop
      vertex -14.502 3.63255 0.600001
      vertex -14.6627 2.9166 0.3
      vertex -14.6627 2.9166 0.600001
    endloop
  endfacet
  facet normal -0.681563 0.188559 0.707048
    outer loop
      vertex -14.502 3.63255 0.600001
      vertex -13.9199 3.48676 1.2
      vertex -13.7321 4.16558 1.2
    endloop
  endfacet
  facet normal -0.449594 0.893233 0
    outer loop
      vertex -6.39195 13.5146 0.3
      vertex -7.04738 13.1847 0.600001
      vertex -6.39195 13.5146 0.600001
    endloop
  endfacet
  facet normal -0.449594 0.893233 0
    outer loop
      vertex -7.04738 13.1847 0.600001
      vertex -6.39195 13.5146 0.3
      vertex -7.04738 13.1847 0.3
    endloop
  endfacet
  facet normal 0.154875 0.689999 0.707047
    outer loop
      vertex 2.9166 14.6627 0.600001
      vertex 3.48676 13.9199 1.2
      vertex 3.63255 14.502 0.600001
    endloop
  endfacet
  facet normal -0.788314 -0.615274 0
    outer loop
      vertex -11.5565 -9.48418 0.3
      vertex -12.008 -8.9057 0.600001
      vertex -12.008 -8.9057 0.3
    endloop
  endfacet
  facet normal -0.788314 -0.615274 0
    outer loop
      vertex -12.008 -8.9057 0.600001
      vertex -11.5565 -9.48418 0.3
      vertex -11.5565 -9.48418 0.600001
    endloop
  endfacet
  facet normal -0.615335 0.348619 0.706985
    outer loop
      vertex -12.823 7.68584 0.600001
      vertex -12.6556 6.76454 1.2
      vertex -12.3084 7.37737 1.2
    endloop
  endfacet
  facet normal 0.696739 -0.120945 -0.707055
    outer loop
      vertex 14.4914 -2.1496 1.90735e-07
      vertex 14.7882 -2.19362 0.3
      vertex 14.6627 -2.9166 0.3
    endloop
  endfacet
  facet normal -0.992483 -0.122381 0
    outer loop
      vertex -14.7882 -2.19362 0.3
      vertex -14.878 -1.46536 0.600001
      vertex -14.878 -1.46536 0.3
    endloop
  endfacet
  facet normal -0.992483 -0.122381 0
    outer loop
      vertex -14.878 -1.46536 0.600001
      vertex -14.7882 -2.19362 0.3
      vertex -14.7882 -2.19362 0.600001
    endloop
  endfacet
  facet normal 0.487681 0.512161 -0.707006
    outer loop
      vertex 9.83834 10.8549 1.90735e-07
      vertex 10.0398 11.0772 0.3
      vertex 10.5712 10.5712 0.3
    endloop
  endfacet
  facet normal 0.689587 0.724203 -0
    outer loop
      vertex 10.5712 10.5712 0.3
      vertex 10.0398 11.0772 0.600001
      vertex 10.5712 10.5712 0.600001
    endloop
  endfacet
  facet normal 0.689587 0.724203 0
    outer loop
      vertex 10.0398 11.0772 0.600001
      vertex 10.5712 10.5712 0.3
      vertex 10.0398 11.0772 0.3
    endloop
  endfacet
  facet normal 0.70536 0.0520491 -0.706936
    outer loop
      vertex 14.5795 1.43595 1.90735e-07
      vertex 14.878 1.46536 0.3
      vertex 14.932 0.733562 0.3
    endloop
  endfacet
  facet normal -0.487681 -0.512161 -0.707006
    outer loop
      vertex -10.5712 -10.5712 0.3
      vertex -9.83834 -10.8549 1.90735e-07
      vertex -10.0398 -11.0772 0.3
    endloop
  endfacet
  facet normal -0.757196 -0.653188 0
    outer loop
      vertex -11.0772 -10.0398 0.3
      vertex -11.5565 -9.48418 0.600001
      vertex -11.5565 -9.48418 0.3
    endloop
  endfacet
  facet normal -0.757196 -0.653188 0
    outer loop
      vertex -11.5565 -9.48418 0.600001
      vertex -11.0772 -10.0398 0.3
      vertex -11.0772 -10.0398 0.600001
    endloop
  endfacet
  facet normal -0.5355 0.461943 0.706999
    outer loop
      vertex -11.5565 9.48418 0.600001
      vertex -11.0927 9.10354 1.2
      vertex -11.0772 10.0398 0.600001
    endloop
  endfacet
  facet normal 0.37834 -0.597492 0.707009
    outer loop
      vertex 7.37737 -12.3084 1.2
      vertex 8.30577 -12.4305 0.600001
      vertex 7.97243 -11.9316 1.2
    endloop
  endfacet
  facet normal -0.671545 -0.22181 0.706985
    outer loop
      vertex -14.0761 -5.0365 0.600001
      vertex -13.5112 -4.83437 1.2
      vertex -13.7321 -4.16558 1.2
    endloop
  endfacet
  facet normal -0.70195 -0.0866556 -0.706935
    outer loop
      vertex -14.878 -1.46536 0.3
      vertex -14.5795 -1.43595 1.90735e-07
      vertex -14.4914 -2.1496 1.90735e-07
    endloop
  endfacet
  facet normal 0.646533 -0.286596 -0.707006
    outer loop
      vertex 13.2434 -6.26368 1.90735e-07
      vertex 13.5348 -5.60631 1.90735e-07
      vertex 13.5146 -6.39195 0.3
    endloop
  endfacet
  facet normal 0.0173707 0.707 0.707001
    outer loop
      vertex 0 14.35 1.2
      vertex 0.704121 14.3327 1.2
      vertex 0 14.95 0.600001
    endloop
  endfacet
  facet normal -0.512238 0.487686 -0.706947
    outer loop
      vertex -10.8549 9.83834 1.90735e-07
      vertex -10.5712 10.5712 0.3
      vertex -10.3591 10.3591 1.90735e-07
    endloop
  endfacet
  facet normal 0.985266 0.171029 0
    outer loop
      vertex 14.7882 2.19362 0.600001
      vertex 14.6627 2.9166 0.3
      vertex 14.6627 2.9166 0.600001
    endloop
  endfacet
  facet normal 0.985266 0.171029 0
    outer loop
      vertex 14.6627 2.9166 0.3
      vertex 14.7882 2.19362 0.600001
      vertex 14.7882 2.19362 0.3
    endloop
  endfacet
  facet normal 0.578178 -0.407161 -0.707057
    outer loop
      vertex 11.767 -8.72699 1.90735e-07
      vertex 12.181 -8.1391 1.90735e-07
      vertex 12.4305 -8.30577 0.3
    endloop
  endfacet
  facet normal -0.706987 0.0173479 0.707014
    outer loop
      vertex -14.95 0 0.600001
      vertex -14.3327 0.704121 1.2
      vertex -14.932 0.733562 0.600001
    endloop
  endfacet
  facet normal -0.705284 0.0520105 0.707014
    outer loop
      vertex -14.932 0.733562 0.600001
      vertex -14.3327 0.704121 1.2
      vertex -14.2809 1.40655 1.2
    endloop
  endfacet
  facet normal -0.461944 0.5355 -0.706999
    outer loop
      vertex -10.0398 11.0772 0.3
      vertex -9.48418 11.5565 0.3
      vertex -9.29386 11.3246 1.90735e-07
    endloop
  endfacet
  facet normal 0.671545 0.22181 0.706985
    outer loop
      vertex 13.5112 4.83437 1.2
      vertex 13.7321 4.16558 1.2
      vertex 14.0761 5.0365 0.600001
    endloop
  endfacet
  facet normal 0.578181 -0.407242 0.707009
    outer loop
      vertex 11.526 -8.54828 1.2
      vertex 12.4305 -8.30577 0.600001
      vertex 11.9316 -7.97243 1.2
    endloop
  endfacet
  facet normal 0.65978 0.254522 -0.707043
    outer loop
      vertex 13.5348 5.60631 1.90735e-07
      vertex 13.812 5.72112 0.3
      vertex 13.7936 4.93544 1.90735e-07
    endloop
  endfacet
  facet normal -0.67149 -0.221858 -0.707022
    outer loop
      vertex -14.3063 -4.33976 0.3
      vertex -14.0192 -4.25267 1.90735e-07
      vertex -14.0761 -5.0365 0.3
    endloop
  endfacet
  facet normal -0.681577 -0.188607 0.707023
    outer loop
      vertex -14.502 -3.63255 0.600001
      vertex -14.3063 -4.33976 0.600001
      vertex -13.7321 -4.16558 1.2
    endloop
  endfacet
  facet normal -0.435108 0.557478 -0.707035
    outer loop
      vertex -9.48418 11.5565 0.3
      vertex -8.9057 12.008 0.3
      vertex -8.72699 11.767 1.90735e-07
    endloop
  endfacet
  facet normal 0.557525 0.435107 -0.706999
    outer loop
      vertex 11.3246 9.29386 1.90735e-07
      vertex 11.5565 9.48418 0.3
      vertex 11.767 8.72699 1.90735e-07
    endloop
  endfacet
  facet normal 0.35991 -0.932987 0
    outer loop
      vertex 5.0365 -14.0761 0.3
      vertex 5.72112 -13.812 0.600001
      vertex 5.0365 -14.0761 0.600001
    endloop
  endfacet
  facet normal 0.35991 -0.932987 0
    outer loop
      vertex 5.72112 -13.812 0.600001
      vertex 5.0365 -14.0761 0.3
      vertex 5.72112 -13.812 0.3
    endloop
  endfacet
  facet normal -0.689999 -0.154875 0.707047
    outer loop
      vertex -14.6627 -2.9166 0.600001
      vertex -14.502 -3.63255 0.600001
      vertex -13.9199 -3.48676 1.2
    endloop
  endfacet
  facet normal -0.701843 0.0865425 -0.707055
    outer loop
      vertex -14.878 1.46536 0.3
      vertex -14.7882 2.19362 0.3
      vertex -14.4914 2.1496 1.90735e-07
    endloop
  endfacet
  facet normal 0.0520105 -0.705284 0.707014
    outer loop
      vertex 0.704121 -14.3327 1.2
      vertex 0.733562 -14.932 0.600001
      vertex 1.40655 -14.2809 1.2
    endloop
  endfacet
  facet normal 0.689999 0.154875 0.707047
    outer loop
      vertex 13.9199 3.48676 1.2
      vertex 14.6627 2.9166 0.600001
      vertex 14.502 3.63255 0.600001
    endloop
  endfacet
  facet normal -0.893233 -0.449594 0
    outer loop
      vertex -13.1847 -7.04738 0.3
      vertex -13.5146 -6.39195 0.600001
      vertex -13.5146 -6.39195 0.3
    endloop
  endfacet
  facet normal -0.893233 -0.449594 0
    outer loop
      vertex -13.5146 -6.39195 0.600001
      vertex -13.1847 -7.04738 0.3
      vertex -13.1847 -7.04738 0.600001
    endloop
  endfacet
  facet normal -0.615342 0.348603 -0.706987
    outer loop
      vertex -13.1847 7.04738 0.3
      vertex -12.823 7.68584 0.3
      vertex -12.5657 7.5316 1.90735e-07
    endloop
  endfacet
  facet normal -0.659786 -0.25452 -0.707038
    outer loop
      vertex -14.0761 -5.0365 0.3
      vertex -13.7936 -4.93544 1.90735e-07
      vertex -13.812 -5.72112 0.3
    endloop
  endfacet
  facet normal 0.690078 0.154916 -0.706961
    outer loop
      vertex 14.211 3.55966 1.90735e-07
      vertex 14.6627 2.9166 0.3
      vertex 14.3685 2.85807 1.90735e-07
    endloop
  endfacet
  facet normal 0.659786 0.25452 -0.707038
    outer loop
      vertex 13.7936 4.93544 1.90735e-07
      vertex 13.812 5.72112 0.3
      vertex 14.0761 5.0365 0.3
    endloop
  endfacet
  facet normal 0.59744 0.37833 -0.707059
    outer loop
      vertex 12.181 8.1391 1.90735e-07
      vertex 12.4305 8.30577 0.3
      vertex 12.5657 7.5316 1.90735e-07
    endloop
  endfacet
  facet normal 0.615342 0.348603 -0.706987
    outer loop
      vertex 12.5657 7.5316 1.90735e-07
      vertex 12.823 7.68584 0.3
      vertex 13.1847 7.04738 0.3
    endloop
  endfacet
  facet normal 0.461944 0.5355 -0.706999
    outer loop
      vertex 9.29386 11.3246 1.90735e-07
      vertex 9.48418 11.5565 0.3
      vertex 10.0398 11.0772 0.3
    endloop
  endfacet
  facet normal -0.557478 0.435108 -0.707035
    outer loop
      vertex -12.008 8.9057 0.3
      vertex -11.5565 9.48418 0.3
      vertex -11.767 8.72699 1.90735e-07
    endloop
  endfacet
  facet normal -0.646533 -0.286596 -0.707006
    outer loop
      vertex -13.5348 -5.60631 1.90735e-07
      vertex -13.2434 -6.26368 1.90735e-07
      vertex -13.5146 -6.39195 0.3
    endloop
  endfacet
  facet normal 0.286596 0.646533 -0.707006
    outer loop
      vertex 5.60631 13.5348 1.90735e-07
      vertex 6.39195 13.5146 0.3
      vertex 6.26368 13.2434 1.90735e-07
    endloop
  endfacet
  facet normal -0.615324 -0.348556 -0.707026
    outer loop
      vertex -13.1847 -7.04738 0.3
      vertex -12.9201 -6.90596 1.90735e-07
      vertex -12.5657 -7.5316 1.90735e-07
    endloop
  endfacet
  facet normal 0.0173494 -0.707046 -0.706955
    outer loop
      vertex 0 -14.95 0.3
      vertex 0.718841 -14.6324 1.90735e-07
      vertex 0.733562 -14.932 0.3
    endloop
  endfacet
  facet normal 0.681577 -0.188607 0.707023
    outer loop
      vertex 13.7321 -4.16558 1.2
      vertex 14.3063 -4.33976 0.600001
      vertex 14.502 -3.63255 0.600001
    endloop
  endfacet
  facet normal 0.96378 -0.266698 0
    outer loop
      vertex 14.3063 -4.33976 0.600001
      vertex 14.502 -3.63255 0.3
      vertex 14.502 -3.63255 0.600001
    endloop
  endfacet
  facet normal 0.96378 -0.266698 0
    outer loop
      vertex 14.502 -3.63255 0.3
      vertex 14.3063 -4.33976 0.600001
      vertex 14.3063 -4.33976 0.3
    endloop
  endfacet
  facet normal -0.461944 -0.5355 -0.706999
    outer loop
      vertex -10.0398 -11.0772 0.3
      vertex -9.29386 -11.3246 1.90735e-07
      vertex -9.48418 -11.5565 0.3
    endloop
  endfacet
  facet normal -0.646523 0.286624 0.707004
    outer loop
      vertex -13.812 5.72112 0.600001
      vertex -12.9722 6.13542 1.2
      vertex -13.5146 6.39195 0.600001
    endloop
  endfacet
  facet normal -0.597533 0.37832 0.706986
    outer loop
      vertex -12.823 7.68584 0.600001
      vertex -12.3084 7.37737 1.2
      vertex -12.4305 8.30577 0.600001
    endloop
  endfacet
  facet normal 0.37833 0.59744 -0.707059
    outer loop
      vertex 7.5316 12.5657 1.90735e-07
      vertex 8.30577 12.4305 0.3
      vertex 8.1391 12.181 1.90735e-07
    endloop
  endfacet
  facet normal 0.286661 0.646528 0.706985
    outer loop
      vertex 5.49151 13.2577 1.2
      vertex 6.13542 12.9722 1.2
      vertex 5.72112 13.812 0.600001
    endloop
  endfacet
  facet normal -0.5355 0.461944 -0.706999
    outer loop
      vertex -11.5565 9.48418 0.3
      vertex -11.0772 10.0398 0.3
      vertex -11.3246 9.29386 1.90735e-07
    endloop
  endfacet
  facet normal -0.407186 0.578185 -0.707037
    outer loop
      vertex -8.9057 12.008 0.3
      vertex -8.30577 12.4305 0.3
      vertex -8.72699 11.767 1.90735e-07
    endloop
  endfacet
  facet normal 0.557478 -0.435108 -0.707035
    outer loop
      vertex 11.5565 -9.48418 0.3
      vertex 11.767 -8.72699 1.90735e-07
      vertex 12.008 -8.9057 0.3
    endloop
  endfacet
  facet normal -0.0245304 0.999699 0
    outer loop
      vertex 0 14.95 0.3
      vertex -0.733562 14.932 0.600001
      vertex 0 14.95 0.600001
    endloop
  endfacet
  facet normal -0.0245304 0.999699 0
    outer loop
      vertex -0.733562 14.932 0.600001
      vertex 0 14.95 0.3
      vertex -0.733562 14.932 0.3
    endloop
  endfacet
  facet normal 0.701843 -0.0865425 -0.707055
    outer loop
      vertex 14.4914 -2.1496 1.90735e-07
      vertex 14.878 -1.46536 0.3
      vertex 14.7882 -2.19362 0.3
    endloop
  endfacet
  facet normal 0.0520491 0.70536 -0.706936
    outer loop
      vertex 0.733562 14.932 0.3
      vertex 1.46536 14.878 0.3
      vertex 1.43595 14.5795 1.90735e-07
    endloop
  endfacet
  facet normal 0.188607 -0.681577 -0.707022
    outer loop
      vertex 3.63255 -14.502 0.3
      vertex 4.25267 -14.0192 1.90735e-07
      vertex 4.33976 -14.3063 0.3
    endloop
  endfacet
  facet normal -0.487686 -0.512238 -0.706947
    outer loop
      vertex -10.5712 -10.5712 0.3
      vertex -10.3591 -10.3591 1.90735e-07
      vertex -9.83834 -10.8549 1.90735e-07
    endloop
  endfacet
  facet normal 0.188607 0.681577 -0.707022
    outer loop
      vertex 3.63255 14.502 0.3
      vertex 4.33976 14.3063 0.3
      vertex 4.25267 14.0192 1.90735e-07
    endloop
  endfacet
  facet normal 0.435108 -0.557478 -0.707035
    outer loop
      vertex 8.72699 -11.767 1.90735e-07
      vertex 9.48418 -11.5565 0.3
      vertex 8.9057 -12.008 0.3
    endloop
  endfacet
  facet normal 0.671469 -0.221866 -0.70704
    outer loop
      vertex 13.7936 -4.93544 1.90735e-07
      vertex 14.0192 -4.25267 1.90735e-07
      vertex 14.0761 -5.0365 0.3
    endloop
  endfacet
  facet normal 0.219008 0.975723 -0
    outer loop
      vertex 3.63255 14.502 0.3
      vertex 2.9166 14.6627 0.600001
      vertex 3.63255 14.502 0.600001
    endloop
  endfacet
  facet normal 0.219008 0.975723 0
    outer loop
      vertex 2.9166 14.6627 0.600001
      vertex 3.63255 14.502 0.3
      vertex 2.9166 14.6627 0.3
    endloop
  endfacet
  facet normal 0.0520105 0.705284 0.707014
    outer loop
      vertex 0.704121 14.3327 1.2
      vertex 1.40655 14.2809 1.2
      vertex 0.733562 14.932 0.600001
    endloop
  endfacet
  facet normal 0.348609 -0.615353 0.706974
    outer loop
      vertex 6.76454 -12.6556 1.2
      vertex 7.04738 -13.1847 0.600001
      vertex 7.68584 -12.823 0.600001
    endloop
  endfacet
  facet normal 0.286596 -0.646533 -0.707006
    outer loop
      vertex 5.60631 -13.5348 1.90735e-07
      vertex 6.26368 -13.2434 1.90735e-07
      vertex 6.39195 -13.5146 0.3
    endloop
  endfacet
  facet normal 0.37833 -0.59744 -0.707059
    outer loop
      vertex 7.5316 -12.5657 1.90735e-07
      vertex 8.1391 -12.181 1.90735e-07
      vertex 8.30577 -12.4305 0.3
    endloop
  endfacet
  facet normal 0.461943 -0.535489 -0.707008
    outer loop
      vertex 9.29386 -11.3246 1.90735e-07
      vertex 9.83834 -10.8549 1.90735e-07
      vertex 10.0398 -11.0772 0.3
    endloop
  endfacet
  facet normal -0.254539 -0.659834 0.706986
    outer loop
      vertex -5.72112 -13.812 0.600001
      vertex -4.83437 -13.5112 1.2
      vertex -5.49151 -13.2577 1.2
    endloop
  endfacet
  facet normal -0.286661 -0.646528 0.706985
    outer loop
      vertex -6.13542 -12.9722 1.2
      vertex -5.72112 -13.812 0.600001
      vertex -5.49151 -13.2577 1.2
    endloop
  endfacet
  facet normal 0.597496 0.378323 0.707015
    outer loop
      vertex 11.9399 7.97799 1.19
      vertex 12.3104 7.39285 1.19
      vertex 12.4305 8.30577 0.600001
    endloop
  endfacet
  facet normal 0.615359 0.348613 0.706968
    outer loop
      vertex 12.6584 6.7799 1.19
      vertex 13.1847 7.04738 0.600001
      vertex 12.823 7.68584 0.600001
    endloop
  endfacet
  facet normal 0.61602 0.34738 0.706998
    outer loop
      vertex 13.1847 7.04738 0.600001
      vertex 12.6584 6.7799 1.19
      vertex 12.6644 6.76926 1.19
    endloop
  endfacet
  facet normal 0.407242 0.578181 0.707009
    outer loop
      vertex 7.97243 11.9316 1.2
      vertex 8.54828 11.526 1.2
      vertex 8.30577 12.4305 0.600001
    endloop
  endfacet
  facet normal 0.701902 -0.0865542 0.706995
    outer loop
      vertex 14.1947 -2.10558 1.2
      vertex 14.878 -1.46536 0.600001
      vertex 14.2809 -1.40655 1.2
    endloop
  endfacet
  facet normal 0.0173479 -0.706987 0.707014
    outer loop
      vertex 0 -14.95 0.600001
      vertex 0.733562 -14.932 0.600001
      vertex 0.704121 -14.3327 1.2
    endloop
  endfacet
  facet normal -0.557544 0.435082 0.706999
    outer loop
      vertex -11.5565 9.48418 0.600001
      vertex -11.526 8.54828 1.2
      vertex -11.0927 9.10354 1.2
    endloop
  endfacet
  facet normal 0.512204 -0.487721 0.706948
    outer loop
      vertex 10.147 -10.147 1.2
      vertex 10.5712 -10.5712 0.600001
      vertex 11.0772 -10.0398 0.600001
    endloop
  endfacet
  facet normal 0.0866556 0.70195 -0.706935
    outer loop
      vertex 1.43595 14.5795 1.90735e-07
      vertex 1.46536 14.878 0.3
      vertex 2.1496 14.4914 1.90735e-07
    endloop
  endfacet
  facet normal 0.578178 0.407161 -0.707057
    outer loop
      vertex 11.767 8.72699 1.90735e-07
      vertex 12.4305 8.30577 0.3
      vertex 12.181 8.1391 1.90735e-07
    endloop
  endfacet
  facet normal 0.557478 0.435108 -0.707035
    outer loop
      vertex 11.5565 9.48418 0.3
      vertex 12.008 8.9057 0.3
      vertex 11.767 8.72699 1.90735e-07
    endloop
  endfacet
  facet normal 0.348556 -0.615324 -0.707026
    outer loop
      vertex 6.90596 -12.9201 1.90735e-07
      vertex 7.5316 -12.5657 1.90735e-07
      vertex 7.04738 -13.1847 0.3
    endloop
  endfacet
  facet normal 0.487686 -0.512238 -0.706947
    outer loop
      vertex 9.83834 -10.8549 1.90735e-07
      vertex 10.3591 -10.3591 1.90735e-07
      vertex 10.5712 -10.5712 0.3
    endloop
  endfacet
  facet normal 0.317925 -0.631754 0.706973
    outer loop
      vertex 6.13542 -12.9722 1.2
      vertex 7.04738 -13.1847 0.600001
      vertex 6.76454 -12.6556 1.2
    endloop
  endfacet
  facet normal -0.681577 0.188607 0.707023
    outer loop
      vertex -14.502 3.63255 0.600001
      vertex -13.7321 4.16558 1.2
      vertex -14.3063 4.33976 0.600001
    endloop
  endfacet
  facet normal -0.266698 -0.96378 0
    outer loop
      vertex -4.33976 -14.3063 0.3
      vertex -3.63255 -14.502 0.600001
      vertex -4.33976 -14.3063 0.600001
    endloop
  endfacet
  facet normal -0.266698 -0.96378 -0
    outer loop
      vertex -3.63255 -14.502 0.600001
      vertex -4.33976 -14.3063 0.3
      vertex -3.63255 -14.502 0.3
    endloop
  endfacet
  facet normal 0.631754 -0.317925 0.706973
    outer loop
      vertex 12.6556 -6.76454 1.2
      vertex 13.1847 -7.04738 0.600001
      vertex 12.9722 -6.13542 1.2
    endloop
  endfacet
  facet normal -0.631703 0.317958 0.707004
    outer loop
      vertex -13.5146 6.39195 0.600001
      vertex -12.9722 6.13542 1.2
      vertex -13.1847 7.04738 0.600001
    endloop
  endfacet
  facet normal 0.435108 -0.557478 0.707036
    outer loop
      vertex 8.54828 -11.526 1.2
      vertex 8.9057 -12.008 0.600001
      vertex 9.48418 -11.5565 0.600001
    endloop
  endfacet
  facet normal 0.61535 0.348618 0.706973
    outer loop
      vertex 12.317 7.38251 1.19
      vertex 12.6584 6.7799 1.19
      vertex 12.823 7.68584 0.600001
    endloop
  endfacet
  facet normal 0.461951 -0.535476 0.707012
    outer loop
      vertex 9.10354 -11.0927 1.2
      vertex 10.0398 -11.0772 0.600001
      vertex 9.63687 -10.6326 1.2
    endloop
  endfacet
  facet normal 0.893233 -0.449594 0
    outer loop
      vertex 13.1847 -7.04738 0.600001
      vertex 13.5146 -6.39195 0.3
      vertex 13.5146 -6.39195 0.600001
    endloop
  endfacet
  facet normal 0.893233 -0.449594 0
    outer loop
      vertex 13.5146 -6.39195 0.3
      vertex 13.1847 -7.04738 0.600001
      vertex 13.1847 -7.04738 0.3
    endloop
  endfacet
  facet normal -0.596176 -0.380538 0.70694
    outer loop
      vertex -12.823 -7.68584 0.600001
      vertex -12.3104 -7.39285 1.19
      vertex -12.317 -7.38251 1.19
    endloop
  endfacet
  facet normal -0.59752 -0.378311 0.707001
    outer loop
      vertex -12.3104 -7.39285 1.19
      vertex -12.823 -7.68584 0.600001
      vertex -12.4305 -8.30577 0.600001
    endloop
  endfacet
  facet normal 0.681563 0.188559 0.707048
    outer loop
      vertex 13.7321 4.16558 1.2
      vertex 13.9199 3.48676 1.2
      vertex 14.502 3.63255 0.600001
    endloop
  endfacet
  facet normal -0.535476 0.461951 0.707012
    outer loop
      vertex -11.0927 9.10354 1.2
      vertex -10.6326 9.63687 1.2
      vertex -11.0772 10.0398 0.600001
    endloop
  endfacet
  facet normal 0.65978 -0.254522 -0.707043
    outer loop
      vertex 13.5348 -5.60631 1.90735e-07
      vertex 13.7936 -4.93544 1.90735e-07
      vertex 13.812 -5.72112 0.3
    endloop
  endfacet
  facet normal 0.120945 -0.696739 -0.707055
    outer loop
      vertex 2.1496 -14.4914 1.90735e-07
      vertex 2.9166 -14.6627 0.3
      vertex 2.19362 -14.7882 0.3
    endloop
  endfacet
  facet normal 0.706987 0.0173479 0.707014
    outer loop
      vertex 14.3327 0.704121 1.2
      vertex 14.95 0 0.600001
      vertex 14.932 0.733562 0.600001
    endloop
  endfacet
  facet normal 0.557526 0.435087 0.707011
    outer loop
      vertex 11.1004 9.10989 1.19
      vertex 11.5265 8.56388 1.19
      vertex 11.5565 9.48418 0.600001
    endloop
  endfacet
  facet normal 0.0865496 -0.7019 0.706997
    outer loop
      vertex 1.46536 -14.878 0.600001
      vertex 2.19362 -14.7882 0.600001
      vertex 2.10558 -14.1947 1.2
    endloop
  endfacet
  facet normal -0.0245304 -0.999699 0
    outer loop
      vertex -0.733562 -14.932 0.3
      vertex 0 -14.95 0.600001
      vertex -0.733562 -14.932 0.600001
    endloop
  endfacet
  facet normal -0.0245304 -0.999699 -0
    outer loop
      vertex 0 -14.95 0.600001
      vertex -0.733562 -14.932 0.3
      vertex 0 -14.95 0.3
    endloop
  endfacet
  facet normal 0.254522 -0.65978 -0.707043
    outer loop
      vertex 4.93544 -13.7936 1.90735e-07
      vertex 5.60631 -13.5348 1.90735e-07
      vertex 5.72112 -13.812 0.3
    endloop
  endfacet
  facet normal 0.512205 0.487688 0.70697
    outer loop
      vertex 10.1625 10.1452 1.19
      vertex 10.6401 9.64359 1.19
      vertex 11.0772 10.0398 0.600001
    endloop
  endfacet
  facet normal 0.696847 0.120884 -0.706959
    outer loop
      vertex 14.3685 2.85807 1.90735e-07
      vertex 14.6627 2.9166 0.3
      vertex 14.4914 2.1496 1.90735e-07
    endloop
  endfacet
  facet normal 0.975723 0.219008 0
    outer loop
      vertex 14.6627 2.9166 0.600001
      vertex 14.502 3.63255 0.3
      vertex 14.502 3.63255 0.600001
    endloop
  endfacet
  facet normal 0.975723 0.219008 0
    outer loop
      vertex 14.502 3.63255 0.3
      vertex 14.6627 2.9166 0.600001
      vertex 14.6627 2.9166 0.3
    endloop
  endfacet
  facet normal 0.96378 0.266698 0
    outer loop
      vertex 14.502 3.63255 0.600001
      vertex 14.3063 4.33976 0.3
      vertex 14.3063 4.33976 0.600001
    endloop
  endfacet
  facet normal 0.96378 0.266698 0
    outer loop
      vertex 14.3063 4.33976 0.3
      vertex 14.502 3.63255 0.600001
      vertex 14.502 3.63255 0.3
    endloop
  endfacet
  facet normal 0.461943 0.5355 0.706999
    outer loop
      vertex 9.10354 11.0927 1.2
      vertex 10.0398 11.0772 0.600001
      vertex 9.48418 11.5565 0.600001
    endloop
  endfacet
  facet normal 0.435082 0.557544 0.706999
    outer loop
      vertex 8.54828 11.526 1.2
      vertex 9.10354 11.0927 1.2
      vertex 9.48418 11.5565 0.600001
    endloop
  endfacet
  facet normal -0.120945 0.696739 -0.707055
    outer loop
      vertex -2.9166 14.6627 0.3
      vertex -2.19362 14.7882 0.3
      vertex -2.1496 14.4914 1.90735e-07
    endloop
  endfacet
  facet normal 0.254539 0.659835 0.706985
    outer loop
      vertex 4.83437 13.5112 1.2
      vertex 5.72112 13.812 0.600001
      vertex 5.0365 14.0761 0.600001
    endloop
  endfacet
  facet normal -0.348556 0.615324 -0.707026
    outer loop
      vertex -7.5316 12.5657 1.90735e-07
      vertex -7.04738 13.1847 0.3
      vertex -6.90596 12.9201 1.90735e-07
    endloop
  endfacet
  facet normal 0.615324 0.348556 -0.707026
    outer loop
      vertex 12.5657 7.5316 1.90735e-07
      vertex 13.1847 7.04738 0.3
      vertex 12.9201 6.90596 1.90735e-07
    endloop
  endfacet
  facet normal -0.690053 0.155039 0.706958
    outer loop
      vertex -14.6627 2.9166 0.600001
      vertex -14.0743 2.79955 1.2
      vertex -13.9199 3.48676 1.2
    endloop
  endfacet
  facet normal -0.689999 0.154875 0.707047
    outer loop
      vertex -14.6627 2.9166 0.600001
      vertex -13.9199 3.48676 1.2
      vertex -14.502 3.63255 0.600001
    endloop
  endfacet
  facet normal 0.254539 -0.659834 0.706986
    outer loop
      vertex 4.83437 -13.5112 1.2
      vertex 5.72112 -13.812 0.600001
      vertex 5.49151 -13.2577 1.2
    endloop
  endfacet
  facet normal 0.492916 -0.870077 0
    outer loop
      vertex 7.04738 -13.1847 0.3
      vertex 7.68584 -12.823 0.600001
      vertex 7.04738 -13.1847 0.600001
    endloop
  endfacet
  facet normal 0.492916 -0.870077 0
    outer loop
      vertex 7.68584 -12.823 0.600001
      vertex 7.04738 -13.1847 0.3
      vertex 7.68584 -12.823 0.3
    endloop
  endfacet
  facet normal 0.0173707 -0.707 0.707001
    outer loop
      vertex 0 -14.95 0.600001
      vertex 0.704121 -14.3327 1.2
      vertex 0 -14.35 1.2
    endloop
  endfacet
  facet normal 0.512199 0.487716 0.706955
    outer loop
      vertex 10.5712 10.5712 0.600001
      vertex 10.1625 10.1452 1.19
      vertex 11.0772 10.0398 0.600001
    endloop
  endfacet
  facet normal 0.5144 0.485501 0.706881
    outer loop
      vertex 10.1625 10.1452 1.19
      vertex 10.5712 10.5712 0.600001
      vertex 10.1541 10.1541 1.19
    endloop
  endfacet
  facet normal 0.724203 0.689587 0
    outer loop
      vertex 11.0772 10.0398 0.600001
      vertex 10.5712 10.5712 0.3
      vertex 10.5712 10.5712 0.600001
    endloop
  endfacet
  facet normal 0.724203 0.689587 0
    outer loop
      vertex 10.5712 10.5712 0.3
      vertex 11.0772 10.0398 0.600001
      vertex 11.0772 10.0398 0.3
    endloop
  endfacet
  facet normal 0.485501 0.5144 0.706881
    outer loop
      vertex 10.5712 10.5712 0.600001
      vertex 10.1452 10.1625 1.19
      vertex 10.1541 10.1541 1.19
    endloop
  endfacet
  facet normal 0.487716 0.512199 0.706955
    outer loop
      vertex 10.1452 10.1625 1.19
      vertex 10.5712 10.5712 0.600001
      vertex 10.0398 11.0772 0.600001
    endloop
  endfacet
  facet normal 0.254539 0.659834 0.706986
    outer loop
      vertex 4.83437 13.5112 1.2
      vertex 5.49151 13.2577 1.2
      vertex 5.72112 13.812 0.600001
    endloop
  endfacet
  facet normal 0.492916 0.870077 -0
    outer loop
      vertex 7.68584 12.823 0.3
      vertex 7.04738 13.1847 0.600001
      vertex 7.68584 12.823 0.600001
    endloop
  endfacet
  facet normal 0.492916 0.870077 0
    outer loop
      vertex 7.04738 13.1847 0.600001
      vertex 7.68584 12.823 0.3
      vertex 7.04738 13.1847 0.3
    endloop
  endfacet
  facet normal 0.681577 0.188607 0.707023
    outer loop
      vertex 13.7321 4.16558 1.2
      vertex 14.502 3.63255 0.600001
      vertex 14.3063 4.33976 0.600001
    endloop
  endfacet
  facet normal -0.221866 0.671469 -0.70704
    outer loop
      vertex -5.0365 14.0761 0.3
      vertex -4.25267 14.0192 1.90735e-07
      vertex -4.93544 13.7936 1.90735e-07
    endloop
  endfacet
  facet normal 0.512161 0.487681 -0.707006
    outer loop
      vertex 10.5712 10.5712 0.3
      vertex 11.0772 10.0398 0.3
      vertex 10.8549 9.83834 1.90735e-07
    endloop
  endfacet
  facet normal 0.653188 0.757196 -0
    outer loop
      vertex 10.0398 11.0772 0.3
      vertex 9.48418 11.5565 0.600001
      vertex 10.0398 11.0772 0.600001
    endloop
  endfacet
  facet normal 0.653188 0.757196 0
    outer loop
      vertex 9.48418 11.5565 0.600001
      vertex 10.0398 11.0772 0.3
      vertex 9.48418 11.5565 0.3
    endloop
  endfacet
  facet normal 0.407186 0.578185 0.707037
    outer loop
      vertex 8.30577 12.4305 0.600001
      vertex 8.54828 11.526 1.2
      vertex 8.9057 12.008 0.600001
    endloop
  endfacet
  facet normal 0.999699 -0.0245304 0
    outer loop
      vertex 14.932 -0.733562 0.600001
      vertex 14.95 0 0.3
      vertex 14.95 0 0.600001
    endloop
  endfacet
  facet normal 0.999699 -0.0245304 0
    outer loop
      vertex 14.95 0 0.3
      vertex 14.932 -0.733562 0.600001
      vertex 14.932 -0.733562 0.3
    endloop
  endfacet
  facet normal -0.348619 0.615335 0.706985
    outer loop
      vertex -7.68584 12.823 0.600001
      vertex -7.37737 12.3084 1.2
      vertex -6.76454 12.6556 1.2
    endloop
  endfacet
  facet normal -0.286596 -0.646533 -0.707006
    outer loop
      vertex -6.39195 -13.5146 0.3
      vertex -6.26368 -13.2434 1.90735e-07
      vertex -5.60631 -13.5348 1.90735e-07
    endloop
  endfacet
  facet normal 0.120899 0.696845 0.706959
    outer loop
      vertex 2.10558 14.1947 1.2
      vertex 2.79955 14.0743 1.2
      vertex 2.9166 14.6627 0.600001
    endloop
  endfacet
  facet normal -0.557478 0.435108 0.707036
    outer loop
      vertex -12.008 8.9057 0.600001
      vertex -11.526 8.54828 1.2
      vertex -11.5565 9.48418 0.600001
    endloop
  endfacet
  facet normal -0.578185 0.407186 0.707037
    outer loop
      vertex -12.4305 8.30577 0.600001
      vertex -11.526 8.54828 1.2
      vertex -12.008 8.9057 0.600001
    endloop
  endfacet
  facet normal 0.348609 0.615353 0.706974
    outer loop
      vertex 6.76454 12.6556 1.2
      vertex 7.68584 12.823 0.600001
      vertex 7.04738 13.1847 0.600001
    endloop
  endfacet
  facet normal -0.487721 0.512204 0.706948
    outer loop
      vertex -10.5712 10.5712 0.600001
      vertex -10.147 10.147 1.2
      vertex -10.0398 11.0772 0.600001
    endloop
  endfacet
  facet normal -0.512204 0.487721 0.706948
    outer loop
      vertex -11.0772 10.0398 0.600001
      vertex -10.147 10.147 1.2
      vertex -10.5712 10.5712 0.600001
    endloop
  endfacet
  facet normal -0.22181 0.671545 0.706985
    outer loop
      vertex -5.0365 14.0761 0.600001
      vertex -4.83437 13.5112 1.2
      vertex -4.16558 13.7321 1.2
    endloop
  endfacet
  facet normal -0.313716 0.949517 0
    outer loop
      vertex -4.33976 14.3063 0.3
      vertex -5.0365 14.0761 0.600001
      vertex -4.33976 14.3063 0.600001
    endloop
  endfacet
  facet normal -0.313716 0.949517 0
    outer loop
      vertex -5.0365 14.0761 0.600001
      vertex -4.33976 14.3063 0.3
      vertex -5.0365 14.0761 0.3
    endloop
  endfacet
  facet normal 0.317948 0.631683 -0.707026
    outer loop
      vertex 6.39195 13.5146 0.3
      vertex 7.04738 13.1847 0.3
      vertex 6.90596 12.9201 1.90735e-07
    endloop
  endfacet
  facet normal -0.724203 0.689587 0
    outer loop
      vertex -11.0772 10.0398 0.3
      vertex -10.5712 10.5712 0.600001
      vertex -10.5712 10.5712 0.3
    endloop
  endfacet
  facet normal -0.724203 0.689587 0
    outer loop
      vertex -10.5712 10.5712 0.600001
      vertex -11.0772 10.0398 0.3
      vertex -11.0772 10.0398 0.600001
    endloop
  endfacet
  facet normal -0.575791 0.817597 0
    outer loop
      vertex -8.30577 12.4305 0.3
      vertex -8.9057 12.008 0.600001
      vertex -8.30577 12.4305 0.600001
    endloop
  endfacet
  facet normal -0.575791 0.817597 0
    outer loop
      vertex -8.9057 12.008 0.600001
      vertex -8.30577 12.4305 0.3
      vertex -8.9057 12.008 0.3
    endloop
  endfacet
  facet normal -0.615274 0.788314 0
    outer loop
      vertex -8.9057 12.008 0.3
      vertex -9.48418 11.5565 0.600001
      vertex -8.9057 12.008 0.600001
    endloop
  endfacet
  facet normal -0.615274 0.788314 0
    outer loop
      vertex -9.48418 11.5565 0.600001
      vertex -8.9057 12.008 0.3
      vertex -9.48418 11.5565 0.3
    endloop
  endfacet
  facet normal -0.348603 0.615342 -0.706987
    outer loop
      vertex -7.68584 12.823 0.3
      vertex -7.04738 13.1847 0.3
      vertex -7.5316 12.5657 1.90735e-07
    endloop
  endfacet
  facet normal -0.646489 -0.286609 -0.707041
    outer loop
      vertex -13.812 -5.72112 0.3
      vertex -13.5348 -5.60631 1.90735e-07
      vertex -13.5146 -6.39195 0.3
    endloop
  endfacet
  facet normal 0.578196 0.407194 0.707024
    outer loop
      vertex 12.008 8.9057 0.600001
      vertex 11.5411 8.54424 1.19
      vertex 12.4305 8.30577 0.600001
    endloop
  endfacet
  facet normal 0.57939 0.405573 0.706977
    outer loop
      vertex 11.5411 8.54424 1.19
      vertex 12.008 8.9057 0.600001
      vertex 11.5341 8.55424 1.19
    endloop
  endfacet
  facet normal -0.317971 0.631694 -0.707006
    outer loop
      vertex -6.90596 12.9201 1.90735e-07
      vertex -6.39195 13.5146 0.3
      vertex -6.26368 13.2434 1.90735e-07
    endloop
  endfacet
  facet normal -0.707 0.0173707 0.707001
    outer loop
      vertex -14.95 0 0.600001
      vertex -14.35 0 1.2
      vertex -14.3327 0.704121 1.2
    endloop
  endfacet
  facet normal -0.0865496 0.7019 0.706997
    outer loop
      vertex -2.19362 14.7882 0.600001
      vertex -2.10558 14.1947 1.2
      vertex -1.46536 14.878 0.600001
    endloop
  endfacet
  facet normal -0.221857 -0.67149 0.707022
    outer loop
      vertex -5.0365 -14.0761 0.600001
      vertex -4.33976 -14.3063 0.600001
      vertex -4.16558 -13.7321 1.2
    endloop
  endfacet
  facet normal -0.7019 -0.0865496 0.706997
    outer loop
      vertex -14.878 -1.46536 0.600001
      vertex -14.7882 -2.19362 0.600001
      vertex -14.1947 -2.10558 1.2
    endloop
  endfacet
  facet normal -0.696796 -0.120955 0.706997
    outer loop
      vertex -14.7882 -2.19362 0.600001
      vertex -14.6627 -2.9166 0.600001
      vertex -14.1947 -2.10558 1.2
    endloop
  endfacet
  facet normal -0.985266 -0.171029 0
    outer loop
      vertex -14.6627 -2.9166 0.3
      vertex -14.7882 -2.19362 0.600001
      vertex -14.7882 -2.19362 0.3
    endloop
  endfacet
  facet normal -0.985266 -0.171029 0
    outer loop
      vertex -14.7882 -2.19362 0.600001
      vertex -14.6627 -2.9166 0.3
      vertex -14.6627 -2.9166 0.600001
    endloop
  endfacet
  facet normal -0.949517 -0.313716 0
    outer loop
      vertex -14.0761 -5.0365 0.3
      vertex -14.3063 -4.33976 0.600001
      vertex -14.3063 -4.33976 0.3
    endloop
  endfacet
  facet normal -0.949517 -0.313716 0
    outer loop
      vertex -14.3063 -4.33976 0.600001
      vertex -14.0761 -5.0365 0.3
      vertex -14.0761 -5.0365 0.600001
    endloop
  endfacet
  facet normal 0.578185 -0.407186 -0.707037
    outer loop
      vertex 11.767 -8.72699 1.90735e-07
      vertex 12.4305 -8.30577 0.3
      vertex 12.008 -8.9057 0.3
    endloop
  endfacet
  facet normal -0.37832 -0.597533 0.706986
    outer loop
      vertex -8.30577 -12.4305 0.600001
      vertex -7.68584 -12.823 0.600001
      vertex -7.37737 -12.3084 1.2
    endloop
  endfacet
  facet normal -0.188607 -0.681577 -0.707022
    outer loop
      vertex -4.33976 -14.3063 0.3
      vertex -4.25267 -14.0192 1.90735e-07
      vertex -3.63255 -14.502 0.3
    endloop
  endfacet
  facet normal -0.932987 -0.35991 0
    outer loop
      vertex -13.812 -5.72112 0.3
      vertex -14.0761 -5.0365 0.600001
      vertex -14.0761 -5.0365 0.3
    endloop
  endfacet
  facet normal -0.932987 -0.35991 0
    outer loop
      vertex -14.0761 -5.0365 0.600001
      vertex -13.812 -5.72112 0.3
      vertex -13.812 -5.72112 0.600001
    endloop
  endfacet
  facet normal -0.659835 -0.254539 0.706985
    outer loop
      vertex -14.0761 -5.0365 0.600001
      vertex -13.812 -5.72112 0.600001
      vertex -13.5112 -4.83437 1.2
    endloop
  endfacet
  facet normal 0.188643 0.681602 -0.706988
    outer loop
      vertex 3.55966 14.211 1.90735e-07
      vertex 3.63255 14.502 0.3
      vertex 4.25267 14.0192 1.90735e-07
    endloop
  endfacet
  facet normal -0.70536 0.0520491 -0.706936
    outer loop
      vertex -14.932 0.733562 0.3
      vertex -14.878 1.46536 0.3
      vertex -14.5795 1.43595 1.90735e-07
    endloop
  endfacet
  facet normal -0.487686 0.512238 -0.706947
    outer loop
      vertex -10.5712 10.5712 0.3
      vertex -9.83834 10.8549 1.90735e-07
      vertex -10.3591 10.3591 1.90735e-07
    endloop
  endfacet
  facet normal 0.120884 -0.696847 -0.706959
    outer loop
      vertex 2.1496 -14.4914 1.90735e-07
      vertex 2.85807 -14.3685 1.90735e-07
      vertex 2.9166 -14.6627 0.3
    endloop
  endfacet
  facet normal -0.597531 -0.378318 -0.706988
    outer loop
      vertex -12.823 -7.68584 0.3
      vertex -12.5657 -7.5316 1.90735e-07
      vertex -12.4305 -8.30577 0.3
    endloop
  endfacet
  facet normal 0.188643 -0.681602 -0.706988
    outer loop
      vertex 3.55966 -14.211 1.90735e-07
      vertex 4.25267 -14.0192 1.90735e-07
      vertex 3.63255 -14.502 0.3
    endloop
  endfacet
  facet normal 0.59744 -0.37833 -0.707059
    outer loop
      vertex 12.181 -8.1391 1.90735e-07
      vertex 12.5657 -7.5316 1.90735e-07
      vertex 12.4305 -8.30577 0.3
    endloop
  endfacet
  facet normal -0.690078 -0.154916 -0.706961
    outer loop
      vertex -14.6627 -2.9166 0.3
      vertex -14.3685 -2.85807 1.90735e-07
      vertex -14.211 -3.55966 1.90735e-07
    endloop
  endfacet
  facet normal 0.615324 -0.348556 -0.707026
    outer loop
      vertex 12.5657 -7.5316 1.90735e-07
      vertex 12.9201 -6.90596 1.90735e-07
      vertex 13.1847 -7.04738 0.3
    endloop
  endfacet
  facet normal 0.870077 -0.492916 0
    outer loop
      vertex 12.823 -7.68584 0.600001
      vertex 13.1847 -7.04738 0.3
      vertex 13.1847 -7.04738 0.600001
    endloop
  endfacet
  facet normal 0.870077 -0.492916 0
    outer loop
      vertex 13.1847 -7.04738 0.3
      vertex 12.823 -7.68584 0.600001
      vertex 12.823 -7.68584 0.3
    endloop
  endfacet
  facet normal -0.696847 0.120884 -0.706959
    outer loop
      vertex -14.6627 2.9166 0.3
      vertex -14.3685 2.85807 1.90735e-07
      vertex -14.4914 2.1496 1.90735e-07
    endloop
  endfacet
  facet normal -0.435107 -0.557525 -0.706999
    outer loop
      vertex -9.48418 -11.5565 0.3
      vertex -9.29386 -11.3246 1.90735e-07
      vertex -8.72699 -11.767 1.90735e-07
    endloop
  endfacet
  facet normal 0.681563 -0.188559 0.707048
    outer loop
      vertex 13.7321 -4.16558 1.2
      vertex 14.502 -3.63255 0.600001
      vertex 13.9199 -3.48676 1.2
    endloop
  endfacet
  facet normal 0.689999 -0.154875 0.707047
    outer loop
      vertex 13.9199 -3.48676 1.2
      vertex 14.502 -3.63255 0.600001
      vertex 14.6627 -2.9166 0.600001
    endloop
  endfacet
  facet normal -0.254522 0.65978 -0.707043
    outer loop
      vertex -5.72112 13.812 0.3
      vertex -4.93544 13.7936 1.90735e-07
      vertex -5.60631 13.5348 1.90735e-07
    endloop
  endfacet
  facet normal -0.893233 0.449594 0
    outer loop
      vertex -13.5146 6.39195 0.3
      vertex -13.1847 7.04738 0.600001
      vertex -13.1847 7.04738 0.3
    endloop
  endfacet
  facet normal -0.893233 0.449594 0
    outer loop
      vertex -13.1847 7.04738 0.600001
      vertex -13.5146 6.39195 0.3
      vertex -13.5146 6.39195 0.600001
    endloop
  endfacet
  facet normal -0.949517 0.313716 0
    outer loop
      vertex -14.3063 4.33976 0.3
      vertex -14.0761 5.0365 0.600001
      vertex -14.0761 5.0365 0.3
    endloop
  endfacet
  facet normal -0.949517 0.313716 0
    outer loop
      vertex -14.0761 5.0365 0.600001
      vertex -14.3063 4.33976 0.3
      vertex -14.3063 4.33976 0.600001
    endloop
  endfacet
  facet normal -0.407161 0.578178 -0.707057
    outer loop
      vertex -8.72699 11.767 1.90735e-07
      vertex -8.30577 12.4305 0.3
      vertex -8.1391 12.181 1.90735e-07
    endloop
  endfacet
  facet normal -0.0735908 0.997289 0
    outer loop
      vertex -0.733562 14.932 0.3
      vertex -1.46536 14.878 0.600001
      vertex -0.733562 14.932 0.600001
    endloop
  endfacet
  facet normal -0.0735908 0.997289 0
    outer loop
      vertex -1.46536 14.878 0.600001
      vertex -0.733562 14.932 0.3
      vertex -1.46536 14.878 0.3
    endloop
  endfacet
  facet normal -0.221857 0.67149 0.707022
    outer loop
      vertex -5.0365 14.0761 0.600001
      vertex -4.16558 13.7321 1.2
      vertex -4.33976 14.3063 0.600001
    endloop
  endfacet
  facet normal 0.317971 0.631694 -0.707006
    outer loop
      vertex 6.26368 13.2434 1.90735e-07
      vertex 6.39195 13.5146 0.3
      vertex 6.90596 12.9201 1.90735e-07
    endloop
  endfacet
  facet normal 0.052032 0.705342 -0.706955
    outer loop
      vertex 0.718841 14.6324 1.90735e-07
      vertex 0.733562 14.932 0.3
      vertex 1.43595 14.5795 1.90735e-07
    endloop
  endfacet
  facet normal -0.254522 -0.65978 -0.707043
    outer loop
      vertex -5.72112 -13.812 0.3
      vertex -5.60631 -13.5348 1.90735e-07
      vertex -4.93544 -13.7936 1.90735e-07
    endloop
  endfacet
  facet normal -0.348556 -0.615324 -0.707026
    outer loop
      vertex -7.5316 -12.5657 1.90735e-07
      vertex -6.90596 -12.9201 1.90735e-07
      vertex -7.04738 -13.1847 0.3
    endloop
  endfacet
  facet normal 0.487686 0.512238 -0.706947
    outer loop
      vertex 9.83834 10.8549 1.90735e-07
      vertex 10.5712 10.5712 0.3
      vertex 10.3591 10.3591 1.90735e-07
    endloop
  endfacet
  facet normal 0.407161 0.578178 -0.707057
    outer loop
      vertex 8.1391 12.181 1.90735e-07
      vertex 8.30577 12.4305 0.3
      vertex 8.72699 11.767 1.90735e-07
    endloop
  endfacet
  facet normal 0.407186 0.578185 -0.707037
    outer loop
      vertex 8.30577 12.4305 0.3
      vertex 8.9057 12.008 0.3
      vertex 8.72699 11.767 1.90735e-07
    endloop
  endfacet
  facet normal -0.631694 0.317971 -0.707006
    outer loop
      vertex -13.5146 6.39195 0.3
      vertex -12.9201 6.90596 1.90735e-07
      vertex -13.2434 6.26368 1.90735e-07
    endloop
  endfacet
  facet normal -0.631683 0.317948 -0.707026
    outer loop
      vertex -13.5146 6.39195 0.3
      vertex -13.1847 7.04738 0.3
      vertex -12.9201 6.90596 1.90735e-07
    endloop
  endfacet
  facet normal -0.707046 -0.0173494 -0.706955
    outer loop
      vertex -14.95 0 0.3
      vertex -14.6324 -0.718841 1.90735e-07
      vertex -14.932 -0.733562 0.3
    endloop
  endfacet
  facet normal 0.122381 0.992483 -0
    outer loop
      vertex 2.19362 14.7882 0.3
      vertex 1.46536 14.878 0.600001
      vertex 2.19362 14.7882 0.600001
    endloop
  endfacet
  facet normal 0.122381 0.992483 0
    outer loop
      vertex 1.46536 14.878 0.600001
      vertex 2.19362 14.7882 0.3
      vertex 1.46536 14.878 0.3
    endloop
  endfacet
  facet normal 0.120955 0.696796 0.706997
    outer loop
      vertex 2.10558 14.1947 1.2
      vertex 2.9166 14.6627 0.600001
      vertex 2.19362 14.7882 0.600001
    endloop
  endfacet
  facet normal 0.615335 -0.348619 0.706985
    outer loop
      vertex 12.3084 -7.37737 1.2
      vertex 12.823 -7.68584 0.600001
      vertex 12.6556 -6.76454 1.2
    endloop
  endfacet
  facet normal 0.615353 -0.348609 0.706974
    outer loop
      vertex 12.6556 -6.76454 1.2
      vertex 12.823 -7.68584 0.600001
      vertex 13.1847 -7.04738 0.600001
    endloop
  endfacet
  facet normal -0.254539 0.659834 0.706986
    outer loop
      vertex -5.72112 13.812 0.600001
      vertex -5.49151 13.2577 1.2
      vertex -4.83437 13.5112 1.2
    endloop
  endfacet
  facet normal 0.313716 0.949517 -0
    outer loop
      vertex 5.0365 14.0761 0.3
      vertex 4.33976 14.3063 0.600001
      vertex 5.0365 14.0761 0.600001
    endloop
  endfacet
  facet normal 0.313716 0.949517 0
    outer loop
      vertex 4.33976 14.3063 0.600001
      vertex 5.0365 14.0761 0.3
      vertex 4.33976 14.3063 0.3
    endloop
  endfacet
  facet normal 0.221858 0.67149 -0.707022
    outer loop
      vertex 4.25267 14.0192 1.90735e-07
      vertex 4.33976 14.3063 0.3
      vertex 5.0365 14.0761 0.3
    endloop
  endfacet
  facet normal 0.348619 0.615335 0.706985
    outer loop
      vertex 6.76454 12.6556 1.2
      vertex 7.37737 12.3084 1.2
      vertex 7.68584 12.823 0.600001
    endloop
  endfacet
  facet normal -0.578194 -0.407212 0.707015
    outer loop
      vertex -12.4305 -8.30577 0.600001
      vertex -11.5411 -8.54424 1.19
      vertex -11.9399 -7.97799 1.19
    endloop
  endfacet
  facet normal -0.535489 -0.461943 -0.707008
    outer loop
      vertex -11.3246 -9.29386 1.90735e-07
      vertex -10.8549 -9.83834 1.90735e-07
      vertex -11.0772 -10.0398 0.3
    endloop
  endfacet
  facet normal -0.5355 -0.461944 -0.706999
    outer loop
      vertex -11.5565 -9.48418 0.3
      vertex -11.3246 -9.29386 1.90735e-07
      vertex -11.0772 -10.0398 0.3
    endloop
  endfacet
  facet normal -0.461943 -0.5355 0.706999
    outer loop
      vertex -10.0398 -11.0772 0.600001
      vertex -9.48418 -11.5565 0.600001
      vertex -9.10354 -11.0927 1.2
    endloop
  endfacet
  facet normal -0.221858 0.67149 -0.707022
    outer loop
      vertex -5.0365 14.0761 0.3
      vertex -4.33976 14.3063 0.3
      vertex -4.25267 14.0192 1.90735e-07
    endloop
  endfacet
  facet normal 0.317971 -0.631694 -0.707006
    outer loop
      vertex 6.26368 -13.2434 1.90735e-07
      vertex 6.90596 -12.9201 1.90735e-07
      vertex 6.39195 -13.5146 0.3
    endloop
  endfacet
  facet normal 0.0245304 -0.999699 0
    outer loop
      vertex 0 -14.95 0.3
      vertex 0.733562 -14.932 0.600001
      vertex 0 -14.95 0.600001
    endloop
  endfacet
  facet normal 0.0245304 -0.999699 0
    outer loop
      vertex 0.733562 -14.932 0.600001
      vertex 0 -14.95 0.3
      vertex 0.733562 -14.932 0.3
    endloop
  endfacet
  facet normal -0.70536 -0.0520491 -0.706936
    outer loop
      vertex -14.932 -0.733562 0.3
      vertex -14.5795 -1.43595 1.90735e-07
      vertex -14.878 -1.46536 0.3
    endloop
  endfacet
  facet normal -0.435082 -0.557544 0.706999
    outer loop
      vertex -9.48418 -11.5565 0.600001
      vertex -8.54828 -11.526 1.2
      vertex -9.10354 -11.0927 1.2
    endloop
  endfacet
  facet normal 0.219008 -0.975723 0
    outer loop
      vertex 2.9166 -14.6627 0.3
      vertex 3.63255 -14.502 0.600001
      vertex 2.9166 -14.6627 0.600001
    endloop
  endfacet
  facet normal 0.219008 -0.975723 0
    outer loop
      vertex 3.63255 -14.502 0.600001
      vertex 2.9166 -14.6627 0.3
      vertex 3.63255 -14.502 0.3
    endloop
  endfacet
  facet normal -0.615324 0.348556 -0.707026
    outer loop
      vertex -13.1847 7.04738 0.3
      vertex -12.5657 7.5316 1.90735e-07
      vertex -12.9201 6.90596 1.90735e-07
    endloop
  endfacet
  facet normal -0.407186 -0.578185 -0.707037
    outer loop
      vertex -8.9057 -12.008 0.3
      vertex -8.72699 -11.767 1.90735e-07
      vertex -8.30577 -12.4305 0.3
    endloop
  endfacet
  facet normal -0.578178 0.407161 -0.707057
    outer loop
      vertex -12.4305 8.30577 0.3
      vertex -11.767 8.72699 1.90735e-07
      vertex -12.181 8.1391 1.90735e-07
    endloop
  endfacet
  facet normal 0.317948 -0.631683 -0.707026
    outer loop
      vertex 6.39195 -13.5146 0.3
      vertex 6.90596 -12.9201 1.90735e-07
      vertex 7.04738 -13.1847 0.3
    endloop
  endfacet
  facet normal -0.696739 -0.120945 -0.707055
    outer loop
      vertex -14.7882 -2.19362 0.3
      vertex -14.4914 -2.1496 1.90735e-07
      vertex -14.6627 -2.9166 0.3
    endloop
  endfacet
  facet normal 0.120884 0.696847 -0.706959
    outer loop
      vertex 2.1496 14.4914 1.90735e-07
      vertex 2.9166 14.6627 0.3
      vertex 2.85807 14.3685 1.90735e-07
    endloop
  endfacet
  facet normal 0.154916 0.690078 -0.706961
    outer loop
      vertex 2.85807 14.3685 1.90735e-07
      vertex 2.9166 14.6627 0.3
      vertex 3.55966 14.211 1.90735e-07
    endloop
  endfacet
  facet normal 0.707046 0.0173494 -0.706955
    outer loop
      vertex 14.6324 0.718841 1.90735e-07
      vertex 14.932 0.733562 0.3
      vertex 14.95 0 0.3
    endloop
  endfacet
  facet normal 0.914189 0.405289 0
    outer loop
      vertex 13.812 5.72112 0.600001
      vertex 13.5146 6.39195 0.3
      vertex 13.5146 6.39195 0.600001
    endloop
  endfacet
  facet normal 0.914189 0.405289 0
    outer loop
      vertex 13.5146 6.39195 0.3
      vertex 13.812 5.72112 0.600001
      vertex 13.812 5.72112 0.3
    endloop
  endfacet
  facet normal 0.461944 -0.5355 -0.706999
    outer loop
      vertex 9.29386 -11.3246 1.90735e-07
      vertex 10.0398 -11.0772 0.3
      vertex 9.48418 -11.5565 0.3
    endloop
  endfacet
  facet normal 0.615274 -0.788314 0
    outer loop
      vertex 8.9057 -12.008 0.3
      vertex 9.48418 -11.5565 0.600001
      vertex 8.9057 -12.008 0.600001
    endloop
  endfacet
  facet normal 0.615274 -0.788314 0
    outer loop
      vertex 9.48418 -11.5565 0.600001
      vertex 8.9057 -12.008 0.3
      vertex 9.48418 -11.5565 0.3
    endloop
  endfacet
  facet normal 0.575791 -0.817597 0
    outer loop
      vertex 8.30577 -12.4305 0.3
      vertex 8.9057 -12.008 0.600001
      vertex 8.30577 -12.4305 0.600001
    endloop
  endfacet
  facet normal 0.575791 -0.817597 0
    outer loop
      vertex 8.9057 -12.008 0.600001
      vertex 8.30577 -12.4305 0.3
      vertex 8.9057 -12.008 0.3
    endloop
  endfacet
  facet normal 0.0865542 0.701902 0.706995
    outer loop
      vertex 1.40655 14.2809 1.2
      vertex 2.10558 14.1947 1.2
      vertex 1.46536 14.878 0.600001
    endloop
  endfacet
  facet normal 0.631703 -0.317958 0.707004
    outer loop
      vertex 12.9722 -6.13542 1.2
      vertex 13.1847 -7.04738 0.600001
      vertex 13.5146 -6.39195 0.600001
    endloop
  endfacet
  facet normal 0.646523 -0.286624 0.707004
    outer loop
      vertex 12.9722 -6.13542 1.2
      vertex 13.5146 -6.39195 0.600001
      vertex 13.812 -5.72112 0.600001
    endloop
  endfacet
  facet normal -0.61535 -0.348618 0.706973
    outer loop
      vertex -12.823 -7.68584 0.600001
      vertex -12.317 -7.38251 1.19
      vertex -12.6584 -6.7799 1.19
    endloop
  endfacet
  facet normal 0.7019 0.0865496 0.706997
    outer loop
      vertex 14.1947 2.10558 1.2
      vertex 14.878 1.46536 0.600001
      vertex 14.7882 2.19362 0.600001
    endloop
  endfacet
  facet normal 0.266698 -0.96378 0
    outer loop
      vertex 3.63255 -14.502 0.3
      vertex 4.33976 -14.3063 0.600001
      vertex 3.63255 -14.502 0.600001
    endloop
  endfacet
  facet normal 0.266698 -0.96378 0
    outer loop
      vertex 4.33976 -14.3063 0.600001
      vertex 3.63255 -14.502 0.3
      vertex 4.33976 -14.3063 0.3
    endloop
  endfacet
  facet normal 0.557475 0.435106 0.707039
    outer loop
      vertex 11.5265 8.56388 1.19
      vertex 12.008 8.9057 0.600001
      vertex 11.5565 9.48418 0.600001
    endloop
  endfacet
  facet normal 0.555409 0.437874 0.706956
    outer loop
      vertex 12.008 8.9057 0.600001
      vertex 11.5265 8.56388 1.19
      vertex 11.5341 8.55424 1.19
    endloop
  endfacet
  facet normal 0.171029 -0.985266 0
    outer loop
      vertex 2.19362 -14.7882 0.3
      vertex 2.9166 -14.6627 0.600001
      vertex 2.19362 -14.7882 0.600001
    endloop
  endfacet
  facet normal 0.171029 -0.985266 0
    outer loop
      vertex 2.9166 -14.6627 0.600001
      vertex 2.19362 -14.7882 0.3
      vertex 2.9166 -14.6627 0.3
    endloop
  endfacet
  facet normal 0.893233 0.449594 0
    outer loop
      vertex 13.5146 6.39195 0.600001
      vertex 13.1847 7.04738 0.3
      vertex 13.1847 7.04738 0.600001
    endloop
  endfacet
  facet normal 0.893233 0.449594 0
    outer loop
      vertex 13.1847 7.04738 0.3
      vertex 13.5146 6.39195 0.600001
      vertex 13.5146 6.39195 0.3
    endloop
  endfacet
  facet normal -0.696796 0.120955 0.706997
    outer loop
      vertex -14.7882 2.19362 0.600001
      vertex -14.1947 2.10558 1.2
      vertex -14.6627 2.9166 0.600001
    endloop
  endfacet
  facet normal 0.348603 -0.615342 -0.706987
    outer loop
      vertex 7.04738 -13.1847 0.3
      vertex 7.5316 -12.5657 1.90735e-07
      vertex 7.68584 -12.823 0.3
    endloop
  endfacet
  facet normal 0.317958 -0.631703 0.707004
    outer loop
      vertex 6.13542 -12.9722 1.2
      vertex 6.39195 -13.5146 0.600001
      vertex 7.04738 -13.1847 0.600001
    endloop
  endfacet
  facet normal 0.22181 -0.671545 0.706985
    outer loop
      vertex 4.16558 -13.7321 1.2
      vertex 5.0365 -14.0761 0.600001
      vertex 4.83437 -13.5112 1.2
    endloop
  endfacet
  facet normal 0.25452 -0.659786 -0.707038
    outer loop
      vertex 4.93544 -13.7936 1.90735e-07
      vertex 5.72112 -13.812 0.3
      vertex 5.0365 -14.0761 0.3
    endloop
  endfacet
  facet normal -0.317925 -0.631754 0.706973
    outer loop
      vertex -7.04738 -13.1847 0.600001
      vertex -6.13542 -12.9722 1.2
      vertex -6.76454 -12.6556 1.2
    endloop
  endfacet
  facet normal 0.690056 0.154888 -0.706988
    outer loop
      vertex 14.211 3.55966 1.90735e-07
      vertex 14.502 3.63255 0.3
      vertex 14.6627 2.9166 0.3
    endloop
  endfacet
  facet normal 0.221857 0.67149 0.707022
    outer loop
      vertex 4.16558 13.7321 1.2
      vertex 5.0365 14.0761 0.600001
      vertex 4.33976 14.3063 0.600001
    endloop
  endfacet
  facet normal 0.317925 0.631754 0.706973
    outer loop
      vertex 6.13542 12.9722 1.2
      vertex 6.76454 12.6556 1.2
      vertex 7.04738 13.1847 0.600001
    endloop
  endfacet
  facet normal -0.578178 -0.407161 -0.707057
    outer loop
      vertex -12.4305 -8.30577 0.3
      vertex -12.181 -8.1391 1.90735e-07
      vertex -11.767 -8.72699 1.90735e-07
    endloop
  endfacet
  facet normal -0.37833 0.59744 -0.707059
    outer loop
      vertex -8.30577 12.4305 0.3
      vertex -7.5316 12.5657 1.90735e-07
      vertex -8.1391 12.181 1.90735e-07
    endloop
  endfacet
  facet normal 0.461943 0.535489 -0.707008
    outer loop
      vertex 9.29386 11.3246 1.90735e-07
      vertex 10.0398 11.0772 0.3
      vertex 9.83834 10.8549 1.90735e-07
    endloop
  endfacet
  facet normal 0.22181 0.671545 0.706985
    outer loop
      vertex 4.16558 13.7321 1.2
      vertex 4.83437 13.5112 1.2
      vertex 5.0365 14.0761 0.600001
    endloop
  endfacet
  facet normal -0.35991 0.932987 0
    outer loop
      vertex -5.0365 14.0761 0.3
      vertex -5.72112 13.812 0.600001
      vertex -5.0365 14.0761 0.600001
    endloop
  endfacet
  facet normal -0.35991 0.932987 0
    outer loop
      vertex -5.72112 13.812 0.600001
      vertex -5.0365 14.0761 0.3
      vertex -5.72112 13.812 0.3
    endloop
  endfacet
  facet normal 0.0865542 -0.701902 0.706995
    outer loop
      vertex 1.40655 -14.2809 1.2
      vertex 1.46536 -14.878 0.600001
      vertex 2.10558 -14.1947 1.2
    endloop
  endfacet
  facet normal -0.254539 0.659835 0.706985
    outer loop
      vertex -5.72112 13.812 0.600001
      vertex -4.83437 13.5112 1.2
      vertex -5.0365 14.0761 0.600001
    endloop
  endfacet
  facet normal 0.701902 0.0865542 0.706995
    outer loop
      vertex 14.1947 2.10558 1.2
      vertex 14.2809 1.40655 1.2
      vertex 14.878 1.46536 0.600001
    endloop
  endfacet
  facet normal -0.788314 0.615274 0
    outer loop
      vertex -12.008 8.9057 0.3
      vertex -11.5565 9.48418 0.600001
      vertex -11.5565 9.48418 0.3
    endloop
  endfacet
  facet normal -0.788314 0.615274 0
    outer loop
      vertex -11.5565 9.48418 0.600001
      vertex -12.008 8.9057 0.3
      vertex -12.008 8.9057 0.600001
    endloop
  endfacet
  facet normal -0.724203 -0.689587 0
    outer loop
      vertex -10.5712 -10.5712 0.3
      vertex -11.0772 -10.0398 0.600001
      vertex -11.0772 -10.0398 0.3
    endloop
  endfacet
  facet normal -0.724203 -0.689587 0
    outer loop
      vertex -11.0772 -10.0398 0.600001
      vertex -10.5712 -10.5712 0.3
      vertex -10.5712 -10.5712 0.600001
    endloop
  endfacet
  facet normal -0.690056 -0.154888 -0.706988
    outer loop
      vertex -14.6627 -2.9166 0.3
      vertex -14.211 -3.55966 1.90735e-07
      vertex -14.502 -3.63255 0.3
    endloop
  endfacet
  facet normal 0.690053 0.155039 0.706958
    outer loop
      vertex 13.9199 3.48676 1.2
      vertex 14.0743 2.79955 1.2
      vertex 14.6627 2.9166 0.600001
    endloop
  endfacet
  facet normal -0.696845 0.120899 0.706959
    outer loop
      vertex -14.6627 2.9166 0.600001
      vertex -14.1947 2.10558 1.2
      vertex -14.0743 2.79955 1.2
    endloop
  endfacet
  facet normal 0.575791 0.817597 -0
    outer loop
      vertex 8.9057 12.008 0.3
      vertex 8.30577 12.4305 0.600001
      vertex 8.9057 12.008 0.600001
    endloop
  endfacet
  facet normal 0.575791 0.817597 0
    outer loop
      vertex 8.30577 12.4305 0.600001
      vertex 8.9057 12.008 0.3
      vertex 8.30577 12.4305 0.3
    endloop
  endfacet
  facet normal -0.0865542 0.701902 0.706995
    outer loop
      vertex -2.10558 14.1947 1.2
      vertex -1.40655 14.2809 1.2
      vertex -1.46536 14.878 0.600001
    endloop
  endfacet
  facet normal 0.37832 0.597533 0.706986
    outer loop
      vertex 7.37737 12.3084 1.2
      vertex 8.30577 12.4305 0.600001
      vertex 7.68584 12.823 0.600001
    endloop
  endfacet
  facet normal -0.407242 -0.578181 0.707009
    outer loop
      vertex -8.54828 -11.526 1.2
      vertex -8.30577 -12.4305 0.600001
      vertex -7.97243 -11.9316 1.2
    endloop
  endfacet
  facet normal -0.348609 0.615353 0.706974
    outer loop
      vertex -7.68584 12.823 0.600001
      vertex -6.76454 12.6556 1.2
      vertex -7.04738 13.1847 0.600001
    endloop
  endfacet
  facet normal -0.461943 0.535489 -0.707008
    outer loop
      vertex -10.0398 11.0772 0.3
      vertex -9.29386 11.3246 1.90735e-07
      vertex -9.83834 10.8549 1.90735e-07
    endloop
  endfacet
  facet normal -0.557525 0.435107 -0.706999
    outer loop
      vertex -11.767 8.72699 1.90735e-07
      vertex -11.5565 9.48418 0.3
      vertex -11.3246 9.29386 1.90735e-07
    endloop
  endfacet
  facet normal -0.188607 0.681577 -0.707022
    outer loop
      vertex -4.33976 14.3063 0.3
      vertex -3.63255 14.502 0.3
      vertex -4.25267 14.0192 1.90735e-07
    endloop
  endfacet
  facet normal -0.705342 0.052032 -0.706955
    outer loop
      vertex -14.932 0.733562 0.3
      vertex -14.5795 1.43595 1.90735e-07
      vertex -14.6324 0.718841 1.90735e-07
    endloop
  endfacet
  facet normal 0.0866556 -0.70195 -0.706935
    outer loop
      vertex 1.43595 -14.5795 1.90735e-07
      vertex 2.1496 -14.4914 1.90735e-07
      vertex 1.46536 -14.878 0.3
    endloop
  endfacet
  facet normal -0.681602 -0.188643 -0.706988
    outer loop
      vertex -14.502 -3.63255 0.3
      vertex -14.211 -3.55966 1.90735e-07
      vertex -14.0192 -4.25267 1.90735e-07
    endloop
  endfacet
  facet normal -0.696847 -0.120884 -0.706959
    outer loop
      vertex -14.6627 -2.9166 0.3
      vertex -14.4914 -2.1496 1.90735e-07
      vertex -14.3685 -2.85807 1.90735e-07
    endloop
  endfacet
  facet normal -0.534933 0.844894 0
    outer loop
      vertex -7.68584 12.823 0.3
      vertex -8.30577 12.4305 0.600001
      vertex -7.68584 12.823 0.600001
    endloop
  endfacet
  facet normal -0.534933 0.844894 0
    outer loop
      vertex -8.30577 12.4305 0.600001
      vertex -7.68584 12.823 0.3
      vertex -8.30577 12.4305 0.3
    endloop
  endfacet
  facet normal 0.70536 -0.0520491 -0.706936
    outer loop
      vertex 14.5795 -1.43595 1.90735e-07
      vertex 14.932 -0.733562 0.3
      vertex 14.878 -1.46536 0.3
    endloop
  endfacet
  facet normal -0.975723 -0.219008 0
    outer loop
      vertex -14.502 -3.63255 0.3
      vertex -14.6627 -2.9166 0.600001
      vertex -14.6627 -2.9166 0.3
    endloop
  endfacet
  facet normal -0.975723 -0.219008 0
    outer loop
      vertex -14.6627 -2.9166 0.600001
      vertex -14.502 -3.63255 0.3
      vertex -14.502 -3.63255 0.600001
    endloop
  endfacet
  facet normal -0.997289 -0.0735908 0
    outer loop
      vertex -14.878 -1.46536 0.3
      vertex -14.932 -0.733562 0.600001
      vertex -14.932 -0.733562 0.3
    endloop
  endfacet
  facet normal -0.997289 -0.0735908 0
    outer loop
      vertex -14.932 -0.733562 0.600001
      vertex -14.878 -1.46536 0.3
      vertex -14.878 -1.46536 0.600001
    endloop
  endfacet
  facet normal -0.870077 -0.492916 0
    outer loop
      vertex -12.823 -7.68584 0.3
      vertex -13.1847 -7.04738 0.600001
      vertex -13.1847 -7.04738 0.3
    endloop
  endfacet
  facet normal -0.870077 -0.492916 0
    outer loop
      vertex -13.1847 -7.04738 0.600001
      vertex -12.823 -7.68584 0.3
      vertex -12.823 -7.68584 0.600001
    endloop
  endfacet
  facet normal 0.461943 -0.5355 0.706999
    outer loop
      vertex 9.10354 -11.0927 1.2
      vertex 9.48418 -11.5565 0.600001
      vertex 10.0398 -11.0772 0.600001
    endloop
  endfacet
  facet normal -0.348609 -0.615353 0.706974
    outer loop
      vertex -7.68584 -12.823 0.600001
      vertex -7.04738 -13.1847 0.600001
      vertex -6.76454 -12.6556 1.2
    endloop
  endfacet
  facet normal -0.485501 -0.5144 0.706881
    outer loop
      vertex -10.5712 -10.5712 0.600001
      vertex -10.1452 -10.1625 1.19
      vertex -10.1541 -10.1541 1.19
    endloop
  endfacet
  facet normal -0.487716 -0.512199 0.706955
    outer loop
      vertex -10.1452 -10.1625 1.19
      vertex -10.5712 -10.5712 0.600001
      vertex -10.0398 -11.0772 0.600001
    endloop
  endfacet
  facet normal 0.188559 0.681563 0.707048
    outer loop
      vertex 3.48676 13.9199 1.2
      vertex 4.16558 13.7321 1.2
      vertex 3.63255 14.502 0.600001
    endloop
  endfacet
  facet normal -0.188643 0.681602 -0.706988
    outer loop
      vertex -4.25267 14.0192 1.90735e-07
      vertex -3.63255 14.502 0.3
      vertex -3.55966 14.211 1.90735e-07
    endloop
  endfacet
  facet normal 0.659786 -0.25452 -0.707038
    outer loop
      vertex 13.7936 -4.93544 1.90735e-07
      vertex 14.0761 -5.0365 0.3
      vertex 13.812 -5.72112 0.3
    endloop
  endfacet
  facet normal 0.817597 -0.575791 0
    outer loop
      vertex 12.008 -8.9057 0.600001
      vertex 12.4305 -8.30577 0.3
      vertex 12.4305 -8.30577 0.600001
    endloop
  endfacet
  facet normal 0.817597 -0.575791 0
    outer loop
      vertex 12.4305 -8.30577 0.3
      vertex 12.008 -8.9057 0.600001
      vertex 12.008 -8.9057 0.3
    endloop
  endfacet
  facet normal 0.615342 -0.348603 -0.706987
    outer loop
      vertex 12.5657 -7.5316 1.90735e-07
      vertex 13.1847 -7.04738 0.3
      vertex 12.823 -7.68584 0.3
    endloop
  endfacet
  facet normal 0.597531 -0.378318 -0.706988
    outer loop
      vertex 12.4305 -8.30577 0.3
      vertex 12.5657 -7.5316 1.90735e-07
      vertex 12.823 -7.68584 0.3
    endloop
  endfacet
  facet normal 0.67149 -0.221858 -0.707022
    outer loop
      vertex 14.0192 -4.25267 1.90735e-07
      vertex 14.3063 -4.33976 0.3
      vertex 14.0761 -5.0365 0.3
    endloop
  endfacet
  facet normal 0.914189 -0.405289 0
    outer loop
      vertex 13.5146 -6.39195 0.600001
      vertex 13.812 -5.72112 0.3
      vertex 13.812 -5.72112 0.600001
    endloop
  endfacet
  facet normal 0.914189 -0.405289 0
    outer loop
      vertex 13.812 -5.72112 0.3
      vertex 13.5146 -6.39195 0.600001
      vertex 13.5146 -6.39195 0.3
    endloop
  endfacet
  facet normal -0.707001 0.0173101 -0.707001
    outer loop
      vertex -14.95 0 0.3
      vertex -14.6324 0.718841 1.90735e-07
      vertex -14.65 0 1.90735e-07
    endloop
  endfacet
  facet normal -0.557525 -0.435107 -0.706999
    outer loop
      vertex -11.767 -8.72699 1.90735e-07
      vertex -11.3246 -9.29386 1.90735e-07
      vertex -11.5565 -9.48418 0.3
    endloop
  endfacet
  facet normal -0.67149 0.221857 0.707022
    outer loop
      vertex -14.3063 4.33976 0.600001
      vertex -13.7321 4.16558 1.2
      vertex -14.0761 5.0365 0.600001
    endloop
  endfacet
  facet normal -0.646489 0.286609 -0.707041
    outer loop
      vertex -13.812 5.72112 0.3
      vertex -13.5146 6.39195 0.3
      vertex -13.5348 5.60631 1.90735e-07
    endloop
  endfacet
  facet normal 0.0173479 0.706987 0.707014
    outer loop
      vertex 0 14.95 0.600001
      vertex 0.704121 14.3327 1.2
      vertex 0.733562 14.932 0.600001
    endloop
  endfacet
  facet normal 0.0245304 0.999699 -0
    outer loop
      vertex 0.733562 14.932 0.3
      vertex 0 14.95 0.600001
      vertex 0.733562 14.932 0.600001
    endloop
  endfacet
  facet normal 0.0245304 0.999699 0
    outer loop
      vertex 0 14.95 0.600001
      vertex 0.733562 14.932 0.3
      vertex 0 14.95 0.3
    endloop
  endfacet
  facet normal 0.67149 0.221857 0.707022
    outer loop
      vertex 13.7321 4.16558 1.2
      vertex 14.3063 4.33976 0.600001
      vertex 14.0761 5.0365 0.600001
    endloop
  endfacet
  facet normal 0.646524 0.286624 0.707003
    outer loop
      vertex 13.5146 6.39195 0.600001
      vertex 12.9862 6.12851 1.19
      vertex 13.812 5.72112 0.600001
    endloop
  endfacet
  facet normal 0.647794 0.283917 0.706933
    outer loop
      vertex 12.9862 6.12851 1.19
      vertex 13.5146 6.39195 0.600001
      vertex 12.9813 6.13969 1.19
    endloop
  endfacet
  facet normal -0.122381 0.992483 0
    outer loop
      vertex -1.46536 14.878 0.3
      vertex -2.19362 14.7882 0.600001
      vertex -1.46536 14.878 0.600001
    endloop
  endfacet
  facet normal -0.122381 0.992483 0
    outer loop
      vertex -2.19362 14.7882 0.600001
      vertex -1.46536 14.878 0.3
      vertex -2.19362 14.7882 0.3
    endloop
  endfacet
  facet normal 0.0173101 0.707001 -0.707001
    outer loop
      vertex 0 14.65 1.90735e-07
      vertex 0 14.95 0.3
      vertex 0.718841 14.6324 1.90735e-07
    endloop
  endfacet
  facet normal 0.0173494 0.707046 -0.706955
    outer loop
      vertex 0 14.95 0.3
      vertex 0.733562 14.932 0.3
      vertex 0.718841 14.6324 1.90735e-07
    endloop
  endfacet
  facet normal 0.70195 -0.0866556 -0.706935
    outer loop
      vertex 14.4914 -2.1496 1.90735e-07
      vertex 14.5795 -1.43595 1.90735e-07
      vertex 14.878 -1.46536 0.3
    endloop
  endfacet
  facet normal 0.221866 -0.671469 -0.70704
    outer loop
      vertex 4.25267 -14.0192 1.90735e-07
      vertex 4.93544 -13.7936 1.90735e-07
      vertex 5.0365 -14.0761 0.3
    endloop
  endfacet
  facet normal -0.219008 0.975723 0
    outer loop
      vertex -2.9166 14.6627 0.3
      vertex -3.63255 14.502 0.600001
      vertex -2.9166 14.6627 0.600001
    endloop
  endfacet
  facet normal -0.219008 0.975723 0
    outer loop
      vertex -3.63255 14.502 0.600001
      vertex -2.9166 14.6627 0.3
      vertex -3.63255 14.502 0.3
    endloop
  endfacet
  facet normal 0.557525 -0.435107 -0.706999
    outer loop
      vertex 11.3246 -9.29386 1.90735e-07
      vertex 11.767 -8.72699 1.90735e-07
      vertex 11.5565 -9.48418 0.3
    endloop
  endfacet
  facet normal -0.25452 0.659786 -0.707038
    outer loop
      vertex -5.72112 13.812 0.3
      vertex -5.0365 14.0761 0.3
      vertex -4.93544 13.7936 1.90735e-07
    endloop
  endfacet
  facet normal -0.0173101 0.707001 -0.707001
    outer loop
      vertex -0.718841 14.6324 1.90735e-07
      vertex 0 14.95 0.3
      vertex 0 14.65 1.90735e-07
    endloop
  endfacet
  facet normal -0.512161 0.487681 -0.707006
    outer loop
      vertex -11.0772 10.0398 0.3
      vertex -10.5712 10.5712 0.3
      vertex -10.8549 9.83834 1.90735e-07
    endloop
  endfacet
  facet normal 0.0865425 0.701843 -0.707055
    outer loop
      vertex 1.46536 14.878 0.3
      vertex 2.19362 14.7882 0.3
      vertex 2.1496 14.4914 1.90735e-07
    endloop
  endfacet
  facet normal 0.120945 0.696739 -0.707055
    outer loop
      vertex 2.1496 14.4914 1.90735e-07
      vertex 2.19362 14.7882 0.3
      vertex 2.9166 14.6627 0.3
    endloop
  endfacet
  facet normal 0.266698 0.96378 -0
    outer loop
      vertex 4.33976 14.3063 0.3
      vertex 3.63255 14.502 0.600001
      vertex 4.33976 14.3063 0.600001
    endloop
  endfacet
  facet normal 0.266698 0.96378 0
    outer loop
      vertex 3.63255 14.502 0.600001
      vertex 4.33976 14.3063 0.3
      vertex 3.63255 14.502 0.3
    endloop
  endfacet
  facet normal 0.254522 0.65978 -0.707043
    outer loop
      vertex 4.93544 13.7936 1.90735e-07
      vertex 5.72112 13.812 0.3
      vertex 5.60631 13.5348 1.90735e-07
    endloop
  endfacet
  facet normal 0.286609 0.646489 -0.707041
    outer loop
      vertex 5.60631 13.5348 1.90735e-07
      vertex 5.72112 13.812 0.3
      vertex 6.39195 13.5146 0.3
    endloop
  endfacet
  facet normal -0.817597 -0.575791 0
    outer loop
      vertex -12.008 -8.9057 0.3
      vertex -12.4305 -8.30577 0.600001
      vertex -12.4305 -8.30577 0.3
    endloop
  endfacet
  facet normal -0.817597 -0.575791 0
    outer loop
      vertex -12.4305 -8.30577 0.600001
      vertex -12.008 -8.9057 0.3
      vertex -12.008 -8.9057 0.600001
    endloop
  endfacet
  facet normal -0.512161 -0.487681 -0.707006
    outer loop
      vertex -11.0772 -10.0398 0.3
      vertex -10.8549 -9.83834 1.90735e-07
      vertex -10.5712 -10.5712 0.3
    endloop
  endfacet
  facet normal -0.534933 -0.844894 0
    outer loop
      vertex -8.30577 -12.4305 0.3
      vertex -7.68584 -12.823 0.600001
      vertex -8.30577 -12.4305 0.600001
    endloop
  endfacet
  facet normal -0.534933 -0.844894 -0
    outer loop
      vertex -7.68584 -12.823 0.600001
      vertex -8.30577 -12.4305 0.3
      vertex -7.68584 -12.823 0.3
    endloop
  endfacet
  facet normal -0.378318 -0.597531 -0.706988
    outer loop
      vertex -8.30577 -12.4305 0.3
      vertex -7.5316 -12.5657 1.90735e-07
      vertex -7.68584 -12.823 0.3
    endloop
  endfacet
  facet normal -0.575791 -0.817597 0
    outer loop
      vertex -8.9057 -12.008 0.3
      vertex -8.30577 -12.4305 0.600001
      vertex -8.9057 -12.008 0.600001
    endloop
  endfacet
  facet normal -0.575791 -0.817597 -0
    outer loop
      vertex -8.30577 -12.4305 0.600001
      vertex -8.9057 -12.008 0.3
      vertex -8.30577 -12.4305 0.3
    endloop
  endfacet
  facet normal -0.461943 -0.535489 -0.707008
    outer loop
      vertex -10.0398 -11.0772 0.3
      vertex -9.83834 -10.8549 1.90735e-07
      vertex -9.29386 -11.3246 1.90735e-07
    endloop
  endfacet
  facet normal -0.22181 -0.671545 0.706985
    outer loop
      vertex -5.0365 -14.0761 0.600001
      vertex -4.16558 -13.7321 1.2
      vertex -4.83437 -13.5112 1.2
    endloop
  endfacet
  facet normal -0.689587 -0.724203 0
    outer loop
      vertex -10.5712 -10.5712 0.3
      vertex -10.0398 -11.0772 0.600001
      vertex -10.5712 -10.5712 0.600001
    endloop
  endfacet
  facet normal -0.689587 -0.724203 -0
    outer loop
      vertex -10.0398 -11.0772 0.600001
      vertex -10.5712 -10.5712 0.3
      vertex -10.0398 -11.0772 0.3
    endloop
  endfacet
  facet normal -0.701843 -0.0865425 -0.707055
    outer loop
      vertex -14.878 -1.46536 0.3
      vertex -14.4914 -2.1496 1.90735e-07
      vertex -14.7882 -2.19362 0.3
    endloop
  endfacet
  facet normal -0.0520105 -0.705284 0.707014
    outer loop
      vertex -1.40655 -14.2809 1.2
      vertex -0.733562 -14.932 0.600001
      vertex -0.704121 -14.3327 1.2
    endloop
  endfacet
  facet normal -0.317948 -0.631683 -0.707026
    outer loop
      vertex -7.04738 -13.1847 0.3
      vertex -6.90596 -12.9201 1.90735e-07
      vertex -6.39195 -13.5146 0.3
    endloop
  endfacet
  facet normal 0.407186 -0.578185 -0.707037
    outer loop
      vertex 8.30577 -12.4305 0.3
      vertex 8.72699 -11.767 1.90735e-07
      vertex 8.9057 -12.008 0.3
    endloop
  endfacet
  facet normal 0.407161 -0.578178 -0.707057
    outer loop
      vertex 8.1391 -12.181 1.90735e-07
      vertex 8.72699 -11.767 1.90735e-07
      vertex 8.30577 -12.4305 0.3
    endloop
  endfacet
  facet normal -0.59744 0.37833 -0.707059
    outer loop
      vertex -12.5657 7.5316 1.90735e-07
      vertex -12.4305 8.30577 0.3
      vertex -12.181 8.1391 1.90735e-07
    endloop
  endfacet
  facet normal 0.757196 -0.653188 0
    outer loop
      vertex 11.0772 -10.0398 0.600001
      vertex 11.5565 -9.48418 0.3
      vertex 11.5565 -9.48418 0.600001
    endloop
  endfacet
  facet normal 0.757196 -0.653188 0
    outer loop
      vertex 11.5565 -9.48418 0.3
      vertex 11.0772 -10.0398 0.600001
      vertex 11.0772 -10.0398 0.3
    endloop
  endfacet
  facet normal 0.5355 -0.461943 0.706999
    outer loop
      vertex 11.0772 -10.0398 0.600001
      vertex 11.5565 -9.48418 0.600001
      vertex 11.0927 -9.10354 1.2
    endloop
  endfacet
  facet normal 0.286661 -0.646528 0.706985
    outer loop
      vertex 5.49151 -13.2577 1.2
      vertex 5.72112 -13.812 0.600001
      vertex 6.13542 -12.9722 1.2
    endloop
  endfacet
  facet normal 0.689587 -0.724203 0
    outer loop
      vertex 10.0398 -11.0772 0.3
      vertex 10.5712 -10.5712 0.600001
      vertex 10.0398 -11.0772 0.600001
    endloop
  endfacet
  facet normal 0.689587 -0.724203 0
    outer loop
      vertex 10.5712 -10.5712 0.600001
      vertex 10.0398 -11.0772 0.3
      vertex 10.5712 -10.5712 0.3
    endloop
  endfacet
  facet normal 0.653188 -0.757196 0
    outer loop
      vertex 9.48418 -11.5565 0.3
      vertex 10.0398 -11.0772 0.600001
      vertex 9.48418 -11.5565 0.600001
    endloop
  endfacet
  facet normal 0.653188 -0.757196 0
    outer loop
      vertex 10.0398 -11.0772 0.600001
      vertex 9.48418 -11.5565 0.3
      vertex 10.0398 -11.0772 0.3
    endloop
  endfacet
  facet normal 0.487721 -0.512204 0.706948
    outer loop
      vertex 10.0398 -11.0772 0.600001
      vertex 10.5712 -10.5712 0.600001
      vertex 10.147 -10.147 1.2
    endloop
  endfacet
  facet normal -0.37834 -0.597492 0.707009
    outer loop
      vertex -8.30577 -12.4305 0.600001
      vertex -7.37737 -12.3084 1.2
      vertex -7.97243 -11.9316 1.2
    endloop
  endfacet
  facet normal -0.646528 0.286661 0.706985
    outer loop
      vertex -13.812 5.72112 0.600001
      vertex -13.2577 5.49151 1.2
      vertex -12.9722 6.13542 1.2
    endloop
  endfacet
  facet normal 0.707 0.0173707 0.707001
    outer loop
      vertex 14.3327 0.704121 1.2
      vertex 14.35 0 1.2
      vertex 14.95 0 0.600001
    endloop
  endfacet
  facet normal -0.317925 0.631754 0.706973
    outer loop
      vertex -7.04738 13.1847 0.600001
      vertex -6.76454 12.6556 1.2
      vertex -6.13542 12.9722 1.2
    endloop
  endfacet
  facet normal -0.0520105 0.705284 0.707014
    outer loop
      vertex -1.40655 14.2809 1.2
      vertex -0.704121 14.3327 1.2
      vertex -0.733562 14.932 0.600001
    endloop
  endfacet
  facet normal -0.286661 0.646528 0.706985
    outer loop
      vertex -6.13542 12.9722 1.2
      vertex -5.49151 13.2577 1.2
      vertex -5.72112 13.812 0.600001
    endloop
  endfacet
  facet normal -0.120899 0.696845 0.706959
    outer loop
      vertex -2.9166 14.6627 0.600001
      vertex -2.79955 14.0743 1.2
      vertex -2.10558 14.1947 1.2
    endloop
  endfacet
  facet normal 0.37834 0.597492 0.707009
    outer loop
      vertex 7.37737 12.3084 1.2
      vertex 7.97243 11.9316 1.2
      vertex 8.30577 12.4305 0.600001
    endloop
  endfacet
  facet normal 0.449594 -0.893233 0
    outer loop
      vertex 6.39195 -13.5146 0.3
      vertex 7.04738 -13.1847 0.600001
      vertex 6.39195 -13.5146 0.600001
    endloop
  endfacet
  facet normal 0.449594 -0.893233 0
    outer loop
      vertex 7.04738 -13.1847 0.600001
      vertex 6.39195 -13.5146 0.3
      vertex 7.04738 -13.1847 0.3
    endloop
  endfacet
  facet normal 0.348619 -0.615335 0.706985
    outer loop
      vertex 6.76454 -12.6556 1.2
      vertex 7.68584 -12.823 0.600001
      vertex 7.37737 -12.3084 1.2
    endloop
  endfacet
  facet normal 0.37832 -0.597533 0.706986
    outer loop
      vertex 7.37737 -12.3084 1.2
      vertex 7.68584 -12.823 0.600001
      vertex 8.30577 -12.4305 0.600001
    endloop
  endfacet
  facet normal 0.405289 -0.914189 0
    outer loop
      vertex 5.72112 -13.812 0.3
      vertex 6.39195 -13.5146 0.600001
      vertex 5.72112 -13.812 0.600001
    endloop
  endfacet
  facet normal 0.405289 -0.914189 0
    outer loop
      vertex 6.39195 -13.5146 0.600001
      vertex 5.72112 -13.812 0.3
      vertex 6.39195 -13.5146 0.3
    endloop
  endfacet
  facet normal 0.313716 -0.949517 0
    outer loop
      vertex 4.33976 -14.3063 0.3
      vertex 5.0365 -14.0761 0.600001
      vertex 4.33976 -14.3063 0.600001
    endloop
  endfacet
  facet normal 0.313716 -0.949517 0
    outer loop
      vertex 5.0365 -14.0761 0.600001
      vertex 4.33976 -14.3063 0.3
      vertex 5.0365 -14.0761 0.3
    endloop
  endfacet
  facet normal 0.221857 -0.67149 0.707022
    outer loop
      vertex 4.16558 -13.7321 1.2
      vertex 4.33976 -14.3063 0.600001
      vertex 5.0365 -14.0761 0.600001
    endloop
  endfacet
  facet normal -0.557526 -0.435087 0.707011
    outer loop
      vertex -11.5565 -9.48418 0.600001
      vertex -11.1004 -9.10989 1.19
      vertex -11.5265 -8.56388 1.19
    endloop
  endfacet
  facet normal 0.535476 -0.461951 0.707012
    outer loop
      vertex 10.6326 -9.63687 1.2
      vertex 11.0772 -10.0398 0.600001
      vertex 11.0927 -9.10354 1.2
    endloop
  endfacet
  facet normal -0.0173494 0.707046 -0.706955
    outer loop
      vertex -0.733562 14.932 0.3
      vertex 0 14.95 0.3
      vertex -0.718841 14.6324 1.90735e-07
    endloop
  endfacet
  facet normal -0.317958 0.631703 0.707004
    outer loop
      vertex -7.04738 13.1847 0.600001
      vertex -6.13542 12.9722 1.2
      vertex -6.39195 13.5146 0.600001
    endloop
  endfacet
  facet normal -0.615353 0.348609 0.706974
    outer loop
      vertex -13.1847 7.04738 0.600001
      vertex -12.6556 6.76454 1.2
      vertex -12.823 7.68584 0.600001
    endloop
  endfacet
  facet normal -0.870077 0.492916 0
    outer loop
      vertex -13.1847 7.04738 0.3
      vertex -12.823 7.68584 0.600001
      vertex -12.823 7.68584 0.3
    endloop
  endfacet
  facet normal -0.870077 0.492916 0
    outer loop
      vertex -12.823 7.68584 0.600001
      vertex -13.1847 7.04738 0.3
      vertex -13.1847 7.04738 0.600001
    endloop
  endfacet
  facet normal 0.646522 0.286615 0.707008
    outer loop
      vertex 12.9862 6.12851 1.19
      vertex 13.2669 5.49533 1.19
      vertex 13.812 5.72112 0.600001
    endloop
  endfacet
  facet normal 0.449594 0.893233 -0
    outer loop
      vertex 7.04738 13.1847 0.3
      vertex 6.39195 13.5146 0.600001
      vertex 7.04738 13.1847 0.600001
    endloop
  endfacet
  facet normal 0.449594 0.893233 0
    outer loop
      vertex 6.39195 13.5146 0.600001
      vertex 7.04738 13.1847 0.3
      vertex 6.39195 13.5146 0.3
    endloop
  endfacet
  facet normal 0.317958 0.631703 0.707004
    outer loop
      vertex 6.13542 12.9722 1.2
      vertex 7.04738 13.1847 0.600001
      vertex 6.39195 13.5146 0.600001
    endloop
  endfacet
  facet normal 0.631718 0.317978 0.706982
    outer loop
      vertex 12.6644 6.76926 1.19
      vertex 12.9758 6.15061 1.19
      vertex 13.1847 7.04738 0.600001
    endloop
  endfacet
  facet normal 0.534933 0.844894 -0
    outer loop
      vertex 8.30577 12.4305 0.3
      vertex 7.68584 12.823 0.600001
      vertex 8.30577 12.4305 0.600001
    endloop
  endfacet
  facet normal 0.534933 0.844894 0
    outer loop
      vertex 7.68584 12.823 0.600001
      vertex 8.30577 12.4305 0.3
      vertex 7.68584 12.823 0.3
    endloop
  endfacet
  facet normal -0.512205 -0.487688 0.70697
    outer loop
      vertex -11.0772 -10.0398 0.600001
      vertex -10.1625 -10.1452 1.19
      vertex -10.6401 -9.64359 1.19
    endloop
  endfacet
  facet normal 0.154875 -0.689999 0.707047
    outer loop
      vertex 2.9166 -14.6627 0.600001
      vertex 3.63255 -14.502 0.600001
      vertex 3.48676 -13.9199 1.2
    endloop
  endfacet
  facet normal 0.707001 -0.0173101 -0.707001
    outer loop
      vertex 14.6324 -0.718841 1.90735e-07
      vertex 14.65 0 1.90735e-07
      vertex 14.95 0 0.3
    endloop
  endfacet
  facet normal -0.219008 -0.975723 0
    outer loop
      vertex -3.63255 -14.502 0.3
      vertex -2.9166 -14.6627 0.600001
      vertex -3.63255 -14.502 0.600001
    endloop
  endfacet
  facet normal -0.219008 -0.975723 -0
    outer loop
      vertex -2.9166 -14.6627 0.600001
      vertex -3.63255 -14.502 0.3
      vertex -2.9166 -14.6627 0.3
    endloop
  endfacet
  facet normal -0.286609 0.646489 -0.707041
    outer loop
      vertex -6.39195 13.5146 0.3
      vertex -5.72112 13.812 0.3
      vertex -5.60631 13.5348 1.90735e-07
    endloop
  endfacet
  facet normal -0.37832 0.597533 0.706986
    outer loop
      vertex -8.30577 12.4305 0.600001
      vertex -7.37737 12.3084 1.2
      vertex -7.68584 12.823 0.600001
    endloop
  endfacet
  facet normal 0.992483 -0.122381 0
    outer loop
      vertex 14.7882 -2.19362 0.600001
      vertex 14.878 -1.46536 0.3
      vertex 14.878 -1.46536 0.600001
    endloop
  endfacet
  facet normal 0.992483 -0.122381 0
    outer loop
      vertex 14.878 -1.46536 0.3
      vertex 14.7882 -2.19362 0.600001
      vertex 14.7882 -2.19362 0.3
    endloop
  endfacet
  facet normal 0.997289 -0.0735908 0
    outer loop
      vertex 14.878 -1.46536 0.600001
      vertex 14.932 -0.733562 0.3
      vertex 14.932 -0.733562 0.600001
    endloop
  endfacet
  facet normal 0.997289 -0.0735908 0
    outer loop
      vertex 14.932 -0.733562 0.3
      vertex 14.878 -1.46536 0.600001
      vertex 14.878 -1.46536 0.3
    endloop
  endfacet
  facet normal -0.120884 0.696847 -0.706959
    outer loop
      vertex -2.9166 14.6627 0.3
      vertex -2.1496 14.4914 1.90735e-07
      vertex -2.85807 14.3685 1.90735e-07
    endloop
  endfacet
  facet normal 0.975723 -0.219008 0
    outer loop
      vertex 14.502 -3.63255 0.600001
      vertex 14.6627 -2.9166 0.3
      vertex 14.6627 -2.9166 0.600001
    endloop
  endfacet
  facet normal 0.975723 -0.219008 0
    outer loop
      vertex 14.6627 -2.9166 0.3
      vertex 14.502 -3.63255 0.600001
      vertex 14.502 -3.63255 0.3
    endloop
  endfacet
  facet normal 0.154916 -0.690078 -0.706961
    outer loop
      vertex 2.85807 -14.3685 1.90735e-07
      vertex 3.55966 -14.211 1.90735e-07
      vertex 2.9166 -14.6627 0.3
    endloop
  endfacet
  facet normal -0.659834 0.254539 0.706986
    outer loop
      vertex -13.812 5.72112 0.600001
      vertex -13.5112 4.83437 1.2
      vertex -13.2577 5.49151 1.2
    endloop
  endfacet
  facet normal 0.512231 -0.4876 0.707012
    outer loop
      vertex 10.147 -10.147 1.2
      vertex 11.0772 -10.0398 0.600001
      vertex 10.6326 -9.63687 1.2
    endloop
  endfacet
  facet normal -0.57939 -0.405573 0.706977
    outer loop
      vertex -11.5411 -8.54424 1.19
      vertex -12.008 -8.9057 0.600001
      vertex -11.5341 -8.55424 1.19
    endloop
  endfacet
  facet normal -0.578196 -0.407194 0.707024
    outer loop
      vertex -12.008 -8.9057 0.600001
      vertex -11.5411 -8.54424 1.19
      vertex -12.4305 -8.30577 0.600001
    endloop
  endfacet
  facet normal -0.555409 -0.437874 0.706956
    outer loop
      vertex -12.008 -8.9057 0.600001
      vertex -11.5265 -8.56388 1.19
      vertex -11.5341 -8.55424 1.19
    endloop
  endfacet
  facet normal -0.557475 -0.435106 0.707039
    outer loop
      vertex -11.5265 -8.56388 1.19
      vertex -12.008 -8.9057 0.600001
      vertex -11.5565 -9.48418 0.600001
    endloop
  endfacet
  facet normal -0.286624 0.646523 0.707004
    outer loop
      vertex -6.39195 13.5146 0.600001
      vertex -6.13542 12.9722 1.2
      vertex -5.72112 13.812 0.600001
    endloop
  endfacet
  facet normal -0.487688 -0.512205 0.70697
    outer loop
      vertex -10.1452 -10.1625 1.19
      vertex -10.0398 -11.0772 0.600001
      vertex -9.64359 -10.6401 1.19
    endloop
  endfacet
  facet normal 0.705301 0.0520448 0.706995
    outer loop
      vertex 14.2809 1.40655 1.2
      vertex 14.932 0.733562 0.600001
      vertex 14.878 1.46536 0.600001
    endloop
  endfacet
  facet normal -0.932987 0.35991 0
    outer loop
      vertex -14.0761 5.0365 0.3
      vertex -13.812 5.72112 0.600001
      vertex -13.812 5.72112 0.3
    endloop
  endfacet
  facet normal -0.932987 0.35991 0
    outer loop
      vertex -13.812 5.72112 0.600001
      vertex -14.0761 5.0365 0.3
      vertex -14.0761 5.0365 0.600001
    endloop
  endfacet
  facet normal -0.0173479 0.706987 0.707014
    outer loop
      vertex -0.733562 14.932 0.600001
      vertex -0.704121 14.3327 1.2
      vertex 0 14.95 0.600001
    endloop
  endfacet
  facet normal 0.696845 0.120899 0.706959
    outer loop
      vertex 14.0743 2.79955 1.2
      vertex 14.1947 2.10558 1.2
      vertex 14.6627 2.9166 0.600001
    endloop
  endfacet
  facet normal 0.659787 0.254576 0.707017
    outer loop
      vertex 13.812 5.72112 0.600001
      vertex 13.312 5.37841 1.19
      vertex 13.5112 4.83437 1.2
    endloop
  endfacet
  facet normal 0.659819 0.254515 0.707008
    outer loop
      vertex 13.312 5.37841 1.19
      vertex 13.812 5.72112 0.600001
      vertex 13.2669 5.49533 1.19
    endloop
  endfacet
  facet normal 0.658818 0.25424 0.70804
    outer loop
      vertex 13.5112 4.83437 1.2
      vertex 13.312 5.37841 1.19
      vertex 13.3027 5.37466 1.2
    endloop
  endfacet
  facet normal -0.0866556 0.70195 -0.706935
    outer loop
      vertex -2.1496 14.4914 1.90735e-07
      vertex -1.46536 14.878 0.3
      vertex -1.43595 14.5795 1.90735e-07
    endloop
  endfacet
  facet normal -0.154888 0.690056 -0.706988
    outer loop
      vertex -3.63255 14.502 0.3
      vertex -2.9166 14.6627 0.3
      vertex -3.55966 14.211 1.90735e-07
    endloop
  endfacet
  facet normal -0.171029 0.985266 0
    outer loop
      vertex -2.19362 14.7882 0.3
      vertex -2.9166 14.6627 0.600001
      vertex -2.19362 14.7882 0.600001
    endloop
  endfacet
  facet normal -0.171029 0.985266 0
    outer loop
      vertex -2.9166 14.6627 0.600001
      vertex -2.19362 14.7882 0.3
      vertex -2.9166 14.6627 0.3
    endloop
  endfacet
  facet normal -0.435107 0.557525 -0.706999
    outer loop
      vertex -9.48418 11.5565 0.3
      vertex -8.72699 11.767 1.90735e-07
      vertex -9.29386 11.3246 1.90735e-07
    endloop
  endfacet
  facet normal -0.435108 -0.557478 -0.707035
    outer loop
      vertex -9.48418 -11.5565 0.3
      vertex -8.72699 -11.767 1.90735e-07
      vertex -8.9057 -12.008 0.3
    endloop
  endfacet
  facet normal -0.317971 -0.631694 -0.707006
    outer loop
      vertex -6.90596 -12.9201 1.90735e-07
      vertex -6.26368 -13.2434 1.90735e-07
      vertex -6.39195 -13.5146 0.3
    endloop
  endfacet
  facet normal -0.492916 -0.870077 0
    outer loop
      vertex -7.68584 -12.823 0.3
      vertex -7.04738 -13.1847 0.600001
      vertex -7.68584 -12.823 0.600001
    endloop
  endfacet
  facet normal -0.492916 -0.870077 -0
    outer loop
      vertex -7.04738 -13.1847 0.600001
      vertex -7.68584 -12.823 0.3
      vertex -7.04738 -13.1847 0.3
    endloop
  endfacet
  facet normal -0.154916 -0.690078 -0.706961
    outer loop
      vertex -3.55966 -14.211 1.90735e-07
      vertex -2.85807 -14.3685 1.90735e-07
      vertex -2.9166 -14.6627 0.3
    endloop
  endfacet
  facet normal -0.120884 -0.696847 -0.706959
    outer loop
      vertex -2.9166 -14.6627 0.3
      vertex -2.85807 -14.3685 1.90735e-07
      vertex -2.1496 -14.4914 1.90735e-07
    endloop
  endfacet
  facet normal -0.0520491 -0.70536 -0.706936
    outer loop
      vertex -1.46536 -14.878 0.3
      vertex -1.43595 -14.5795 1.90735e-07
      vertex -0.733562 -14.932 0.3
    endloop
  endfacet
  facet normal -0.221858 -0.67149 -0.707022
    outer loop
      vertex -5.0365 -14.0761 0.3
      vertex -4.25267 -14.0192 1.90735e-07
      vertex -4.33976 -14.3063 0.3
    endloop
  endfacet
  facet normal -0.221866 -0.671469 -0.70704
    outer loop
      vertex -5.0365 -14.0761 0.3
      vertex -4.93544 -13.7936 1.90735e-07
      vertex -4.25267 -14.0192 1.90735e-07
    endloop
  endfacet
  facet normal -0.0173101 -0.707001 -0.707001
    outer loop
      vertex -0.718841 -14.6324 1.90735e-07
      vertex 0 -14.65 1.90735e-07
      vertex 0 -14.95 0.3
    endloop
  endfacet
  facet normal -0.0735908 -0.997289 0
    outer loop
      vertex -1.46536 -14.878 0.3
      vertex -0.733562 -14.932 0.600001
      vertex -1.46536 -14.878 0.600001
    endloop
  endfacet
  facet normal -0.0735908 -0.997289 -0
    outer loop
      vertex -0.733562 -14.932 0.600001
      vertex -1.46536 -14.878 0.3
      vertex -0.733562 -14.932 0.3
    endloop
  endfacet
  facet normal -0.052032 0.705342 -0.706955
    outer loop
      vertex -1.43595 14.5795 1.90735e-07
      vertex -0.733562 14.932 0.3
      vertex -0.718841 14.6324 1.90735e-07
    endloop
  endfacet
  facet normal -0.25452 -0.659786 -0.707038
    outer loop
      vertex -5.72112 -13.812 0.3
      vertex -4.93544 -13.7936 1.90735e-07
      vertex -5.0365 -14.0761 0.3
    endloop
  endfacet
  facet normal -0.313716 -0.949517 0
    outer loop
      vertex -5.0365 -14.0761 0.3
      vertex -4.33976 -14.3063 0.600001
      vertex -5.0365 -14.0761 0.600001
    endloop
  endfacet
  facet normal -0.313716 -0.949517 -0
    outer loop
      vertex -4.33976 -14.3063 0.600001
      vertex -5.0365 -14.0761 0.3
      vertex -4.33976 -14.3063 0.3
    endloop
  endfacet
  facet normal 0.534933 -0.844894 0
    outer loop
      vertex 7.68584 -12.823 0.3
      vertex 8.30577 -12.4305 0.600001
      vertex 7.68584 -12.823 0.600001
    endloop
  endfacet
  facet normal 0.534933 -0.844894 0
    outer loop
      vertex 8.30577 -12.4305 0.600001
      vertex 7.68584 -12.823 0.3
      vertex 8.30577 -12.4305 0.3
    endloop
  endfacet
  facet normal 0.724203 -0.689587 0
    outer loop
      vertex 10.5712 -10.5712 0.600001
      vertex 11.0772 -10.0398 0.3
      vertex 11.0772 -10.0398 0.600001
    endloop
  endfacet
  facet normal 0.724203 -0.689587 0
    outer loop
      vertex 11.0772 -10.0398 0.3
      vertex 10.5712 -10.5712 0.600001
      vertex 10.5712 -10.5712 0.3
    endloop
  endfacet
  facet normal -0 0 -1
    outer loop
      vertex -10.0491 -8.24711 1.90735e-07
      vertex -11.1296 -8.30053 1.90735e-07
      vertex -11.0659 -8.13689 1.90735e-07
    endloop
  endfacet
  facet normal 0 0 -1
    outer loop
      vertex -10.0491 -8.24711 1.90735e-07
      vertex -11.3246 -9.29386 1.90735e-07
      vertex -11.1296 -8.30053 1.90735e-07
    endloop
  endfacet
  facet normal 0 0 -1
    outer loop
      vertex -11.1296 -8.30053 1.90735e-07
      vertex -11.3246 -9.29386 1.90735e-07
      vertex -11.251 -8.42737 1.90735e-07
    endloop
  endfacet
  facet normal 0 0 -1
    outer loop
      vertex -11.3246 -9.29386 1.90735e-07
      vertex -11.4117 -8.49808 1.90735e-07
      vertex -11.251 -8.42737 1.90735e-07
    endloop
  endfacet
  facet normal 0 0 -1
    outer loop
      vertex -11.767 -8.72699 1.90735e-07
      vertex -11.4117 -8.49808 1.90735e-07
      vertex -11.3246 -9.29386 1.90735e-07
    endloop
  endfacet
  facet normal 0 0 -1
    outer loop
      vertex -11.4117 -8.49808 1.90735e-07
      vertex -11.767 -8.72699 1.90735e-07
      vertex -11.5872 -8.50191 1.90735e-07
    endloop
  endfacet
  facet normal -0 0 -1
    outer loop
      vertex -11.5872 -8.50191 1.90735e-07
      vertex -11.767 -8.72699 1.90735e-07
      vertex -11.7509 -8.43827 1.90735e-07
    endloop
  endfacet
  facet normal 0 0 -1
    outer loop
      vertex -11.767 -8.72699 1.90735e-07
      vertex -11.8777 -8.31686 1.90735e-07
      vertex -11.7509 -8.43827 1.90735e-07
    endloop
  endfacet
  facet normal 0 0 -1
    outer loop
      vertex -12.181 -8.1391 1.90735e-07
      vertex -11.8777 -8.31686 1.90735e-07
      vertex -11.767 -8.72699 1.90735e-07
    endloop
  endfacet
  facet normal 0 0 -1
    outer loop
      vertex -11.8777 -8.31686 1.90735e-07
      vertex -12.181 -8.1391 1.90735e-07
      vertex -11.9484 -8.15615 1.90735e-07
    endloop
  endfacet
  facet normal 0 0 -1
    outer loop
      vertex -12.181 -8.1391 1.90735e-07
      vertex -11.9522 -7.98061 1.90735e-07
      vertex -11.9484 -8.15615 1.90735e-07
    endloop
  endfacet
  facet normal 0 0 -1
    outer loop
      vertex -12.9201 -6.90596 1.90735e-07
      vertex -11.465 -6.12816 1.90735e-07
      vertex -12.5657 -7.5316 1.90735e-07
    endloop
  endfacet
  facet normal -0 0 -1
    outer loop
      vertex -11.465 -6.12816 1.90735e-07
      vertex -12.9201 -6.90596 1.90735e-07
      vertex -11.7519 -5.55822 1.90735e-07
    endloop
  endfacet
  facet normal 0 0 -1
    outer loop
      vertex -13.2434 -6.26368 1.90735e-07
      vertex -11.7519 -5.55822 1.90735e-07
      vertex -12.9201 -6.90596 1.90735e-07
    endloop
  endfacet
  facet normal -0 0 -1
    outer loop
      vertex -11.7519 -5.55822 1.90735e-07
      vertex -13.2434 -6.26368 1.90735e-07
      vertex -12.0104 -4.97488 1.90735e-07
    endloop
  endfacet
  facet normal 0 0 -1
    outer loop
      vertex -13.5348 -5.60631 1.90735e-07
      vertex -12.0104 -4.97488 1.90735e-07
      vertex -13.2434 -6.26368 1.90735e-07
    endloop
  endfacet
  facet normal -0 0 -1
    outer loop
      vertex -12.0104 -4.97488 1.90735e-07
      vertex -13.5348 -5.60631 1.90735e-07
      vertex -12.2401 -4.37957 1.90735e-07
    endloop
  endfacet
  facet normal 0 0 -1
    outer loop
      vertex -13.7936 -4.93544 1.90735e-07
      vertex -12.2401 -4.37957 1.90735e-07
      vertex -13.5348 -5.60631 1.90735e-07
    endloop
  endfacet
  facet normal -0 0 -1
    outer loop
      vertex -12.2401 -4.37957 1.90735e-07
      vertex -13.7936 -4.93544 1.90735e-07
      vertex -12.4402 -3.7737 1.90735e-07
    endloop
  endfacet
  facet normal 0 0 -1
    outer loop
      vertex -14.0192 -4.25267 1.90735e-07
      vertex -12.4402 -3.7737 1.90735e-07
      vertex -13.7936 -4.93544 1.90735e-07
    endloop
  endfacet
  facet normal -0 0 -1
    outer loop
      vertex -12.4402 -3.7737 1.90735e-07
      vertex -14.0192 -4.25267 1.90735e-07
      vertex -12.6104 -3.15874 1.90735e-07
    endloop
  endfacet
  facet normal 0 0 -1
    outer loop
      vertex -14.211 -3.55966 1.90735e-07
      vertex -12.6104 -3.15874 1.90735e-07
      vertex -14.0192 -4.25267 1.90735e-07
    endloop
  endfacet
  facet normal -0 0 -1
    outer loop
      vertex -12.6104 -3.15874 1.90735e-07
      vertex -14.211 -3.55966 1.90735e-07
      vertex -12.7502 -2.53617 1.90735e-07
    endloop
  endfacet
  facet normal 0 0 -1
    outer loop
      vertex 12.5657 7.5316 1.90735e-07
      vertex 11.8886 7.81696 1.90735e-07
      vertex 11.9522 7.98061 1.90735e-07
    endloop
  endfacet
  facet normal 0 0 -1
    outer loop
      vertex 11.465 6.12816 1.90735e-07
      vertex 12.9201 6.90596 1.90735e-07
      vertex 11.7519 5.55822 1.90735e-07
    endloop
  endfacet
  facet normal 0 0 -1
    outer loop
      vertex 11.1505 6.68334 1.90735e-07
      vertex 12.9201 6.90596 1.90735e-07
      vertex 11.465 6.12816 1.90735e-07
    endloop
  endfacet
  facet normal 0 0 -1
    outer loop
      vertex 12.9201 6.90596 1.90735e-07
      vertex 11.7672 7.69013 1.90735e-07
      vertex 11.8886 7.81696 1.90735e-07
    endloop
  endfacet
  facet normal 0 0 -1
    outer loop
      vertex 12.9201 6.90596 1.90735e-07
      vertex 11.6065 7.61942 1.90735e-07
      vertex 11.7672 7.69013 1.90735e-07
    endloop
  endfacet
  facet normal -0 0 -1
    outer loop
      vertex 12.9201 6.90596 1.90735e-07
      vertex 11.1505 6.68334 1.90735e-07
      vertex 11.6065 7.61942 1.90735e-07
    endloop
  endfacet
  facet normal 0 0 -1
    outer loop
      vertex 11.6065 7.61942 1.90735e-07
      vertex 11.1505 6.68334 1.90735e-07
      vertex 11.4309 7.61559 1.90735e-07
    endloop
  endfacet
  facet normal 0 0 -1
    outer loop
      vertex 10.8091 7.22241 1.90735e-07
      vertex 11.4309 7.61559 1.90735e-07
      vertex 11.1505 6.68334 1.90735e-07
    endloop
  endfacet
  facet normal -0 0 -1
    outer loop
      vertex 11.4309 7.61559 1.90735e-07
      vertex 10.8091 7.22241 1.90735e-07
      vertex 11.2673 7.67922 1.90735e-07
    endloop
  endfacet
  facet normal -0 0 -1
    outer loop
      vertex 11.2673 7.67922 1.90735e-07
      vertex 10.8091 7.22241 1.90735e-07
      vertex 11.1405 7.80064 1.90735e-07
    endloop
  endfacet
  facet normal 0 0 -1
    outer loop
      vertex 10.4417 7.74409 1.90735e-07
      vertex 11.0659 8.13689 1.90735e-07
      vertex 11.0698 7.96135 1.90735e-07
    endloop
  endfacet
  facet normal 0 0 -1
    outer loop
      vertex 10.4417 7.74409 1.90735e-07
      vertex 11.1405 7.80064 1.90735e-07
      vertex 10.8091 7.22241 1.90735e-07
    endloop
  endfacet
  facet normal -0 0 -1
    outer loop
      vertex 11.1405 7.80064 1.90735e-07
      vertex 10.4417 7.74409 1.90735e-07
      vertex 11.0698 7.96135 1.90735e-07
    endloop
  endfacet
  facet normal -0 0 -1
    outer loop
      vertex 11.0659 8.13689 1.90735e-07
      vertex 10.4417 7.74409 1.90735e-07
      vertex 10.0491 8.24711 1.90735e-07
    endloop
  endfacet
  facet normal 0 0 -1
    outer loop
      vertex 11.0659 8.13689 1.90735e-07
      vertex 10.0491 8.24711 1.90735e-07
      vertex 10.8549 9.83834 1.90735e-07
    endloop
  endfacet
  facet normal 0 0 -1
    outer loop
      vertex 9.63236 8.73027 1.90735e-07
      vertex 10.8549 9.83834 1.90735e-07
      vertex 10.0491 8.24711 1.90735e-07
    endloop
  endfacet
  facet normal -0 0 -1
    outer loop
      vertex 10.8549 9.83834 1.90735e-07
      vertex 9.63236 8.73027 1.90735e-07
      vertex 10.3591 10.3591 1.90735e-07
    endloop
  endfacet
  facet normal 0 0 -1
    outer loop
      vertex 9.19239 9.19239 1.90735e-07
      vertex 10.3591 10.3591 1.90735e-07
      vertex 9.63236 8.73027 1.90735e-07
    endloop
  endfacet
  facet normal -0 0 -1
    outer loop
      vertex 10.3591 10.3591 1.90735e-07
      vertex 9.19239 9.19239 1.90735e-07
      vertex 9.83834 10.8549 1.90735e-07
    endloop
  endfacet
  facet normal 0 0 -1
    outer loop
      vertex 8.73027 9.63236 1.90735e-07
      vertex 9.83834 10.8549 1.90735e-07
      vertex 9.19239 9.19239 1.90735e-07
    endloop
  endfacet
  facet normal -0 0 -1
    outer loop
      vertex 9.83834 10.8549 1.90735e-07
      vertex 8.73027 9.63236 1.90735e-07
      vertex 9.29386 11.3246 1.90735e-07
    endloop
  endfacet
  facet normal 0 0 -1
    outer loop
      vertex 8.24711 10.0491 1.90735e-07
      vertex 9.29386 11.3246 1.90735e-07
      vertex 8.73027 9.63236 1.90735e-07
    endloop
  endfacet
  facet normal -0 0 -1
    outer loop
      vertex 9.29386 11.3246 1.90735e-07
      vertex 8.24711 10.0491 1.90735e-07
      vertex 8.72699 11.767 1.90735e-07
    endloop
  endfacet
  facet normal 0 0 -1
    outer loop
      vertex 7.74409 10.4417 1.90735e-07
      vertex 8.72699 11.767 1.90735e-07
      vertex 8.24711 10.0491 1.90735e-07
    endloop
  endfacet
  facet normal -0 0 -1
    outer loop
      vertex 8.72699 11.767 1.90735e-07
      vertex 7.74409 10.4417 1.90735e-07
      vertex 8.1391 12.181 1.90735e-07
    endloop
  endfacet
  facet normal 0 0 -1
    outer loop
      vertex 7.22241 10.8091 1.90735e-07
      vertex 8.1391 12.181 1.90735e-07
      vertex 7.74409 10.4417 1.90735e-07
    endloop
  endfacet
  facet normal -0 0 -1
    outer loop
      vertex 8.1391 12.181 1.90735e-07
      vertex 7.22241 10.8091 1.90735e-07
      vertex 7.5316 12.5657 1.90735e-07
    endloop
  endfacet
  facet normal 0 0 -1
    outer loop
      vertex 6.68334 11.1505 1.90735e-07
      vertex 7.5316 12.5657 1.90735e-07
      vertex 7.22241 10.8091 1.90735e-07
    endloop
  endfacet
  facet normal -0 0 -1
    outer loop
      vertex 7.5316 12.5657 1.90735e-07
      vertex 6.68334 11.1505 1.90735e-07
      vertex 6.90596 12.9201 1.90735e-07
    endloop
  endfacet
  facet normal 0 0 -1
    outer loop
      vertex 6.12816 11.465 1.90735e-07
      vertex 6.90596 12.9201 1.90735e-07
      vertex 6.68334 11.1505 1.90735e-07
    endloop
  endfacet
  facet normal -0 0 -1
    outer loop
      vertex 6.90596 12.9201 1.90735e-07
      vertex 6.12816 11.465 1.90735e-07
      vertex 6.26368 13.2434 1.90735e-07
    endloop
  endfacet
  facet normal 0 0 -1
    outer loop
      vertex 5.55822 11.7519 1.90735e-07
      vertex 6.26368 13.2434 1.90735e-07
      vertex 6.12816 11.465 1.90735e-07
    endloop
  endfacet
  facet normal -0 0 -1
    outer loop
      vertex 6.26368 13.2434 1.90735e-07
      vertex 5.55822 11.7519 1.90735e-07
      vertex 5.60631 13.5348 1.90735e-07
    endloop
  endfacet
  facet normal 0 0 -1
    outer loop
      vertex 4.97488 12.0104 1.90735e-07
      vertex 5.60631 13.5348 1.90735e-07
      vertex 5.55822 11.7519 1.90735e-07
    endloop
  endfacet
  facet normal 0 0 -1
    outer loop
      vertex 4.97488 12.0104 1.90735e-07
      vertex 4.93544 13.7936 1.90735e-07
      vertex 5.60631 13.5348 1.90735e-07
    endloop
  endfacet
  facet normal 0 0 -1
    outer loop
      vertex 4.37957 12.2401 1.90735e-07
      vertex 4.93544 13.7936 1.90735e-07
      vertex 4.97488 12.0104 1.90735e-07
    endloop
  endfacet
  facet normal 0 0 -1
    outer loop
      vertex 4.37957 12.2401 1.90735e-07
      vertex 4.25267 14.0192 1.90735e-07
      vertex 4.93544 13.7936 1.90735e-07
    endloop
  endfacet
  facet normal 0 0 -1
    outer loop
      vertex 3.7737 12.4402 1.90735e-07
      vertex 4.25267 14.0192 1.90735e-07
      vertex 4.37957 12.2401 1.90735e-07
    endloop
  endfacet
  facet normal 0 0 -1
    outer loop
      vertex 3.7737 12.4402 1.90735e-07
      vertex 3.55966 14.211 1.90735e-07
      vertex 4.25267 14.0192 1.90735e-07
    endloop
  endfacet
  facet normal 0 0 -1
    outer loop
      vertex 3.15874 12.6104 1.90735e-07
      vertex 3.55966 14.211 1.90735e-07
      vertex 3.7737 12.4402 1.90735e-07
    endloop
  endfacet
  facet normal 0 0 -1
    outer loop
      vertex 3.15874 12.6104 1.90735e-07
      vertex 2.85807 14.3685 1.90735e-07
      vertex 3.55966 14.211 1.90735e-07
    endloop
  endfacet
  facet normal 0 0 -1
    outer loop
      vertex 2.53617 12.7502 1.90735e-07
      vertex 2.85807 14.3685 1.90735e-07
      vertex 3.15874 12.6104 1.90735e-07
    endloop
  endfacet
  facet normal 0 0 -1
    outer loop
      vertex 2.53617 12.7502 1.90735e-07
      vertex 2.1496 14.4914 1.90735e-07
      vertex 2.85807 14.3685 1.90735e-07
    endloop
  endfacet
  facet normal 0 0 -1
    outer loop
      vertex 1.9075 12.8593 1.90735e-07
      vertex 2.1496 14.4914 1.90735e-07
      vertex 2.53617 12.7502 1.90735e-07
    endloop
  endfacet
  facet normal 0 0 -1
    outer loop
      vertex 1.9075 12.8593 1.90735e-07
      vertex 1.43595 14.5795 1.90735e-07
      vertex 2.1496 14.4914 1.90735e-07
    endloop
  endfacet
  facet normal 0 0 -1
    outer loop
      vertex 1.27422 12.9374 1.90735e-07
      vertex 1.43595 14.5795 1.90735e-07
      vertex 1.9075 12.8593 1.90735e-07
    endloop
  endfacet
  facet normal 0 0 -1
    outer loop
      vertex 1.27422 12.9374 1.90735e-07
      vertex 0.718841 14.6324 1.90735e-07
      vertex 1.43595 14.5795 1.90735e-07
    endloop
  endfacet
  facet normal 0 0 -1
    outer loop
      vertex 0.637879 12.9843 1.90735e-07
      vertex 0.718841 14.6324 1.90735e-07
      vertex 1.27422 12.9374 1.90735e-07
    endloop
  endfacet
  facet normal 0 0 -1
    outer loop
      vertex 0 13 1.90735e-07
      vertex 0.718841 14.6324 1.90735e-07
      vertex 0.637879 12.9843 1.90735e-07
    endloop
  endfacet
  facet normal 0 0 -1
    outer loop
      vertex 0 13 1.90735e-07
      vertex 0 14.65 1.90735e-07
      vertex 0.718841 14.6324 1.90735e-07
    endloop
  endfacet
  facet normal 0 0 -1
    outer loop
      vertex -0.637879 12.9843 1.90735e-07
      vertex 0 14.65 1.90735e-07
      vertex 0 13 1.90735e-07
    endloop
  endfacet
  facet normal 0 0 -1
    outer loop
      vertex -0.637879 12.9843 1.90735e-07
      vertex -0.718841 14.6324 1.90735e-07
      vertex 0 14.65 1.90735e-07
    endloop
  endfacet
  facet normal 0 0 -1
    outer loop
      vertex -1.27422 12.9374 1.90735e-07
      vertex -0.718841 14.6324 1.90735e-07
      vertex -0.637879 12.9843 1.90735e-07
    endloop
  endfacet
  facet normal 0 0 -1
    outer loop
      vertex -1.27422 12.9374 1.90735e-07
      vertex -1.43595 14.5795 1.90735e-07
      vertex -0.718841 14.6324 1.90735e-07
    endloop
  endfacet
  facet normal 0 0 -1
    outer loop
      vertex -1.9075 12.8593 1.90735e-07
      vertex -1.43595 14.5795 1.90735e-07
      vertex -1.27422 12.9374 1.90735e-07
    endloop
  endfacet
  facet normal 0 0 -1
    outer loop
      vertex -1.9075 12.8593 1.90735e-07
      vertex -2.1496 14.4914 1.90735e-07
      vertex -1.43595 14.5795 1.90735e-07
    endloop
  endfacet
  facet normal 0 0 -1
    outer loop
      vertex -2.53617 12.7502 1.90735e-07
      vertex -2.1496 14.4914 1.90735e-07
      vertex -1.9075 12.8593 1.90735e-07
    endloop
  endfacet
  facet normal 0 0 -1
    outer loop
      vertex -2.53617 12.7502 1.90735e-07
      vertex -2.85807 14.3685 1.90735e-07
      vertex -2.1496 14.4914 1.90735e-07
    endloop
  endfacet
  facet normal 0 0 -1
    outer loop
      vertex -3.15874 12.6104 1.90735e-07
      vertex -2.85807 14.3685 1.90735e-07
      vertex -2.53617 12.7502 1.90735e-07
    endloop
  endfacet
  facet normal 0 0 -1
    outer loop
      vertex -3.15874 12.6104 1.90735e-07
      vertex -3.55966 14.211 1.90735e-07
      vertex -2.85807 14.3685 1.90735e-07
    endloop
  endfacet
  facet normal 0 0 -1
    outer loop
      vertex -3.7737 12.4402 1.90735e-07
      vertex -3.55966 14.211 1.90735e-07
      vertex -3.15874 12.6104 1.90735e-07
    endloop
  endfacet
  facet normal 0 0 -1
    outer loop
      vertex -3.7737 12.4402 1.90735e-07
      vertex -4.25267 14.0192 1.90735e-07
      vertex -3.55966 14.211 1.90735e-07
    endloop
  endfacet
  facet normal 0 0 -1
    outer loop
      vertex -4.37957 12.2401 1.90735e-07
      vertex -4.25267 14.0192 1.90735e-07
      vertex -3.7737 12.4402 1.90735e-07
    endloop
  endfacet
  facet normal 0 0 -1
    outer loop
      vertex -4.37957 12.2401 1.90735e-07
      vertex -4.93544 13.7936 1.90735e-07
      vertex -4.25267 14.0192 1.90735e-07
    endloop
  endfacet
  facet normal 0 0 -1
    outer loop
      vertex -4.97488 12.0104 1.90735e-07
      vertex -4.93544 13.7936 1.90735e-07
      vertex -4.37957 12.2401 1.90735e-07
    endloop
  endfacet
  facet normal 0 0 -1
    outer loop
      vertex -5.60631 13.5348 1.90735e-07
      vertex -4.97488 12.0104 1.90735e-07
      vertex -5.55822 11.7519 1.90735e-07
    endloop
  endfacet
  facet normal 0 0 -1
    outer loop
      vertex -4.97488 12.0104 1.90735e-07
      vertex -5.60631 13.5348 1.90735e-07
      vertex -4.93544 13.7936 1.90735e-07
    endloop
  endfacet
  facet normal 0 0 -1
    outer loop
      vertex -6.26368 13.2434 1.90735e-07
      vertex -5.55822 11.7519 1.90735e-07
      vertex -6.12816 11.465 1.90735e-07
    endloop
  endfacet
  facet normal 0 0 -1
    outer loop
      vertex -5.55822 11.7519 1.90735e-07
      vertex -6.26368 13.2434 1.90735e-07
      vertex -5.60631 13.5348 1.90735e-07
    endloop
  endfacet
  facet normal 0 0 -1
    outer loop
      vertex -6.90596 12.9201 1.90735e-07
      vertex -6.12816 11.465 1.90735e-07
      vertex -6.68334 11.1505 1.90735e-07
    endloop
  endfacet
  facet normal 0 0 -1
    outer loop
      vertex -6.12816 11.465 1.90735e-07
      vertex -6.90596 12.9201 1.90735e-07
      vertex -6.26368 13.2434 1.90735e-07
    endloop
  endfacet
  facet normal 0 0 -1
    outer loop
      vertex -7.5316 12.5657 1.90735e-07
      vertex -6.68334 11.1505 1.90735e-07
      vertex -7.22241 10.8091 1.90735e-07
    endloop
  endfacet
  facet normal 0 0 -1
    outer loop
      vertex -6.68334 11.1505 1.90735e-07
      vertex -7.5316 12.5657 1.90735e-07
      vertex -6.90596 12.9201 1.90735e-07
    endloop
  endfacet
  facet normal 0 0 -1
    outer loop
      vertex -8.1391 12.181 1.90735e-07
      vertex -7.22241 10.8091 1.90735e-07
      vertex -7.74409 10.4417 1.90735e-07
    endloop
  endfacet
  facet normal 0 0 -1
    outer loop
      vertex -7.22241 10.8091 1.90735e-07
      vertex -8.1391 12.181 1.90735e-07
      vertex -7.5316 12.5657 1.90735e-07
    endloop
  endfacet
  facet normal 0 0 -1
    outer loop
      vertex -8.72699 11.767 1.90735e-07
      vertex -7.74409 10.4417 1.90735e-07
      vertex -8.24711 10.0491 1.90735e-07
    endloop
  endfacet
  facet normal 0 0 -1
    outer loop
      vertex -7.74409 10.4417 1.90735e-07
      vertex -8.72699 11.767 1.90735e-07
      vertex -8.1391 12.181 1.90735e-07
    endloop
  endfacet
  facet normal 0 0 -1
    outer loop
      vertex -9.29386 11.3246 1.90735e-07
      vertex -8.24711 10.0491 1.90735e-07
      vertex -8.73027 9.63236 1.90735e-07
    endloop
  endfacet
  facet normal 0 0 -1
    outer loop
      vertex -9.83834 10.8549 1.90735e-07
      vertex -8.73027 9.63236 1.90735e-07
      vertex -9.19239 9.19239 1.90735e-07
    endloop
  endfacet
  facet normal 0 0 -1
    outer loop
      vertex -8.24711 10.0491 1.90735e-07
      vertex -9.29386 11.3246 1.90735e-07
      vertex -8.72699 11.767 1.90735e-07
    endloop
  endfacet
  facet normal 0 0 -1
    outer loop
      vertex -10.3591 10.3591 1.90735e-07
      vertex -9.19239 9.19239 1.90735e-07
      vertex -9.63236 8.73027 1.90735e-07
    endloop
  endfacet
  facet normal 0 0 -1
    outer loop
      vertex -8.73027 9.63236 1.90735e-07
      vertex -9.83834 10.8549 1.90735e-07
      vertex -9.29386 11.3246 1.90735e-07
    endloop
  endfacet
  facet normal 0 0 -1
    outer loop
      vertex -10.8549 9.83834 1.90735e-07
      vertex -9.63236 8.73027 1.90735e-07
      vertex -10.0491 8.24711 1.90735e-07
    endloop
  endfacet
  facet normal 0 0 -1
    outer loop
      vertex -9.19239 9.19239 1.90735e-07
      vertex -10.3591 10.3591 1.90735e-07
      vertex -9.83834 10.8549 1.90735e-07
    endloop
  endfacet
  facet normal 0 0 -1
    outer loop
      vertex -11.3246 9.29386 1.90735e-07
      vertex -10.0491 8.24711 1.90735e-07
      vertex -10.4417 7.74409 1.90735e-07
    endloop
  endfacet
  facet normal 0 0 -1
    outer loop
      vertex -11.767 8.72699 1.90735e-07
      vertex -10.4417 7.74409 1.90735e-07
      vertex -10.8091 7.22241 1.90735e-07
    endloop
  endfacet
  facet normal 0 0 -1
    outer loop
      vertex -9.63236 8.73027 1.90735e-07
      vertex -10.8549 9.83834 1.90735e-07
      vertex -10.3591 10.3591 1.90735e-07
    endloop
  endfacet
  facet normal 0 0 -1
    outer loop
      vertex -12.181 8.1391 1.90735e-07
      vertex -10.8091 7.22241 1.90735e-07
      vertex -11.1505 6.68334 1.90735e-07
    endloop
  endfacet
  facet normal 0 0 -1
    outer loop
      vertex -10.0491 8.24711 1.90735e-07
      vertex -11.3246 9.29386 1.90735e-07
      vertex -10.8549 9.83834 1.90735e-07
    endloop
  endfacet
  facet normal 0 0 -1
    outer loop
      vertex -12.5657 7.5316 1.90735e-07
      vertex -11.1505 6.68334 1.90735e-07
      vertex -11.465 6.12816 1.90735e-07
    endloop
  endfacet
  facet normal 0 0 -1
    outer loop
      vertex -12.9201 6.90596 1.90735e-07
      vertex -11.465 6.12816 1.90735e-07
      vertex -11.7519 5.55822 1.90735e-07
    endloop
  endfacet
  facet normal 0 0 -1
    outer loop
      vertex -10.4417 7.74409 1.90735e-07
      vertex -11.767 8.72699 1.90735e-07
      vertex -11.3246 9.29386 1.90735e-07
    endloop
  endfacet
  facet normal 0 0 -1
    outer loop
      vertex -13.2434 6.26368 1.90735e-07
      vertex -11.7519 5.55822 1.90735e-07
      vertex -12.0104 4.97488 1.90735e-07
    endloop
  endfacet
  facet normal 0 0 -1
    outer loop
      vertex -10.8091 7.22241 1.90735e-07
      vertex -12.181 8.1391 1.90735e-07
      vertex -11.767 8.72699 1.90735e-07
    endloop
  endfacet
  facet normal 0 0 -1
    outer loop
      vertex -13.5348 5.60631 1.90735e-07
      vertex -12.0104 4.97488 1.90735e-07
      vertex -12.2401 4.37957 1.90735e-07
    endloop
  endfacet
  facet normal 0 0 -1
    outer loop
      vertex -13.7936 4.93544 1.90735e-07
      vertex -12.2401 4.37957 1.90735e-07
      vertex -12.4402 3.7737 1.90735e-07
    endloop
  endfacet
  facet normal 0 0 -1
    outer loop
      vertex -11.1505 6.68334 1.90735e-07
      vertex -12.5657 7.5316 1.90735e-07
      vertex -12.181 8.1391 1.90735e-07
    endloop
  endfacet
  facet normal 0 0 -1
    outer loop
      vertex -14.0192 4.25267 1.90735e-07
      vertex -12.4402 3.7737 1.90735e-07
      vertex -12.6104 3.15874 1.90735e-07
    endloop
  endfacet
  facet normal 0 0 -1
    outer loop
      vertex -14.211 3.55966 1.90735e-07
      vertex -12.6104 3.15874 1.90735e-07
      vertex -12.7502 2.53617 1.90735e-07
    endloop
  endfacet
  facet normal 0 0 -1
    outer loop
      vertex -14.3685 2.85807 1.90735e-07
      vertex -12.7502 2.53617 1.90735e-07
      vertex -12.8593 1.9075 1.90735e-07
    endloop
  endfacet
  facet normal 0 0 -1
    outer loop
      vertex -11.465 6.12816 1.90735e-07
      vertex -12.9201 6.90596 1.90735e-07
      vertex -12.5657 7.5316 1.90735e-07
    endloop
  endfacet
  facet normal 0 0 -1
    outer loop
      vertex -14.4914 2.1496 1.90735e-07
      vertex -12.8593 1.9075 1.90735e-07
      vertex -12.9374 1.27422 1.90735e-07
    endloop
  endfacet
  facet normal 0 0 -1
    outer loop
      vertex -14.5795 1.43595 1.90735e-07
      vertex -12.9374 1.27422 1.90735e-07
      vertex -12.9843 0.637879 1.90735e-07
    endloop
  endfacet
  facet normal 0 0 -1
    outer loop
      vertex -14.6324 0.718841 1.90735e-07
      vertex -12.9843 0.637879 1.90735e-07
      vertex -13 0 1.90735e-07
    endloop
  endfacet
  facet normal 0 0 -1
    outer loop
      vertex -14.3685 -2.85807 1.90735e-07
      vertex -12.7502 -2.53617 1.90735e-07
      vertex -14.211 -3.55966 1.90735e-07
    endloop
  endfacet
  facet normal 0 0 -1
    outer loop
      vertex -11.7519 5.55822 1.90735e-07
      vertex -13.2434 6.26368 1.90735e-07
      vertex -12.9201 6.90596 1.90735e-07
    endloop
  endfacet
  facet normal -0 0 -1
    outer loop
      vertex -12.7502 -2.53617 1.90735e-07
      vertex -14.3685 -2.85807 1.90735e-07
      vertex -12.8593 -1.9075 1.90735e-07
    endloop
  endfacet
  facet normal 0 0 -1
    outer loop
      vertex -12.0104 4.97488 1.90735e-07
      vertex -13.5348 5.60631 1.90735e-07
      vertex -13.2434 6.26368 1.90735e-07
    endloop
  endfacet
  facet normal 0 0 -1
    outer loop
      vertex -14.4914 -2.1496 1.90735e-07
      vertex -12.8593 -1.9075 1.90735e-07
      vertex -14.3685 -2.85807 1.90735e-07
    endloop
  endfacet
  facet normal 0 0 -1
    outer loop
      vertex -12.2401 4.37957 1.90735e-07
      vertex -13.7936 4.93544 1.90735e-07
      vertex -13.5348 5.60631 1.90735e-07
    endloop
  endfacet
  facet normal -0 0 -1
    outer loop
      vertex -12.8593 -1.9075 1.90735e-07
      vertex -14.4914 -2.1496 1.90735e-07
      vertex -12.9374 -1.27422 1.90735e-07
    endloop
  endfacet
  facet normal 0 0 -1
    outer loop
      vertex -12.4402 3.7737 1.90735e-07
      vertex -14.0192 4.25267 1.90735e-07
      vertex -13.7936 4.93544 1.90735e-07
    endloop
  endfacet
  facet normal 0 0 -1
    outer loop
      vertex -14.5795 -1.43595 1.90735e-07
      vertex -12.9374 -1.27422 1.90735e-07
      vertex -14.4914 -2.1496 1.90735e-07
    endloop
  endfacet
  facet normal 0 0 -1
    outer loop
      vertex -12.6104 3.15874 1.90735e-07
      vertex -14.211 3.55966 1.90735e-07
      vertex -14.0192 4.25267 1.90735e-07
    endloop
  endfacet
  facet normal -0 0 -1
    outer loop
      vertex -12.9374 -1.27422 1.90735e-07
      vertex -14.5795 -1.43595 1.90735e-07
      vertex -12.9843 -0.637879 1.90735e-07
    endloop
  endfacet
  facet normal 0 0 -1
    outer loop
      vertex -12.7502 2.53617 1.90735e-07
      vertex -14.3685 2.85807 1.90735e-07
      vertex -14.211 3.55966 1.90735e-07
    endloop
  endfacet
  facet normal 0 0 -1
    outer loop
      vertex -14.6324 -0.718841 1.90735e-07
      vertex -12.9843 -0.637879 1.90735e-07
      vertex -14.5795 -1.43595 1.90735e-07
    endloop
  endfacet
  facet normal 0 0 -1
    outer loop
      vertex -12.8593 1.9075 1.90735e-07
      vertex -14.4914 2.1496 1.90735e-07
      vertex -14.3685 2.85807 1.90735e-07
    endloop
  endfacet
  facet normal -0 0 -1
    outer loop
      vertex -12.9843 -0.637879 1.90735e-07
      vertex -14.6324 -0.718841 1.90735e-07
      vertex -13 0 1.90735e-07
    endloop
  endfacet
  facet normal 0 0 -1
    outer loop
      vertex -12.9374 1.27422 1.90735e-07
      vertex -14.5795 1.43595 1.90735e-07
      vertex -14.4914 2.1496 1.90735e-07
    endloop
  endfacet
  facet normal 0 0 -1
    outer loop
      vertex -14.65 0 1.90735e-07
      vertex -13 0 1.90735e-07
      vertex -14.6324 -0.718841 1.90735e-07
    endloop
  endfacet
  facet normal 0 0 -1
    outer loop
      vertex -12.9843 0.637879 1.90735e-07
      vertex -14.6324 0.718841 1.90735e-07
      vertex -14.5795 1.43595 1.90735e-07
    endloop
  endfacet
  facet normal 0 0 -1
    outer loop
      vertex -13 0 1.90735e-07
      vertex -14.65 0 1.90735e-07
      vertex -14.6324 0.718841 1.90735e-07
    endloop
  endfacet
  facet normal 0 0 -1
    outer loop
      vertex 13 0 1.90735e-07
      vertex 14.65 0 1.90735e-07
      vertex 14.6324 -0.718841 1.90735e-07
    endloop
  endfacet
  facet normal 0 0 -1
    outer loop
      vertex 12.9843 -0.637879 1.90735e-07
      vertex 14.6324 -0.718841 1.90735e-07
      vertex 14.5795 -1.43595 1.90735e-07
    endloop
  endfacet
  facet normal 0 0 -1
    outer loop
      vertex 14.65 0 1.90735e-07
      vertex 13 0 1.90735e-07
      vertex 14.6324 0.718841 1.90735e-07
    endloop
  endfacet
  facet normal 0 0 -1
    outer loop
      vertex 12.9374 -1.27422 1.90735e-07
      vertex 14.5795 -1.43595 1.90735e-07
      vertex 14.4914 -2.1496 1.90735e-07
    endloop
  endfacet
  facet normal 0 0 -1
    outer loop
      vertex 12.9843 0.637879 1.90735e-07
      vertex 14.6324 0.718841 1.90735e-07
      vertex 13 0 1.90735e-07
    endloop
  endfacet
  facet normal 0 0 -1
    outer loop
      vertex 12.8593 -1.9075 1.90735e-07
      vertex 14.4914 -2.1496 1.90735e-07
      vertex 14.3685 -2.85807 1.90735e-07
    endloop
  endfacet
  facet normal -0 0 -1
    outer loop
      vertex 14.6324 0.718841 1.90735e-07
      vertex 12.9843 0.637879 1.90735e-07
      vertex 14.5795 1.43595 1.90735e-07
    endloop
  endfacet
  facet normal 0 0 -1
    outer loop
      vertex 12.7502 -2.53617 1.90735e-07
      vertex 14.3685 -2.85807 1.90735e-07
      vertex 14.211 -3.55966 1.90735e-07
    endloop
  endfacet
  facet normal 0 0 -1
    outer loop
      vertex 12.9374 1.27422 1.90735e-07
      vertex 14.5795 1.43595 1.90735e-07
      vertex 12.9843 0.637879 1.90735e-07
    endloop
  endfacet
  facet normal 0 0 -1
    outer loop
      vertex 12.6104 -3.15874 1.90735e-07
      vertex 14.211 -3.55966 1.90735e-07
      vertex 14.0192 -4.25267 1.90735e-07
    endloop
  endfacet
  facet normal -0 0 -1
    outer loop
      vertex 14.5795 1.43595 1.90735e-07
      vertex 12.9374 1.27422 1.90735e-07
      vertex 14.4914 2.1496 1.90735e-07
    endloop
  endfacet
  facet normal 0 0 -1
    outer loop
      vertex 12.4402 -3.7737 1.90735e-07
      vertex 14.0192 -4.25267 1.90735e-07
      vertex 13.7936 -4.93544 1.90735e-07
    endloop
  endfacet
  facet normal 0 0 -1
    outer loop
      vertex 12.8593 1.9075 1.90735e-07
      vertex 14.4914 2.1496 1.90735e-07
      vertex 12.9374 1.27422 1.90735e-07
    endloop
  endfacet
  facet normal 0 0 -1
    outer loop
      vertex 12.2401 -4.37957 1.90735e-07
      vertex 13.7936 -4.93544 1.90735e-07
      vertex 13.5348 -5.60631 1.90735e-07
    endloop
  endfacet
  facet normal -0 0 -1
    outer loop
      vertex 14.4914 2.1496 1.90735e-07
      vertex 12.8593 1.9075 1.90735e-07
      vertex 14.3685 2.85807 1.90735e-07
    endloop
  endfacet
  facet normal 0 0 -1
    outer loop
      vertex 12.0104 -4.97488 1.90735e-07
      vertex 13.5348 -5.60631 1.90735e-07
      vertex 13.2434 -6.26368 1.90735e-07
    endloop
  endfacet
  facet normal 0 0 -1
    outer loop
      vertex 12.7502 2.53617 1.90735e-07
      vertex 14.3685 2.85807 1.90735e-07
      vertex 12.8593 1.9075 1.90735e-07
    endloop
  endfacet
  facet normal -0 0 -1
    outer loop
      vertex 14.3685 2.85807 1.90735e-07
      vertex 12.7502 2.53617 1.90735e-07
      vertex 14.211 3.55966 1.90735e-07
    endloop
  endfacet
  facet normal 0 0 -1
    outer loop
      vertex 14.6324 -0.718841 1.90735e-07
      vertex 12.9843 -0.637879 1.90735e-07
      vertex 13 0 1.90735e-07
    endloop
  endfacet
  facet normal 0 0 -1
    outer loop
      vertex 14.5795 -1.43595 1.90735e-07
      vertex 12.9374 -1.27422 1.90735e-07
      vertex 12.9843 -0.637879 1.90735e-07
    endloop
  endfacet
  facet normal 0 0 -1
    outer loop
      vertex 11.7519 -5.55822 1.90735e-07
      vertex 13.2434 -6.26368 1.90735e-07
      vertex 12.9201 -6.90596 1.90735e-07
    endloop
  endfacet
  facet normal 0 0 -1
    outer loop
      vertex 14.4914 -2.1496 1.90735e-07
      vertex 12.8593 -1.9075 1.90735e-07
      vertex 12.9374 -1.27422 1.90735e-07
    endloop
  endfacet
  facet normal 0 0 -1
    outer loop
      vertex 14.3685 -2.85807 1.90735e-07
      vertex 12.7502 -2.53617 1.90735e-07
      vertex 12.8593 -1.9075 1.90735e-07
    endloop
  endfacet
  facet normal 0 0 -1
    outer loop
      vertex 14.211 -3.55966 1.90735e-07
      vertex 12.6104 -3.15874 1.90735e-07
      vertex 12.7502 -2.53617 1.90735e-07
    endloop
  endfacet
  facet normal 0 0 -1
    outer loop
      vertex 11.465 -6.12816 1.90735e-07
      vertex 12.9201 -6.90596 1.90735e-07
      vertex 12.5657 -7.5316 1.90735e-07
    endloop
  endfacet
  facet normal 0 0 -1
    outer loop
      vertex 14.0192 -4.25267 1.90735e-07
      vertex 12.4402 -3.7737 1.90735e-07
      vertex 12.6104 -3.15874 1.90735e-07
    endloop
  endfacet
  facet normal 0 0 -1
    outer loop
      vertex 13.7936 -4.93544 1.90735e-07
      vertex 12.2401 -4.37957 1.90735e-07
      vertex 12.4402 -3.7737 1.90735e-07
    endloop
  endfacet
  facet normal 0 0 -1
    outer loop
      vertex 11.1505 -6.68334 1.90735e-07
      vertex 12.5657 -7.5316 1.90735e-07
      vertex 12.181 -8.1391 1.90735e-07
    endloop
  endfacet
  facet normal 0 0 -1
    outer loop
      vertex 13.5348 -5.60631 1.90735e-07
      vertex 12.0104 -4.97488 1.90735e-07
      vertex 12.2401 -4.37957 1.90735e-07
    endloop
  endfacet
  facet normal 0 0 -1
    outer loop
      vertex 10.8091 -7.22241 1.90735e-07
      vertex 12.181 -8.1391 1.90735e-07
      vertex 11.767 -8.72699 1.90735e-07
    endloop
  endfacet
  facet normal 0 0 -1
    outer loop
      vertex 13.2434 -6.26368 1.90735e-07
      vertex 11.7519 -5.55822 1.90735e-07
      vertex 12.0104 -4.97488 1.90735e-07
    endloop
  endfacet
  facet normal 0 0 -1
    outer loop
      vertex 12.9201 -6.90596 1.90735e-07
      vertex 11.465 -6.12816 1.90735e-07
      vertex 11.7519 -5.55822 1.90735e-07
    endloop
  endfacet
  facet normal 0 0 -1
    outer loop
      vertex 10.4417 -7.74409 1.90735e-07
      vertex 11.767 -8.72699 1.90735e-07
      vertex 11.3246 -9.29386 1.90735e-07
    endloop
  endfacet
  facet normal 0 0 -1
    outer loop
      vertex 12.5657 -7.5316 1.90735e-07
      vertex 11.1505 -6.68334 1.90735e-07
      vertex 11.465 -6.12816 1.90735e-07
    endloop
  endfacet
  facet normal 0 0 -1
    outer loop
      vertex 10.0491 -8.24711 1.90735e-07
      vertex 11.3246 -9.29386 1.90735e-07
      vertex 10.8549 -9.83834 1.90735e-07
    endloop
  endfacet
  facet normal 0 0 -1
    outer loop
      vertex 12.181 -8.1391 1.90735e-07
      vertex 10.8091 -7.22241 1.90735e-07
      vertex 11.1505 -6.68334 1.90735e-07
    endloop
  endfacet
  facet normal 0 0 -1
    outer loop
      vertex 11.767 -8.72699 1.90735e-07
      vertex 10.4417 -7.74409 1.90735e-07
      vertex 10.8091 -7.22241 1.90735e-07
    endloop
  endfacet
  facet normal 0 0 -1
    outer loop
      vertex 9.63236 -8.73027 1.90735e-07
      vertex 10.8549 -9.83834 1.90735e-07
      vertex 10.3591 -10.3591 1.90735e-07
    endloop
  endfacet
  facet normal 0 0 -1
    outer loop
      vertex 11.3246 -9.29386 1.90735e-07
      vertex 10.0491 -8.24711 1.90735e-07
      vertex 10.4417 -7.74409 1.90735e-07
    endloop
  endfacet
  facet normal 0 0 -1
    outer loop
      vertex 9.19239 -9.19239 1.90735e-07
      vertex 10.3591 -10.3591 1.90735e-07
      vertex 9.83834 -10.8549 1.90735e-07
    endloop
  endfacet
  facet normal 0 0 -1
    outer loop
      vertex 10.8549 -9.83834 1.90735e-07
      vertex 9.63236 -8.73027 1.90735e-07
      vertex 10.0491 -8.24711 1.90735e-07
    endloop
  endfacet
  facet normal 0 0 -1
    outer loop
      vertex 8.73027 -9.63236 1.90735e-07
      vertex 9.83834 -10.8549 1.90735e-07
      vertex 9.29386 -11.3246 1.90735e-07
    endloop
  endfacet
  facet normal 0 0 -1
    outer loop
      vertex 10.3591 -10.3591 1.90735e-07
      vertex 9.19239 -9.19239 1.90735e-07
      vertex 9.63236 -8.73027 1.90735e-07
    endloop
  endfacet
  facet normal 0 0 -1
    outer loop
      vertex 9.83834 -10.8549 1.90735e-07
      vertex 8.73027 -9.63236 1.90735e-07
      vertex 9.19239 -9.19239 1.90735e-07
    endloop
  endfacet
  facet normal 0 0 -1
    outer loop
      vertex 8.24711 -10.0491 1.90735e-07
      vertex 9.29386 -11.3246 1.90735e-07
      vertex 8.72699 -11.767 1.90735e-07
    endloop
  endfacet
  facet normal 0 0 -1
    outer loop
      vertex 9.29386 -11.3246 1.90735e-07
      vertex 8.24711 -10.0491 1.90735e-07
      vertex 8.73027 -9.63236 1.90735e-07
    endloop
  endfacet
  facet normal 0 0 -1
    outer loop
      vertex 7.74409 -10.4417 1.90735e-07
      vertex 8.72699 -11.767 1.90735e-07
      vertex 8.1391 -12.181 1.90735e-07
    endloop
  endfacet
  facet normal 0 0 -1
    outer loop
      vertex 8.72699 -11.767 1.90735e-07
      vertex 7.74409 -10.4417 1.90735e-07
      vertex 8.24711 -10.0491 1.90735e-07
    endloop
  endfacet
  facet normal 0 0 -1
    outer loop
      vertex 7.22241 -10.8091 1.90735e-07
      vertex 8.1391 -12.181 1.90735e-07
      vertex 7.5316 -12.5657 1.90735e-07
    endloop
  endfacet
  facet normal 0 0 -1
    outer loop
      vertex 8.1391 -12.181 1.90735e-07
      vertex 7.22241 -10.8091 1.90735e-07
      vertex 7.74409 -10.4417 1.90735e-07
    endloop
  endfacet
  facet normal 0 0 -1
    outer loop
      vertex 6.68334 -11.1505 1.90735e-07
      vertex 7.5316 -12.5657 1.90735e-07
      vertex 6.90596 -12.9201 1.90735e-07
    endloop
  endfacet
  facet normal 0 0 -1
    outer loop
      vertex 7.5316 -12.5657 1.90735e-07
      vertex 6.68334 -11.1505 1.90735e-07
      vertex 7.22241 -10.8091 1.90735e-07
    endloop
  endfacet
  facet normal 0 0 -1
    outer loop
      vertex 6.12816 -11.465 1.90735e-07
      vertex 6.90596 -12.9201 1.90735e-07
      vertex 6.26368 -13.2434 1.90735e-07
    endloop
  endfacet
  facet normal 0 0 -1
    outer loop
      vertex 6.90596 -12.9201 1.90735e-07
      vertex 6.12816 -11.465 1.90735e-07
      vertex 6.68334 -11.1505 1.90735e-07
    endloop
  endfacet
  facet normal 0 0 -1
    outer loop
      vertex 5.55822 -11.7519 1.90735e-07
      vertex 6.26368 -13.2434 1.90735e-07
      vertex 5.60631 -13.5348 1.90735e-07
    endloop
  endfacet
  facet normal 0 0 -1
    outer loop
      vertex 6.26368 -13.2434 1.90735e-07
      vertex 5.55822 -11.7519 1.90735e-07
      vertex 6.12816 -11.465 1.90735e-07
    endloop
  endfacet
  facet normal 0 0 -1
    outer loop
      vertex 5.60631 -13.5348 1.90735e-07
      vertex 4.97488 -12.0104 1.90735e-07
      vertex 5.55822 -11.7519 1.90735e-07
    endloop
  endfacet
  facet normal 0 0 -1
    outer loop
      vertex 4.93544 -13.7936 1.90735e-07
      vertex 4.97488 -12.0104 1.90735e-07
      vertex 5.60631 -13.5348 1.90735e-07
    endloop
  endfacet
  facet normal 0 0 -1
    outer loop
      vertex 4.93544 -13.7936 1.90735e-07
      vertex 4.37957 -12.2401 1.90735e-07
      vertex 4.97488 -12.0104 1.90735e-07
    endloop
  endfacet
  facet normal 0 0 -1
    outer loop
      vertex 4.25267 -14.0192 1.90735e-07
      vertex 4.37957 -12.2401 1.90735e-07
      vertex 4.93544 -13.7936 1.90735e-07
    endloop
  endfacet
  facet normal 0 0 -1
    outer loop
      vertex 4.25267 -14.0192 1.90735e-07
      vertex 3.7737 -12.4402 1.90735e-07
      vertex 4.37957 -12.2401 1.90735e-07
    endloop
  endfacet
  facet normal 0 0 -1
    outer loop
      vertex 3.55966 -14.211 1.90735e-07
      vertex 3.7737 -12.4402 1.90735e-07
      vertex 4.25267 -14.0192 1.90735e-07
    endloop
  endfacet
  facet normal 0 0 -1
    outer loop
      vertex 3.55966 -14.211 1.90735e-07
      vertex 3.15874 -12.6104 1.90735e-07
      vertex 3.7737 -12.4402 1.90735e-07
    endloop
  endfacet
  facet normal 0 0 -1
    outer loop
      vertex 2.85807 -14.3685 1.90735e-07
      vertex 3.15874 -12.6104 1.90735e-07
      vertex 3.55966 -14.211 1.90735e-07
    endloop
  endfacet
  facet normal 0 0 -1
    outer loop
      vertex 2.85807 -14.3685 1.90735e-07
      vertex 2.53617 -12.7502 1.90735e-07
      vertex 3.15874 -12.6104 1.90735e-07
    endloop
  endfacet
  facet normal 0 0 -1
    outer loop
      vertex 2.1496 -14.4914 1.90735e-07
      vertex 2.53617 -12.7502 1.90735e-07
      vertex 2.85807 -14.3685 1.90735e-07
    endloop
  endfacet
  facet normal 0 0 -1
    outer loop
      vertex 2.1496 -14.4914 1.90735e-07
      vertex 1.9075 -12.8593 1.90735e-07
      vertex 2.53617 -12.7502 1.90735e-07
    endloop
  endfacet
  facet normal 0 0 -1
    outer loop
      vertex 1.43595 -14.5795 1.90735e-07
      vertex 1.9075 -12.8593 1.90735e-07
      vertex 2.1496 -14.4914 1.90735e-07
    endloop
  endfacet
  facet normal 0 0 -1
    outer loop
      vertex 1.43595 -14.5795 1.90735e-07
      vertex 1.27422 -12.9374 1.90735e-07
      vertex 1.9075 -12.8593 1.90735e-07
    endloop
  endfacet
  facet normal 0 0 -1
    outer loop
      vertex 0.718841 -14.6324 1.90735e-07
      vertex 1.27422 -12.9374 1.90735e-07
      vertex 1.43595 -14.5795 1.90735e-07
    endloop
  endfacet
  facet normal 0 0 -1
    outer loop
      vertex 0.718841 -14.6324 1.90735e-07
      vertex 0.637879 -12.9843 1.90735e-07
      vertex 1.27422 -12.9374 1.90735e-07
    endloop
  endfacet
  facet normal 0 0 -1
    outer loop
      vertex 0 -14.65 1.90735e-07
      vertex 0.637879 -12.9843 1.90735e-07
      vertex 0.718841 -14.6324 1.90735e-07
    endloop
  endfacet
  facet normal 0 0 -1
    outer loop
      vertex 0 -14.65 1.90735e-07
      vertex 0 -13 1.90735e-07
      vertex 0.637879 -12.9843 1.90735e-07
    endloop
  endfacet
  facet normal 0 0 -1
    outer loop
      vertex 0 -14.65 1.90735e-07
      vertex -0.637879 -12.9843 1.90735e-07
      vertex 0 -13 1.90735e-07
    endloop
  endfacet
  facet normal 0 0 -1
    outer loop
      vertex -0.718841 -14.6324 1.90735e-07
      vertex -0.637879 -12.9843 1.90735e-07
      vertex 0 -14.65 1.90735e-07
    endloop
  endfacet
  facet normal 0 0 -1
    outer loop
      vertex -0.718841 -14.6324 1.90735e-07
      vertex -1.27422 -12.9374 1.90735e-07
      vertex -0.637879 -12.9843 1.90735e-07
    endloop
  endfacet
  facet normal 0 0 -1
    outer loop
      vertex -1.43595 -14.5795 1.90735e-07
      vertex -1.27422 -12.9374 1.90735e-07
      vertex -0.718841 -14.6324 1.90735e-07
    endloop
  endfacet
  facet normal 0 0 -1
    outer loop
      vertex -1.43595 -14.5795 1.90735e-07
      vertex -1.9075 -12.8593 1.90735e-07
      vertex -1.27422 -12.9374 1.90735e-07
    endloop
  endfacet
  facet normal 0 0 -1
    outer loop
      vertex -2.1496 -14.4914 1.90735e-07
      vertex -1.9075 -12.8593 1.90735e-07
      vertex -1.43595 -14.5795 1.90735e-07
    endloop
  endfacet
  facet normal 0 0 -1
    outer loop
      vertex -2.1496 -14.4914 1.90735e-07
      vertex -2.53617 -12.7502 1.90735e-07
      vertex -1.9075 -12.8593 1.90735e-07
    endloop
  endfacet
  facet normal 0 0 -1
    outer loop
      vertex -2.85807 -14.3685 1.90735e-07
      vertex -2.53617 -12.7502 1.90735e-07
      vertex -2.1496 -14.4914 1.90735e-07
    endloop
  endfacet
  facet normal 0 0 -1
    outer loop
      vertex -2.85807 -14.3685 1.90735e-07
      vertex -3.15874 -12.6104 1.90735e-07
      vertex -2.53617 -12.7502 1.90735e-07
    endloop
  endfacet
  facet normal 0 0 -1
    outer loop
      vertex -3.55966 -14.211 1.90735e-07
      vertex -3.15874 -12.6104 1.90735e-07
      vertex -2.85807 -14.3685 1.90735e-07
    endloop
  endfacet
  facet normal 0 0 -1
    outer loop
      vertex -3.55966 -14.211 1.90735e-07
      vertex -3.7737 -12.4402 1.90735e-07
      vertex -3.15874 -12.6104 1.90735e-07
    endloop
  endfacet
  facet normal 0 0 -1
    outer loop
      vertex -4.25267 -14.0192 1.90735e-07
      vertex -3.7737 -12.4402 1.90735e-07
      vertex -3.55966 -14.211 1.90735e-07
    endloop
  endfacet
  facet normal 0 0 -1
    outer loop
      vertex -4.25267 -14.0192 1.90735e-07
      vertex -4.37957 -12.2401 1.90735e-07
      vertex -3.7737 -12.4402 1.90735e-07
    endloop
  endfacet
  facet normal 0 0 -1
    outer loop
      vertex -4.93544 -13.7936 1.90735e-07
      vertex -4.37957 -12.2401 1.90735e-07
      vertex -4.25267 -14.0192 1.90735e-07
    endloop
  endfacet
  facet normal 0 0 -1
    outer loop
      vertex -4.93544 -13.7936 1.90735e-07
      vertex -4.97488 -12.0104 1.90735e-07
      vertex -4.37957 -12.2401 1.90735e-07
    endloop
  endfacet
  facet normal 0 0 -1
    outer loop
      vertex -5.60631 -13.5348 1.90735e-07
      vertex -4.97488 -12.0104 1.90735e-07
      vertex -4.93544 -13.7936 1.90735e-07
    endloop
  endfacet
  facet normal -0 0 -1
    outer loop
      vertex -4.97488 -12.0104 1.90735e-07
      vertex -5.60631 -13.5348 1.90735e-07
      vertex -5.55822 -11.7519 1.90735e-07
    endloop
  endfacet
  facet normal 0 0 -1
    outer loop
      vertex -6.26368 -13.2434 1.90735e-07
      vertex -5.55822 -11.7519 1.90735e-07
      vertex -5.60631 -13.5348 1.90735e-07
    endloop
  endfacet
  facet normal -0 0 -1
    outer loop
      vertex -5.55822 -11.7519 1.90735e-07
      vertex -6.26368 -13.2434 1.90735e-07
      vertex -6.12816 -11.465 1.90735e-07
    endloop
  endfacet
  facet normal 0 0 -1
    outer loop
      vertex -6.90596 -12.9201 1.90735e-07
      vertex -6.12816 -11.465 1.90735e-07
      vertex -6.26368 -13.2434 1.90735e-07
    endloop
  endfacet
  facet normal -0 0 -1
    outer loop
      vertex -6.12816 -11.465 1.90735e-07
      vertex -6.90596 -12.9201 1.90735e-07
      vertex -6.68334 -11.1505 1.90735e-07
    endloop
  endfacet
  facet normal 0 0 -1
    outer loop
      vertex -7.5316 -12.5657 1.90735e-07
      vertex -6.68334 -11.1505 1.90735e-07
      vertex -6.90596 -12.9201 1.90735e-07
    endloop
  endfacet
  facet normal -0 0 -1
    outer loop
      vertex -6.68334 -11.1505 1.90735e-07
      vertex -7.5316 -12.5657 1.90735e-07
      vertex -7.22241 -10.8091 1.90735e-07
    endloop
  endfacet
  facet normal 0 0 -1
    outer loop
      vertex -8.1391 -12.181 1.90735e-07
      vertex -7.22241 -10.8091 1.90735e-07
      vertex -7.5316 -12.5657 1.90735e-07
    endloop
  endfacet
  facet normal -0 0 -1
    outer loop
      vertex -7.22241 -10.8091 1.90735e-07
      vertex -8.1391 -12.181 1.90735e-07
      vertex -7.74409 -10.4417 1.90735e-07
    endloop
  endfacet
  facet normal 0 0 -1
    outer loop
      vertex -8.72699 -11.767 1.90735e-07
      vertex -7.74409 -10.4417 1.90735e-07
      vertex -8.1391 -12.181 1.90735e-07
    endloop
  endfacet
  facet normal -0 0 -1
    outer loop
      vertex -7.74409 -10.4417 1.90735e-07
      vertex -8.72699 -11.767 1.90735e-07
      vertex -8.24711 -10.0491 1.90735e-07
    endloop
  endfacet
  facet normal 0 0 -1
    outer loop
      vertex -9.29386 -11.3246 1.90735e-07
      vertex -8.24711 -10.0491 1.90735e-07
      vertex -8.72699 -11.767 1.90735e-07
    endloop
  endfacet
  facet normal -0 0 -1
    outer loop
      vertex -8.24711 -10.0491 1.90735e-07
      vertex -9.29386 -11.3246 1.90735e-07
      vertex -8.73027 -9.63236 1.90735e-07
    endloop
  endfacet
  facet normal 0 0 -1
    outer loop
      vertex -9.83834 -10.8549 1.90735e-07
      vertex -8.73027 -9.63236 1.90735e-07
      vertex -9.29386 -11.3246 1.90735e-07
    endloop
  endfacet
  facet normal -0 0 -1
    outer loop
      vertex -8.73027 -9.63236 1.90735e-07
      vertex -9.83834 -10.8549 1.90735e-07
      vertex -9.19239 -9.19239 1.90735e-07
    endloop
  endfacet
  facet normal 0 0 -1
    outer loop
      vertex -10.3591 -10.3591 1.90735e-07
      vertex -9.19239 -9.19239 1.90735e-07
      vertex -9.83834 -10.8549 1.90735e-07
    endloop
  endfacet
  facet normal -0 0 -1
    outer loop
      vertex -9.19239 -9.19239 1.90735e-07
      vertex -10.3591 -10.3591 1.90735e-07
      vertex -9.63236 -8.73027 1.90735e-07
    endloop
  endfacet
  facet normal 0 0 -1
    outer loop
      vertex -10.8549 -9.83834 1.90735e-07
      vertex -9.63236 -8.73027 1.90735e-07
      vertex -10.3591 -10.3591 1.90735e-07
    endloop
  endfacet
  facet normal -0 0 -1
    outer loop
      vertex -9.63236 -8.73027 1.90735e-07
      vertex -10.8549 -9.83834 1.90735e-07
      vertex -10.0491 -8.24711 1.90735e-07
    endloop
  endfacet
  facet normal 0 0 -1
    outer loop
      vertex -11.3246 -9.29386 1.90735e-07
      vertex -10.0491 -8.24711 1.90735e-07
      vertex -10.8549 -9.83834 1.90735e-07
    endloop
  endfacet
  facet normal 0 0 -1
    outer loop
      vertex -10.0491 -8.24711 1.90735e-07
      vertex -11.0659 -8.13689 1.90735e-07
      vertex -10.4417 -7.74409 1.90735e-07
    endloop
  endfacet
  facet normal 0 0 -1
    outer loop
      vertex -11.0698 -7.96135 1.90735e-07
      vertex -10.4417 -7.74409 1.90735e-07
      vertex -11.0659 -8.13689 1.90735e-07
    endloop
  endfacet
  facet normal 0 0 -1
    outer loop
      vertex -11.1405 -7.80064 1.90735e-07
      vertex -10.4417 -7.74409 1.90735e-07
      vertex -11.0698 -7.96135 1.90735e-07
    endloop
  endfacet
  facet normal -0 0 -1
    outer loop
      vertex -10.4417 -7.74409 1.90735e-07
      vertex -11.1405 -7.80064 1.90735e-07
      vertex -10.8091 -7.22241 1.90735e-07
    endloop
  endfacet
  facet normal 0 0 -1
    outer loop
      vertex -11.2673 -7.67922 1.90735e-07
      vertex -10.8091 -7.22241 1.90735e-07
      vertex -11.1405 -7.80064 1.90735e-07
    endloop
  endfacet
  facet normal 0 0 -1
    outer loop
      vertex -11.4309 -7.61559 1.90735e-07
      vertex -10.8091 -7.22241 1.90735e-07
      vertex -11.2673 -7.67922 1.90735e-07
    endloop
  endfacet
  facet normal -0 0 -1
    outer loop
      vertex -10.8091 -7.22241 1.90735e-07
      vertex -11.4309 -7.61559 1.90735e-07
      vertex -11.1505 -6.68334 1.90735e-07
    endloop
  endfacet
  facet normal 0 0 -1
    outer loop
      vertex -11.6065 -7.61942 1.90735e-07
      vertex -11.1505 -6.68334 1.90735e-07
      vertex -11.4309 -7.61559 1.90735e-07
    endloop
  endfacet
  facet normal 0 0 -1
    outer loop
      vertex -12.5657 -7.5316 1.90735e-07
      vertex -11.1505 -6.68334 1.90735e-07
      vertex -11.6065 -7.61942 1.90735e-07
    endloop
  endfacet
  facet normal 0 0 -1
    outer loop
      vertex -12.5657 -7.5316 1.90735e-07
      vertex -11.6065 -7.61942 1.90735e-07
      vertex -11.7672 -7.69013 1.90735e-07
    endloop
  endfacet
  facet normal 0 0 -1
    outer loop
      vertex -12.5657 -7.5316 1.90735e-07
      vertex -11.7672 -7.69013 1.90735e-07
      vertex -11.8886 -7.81696 1.90735e-07
    endloop
  endfacet
  facet normal -0 0 -1
    outer loop
      vertex -11.1505 -6.68334 1.90735e-07
      vertex -12.5657 -7.5316 1.90735e-07
      vertex -11.465 -6.12816 1.90735e-07
    endloop
  endfacet
  facet normal 0 0 -1
    outer loop
      vertex -12.5657 -7.5316 1.90735e-07
      vertex -11.9522 -7.98061 1.90735e-07
      vertex -12.181 -8.1391 1.90735e-07
    endloop
  endfacet
  facet normal 0 0 -1
    outer loop
      vertex -11.9522 -7.98061 1.90735e-07
      vertex -12.5657 -7.5316 1.90735e-07
      vertex -11.8886 -7.81696 1.90735e-07
    endloop
  endfacet
  facet normal 0 0 -1
    outer loop
      vertex 12.6104 3.15874 1.90735e-07
      vertex 14.211 3.55966 1.90735e-07
      vertex 12.7502 2.53617 1.90735e-07
    endloop
  endfacet
  facet normal -0 0 -1
    outer loop
      vertex 14.211 3.55966 1.90735e-07
      vertex 12.6104 3.15874 1.90735e-07
      vertex 14.0192 4.25267 1.90735e-07
    endloop
  endfacet
  facet normal 0 0 -1
    outer loop
      vertex 12.4402 3.7737 1.90735e-07
      vertex 14.0192 4.25267 1.90735e-07
      vertex 12.6104 3.15874 1.90735e-07
    endloop
  endfacet
  facet normal -0 0 -1
    outer loop
      vertex 14.0192 4.25267 1.90735e-07
      vertex 12.4402 3.7737 1.90735e-07
      vertex 13.7936 4.93544 1.90735e-07
    endloop
  endfacet
  facet normal 0 0 -1
    outer loop
      vertex 12.2401 4.37957 1.90735e-07
      vertex 13.7936 4.93544 1.90735e-07
      vertex 12.4402 3.7737 1.90735e-07
    endloop
  endfacet
  facet normal -0 0 -1
    outer loop
      vertex 13.7936 4.93544 1.90735e-07
      vertex 12.2401 4.37957 1.90735e-07
      vertex 13.5348 5.60631 1.90735e-07
    endloop
  endfacet
  facet normal 0 0 -1
    outer loop
      vertex 12.0104 4.97488 1.90735e-07
      vertex 13.5348 5.60631 1.90735e-07
      vertex 12.2401 4.37957 1.90735e-07
    endloop
  endfacet
  facet normal -0 0 -1
    outer loop
      vertex 13.5348 5.60631 1.90735e-07
      vertex 12.0104 4.97488 1.90735e-07
      vertex 13.2434 6.26368 1.90735e-07
    endloop
  endfacet
  facet normal 0 0 -1
    outer loop
      vertex 11.7519 5.55822 1.90735e-07
      vertex 13.2434 6.26368 1.90735e-07
      vertex 12.0104 4.97488 1.90735e-07
    endloop
  endfacet
  facet normal -0 0 -1
    outer loop
      vertex 13.2434 6.26368 1.90735e-07
      vertex 11.7519 5.55822 1.90735e-07
      vertex 12.9201 6.90596 1.90735e-07
    endloop
  endfacet
  facet normal 0 0 -1
    outer loop
      vertex 12.9201 6.90596 1.90735e-07
      vertex 11.8886 7.81696 1.90735e-07
      vertex 12.5657 7.5316 1.90735e-07
    endloop
  endfacet
  facet normal 0 0 -1
    outer loop
      vertex 12.5657 7.5316 1.90735e-07
      vertex 11.9522 7.98061 1.90735e-07
      vertex 12.181 8.1391 1.90735e-07
    endloop
  endfacet
  facet normal 0 0 -1
    outer loop
      vertex 11.9484 8.15615 1.90735e-07
      vertex 12.181 8.1391 1.90735e-07
      vertex 11.9522 7.98061 1.90735e-07
    endloop
  endfacet
  facet normal 0 0 -1
    outer loop
      vertex 11.8777 8.31686 1.90735e-07
      vertex 12.181 8.1391 1.90735e-07
      vertex 11.9484 8.15615 1.90735e-07
    endloop
  endfacet
  facet normal 0 0 -1
    outer loop
      vertex 11.8777 8.31686 1.90735e-07
      vertex 11.767 8.72699 1.90735e-07
      vertex 12.181 8.1391 1.90735e-07
    endloop
  endfacet
  facet normal 0 0 -1
    outer loop
      vertex 11.7509 8.43827 1.90735e-07
      vertex 11.767 8.72699 1.90735e-07
      vertex 11.8777 8.31686 1.90735e-07
    endloop
  endfacet
  facet normal 0 0 -1
    outer loop
      vertex 11.5872 8.50191 1.90735e-07
      vertex 11.767 8.72699 1.90735e-07
      vertex 11.7509 8.43827 1.90735e-07
    endloop
  endfacet
  facet normal 0 0 -1
    outer loop
      vertex 11.4117 8.49808 1.90735e-07
      vertex 11.767 8.72699 1.90735e-07
      vertex 11.5872 8.50191 1.90735e-07
    endloop
  endfacet
  facet normal 0 0 -1
    outer loop
      vertex 11.4117 8.49808 1.90735e-07
      vertex 11.3246 9.29386 1.90735e-07
      vertex 11.767 8.72699 1.90735e-07
    endloop
  endfacet
  facet normal 0 0 -1
    outer loop
      vertex 11.251 8.42737 1.90735e-07
      vertex 11.3246 9.29386 1.90735e-07
      vertex 11.4117 8.49808 1.90735e-07
    endloop
  endfacet
  facet normal 0 0 -1
    outer loop
      vertex 11.1296 8.30053 1.90735e-07
      vertex 11.3246 9.29386 1.90735e-07
      vertex 11.251 8.42737 1.90735e-07
    endloop
  endfacet
  facet normal 0 0 -1
    outer loop
      vertex 10.8549 9.83834 1.90735e-07
      vertex 11.1296 8.30053 1.90735e-07
      vertex 11.0659 8.13689 1.90735e-07
    endloop
  endfacet
  facet normal 0 0 -1
    outer loop
      vertex 11.1296 8.30053 1.90735e-07
      vertex 10.8549 9.83834 1.90735e-07
      vertex 11.3246 9.29386 1.90735e-07
    endloop
  endfacet
  facet normal 0.659835 0.254539 0.706985
    outer loop
      vertex 13.5112 4.83437 1.2
      vertex 14.0761 5.0365 0.600001
      vertex 13.812 5.72112 0.600001
    endloop
  endfacet
  facet normal -0.659835 0.254539 0.706985
    outer loop
      vertex -14.0761 5.0365 0.600001
      vertex -13.5112 4.83437 1.2
      vertex -13.812 5.72112 0.600001
    endloop
  endfacet
  facet normal -0.535575 -0.461903 0.706968
    outer loop
      vertex -11.0924 -9.11915 1.19
      vertex -11.0772 -10.0398 0.600001
      vertex -10.6401 -9.64359 1.19
    endloop
  endfacet
  facet normal -0.701902 0.0865542 0.706995
    outer loop
      vertex -14.878 1.46536 0.600001
      vertex -14.2809 1.40655 1.2
      vertex -14.1947 2.10558 1.2
    endloop
  endfacet
  facet normal -0.155039 -0.690053 0.706958
    outer loop
      vertex -3.48676 -13.9199 1.2
      vertex -2.9166 -14.6627 0.600001
      vertex -2.79955 -14.0743 1.2
    endloop
  endfacet
  facet normal 0.286624 0.646523 0.707004
    outer loop
      vertex 5.72112 13.812 0.600001
      vertex 6.13542 12.9722 1.2
      vertex 6.39195 13.5146 0.600001
    endloop
  endfacet
  facet normal 0.348603 0.615342 -0.706987
    outer loop
      vertex 7.04738 13.1847 0.3
      vertex 7.68584 12.823 0.3
      vertex 7.5316 12.5657 1.90735e-07
    endloop
  endfacet
  facet normal 0.705342 -0.052032 -0.706955
    outer loop
      vertex 14.5795 -1.43595 1.90735e-07
      vertex 14.6324 -0.718841 1.90735e-07
      vertex 14.932 -0.733562 0.3
    endloop
  endfacet
  facet normal 0.705284 0.0520105 0.707014
    outer loop
      vertex 14.2809 1.40655 1.2
      vertex 14.3327 0.704121 1.2
      vertex 14.932 0.733562 0.600001
    endloop
  endfacet
  facet normal -0.435108 -0.557478 0.707036
    outer loop
      vertex -9.48418 -11.5565 0.600001
      vertex -8.9057 -12.008 0.600001
      vertex -8.54828 -11.526 1.2
    endloop
  endfacet
  facet normal -0.407186 -0.578185 0.707037
    outer loop
      vertex -8.9057 -12.008 0.600001
      vertex -8.30577 -12.4305 0.600001
      vertex -8.54828 -11.526 1.2
    endloop
  endfacet
  facet normal -0.155039 0.690053 0.706958
    outer loop
      vertex -3.48676 13.9199 1.2
      vertex -2.79955 14.0743 1.2
      vertex -2.9166 14.6627 0.600001
    endloop
  endfacet
  facet normal -0.154875 0.689999 0.707047
    outer loop
      vertex -3.63255 14.502 0.600001
      vertex -3.48676 13.9199 1.2
      vertex -2.9166 14.6627 0.600001
    endloop
  endfacet
  facet normal -0.120899 -0.696845 0.706959
    outer loop
      vertex -2.9166 -14.6627 0.600001
      vertex -2.10558 -14.1947 1.2
      vertex -2.79955 -14.0743 1.2
    endloop
  endfacet
  facet normal -0.405289 0.914189 0
    outer loop
      vertex -5.72112 13.812 0.3
      vertex -6.39195 13.5146 0.600001
      vertex -5.72112 13.812 0.600001
    endloop
  endfacet
  facet normal -0.405289 0.914189 0
    outer loop
      vertex -6.39195 13.5146 0.600001
      vertex -5.72112 13.812 0.3
      vertex -6.39195 13.5146 0.3
    endloop
  endfacet
  facet normal -0.35991 -0.932987 0
    outer loop
      vertex -5.72112 -13.812 0.3
      vertex -5.0365 -14.0761 0.600001
      vertex -5.72112 -13.812 0.600001
    endloop
  endfacet
  facet normal -0.35991 -0.932987 -0
    outer loop
      vertex -5.0365 -14.0761 0.600001
      vertex -5.72112 -13.812 0.3
      vertex -5.0365 -14.0761 0.3
    endloop
  endfacet
  facet normal -0.254539 -0.659835 0.706985
    outer loop
      vertex -5.72112 -13.812 0.600001
      vertex -5.0365 -14.0761 0.600001
      vertex -4.83437 -13.5112 1.2
    endloop
  endfacet
  facet normal -0.188607 -0.681577 0.707023
    outer loop
      vertex -4.33976 -14.3063 0.600001
      vertex -3.63255 -14.502 0.600001
      vertex -4.16558 -13.7321 1.2
    endloop
  endfacet
  facet normal -0.188559 -0.681563 0.707048
    outer loop
      vertex -4.16558 -13.7321 1.2
      vertex -3.63255 -14.502 0.600001
      vertex -3.48676 -13.9199 1.2
    endloop
  endfacet
  facet normal -0.122381 -0.992483 0
    outer loop
      vertex -2.19362 -14.7882 0.3
      vertex -1.46536 -14.878 0.600001
      vertex -2.19362 -14.7882 0.600001
    endloop
  endfacet
  facet normal -0.122381 -0.992483 -0
    outer loop
      vertex -1.46536 -14.878 0.600001
      vertex -2.19362 -14.7882 0.3
      vertex -1.46536 -14.878 0.3
    endloop
  endfacet
  facet normal -0.405289 -0.914189 0
    outer loop
      vertex -6.39195 -13.5146 0.3
      vertex -5.72112 -13.812 0.600001
      vertex -6.39195 -13.5146 0.600001
    endloop
  endfacet
  facet normal -0.405289 -0.914189 -0
    outer loop
      vertex -5.72112 -13.812 0.600001
      vertex -6.39195 -13.5146 0.3
      vertex -5.72112 -13.812 0.3
    endloop
  endfacet
  facet normal -0.286624 -0.646523 0.707004
    outer loop
      vertex -6.39195 -13.5146 0.600001
      vertex -5.72112 -13.812 0.600001
      vertex -6.13542 -12.9722 1.2
    endloop
  endfacet
  facet normal -0.154875 -0.689999 0.707047
    outer loop
      vertex -3.63255 -14.502 0.600001
      vertex -2.9166 -14.6627 0.600001
      vertex -3.48676 -13.9199 1.2
    endloop
  endfacet
  facet normal -0.154888 -0.690056 -0.706988
    outer loop
      vertex -3.63255 -14.502 0.3
      vertex -3.55966 -14.211 1.90735e-07
      vertex -2.9166 -14.6627 0.3
    endloop
  endfacet
  facet normal -0.188643 -0.681602 -0.706988
    outer loop
      vertex -4.25267 -14.0192 1.90735e-07
      vertex -3.55966 -14.211 1.90735e-07
      vertex -3.63255 -14.502 0.3
    endloop
  endfacet
  facet normal -0.0865425 -0.701843 -0.707055
    outer loop
      vertex -2.19362 -14.7882 0.3
      vertex -2.1496 -14.4914 1.90735e-07
      vertex -1.46536 -14.878 0.3
    endloop
  endfacet
  facet normal -0.120945 -0.696739 -0.707055
    outer loop
      vertex -2.9166 -14.6627 0.3
      vertex -2.1496 -14.4914 1.90735e-07
      vertex -2.19362 -14.7882 0.3
    endloop
  endfacet
  facet normal -0.0173494 -0.707046 -0.706955
    outer loop
      vertex -0.733562 -14.932 0.3
      vertex -0.718841 -14.6324 1.90735e-07
      vertex 0 -14.95 0.3
    endloop
  endfacet
  facet normal -0.052032 -0.705342 -0.706955
    outer loop
      vertex -1.43595 -14.5795 1.90735e-07
      vertex -0.718841 -14.6324 1.90735e-07
      vertex -0.733562 -14.932 0.3
    endloop
  endfacet
  facet normal -0.0865496 -0.7019 0.706997
    outer loop
      vertex -2.19362 -14.7882 0.600001
      vertex -1.46536 -14.878 0.600001
      vertex -2.10558 -14.1947 1.2
    endloop
  endfacet
  facet normal 0 0 1
    outer loop
      vertex -8.73027 -9.63236 1.2
      vertex -9.23393 -10.1881 1.2
      vertex -9.19984 -10.2175 1.2
    endloop
  endfacet
  facet normal 0 0 1
    outer loop
      vertex -9.72272 -9.72272 1.2
      vertex -9.19239 -9.19239 1.2
      vertex -9.63236 -8.73027 1.2
    endloop
  endfacet
  facet normal 0 0 1
    outer loop
      vertex -9.19239 -9.19239 1.2
      vertex -9.72272 -9.72272 1.2
      vertex -9.23393 -10.1881 1.2
    endloop
  endfacet
  facet normal 0 0 1
    outer loop
      vertex -10.1881 -9.23393 1.2
      vertex -9.63236 -8.73027 1.2
      vertex -10.0491 -8.24711 1.2
    endloop
  endfacet
  facet normal 0 0 1
    outer loop
      vertex -9.63236 -8.73027 1.2
      vertex -10.1881 -9.23393 1.2
      vertex -9.72272 -9.72272 1.2
    endloop
  endfacet
  facet normal 0 0 1
    outer loop
      vertex -10.6289 -8.7229 1.2
      vertex -10.0491 -8.24711 1.2
      vertex -10.4417 -7.74409 1.2
    endloop
  endfacet
  facet normal 0 0 1
    outer loop
      vertex -10.0491 -8.24711 1.2
      vertex -10.6289 -8.7229 1.2
      vertex -10.1881 -9.23393 1.2
    endloop
  endfacet
  facet normal 0 0 1
    outer loop
      vertex -11.0441 -8.19086 1.2
      vertex -10.4417 -7.74409 1.2
      vertex -10.8091 -7.22241 1.2
    endloop
  endfacet
  facet normal 0 0 1
    outer loop
      vertex -10.4417 -7.74409 1.2
      vertex -11.0441 -8.19086 1.2
      vertex -10.6289 -8.7229 1.2
    endloop
  endfacet
  facet normal 0 0 1
    outer loop
      vertex -11.4327 -7.63908 1.2
      vertex -10.8091 -7.22241 1.2
      vertex -11.1505 -6.68334 1.2
    endloop
  endfacet
  facet normal 0 0 1
    outer loop
      vertex -10.8091 -7.22241 1.2
      vertex -11.4327 -7.63908 1.2
      vertex -11.0441 -8.19086 1.2
    endloop
  endfacet
  facet normal 0 0 1
    outer loop
      vertex -11.7938 -7.06891 1.2
      vertex -11.1505 -6.68334 1.2
      vertex -11.465 -6.12816 1.2
    endloop
  endfacet
  facet normal 0 0 1
    outer loop
      vertex -12.1264 -6.4817 1.2
      vertex -11.465 -6.12816 1.2
      vertex -11.7519 -5.55822 1.2
    endloop
  endfacet
  facet normal 0 0 1
    outer loop
      vertex -11.1505 -6.68334 1.2
      vertex -11.7938 -7.06891 1.2
      vertex -11.4327 -7.63908 1.2
    endloop
  endfacet
  facet normal 0 0 1
    outer loop
      vertex -12.4298 -5.87888 1.2
      vertex -11.7519 -5.55822 1.2
      vertex -12.0104 -4.97488 1.2
    endloop
  endfacet
  facet normal 0 0 1
    outer loop
      vertex -11.465 -6.12816 1.2
      vertex -12.1264 -6.4817 1.2
      vertex -11.7938 -7.06891 1.2
    endloop
  endfacet
  facet normal 0 0 1
    outer loop
      vertex -12.7465 -5.14993 1.2
      vertex -12.0104 -4.97488 1.2
      vertex -12.2401 -4.37957 1.2
    endloop
  endfacet
  facet normal 0 0 1
    outer loop
      vertex -11.7519 -5.55822 1.2
      vertex -12.4298 -5.87888 1.2
      vertex -12.1264 -6.4817 1.2
    endloop
  endfacet
  facet normal 0 0 1
    outer loop
      vertex -13.5112 -4.83437 1.2
      vertex -12.2401 -4.37957 1.2
      vertex -12.4402 -3.7737 1.2
    endloop
  endfacet
  facet normal 0 0 1
    outer loop
      vertex -13.7321 -4.16558 1.2
      vertex -12.4402 -3.7737 1.2
      vertex -12.6104 -3.15874 1.2
    endloop
  endfacet
  facet normal 0 0 1
    outer loop
      vertex -12.0104 -4.97488 1.2
      vertex -12.7033 -5.26189 1.2
      vertex -12.4298 -5.87888 1.2
    endloop
  endfacet
  facet normal 0 0 1
    outer loop
      vertex -12.0104 -4.97488 1.2
      vertex -12.7465 -5.14993 1.2
      vertex -12.7033 -5.26189 1.2
    endloop
  endfacet
  facet normal 0 0 1
    outer loop
      vertex -13.9199 -3.48676 1.2
      vertex -12.6104 -3.15874 1.2
      vertex -12.7502 -2.53617 1.2
    endloop
  endfacet
  facet normal 0 0 1
    outer loop
      vertex -14.0743 -2.79955 1.2
      vertex -12.7502 -2.53617 1.2
      vertex -12.8593 -1.9075 1.2
    endloop
  endfacet
  facet normal 0 0 1
    outer loop
      vertex -14.1947 -2.10558 1.2
      vertex -12.8593 -1.9075 1.2
      vertex -12.9374 -1.27422 1.2
    endloop
  endfacet
  facet normal 0 0 1
    outer loop
      vertex -14.2809 -1.40655 1.2
      vertex -12.9374 -1.27422 1.2
      vertex -12.9843 -0.637879 1.2
    endloop
  endfacet
  facet normal 0 0 1
    outer loop
      vertex -12.7502 2.53617 1.2
      vertex -14.0743 2.79955 1.2
      vertex -12.8593 1.9075 1.2
    endloop
  endfacet
  facet normal 0 0 1
    outer loop
      vertex -12.6104 -3.15874 1.2
      vertex -13.9199 -3.48676 1.2
      vertex -13.7321 -4.16558 1.2
    endloop
  endfacet
  facet normal -0 0 1
    outer loop
      vertex -14.1947 2.10558 1.2
      vertex -12.8593 1.9075 1.2
      vertex -14.0743 2.79955 1.2
    endloop
  endfacet
  facet normal 0 0 1
    outer loop
      vertex -12.8593 1.9075 1.2
      vertex -14.1947 2.10558 1.2
      vertex -12.9374 1.27422 1.2
    endloop
  endfacet
  facet normal 0 0 1
    outer loop
      vertex -12.7465 -5.14993 1.2
      vertex -13.5112 -4.83437 1.2
      vertex -13.3027 -5.37466 1.2
    endloop
  endfacet
  facet normal -0 0 1
    outer loop
      vertex -14.2809 1.40655 1.2
      vertex -12.9374 1.27422 1.2
      vertex -14.1947 2.10558 1.2
    endloop
  endfacet
  facet normal 0 0 1
    outer loop
      vertex -12.2401 -4.37957 1.2
      vertex -13.5112 -4.83437 1.2
      vertex -12.7465 -5.14993 1.2
    endloop
  endfacet
  facet normal 0 0 1
    outer loop
      vertex -12.9374 1.27422 1.2
      vertex -14.2809 1.40655 1.2
      vertex -12.9843 0.637879 1.2
    endloop
  endfacet
  facet normal 0 -0 1
    outer loop
      vertex -13.5112 -4.83437 1.2
      vertex -12.4402 -3.7737 1.2
      vertex -13.7321 -4.16558 1.2
    endloop
  endfacet
  facet normal -0 0 1
    outer loop
      vertex -14.3327 0.704121 1.2
      vertex -12.9843 0.637879 1.2
      vertex -14.2809 1.40655 1.2
    endloop
  endfacet
  facet normal 0 0 1
    outer loop
      vertex -12.7502 -2.53617 1.2
      vertex -14.0743 -2.79955 1.2
      vertex -13.9199 -3.48676 1.2
    endloop
  endfacet
  facet normal 0 0 1
    outer loop
      vertex -12.9843 0.637879 1.2
      vertex -14.3327 0.704121 1.2
      vertex -13 0 1.2
    endloop
  endfacet
  facet normal 0 0 1
    outer loop
      vertex -12.8593 -1.9075 1.2
      vertex -14.1947 -2.10558 1.2
      vertex -14.0743 -2.79955 1.2
    endloop
  endfacet
  facet normal 0 0 1
    outer loop
      vertex -14.35 0 1.2
      vertex -13 0 1.2
      vertex -14.3327 0.704121 1.2
    endloop
  endfacet
  facet normal 0 0 1
    outer loop
      vertex -12.9374 -1.27422 1.2
      vertex -14.2809 -1.40655 1.2
      vertex -14.1947 -2.10558 1.2
    endloop
  endfacet
  facet normal 0 0 1
    outer loop
      vertex -13 0 1.2
      vertex -14.35 0 1.2
      vertex -12.9843 -0.637879 1.2
    endloop
  endfacet
  facet normal 0 0 1
    outer loop
      vertex -12.9843 -0.637879 1.2
      vertex -14.3327 -0.704121 1.2
      vertex -14.2809 -1.40655 1.2
    endloop
  endfacet
  facet normal 0 0 1
    outer loop
      vertex -12.9843 -0.637879 1.2
      vertex -14.35 0 1.2
      vertex -14.3327 -0.704121 1.2
    endloop
  endfacet
  facet normal 0 0 1
    outer loop
      vertex 9.10354 11.0927 1.2
      vertex 9.19984 10.2175 1.2
      vertex 9.6013 10.6633 1.2
    endloop
  endfacet
  facet normal 0 0 1
    outer loop
      vertex 8.24711 10.0491 1.2
      vertex 9.19984 10.2175 1.2
      vertex 9.10354 11.0927 1.2
    endloop
  endfacet
  facet normal 0 0 1
    outer loop
      vertex 9.19984 10.2175 1.2
      vertex 8.73027 9.63236 1.2
      vertex 9.19239 9.19239 1.2
    endloop
  endfacet
  facet normal 0 0 1
    outer loop
      vertex 8.24711 10.0491 1.2
      vertex 9.10354 11.0927 1.2
      vertex 8.54828 11.526 1.2
    endloop
  endfacet
  facet normal 0 0 1
    outer loop
      vertex 9.19984 10.2175 1.2
      vertex 8.24711 10.0491 1.2
      vertex 8.73027 9.63236 1.2
    endloop
  endfacet
  facet normal 0 0 1
    outer loop
      vertex 7.74409 10.4417 1.2
      vertex 8.54828 11.526 1.2
      vertex 7.97243 11.9316 1.2
    endloop
  endfacet
  facet normal 0 0 1
    outer loop
      vertex 8.54828 11.526 1.2
      vertex 7.74409 10.4417 1.2
      vertex 8.24711 10.0491 1.2
    endloop
  endfacet
  facet normal 0 0 1
    outer loop
      vertex 7.22241 10.8091 1.2
      vertex 7.97243 11.9316 1.2
      vertex 7.37737 12.3084 1.2
    endloop
  endfacet
  facet normal 0 0 1
    outer loop
      vertex 7.97243 11.9316 1.2
      vertex 7.22241 10.8091 1.2
      vertex 7.74409 10.4417 1.2
    endloop
  endfacet
  facet normal 0 0 1
    outer loop
      vertex 6.68334 11.1505 1.2
      vertex 7.37737 12.3084 1.2
      vertex 6.76454 12.6556 1.2
    endloop
  endfacet
  facet normal 0 0 1
    outer loop
      vertex 7.37737 12.3084 1.2
      vertex 6.68334 11.1505 1.2
      vertex 7.22241 10.8091 1.2
    endloop
  endfacet
  facet normal 0 0 1
    outer loop
      vertex 6.12816 11.465 1.2
      vertex 6.76454 12.6556 1.2
      vertex 6.13542 12.9722 1.2
    endloop
  endfacet
  facet normal 0 0 1
    outer loop
      vertex 6.76454 12.6556 1.2
      vertex 6.12816 11.465 1.2
      vertex 6.68334 11.1505 1.2
    endloop
  endfacet
  facet normal 0 0 1
    outer loop
      vertex 6.13542 12.9722 1.2
      vertex 5.55822 11.7519 1.2
      vertex 6.12816 11.465 1.2
    endloop
  endfacet
  facet normal 0 0 1
    outer loop
      vertex 5.49151 13.2577 1.2
      vertex 5.55822 11.7519 1.2
      vertex 6.13542 12.9722 1.2
    endloop
  endfacet
  facet normal 0 0 1
    outer loop
      vertex 5.49151 13.2577 1.2
      vertex 4.97488 12.0104 1.2
      vertex 5.55822 11.7519 1.2
    endloop
  endfacet
  facet normal 0 0 1
    outer loop
      vertex 4.83437 13.5112 1.2
      vertex 4.97488 12.0104 1.2
      vertex 5.49151 13.2577 1.2
    endloop
  endfacet
  facet normal 0 0 1
    outer loop
      vertex 4.83437 13.5112 1.2
      vertex 4.37957 12.2401 1.2
      vertex 4.97488 12.0104 1.2
    endloop
  endfacet
  facet normal 0 0 1
    outer loop
      vertex 4.16558 13.7321 1.2
      vertex 4.37957 12.2401 1.2
      vertex 4.83437 13.5112 1.2
    endloop
  endfacet
  facet normal 0 0 1
    outer loop
      vertex 4.16558 13.7321 1.2
      vertex 3.7737 12.4402 1.2
      vertex 4.37957 12.2401 1.2
    endloop
  endfacet
  facet normal 0 0 1
    outer loop
      vertex 3.48676 13.9199 1.2
      vertex 3.7737 12.4402 1.2
      vertex 4.16558 13.7321 1.2
    endloop
  endfacet
  facet normal 0 0 1
    outer loop
      vertex 3.48676 13.9199 1.2
      vertex 3.15874 12.6104 1.2
      vertex 3.7737 12.4402 1.2
    endloop
  endfacet
  facet normal 0 0 1
    outer loop
      vertex 2.79955 14.0743 1.2
      vertex 3.15874 12.6104 1.2
      vertex 3.48676 13.9199 1.2
    endloop
  endfacet
  facet normal 0 0 1
    outer loop
      vertex 2.79955 14.0743 1.2
      vertex 2.53617 12.7502 1.2
      vertex 3.15874 12.6104 1.2
    endloop
  endfacet
  facet normal 0 0 1
    outer loop
      vertex 2.10558 14.1947 1.2
      vertex 2.53617 12.7502 1.2
      vertex 2.79955 14.0743 1.2
    endloop
  endfacet
  facet normal 0 0 1
    outer loop
      vertex 2.10558 14.1947 1.2
      vertex 1.9075 12.8593 1.2
      vertex 2.53617 12.7502 1.2
    endloop
  endfacet
  facet normal 0 0 1
    outer loop
      vertex 1.40655 14.2809 1.2
      vertex 1.9075 12.8593 1.2
      vertex 2.10558 14.1947 1.2
    endloop
  endfacet
  facet normal 0 0 1
    outer loop
      vertex 1.40655 14.2809 1.2
      vertex 1.27422 12.9374 1.2
      vertex 1.9075 12.8593 1.2
    endloop
  endfacet
  facet normal 0 0 1
    outer loop
      vertex 0.704121 14.3327 1.2
      vertex 1.27422 12.9374 1.2
      vertex 1.40655 14.2809 1.2
    endloop
  endfacet
  facet normal 0 0 1
    outer loop
      vertex 0.704121 14.3327 1.2
      vertex 0.637879 12.9843 1.2
      vertex 1.27422 12.9374 1.2
    endloop
  endfacet
  facet normal 0 0 1
    outer loop
      vertex 0 14.35 1.2
      vertex 0.637879 12.9843 1.2
      vertex 0.704121 14.3327 1.2
    endloop
  endfacet
  facet normal 0 0 1
    outer loop
      vertex 0 14.35 1.2
      vertex 0 13 1.2
      vertex 0.637879 12.9843 1.2
    endloop
  endfacet
  facet normal 0 0 1
    outer loop
      vertex 0 14.35 1.2
      vertex -0.637879 12.9843 1.2
      vertex 0 13 1.2
    endloop
  endfacet
  facet normal -0 0 1
    outer loop
      vertex -0.704121 14.3327 1.2
      vertex -0.637879 12.9843 1.2
      vertex 0 14.35 1.2
    endloop
  endfacet
  facet normal 0 0 1
    outer loop
      vertex -0.704121 14.3327 1.2
      vertex -1.27422 12.9374 1.2
      vertex -0.637879 12.9843 1.2
    endloop
  endfacet
  facet normal -0 0 1
    outer loop
      vertex -1.40655 14.2809 1.2
      vertex -1.27422 12.9374 1.2
      vertex -0.704121 14.3327 1.2
    endloop
  endfacet
  facet normal 0 0 1
    outer loop
      vertex -1.40655 14.2809 1.2
      vertex -1.9075 12.8593 1.2
      vertex -1.27422 12.9374 1.2
    endloop
  endfacet
  facet normal -0 0 1
    outer loop
      vertex -2.10558 14.1947 1.2
      vertex -1.9075 12.8593 1.2
      vertex -1.40655 14.2809 1.2
    endloop
  endfacet
  facet normal 0 0 1
    outer loop
      vertex -2.10558 14.1947 1.2
      vertex -2.53617 12.7502 1.2
      vertex -1.9075 12.8593 1.2
    endloop
  endfacet
  facet normal -0 0 1
    outer loop
      vertex -2.79955 14.0743 1.2
      vertex -2.53617 12.7502 1.2
      vertex -2.10558 14.1947 1.2
    endloop
  endfacet
  facet normal 0 0 1
    outer loop
      vertex -2.79955 14.0743 1.2
      vertex -3.15874 12.6104 1.2
      vertex -2.53617 12.7502 1.2
    endloop
  endfacet
  facet normal -0 0 1
    outer loop
      vertex -3.48676 13.9199 1.2
      vertex -3.15874 12.6104 1.2
      vertex -2.79955 14.0743 1.2
    endloop
  endfacet
  facet normal 0 0 1
    outer loop
      vertex -3.48676 13.9199 1.2
      vertex -3.7737 12.4402 1.2
      vertex -3.15874 12.6104 1.2
    endloop
  endfacet
  facet normal -0 0 1
    outer loop
      vertex -4.16558 13.7321 1.2
      vertex -3.7737 12.4402 1.2
      vertex -3.48676 13.9199 1.2
    endloop
  endfacet
  facet normal 0 0 1
    outer loop
      vertex -4.16558 13.7321 1.2
      vertex -4.37957 12.2401 1.2
      vertex -3.7737 12.4402 1.2
    endloop
  endfacet
  facet normal -0 0 1
    outer loop
      vertex -4.83437 13.5112 1.2
      vertex -4.37957 12.2401 1.2
      vertex -4.16558 13.7321 1.2
    endloop
  endfacet
  facet normal 0 0 1
    outer loop
      vertex -4.83437 13.5112 1.2
      vertex -4.97488 12.0104 1.2
      vertex -4.37957 12.2401 1.2
    endloop
  endfacet
  facet normal -0 0 1
    outer loop
      vertex -5.49151 13.2577 1.2
      vertex -4.97488 12.0104 1.2
      vertex -4.83437 13.5112 1.2
    endloop
  endfacet
  facet normal 0 0 1
    outer loop
      vertex -5.49151 13.2577 1.2
      vertex -5.55822 11.7519 1.2
      vertex -4.97488 12.0104 1.2
    endloop
  endfacet
  facet normal -0 0 1
    outer loop
      vertex -6.13542 12.9722 1.2
      vertex -5.55822 11.7519 1.2
      vertex -5.49151 13.2577 1.2
    endloop
  endfacet
  facet normal 0 0 1
    outer loop
      vertex -5.55822 11.7519 1.2
      vertex -6.13542 12.9722 1.2
      vertex -6.12816 11.465 1.2
    endloop
  endfacet
  facet normal -0 0 1
    outer loop
      vertex -6.76454 12.6556 1.2
      vertex -6.12816 11.465 1.2
      vertex -6.13542 12.9722 1.2
    endloop
  endfacet
  facet normal 0 0 1
    outer loop
      vertex -6.12816 11.465 1.2
      vertex -6.76454 12.6556 1.2
      vertex -6.68334 11.1505 1.2
    endloop
  endfacet
  facet normal -0 0 1
    outer loop
      vertex -7.37737 12.3084 1.2
      vertex -6.68334 11.1505 1.2
      vertex -6.76454 12.6556 1.2
    endloop
  endfacet
  facet normal 0 0 1
    outer loop
      vertex -6.68334 11.1505 1.2
      vertex -7.37737 12.3084 1.2
      vertex -7.22241 10.8091 1.2
    endloop
  endfacet
  facet normal -0 0 1
    outer loop
      vertex -7.97243 11.9316 1.2
      vertex -7.22241 10.8091 1.2
      vertex -7.37737 12.3084 1.2
    endloop
  endfacet
  facet normal 0 0 1
    outer loop
      vertex -7.22241 10.8091 1.2
      vertex -7.97243 11.9316 1.2
      vertex -7.74409 10.4417 1.2
    endloop
  endfacet
  facet normal -0 0 1
    outer loop
      vertex -8.54828 11.526 1.2
      vertex -7.74409 10.4417 1.2
      vertex -7.97243 11.9316 1.2
    endloop
  endfacet
  facet normal 0 0 1
    outer loop
      vertex -7.74409 10.4417 1.2
      vertex -8.54828 11.526 1.2
      vertex -8.24711 10.0491 1.2
    endloop
  endfacet
  facet normal -0 0 1
    outer loop
      vertex -9.10354 11.0927 1.2
      vertex -8.24711 10.0491 1.2
      vertex -8.54828 11.526 1.2
    endloop
  endfacet
  facet normal 0 0 1
    outer loop
      vertex -8.24711 10.0491 1.2
      vertex -9.10354 11.0927 1.2
      vertex -8.73027 9.63236 1.2
    endloop
  endfacet
  facet normal -0 0 1
    outer loop
      vertex -9.63687 10.6326 1.2
      vertex -8.73027 9.63236 1.2
      vertex -9.10354 11.0927 1.2
    endloop
  endfacet
  facet normal 0 0 1
    outer loop
      vertex -8.73027 9.63236 1.2
      vertex -9.63687 10.6326 1.2
      vertex -9.19239 9.19239 1.2
    endloop
  endfacet
  facet normal -0 0 1
    outer loop
      vertex -10.147 10.147 1.2
      vertex -9.19239 9.19239 1.2
      vertex -9.63687 10.6326 1.2
    endloop
  endfacet
  facet normal 0 0 1
    outer loop
      vertex -9.19239 9.19239 1.2
      vertex -10.147 10.147 1.2
      vertex -9.63236 8.73027 1.2
    endloop
  endfacet
  facet normal -0 0 1
    outer loop
      vertex -10.6326 9.63687 1.2
      vertex -9.63236 8.73027 1.2
      vertex -10.147 10.147 1.2
    endloop
  endfacet
  facet normal 0 0 1
    outer loop
      vertex -9.63236 8.73027 1.2
      vertex -10.6326 9.63687 1.2
      vertex -10.0491 8.24711 1.2
    endloop
  endfacet
  facet normal -0 0 1
    outer loop
      vertex -11.0927 9.10354 1.2
      vertex -10.0491 8.24711 1.2
      vertex -10.6326 9.63687 1.2
    endloop
  endfacet
  facet normal 0 0 1
    outer loop
      vertex -10.0491 8.24711 1.2
      vertex -11.0927 9.10354 1.2
      vertex -10.4417 7.74409 1.2
    endloop
  endfacet
  facet normal -0 0 1
    outer loop
      vertex -11.526 8.54828 1.2
      vertex -10.4417 7.74409 1.2
      vertex -11.0927 9.10354 1.2
    endloop
  endfacet
  facet normal 0 0 1
    outer loop
      vertex -10.4417 7.74409 1.2
      vertex -11.526 8.54828 1.2
      vertex -10.8091 7.22241 1.2
    endloop
  endfacet
  facet normal -0 0 1
    outer loop
      vertex -11.9316 7.97243 1.2
      vertex -10.8091 7.22241 1.2
      vertex -11.526 8.54828 1.2
    endloop
  endfacet
  facet normal 0 0 1
    outer loop
      vertex -10.8091 7.22241 1.2
      vertex -11.9316 7.97243 1.2
      vertex -11.1505 6.68334 1.2
    endloop
  endfacet
  facet normal -0 0 1
    outer loop
      vertex -12.3084 7.37737 1.2
      vertex -11.1505 6.68334 1.2
      vertex -11.9316 7.97243 1.2
    endloop
  endfacet
  facet normal 0 0 1
    outer loop
      vertex -11.1505 6.68334 1.2
      vertex -12.3084 7.37737 1.2
      vertex -11.465 6.12816 1.2
    endloop
  endfacet
  facet normal -0 0 1
    outer loop
      vertex -12.6556 6.76454 1.2
      vertex -11.465 6.12816 1.2
      vertex -12.3084 7.37737 1.2
    endloop
  endfacet
  facet normal 0 0 1
    outer loop
      vertex -11.465 6.12816 1.2
      vertex -12.6556 6.76454 1.2
      vertex -11.7519 5.55822 1.2
    endloop
  endfacet
  facet normal -0 0 1
    outer loop
      vertex -12.9722 6.13542 1.2
      vertex -11.7519 5.55822 1.2
      vertex -12.6556 6.76454 1.2
    endloop
  endfacet
  facet normal 0 0 1
    outer loop
      vertex -11.7519 5.55822 1.2
      vertex -12.9722 6.13542 1.2
      vertex -12.0104 4.97488 1.2
    endloop
  endfacet
  facet normal -0 0 1
    outer loop
      vertex -13.2577 5.49151 1.2
      vertex -12.0104 4.97488 1.2
      vertex -12.9722 6.13542 1.2
    endloop
  endfacet
  facet normal 0 0 1
    outer loop
      vertex -12.0104 4.97488 1.2
      vertex -13.2577 5.49151 1.2
      vertex -12.2401 4.37957 1.2
    endloop
  endfacet
  facet normal -0 0 1
    outer loop
      vertex -13.5112 4.83437 1.2
      vertex -12.2401 4.37957 1.2
      vertex -13.2577 5.49151 1.2
    endloop
  endfacet
  facet normal 0 0 1
    outer loop
      vertex -12.2401 4.37957 1.2
      vertex -13.5112 4.83437 1.2
      vertex -12.4402 3.7737 1.2
    endloop
  endfacet
  facet normal -0 0 1
    outer loop
      vertex -13.7321 4.16558 1.2
      vertex -12.4402 3.7737 1.2
      vertex -13.5112 4.83437 1.2
    endloop
  endfacet
  facet normal 0 0 1
    outer loop
      vertex -12.4402 3.7737 1.2
      vertex -13.7321 4.16558 1.2
      vertex -12.6104 3.15874 1.2
    endloop
  endfacet
  facet normal -0 0 1
    outer loop
      vertex -13.9199 3.48676 1.2
      vertex -12.6104 3.15874 1.2
      vertex -13.7321 4.16558 1.2
    endloop
  endfacet
  facet normal 0 0 1
    outer loop
      vertex -12.6104 3.15874 1.2
      vertex -13.9199 3.48676 1.2
      vertex -12.7502 2.53617 1.2
    endloop
  endfacet
  facet normal -0 0 1
    outer loop
      vertex -14.0743 2.79955 1.2
      vertex -12.7502 2.53617 1.2
      vertex -13.9199 3.48676 1.2
    endloop
  endfacet
  facet normal 0 0 1
    outer loop
      vertex 13 0 1.2
      vertex 14.35 0 1.2
      vertex 14.3327 0.704121 1.2
    endloop
  endfacet
  facet normal 0 0 1
    outer loop
      vertex 12.9843 0.637879 1.2
      vertex 14.3327 0.704121 1.2
      vertex 14.2809 1.40655 1.2
    endloop
  endfacet
  facet normal 0 0 1
    outer loop
      vertex 14.35 0 1.2
      vertex 13 0 1.2
      vertex 14.3327 -0.704121 1.2
    endloop
  endfacet
  facet normal 0 0 1
    outer loop
      vertex 12.9374 1.27422 1.2
      vertex 14.2809 1.40655 1.2
      vertex 14.1947 2.10558 1.2
    endloop
  endfacet
  facet normal -0 0 1
    outer loop
      vertex 12.9843 -0.637879 1.2
      vertex 14.3327 -0.704121 1.2
      vertex 13 0 1.2
    endloop
  endfacet
  facet normal 0 0 1
    outer loop
      vertex 12.8593 1.9075 1.2
      vertex 14.1947 2.10558 1.2
      vertex 14.0743 2.79955 1.2
    endloop
  endfacet
  facet normal 0 0 1
    outer loop
      vertex 14.3327 -0.704121 1.2
      vertex 12.9843 -0.637879 1.2
      vertex 14.2809 -1.40655 1.2
    endloop
  endfacet
  facet normal 0 0 1
    outer loop
      vertex 12.7502 2.53617 1.2
      vertex 14.0743 2.79955 1.2
      vertex 13.9199 3.48676 1.2
    endloop
  endfacet
  facet normal -0 0 1
    outer loop
      vertex 12.9374 -1.27422 1.2
      vertex 14.2809 -1.40655 1.2
      vertex 12.9843 -0.637879 1.2
    endloop
  endfacet
  facet normal 0 0 1
    outer loop
      vertex 12.6104 3.15874 1.2
      vertex 13.9199 3.48676 1.2
      vertex 13.7321 4.16558 1.2
    endloop
  endfacet
  facet normal 0 0 1
    outer loop
      vertex 14.2809 -1.40655 1.2
      vertex 12.9374 -1.27422 1.2
      vertex 14.1947 -2.10558 1.2
    endloop
  endfacet
  facet normal 0 0 1
    outer loop
      vertex 12.4402 3.7737 1.2
      vertex 13.7321 4.16558 1.2
      vertex 13.5112 4.83437 1.2
    endloop
  endfacet
  facet normal -0 0 1
    outer loop
      vertex 12.8593 -1.9075 1.2
      vertex 14.1947 -2.10558 1.2
      vertex 12.9374 -1.27422 1.2
    endloop
  endfacet
  facet normal -0 0 1
    outer loop
      vertex 12.7465 5.14993 1.2
      vertex 13.5112 4.83437 1.2
      vertex 13.3027 5.37466 1.2
    endloop
  endfacet
  facet normal 0 0 1
    outer loop
      vertex 14.1947 -2.10558 1.2
      vertex 12.8593 -1.9075 1.2
      vertex 14.0743 -2.79955 1.2
    endloop
  endfacet
  facet normal -0 0 1
    outer loop
      vertex 12.7502 -2.53617 1.2
      vertex 14.0743 -2.79955 1.2
      vertex 12.8593 -1.9075 1.2
    endloop
  endfacet
  facet normal 0 0 1
    outer loop
      vertex 14.3327 0.704121 1.2
      vertex 12.9843 0.637879 1.2
      vertex 13 0 1.2
    endloop
  endfacet
  facet normal 0 0 1
    outer loop
      vertex 14.2809 1.40655 1.2
      vertex 12.9374 1.27422 1.2
      vertex 12.9843 0.637879 1.2
    endloop
  endfacet
  facet normal 0 0 1
    outer loop
      vertex 14.1947 2.10558 1.2
      vertex 12.8593 1.9075 1.2
      vertex 12.9374 1.27422 1.2
    endloop
  endfacet
  facet normal 0 0 1
    outer loop
      vertex 14.0743 2.79955 1.2
      vertex 12.7502 2.53617 1.2
      vertex 12.8593 1.9075 1.2
    endloop
  endfacet
  facet normal 0 0 1
    outer loop
      vertex 12.2401 4.37957 1.2
      vertex 13.5112 4.83437 1.2
      vertex 12.7465 5.14993 1.2
    endloop
  endfacet
  facet normal 0 0 1
    outer loop
      vertex 12.0104 4.97488 1.2
      vertex 12.7465 5.14993 1.2
      vertex 12.7033 5.26189 1.2
    endloop
  endfacet
  facet normal 0 0 1
    outer loop
      vertex 13.9199 3.48676 1.2
      vertex 12.6104 3.15874 1.2
      vertex 12.7502 2.53617 1.2
    endloop
  endfacet
  facet normal 0 0 1
    outer loop
      vertex 13.7321 4.16558 1.2
      vertex 12.4402 3.7737 1.2
      vertex 12.6104 3.15874 1.2
    endloop
  endfacet
  facet normal 0 0 1
    outer loop
      vertex 12.0104 4.97488 1.2
      vertex 12.7033 5.26189 1.2
      vertex 12.4298 5.87888 1.2
    endloop
  endfacet
  facet normal 0 0 1
    outer loop
      vertex 13.5112 4.83437 1.2
      vertex 12.2401 4.37957 1.2
      vertex 12.4402 3.7737 1.2
    endloop
  endfacet
  facet normal 0 0 1
    outer loop
      vertex 11.7519 5.55822 1.2
      vertex 12.4298 5.87888 1.2
      vertex 12.1264 6.4817 1.2
    endloop
  endfacet
  facet normal 0 0 1
    outer loop
      vertex 12.7465 5.14993 1.2
      vertex 12.0104 4.97488 1.2
      vertex 12.2401 4.37957 1.2
    endloop
  endfacet
  facet normal 0 0 1
    outer loop
      vertex 11.465 6.12816 1.2
      vertex 12.1264 6.4817 1.2
      vertex 11.7938 7.06891 1.2
    endloop
  endfacet
  facet normal 0 0 1
    outer loop
      vertex 12.4298 5.87888 1.2
      vertex 11.7519 5.55822 1.2
      vertex 12.0104 4.97488 1.2
    endloop
  endfacet
  facet normal 0 0 1
    outer loop
      vertex 12.1264 6.4817 1.2
      vertex 11.465 6.12816 1.2
      vertex 11.7519 5.55822 1.2
    endloop
  endfacet
  facet normal 0 0 1
    outer loop
      vertex 11.1505 6.68334 1.2
      vertex 11.7938 7.06891 1.2
      vertex 11.4327 7.63908 1.2
    endloop
  endfacet
  facet normal 0 0 1
    outer loop
      vertex 11.7938 7.06891 1.2
      vertex 11.1505 6.68334 1.2
      vertex 11.465 6.12816 1.2
    endloop
  endfacet
  facet normal 0 0 1
    outer loop
      vertex 10.8091 7.22241 1.2
      vertex 11.4327 7.63908 1.2
      vertex 11.0441 8.19086 1.2
    endloop
  endfacet
  facet normal 0 0 1
    outer loop
      vertex 11.4327 7.63908 1.2
      vertex 10.8091 7.22241 1.2
      vertex 11.1505 6.68334 1.2
    endloop
  endfacet
  facet normal 0 0 1
    outer loop
      vertex 10.4417 7.74409 1.2
      vertex 11.0441 8.19086 1.2
      vertex 10.6289 8.7229 1.2
    endloop
  endfacet
  facet normal 0 0 1
    outer loop
      vertex 11.0441 8.19086 1.2
      vertex 10.4417 7.74409 1.2
      vertex 10.8091 7.22241 1.2
    endloop
  endfacet
  facet normal 0 0 1
    outer loop
      vertex 10.0491 8.24711 1.2
      vertex 10.6289 8.7229 1.2
      vertex 10.1881 9.23393 1.2
    endloop
  endfacet
  facet normal 0 0 1
    outer loop
      vertex 10.6289 8.7229 1.2
      vertex 10.0491 8.24711 1.2
      vertex 10.4417 7.74409 1.2
    endloop
  endfacet
  facet normal 0 0 1
    outer loop
      vertex 9.63236 8.73027 1.2
      vertex 10.1881 9.23393 1.2
      vertex 9.72272 9.72272 1.2
    endloop
  endfacet
  facet normal 0 0 1
    outer loop
      vertex 10.1881 9.23393 1.2
      vertex 9.63236 8.73027 1.2
      vertex 10.0491 8.24711 1.2
    endloop
  endfacet
  facet normal 0 0 1
    outer loop
      vertex 9.19239 9.19239 1.2
      vertex 9.72272 9.72272 1.2
      vertex 9.23393 10.1881 1.2
    endloop
  endfacet
  facet normal 0 0 1
    outer loop
      vertex 9.19239 9.19239 1.2
      vertex 9.23393 10.1881 1.2
      vertex 9.19984 10.2175 1.2
    endloop
  endfacet
  facet normal 0 0 1
    outer loop
      vertex 9.72272 9.72272 1.2
      vertex 9.19239 9.19239 1.2
      vertex 9.63236 8.73027 1.2
    endloop
  endfacet
  facet normal 0 0 1
    outer loop
      vertex 14.0743 -2.79955 1.2
      vertex 12.7502 -2.53617 1.2
      vertex 13.9199 -3.48676 1.2
    endloop
  endfacet
  facet normal -0 0 1
    outer loop
      vertex 12.6104 -3.15874 1.2
      vertex 13.9199 -3.48676 1.2
      vertex 12.7502 -2.53617 1.2
    endloop
  endfacet
  facet normal 0 0 1
    outer loop
      vertex 13.9199 -3.48676 1.2
      vertex 12.6104 -3.15874 1.2
      vertex 13.7321 -4.16558 1.2
    endloop
  endfacet
  facet normal -0 0 1
    outer loop
      vertex 12.4402 -3.7737 1.2
      vertex 13.7321 -4.16558 1.2
      vertex 12.6104 -3.15874 1.2
    endloop
  endfacet
  facet normal 0 0 1
    outer loop
      vertex 13.7321 -4.16558 1.2
      vertex 12.4402 -3.7737 1.2
      vertex 13.5112 -4.83437 1.2
    endloop
  endfacet
  facet normal -0 0 1
    outer loop
      vertex 12.2401 -4.37957 1.2
      vertex 13.5112 -4.83437 1.2
      vertex 12.4402 -3.7737 1.2
    endloop
  endfacet
  facet normal 0 0 1
    outer loop
      vertex 13.5112 -4.83437 1.2
      vertex 12.2401 -4.37957 1.2
      vertex 13.2577 -5.49151 1.2
    endloop
  endfacet
  facet normal -0 0 1
    outer loop
      vertex 12.0104 -4.97488 1.2
      vertex 13.2577 -5.49151 1.2
      vertex 12.2401 -4.37957 1.2
    endloop
  endfacet
  facet normal 0 0 1
    outer loop
      vertex 13.2577 -5.49151 1.2
      vertex 12.0104 -4.97488 1.2
      vertex 12.9722 -6.13542 1.2
    endloop
  endfacet
  facet normal -0 0 1
    outer loop
      vertex 11.7519 -5.55822 1.2
      vertex 12.9722 -6.13542 1.2
      vertex 12.0104 -4.97488 1.2
    endloop
  endfacet
  facet normal 0 0 1
    outer loop
      vertex 12.9722 -6.13542 1.2
      vertex 11.7519 -5.55822 1.2
      vertex 12.6556 -6.76454 1.2
    endloop
  endfacet
  facet normal -0 0 1
    outer loop
      vertex 11.465 -6.12816 1.2
      vertex 12.6556 -6.76454 1.2
      vertex 11.7519 -5.55822 1.2
    endloop
  endfacet
  facet normal 0 0 1
    outer loop
      vertex 12.6556 -6.76454 1.2
      vertex 11.465 -6.12816 1.2
      vertex 12.3084 -7.37737 1.2
    endloop
  endfacet
  facet normal -0 0 1
    outer loop
      vertex 11.1505 -6.68334 1.2
      vertex 12.3084 -7.37737 1.2
      vertex 11.465 -6.12816 1.2
    endloop
  endfacet
  facet normal 0 0 1
    outer loop
      vertex 12.3084 -7.37737 1.2
      vertex 11.1505 -6.68334 1.2
      vertex 11.9316 -7.97243 1.2
    endloop
  endfacet
  facet normal -0 0 1
    outer loop
      vertex 10.8091 -7.22241 1.2
      vertex 11.9316 -7.97243 1.2
      vertex 11.1505 -6.68334 1.2
    endloop
  endfacet
  facet normal 0 0 1
    outer loop
      vertex 11.9316 -7.97243 1.2
      vertex 10.8091 -7.22241 1.2
      vertex 11.526 -8.54828 1.2
    endloop
  endfacet
  facet normal -0 0 1
    outer loop
      vertex 10.4417 -7.74409 1.2
      vertex 11.526 -8.54828 1.2
      vertex 10.8091 -7.22241 1.2
    endloop
  endfacet
  facet normal 0 0 1
    outer loop
      vertex 11.526 -8.54828 1.2
      vertex 10.4417 -7.74409 1.2
      vertex 11.0927 -9.10354 1.2
    endloop
  endfacet
  facet normal -0 0 1
    outer loop
      vertex 10.0491 -8.24711 1.2
      vertex 11.0927 -9.10354 1.2
      vertex 10.4417 -7.74409 1.2
    endloop
  endfacet
  facet normal 0 0 1
    outer loop
      vertex 11.0927 -9.10354 1.2
      vertex 10.0491 -8.24711 1.2
      vertex 10.6326 -9.63687 1.2
    endloop
  endfacet
  facet normal -0 0 1
    outer loop
      vertex 9.63236 -8.73027 1.2
      vertex 10.6326 -9.63687 1.2
      vertex 10.0491 -8.24711 1.2
    endloop
  endfacet
  facet normal 0 0 1
    outer loop
      vertex 10.6326 -9.63687 1.2
      vertex 9.63236 -8.73027 1.2
      vertex 10.147 -10.147 1.2
    endloop
  endfacet
  facet normal -0 0 1
    outer loop
      vertex 9.19239 -9.19239 1.2
      vertex 10.147 -10.147 1.2
      vertex 9.63236 -8.73027 1.2
    endloop
  endfacet
  facet normal 0 0 1
    outer loop
      vertex 10.147 -10.147 1.2
      vertex 9.19239 -9.19239 1.2
      vertex 9.63687 -10.6326 1.2
    endloop
  endfacet
  facet normal -0 0 1
    outer loop
      vertex 8.73027 -9.63236 1.2
      vertex 9.63687 -10.6326 1.2
      vertex 9.19239 -9.19239 1.2
    endloop
  endfacet
  facet normal 0 0 1
    outer loop
      vertex 9.63687 -10.6326 1.2
      vertex 8.73027 -9.63236 1.2
      vertex 9.10354 -11.0927 1.2
    endloop
  endfacet
  facet normal -0 0 1
    outer loop
      vertex 8.24711 -10.0491 1.2
      vertex 9.10354 -11.0927 1.2
      vertex 8.73027 -9.63236 1.2
    endloop
  endfacet
  facet normal 0 0 1
    outer loop
      vertex 9.10354 -11.0927 1.2
      vertex 8.24711 -10.0491 1.2
      vertex 8.54828 -11.526 1.2
    endloop
  endfacet
  facet normal -0 0 1
    outer loop
      vertex 7.74409 -10.4417 1.2
      vertex 8.54828 -11.526 1.2
      vertex 8.24711 -10.0491 1.2
    endloop
  endfacet
  facet normal 0 0 1
    outer loop
      vertex 8.54828 -11.526 1.2
      vertex 7.74409 -10.4417 1.2
      vertex 7.97243 -11.9316 1.2
    endloop
  endfacet
  facet normal -0 0 1
    outer loop
      vertex 7.22241 -10.8091 1.2
      vertex 7.97243 -11.9316 1.2
      vertex 7.74409 -10.4417 1.2
    endloop
  endfacet
  facet normal 0 0 1
    outer loop
      vertex 7.97243 -11.9316 1.2
      vertex 7.22241 -10.8091 1.2
      vertex 7.37737 -12.3084 1.2
    endloop
  endfacet
  facet normal -0 0 1
    outer loop
      vertex 6.68334 -11.1505 1.2
      vertex 7.37737 -12.3084 1.2
      vertex 7.22241 -10.8091 1.2
    endloop
  endfacet
  facet normal 0 0 1
    outer loop
      vertex 7.37737 -12.3084 1.2
      vertex 6.68334 -11.1505 1.2
      vertex 6.76454 -12.6556 1.2
    endloop
  endfacet
  facet normal -0 0 1
    outer loop
      vertex 6.12816 -11.465 1.2
      vertex 6.76454 -12.6556 1.2
      vertex 6.68334 -11.1505 1.2
    endloop
  endfacet
  facet normal 0 0 1
    outer loop
      vertex 6.76454 -12.6556 1.2
      vertex 6.12816 -11.465 1.2
      vertex 6.13542 -12.9722 1.2
    endloop
  endfacet
  facet normal -0 0 1
    outer loop
      vertex 5.55822 -11.7519 1.2
      vertex 6.13542 -12.9722 1.2
      vertex 6.12816 -11.465 1.2
    endloop
  endfacet
  facet normal 0 0 1
    outer loop
      vertex 5.55822 -11.7519 1.2
      vertex 5.49151 -13.2577 1.2
      vertex 6.13542 -12.9722 1.2
    endloop
  endfacet
  facet normal -0 0 1
    outer loop
      vertex 4.97488 -12.0104 1.2
      vertex 5.49151 -13.2577 1.2
      vertex 5.55822 -11.7519 1.2
    endloop
  endfacet
  facet normal 0 0 1
    outer loop
      vertex 4.97488 -12.0104 1.2
      vertex 4.83437 -13.5112 1.2
      vertex 5.49151 -13.2577 1.2
    endloop
  endfacet
  facet normal -0 0 1
    outer loop
      vertex 4.37957 -12.2401 1.2
      vertex 4.83437 -13.5112 1.2
      vertex 4.97488 -12.0104 1.2
    endloop
  endfacet
  facet normal 0 0 1
    outer loop
      vertex 4.37957 -12.2401 1.2
      vertex 4.16558 -13.7321 1.2
      vertex 4.83437 -13.5112 1.2
    endloop
  endfacet
  facet normal -0 0 1
    outer loop
      vertex 3.7737 -12.4402 1.2
      vertex 4.16558 -13.7321 1.2
      vertex 4.37957 -12.2401 1.2
    endloop
  endfacet
  facet normal 0 0 1
    outer loop
      vertex 3.7737 -12.4402 1.2
      vertex 3.48676 -13.9199 1.2
      vertex 4.16558 -13.7321 1.2
    endloop
  endfacet
  facet normal -0 0 1
    outer loop
      vertex 3.15874 -12.6104 1.2
      vertex 3.48676 -13.9199 1.2
      vertex 3.7737 -12.4402 1.2
    endloop
  endfacet
  facet normal 0 0 1
    outer loop
      vertex 3.15874 -12.6104 1.2
      vertex 2.79955 -14.0743 1.2
      vertex 3.48676 -13.9199 1.2
    endloop
  endfacet
  facet normal -0 0 1
    outer loop
      vertex 2.53617 -12.7502 1.2
      vertex 2.79955 -14.0743 1.2
      vertex 3.15874 -12.6104 1.2
    endloop
  endfacet
  facet normal 0 0 1
    outer loop
      vertex 2.53617 -12.7502 1.2
      vertex 2.10558 -14.1947 1.2
      vertex 2.79955 -14.0743 1.2
    endloop
  endfacet
  facet normal -0 0 1
    outer loop
      vertex 1.9075 -12.8593 1.2
      vertex 2.10558 -14.1947 1.2
      vertex 2.53617 -12.7502 1.2
    endloop
  endfacet
  facet normal 0 0 1
    outer loop
      vertex 1.9075 -12.8593 1.2
      vertex 1.40655 -14.2809 1.2
      vertex 2.10558 -14.1947 1.2
    endloop
  endfacet
  facet normal -0 0 1
    outer loop
      vertex 1.27422 -12.9374 1.2
      vertex 1.40655 -14.2809 1.2
      vertex 1.9075 -12.8593 1.2
    endloop
  endfacet
  facet normal 0 0 1
    outer loop
      vertex 1.27422 -12.9374 1.2
      vertex 0.704121 -14.3327 1.2
      vertex 1.40655 -14.2809 1.2
    endloop
  endfacet
  facet normal -0 0 1
    outer loop
      vertex 0.637879 -12.9843 1.2
      vertex 0.704121 -14.3327 1.2
      vertex 1.27422 -12.9374 1.2
    endloop
  endfacet
  facet normal -0 0 1
    outer loop
      vertex 0 -13 1.2
      vertex 0.704121 -14.3327 1.2
      vertex 0.637879 -12.9843 1.2
    endloop
  endfacet
  facet normal 0 0 1
    outer loop
      vertex 0 -13 1.2
      vertex 0 -14.35 1.2
      vertex 0.704121 -14.3327 1.2
    endloop
  endfacet
  facet normal 0 0 1
    outer loop
      vertex -0.637879 -12.9843 1.2
      vertex 0 -14.35 1.2
      vertex 0 -13 1.2
    endloop
  endfacet
  facet normal 0 0 1
    outer loop
      vertex -0.637879 -12.9843 1.2
      vertex -0.704121 -14.3327 1.2
      vertex 0 -14.35 1.2
    endloop
  endfacet
  facet normal 0 0 1
    outer loop
      vertex -1.27422 -12.9374 1.2
      vertex -0.704121 -14.3327 1.2
      vertex -0.637879 -12.9843 1.2
    endloop
  endfacet
  facet normal 0 0 1
    outer loop
      vertex -1.27422 -12.9374 1.2
      vertex -1.40655 -14.2809 1.2
      vertex -0.704121 -14.3327 1.2
    endloop
  endfacet
  facet normal 0 0 1
    outer loop
      vertex -1.9075 -12.8593 1.2
      vertex -1.40655 -14.2809 1.2
      vertex -1.27422 -12.9374 1.2
    endloop
  endfacet
  facet normal 0 0 1
    outer loop
      vertex -1.9075 -12.8593 1.2
      vertex -2.10558 -14.1947 1.2
      vertex -1.40655 -14.2809 1.2
    endloop
  endfacet
  facet normal 0 0 1
    outer loop
      vertex -2.53617 -12.7502 1.2
      vertex -2.10558 -14.1947 1.2
      vertex -1.9075 -12.8593 1.2
    endloop
  endfacet
  facet normal 0 0 1
    outer loop
      vertex -2.53617 -12.7502 1.2
      vertex -2.79955 -14.0743 1.2
      vertex -2.10558 -14.1947 1.2
    endloop
  endfacet
  facet normal 0 0 1
    outer loop
      vertex -3.15874 -12.6104 1.2
      vertex -2.79955 -14.0743 1.2
      vertex -2.53617 -12.7502 1.2
    endloop
  endfacet
  facet normal 0 0 1
    outer loop
      vertex -3.15874 -12.6104 1.2
      vertex -3.48676 -13.9199 1.2
      vertex -2.79955 -14.0743 1.2
    endloop
  endfacet
  facet normal 0 0 1
    outer loop
      vertex -3.7737 -12.4402 1.2
      vertex -3.48676 -13.9199 1.2
      vertex -3.15874 -12.6104 1.2
    endloop
  endfacet
  facet normal 0 0 1
    outer loop
      vertex -3.7737 -12.4402 1.2
      vertex -4.16558 -13.7321 1.2
      vertex -3.48676 -13.9199 1.2
    endloop
  endfacet
  facet normal 0 0 1
    outer loop
      vertex -4.37957 -12.2401 1.2
      vertex -4.16558 -13.7321 1.2
      vertex -3.7737 -12.4402 1.2
    endloop
  endfacet
  facet normal 0 0 1
    outer loop
      vertex -4.37957 -12.2401 1.2
      vertex -4.83437 -13.5112 1.2
      vertex -4.16558 -13.7321 1.2
    endloop
  endfacet
  facet normal 0 0 1
    outer loop
      vertex -4.97488 -12.0104 1.2
      vertex -4.83437 -13.5112 1.2
      vertex -4.37957 -12.2401 1.2
    endloop
  endfacet
  facet normal 0 0 1
    outer loop
      vertex -4.97488 -12.0104 1.2
      vertex -5.49151 -13.2577 1.2
      vertex -4.83437 -13.5112 1.2
    endloop
  endfacet
  facet normal 0 0 1
    outer loop
      vertex -5.55822 -11.7519 1.2
      vertex -5.49151 -13.2577 1.2
      vertex -4.97488 -12.0104 1.2
    endloop
  endfacet
  facet normal 0 0 1
    outer loop
      vertex -6.13542 -12.9722 1.2
      vertex -5.55822 -11.7519 1.2
      vertex -6.12816 -11.465 1.2
    endloop
  endfacet
  facet normal 0 0 1
    outer loop
      vertex -5.55822 -11.7519 1.2
      vertex -6.13542 -12.9722 1.2
      vertex -5.49151 -13.2577 1.2
    endloop
  endfacet
  facet normal 0 0 1
    outer loop
      vertex -6.76454 -12.6556 1.2
      vertex -6.12816 -11.465 1.2
      vertex -6.68334 -11.1505 1.2
    endloop
  endfacet
  facet normal 0 0 1
    outer loop
      vertex -6.12816 -11.465 1.2
      vertex -6.76454 -12.6556 1.2
      vertex -6.13542 -12.9722 1.2
    endloop
  endfacet
  facet normal 0 0 1
    outer loop
      vertex -7.37737 -12.3084 1.2
      vertex -6.68334 -11.1505 1.2
      vertex -7.22241 -10.8091 1.2
    endloop
  endfacet
  facet normal 0 0 1
    outer loop
      vertex -6.68334 -11.1505 1.2
      vertex -7.37737 -12.3084 1.2
      vertex -6.76454 -12.6556 1.2
    endloop
  endfacet
  facet normal 0 0 1
    outer loop
      vertex -7.97243 -11.9316 1.2
      vertex -7.22241 -10.8091 1.2
      vertex -7.74409 -10.4417 1.2
    endloop
  endfacet
  facet normal 0 0 1
    outer loop
      vertex -7.22241 -10.8091 1.2
      vertex -7.97243 -11.9316 1.2
      vertex -7.37737 -12.3084 1.2
    endloop
  endfacet
  facet normal 0 0 1
    outer loop
      vertex -8.54828 -11.526 1.2
      vertex -7.74409 -10.4417 1.2
      vertex -8.24711 -10.0491 1.2
    endloop
  endfacet
  facet normal 0 0 1
    outer loop
      vertex -7.74409 -10.4417 1.2
      vertex -8.54828 -11.526 1.2
      vertex -7.97243 -11.9316 1.2
    endloop
  endfacet
  facet normal 0 0 1
    outer loop
      vertex -9.19984 -10.2175 1.2
      vertex -8.24711 -10.0491 1.2
      vertex -8.73027 -9.63236 1.2
    endloop
  endfacet
  facet normal 0 -0 1
    outer loop
      vertex -9.10354 -11.0927 1.2
      vertex -8.24711 -10.0491 1.2
      vertex -9.19984 -10.2175 1.2
    endloop
  endfacet
  facet normal 0 0 1
    outer loop
      vertex -9.23393 -10.1881 1.2
      vertex -8.73027 -9.63236 1.2
      vertex -9.19239 -9.19239 1.2
    endloop
  endfacet
  facet normal 0 0 1
    outer loop
      vertex -8.24711 -10.0491 1.2
      vertex -9.10354 -11.0927 1.2
      vertex -8.54828 -11.526 1.2
    endloop
  endfacet
  facet normal 0 0 1
    outer loop
      vertex -9.10354 -11.0927 1.2
      vertex -9.19984 -10.2175 1.2
      vertex -9.6013 -10.6633 1.2
    endloop
  endfacet
  facet normal -0.171029 -0.985266 0
    outer loop
      vertex -2.9166 -14.6627 0.3
      vertex -2.19362 -14.7882 0.600001
      vertex -2.9166 -14.6627 0.600001
    endloop
  endfacet
  facet normal -0.171029 -0.985266 -0
    outer loop
      vertex -2.19362 -14.7882 0.600001
      vertex -2.9166 -14.6627 0.3
      vertex -2.19362 -14.7882 0.3
    endloop
  endfacet
  facet normal -0.120955 -0.696796 0.706997
    outer loop
      vertex -2.9166 -14.6627 0.600001
      vertex -2.19362 -14.7882 0.600001
      vertex -2.10558 -14.1947 1.2
    endloop
  endfacet
  facet normal 0.61527 -0.788317 0
    outer loop
      vertex -8.24711 10.0491 1.90735e-07
      vertex -7.74409 10.4417 1.2
      vertex -8.24711 10.0491 1.2
    endloop
  endfacet
  facet normal 0.61527 -0.788317 0
    outer loop
      vertex -7.74409 10.4417 1.2
      vertex -8.24711 10.0491 1.90735e-07
      vertex -7.74409 10.4417 1.90735e-07
    endloop
  endfacet
  facet normal 0.997295 -0.0735033 0
    outer loop
      vertex -12.9843 0.637879 1.2
      vertex -12.9374 1.27422 1.90735e-07
      vertex -12.9374 1.27422 1.2
    endloop
  endfacet
  facet normal 0.997295 -0.0735033 0
    outer loop
      vertex -12.9374 1.27422 1.90735e-07
      vertex -12.9843 0.637879 1.2
      vertex -12.9843 0.637879 1.90735e-07
    endloop
  endfacet
  facet normal -0.997295 -0.0735033 0
    outer loop
      vertex 12.9843 0.637879 1.90735e-07
      vertex 12.9374 1.27422 1.2
      vertex 12.9374 1.27422 1.90735e-07
    endloop
  endfacet
  facet normal -0.997295 -0.0735033 0
    outer loop
      vertex 12.9374 1.27422 1.2
      vertex 12.9843 0.637879 1.90735e-07
      vertex 12.9843 0.637879 1.2
    endloop
  endfacet
  facet normal -0.999697 -0.0246054 0
    outer loop
      vertex 13 0 1.90735e-07
      vertex 12.9843 0.637879 1.2
      vertex 12.9843 0.637879 1.90735e-07
    endloop
  endfacet
  facet normal -0.999697 -0.0246054 0
    outer loop
      vertex 12.9843 0.637879 1.2
      vertex 13 0 1.90735e-07
      vertex 13 0 1.2
    endloop
  endfacet
  facet normal -0.992481 -0.122399 0
    outer loop
      vertex 12.9374 1.27422 1.90735e-07
      vertex 12.8593 1.9075 1.2
      vertex 12.8593 1.9075 1.90735e-07
    endloop
  endfacet
  facet normal -0.992481 -0.122399 0
    outer loop
      vertex 12.8593 1.9075 1.2
      vertex 12.9374 1.27422 1.90735e-07
      vertex 12.9374 1.27422 1.2
    endloop
  endfacet
  facet normal 0.992481 -0.122399 0
    outer loop
      vertex -12.9374 1.27422 1.2
      vertex -12.8593 1.9075 1.90735e-07
      vertex -12.8593 1.9075 1.2
    endloop
  endfacet
  facet normal 0.992481 -0.122399 0
    outer loop
      vertex -12.8593 1.9075 1.90735e-07
      vertex -12.9374 1.27422 1.2
      vertex -12.9374 1.27422 1.90735e-07
    endloop
  endfacet
  facet normal -0.0735033 0.997295 0
    outer loop
      vertex 1.27422 -12.9374 1.90735e-07
      vertex 0.637879 -12.9843 1.2
      vertex 1.27422 -12.9374 1.2
    endloop
  endfacet
  facet normal -0.0735033 0.997295 0
    outer loop
      vertex 0.637879 -12.9843 1.2
      vertex 1.27422 -12.9374 1.90735e-07
      vertex 0.637879 -12.9843 1.90735e-07
    endloop
  endfacet
  facet normal -0.844827 -0.53504 0
    outer loop
      vertex 11.1505 6.68334 1.90735e-07
      vertex 10.8091 7.22241 1.2
      vertex 10.8091 7.22241 1.90735e-07
    endloop
  endfacet
  facet normal -0.844827 -0.53504 0
    outer loop
      vertex 10.8091 7.22241 1.2
      vertex 11.1505 6.68334 1.90735e-07
      vertex 11.1505 6.68334 1.2
    endloop
  endfacet
  facet normal 0.949553 -0.313608 0
    outer loop
      vertex -12.4402 3.7737 1.2
      vertex -12.2401 4.37957 1.90735e-07
      vertex -12.2401 4.37957 1.2
    endloop
  endfacet
  facet normal 0.949553 -0.313608 0
    outer loop
      vertex -12.2401 4.37957 1.90735e-07
      vertex -12.4402 3.7737 1.2
      vertex -12.4402 3.7737 1.90735e-07
    endloop
  endfacet
  facet normal 0.844827 0.53504 0
    outer loop
      vertex -10.8091 -7.22241 1.2
      vertex -11.1505 -6.68334 1.90735e-07
      vertex -11.1505 -6.68334 1.2
    endloop
  endfacet
  facet normal 0.844827 0.53504 0
    outer loop
      vertex -11.1505 -6.68334 1.90735e-07
      vertex -10.8091 -7.22241 1.2
      vertex -10.8091 -7.22241 1.90735e-07
    endloop
  endfacet
  facet normal -0.65314 -0.757237 0
    outer loop
      vertex 8.24711 10.0491 1.90735e-07
      vertex 8.73027 9.63236 1.2
      vertex 8.24711 10.0491 1.2
    endloop
  endfacet
  facet normal -0.65314 -0.757237 -0
    outer loop
      vertex 8.73027 9.63236 1.2
      vertex 8.24711 10.0491 1.90735e-07
      vertex 8.73027 9.63236 1.90735e-07
    endloop
  endfacet
  facet normal 0.0735033 0.997295 -0
    outer loop
      vertex -0.637879 -12.9843 1.90735e-07
      vertex -1.27422 -12.9374 1.2
      vertex -0.637879 -12.9843 1.2
    endloop
  endfacet
  facet normal 0.0735033 0.997295 0
    outer loop
      vertex -1.27422 -12.9374 1.2
      vertex -0.637879 -12.9843 1.90735e-07
      vertex -1.27422 -12.9374 1.90735e-07
    endloop
  endfacet
  facet normal -0.932959 0.359982 0
    outer loop
      vertex 12.0104 -4.97488 1.90735e-07
      vertex 12.2401 -4.37957 1.2
      vertex 12.2401 -4.37957 1.90735e-07
    endloop
  endfacet
  facet normal -0.932959 0.359982 0
    outer loop
      vertex 12.2401 -4.37957 1.2
      vertex 12.0104 -4.97488 1.90735e-07
      vertex 12.0104 -4.97488 1.2
    endloop
  endfacet
  facet normal 0.219097 -0.975703 0
    outer loop
      vertex -3.15874 12.6104 1.90735e-07
      vertex -2.53617 12.7502 1.2
      vertex -3.15874 12.6104 1.2
    endloop
  endfacet
  facet normal 0.219097 -0.975703 0
    outer loop
      vertex -2.53617 12.7502 1.2
      vertex -3.15874 12.6104 1.90735e-07
      vertex -2.53617 12.7502 1.90735e-07
    endloop
  endfacet
  facet normal -0.975703 0.219097 0
    outer loop
      vertex 12.6104 -3.15874 1.90735e-07
      vertex 12.7502 -2.53617 1.2
      vertex 12.7502 -2.53617 1.90735e-07
    endloop
  endfacet
  facet normal -0.975703 0.219097 0
    outer loop
      vertex 12.7502 -2.53617 1.2
      vertex 12.6104 -3.15874 1.90735e-07
      vertex 12.6104 -3.15874 1.2
    endloop
  endfacet
  facet normal -0.949553 -0.313608 0
    outer loop
      vertex 12.4402 3.7737 1.90735e-07
      vertex 12.2401 4.37957 1.2
      vertex 12.2401 4.37957 1.90735e-07
    endloop
  endfacet
  facet normal -0.949553 -0.313608 0
    outer loop
      vertex 12.2401 4.37957 1.2
      vertex 12.4402 3.7737 1.90735e-07
      vertex 12.4402 3.7737 1.2
    endloop
  endfacet
  facet normal -0.788317 0.61527 0
    outer loop
      vertex 10.0491 -8.24711 1.90735e-07
      vertex 10.4417 -7.74409 1.2
      vertex 10.4417 -7.74409 1.90735e-07
    endloop
  endfacet
  facet normal -0.788317 0.61527 0
    outer loop
      vertex 10.4417 -7.74409 1.2
      vertex 10.0491 -8.24711 1.90735e-07
      vertex 10.0491 -8.24711 1.2
    endloop
  endfacet
  facet normal -0.893214 0.449632 0
    outer loop
      vertex 11.465 -6.12816 1.90735e-07
      vertex 11.7519 -5.55822 1.2
      vertex 11.7519 -5.55822 1.90735e-07
    endloop
  endfacet
  facet normal -0.893214 0.449632 0
    outer loop
      vertex 11.7519 -5.55822 1.2
      vertex 11.465 -6.12816 1.90735e-07
      vertex 11.465 -6.12816 1.2
    endloop
  endfacet
  facet normal -0.405141 0.914254 0
    outer loop
      vertex 5.55822 -11.7519 1.90735e-07
      vertex 4.97488 -12.0104 1.2
      vertex 5.55822 -11.7519 1.2
    endloop
  endfacet
  facet normal -0.405141 0.914254 0
    outer loop
      vertex 4.97488 -12.0104 1.2
      vertex 5.55822 -11.7519 1.90735e-07
      vertex 4.97488 -12.0104 1.90735e-07
    endloop
  endfacet
  facet normal -0.870091 -0.492892 0
    outer loop
      vertex 11.465 6.12816 1.90735e-07
      vertex 11.1505 6.68334 1.2
      vertex 11.1505 6.68334 1.90735e-07
    endloop
  endfacet
  facet normal -0.870091 -0.492892 0
    outer loop
      vertex 11.1505 6.68334 1.2
      vertex 11.465 6.12816 1.90735e-07
      vertex 11.465 6.12816 1.2
    endloop
  endfacet
  facet normal -0.757237 0.65314 0
    outer loop
      vertex 9.63236 -8.73027 1.90735e-07
      vertex 10.0491 -8.24711 1.2
      vertex 10.0491 -8.24711 1.90735e-07
    endloop
  endfacet
  facet normal -0.757237 0.65314 0
    outer loop
      vertex 10.0491 -8.24711 1.2
      vertex 9.63236 -8.73027 1.90735e-07
      vertex 9.63236 -8.73027 1.2
    endloop
  endfacet
  facet normal -0.963769 0.266738 0
    outer loop
      vertex 12.4402 -3.7737 1.90735e-07
      vertex 12.6104 -3.15874 1.2
      vertex 12.6104 -3.15874 1.90735e-07
    endloop
  endfacet
  facet normal -0.963769 0.266738 0
    outer loop
      vertex 12.6104 -3.15874 1.2
      vertex 12.4402 -3.7737 1.90735e-07
      vertex 12.4402 -3.7737 1.2
    endloop
  endfacet
  facet normal 0.757237 -0.65314 0
    outer loop
      vertex -10.0491 8.24711 1.2
      vertex -9.63236 8.73027 1.90735e-07
      vertex -9.63236 8.73027 1.2
    endloop
  endfacet
  facet normal 0.757237 -0.65314 0
    outer loop
      vertex -9.63236 8.73027 1.90735e-07
      vertex -10.0491 8.24711 1.2
      vertex -10.0491 8.24711 1.90735e-07
    endloop
  endfacet
  facet normal 0.689537 -0.724251 0
    outer loop
      vertex -9.19239 9.19239 1.90735e-07
      vertex -8.73027 9.63236 1.2
      vertex -9.19239 9.19239 1.2
    endloop
  endfacet
  facet normal 0.689537 -0.724251 0
    outer loop
      vertex -8.73027 9.63236 1.2
      vertex -9.19239 9.19239 1.90735e-07
      vertex -8.73027 9.63236 1.90735e-07
    endloop
  endfacet
  facet normal -0.170985 -0.985274 0
    outer loop
      vertex 1.9075 12.8593 1.90735e-07
      vertex 2.53617 12.7502 1.2
      vertex 1.9075 12.8593 1.2
    endloop
  endfacet
  facet normal -0.170985 -0.985274 -0
    outer loop
      vertex 2.53617 12.7502 1.2
      vertex 1.9075 12.8593 1.90735e-07
      vertex 2.53617 12.7502 1.90735e-07
    endloop
  endfacet
  facet normal 0.870091 0.492892 0
    outer loop
      vertex -11.1505 -6.68334 1.2
      vertex -11.465 -6.12816 1.90735e-07
      vertex -11.465 -6.12816 1.2
    endloop
  endfacet
  facet normal 0.870091 0.492892 0
    outer loop
      vertex -11.465 -6.12816 1.90735e-07
      vertex -11.1505 -6.68334 1.2
      vertex -11.1505 -6.68334 1.90735e-07
    endloop
  endfacet
  facet normal 0.0735033 -0.997295 0
    outer loop
      vertex -1.27422 12.9374 1.90735e-07
      vertex -0.637879 12.9843 1.2
      vertex -1.27422 12.9374 1.2
    endloop
  endfacet
  facet normal 0.0735033 -0.997295 0
    outer loop
      vertex -0.637879 12.9843 1.2
      vertex -1.27422 12.9374 1.90735e-07
      vertex -0.637879 12.9843 1.90735e-07
    endloop
  endfacet
  facet normal -0.359982 0.932959 0
    outer loop
      vertex 4.97488 -12.0104 1.90735e-07
      vertex 4.37957 -12.2401 1.2
      vertex 4.97488 -12.0104 1.2
    endloop
  endfacet
  facet normal -0.359982 0.932959 0
    outer loop
      vertex 4.37957 -12.2401 1.2
      vertex 4.97488 -12.0104 1.90735e-07
      vertex 4.37957 -12.2401 1.90735e-07
    endloop
  endfacet
  facet normal 0.757237 0.65314 0
    outer loop
      vertex -9.63236 -8.73027 1.2
      vertex -10.0491 -8.24711 1.90735e-07
      vertex -10.0491 -8.24711 1.2
    endloop
  endfacet
  facet normal 0.757237 0.65314 0
    outer loop
      vertex -10.0491 -8.24711 1.90735e-07
      vertex -9.63236 -8.73027 1.2
      vertex -9.63236 -8.73027 1.90735e-07
    endloop
  endfacet
  facet normal -0.266738 0.963769 0
    outer loop
      vertex 3.7737 -12.4402 1.90735e-07
      vertex 3.15874 -12.6104 1.2
      vertex 3.7737 -12.4402 1.2
    endloop
  endfacet
  facet normal -0.266738 0.963769 0
    outer loop
      vertex 3.15874 -12.6104 1.2
      vertex 3.7737 -12.4402 1.90735e-07
      vertex 3.15874 -12.6104 1.90735e-07
    endloop
  endfacet
  facet normal 0.122399 -0.992481 0
    outer loop
      vertex -1.9075 12.8593 1.90735e-07
      vertex -1.27422 12.9374 1.2
      vertex -1.9075 12.8593 1.2
    endloop
  endfacet
  facet normal 0.122399 -0.992481 0
    outer loop
      vertex -1.27422 12.9374 1.2
      vertex -1.9075 12.8593 1.90735e-07
      vertex -1.27422 12.9374 1.90735e-07
    endloop
  endfacet
  facet normal 0.65314 0.757237 -0
    outer loop
      vertex -8.24711 -10.0491 1.90735e-07
      vertex -8.73027 -9.63236 1.2
      vertex -8.24711 -10.0491 1.2
    endloop
  endfacet
  facet normal 0.65314 0.757237 0
    outer loop
      vertex -8.73027 -9.63236 1.2
      vertex -8.24711 -10.0491 1.90735e-07
      vertex -8.73027 -9.63236 1.90735e-07
    endloop
  endfacet
  facet normal -0.689537 -0.724251 0
    outer loop
      vertex 8.73027 9.63236 1.90735e-07
      vertex 9.19239 9.19239 1.2
      vertex 8.73027 9.63236 1.2
    endloop
  endfacet
  facet normal -0.689537 -0.724251 -0
    outer loop
      vertex 9.19239 9.19239 1.2
      vertex 8.73027 9.63236 1.90735e-07
      vertex 9.19239 9.19239 1.90735e-07
    endloop
  endfacet
  facet normal 0.170985 0.985274 -0
    outer loop
      vertex -1.9075 -12.8593 1.90735e-07
      vertex -2.53617 -12.7502 1.2
      vertex -1.9075 -12.8593 1.2
    endloop
  endfacet
  facet normal 0.170985 0.985274 0
    outer loop
      vertex -2.53617 -12.7502 1.2
      vertex -1.9075 -12.8593 1.90735e-07
      vertex -2.53617 -12.7502 1.90735e-07
    endloop
  endfacet
  facet normal -0.870091 0.492892 0
    outer loop
      vertex 11.1505 -6.68334 1.90735e-07
      vertex 11.465 -6.12816 1.2
      vertex 11.465 -6.12816 1.90735e-07
    endloop
  endfacet
  facet normal -0.870091 0.492892 0
    outer loop
      vertex 11.465 -6.12816 1.2
      vertex 11.1505 -6.68334 1.90735e-07
      vertex 11.1505 -6.68334 1.2
    endloop
  endfacet
  facet normal 0.724251 -0.689537 0
    outer loop
      vertex -9.63236 8.73027 1.2
      vertex -9.19239 9.19239 1.90735e-07
      vertex -9.19239 9.19239 1.2
    endloop
  endfacet
  facet normal 0.724251 -0.689537 0
    outer loop
      vertex -9.19239 9.19239 1.90735e-07
      vertex -9.63236 8.73027 1.2
      vertex -9.63236 8.73027 1.90735e-07
    endloop
  endfacet
  facet normal -0.992481 0.122399 0
    outer loop
      vertex 12.8593 -1.9075 1.90735e-07
      vertex 12.9374 -1.27422 1.2
      vertex 12.9374 -1.27422 1.90735e-07
    endloop
  endfacet
  facet normal -0.992481 0.122399 0
    outer loop
      vertex 12.9374 -1.27422 1.2
      vertex 12.8593 -1.9075 1.90735e-07
      vertex 12.8593 -1.9075 1.2
    endloop
  endfacet
  facet normal 0.949553 0.313608 0
    outer loop
      vertex -12.2401 -4.37957 1.2
      vertex -12.4402 -3.7737 1.90735e-07
      vertex -12.4402 -3.7737 1.2
    endloop
  endfacet
  facet normal 0.949553 0.313608 0
    outer loop
      vertex -12.4402 -3.7737 1.90735e-07
      vertex -12.2401 -4.37957 1.2
      vertex -12.2401 -4.37957 1.90735e-07
    endloop
  endfacet
  facet normal 0.932959 -0.359982 0
    outer loop
      vertex -12.2401 4.37957 1.2
      vertex -12.0104 4.97488 1.90735e-07
      vertex -12.0104 4.97488 1.2
    endloop
  endfacet
  facet normal 0.932959 -0.359982 0
    outer loop
      vertex -12.0104 4.97488 1.90735e-07
      vertex -12.2401 4.37957 1.2
      vertex -12.2401 4.37957 1.90735e-07
    endloop
  endfacet
  facet normal 0.999697 -0.0246054 0
    outer loop
      vertex -13 0 1.2
      vertex -12.9843 0.637879 1.90735e-07
      vertex -12.9843 0.637879 1.2
    endloop
  endfacet
  facet normal 0.999697 -0.0246054 0
    outer loop
      vertex -12.9843 0.637879 1.90735e-07
      vertex -13 0 1.2
      vertex -13 0 1.90735e-07
    endloop
  endfacet
  facet normal -0.405141 -0.914254 0
    outer loop
      vertex 4.97488 12.0104 1.90735e-07
      vertex 5.55822 11.7519 1.2
      vertex 4.97488 12.0104 1.2
    endloop
  endfacet
  facet normal -0.405141 -0.914254 -0
    outer loop
      vertex 5.55822 11.7519 1.2
      vertex 4.97488 12.0104 1.90735e-07
      vertex 5.55822 11.7519 1.90735e-07
    endloop
  endfacet
  facet normal 0.689537 0.724251 -0
    outer loop
      vertex -8.73027 -9.63236 1.90735e-07
      vertex -9.19239 -9.19239 1.2
      vertex -8.73027 -9.63236 1.2
    endloop
  endfacet
  facet normal 0.689537 0.724251 0
    outer loop
      vertex -9.19239 -9.19239 1.2
      vertex -8.73027 -9.63236 1.90735e-07
      vertex -9.19239 -9.19239 1.90735e-07
    endloop
  endfacet
  facet normal -0.689537 0.724251 0
    outer loop
      vertex 9.19239 -9.19239 1.90735e-07
      vertex 8.73027 -9.63236 1.2
      vertex 9.19239 -9.19239 1.2
    endloop
  endfacet
  facet normal -0.689537 0.724251 0
    outer loop
      vertex 8.73027 -9.63236 1.2
      vertex 9.19239 -9.19239 1.90735e-07
      vertex 8.73027 -9.63236 1.90735e-07
    endloop
  endfacet
  facet normal 0.997295 0.0735033 0
    outer loop
      vertex -12.9374 -1.27422 1.2
      vertex -12.9843 -0.637879 1.90735e-07
      vertex -12.9843 -0.637879 1.2
    endloop
  endfacet
  facet normal 0.997295 0.0735033 0
    outer loop
      vertex -12.9843 -0.637879 1.90735e-07
      vertex -12.9374 -1.27422 1.2
      vertex -12.9374 -1.27422 1.90735e-07
    endloop
  endfacet
  facet normal -0.757237 -0.65314 0
    outer loop
      vertex 10.0491 8.24711 1.90735e-07
      vertex 9.63236 8.73027 1.2
      vertex 9.63236 8.73027 1.90735e-07
    endloop
  endfacet
  facet normal -0.757237 -0.65314 0
    outer loop
      vertex 9.63236 8.73027 1.2
      vertex 10.0491 8.24711 1.90735e-07
      vertex 10.0491 8.24711 1.2
    endloop
  endfacet
  facet normal 0.492892 0.870091 -0
    outer loop
      vertex -6.12816 -11.465 1.90735e-07
      vertex -6.68334 -11.1505 1.2
      vertex -6.12816 -11.465 1.2
    endloop
  endfacet
  facet normal 0.492892 0.870091 0
    outer loop
      vertex -6.68334 -11.1505 1.2
      vertex -6.12816 -11.465 1.90735e-07
      vertex -6.68334 -11.1505 1.90735e-07
    endloop
  endfacet
  facet normal -0.949553 0.313608 0
    outer loop
      vertex 12.2401 -4.37957 1.90735e-07
      vertex 12.4402 -3.7737 1.2
      vertex 12.4402 -3.7737 1.90735e-07
    endloop
  endfacet
  facet normal -0.949553 0.313608 0
    outer loop
      vertex 12.4402 -3.7737 1.2
      vertex 12.2401 -4.37957 1.90735e-07
      vertex 12.2401 -4.37957 1.2
    endloop
  endfacet
  facet normal -0.266738 -0.963769 0
    outer loop
      vertex 3.15874 12.6104 1.90735e-07
      vertex 3.7737 12.4402 1.2
      vertex 3.15874 12.6104 1.2
    endloop
  endfacet
  facet normal -0.266738 -0.963769 -0
    outer loop
      vertex 3.7737 12.4402 1.2
      vertex 3.15874 12.6104 1.90735e-07
      vertex 3.7737 12.4402 1.90735e-07
    endloop
  endfacet
  facet normal -0.724251 -0.689537 0
    outer loop
      vertex 9.63236 8.73027 1.90735e-07
      vertex 9.19239 9.19239 1.2
      vertex 9.19239 9.19239 1.90735e-07
    endloop
  endfacet
  facet normal -0.724251 -0.689537 0
    outer loop
      vertex 9.19239 9.19239 1.2
      vertex 9.63236 8.73027 1.90735e-07
      vertex 9.63236 8.73027 1.2
    endloop
  endfacet
  facet normal -0.997295 0.0735033 0
    outer loop
      vertex 12.9374 -1.27422 1.90735e-07
      vertex 12.9843 -0.637879 1.2
      vertex 12.9843 -0.637879 1.90735e-07
    endloop
  endfacet
  facet normal -0.997295 0.0735033 0
    outer loop
      vertex 12.9843 -0.637879 1.2
      vertex 12.9374 -1.27422 1.90735e-07
      vertex 12.9374 -1.27422 1.2
    endloop
  endfacet
  facet normal 0.0246054 0.999697 -0
    outer loop
      vertex 0 -13 1.90735e-07
      vertex -0.637879 -12.9843 1.2
      vertex 0 -13 1.2
    endloop
  endfacet
  facet normal 0.0246054 0.999697 0
    outer loop
      vertex -0.637879 -12.9843 1.2
      vertex 0 -13 1.90735e-07
      vertex -0.637879 -12.9843 1.90735e-07
    endloop
  endfacet
  facet normal -0.0246054 0.999697 0
    outer loop
      vertex 0.637879 -12.9843 1.90735e-07
      vertex 0 -13 1.2
      vertex 0.637879 -12.9843 1.2
    endloop
  endfacet
  facet normal -0.0246054 0.999697 0
    outer loop
      vertex 0 -13 1.2
      vertex 0.637879 -12.9843 1.90735e-07
      vertex 0 -13 1.90735e-07
    endloop
  endfacet
  facet normal 0.975703 0.219097 0
    outer loop
      vertex -12.6104 -3.15874 1.2
      vertex -12.7502 -2.53617 1.90735e-07
      vertex -12.7502 -2.53617 1.2
    endloop
  endfacet
  facet normal 0.975703 0.219097 0
    outer loop
      vertex -12.7502 -2.53617 1.90735e-07
      vertex -12.6104 -3.15874 1.2
      vertex -12.6104 -3.15874 1.90735e-07
    endloop
  endfacet
  facet normal -0.914254 0.405141 0
    outer loop
      vertex 11.7519 -5.55822 1.90735e-07
      vertex 12.0104 -4.97488 1.2
      vertex 12.0104 -4.97488 1.90735e-07
    endloop
  endfacet
  facet normal -0.914254 0.405141 0
    outer loop
      vertex 12.0104 -4.97488 1.2
      vertex 11.7519 -5.55822 1.90735e-07
      vertex 11.7519 -5.55822 1.2
    endloop
  endfacet
  facet normal 0.359982 0.932959 -0
    outer loop
      vertex -4.37957 -12.2401 1.90735e-07
      vertex -4.97488 -12.0104 1.2
      vertex -4.37957 -12.2401 1.2
    endloop
  endfacet
  facet normal 0.359982 0.932959 0
    outer loop
      vertex -4.97488 -12.0104 1.2
      vertex -4.37957 -12.2401 1.90735e-07
      vertex -4.97488 -12.0104 1.90735e-07
    endloop
  endfacet
  facet normal -0.449632 -0.893214 0
    outer loop
      vertex 5.55822 11.7519 1.90735e-07
      vertex 6.12816 11.465 1.2
      vertex 5.55822 11.7519 1.2
    endloop
  endfacet
  facet normal -0.449632 -0.893214 -0
    outer loop
      vertex 6.12816 11.465 1.2
      vertex 5.55822 11.7519 1.90735e-07
      vertex 6.12816 11.465 1.90735e-07
    endloop
  endfacet
  facet normal 0.449632 0.893214 -0
    outer loop
      vertex -5.55822 -11.7519 1.90735e-07
      vertex -6.12816 -11.465 1.2
      vertex -5.55822 -11.7519 1.2
    endloop
  endfacet
  facet normal 0.449632 0.893214 0
    outer loop
      vertex -6.12816 -11.465 1.2
      vertex -5.55822 -11.7519 1.90735e-07
      vertex -6.12816 -11.465 1.90735e-07
    endloop
  endfacet
  facet normal -0.817591 0.575799 0
    outer loop
      vertex 10.4417 -7.74409 1.90735e-07
      vertex 10.8091 -7.22241 1.2
      vertex 10.8091 -7.22241 1.90735e-07
    endloop
  endfacet
  facet normal -0.817591 0.575799 0
    outer loop
      vertex 10.8091 -7.22241 1.2
      vertex 10.4417 -7.74409 1.90735e-07
      vertex 10.4417 -7.74409 1.2
    endloop
  endfacet
  facet normal 0.985274 -0.170985 0
    outer loop
      vertex -12.8593 1.9075 1.2
      vertex -12.7502 2.53617 1.90735e-07
      vertex -12.7502 2.53617 1.2
    endloop
  endfacet
  facet normal 0.985274 -0.170985 0
    outer loop
      vertex -12.7502 2.53617 1.90735e-07
      vertex -12.8593 1.9075 1.2
      vertex -12.8593 1.9075 1.90735e-07
    endloop
  endfacet
  facet normal -0.313608 -0.949553 0
    outer loop
      vertex 3.7737 12.4402 1.90735e-07
      vertex 4.37957 12.2401 1.2
      vertex 3.7737 12.4402 1.2
    endloop
  endfacet
  facet normal -0.313608 -0.949553 -0
    outer loop
      vertex 4.37957 12.2401 1.2
      vertex 3.7737 12.4402 1.90735e-07
      vertex 4.37957 12.2401 1.90735e-07
    endloop
  endfacet
  facet normal -0.65314 0.757237 0
    outer loop
      vertex 8.73027 -9.63236 1.90735e-07
      vertex 8.24711 -10.0491 1.2
      vertex 8.73027 -9.63236 1.2
    endloop
  endfacet
  facet normal -0.65314 0.757237 0
    outer loop
      vertex 8.24711 -10.0491 1.2
      vertex 8.73027 -9.63236 1.90735e-07
      vertex 8.24711 -10.0491 1.90735e-07
    endloop
  endfacet
  facet normal 0.313608 -0.949553 0
    outer loop
      vertex -4.37957 12.2401 1.90735e-07
      vertex -3.7737 12.4402 1.2
      vertex -4.37957 12.2401 1.2
    endloop
  endfacet
  facet normal 0.313608 -0.949553 0
    outer loop
      vertex -3.7737 12.4402 1.2
      vertex -4.37957 12.2401 1.90735e-07
      vertex -3.7737 12.4402 1.90735e-07
    endloop
  endfacet
  facet normal 0.985274 0.170985 0
    outer loop
      vertex -12.7502 -2.53617 1.2
      vertex -12.8593 -1.9075 1.90735e-07
      vertex -12.8593 -1.9075 1.2
    endloop
  endfacet
  facet normal 0.985274 0.170985 0
    outer loop
      vertex -12.8593 -1.9075 1.90735e-07
      vertex -12.7502 -2.53617 1.2
      vertex -12.7502 -2.53617 1.90735e-07
    endloop
  endfacet
  facet normal -0.575799 0.817591 0
    outer loop
      vertex 7.74409 -10.4417 1.90735e-07
      vertex 7.22241 -10.8091 1.2
      vertex 7.74409 -10.4417 1.2
    endloop
  endfacet
  facet normal -0.575799 0.817591 0
    outer loop
      vertex 7.22241 -10.8091 1.2
      vertex 7.74409 -10.4417 1.90735e-07
      vertex 7.22241 -10.8091 1.90735e-07
    endloop
  endfacet
  facet normal 0.724251 0.689537 0
    outer loop
      vertex -9.19239 -9.19239 1.2
      vertex -9.63236 -8.73027 1.90735e-07
      vertex -9.63236 -8.73027 1.2
    endloop
  endfacet
  facet normal 0.724251 0.689537 0
    outer loop
      vertex -9.63236 -8.73027 1.90735e-07
      vertex -9.19239 -9.19239 1.2
      vertex -9.19239 -9.19239 1.90735e-07
    endloop
  endfacet
  facet normal -0.817591 -0.575799 0
    outer loop
      vertex 10.8091 7.22241 1.90735e-07
      vertex 10.4417 7.74409 1.2
      vertex 10.4417 7.74409 1.90735e-07
    endloop
  endfacet
  facet normal -0.817591 -0.575799 0
    outer loop
      vertex 10.4417 7.74409 1.2
      vertex 10.8091 7.22241 1.90735e-07
      vertex 10.8091 7.22241 1.2
    endloop
  endfacet
  facet normal 0.53504 0.844827 -0
    outer loop
      vertex -6.68334 -11.1505 1.90735e-07
      vertex -7.22241 -10.8091 1.2
      vertex -6.68334 -11.1505 1.2
    endloop
  endfacet
  facet normal 0.53504 0.844827 0
    outer loop
      vertex -7.22241 -10.8091 1.2
      vertex -6.68334 -11.1505 1.90735e-07
      vertex -7.22241 -10.8091 1.90735e-07
    endloop
  endfacet
  facet normal -0.122399 -0.992481 0
    outer loop
      vertex 1.27422 12.9374 1.90735e-07
      vertex 1.9075 12.8593 1.2
      vertex 1.27422 12.9374 1.2
    endloop
  endfacet
  facet normal -0.122399 -0.992481 -0
    outer loop
      vertex 1.9075 12.8593 1.2
      vertex 1.27422 12.9374 1.90735e-07
      vertex 1.9075 12.8593 1.90735e-07
    endloop
  endfacet
  facet normal -0.893214 -0.449632 0
    outer loop
      vertex 11.7519 5.55822 1.90735e-07
      vertex 11.465 6.12816 1.2
      vertex 11.465 6.12816 1.90735e-07
    endloop
  endfacet
  facet normal -0.893214 -0.449632 0
    outer loop
      vertex 11.465 6.12816 1.2
      vertex 11.7519 5.55822 1.90735e-07
      vertex 11.7519 5.55822 1.2
    endloop
  endfacet
  facet normal -0.724251 0.689537 0
    outer loop
      vertex 9.19239 -9.19239 1.90735e-07
      vertex 9.63236 -8.73027 1.2
      vertex 9.63236 -8.73027 1.90735e-07
    endloop
  endfacet
  facet normal -0.724251 0.689537 0
    outer loop
      vertex 9.63236 -8.73027 1.2
      vertex 9.19239 -9.19239 1.90735e-07
      vertex 9.19239 -9.19239 1.2
    endloop
  endfacet
  facet normal -0.985274 -0.170985 0
    outer loop
      vertex 12.8593 1.9075 1.90735e-07
      vertex 12.7502 2.53617 1.2
      vertex 12.7502 2.53617 1.90735e-07
    endloop
  endfacet
  facet normal -0.985274 -0.170985 0
    outer loop
      vertex 12.7502 2.53617 1.2
      vertex 12.8593 1.9075 1.90735e-07
      vertex 12.8593 1.9075 1.2
    endloop
  endfacet
  facet normal 0.999697 0.0246054 0
    outer loop
      vertex -12.9843 -0.637879 1.2
      vertex -13 0 1.90735e-07
      vertex -13 0 1.2
    endloop
  endfacet
  facet normal 0.999697 0.0246054 0
    outer loop
      vertex -13 0 1.90735e-07
      vertex -12.9843 -0.637879 1.2
      vertex -12.9843 -0.637879 1.90735e-07
    endloop
  endfacet
  facet normal -0.932959 -0.359982 0
    outer loop
      vertex 12.2401 4.37957 1.90735e-07
      vertex 12.0104 4.97488 1.2
      vertex 12.0104 4.97488 1.90735e-07
    endloop
  endfacet
  facet normal -0.932959 -0.359982 0
    outer loop
      vertex 12.0104 4.97488 1.2
      vertex 12.2401 4.37957 1.90735e-07
      vertex 12.2401 4.37957 1.2
    endloop
  endfacet
  facet normal -0.999697 0.0246054 0
    outer loop
      vertex 12.9843 -0.637879 1.90735e-07
      vertex 13 0 1.2
      vertex 13 0 1.90735e-07
    endloop
  endfacet
  facet normal -0.999697 0.0246054 0
    outer loop
      vertex 13 0 1.2
      vertex 12.9843 -0.637879 1.90735e-07
      vertex 12.9843 -0.637879 1.2
    endloop
  endfacet
  facet normal 0.817591 -0.575799 0
    outer loop
      vertex -10.8091 7.22241 1.2
      vertex -10.4417 7.74409 1.90735e-07
      vertex -10.4417 7.74409 1.2
    endloop
  endfacet
  facet normal 0.817591 -0.575799 0
    outer loop
      vertex -10.4417 7.74409 1.90735e-07
      vertex -10.8091 7.22241 1.2
      vertex -10.8091 7.22241 1.90735e-07
    endloop
  endfacet
  facet normal -0.0735033 -0.997295 0
    outer loop
      vertex 0.637879 12.9843 1.90735e-07
      vertex 1.27422 12.9374 1.2
      vertex 0.637879 12.9843 1.2
    endloop
  endfacet
  facet normal -0.0735033 -0.997295 -0
    outer loop
      vertex 1.27422 12.9374 1.2
      vertex 0.637879 12.9843 1.90735e-07
      vertex 1.27422 12.9374 1.90735e-07
    endloop
  endfacet
  facet normal 0.992481 0.122399 0
    outer loop
      vertex -12.8593 -1.9075 1.2
      vertex -12.9374 -1.27422 1.90735e-07
      vertex -12.9374 -1.27422 1.2
    endloop
  endfacet
  facet normal 0.992481 0.122399 0
    outer loop
      vertex -12.9374 -1.27422 1.90735e-07
      vertex -12.8593 -1.9075 1.2
      vertex -12.8593 -1.9075 1.90735e-07
    endloop
  endfacet
  facet normal -0.975703 -0.219097 0
    outer loop
      vertex 12.7502 2.53617 1.90735e-07
      vertex 12.6104 3.15874 1.2
      vertex 12.6104 3.15874 1.90735e-07
    endloop
  endfacet
  facet normal -0.975703 -0.219097 0
    outer loop
      vertex 12.6104 3.15874 1.2
      vertex 12.7502 2.53617 1.90735e-07
      vertex 12.7502 2.53617 1.2
    endloop
  endfacet
  facet normal -0.914254 -0.405141 0
    outer loop
      vertex 12.0104 4.97488 1.90735e-07
      vertex 11.7519 5.55822 1.2
      vertex 11.7519 5.55822 1.90735e-07
    endloop
  endfacet
  facet normal -0.914254 -0.405141 0
    outer loop
      vertex 11.7519 5.55822 1.2
      vertex 12.0104 4.97488 1.90735e-07
      vertex 12.0104 4.97488 1.2
    endloop
  endfacet
  facet normal -0.963769 -0.266738 0
    outer loop
      vertex 12.6104 3.15874 1.90735e-07
      vertex 12.4402 3.7737 1.2
      vertex 12.4402 3.7737 1.90735e-07
    endloop
  endfacet
  facet normal -0.963769 -0.266738 0
    outer loop
      vertex 12.4402 3.7737 1.2
      vertex 12.6104 3.15874 1.90735e-07
      vertex 12.6104 3.15874 1.2
    endloop
  endfacet
  facet normal -0.219097 -0.975703 0
    outer loop
      vertex 2.53617 12.7502 1.90735e-07
      vertex 3.15874 12.6104 1.2
      vertex 2.53617 12.7502 1.2
    endloop
  endfacet
  facet normal -0.219097 -0.975703 -0
    outer loop
      vertex 3.15874 12.6104 1.2
      vertex 2.53617 12.7502 1.90735e-07
      vertex 3.15874 12.6104 1.90735e-07
    endloop
  endfacet
  facet normal -0.53504 0.844827 0
    outer loop
      vertex 7.22241 -10.8091 1.90735e-07
      vertex 6.68334 -11.1505 1.2
      vertex 7.22241 -10.8091 1.2
    endloop
  endfacet
  facet normal -0.53504 0.844827 0
    outer loop
      vertex 6.68334 -11.1505 1.2
      vertex 7.22241 -10.8091 1.90735e-07
      vertex 6.68334 -11.1505 1.90735e-07
    endloop
  endfacet
  facet normal -0.575799 -0.817591 0
    outer loop
      vertex 7.22241 10.8091 1.90735e-07
      vertex 7.74409 10.4417 1.2
      vertex 7.22241 10.8091 1.2
    endloop
  endfacet
  facet normal -0.575799 -0.817591 -0
    outer loop
      vertex 7.74409 10.4417 1.2
      vertex 7.22241 10.8091 1.90735e-07
      vertex 7.74409 10.4417 1.90735e-07
    endloop
  endfacet
  facet normal 0.359982 -0.932959 0
    outer loop
      vertex -4.97488 12.0104 1.90735e-07
      vertex -4.37957 12.2401 1.2
      vertex -4.97488 12.0104 1.2
    endloop
  endfacet
  facet normal 0.359982 -0.932959 0
    outer loop
      vertex -4.37957 12.2401 1.2
      vertex -4.97488 12.0104 1.90735e-07
      vertex -4.37957 12.2401 1.90735e-07
    endloop
  endfacet
  facet normal 0.0246054 -0.999697 0
    outer loop
      vertex -0.637879 12.9843 1.90735e-07
      vertex 0 13 1.2
      vertex -0.637879 12.9843 1.2
    endloop
  endfacet
  facet normal 0.0246054 -0.999697 0
    outer loop
      vertex 0 13 1.2
      vertex -0.637879 12.9843 1.90735e-07
      vertex 0 13 1.90735e-07
    endloop
  endfacet
  facet normal -0.61527 -0.788317 0
    outer loop
      vertex 7.74409 10.4417 1.90735e-07
      vertex 8.24711 10.0491 1.2
      vertex 7.74409 10.4417 1.2
    endloop
  endfacet
  facet normal -0.61527 -0.788317 -0
    outer loop
      vertex 8.24711 10.0491 1.2
      vertex 7.74409 10.4417 1.90735e-07
      vertex 8.24711 10.0491 1.90735e-07
    endloop
  endfacet
  facet normal 0.313608 0.949553 -0
    outer loop
      vertex -3.7737 -12.4402 1.90735e-07
      vertex -4.37957 -12.2401 1.2
      vertex -3.7737 -12.4402 1.2
    endloop
  endfacet
  facet normal 0.313608 0.949553 0
    outer loop
      vertex -4.37957 -12.2401 1.2
      vertex -3.7737 -12.4402 1.90735e-07
      vertex -4.37957 -12.2401 1.90735e-07
    endloop
  endfacet
  facet normal 0.65314 -0.757237 0
    outer loop
      vertex -8.73027 9.63236 1.90735e-07
      vertex -8.24711 10.0491 1.2
      vertex -8.73027 9.63236 1.2
    endloop
  endfacet
  facet normal 0.65314 -0.757237 0
    outer loop
      vertex -8.24711 10.0491 1.2
      vertex -8.73027 9.63236 1.90735e-07
      vertex -8.24711 10.0491 1.90735e-07
    endloop
  endfacet
  facet normal 0.170985 -0.985274 0
    outer loop
      vertex -2.53617 12.7502 1.90735e-07
      vertex -1.9075 12.8593 1.2
      vertex -2.53617 12.7502 1.2
    endloop
  endfacet
  facet normal 0.170985 -0.985274 0
    outer loop
      vertex -1.9075 12.8593 1.2
      vertex -2.53617 12.7502 1.90735e-07
      vertex -1.9075 12.8593 1.90735e-07
    endloop
  endfacet
  facet normal 0.932959 0.359982 0
    outer loop
      vertex -12.0104 -4.97488 1.2
      vertex -12.2401 -4.37957 1.90735e-07
      vertex -12.2401 -4.37957 1.2
    endloop
  endfacet
  facet normal 0.932959 0.359982 0
    outer loop
      vertex -12.2401 -4.37957 1.90735e-07
      vertex -12.0104 -4.97488 1.2
      vertex -12.0104 -4.97488 1.90735e-07
    endloop
  endfacet
  facet normal 0.266738 0.963769 -0
    outer loop
      vertex -3.15874 -12.6104 1.90735e-07
      vertex -3.7737 -12.4402 1.2
      vertex -3.15874 -12.6104 1.2
    endloop
  endfacet
  facet normal 0.266738 0.963769 0
    outer loop
      vertex -3.7737 -12.4402 1.2
      vertex -3.15874 -12.6104 1.90735e-07
      vertex -3.7737 -12.4402 1.90735e-07
    endloop
  endfacet
  facet normal -0.492892 0.870091 0
    outer loop
      vertex 6.68334 -11.1505 1.90735e-07
      vertex 6.12816 -11.465 1.2
      vertex 6.68334 -11.1505 1.2
    endloop
  endfacet
  facet normal -0.492892 0.870091 0
    outer loop
      vertex 6.12816 -11.465 1.2
      vertex 6.68334 -11.1505 1.90735e-07
      vertex 6.12816 -11.465 1.90735e-07
    endloop
  endfacet
  facet normal -0.844827 0.53504 0
    outer loop
      vertex 10.8091 -7.22241 1.90735e-07
      vertex 11.1505 -6.68334 1.2
      vertex 11.1505 -6.68334 1.90735e-07
    endloop
  endfacet
  facet normal -0.844827 0.53504 0
    outer loop
      vertex 11.1505 -6.68334 1.2
      vertex 10.8091 -7.22241 1.90735e-07
      vertex 10.8091 -7.22241 1.2
    endloop
  endfacet
  facet normal -0.122399 0.992481 0
    outer loop
      vertex 1.9075 -12.8593 1.90735e-07
      vertex 1.27422 -12.9374 1.2
      vertex 1.9075 -12.8593 1.2
    endloop
  endfacet
  facet normal -0.122399 0.992481 0
    outer loop
      vertex 1.27422 -12.9374 1.2
      vertex 1.9075 -12.8593 1.90735e-07
      vertex 1.27422 -12.9374 1.90735e-07
    endloop
  endfacet
  facet normal 0.575799 -0.817591 0
    outer loop
      vertex -7.74409 10.4417 1.90735e-07
      vertex -7.22241 10.8091 1.2
      vertex -7.74409 10.4417 1.2
    endloop
  endfacet
  facet normal 0.575799 -0.817591 0
    outer loop
      vertex -7.22241 10.8091 1.2
      vertex -7.74409 10.4417 1.90735e-07
      vertex -7.22241 10.8091 1.90735e-07
    endloop
  endfacet
  facet normal 0.844827 -0.53504 0
    outer loop
      vertex -11.1505 6.68334 1.2
      vertex -10.8091 7.22241 1.90735e-07
      vertex -10.8091 7.22241 1.2
    endloop
  endfacet
  facet normal 0.844827 -0.53504 0
    outer loop
      vertex -10.8091 7.22241 1.90735e-07
      vertex -11.1505 6.68334 1.2
      vertex -11.1505 6.68334 1.90735e-07
    endloop
  endfacet
  facet normal -0.313608 0.949553 0
    outer loop
      vertex 4.37957 -12.2401 1.90735e-07
      vertex 3.7737 -12.4402 1.2
      vertex 4.37957 -12.2401 1.2
    endloop
  endfacet
  facet normal -0.313608 0.949553 0
    outer loop
      vertex 3.7737 -12.4402 1.2
      vertex 4.37957 -12.2401 1.90735e-07
      vertex 3.7737 -12.4402 1.90735e-07
    endloop
  endfacet
  facet normal -0.449632 0.893214 0
    outer loop
      vertex 6.12816 -11.465 1.90735e-07
      vertex 5.55822 -11.7519 1.2
      vertex 6.12816 -11.465 1.2
    endloop
  endfacet
  facet normal -0.449632 0.893214 0
    outer loop
      vertex 5.55822 -11.7519 1.2
      vertex 6.12816 -11.465 1.90735e-07
      vertex 5.55822 -11.7519 1.90735e-07
    endloop
  endfacet
  facet normal 0.893214 0.449632 0
    outer loop
      vertex -11.465 -6.12816 1.2
      vertex -11.7519 -5.55822 1.90735e-07
      vertex -11.7519 -5.55822 1.2
    endloop
  endfacet
  facet normal 0.893214 0.449632 0
    outer loop
      vertex -11.7519 -5.55822 1.90735e-07
      vertex -11.465 -6.12816 1.2
      vertex -11.465 -6.12816 1.90735e-07
    endloop
  endfacet
  facet normal 0.788317 -0.61527 0
    outer loop
      vertex -10.4417 7.74409 1.2
      vertex -10.0491 8.24711 1.90735e-07
      vertex -10.0491 8.24711 1.2
    endloop
  endfacet
  facet normal 0.788317 -0.61527 0
    outer loop
      vertex -10.0491 8.24711 1.90735e-07
      vertex -10.4417 7.74409 1.2
      vertex -10.4417 7.74409 1.90735e-07
    endloop
  endfacet
  facet normal 0.975703 -0.219097 0
    outer loop
      vertex -12.7502 2.53617 1.2
      vertex -12.6104 3.15874 1.90735e-07
      vertex -12.6104 3.15874 1.2
    endloop
  endfacet
  facet normal 0.975703 -0.219097 0
    outer loop
      vertex -12.6104 3.15874 1.90735e-07
      vertex -12.7502 2.53617 1.2
      vertex -12.7502 2.53617 1.90735e-07
    endloop
  endfacet
  facet normal -0.61527 0.788317 0
    outer loop
      vertex 8.24711 -10.0491 1.90735e-07
      vertex 7.74409 -10.4417 1.2
      vertex 8.24711 -10.0491 1.2
    endloop
  endfacet
  facet normal -0.61527 0.788317 0
    outer loop
      vertex 7.74409 -10.4417 1.2
      vertex 8.24711 -10.0491 1.90735e-07
      vertex 7.74409 -10.4417 1.90735e-07
    endloop
  endfacet
  facet normal 0.963769 -0.266738 0
    outer loop
      vertex -12.6104 3.15874 1.2
      vertex -12.4402 3.7737 1.90735e-07
      vertex -12.4402 3.7737 1.2
    endloop
  endfacet
  facet normal 0.963769 -0.266738 0
    outer loop
      vertex -12.4402 3.7737 1.90735e-07
      vertex -12.6104 3.15874 1.2
      vertex -12.6104 3.15874 1.90735e-07
    endloop
  endfacet
  facet normal -0.985274 0.170985 0
    outer loop
      vertex 12.7502 -2.53617 1.90735e-07
      vertex 12.8593 -1.9075 1.2
      vertex 12.8593 -1.9075 1.90735e-07
    endloop
  endfacet
  facet normal -0.985274 0.170985 0
    outer loop
      vertex 12.8593 -1.9075 1.2
      vertex 12.7502 -2.53617 1.90735e-07
      vertex 12.7502 -2.53617 1.2
    endloop
  endfacet
  facet normal 0.449632 -0.893214 0
    outer loop
      vertex -6.12816 11.465 1.90735e-07
      vertex -5.55822 11.7519 1.2
      vertex -6.12816 11.465 1.2
    endloop
  endfacet
  facet normal 0.449632 -0.893214 0
    outer loop
      vertex -5.55822 11.7519 1.2
      vertex -6.12816 11.465 1.90735e-07
      vertex -5.55822 11.7519 1.90735e-07
    endloop
  endfacet
  facet normal 0.219097 0.975703 -0
    outer loop
      vertex -2.53617 -12.7502 1.90735e-07
      vertex -3.15874 -12.6104 1.2
      vertex -2.53617 -12.7502 1.2
    endloop
  endfacet
  facet normal 0.219097 0.975703 0
    outer loop
      vertex -3.15874 -12.6104 1.2
      vertex -2.53617 -12.7502 1.90735e-07
      vertex -3.15874 -12.6104 1.90735e-07
    endloop
  endfacet
  facet normal -0.492892 -0.870091 0
    outer loop
      vertex 6.12816 11.465 1.90735e-07
      vertex 6.68334 11.1505 1.2
      vertex 6.12816 11.465 1.2
    endloop
  endfacet
  facet normal -0.492892 -0.870091 -0
    outer loop
      vertex 6.68334 11.1505 1.2
      vertex 6.12816 11.465 1.90735e-07
      vertex 6.68334 11.1505 1.90735e-07
    endloop
  endfacet
  facet normal -0.53504 -0.844827 0
    outer loop
      vertex 6.68334 11.1505 1.90735e-07
      vertex 7.22241 10.8091 1.2
      vertex 6.68334 11.1505 1.2
    endloop
  endfacet
  facet normal -0.53504 -0.844827 -0
    outer loop
      vertex 7.22241 10.8091 1.2
      vertex 6.68334 11.1505 1.90735e-07
      vertex 7.22241 10.8091 1.90735e-07
    endloop
  endfacet
  facet normal -0.0246054 -0.999697 0
    outer loop
      vertex 0 13 1.90735e-07
      vertex 0.637879 12.9843 1.2
      vertex 0 13 1.2
    endloop
  endfacet
  facet normal -0.0246054 -0.999697 -0
    outer loop
      vertex 0.637879 12.9843 1.2
      vertex 0 13 1.90735e-07
      vertex 0.637879 12.9843 1.90735e-07
    endloop
  endfacet
  facet normal 0.492892 -0.870091 0
    outer loop
      vertex -6.68334 11.1505 1.90735e-07
      vertex -6.12816 11.465 1.2
      vertex -6.68334 11.1505 1.2
    endloop
  endfacet
  facet normal 0.492892 -0.870091 0
    outer loop
      vertex -6.12816 11.465 1.2
      vertex -6.68334 11.1505 1.90735e-07
      vertex -6.12816 11.465 1.90735e-07
    endloop
  endfacet
  facet normal 0.53504 -0.844827 0
    outer loop
      vertex -7.22241 10.8091 1.90735e-07
      vertex -6.68334 11.1505 1.2
      vertex -7.22241 10.8091 1.2
    endloop
  endfacet
  facet normal 0.53504 -0.844827 0
    outer loop
      vertex -6.68334 11.1505 1.2
      vertex -7.22241 10.8091 1.90735e-07
      vertex -6.68334 11.1505 1.90735e-07
    endloop
  endfacet
  facet normal 0.122399 0.992481 -0
    outer loop
      vertex -1.27422 -12.9374 1.90735e-07
      vertex -1.9075 -12.8593 1.2
      vertex -1.27422 -12.9374 1.2
    endloop
  endfacet
  facet normal 0.122399 0.992481 0
    outer loop
      vertex -1.9075 -12.8593 1.2
      vertex -1.27422 -12.9374 1.90735e-07
      vertex -1.9075 -12.8593 1.90735e-07
    endloop
  endfacet
  facet normal 0.61527 0.788317 -0
    outer loop
      vertex -7.74409 -10.4417 1.90735e-07
      vertex -8.24711 -10.0491 1.2
      vertex -7.74409 -10.4417 1.2
    endloop
  endfacet
  facet normal 0.61527 0.788317 0
    outer loop
      vertex -8.24711 -10.0491 1.2
      vertex -7.74409 -10.4417 1.90735e-07
      vertex -8.24711 -10.0491 1.90735e-07
    endloop
  endfacet
  facet normal -0.359982 -0.932959 0
    outer loop
      vertex 4.37957 12.2401 1.90735e-07
      vertex 4.97488 12.0104 1.2
      vertex 4.37957 12.2401 1.2
    endloop
  endfacet
  facet normal -0.359982 -0.932959 -0
    outer loop
      vertex 4.97488 12.0104 1.2
      vertex 4.37957 12.2401 1.90735e-07
      vertex 4.97488 12.0104 1.90735e-07
    endloop
  endfacet
  facet normal 0.914254 0.405141 0
    outer loop
      vertex -11.7519 -5.55822 1.2
      vertex -12.0104 -4.97488 1.90735e-07
      vertex -12.0104 -4.97488 1.2
    endloop
  endfacet
  facet normal 0.914254 0.405141 0
    outer loop
      vertex -12.0104 -4.97488 1.90735e-07
      vertex -11.7519 -5.55822 1.2
      vertex -11.7519 -5.55822 1.90735e-07
    endloop
  endfacet
  facet normal 0.266738 -0.963769 0
    outer loop
      vertex -3.7737 12.4402 1.90735e-07
      vertex -3.15874 12.6104 1.2
      vertex -3.7737 12.4402 1.2
    endloop
  endfacet
  facet normal 0.266738 -0.963769 0
    outer loop
      vertex -3.15874 12.6104 1.2
      vertex -3.7737 12.4402 1.90735e-07
      vertex -3.15874 12.6104 1.90735e-07
    endloop
  endfacet
  facet normal 0.788317 0.61527 0
    outer loop
      vertex -10.0491 -8.24711 1.2
      vertex -10.4417 -7.74409 1.90735e-07
      vertex -10.4417 -7.74409 1.2
    endloop
  endfacet
  facet normal 0.788317 0.61527 0
    outer loop
      vertex -10.4417 -7.74409 1.90735e-07
      vertex -10.0491 -8.24711 1.2
      vertex -10.0491 -8.24711 1.90735e-07
    endloop
  endfacet
  facet normal 0.817591 0.575799 0
    outer loop
      vertex -10.4417 -7.74409 1.2
      vertex -10.8091 -7.22241 1.90735e-07
      vertex -10.8091 -7.22241 1.2
    endloop
  endfacet
  facet normal 0.817591 0.575799 0
    outer loop
      vertex -10.8091 -7.22241 1.90735e-07
      vertex -10.4417 -7.74409 1.2
      vertex -10.4417 -7.74409 1.90735e-07
    endloop
  endfacet
  facet normal 0.893214 -0.449632 0
    outer loop
      vertex -11.7519 5.55822 1.2
      vertex -11.465 6.12816 1.90735e-07
      vertex -11.465 6.12816 1.2
    endloop
  endfacet
  facet normal 0.893214 -0.449632 0
    outer loop
      vertex -11.465 6.12816 1.90735e-07
      vertex -11.7519 5.55822 1.2
      vertex -11.7519 5.55822 1.90735e-07
    endloop
  endfacet
  facet normal -0.788317 -0.61527 0
    outer loop
      vertex 10.4417 7.74409 1.90735e-07
      vertex 10.0491 8.24711 1.2
      vertex 10.0491 8.24711 1.90735e-07
    endloop
  endfacet
  facet normal -0.788317 -0.61527 0
    outer loop
      vertex 10.0491 8.24711 1.2
      vertex 10.4417 7.74409 1.90735e-07
      vertex 10.4417 7.74409 1.2
    endloop
  endfacet
  facet normal 0.914254 -0.405141 0
    outer loop
      vertex -12.0104 4.97488 1.2
      vertex -11.7519 5.55822 1.90735e-07
      vertex -11.7519 5.55822 1.2
    endloop
  endfacet
  facet normal 0.914254 -0.405141 0
    outer loop
      vertex -11.7519 5.55822 1.90735e-07
      vertex -12.0104 4.97488 1.2
      vertex -12.0104 4.97488 1.90735e-07
    endloop
  endfacet
  facet normal 0.963769 0.266738 0
    outer loop
      vertex -12.4402 -3.7737 1.2
      vertex -12.6104 -3.15874 1.90735e-07
      vertex -12.6104 -3.15874 1.2
    endloop
  endfacet
  facet normal 0.963769 0.266738 0
    outer loop
      vertex -12.6104 -3.15874 1.90735e-07
      vertex -12.4402 -3.7737 1.2
      vertex -12.4402 -3.7737 1.90735e-07
    endloop
  endfacet
  facet normal -0.170985 0.985274 0
    outer loop
      vertex 2.53617 -12.7502 1.90735e-07
      vertex 1.9075 -12.8593 1.2
      vertex 2.53617 -12.7502 1.2
    endloop
  endfacet
  facet normal -0.170985 0.985274 0
    outer loop
      vertex 1.9075 -12.8593 1.2
      vertex 2.53617 -12.7502 1.90735e-07
      vertex 1.9075 -12.8593 1.90735e-07
    endloop
  endfacet
  facet normal 0.405141 0.914254 -0
    outer loop
      vertex -4.97488 -12.0104 1.90735e-07
      vertex -5.55822 -11.7519 1.2
      vertex -4.97488 -12.0104 1.2
    endloop
  endfacet
  facet normal 0.405141 0.914254 0
    outer loop
      vertex -5.55822 -11.7519 1.2
      vertex -4.97488 -12.0104 1.90735e-07
      vertex -5.55822 -11.7519 1.90735e-07
    endloop
  endfacet
  facet normal -0.219097 0.975703 0
    outer loop
      vertex 3.15874 -12.6104 1.90735e-07
      vertex 2.53617 -12.7502 1.2
      vertex 3.15874 -12.6104 1.2
    endloop
  endfacet
  facet normal -0.219097 0.975703 0
    outer loop
      vertex 2.53617 -12.7502 1.2
      vertex 3.15874 -12.6104 1.90735e-07
      vertex 2.53617 -12.7502 1.90735e-07
    endloop
  endfacet
  facet normal 0.870091 -0.492892 0
    outer loop
      vertex -11.465 6.12816 1.2
      vertex -11.1505 6.68334 1.90735e-07
      vertex -11.1505 6.68334 1.2
    endloop
  endfacet
  facet normal 0.870091 -0.492892 0
    outer loop
      vertex -11.1505 6.68334 1.90735e-07
      vertex -11.465 6.12816 1.2
      vertex -11.465 6.12816 1.90735e-07
    endloop
  endfacet
  facet normal 0.405141 -0.914254 0
    outer loop
      vertex -5.55822 11.7519 1.90735e-07
      vertex -4.97488 12.0104 1.2
      vertex -5.55822 11.7519 1.2
    endloop
  endfacet
  facet normal 0.405141 -0.914254 0
    outer loop
      vertex -4.97488 12.0104 1.2
      vertex -5.55822 11.7519 1.90735e-07
      vertex -4.97488 12.0104 1.90735e-07
    endloop
  endfacet
  facet normal 0.575799 0.817591 -0
    outer loop
      vertex -7.22241 -10.8091 1.90735e-07
      vertex -7.74409 -10.4417 1.2
      vertex -7.22241 -10.8091 1.2
    endloop
  endfacet
  facet normal 0.575799 0.817591 0
    outer loop
      vertex -7.74409 -10.4417 1.2
      vertex -7.22241 -10.8091 1.90735e-07
      vertex -7.74409 -10.4417 1.90735e-07
    endloop
  endfacet
  facet normal 0 0 1
    outer loop
      vertex 12.7558 5.15368 5.65
      vertex 13.812 5.72112 5.65
      vertex 13.5146 6.39194 5.65
    endloop
  endfacet
  facet normal 0 0 1
    outer loop
      vertex 11.7066 5.53683 5.65
      vertex 13.5146 6.39194 5.65
      vertex 13.1847 7.04738 5.65
    endloop
  endfacet
  facet normal 0 0 1
    outer loop
      vertex 11.4209 6.10458 5.65
      vertex 13.1847 7.04738 5.65
      vertex 12.823 7.68582 5.65
    endloop
  endfacet
  facet normal 0 0 1
    outer loop
      vertex 13.812 5.72112 5.65
      vertex 12.7558 5.15368 5.65
      vertex 13.8589 5.59938 5.65
    endloop
  endfacet
  facet normal 0 0 1
    outer loop
      vertex 11.1076 6.65762 5.65
      vertex 12.823 7.68582 5.65
      vertex 12.4305 8.30577 5.65
    endloop
  endfacet
  facet normal 0 0 1
    outer loop
      vertex 10.7675 7.19463 5.65
      vertex 12.4305 8.30577 5.65
      vertex 12.0079 8.9057 5.65
    endloop
  endfacet
  facet normal 0 0 1
    outer loop
      vertex 12.7558 5.15368 5.65
      vertex 12.0049 4.8503 5.65
      vertex 12.7558 5.15367 5.65
    endloop
  endfacet
  facet normal 0 -0 1
    outer loop
      vertex 11.7066 5.53683 5.65
      vertex 13.1847 7.04738 5.65
      vertex 11.4209 6.10458 5.65
    endloop
  endfacet
  facet normal 0 0 1
    outer loop
      vertex 12.7558 5.15368 5.65
      vertex 11.9642 4.95575 5.65
      vertex 12.0049 4.8503 5.65
    endloop
  endfacet
  facet normal 0 0 1
    outer loop
      vertex 12.7558 5.15368 5.65
      vertex 11.7066 5.53683 5.65
      vertex 11.9642 4.95575 5.65
    endloop
  endfacet
  facet normal 0 0 1
    outer loop
      vertex 10.4015 7.71429 5.65
      vertex 12.0079 8.9057 5.65
      vertex 11.5565 9.48418 5.65
    endloop
  endfacet
  facet normal 0 0 1
    outer loop
      vertex 13.5146 6.39194 5.65
      vertex 11.7066 5.53683 5.65
      vertex 12.7558 5.15368 5.65
    endloop
  endfacet
  facet normal 0 0 1
    outer loop
      vertex 12.823 7.68582 5.65
      vertex 11.1076 6.65762 5.65
      vertex 11.4209 6.10458 5.65
    endloop
  endfacet
  facet normal 0 0 1
    outer loop
      vertex 10.0105 8.21538 5.65
      vertex 11.5565 9.48418 5.65
      vertex 11.0772 10.0398 5.65
    endloop
  endfacet
  facet normal 0 0 1
    outer loop
      vertex 12.4305 8.30577 5.65
      vertex 10.7675 7.19463 5.65
      vertex 11.1076 6.65762 5.65
    endloop
  endfacet
  facet normal 0 0 1
    outer loop
      vertex 9.59531 8.69669 5.65
      vertex 11.0772 10.0398 5.65
      vertex 10.5712 10.5712 5.65
    endloop
  endfacet
  facet normal 0 0 1
    outer loop
      vertex 12.0079 8.9057 5.65
      vertex 10.4015 7.71429 5.65
      vertex 10.7675 7.19463 5.65
    endloop
  endfacet
  facet normal 0 0 1
    outer loop
      vertex 9.19985 10.2175 5.65
      vertex 10.5712 10.5712 5.65
      vertex 10.0398 11.0772 5.65
    endloop
  endfacet
  facet normal 0 0 1
    outer loop
      vertex 11.5565 9.48418 5.65
      vertex 10.0105 8.21538 5.65
      vertex 10.4015 7.71429 5.65
    endloop
  endfacet
  facet normal 0 0 1
    outer loop
      vertex 9.19985 10.2175 5.65
      vertex 10.0398 11.0772 5.65
      vertex 10.0027 11.1092 5.65
    endloop
  endfacet
  facet normal 0 0 1
    outer loop
      vertex 11.0772 10.0398 5.65
      vertex 9.59531 8.69669 5.65
      vertex 10.0105 8.21538 5.65
    endloop
  endfacet
  facet normal 0 0 1
    outer loop
      vertex 9.15703 9.15703 5.65
      vertex 10.5712 10.5712 5.65
      vertex 9.19985 10.2175 5.65
    endloop
  endfacet
  facet normal 0 -0 1
    outer loop
      vertex 9.19985 10.2175 5.65
      vertex 10.0027 11.1092 5.65
      vertex 9.19984 10.2175 5.65
    endloop
  endfacet
  facet normal 0 0 1
    outer loop
      vertex 10.5712 10.5712 5.65
      vertex 9.15703 9.15703 5.65
      vertex 9.59531 8.69669 5.65
    endloop
  endfacet
  facet normal 0 0 1
    outer loop
      vertex 9.19985 10.2175 5.65
      vertex 8.69669 9.59531 5.65
      vertex 9.15703 9.15703 5.65
    endloop
  endfacet
  facet normal 0 -0 1
    outer loop
      vertex 8.69669 9.59531 5.65
      vertex 9.19985 10.2175 5.65
      vertex 8.66458 9.623 5.65
    endloop
  endfacet
  facet normal 0 0 -1
    outer loop
      vertex 13.2669 5.49533 1.19
      vertex 13.812 5.72112 1.19
      vertex 13.8589 5.59938 1.19
    endloop
  endfacet
  facet normal 0 0 -1
    outer loop
      vertex 13.2669 5.49533 1.19
      vertex 13.8589 5.59938 1.19
      vertex 13.312 5.37841 1.19
    endloop
  endfacet
  facet normal 0 0 -1
    outer loop
      vertex 12.9862 6.12851 1.19
      vertex 13.812 5.72112 1.19
      vertex 13.2669 5.49533 1.19
    endloop
  endfacet
  facet normal 0 0 -1
    outer loop
      vertex 13.812 5.72112 1.19
      vertex 12.9862 6.12851 1.19
      vertex 13.5146 6.39194 1.19
    endloop
  endfacet
  facet normal 0 0 -1
    outer loop
      vertex 12.9813 6.13969 1.19
      vertex 13.5146 6.39194 1.19
      vertex 12.9862 6.12851 1.19
    endloop
  endfacet
  facet normal 0 0 -1
    outer loop
      vertex 12.9758 6.15061 1.19
      vertex 13.5146 6.39194 1.19
      vertex 12.9813 6.13969 1.19
    endloop
  endfacet
  facet normal -0 0 -1
    outer loop
      vertex 13.5146 6.39194 1.19
      vertex 12.9758 6.15061 1.19
      vertex 13.1847 7.04738 1.19
    endloop
  endfacet
  facet normal 0 0 -1
    outer loop
      vertex 12.6644 6.76926 1.19
      vertex 13.1847 7.04738 1.19
      vertex 12.9758 6.15061 1.19
    endloop
  endfacet
  facet normal 0 0 -1
    outer loop
      vertex 12.6584 6.7799 1.19
      vertex 13.1847 7.04738 1.19
      vertex 12.6644 6.76926 1.19
    endloop
  endfacet
  facet normal -0 0 -1
    outer loop
      vertex 13.1847 7.04738 1.19
      vertex 12.6584 6.7799 1.19
      vertex 12.823 7.68582 1.19
    endloop
  endfacet
  facet normal 0 0 -1
    outer loop
      vertex 12.317 7.38251 1.19
      vertex 12.823 7.68582 1.19
      vertex 12.6584 6.7799 1.19
    endloop
  endfacet
  facet normal 0 0 -1
    outer loop
      vertex 12.3104 7.39285 1.19
      vertex 12.823 7.68582 1.19
      vertex 12.317 7.38251 1.19
    endloop
  endfacet
  facet normal -0 0 -1
    outer loop
      vertex 12.823 7.68582 1.19
      vertex 12.3104 7.39285 1.19
      vertex 12.4305 8.30577 1.19
    endloop
  endfacet
  facet normal 0 0 -1
    outer loop
      vertex 11.9399 7.97799 1.19
      vertex 12.4305 8.30577 1.19
      vertex 12.3104 7.39285 1.19
    endloop
  endfacet
  facet normal 0 0 -1
    outer loop
      vertex 11.5411 8.54424 1.19
      vertex 12.4305 8.30577 1.19
      vertex 11.9399 7.97799 1.19
    endloop
  endfacet
  facet normal 0 0 -1
    outer loop
      vertex 12.4305 8.30577 1.19
      vertex 11.5411 8.54424 1.19
      vertex 12.0079 8.9057 1.19
    endloop
  endfacet
  facet normal 0 0 -1
    outer loop
      vertex 11.5341 8.55424 1.19
      vertex 12.0079 8.9057 1.19
      vertex 11.5411 8.54424 1.19
    endloop
  endfacet
  facet normal 0 0 -1
    outer loop
      vertex 11.5265 8.56388 1.19
      vertex 12.0079 8.9057 1.19
      vertex 11.5341 8.55424 1.19
    endloop
  endfacet
  facet normal -0 0 -1
    outer loop
      vertex 12.0079 8.9057 1.19
      vertex 11.5265 8.56388 1.19
      vertex 11.5565 9.48418 1.19
    endloop
  endfacet
  facet normal 0 0 -1
    outer loop
      vertex 11.1004 9.10989 1.19
      vertex 11.5565 9.48418 1.19
      vertex 11.5265 8.56388 1.19
    endloop
  endfacet
  facet normal 0 0 -1
    outer loop
      vertex 11.0924 9.11915 1.19
      vertex 11.5565 9.48418 1.19
      vertex 11.1004 9.10989 1.19
    endloop
  endfacet
  facet normal 0 0 -1
    outer loop
      vertex 11.0924 9.11915 1.19
      vertex 11.0772 10.0398 1.19
      vertex 11.5565 9.48418 1.19
    endloop
  endfacet
  facet normal 0 0 -1
    outer loop
      vertex 10.6401 9.64359 1.19
      vertex 11.0772 10.0398 1.19
      vertex 11.0924 9.11915 1.19
    endloop
  endfacet
  facet normal 0 0 -1
    outer loop
      vertex 10.1625 10.1452 1.19
      vertex 11.0772 10.0398 1.19
      vertex 10.6401 9.64359 1.19
    endloop
  endfacet
  facet normal 0 0 -1
    outer loop
      vertex 11.0772 10.0398 1.19
      vertex 10.1625 10.1452 1.19
      vertex 10.5712 10.5712 1.19
    endloop
  endfacet
  facet normal 0 0 -1
    outer loop
      vertex 10.1541 10.1541 1.19
      vertex 10.5712 10.5712 1.19
      vertex 10.1625 10.1452 1.19
    endloop
  endfacet
  facet normal 0 0 -1
    outer loop
      vertex 10.1452 10.1625 1.19
      vertex 10.5712 10.5712 1.19
      vertex 10.1541 10.1541 1.19
    endloop
  endfacet
  facet normal 0 0 -1
    outer loop
      vertex 10.1452 10.1625 1.19
      vertex 10.0398 11.0772 1.19
      vertex 10.5712 10.5712 1.19
    endloop
  endfacet
  facet normal 0 0 -1
    outer loop
      vertex 9.64359 10.6401 1.19
      vertex 10.0398 11.0772 1.19
      vertex 10.1452 10.1625 1.19
    endloop
  endfacet
  facet normal -0 0 -1
    outer loop
      vertex 10.0398 11.0772 1.19
      vertex 9.64359 10.6401 1.19
      vertex 10.0027 11.1092 1.19
    endloop
  endfacet
  facet normal 0 0 -1
    outer loop
      vertex 10.0027 11.1092 1.19
      vertex 9.64359 10.6401 1.19
      vertex 9.60799 10.6708 1.19
    endloop
  endfacet
  facet normal 0.933148 0.359493 0
    outer loop
      vertex 13.8589 5.59938 5.65
      vertex 13.812 5.72112 1.19
      vertex 13.812 5.72112 5.65
    endloop
  endfacet
  facet normal 0.933148 0.359493 0
    outer loop
      vertex 13.812 5.72112 1.19
      vertex 13.8589 5.59938 5.65
      vertex 13.8589 5.59938 1.19
    endloop
  endfacet
  facet normal 0.914187 0.405294 0
    outer loop
      vertex 13.812 5.72112 5.65
      vertex 13.5146 6.39194 1.19
      vertex 13.5146 6.39194 5.65
    endloop
  endfacet
  facet normal 0.914187 0.405294 0
    outer loop
      vertex 13.5146 6.39194 1.19
      vertex 13.812 5.72112 5.65
      vertex 13.812 5.72112 1.19
    endloop
  endfacet
  facet normal 0.893236 0.449589 0
    outer loop
      vertex 13.5146 6.39194 5.65
      vertex 13.1847 7.04738 1.19
      vertex 13.1847 7.04738 5.65
    endloop
  endfacet
  facet normal 0.893236 0.449589 0
    outer loop
      vertex 13.1847 7.04738 1.19
      vertex 13.5146 6.39194 5.65
      vertex 13.5146 6.39194 1.19
    endloop
  endfacet
  facet normal 0.870071 0.492927 0
    outer loop
      vertex 13.1847 7.04738 5.65
      vertex 12.823 7.68582 1.19
      vertex 12.823 7.68582 5.65
    endloop
  endfacet
  facet normal 0.870071 0.492927 0
    outer loop
      vertex 12.823 7.68582 1.19
      vertex 13.1847 7.04738 5.65
      vertex 13.1847 7.04738 1.19
    endloop
  endfacet
  facet normal 0.844902 0.534921 0
    outer loop
      vertex 12.823 7.68582 5.65
      vertex 12.4305 8.30577 1.19
      vertex 12.4305 8.30577 5.65
    endloop
  endfacet
  facet normal 0.844902 0.534921 0
    outer loop
      vertex 12.4305 8.30577 1.19
      vertex 12.823 7.68582 5.65
      vertex 12.823 7.68582 1.19
    endloop
  endfacet
  facet normal 0.817532 0.575883 0
    outer loop
      vertex 12.4305 8.30577 5.65
      vertex 12.0079 8.9057 1.19
      vertex 12.0079 8.9057 5.65
    endloop
  endfacet
  facet normal 0.817532 0.575883 0
    outer loop
      vertex 12.0079 8.9057 1.19
      vertex 12.4305 8.30577 5.65
      vertex 12.4305 8.30577 1.19
    endloop
  endfacet
  facet normal 0.78838 0.615189 0
    outer loop
      vertex 12.0079 8.9057 5.65
      vertex 11.5565 9.48418 1.19
      vertex 11.5565 9.48418 5.65
    endloop
  endfacet
  facet normal 0.78838 0.615189 0
    outer loop
      vertex 11.5565 9.48418 1.19
      vertex 12.0079 8.9057 5.65
      vertex 12.0079 8.9057 1.19
    endloop
  endfacet
  facet normal 0.757196 0.653188 0
    outer loop
      vertex 11.5565 9.48418 5.65
      vertex 11.0772 10.0398 1.19
      vertex 11.0772 10.0398 5.65
    endloop
  endfacet
  facet normal 0.757196 0.653188 0
    outer loop
      vertex 11.0772 10.0398 1.19
      vertex 11.5565 9.48418 5.65
      vertex 11.5565 9.48418 1.19
    endloop
  endfacet
  facet normal 0.724203 0.689587 0
    outer loop
      vertex 11.0772 10.0398 5.65
      vertex 10.5712 10.5712 1.19
      vertex 10.5712 10.5712 5.65
    endloop
  endfacet
  facet normal 0.724203 0.689587 0
    outer loop
      vertex 10.5712 10.5712 1.19
      vertex 11.0772 10.0398 5.65
      vertex 11.0772 10.0398 1.19
    endloop
  endfacet
  facet normal 0.689587 0.724203 -0
    outer loop
      vertex 10.5712 10.5712 1.19
      vertex 10.0398 11.0772 5.65
      vertex 10.5712 10.5712 5.65
    endloop
  endfacet
  facet normal 0.689587 0.724203 0
    outer loop
      vertex 10.0398 11.0772 5.65
      vertex 10.5712 10.5712 1.19
      vertex 10.0398 11.0772 1.19
    endloop
  endfacet
  facet normal 0.653141 0.757236 -0
    outer loop
      vertex 10.0398 11.0772 1.19
      vertex 10.0027 11.1092 5.65
      vertex 10.0398 11.0772 5.65
    endloop
  endfacet
  facet normal 0.653141 0.757236 0
    outer loop
      vertex 10.0027 11.1092 5.65
      vertex 10.0398 11.0772 1.19
      vertex 10.0027 11.1092 1.19
    endloop
  endfacet
  facet normal -0.74316 0.669098 0.00464966
    outer loop
      vertex 9.6013 10.6633 1.2
      vertex 10.0027 11.1092 1.19
      vertex 9.60799 10.6708 1.19
    endloop
  endfacet
  facet normal -0.74322 0.669048 0
    outer loop
      vertex 10.0027 11.1092 1.19
      vertex 9.6013 10.6633 1.2
      vertex 10.0027 11.1092 5.65
    endloop
  endfacet
  facet normal -0.743095 0.669186 0
    outer loop
      vertex 9.19984 10.2175 5.65
      vertex 9.6013 10.6633 1.2
      vertex 9.19984 10.2175 1.2
    endloop
  endfacet
  facet normal -0.743157 0.669117 -1.25282e-05
    outer loop
      vertex 9.6013 10.6633 1.2
      vertex 9.19984 10.2175 5.65
      vertex 10.0027 11.1092 5.65
    endloop
  endfacet
  facet normal 0 -1 0
    outer loop
      vertex 9.19984 10.2175 5.65
      vertex 9.19985 10.2175 4.45
      vertex 9.19985 10.2175 5.65
    endloop
  endfacet
  facet normal 0 -1 0
    outer loop
      vertex 9.19984 10.2175 1.2
      vertex 9.19985 10.2175 4.45
      vertex 9.19984 10.2175 5.65
    endloop
  endfacet
  facet normal -0.653203 -0.757183 2.00986e-06
    outer loop
      vertex 9.19984 10.2175 1.2
      vertex 9.23393 10.1881 4.45
      vertex 9.19985 10.2175 4.45
    endloop
  endfacet
  facet normal -0.653093 -0.757277 -0
    outer loop
      vertex 9.23393 10.1881 4.45
      vertex 9.19984 10.2175 1.2
      vertex 9.23393 10.1881 1.2
    endloop
  endfacet
  facet normal -0.689551 -0.724237 0
    outer loop
      vertex 9.23393 10.1881 1.2
      vertex 9.72272 9.72272 4.45
      vertex 9.23393 10.1881 4.45
    endloop
  endfacet
  facet normal -0.689551 -0.724237 -0
    outer loop
      vertex 9.72272 9.72272 4.45
      vertex 9.23393 10.1881 1.2
      vertex 9.72272 9.72272 1.2
    endloop
  endfacet
  facet normal -0.724237 -0.689551 0
    outer loop
      vertex 10.1881 9.23393 1.2
      vertex 9.72272 9.72272 4.45
      vertex 9.72272 9.72272 1.2
    endloop
  endfacet
  facet normal -0.724237 -0.689551 0
    outer loop
      vertex 9.72272 9.72272 4.45
      vertex 10.1881 9.23393 1.2
      vertex 10.1881 9.23393 4.45
    endloop
  endfacet
  facet normal -0.757222 -0.653158 0
    outer loop
      vertex 10.6289 8.7229 1.2
      vertex 10.1881 9.23393 4.45
      vertex 10.1881 9.23393 1.2
    endloop
  endfacet
  facet normal -0.757222 -0.653158 0
    outer loop
      vertex 10.1881 9.23393 4.45
      vertex 10.6289 8.7229 1.2
      vertex 10.6289 8.7229 4.45
    endloop
  endfacet
  facet normal -0.788352 -0.615224 0
    outer loop
      vertex 11.0441 8.19086 1.2
      vertex 10.6289 8.7229 4.45
      vertex 10.6289 8.7229 1.2
    endloop
  endfacet
  facet normal -0.788352 -0.615224 0
    outer loop
      vertex 10.6289 8.7229 4.45
      vertex 11.0441 8.19086 1.2
      vertex 11.0441 8.19086 4.45
    endloop
  endfacet
  facet normal -0.81759 -0.575801 0
    outer loop
      vertex 11.4327 7.63908 1.2
      vertex 11.0441 8.19086 4.45
      vertex 11.0441 8.19086 1.2
    endloop
  endfacet
  facet normal -0.81759 -0.575801 0
    outer loop
      vertex 11.0441 8.19086 4.45
      vertex 11.4327 7.63908 1.2
      vertex 11.4327 7.63908 4.45
    endloop
  endfacet
  facet normal -0.844824 -0.535044 0
    outer loop
      vertex 11.7938 7.06891 1.2
      vertex 11.4327 7.63908 4.45
      vertex 11.4327 7.63908 1.2
    endloop
  endfacet
  facet normal -0.844824 -0.535044 0
    outer loop
      vertex 11.4327 7.63908 4.45
      vertex 11.7938 7.06891 1.2
      vertex 11.7938 7.06891 4.45
    endloop
  endfacet
  facet normal -0.870119 -0.492842 0
    outer loop
      vertex 12.1264 6.4817 1.2
      vertex 11.7938 7.06891 4.45
      vertex 11.7938 7.06891 1.2
    endloop
  endfacet
  facet normal -0.870119 -0.492842 0
    outer loop
      vertex 11.7938 7.06891 4.45
      vertex 12.1264 6.4817 1.2
      vertex 12.1264 6.4817 4.45
    endloop
  endfacet
  facet normal -0.893245 -0.449571 0
    outer loop
      vertex 12.4298 5.87888 1.2
      vertex 12.1264 6.4817 4.45
      vertex 12.1264 6.4817 1.2
    endloop
  endfacet
  facet normal -0.893245 -0.449571 0
    outer loop
      vertex 12.1264 6.4817 4.45
      vertex 12.4298 5.87888 1.2
      vertex 12.4298 5.87888 4.45
    endloop
  endfacet
  facet normal -0.914206 -0.40525 0
    outer loop
      vertex 12.7033 5.26189 1.2
      vertex 12.4298 5.87888 4.45
      vertex 12.4298 5.87888 1.2
    endloop
  endfacet
  facet normal -0.914206 -0.40525 0
    outer loop
      vertex 12.4298 5.87888 4.45
      vertex 12.7033 5.26189 1.2
      vertex 12.7033 5.26189 4.45
    endloop
  endfacet
  facet normal -0.932958 -0.359984 0
    outer loop
      vertex 12.7465 5.14993 1.2
      vertex 12.7033 5.26189 4.45
      vertex 12.7033 5.26189 1.2
    endloop
  endfacet
  facet normal -0.932958 -0.359984 0
    outer loop
      vertex 12.7033 5.26189 4.45
      vertex 12.7465 5.14993 1.2
      vertex 12.7465 5.14993 4.45
    endloop
  endfacet
  facet normal 0.373968 -0.927441 0
    outer loop
      vertex 12.7465 5.14993 4.45
      vertex 12.7465 5.14993 1.2
      vertex 12.7558 5.15368 4.45
    endloop
  endfacet
  facet normal 0.37462 -0.927178 0
    outer loop
      vertex 12.7558 5.15368 4.45
      vertex 13.8589 5.59938 5.65
      vertex 12.7558 5.15368 5.65
    endloop
  endfacet
  facet normal 0.374622 -0.927178 -2.17426e-06
    outer loop
      vertex 13.3027 5.37466 1.2
      vertex 12.7558 5.15368 4.45
      vertex 12.7465 5.14993 1.2
    endloop
  endfacet
  facet normal 0.374607 -0.927184 -4.99456e-06
    outer loop
      vertex 13.8589 5.59938 1.19
      vertex 12.7558 5.15368 4.45
      vertex 13.3027 5.37466 1.2
    endloop
  endfacet
  facet normal 0.374618 -0.927179 0.000702886
    outer loop
      vertex 13.8589 5.59938 1.19
      vertex 13.3027 5.37466 1.2
      vertex 13.312 5.37841 1.19
    endloop
  endfacet
  facet normal 0.37462 -0.927178 0
    outer loop
      vertex 12.7558 5.15368 4.45
      vertex 13.8589 5.59938 1.19
      vertex 13.8589 5.59938 5.65
    endloop
  endfacet
  facet normal -0 0 -1
    outer loop
      vertex 12.7558 5.15367 4.45
      vertex 12.7465 5.14993 4.45
      vertex 12.7558 5.15368 4.45
    endloop
  endfacet
  facet normal 0 0 -1
    outer loop
      vertex 11.9642 4.95575 4.45
      vertex 12.7033 5.26189 4.45
      vertex 12.7465 5.14993 4.45
    endloop
  endfacet
  facet normal -0 0 -1
    outer loop
      vertex 12.7033 5.26189 4.45
      vertex 11.9642 4.95575 4.45
      vertex 12.4298 5.87888 4.45
    endloop
  endfacet
  facet normal 0 0 -1
    outer loop
      vertex 12.0049 4.8503 4.45
      vertex 12.7465 5.14993 4.45
      vertex 12.7558 5.15367 4.45
    endloop
  endfacet
  facet normal 0 0 -1
    outer loop
      vertex 11.9642 4.95575 4.45
      vertex 12.7465 5.14993 4.45
      vertex 12.0049 4.8503 4.45
    endloop
  endfacet
  facet normal 0 0 -1
    outer loop
      vertex 12.4298 5.87888 4.45
      vertex 11.9642 4.95575 4.45
      vertex 11.7066 5.53683 4.45
    endloop
  endfacet
  facet normal -0 0 -1
    outer loop
      vertex 12.4298 5.87888 4.45
      vertex 11.7066 5.53683 4.45
      vertex 12.1264 6.4817 4.45
    endloop
  endfacet
  facet normal 0 0 -1
    outer loop
      vertex 11.4209 6.10458 4.45
      vertex 12.1264 6.4817 4.45
      vertex 11.7066 5.53683 4.45
    endloop
  endfacet
  facet normal -0 0 -1
    outer loop
      vertex 12.1264 6.4817 4.45
      vertex 11.4209 6.10458 4.45
      vertex 11.7938 7.06891 4.45
    endloop
  endfacet
  facet normal 0 0 -1
    outer loop
      vertex 11.1076 6.65762 4.45
      vertex 11.7938 7.06891 4.45
      vertex 11.4209 6.10458 4.45
    endloop
  endfacet
  facet normal -0 0 -1
    outer loop
      vertex 11.7938 7.06891 4.45
      vertex 11.1076 6.65762 4.45
      vertex 11.4327 7.63908 4.45
    endloop
  endfacet
  facet normal 0 0 -1
    outer loop
      vertex 10.7675 7.19463 4.45
      vertex 11.4327 7.63908 4.45
      vertex 11.1076 6.65762 4.45
    endloop
  endfacet
  facet normal -0 0 -1
    outer loop
      vertex 11.4327 7.63908 4.45
      vertex 10.7675 7.19463 4.45
      vertex 11.0441 8.19086 4.45
    endloop
  endfacet
  facet normal 0 0 -1
    outer loop
      vertex 10.4015 7.71429 4.45
      vertex 11.0441 8.19086 4.45
      vertex 10.7675 7.19463 4.45
    endloop
  endfacet
  facet normal -0 0 -1
    outer loop
      vertex 11.0441 8.19086 4.45
      vertex 10.4015 7.71429 4.45
      vertex 10.6289 8.7229 4.45
    endloop
  endfacet
  facet normal 0 0 -1
    outer loop
      vertex 10.0105 8.21538 4.45
      vertex 10.6289 8.7229 4.45
      vertex 10.4015 7.71429 4.45
    endloop
  endfacet
  facet normal -0 0 -1
    outer loop
      vertex 10.6289 8.7229 4.45
      vertex 10.0105 8.21538 4.45
      vertex 10.1881 9.23393 4.45
    endloop
  endfacet
  facet normal 0 0 -1
    outer loop
      vertex 9.59531 8.69669 4.45
      vertex 10.1881 9.23393 4.45
      vertex 10.0105 8.21538 4.45
    endloop
  endfacet
  facet normal -0 0 -1
    outer loop
      vertex 10.1881 9.23393 4.45
      vertex 9.59531 8.69669 4.45
      vertex 9.72272 9.72272 4.45
    endloop
  endfacet
  facet normal 0 0 -1
    outer loop
      vertex 9.15703 9.15703 4.45
      vertex 9.72272 9.72272 4.45
      vertex 9.59531 8.69669 4.45
    endloop
  endfacet
  facet normal -0 0 -1
    outer loop
      vertex 9.72272 9.72272 4.45
      vertex 9.15703 9.15703 4.45
      vertex 9.23393 10.1881 4.45
    endloop
  endfacet
  facet normal 0 0 -1
    outer loop
      vertex 8.69669 9.59531 4.45
      vertex 9.23393 10.1881 4.45
      vertex 9.15703 9.15703 4.45
    endloop
  endfacet
  facet normal -0 0 -1
    outer loop
      vertex 9.23393 10.1881 4.45
      vertex 8.69669 9.59531 4.45
      vertex 9.19985 10.2175 4.45
    endloop
  endfacet
  facet normal 0 0 -1
    outer loop
      vertex 9.19985 10.2175 4.45
      vertex 8.69669 9.59531 4.45
      vertex 8.66458 9.623 4.45
    endloop
  endfacet
  facet normal 1 -0 0
    outer loop
      vertex 12.7558 5.15367 5.65
      vertex 12.7558 5.15368 4.45
      vertex 12.7558 5.15368 5.65
    endloop
  endfacet
  facet normal 1 0 0
    outer loop
      vertex 12.7558 5.15368 4.45
      vertex 12.7558 5.15367 5.65
      vertex 12.7558 5.15367 4.45
    endloop
  endfacet
  facet normal -0.743157 0.669117 0
    outer loop
      vertex 8.66458 9.623 4.45
      vertex 9.19985 10.2175 5.65
      vertex 9.19985 10.2175 4.45
    endloop
  endfacet
  facet normal -0.743157 0.669117 0
    outer loop
      vertex 9.19985 10.2175 5.65
      vertex 8.66458 9.623 4.45
      vertex 8.66458 9.623 5.65
    endloop
  endfacet
  facet normal -0.653061 -0.757305 0
    outer loop
      vertex 8.66458 9.623 4.45
      vertex 8.69669 9.59531 5.65
      vertex 8.66458 9.623 5.65
    endloop
  endfacet
  facet normal -0.653061 -0.757305 -0
    outer loop
      vertex 8.69669 9.59531 5.65
      vertex 8.66458 9.623 4.45
      vertex 8.69669 9.59531 4.45
    endloop
  endfacet
  facet normal -0.68954 -0.724247 0
    outer loop
      vertex 8.69669 9.59531 4.45
      vertex 9.15703 9.15703 5.65
      vertex 8.69669 9.59531 5.65
    endloop
  endfacet
  facet normal -0.68954 -0.724247 -0
    outer loop
      vertex 9.15703 9.15703 5.65
      vertex 8.69669 9.59531 4.45
      vertex 9.15703 9.15703 4.45
    endloop
  endfacet
  facet normal -0.724247 -0.68954 0
    outer loop
      vertex 9.59531 8.69669 4.45
      vertex 9.15703 9.15703 5.65
      vertex 9.15703 9.15703 4.45
    endloop
  endfacet
  facet normal -0.724247 -0.68954 0
    outer loop
      vertex 9.15703 9.15703 5.65
      vertex 9.59531 8.69669 4.45
      vertex 9.59531 8.69669 5.65
    endloop
  endfacet
  facet normal -0.757202 -0.653181 0
    outer loop
      vertex 10.0105 8.21538 4.45
      vertex 9.59531 8.69669 5.65
      vertex 9.59531 8.69669 4.45
    endloop
  endfacet
  facet normal -0.757202 -0.653181 0
    outer loop
      vertex 9.59531 8.69669 5.65
      vertex 10.0105 8.21538 4.45
      vertex 10.0105 8.21538 5.65
    endloop
  endfacet
  facet normal -0.788388 -0.615178 0
    outer loop
      vertex 10.4015 7.71429 4.45
      vertex 10.0105 8.21538 5.65
      vertex 10.0105 8.21538 4.45
    endloop
  endfacet
  facet normal -0.788388 -0.615178 0
    outer loop
      vertex 10.0105 8.21538 5.65
      vertex 10.4015 7.71429 4.45
      vertex 10.4015 7.71429 5.65
    endloop
  endfacet
  facet normal -0.817574 -0.575823 0
    outer loop
      vertex 10.7675 7.19463 4.45
      vertex 10.4015 7.71429 5.65
      vertex 10.4015 7.71429 4.45
    endloop
  endfacet
  facet normal -0.817574 -0.575823 0
    outer loop
      vertex 10.4015 7.71429 5.65
      vertex 10.7675 7.19463 4.45
      vertex 10.7675 7.19463 5.65
    endloop
  endfacet
  facet normal -0.844824 -0.535045 0
    outer loop
      vertex 11.1076 6.65762 4.45
      vertex 10.7675 7.19463 5.65
      vertex 10.7675 7.19463 4.45
    endloop
  endfacet
  facet normal -0.844824 -0.535045 0
    outer loop
      vertex 10.7675 7.19463 5.65
      vertex 11.1076 6.65762 4.45
      vertex 11.1076 6.65762 5.65
    endloop
  endfacet
  facet normal -0.870082 -0.492906 0
    outer loop
      vertex 11.4209 6.10458 4.45
      vertex 11.1076 6.65762 5.65
      vertex 11.1076 6.65762 4.45
    endloop
  endfacet
  facet normal -0.870082 -0.492906 0
    outer loop
      vertex 11.1076 6.65762 5.65
      vertex 11.4209 6.10458 4.45
      vertex 11.4209 6.10458 5.65
    endloop
  endfacet
  facet normal -0.893276 -0.449509 0
    outer loop
      vertex 11.7066 5.53683 4.45
      vertex 11.4209 6.10458 5.65
      vertex 11.4209 6.10458 4.45
    endloop
  endfacet
  facet normal -0.893276 -0.449509 0
    outer loop
      vertex 11.4209 6.10458 5.65
      vertex 11.7066 5.53683 4.45
      vertex 11.7066 5.53683 5.65
    endloop
  endfacet
  facet normal -0.914195 -0.405274 0
    outer loop
      vertex 11.9642 4.95575 4.45
      vertex 11.7066 5.53683 5.65
      vertex 11.7066 5.53683 4.45
    endloop
  endfacet
  facet normal -0.914195 -0.405274 0
    outer loop
      vertex 11.7066 5.53683 5.65
      vertex 11.9642 4.95575 4.45
      vertex 11.9642 4.95575 5.65
    endloop
  endfacet
  facet normal -0.932923 -0.360076 0
    outer loop
      vertex 12.0049 4.8503 4.45
      vertex 11.9642 4.95575 5.65
      vertex 11.9642 4.95575 4.45
    endloop
  endfacet
  facet normal -0.932923 -0.360076 0
    outer loop
      vertex 11.9642 4.95575 5.65
      vertex 12.0049 4.8503 4.45
      vertex 12.0049 4.8503 5.65
    endloop
  endfacet
  facet normal 0.374592 -0.92719 0
    outer loop
      vertex 12.0049 4.8503 4.45
      vertex 12.7558 5.15367 5.65
      vertex 12.0049 4.8503 5.65
    endloop
  endfacet
  facet normal 0.374592 -0.92719 0
    outer loop
      vertex 12.7558 5.15367 5.65
      vertex 12.0049 4.8503 4.45
      vertex 12.7558 5.15367 4.45
    endloop
  endfacet
  facet normal 0 0 1
    outer loop
      vertex -8.69669 -9.59531 5.65
      vertex -9.19985 -10.2175 5.65
      vertex -8.66458 -9.623 5.65
    endloop
  endfacet
  facet normal 0 0 1
    outer loop
      vertex -9.15703 -9.15703 5.65
      vertex -9.19985 -10.2175 5.65
      vertex -8.69669 -9.59531 5.65
    endloop
  endfacet
  facet normal 0 0 1
    outer loop
      vertex -10.5712 -10.5712 5.65
      vertex -9.15703 -9.15703 5.65
      vertex -9.59531 -8.69669 5.65
    endloop
  endfacet
  facet normal -0 0 1
    outer loop
      vertex -9.19985 -10.2175 5.65
      vertex -10.0027 -11.1092 5.65
      vertex -9.19984 -10.2175 5.65
    endloop
  endfacet
  facet normal 0 0 1
    outer loop
      vertex -9.15703 -9.15703 5.65
      vertex -10.5712 -10.5712 5.65
      vertex -9.19985 -10.2175 5.65
    endloop
  endfacet
  facet normal 0 0 1
    outer loop
      vertex -11.0772 -10.0398 5.65
      vertex -9.59531 -8.69669 5.65
      vertex -10.0105 -8.21538 5.65
    endloop
  endfacet
  facet normal 0 0 1
    outer loop
      vertex -9.19985 -10.2175 5.65
      vertex -10.0398 -11.0772 5.65
      vertex -10.0027 -11.1092 5.65
    endloop
  endfacet
  facet normal 0 0 1
    outer loop
      vertex -11.5565 -9.48418 5.65
      vertex -10.0105 -8.21538 5.65
      vertex -10.4015 -7.71429 5.65
    endloop
  endfacet
  facet normal 0 0 1
    outer loop
      vertex -9.19985 -10.2175 5.65
      vertex -10.5712 -10.5712 5.65
      vertex -10.0398 -11.0772 5.65
    endloop
  endfacet
  facet normal 0 0 1
    outer loop
      vertex -12.0079 -8.9057 5.65
      vertex -10.4015 -7.71429 5.65
      vertex -10.7675 -7.19463 5.65
    endloop
  endfacet
  facet normal 0 0 1
    outer loop
      vertex -9.59531 -8.69669 5.65
      vertex -11.0772 -10.0398 5.65
      vertex -10.5712 -10.5712 5.65
    endloop
  endfacet
  facet normal 0 0 1
    outer loop
      vertex -12.4305 -8.30577 5.65
      vertex -10.7675 -7.19463 5.65
      vertex -11.1076 -6.65762 5.65
    endloop
  endfacet
  facet normal 0 0 1
    outer loop
      vertex -12.823 -7.68582 5.65
      vertex -11.1076 -6.65762 5.65
      vertex -11.4209 -6.10458 5.65
    endloop
  endfacet
  facet normal 0 0 1
    outer loop
      vertex -10.0105 -8.21538 5.65
      vertex -11.5565 -9.48418 5.65
      vertex -11.0772 -10.0398 5.65
    endloop
  endfacet
  facet normal 0 0 1
    outer loop
      vertex -13.1847 -7.04738 5.65
      vertex -11.4209 -6.10458 5.65
      vertex -11.7066 -5.53683 5.65
    endloop
  endfacet
  facet normal -0 0 1
    outer loop
      vertex -12.7558 -5.15368 5.65
      vertex -11.7066 -5.53683 5.65
      vertex -11.9642 -4.95575 5.65
    endloop
  endfacet
  facet normal 0 0 1
    outer loop
      vertex -12.7558 -5.15368 5.65
      vertex -11.9642 -4.95575 5.65
      vertex -12.0049 -4.8503 5.65
    endloop
  endfacet
  facet normal 0 0 1
    outer loop
      vertex -10.4015 -7.71429 5.65
      vertex -12.0079 -8.9057 5.65
      vertex -11.5565 -9.48418 5.65
    endloop
  endfacet
  facet normal 0 0 1
    outer loop
      vertex -10.7675 -7.19463 5.65
      vertex -12.4305 -8.30577 5.65
      vertex -12.0079 -8.9057 5.65
    endloop
  endfacet
  facet normal 0 0 1
    outer loop
      vertex -13.5146 -6.39194 5.65
      vertex -11.7066 -5.53683 5.65
      vertex -12.7558 -5.15368 5.65
    endloop
  endfacet
  facet normal 0 0 1
    outer loop
      vertex -12.7558 -5.15368 5.65
      vertex -12.0049 -4.8503 5.65
      vertex -12.7558 -5.15367 5.65
    endloop
  endfacet
  facet normal 0 0 1
    outer loop
      vertex -11.1076 -6.65762 5.65
      vertex -12.823 -7.68582 5.65
      vertex -12.4305 -8.30577 5.65
    endloop
  endfacet
  facet normal 0 0 1
    outer loop
      vertex -11.4209 -6.10458 5.65
      vertex -13.1847 -7.04738 5.65
      vertex -12.823 -7.68582 5.65
    endloop
  endfacet
  facet normal 0 0 1
    outer loop
      vertex -11.7066 -5.53683 5.65
      vertex -13.5146 -6.39194 5.65
      vertex -13.1847 -7.04738 5.65
    endloop
  endfacet
  facet normal 0 0 1
    outer loop
      vertex -12.7558 -5.15368 5.65
      vertex -13.812 -5.72112 5.65
      vertex -13.5146 -6.39194 5.65
    endloop
  endfacet
  facet normal 0 -0 1
    outer loop
      vertex -13.812 -5.72112 5.65
      vertex -12.7558 -5.15368 5.65
      vertex -13.8589 -5.59938 5.65
    endloop
  endfacet
  facet normal 0 0 -1
    outer loop
      vertex -10.0027 -11.1092 1.19
      vertex -9.64359 -10.6401 1.19
      vertex -9.60799 -10.6708 1.19
    endloop
  endfacet
  facet normal 0 0 -1
    outer loop
      vertex -10.0398 -11.0772 1.19
      vertex -9.64359 -10.6401 1.19
      vertex -10.0027 -11.1092 1.19
    endloop
  endfacet
  facet normal 0 0 -1
    outer loop
      vertex -10.0398 -11.0772 1.19
      vertex -10.1452 -10.1625 1.19
      vertex -9.64359 -10.6401 1.19
    endloop
  endfacet
  facet normal 0 0 -1
    outer loop
      vertex -10.5712 -10.5712 1.19
      vertex -10.1452 -10.1625 1.19
      vertex -10.0398 -11.0772 1.19
    endloop
  endfacet
  facet normal -0 0 -1
    outer loop
      vertex -10.1452 -10.1625 1.19
      vertex -10.5712 -10.5712 1.19
      vertex -10.1541 -10.1541 1.19
    endloop
  endfacet
  facet normal -0 0 -1
    outer loop
      vertex -10.1541 -10.1541 1.19
      vertex -10.5712 -10.5712 1.19
      vertex -10.1625 -10.1452 1.19
    endloop
  endfacet
  facet normal 0 0 -1
    outer loop
      vertex -11.0772 -10.0398 1.19
      vertex -10.1625 -10.1452 1.19
      vertex -10.5712 -10.5712 1.19
    endloop
  endfacet
  facet normal 0 0 -1
    outer loop
      vertex -10.1625 -10.1452 1.19
      vertex -11.0772 -10.0398 1.19
      vertex -10.6401 -9.64359 1.19
    endloop
  endfacet
  facet normal 0 0 -1
    outer loop
      vertex -11.0772 -10.0398 1.19
      vertex -11.0924 -9.11915 1.19
      vertex -10.6401 -9.64359 1.19
    endloop
  endfacet
  facet normal 0 0 -1
    outer loop
      vertex -11.5565 -9.48418 1.19
      vertex -11.0924 -9.11915 1.19
      vertex -11.0772 -10.0398 1.19
    endloop
  endfacet
  facet normal -0 0 -1
    outer loop
      vertex -11.0924 -9.11915 1.19
      vertex -11.5565 -9.48418 1.19
      vertex -11.1004 -9.10989 1.19
    endloop
  endfacet
  facet normal -0 0 -1
    outer loop
      vertex -11.1004 -9.10989 1.19
      vertex -11.5565 -9.48418 1.19
      vertex -11.5265 -8.56388 1.19
    endloop
  endfacet
  facet normal 0 0 -1
    outer loop
      vertex -12.0079 -8.9057 1.19
      vertex -11.5265 -8.56388 1.19
      vertex -11.5565 -9.48418 1.19
    endloop
  endfacet
  facet normal -0 0 -1
    outer loop
      vertex -11.5265 -8.56388 1.19
      vertex -12.0079 -8.9057 1.19
      vertex -11.5341 -8.55424 1.19
    endloop
  endfacet
  facet normal -0 0 -1
    outer loop
      vertex -11.5341 -8.55424 1.19
      vertex -12.0079 -8.9057 1.19
      vertex -11.5411 -8.54424 1.19
    endloop
  endfacet
  facet normal 0 0 -1
    outer loop
      vertex -12.4305 -8.30577 1.19
      vertex -11.5411 -8.54424 1.19
      vertex -12.0079 -8.9057 1.19
    endloop
  endfacet
  facet normal 0 0 -1
    outer loop
      vertex -11.5411 -8.54424 1.19
      vertex -12.4305 -8.30577 1.19
      vertex -11.9399 -7.97799 1.19
    endloop
  endfacet
  facet normal -0 0 -1
    outer loop
      vertex -11.9399 -7.97799 1.19
      vertex -12.4305 -8.30577 1.19
      vertex -12.3104 -7.39285 1.19
    endloop
  endfacet
  facet normal 0 0 -1
    outer loop
      vertex -12.823 -7.68582 1.19
      vertex -12.3104 -7.39285 1.19
      vertex -12.4305 -8.30577 1.19
    endloop
  endfacet
  facet normal -0 0 -1
    outer loop
      vertex -12.3104 -7.39285 1.19
      vertex -12.823 -7.68582 1.19
      vertex -12.317 -7.38251 1.19
    endloop
  endfacet
  facet normal -0 0 -1
    outer loop
      vertex -12.317 -7.38251 1.19
      vertex -12.823 -7.68582 1.19
      vertex -12.6584 -6.7799 1.19
    endloop
  endfacet
  facet normal 0 0 -1
    outer loop
      vertex -13.1847 -7.04738 1.19
      vertex -12.6584 -6.7799 1.19
      vertex -12.823 -7.68582 1.19
    endloop
  endfacet
  facet normal -0 0 -1
    outer loop
      vertex -12.6584 -6.7799 1.19
      vertex -13.1847 -7.04738 1.19
      vertex -12.6644 -6.76926 1.19
    endloop
  endfacet
  facet normal -0 0 -1
    outer loop
      vertex -12.6644 -6.76926 1.19
      vertex -13.1847 -7.04738 1.19
      vertex -12.9758 -6.15061 1.19
    endloop
  endfacet
  facet normal 0 0 -1
    outer loop
      vertex -13.5146 -6.39194 1.19
      vertex -12.9758 -6.15061 1.19
      vertex -13.1847 -7.04738 1.19
    endloop
  endfacet
  facet normal -0 0 -1
    outer loop
      vertex -12.9758 -6.15061 1.19
      vertex -13.5146 -6.39194 1.19
      vertex -12.9813 -6.13969 1.19
    endloop
  endfacet
  facet normal -0 0 -1
    outer loop
      vertex -12.9813 -6.13969 1.19
      vertex -13.5146 -6.39194 1.19
      vertex -12.9862 -6.12851 1.19
    endloop
  endfacet
  facet normal 0 0 -1
    outer loop
      vertex -13.812 -5.72112 1.19
      vertex -12.9862 -6.12851 1.19
      vertex -13.5146 -6.39194 1.19
    endloop
  endfacet
  facet normal 0 0 -1
    outer loop
      vertex -12.9862 -6.12851 1.19
      vertex -13.812 -5.72112 1.19
      vertex -13.2669 -5.49533 1.19
    endloop
  endfacet
  facet normal 0 0 -1
    outer loop
      vertex -13.8589 -5.59938 1.19
      vertex -13.2669 -5.49533 1.19
      vertex -13.812 -5.72112 1.19
    endloop
  endfacet
  facet normal -0 0 -1
    outer loop
      vertex -13.2669 -5.49533 1.19
      vertex -13.8589 -5.59938 1.19
      vertex -13.312 -5.37841 1.19
    endloop
  endfacet
  facet normal 0 1 0
    outer loop
      vertex -9.19984 -10.2175 5.65
      vertex -9.19985 -10.2175 4.45
      vertex -9.19985 -10.2175 5.65
    endloop
  endfacet
  facet normal 0 1 -0
    outer loop
      vertex -9.19984 -10.2175 1.2
      vertex -9.19985 -10.2175 4.45
      vertex -9.19984 -10.2175 5.65
    endloop
  endfacet
  facet normal 0.653203 0.757183 2.00986e-06
    outer loop
      vertex -9.19984 -10.2175 1.2
      vertex -9.23393 -10.1881 4.45
      vertex -9.19985 -10.2175 4.45
    endloop
  endfacet
  facet normal 0.653093 0.757277 0
    outer loop
      vertex -9.23393 -10.1881 4.45
      vertex -9.19984 -10.2175 1.2
      vertex -9.23393 -10.1881 1.2
    endloop
  endfacet
  facet normal 0.689551 0.724237 -0
    outer loop
      vertex -9.23393 -10.1881 1.2
      vertex -9.72272 -9.72272 4.45
      vertex -9.23393 -10.1881 4.45
    endloop
  endfacet
  facet normal 0.689551 0.724237 0
    outer loop
      vertex -9.72272 -9.72272 4.45
      vertex -9.23393 -10.1881 1.2
      vertex -9.72272 -9.72272 1.2
    endloop
  endfacet
  facet normal 0.724237 0.689551 0
    outer loop
      vertex -9.72272 -9.72272 4.45
      vertex -10.1881 -9.23393 1.2
      vertex -10.1881 -9.23393 4.45
    endloop
  endfacet
  facet normal 0.724237 0.689551 0
    outer loop
      vertex -10.1881 -9.23393 1.2
      vertex -9.72272 -9.72272 4.45
      vertex -9.72272 -9.72272 1.2
    endloop
  endfacet
  facet normal 0.757222 0.653158 0
    outer loop
      vertex -10.1881 -9.23393 4.45
      vertex -10.6289 -8.7229 1.2
      vertex -10.6289 -8.7229 4.45
    endloop
  endfacet
  facet normal 0.757222 0.653158 0
    outer loop
      vertex -10.6289 -8.7229 1.2
      vertex -10.1881 -9.23393 4.45
      vertex -10.1881 -9.23393 1.2
    endloop
  endfacet
  facet normal 0.788352 0.615224 0
    outer loop
      vertex -10.6289 -8.7229 4.45
      vertex -11.0441 -8.19086 1.2
      vertex -11.0441 -8.19086 4.45
    endloop
  endfacet
  facet normal 0.788352 0.615224 0
    outer loop
      vertex -11.0441 -8.19086 1.2
      vertex -10.6289 -8.7229 4.45
      vertex -10.6289 -8.7229 1.2
    endloop
  endfacet
  facet normal 0.81759 0.575801 0
    outer loop
      vertex -11.0441 -8.19086 4.45
      vertex -11.4327 -7.63908 1.2
      vertex -11.4327 -7.63908 4.45
    endloop
  endfacet
  facet normal 0.81759 0.575801 0
    outer loop
      vertex -11.4327 -7.63908 1.2
      vertex -11.0441 -8.19086 4.45
      vertex -11.0441 -8.19086 1.2
    endloop
  endfacet
  facet normal 0.844824 0.535044 0
    outer loop
      vertex -11.4327 -7.63908 4.45
      vertex -11.7938 -7.06891 1.2
      vertex -11.7938 -7.06891 4.45
    endloop
  endfacet
  facet normal 0.844824 0.535044 0
    outer loop
      vertex -11.7938 -7.06891 1.2
      vertex -11.4327 -7.63908 4.45
      vertex -11.4327 -7.63908 1.2
    endloop
  endfacet
  facet normal 0.870119 0.492842 0
    outer loop
      vertex -11.7938 -7.06891 4.45
      vertex -12.1264 -6.4817 1.2
      vertex -12.1264 -6.4817 4.45
    endloop
  endfacet
  facet normal 0.870119 0.492842 0
    outer loop
      vertex -12.1264 -6.4817 1.2
      vertex -11.7938 -7.06891 4.45
      vertex -11.7938 -7.06891 1.2
    endloop
  endfacet
  facet normal 0.893245 0.449571 0
    outer loop
      vertex -12.1264 -6.4817 4.45
      vertex -12.4298 -5.87888 1.2
      vertex -12.4298 -5.87888 4.45
    endloop
  endfacet
  facet normal 0.893245 0.449571 0
    outer loop
      vertex -12.4298 -5.87888 1.2
      vertex -12.1264 -6.4817 4.45
      vertex -12.1264 -6.4817 1.2
    endloop
  endfacet
  facet normal 0.914206 0.40525 0
    outer loop
      vertex -12.4298 -5.87888 4.45
      vertex -12.7033 -5.26189 1.2
      vertex -12.7033 -5.26189 4.45
    endloop
  endfacet
  facet normal 0.914206 0.40525 0
    outer loop
      vertex -12.7033 -5.26189 1.2
      vertex -12.4298 -5.87888 4.45
      vertex -12.4298 -5.87888 1.2
    endloop
  endfacet
  facet normal 0.932958 0.359984 0
    outer loop
      vertex -12.7033 -5.26189 4.45
      vertex -12.7465 -5.14993 1.2
      vertex -12.7465 -5.14993 4.45
    endloop
  endfacet
  facet normal 0.932958 0.359984 0
    outer loop
      vertex -12.7465 -5.14993 1.2
      vertex -12.7033 -5.26189 4.45
      vertex -12.7033 -5.26189 1.2
    endloop
  endfacet
  facet normal -0.373968 0.927441 0
    outer loop
      vertex -12.7465 -5.14993 4.45
      vertex -12.7465 -5.14993 1.2
      vertex -12.7558 -5.15368 4.45
    endloop
  endfacet
  facet normal -0.37462 0.927178 0
    outer loop
      vertex -12.7558 -5.15368 4.45
      vertex -13.8589 -5.59938 5.65
      vertex -12.7558 -5.15368 5.65
    endloop
  endfacet
  facet normal -0.374622 0.927178 -2.17426e-06
    outer loop
      vertex -13.3027 -5.37466 1.2
      vertex -12.7558 -5.15368 4.45
      vertex -12.7465 -5.14993 1.2
    endloop
  endfacet
  facet normal -0.374607 0.927184 -4.99456e-06
    outer loop
      vertex -13.8589 -5.59938 1.19
      vertex -12.7558 -5.15368 4.45
      vertex -13.3027 -5.37466 1.2
    endloop
  endfacet
  facet normal -0.374618 0.927179 0.000702886
    outer loop
      vertex -13.8589 -5.59938 1.19
      vertex -13.3027 -5.37466 1.2
      vertex -13.312 -5.37841 1.19
    endloop
  endfacet
  facet normal -0.37462 0.927178 0
    outer loop
      vertex -12.7558 -5.15368 4.45
      vertex -13.8589 -5.59938 1.19
      vertex -13.8589 -5.59938 5.65
    endloop
  endfacet
  facet normal -0.933148 -0.359493 0
    outer loop
      vertex -13.812 -5.72112 1.19
      vertex -13.8589 -5.59938 5.65
      vertex -13.8589 -5.59938 1.19
    endloop
  endfacet
  facet normal -0.933148 -0.359493 0
    outer loop
      vertex -13.8589 -5.59938 5.65
      vertex -13.812 -5.72112 1.19
      vertex -13.812 -5.72112 5.65
    endloop
  endfacet
  facet normal -0.914187 -0.405294 0
    outer loop
      vertex -13.5146 -6.39194 1.19
      vertex -13.812 -5.72112 5.65
      vertex -13.812 -5.72112 1.19
    endloop
  endfacet
  facet normal -0.914187 -0.405294 0
    outer loop
      vertex -13.812 -5.72112 5.65
      vertex -13.5146 -6.39194 1.19
      vertex -13.5146 -6.39194 5.65
    endloop
  endfacet
  facet normal -0.893236 -0.449589 0
    outer loop
      vertex -13.1847 -7.04738 1.19
      vertex -13.5146 -6.39194 5.65
      vertex -13.5146 -6.39194 1.19
    endloop
  endfacet
  facet normal -0.893236 -0.449589 0
    outer loop
      vertex -13.5146 -6.39194 5.65
      vertex -13.1847 -7.04738 1.19
      vertex -13.1847 -7.04738 5.65
    endloop
  endfacet
  facet normal -0.870071 -0.492927 0
    outer loop
      vertex -12.823 -7.68582 1.19
      vertex -13.1847 -7.04738 5.65
      vertex -13.1847 -7.04738 1.19
    endloop
  endfacet
  facet normal -0.870071 -0.492927 0
    outer loop
      vertex -13.1847 -7.04738 5.65
      vertex -12.823 -7.68582 1.19
      vertex -12.823 -7.68582 5.65
    endloop
  endfacet
  facet normal -0.844902 -0.534921 0
    outer loop
      vertex -12.4305 -8.30577 1.19
      vertex -12.823 -7.68582 5.65
      vertex -12.823 -7.68582 1.19
    endloop
  endfacet
  facet normal -0.844902 -0.534921 0
    outer loop
      vertex -12.823 -7.68582 5.65
      vertex -12.4305 -8.30577 1.19
      vertex -12.4305 -8.30577 5.65
    endloop
  endfacet
  facet normal -0.817532 -0.575883 0
    outer loop
      vertex -12.0079 -8.9057 1.19
      vertex -12.4305 -8.30577 5.65
      vertex -12.4305 -8.30577 1.19
    endloop
  endfacet
  facet normal -0.817532 -0.575883 0
    outer loop
      vertex -12.4305 -8.30577 5.65
      vertex -12.0079 -8.9057 1.19
      vertex -12.0079 -8.9057 5.65
    endloop
  endfacet
  facet normal -0.78838 -0.615189 0
    outer loop
      vertex -11.5565 -9.48418 1.19
      vertex -12.0079 -8.9057 5.65
      vertex -12.0079 -8.9057 1.19
    endloop
  endfacet
  facet normal -0.78838 -0.615189 0
    outer loop
      vertex -12.0079 -8.9057 5.65
      vertex -11.5565 -9.48418 1.19
      vertex -11.5565 -9.48418 5.65
    endloop
  endfacet
  facet normal -0.757196 -0.653188 0
    outer loop
      vertex -11.0772 -10.0398 1.19
      vertex -11.5565 -9.48418 5.65
      vertex -11.5565 -9.48418 1.19
    endloop
  endfacet
  facet normal -0.757196 -0.653188 0
    outer loop
      vertex -11.5565 -9.48418 5.65
      vertex -11.0772 -10.0398 1.19
      vertex -11.0772 -10.0398 5.65
    endloop
  endfacet
  facet normal -0.724203 -0.689587 0
    outer loop
      vertex -10.5712 -10.5712 1.19
      vertex -11.0772 -10.0398 5.65
      vertex -11.0772 -10.0398 1.19
    endloop
  endfacet
  facet normal -0.724203 -0.689587 0
    outer loop
      vertex -11.0772 -10.0398 5.65
      vertex -10.5712 -10.5712 1.19
      vertex -10.5712 -10.5712 5.65
    endloop
  endfacet
  facet normal -0.689587 -0.724203 0
    outer loop
      vertex -10.5712 -10.5712 1.19
      vertex -10.0398 -11.0772 5.65
      vertex -10.5712 -10.5712 5.65
    endloop
  endfacet
  facet normal -0.689587 -0.724203 -0
    outer loop
      vertex -10.0398 -11.0772 5.65
      vertex -10.5712 -10.5712 1.19
      vertex -10.0398 -11.0772 1.19
    endloop
  endfacet
  facet normal -0.653141 -0.757236 0
    outer loop
      vertex -10.0398 -11.0772 1.19
      vertex -10.0027 -11.1092 5.65
      vertex -10.0398 -11.0772 5.65
    endloop
  endfacet
  facet normal -0.653141 -0.757236 -0
    outer loop
      vertex -10.0027 -11.1092 5.65
      vertex -10.0398 -11.0772 1.19
      vertex -10.0027 -11.1092 1.19
    endloop
  endfacet
  facet normal 0.743095 -0.669186 0
    outer loop
      vertex -9.19984 -10.2175 5.65
      vertex -9.6013 -10.6633 1.2
      vertex -9.19984 -10.2175 1.2
    endloop
  endfacet
  facet normal 0.743157 -0.669117 -1.25282e-05
    outer loop
      vertex -10.0027 -11.1092 5.65
      vertex -9.6013 -10.6633 1.2
      vertex -9.19984 -10.2175 5.65
    endloop
  endfacet
  facet normal 0.74322 -0.669048 0
    outer loop
      vertex -10.0027 -11.1092 1.19
      vertex -9.6013 -10.6633 1.2
      vertex -10.0027 -11.1092 5.65
    endloop
  endfacet
  facet normal 0.74316 -0.669098 0.00464966
    outer loop
      vertex -9.6013 -10.6633 1.2
      vertex -10.0027 -11.1092 1.19
      vertex -9.60799 -10.6708 1.19
    endloop
  endfacet
  facet normal 0 0 -1
    outer loop
      vertex -9.19985 -10.2175 4.45
      vertex -8.69669 -9.59531 4.45
      vertex -8.66458 -9.623 4.45
    endloop
  endfacet
  facet normal 0 0 -1
    outer loop
      vertex -9.23393 -10.1881 4.45
      vertex -8.69669 -9.59531 4.45
      vertex -9.19985 -10.2175 4.45
    endloop
  endfacet
  facet normal -0 0 -1
    outer loop
      vertex -8.69669 -9.59531 4.45
      vertex -9.23393 -10.1881 4.45
      vertex -9.15703 -9.15703 4.45
    endloop
  endfacet
  facet normal 0 0 -1
    outer loop
      vertex -9.72272 -9.72272 4.45
      vertex -9.15703 -9.15703 4.45
      vertex -9.23393 -10.1881 4.45
    endloop
  endfacet
  facet normal -0 0 -1
    outer loop
      vertex -9.15703 -9.15703 4.45
      vertex -9.72272 -9.72272 4.45
      vertex -9.59531 -8.69669 4.45
    endloop
  endfacet
  facet normal 0 0 -1
    outer loop
      vertex -10.1881 -9.23393 4.45
      vertex -9.59531 -8.69669 4.45
      vertex -9.72272 -9.72272 4.45
    endloop
  endfacet
  facet normal -0 0 -1
    outer loop
      vertex -9.59531 -8.69669 4.45
      vertex -10.1881 -9.23393 4.45
      vertex -10.0105 -8.21538 4.45
    endloop
  endfacet
  facet normal 0 0 -1
    outer loop
      vertex -10.6289 -8.7229 4.45
      vertex -10.0105 -8.21538 4.45
      vertex -10.1881 -9.23393 4.45
    endloop
  endfacet
  facet normal -0 0 -1
    outer loop
      vertex -10.0105 -8.21538 4.45
      vertex -10.6289 -8.7229 4.45
      vertex -10.4015 -7.71429 4.45
    endloop
  endfacet
  facet normal 0 0 -1
    outer loop
      vertex -11.0441 -8.19086 4.45
      vertex -10.4015 -7.71429 4.45
      vertex -10.6289 -8.7229 4.45
    endloop
  endfacet
  facet normal -0 0 -1
    outer loop
      vertex -10.4015 -7.71429 4.45
      vertex -11.0441 -8.19086 4.45
      vertex -10.7675 -7.19463 4.45
    endloop
  endfacet
  facet normal 0 0 -1
    outer loop
      vertex -11.4327 -7.63908 4.45
      vertex -10.7675 -7.19463 4.45
      vertex -11.0441 -8.19086 4.45
    endloop
  endfacet
  facet normal -0 0 -1
    outer loop
      vertex -10.7675 -7.19463 4.45
      vertex -11.4327 -7.63908 4.45
      vertex -11.1076 -6.65762 4.45
    endloop
  endfacet
  facet normal 0 0 -1
    outer loop
      vertex -11.7938 -7.06891 4.45
      vertex -11.1076 -6.65762 4.45
      vertex -11.4327 -7.63908 4.45
    endloop
  endfacet
  facet normal -0 0 -1
    outer loop
      vertex -11.1076 -6.65762 4.45
      vertex -11.7938 -7.06891 4.45
      vertex -11.4209 -6.10458 4.45
    endloop
  endfacet
  facet normal 0 0 -1
    outer loop
      vertex -12.1264 -6.4817 4.45
      vertex -11.4209 -6.10458 4.45
      vertex -11.7938 -7.06891 4.45
    endloop
  endfacet
  facet normal -0 0 -1
    outer loop
      vertex -11.4209 -6.10458 4.45
      vertex -12.1264 -6.4817 4.45
      vertex -11.7066 -5.53683 4.45
    endloop
  endfacet
  facet normal 0 0 -1
    outer loop
      vertex -12.4298 -5.87888 4.45
      vertex -11.7066 -5.53683 4.45
      vertex -12.1264 -6.4817 4.45
    endloop
  endfacet
  facet normal -0 0 -1
    outer loop
      vertex -11.7066 -5.53683 4.45
      vertex -12.4298 -5.87888 4.45
      vertex -11.9642 -4.95575 4.45
    endloop
  endfacet
  facet normal 0 0 -1
    outer loop
      vertex -12.7033 -5.26189 4.45
      vertex -11.9642 -4.95575 4.45
      vertex -12.4298 -5.87888 4.45
    endloop
  endfacet
  facet normal 0 0 -1
    outer loop
      vertex -12.7465 -5.14993 4.45
      vertex -11.9642 -4.95575 4.45
      vertex -12.7033 -5.26189 4.45
    endloop
  endfacet
  facet normal -0 0 -1
    outer loop
      vertex -11.9642 -4.95575 4.45
      vertex -12.7465 -5.14993 4.45
      vertex -12.0049 -4.8503 4.45
    endloop
  endfacet
  facet normal 0 0 -1
    outer loop
      vertex -12.7558 -5.15367 4.45
      vertex -12.7465 -5.14993 4.45
      vertex -12.7558 -5.15368 4.45
    endloop
  endfacet
  facet normal -0 0 -1
    outer loop
      vertex -12.7465 -5.14993 4.45
      vertex -12.7558 -5.15367 4.45
      vertex -12.0049 -4.8503 4.45
    endloop
  endfacet
  facet normal 0.653061 0.757305 -0
    outer loop
      vertex -8.66458 -9.623 4.45
      vertex -8.69669 -9.59531 5.65
      vertex -8.66458 -9.623 5.65
    endloop
  endfacet
  facet normal 0.653061 0.757305 0
    outer loop
      vertex -8.69669 -9.59531 5.65
      vertex -8.66458 -9.623 4.45
      vertex -8.69669 -9.59531 4.45
    endloop
  endfacet
  facet normal 0.68954 0.724247 -0
    outer loop
      vertex -8.69669 -9.59531 4.45
      vertex -9.15703 -9.15703 5.65
      vertex -8.69669 -9.59531 5.65
    endloop
  endfacet
  facet normal 0.68954 0.724247 0
    outer loop
      vertex -9.15703 -9.15703 5.65
      vertex -8.69669 -9.59531 4.45
      vertex -9.15703 -9.15703 4.45
    endloop
  endfacet
  facet normal 0.724247 0.68954 0
    outer loop
      vertex -9.15703 -9.15703 5.65
      vertex -9.59531 -8.69669 4.45
      vertex -9.59531 -8.69669 5.65
    endloop
  endfacet
  facet normal 0.724247 0.68954 0
    outer loop
      vertex -9.59531 -8.69669 4.45
      vertex -9.15703 -9.15703 5.65
      vertex -9.15703 -9.15703 4.45
    endloop
  endfacet
  facet normal 0.757202 0.653181 0
    outer loop
      vertex -9.59531 -8.69669 5.65
      vertex -10.0105 -8.21538 4.45
      vertex -10.0105 -8.21538 5.65
    endloop
  endfacet
  facet normal 0.757202 0.653181 0
    outer loop
      vertex -10.0105 -8.21538 4.45
      vertex -9.59531 -8.69669 5.65
      vertex -9.59531 -8.69669 4.45
    endloop
  endfacet
  facet normal 0.788388 0.615178 0
    outer loop
      vertex -10.0105 -8.21538 5.65
      vertex -10.4015 -7.71429 4.45
      vertex -10.4015 -7.71429 5.65
    endloop
  endfacet
  facet normal 0.788388 0.615178 0
    outer loop
      vertex -10.4015 -7.71429 4.45
      vertex -10.0105 -8.21538 5.65
      vertex -10.0105 -8.21538 4.45
    endloop
  endfacet
  facet normal 0.817574 0.575823 0
    outer loop
      vertex -10.4015 -7.71429 5.65
      vertex -10.7675 -7.19463 4.45
      vertex -10.7675 -7.19463 5.65
    endloop
  endfacet
  facet normal 0.817574 0.575823 0
    outer loop
      vertex -10.7675 -7.19463 4.45
      vertex -10.4015 -7.71429 5.65
      vertex -10.4015 -7.71429 4.45
    endloop
  endfacet
  facet normal 0.844824 0.535045 0
    outer loop
      vertex -10.7675 -7.19463 5.65
      vertex -11.1076 -6.65762 4.45
      vertex -11.1076 -6.65762 5.65
    endloop
  endfacet
  facet normal 0.844824 0.535045 0
    outer loop
      vertex -11.1076 -6.65762 4.45
      vertex -10.7675 -7.19463 5.65
      vertex -10.7675 -7.19463 4.45
    endloop
  endfacet
  facet normal 0.870082 0.492906 0
    outer loop
      vertex -11.1076 -6.65762 5.65
      vertex -11.4209 -6.10458 4.45
      vertex -11.4209 -6.10458 5.65
    endloop
  endfacet
  facet normal 0.870082 0.492906 0
    outer loop
      vertex -11.4209 -6.10458 4.45
      vertex -11.1076 -6.65762 5.65
      vertex -11.1076 -6.65762 4.45
    endloop
  endfacet
  facet normal 0.893276 0.449509 0
    outer loop
      vertex -11.4209 -6.10458 5.65
      vertex -11.7066 -5.53683 4.45
      vertex -11.7066 -5.53683 5.65
    endloop
  endfacet
  facet normal 0.893276 0.449509 0
    outer loop
      vertex -11.7066 -5.53683 4.45
      vertex -11.4209 -6.10458 5.65
      vertex -11.4209 -6.10458 4.45
    endloop
  endfacet
  facet normal 0.914195 0.405274 0
    outer loop
      vertex -11.7066 -5.53683 5.65
      vertex -11.9642 -4.95575 4.45
      vertex -11.9642 -4.95575 5.65
    endloop
  endfacet
  facet normal 0.914195 0.405274 0
    outer loop
      vertex -11.9642 -4.95575 4.45
      vertex -11.7066 -5.53683 5.65
      vertex -11.7066 -5.53683 4.45
    endloop
  endfacet
  facet normal 0.932923 0.360076 0
    outer loop
      vertex -11.9642 -4.95575 5.65
      vertex -12.0049 -4.8503 4.45
      vertex -12.0049 -4.8503 5.65
    endloop
  endfacet
  facet normal 0.932923 0.360076 0
    outer loop
      vertex -12.0049 -4.8503 4.45
      vertex -11.9642 -4.95575 5.65
      vertex -11.9642 -4.95575 4.45
    endloop
  endfacet
  facet normal -0.374592 0.92719 0
    outer loop
      vertex -12.0049 -4.8503 4.45
      vertex -12.7558 -5.15367 5.65
      vertex -12.0049 -4.8503 5.65
    endloop
  endfacet
  facet normal -0.374592 0.92719 0
    outer loop
      vertex -12.7558 -5.15367 5.65
      vertex -12.0049 -4.8503 4.45
      vertex -12.7558 -5.15367 4.45
    endloop
  endfacet
  facet normal -1 0 0
    outer loop
      vertex -12.7558 -5.15368 4.45
      vertex -12.7558 -5.15367 5.65
      vertex -12.7558 -5.15367 4.45
    endloop
  endfacet
  facet normal -1 -0 0
    outer loop
      vertex -12.7558 -5.15367 5.65
      vertex -12.7558 -5.15368 4.45
      vertex -12.7558 -5.15368 5.65
    endloop
  endfacet
  facet normal 0.743157 -0.669117 0
    outer loop
      vertex -9.19985 -10.2175 5.65
      vertex -8.66458 -9.623 4.45
      vertex -8.66458 -9.623 5.65
    endloop
  endfacet
  facet normal 0.743157 -0.669117 0
    outer loop
      vertex -8.66458 -9.623 4.45
      vertex -9.19985 -10.2175 5.65
      vertex -9.19985 -10.2175 4.45
    endloop
  endfacet
endsolid OpenSCAD_Model
