solid OpenSCAD_Model
  facet normal -0.997291 -0.0735537 0
    outer loop
      vertex 5.89289 7.1395 0
      vertex 5.87159 7.4283 0.39
      vertex 5.87159 7.4283 0
    endloop
  endfacet
  facet normal -0.997291 -0.0735537 0
    outer loop
      vertex 5.87159 7.4283 0.39
      vertex 5.89289 7.1395 0
      vertex 5.89289 7.1395 0.39
    endloop
  endfacet
  facet normal -0.999699 -0.0245522 0
    outer loop
      vertex 5.9 6.85 0
      vertex 5.89289 7.1395 0.39
      vertex 5.89289 7.1395 0
    endloop
  endfacet
  facet normal -0.999699 -0.0245522 0
    outer loop
      vertex 5.89289 7.1395 0.39
      vertex 5.9 6.85 0
      vertex 5.9 6.85 0.39
    endloop
  endfacet
  facet normal -0.992479 -0.122415 0
    outer loop
      vertex 5.87159 7.4283 0
      vertex 5.83614 7.71571 0.39
      vertex 5.83614 7.71571 0
    endloop
  endfacet
  facet normal -0.992479 -0.122415 0
    outer loop
      vertex 5.83614 7.71571 0.39
      vertex 5.87159 7.4283 0
      vertex 5.87159 7.4283 0.39
    endloop
  endfacet
  facet normal 0.359835 -0.933016 0
    outer loop
      vertex -2.25783 12.3009 0
      vertex -1.98765 12.4051 0.39
      vertex -2.25783 12.3009 0.39
    endloop
  endfacet
  facet normal 0.359835 -0.933016 0
    outer loop
      vertex -1.98765 12.4051 0.39
      vertex -2.25783 12.3009 0
      vertex -1.98765 12.4051 0
    endloop
  endfacet
  facet normal -0.0735635 0.997291 0
    outer loop
      vertex 0.5783 0.97841 0
      vertex 0.289498 0.957107 0.39
      vertex 0.5783 0.97841 0.39
    endloop
  endfacet
  facet normal -0.0735635 0.997291 0
    outer loop
      vertex 0.289498 0.957107 0.39
      vertex 0.5783 0.97841 0
      vertex 0.289498 0.957107 0
    endloop
  endfacet
  facet normal -0.757242 -0.653134 0
    outer loop
      vertex 4.56076 10.5929 0
      vertex 4.37161 10.8122 0.39
      vertex 4.37161 10.8122 0
    endloop
  endfacet
  facet normal -0.757242 -0.653134 0
    outer loop
      vertex 4.37161 10.8122 0.39
      vertex 4.56076 10.5929 0
      vertex 4.56076 10.5929 0.39
    endloop
  endfacet
  facet normal -0.405382 -0.914147 0
    outer loop
      vertex 2.25783 12.3009 0
      vertex 2.52257 12.1835 0.39
      vertex 2.25783 12.3009 0.39
    endloop
  endfacet
  facet normal -0.405382 -0.914147 -0
    outer loop
      vertex 2.52257 12.1835 0.39
      vertex 2.25783 12.3009 0
      vertex 2.52257 12.1835 0
    endloop
  endfacet
  facet normal -0.870101 -0.492874 0
    outer loop
      vertex 5.20333 9.63124 0
      vertex 5.0606 9.88321 0.39
      vertex 5.0606 9.88321 0
    endloop
  endfacet
  facet normal -0.870101 -0.492874 0
    outer loop
      vertex 5.0606 9.88321 0.39
      vertex 5.20333 9.63124 0
      vertex 5.20333 9.63124 0.39
    endloop
  endfacet
  facet normal 0.999699 -0.0245522 0
    outer loop
      vertex -5.9 6.85 0.39
      vertex -5.89289 7.1395 0
      vertex -5.89289 7.1395 0.39
    endloop
  endfacet
  facet normal 0.999699 -0.0245522 0
    outer loop
      vertex -5.89289 7.1395 0
      vertex -5.9 6.85 0.39
      vertex -5.9 6.85 0
    endloop
  endfacet
  facet normal -0.844842 0.535015 0
    outer loop
      vertex 4.90567 3.57214 0
      vertex 5.0606 3.81679 0.39
      vertex 5.0606 3.81679 0
    endloop
  endfacet
  facet normal -0.844842 0.535015 0
    outer loop
      vertex 5.0606 3.81679 0.39
      vertex 4.90567 3.57214 0
      vertex 4.90567 3.57214 0.39
    endloop
  endfacet
  facet normal -0.914211 -0.405238 0
    outer loop
      vertex 5.45089 9.10783 0
      vertex 5.33354 9.37257 0.39
      vertex 5.33354 9.37257 0
    endloop
  endfacet
  facet normal -0.914211 -0.405238 0
    outer loop
      vertex 5.33354 9.37257 0.39
      vertex 5.45089 9.10783 0
      vertex 5.45089 9.10783 0.39
    endloop
  endfacet
  facet normal -0.653267 -0.757127 0
    outer loop
      vertex 3.74292 11.4108 0
      vertex 3.9622 11.2216 0.39
      vertex 3.74292 11.4108 0.39
    endloop
  endfacet
  facet normal -0.653267 -0.757127 -0
    outer loop
      vertex 3.9622 11.2216 0.39
      vertex 3.74292 11.4108 0
      vertex 3.9622 11.2216 0
    endloop
  endfacet
  facet normal -0.975701 -0.219105 0
    outer loop
      vertex 5.78663 8.00103 0
      vertex 5.72318 8.28358 0.39
      vertex 5.72318 8.28358 0
    endloop
  endfacet
  facet normal -0.975701 -0.219105 0
    outer loop
      vertex 5.72318 8.28358 0.39
      vertex 5.78663 8.00103 0
      vertex 5.78663 8.00103 0.39
    endloop
  endfacet
  facet normal 0.932993 -0.359895 0
    outer loop
      vertex -5.55511 8.83765 0.39
      vertex -5.45089 9.10783 0
      vertex -5.45089 9.10783 0.39
    endloop
  endfacet
  facet normal 0.932993 -0.359895 0
    outer loop
      vertex -5.45089 9.10783 0
      vertex -5.55511 8.83765 0.39
      vertex -5.55511 8.83765 0
    endloop
  endfacet
  facet normal 0.893215 0.449629 0
    outer loop
      vertex -5.20333 4.06876 0.39
      vertex -5.33354 4.32743 0
      vertex -5.33354 4.32743 0.39
    endloop
  endfacet
  facet normal 0.893215 0.449629 0
    outer loop
      vertex -5.33354 4.32743 0
      vertex -5.20333 4.06876 0.39
      vertex -5.20333 4.06876 0
    endloop
  endfacet
  facet normal -0.219105 0.975701 0
    outer loop
      vertex 1.43358 1.12682 0
      vertex 1.15103 1.06337 0.39
      vertex 1.43358 1.12682 0.39
    endloop
  endfacet
  facet normal -0.219105 0.975701 0
    outer loop
      vertex 1.15103 1.06337 0.39
      vertex 1.43358 1.12682 0
      vertex 1.15103 1.06337 0
    endloop
  endfacet
  facet normal -0.985276 -0.17097 0
    outer loop
      vertex 5.83614 7.71571 0
      vertex 5.78663 8.00103 0.39
      vertex 5.78663 8.00103 0
    endloop
  endfacet
  facet normal -0.985276 -0.17097 0
    outer loop
      vertex 5.78663 8.00103 0.39
      vertex 5.83614 7.71571 0
      vertex 5.83614 7.71571 0.39
    endloop
  endfacet
  facet normal 0.992479 0.122415 0
    outer loop
      vertex -5.83614 5.98429 0.39
      vertex -5.87159 6.2717 0
      vertex -5.87159 6.2717 0.39
    endloop
  endfacet
  facet normal 0.992479 0.122415 0
    outer loop
      vertex -5.87159 6.2717 0
      vertex -5.83614 5.98429 0.39
      vertex -5.83614 5.98429 0
    endloop
  endfacet
  facet normal -0.985276 0.17097 0
    outer loop
      vertex 5.78663 5.69897 0
      vertex 5.83614 5.98429 0.39
      vertex 5.83614 5.98429 0
    endloop
  endfacet
  facet normal -0.985276 0.17097 0
    outer loop
      vertex 5.83614 5.98429 0.39
      vertex 5.78663 5.69897 0
      vertex 5.78663 5.69897 0.39
    endloop
  endfacet
  facet normal 0.932993 0.359895 0
    outer loop
      vertex -5.45089 4.59217 0.39
      vertex -5.55511 4.86235 0
      vertex -5.55511 4.86235 0.39
    endloop
  endfacet
  facet normal 0.932993 0.359895 0
    outer loop
      vertex -5.55511 4.86235 0
      vertex -5.45089 4.59217 0.39
      vertex -5.45089 4.59217 0
    endloop
  endfacet
  facet normal -0.893215 0.449629 0
    outer loop
      vertex 5.20333 4.06876 0
      vertex 5.33354 4.32743 0.39
      vertex 5.33354 4.32743 0
    endloop
  endfacet
  facet normal -0.893215 0.449629 0
    outer loop
      vertex 5.33354 4.32743 0.39
      vertex 5.20333 4.06876 0
      vertex 5.20333 4.06876 0.39
    endloop
  endfacet
  facet normal 0.653168 0.757213 -0
    outer loop
      vertex -3.74292 2.28924 0
      vertex -3.9622 2.47839 0.39
      vertex -3.74292 2.28924 0.39
    endloop
  endfacet
  facet normal 0.653168 0.757213 0
    outer loop
      vertex -3.9622 2.47839 0.39
      vertex -3.74292 2.28924 0
      vertex -3.9622 2.47839 0
    endloop
  endfacet
  facet normal 0.0245178 -0.999699 0
    outer loop
      vertex -0.289498 12.7429 0
      vertex 0 12.75 0.39
      vertex -0.289498 12.7429 0.39
    endloop
  endfacet
  facet normal 0.0245178 -0.999699 0
    outer loop
      vertex 0 12.75 0.39
      vertex -0.289498 12.7429 0
      vertex 0 12.75 0
    endloop
  endfacet
  facet normal -0.949526 -0.313689 0
    outer loop
      vertex 5.64595 8.56268 0
      vertex 5.55511 8.83765 0.39
      vertex 5.55511 8.83765 0
    endloop
  endfacet
  facet normal -0.949526 -0.313689 0
    outer loop
      vertex 5.55511 8.83765 0.39
      vertex 5.64595 8.56268 0
      vertex 5.64595 8.56268 0.39
    endloop
  endfacet
  facet normal -0.914211 0.405238 0
    outer loop
      vertex 5.33354 4.32743 0
      vertex 5.45089 4.59217 0.39
      vertex 5.45089 4.59217 0
    endloop
  endfacet
  facet normal -0.914211 0.405238 0
    outer loop
      vertex 5.45089 4.59217 0.39
      vertex 5.33354 4.32743 0
      vertex 5.33354 4.32743 0.39
    endloop
  endfacet
  facet normal -0.757213 0.653168 0
    outer loop
      vertex 4.37161 2.8878 0
      vertex 4.56076 3.10708 0.39
      vertex 4.56076 3.10708 0
    endloop
  endfacet
  facet normal -0.757213 0.653168 0
    outer loop
      vertex 4.56076 3.10708 0.39
      vertex 4.37161 2.8878 0
      vertex 4.37161 2.8878 0.39
    endloop
  endfacet
  facet normal -0.949526 0.313689 0
    outer loop
      vertex 5.55511 4.86235 0
      vertex 5.64595 5.13732 0.39
      vertex 5.64595 5.13732 0
    endloop
  endfacet
  facet normal -0.949526 0.313689 0
    outer loop
      vertex 5.64595 5.13732 0.39
      vertex 5.55511 4.86235 0
      vertex 5.55511 4.86235 0.39
    endloop
  endfacet
  facet normal -0.535015 0.844842 0
    outer loop
      vertex 3.27786 1.94433 0
      vertex 3.03321 1.7894 0.39
      vertex 3.27786 1.94433 0.39
    endloop
  endfacet
  facet normal -0.535015 0.844842 0
    outer loop
      vertex 3.03321 1.7894 0.39
      vertex 3.27786 1.94433 0
      vertex 3.03321 1.7894 0
    endloop
  endfacet
  facet normal 0.949526 -0.313689 0
    outer loop
      vertex -5.64595 8.56268 0.39
      vertex -5.55511 8.83765 0
      vertex -5.55511 8.83765 0.39
    endloop
  endfacet
  facet normal 0.949526 -0.313689 0
    outer loop
      vertex -5.55511 8.83765 0
      vertex -5.64595 8.56268 0.39
      vertex -5.64595 8.56268 0
    endloop
  endfacet
  facet normal 0.122416 0.992479 -0
    outer loop
      vertex -0.5783 0.97841 0
      vertex -0.865709 1.01386 0.39
      vertex -0.5783 0.97841 0.39
    endloop
  endfacet
  facet normal 0.122416 0.992479 0
    outer loop
      vertex -0.865709 1.01386 0.39
      vertex -0.5783 0.97841 0
      vertex -0.865709 1.01386 0
    endloop
  endfacet
  facet normal -0.0245178 -0.999699 0
    outer loop
      vertex 0 12.75 0
      vertex 0.289498 12.7429 0.39
      vertex 0 12.75 0.39
    endloop
  endfacet
  facet normal -0.0245178 -0.999699 -0
    outer loop
      vertex 0.289498 12.7429 0.39
      vertex 0 12.75 0
      vertex 0.289498 12.7429 0
    endloop
  endfacet
  facet normal -0.870101 0.492874 0
    outer loop
      vertex 5.0606 3.81679 0
      vertex 5.20333 4.06876 0.39
      vertex 5.20333 4.06876 0
    endloop
  endfacet
  facet normal -0.870101 0.492874 0
    outer loop
      vertex 5.20333 4.06876 0.39
      vertex 5.0606 3.81679 0
      vertex 5.0606 3.81679 0.39
    endloop
  endfacet
  facet normal 0.817508 -0.575917 0
    outer loop
      vertex -4.90567 10.1279 0.39
      vertex -4.73892 10.3646 0
      vertex -4.73892 10.3646 0.39
    endloop
  endfacet
  facet normal 0.817508 -0.575917 0
    outer loop
      vertex -4.73892 10.3646 0
      vertex -4.90567 10.1279 0.39
      vertex -4.90567 10.1279 0
    endloop
  endfacet
  facet normal 0.266689 0.963783 -0
    outer loop
      vertex -1.43358 1.12682 0
      vertex -1.71268 1.20405 0.39
      vertex -1.43358 1.12682 0.39
    endloop
  endfacet
  facet normal 0.266689 0.963783 0
    outer loop
      vertex -1.71268 1.20405 0.39
      vertex -1.43358 1.12682 0
      vertex -1.71268 1.20405 0
    endloop
  endfacet
  facet normal -0.653168 0.757213 0
    outer loop
      vertex 3.9622 2.47839 0
      vertex 3.74292 2.28924 0.39
      vertex 3.9622 2.47839 0.39
    endloop
  endfacet
  facet normal -0.653168 0.757213 0
    outer loop
      vertex 3.74292 2.28924 0.39
      vertex 3.9622 2.47839 0
      vertex 3.74292 2.28924 0
    endloop
  endfacet
  facet normal -0.724197 -0.689593 0
    outer loop
      vertex 4.37161 10.8122 0
      vertex 4.17193 11.0219 0.39
      vertex 4.17193 11.0219 0
    endloop
  endfacet
  facet normal -0.724197 -0.689593 0
    outer loop
      vertex 4.17193 11.0219 0.39
      vertex 4.37161 10.8122 0
      vertex 4.37161 10.8122 0.39
    endloop
  endfacet
  facet normal 0.949526 0.313689 0
    outer loop
      vertex -5.55511 4.86235 0.39
      vertex -5.64595 5.13732 0
      vertex -5.64595 5.13732 0.39
    endloop
  endfacet
  facet normal 0.949526 0.313689 0
    outer loop
      vertex -5.64595 5.13732 0
      vertex -5.55511 4.86235 0.39
      vertex -5.55511 4.86235 0
    endloop
  endfacet
  facet normal -0.024542 0.999699 0
    outer loop
      vertex 0.289498 0.957107 0
      vertex 0 0.95 0.39
      vertex 0.289498 0.957107 0.39
    endloop
  endfacet
  facet normal -0.024542 0.999699 0
    outer loop
      vertex 0 0.95 0.39
      vertex 0.289498 0.957107 0
      vertex 0 0.95 0
    endloop
  endfacet
  facet normal -0.170969 0.985276 0
    outer loop
      vertex 1.15103 1.06337 0
      vertex 0.865709 1.01386 0.39
      vertex 1.15103 1.06337 0.39
    endloop
  endfacet
  facet normal -0.170969 0.985276 0
    outer loop
      vertex 0.865709 1.01386 0.39
      vertex 1.15103 1.06337 0
      vertex 0.865709 1.01386 0
    endloop
  endfacet
  facet normal 0.992479 -0.122415 0
    outer loop
      vertex -5.87159 7.4283 0.39
      vertex -5.83614 7.71571 0
      vertex -5.83614 7.71571 0.39
    endloop
  endfacet
  facet normal 0.992479 -0.122415 0
    outer loop
      vertex -5.83614 7.71571 0
      vertex -5.87159 7.4283 0.39
      vertex -5.87159 7.4283 0
    endloop
  endfacet
  facet normal -0.266689 0.963783 0
    outer loop
      vertex 1.71268 1.20405 0
      vertex 1.43358 1.12682 0.39
      vertex 1.71268 1.20405 0.39
    endloop
  endfacet
  facet normal -0.266689 0.963783 0
    outer loop
      vertex 1.43358 1.12682 0.39
      vertex 1.71268 1.20405 0
      vertex 1.43358 1.12682 0
    endloop
  endfacet
  facet normal 0.359895 0.932993 -0
    outer loop
      vertex -1.98765 1.29489 0
      vertex -2.25783 1.39911 0.39
      vertex -1.98765 1.29489 0.39
    endloop
  endfacet
  facet normal 0.359895 0.932993 0
    outer loop
      vertex -2.25783 1.39911 0.39
      vertex -1.98765 1.29489 0
      vertex -2.25783 1.39911 0
    endloop
  endfacet
  facet normal 0.757213 0.653168 0
    outer loop
      vertex -4.37161 2.8878 0.39
      vertex -4.56076 3.10708 0
      vertex -4.56076 3.10708 0.39
    endloop
  endfacet
  facet normal 0.757213 0.653168 0
    outer loop
      vertex -4.56076 3.10708 0
      vertex -4.37161 2.8878 0.39
      vertex -4.37161 2.8878 0
    endloop
  endfacet
  facet normal -0.122586 -0.992458 0
    outer loop
      vertex 0.5783 12.7216 0
      vertex 0.865709 12.6861 0.39
      vertex 0.5783 12.7216 0.39
    endloop
  endfacet
  facet normal -0.122586 -0.992458 -0
    outer loop
      vertex 0.865709 12.6861 0.39
      vertex 0.5783 12.7216 0
      vertex 0.865709 12.6861 0
    endloop
  endfacet
  facet normal -0.615233 0.788345 0
    outer loop
      vertex 3.74292 2.28924 0
      vertex 3.51463 2.11108 0.39
      vertex 3.74292 2.28924 0.39
    endloop
  endfacet
  facet normal -0.615233 0.788345 0
    outer loop
      vertex 3.51463 2.11108 0.39
      vertex 3.74292 2.28924 0
      vertex 3.51463 2.11108 0
    endloop
  endfacet
  facet normal 0.914211 0.405238 0
    outer loop
      vertex -5.33354 4.32743 0.39
      vertex -5.45089 4.59217 0
      vertex -5.45089 4.59217 0.39
    endloop
  endfacet
  facet normal 0.914211 0.405238 0
    outer loop
      vertex -5.45089 4.59217 0
      vertex -5.33354 4.32743 0.39
      vertex -5.33354 4.32743 0
    endloop
  endfacet
  facet normal -0.122416 0.992479 0
    outer loop
      vertex 0.865709 1.01386 0
      vertex 0.5783 0.97841 0.39
      vertex 0.865709 1.01386 0.39
    endloop
  endfacet
  facet normal -0.122416 0.992479 0
    outer loop
      vertex 0.5783 0.97841 0.39
      vertex 0.865709 1.01386 0
      vertex 0.5783 0.97841 0
    endloop
  endfacet
  facet normal -0.0735532 -0.997291 0
    outer loop
      vertex 0.289498 12.7429 0
      vertex 0.5783 12.7216 0.39
      vertex 0.289498 12.7429 0.39
    endloop
  endfacet
  facet normal -0.0735532 -0.997291 -0
    outer loop
      vertex 0.5783 12.7216 0.39
      vertex 0.289498 12.7429 0
      vertex 0.5783 12.7216 0
    endloop
  endfacet
  facet normal -0.992479 0.122415 0
    outer loop
      vertex 5.83614 5.98429 0
      vertex 5.87159 6.2717 0.39
      vertex 5.87159 6.2717 0
    endloop
  endfacet
  facet normal -0.992479 0.122415 0
    outer loop
      vertex 5.87159 6.2717 0.39
      vertex 5.83614 5.98429 0
      vertex 5.83614 5.98429 0.39
    endloop
  endfacet
  facet normal -0.575918 -0.817507 0
    outer loop
      vertex 3.27786 11.7557 0
      vertex 3.51463 11.5889 0.39
      vertex 3.27786 11.7557 0.39
    endloop
  endfacet
  facet normal -0.575918 -0.817507 -0
    outer loop
      vertex 3.51463 11.5889 0.39
      vertex 3.27786 11.7557 0
      vertex 3.51463 11.5889 0
    endloop
  endfacet
  facet normal 0.817588 0.575803 0
    outer loop
      vertex -4.73892 3.33537 0.39
      vertex -4.90567 3.57214 0
      vertex -4.90567 3.57214 0.39
    endloop
  endfacet
  facet normal 0.817588 0.575803 0
    outer loop
      vertex -4.90567 3.57214 0
      vertex -4.73892 3.33537 0.39
      vertex -4.73892 3.33537 0
    endloop
  endfacet
  facet normal 0.653267 -0.757127 0
    outer loop
      vertex -3.9622 11.2216 0
      vertex -3.74292 11.4108 0.39
      vertex -3.9622 11.2216 0.39
    endloop
  endfacet
  facet normal 0.653267 -0.757127 0
    outer loop
      vertex -3.74292 11.4108 0.39
      vertex -3.9622 11.2216 0
      vertex -3.74292 11.4108 0
    endloop
  endfacet
  facet normal -0.575803 0.817588 0
    outer loop
      vertex 3.51463 2.11108 0
      vertex 3.27786 1.94433 0.39
      vertex 3.51463 2.11108 0.39
    endloop
  endfacet
  facet normal -0.575803 0.817588 0
    outer loop
      vertex 3.27786 1.94433 0.39
      vertex 3.51463 2.11108 0
      vertex 3.27786 1.94433 0
    endloop
  endfacet
  facet normal -0.492796 -0.870145 0
    outer loop
      vertex 2.78124 12.0533 0
      vertex 3.03321 11.9106 0.39
      vertex 2.78124 12.0533 0.39
    endloop
  endfacet
  facet normal -0.492796 -0.870145 -0
    outer loop
      vertex 3.03321 11.9106 0.39
      vertex 2.78124 12.0533 0
      vertex 3.03321 11.9106 0
    endloop
  endfacet
  facet normal 0.997291 0.0735537 0
    outer loop
      vertex -5.87159 6.2717 0.39
      vertex -5.89289 6.5605 0
      vertex -5.89289 6.5605 0.39
    endloop
  endfacet
  facet normal 0.997291 0.0735537 0
    outer loop
      vertex -5.89289 6.5605 0
      vertex -5.87159 6.2717 0.39
      vertex -5.87159 6.2717 0
    endloop
  endfacet
  facet normal -0.844882 -0.534953 0
    outer loop
      vertex 5.0606 9.88321 0
      vertex 4.90567 10.1279 0.39
      vertex 4.90567 10.1279 0
    endloop
  endfacet
  facet normal -0.844882 -0.534953 0
    outer loop
      vertex 4.90567 10.1279 0.39
      vertex 5.0606 9.88321 0
      vertex 5.0606 9.88321 0.39
    endloop
  endfacet
  facet normal -0.932993 0.359895 0
    outer loop
      vertex 5.45089 4.59217 0
      vertex 5.55511 4.86235 0.39
      vertex 5.55511 4.86235 0
    endloop
  endfacet
  facet normal -0.932993 0.359895 0
    outer loop
      vertex 5.55511 4.86235 0.39
      vertex 5.45089 4.59217 0
      vertex 5.45089 4.59217 0.39
    endloop
  endfacet
  facet normal 0.689541 0.724246 -0
    outer loop
      vertex -3.9622 2.47839 0
      vertex -4.17193 2.67807 0.39
      vertex -3.9622 2.47839 0.39
    endloop
  endfacet
  facet normal 0.689541 0.724246 0
    outer loop
      vertex -4.17193 2.67807 0.39
      vertex -3.9622 2.47839 0
      vertex -4.17193 2.67807 0
    endloop
  endfacet
  facet normal -0.817508 -0.575917 0
    outer loop
      vertex 4.90567 10.1279 0
      vertex 4.73892 10.3646 0.39
      vertex 4.73892 10.3646 0
    endloop
  endfacet
  facet normal -0.817508 -0.575917 0
    outer loop
      vertex 4.73892 10.3646 0.39
      vertex 4.90567 10.1279 0
      vertex 4.90567 10.1279 0.39
    endloop
  endfacet
  facet normal 0.122586 -0.992458 0
    outer loop
      vertex -0.865709 12.6861 0
      vertex -0.5783 12.7216 0.39
      vertex -0.865709 12.6861 0.39
    endloop
  endfacet
  facet normal 0.122586 -0.992458 0
    outer loop
      vertex -0.5783 12.7216 0.39
      vertex -0.865709 12.6861 0
      vertex -0.5783 12.7216 0
    endloop
  endfacet
  facet normal 0.170935 -0.985282 0
    outer loop
      vertex -1.15103 12.6366 0
      vertex -0.865709 12.6861 0.39
      vertex -1.15103 12.6366 0.39
    endloop
  endfacet
  facet normal 0.170935 -0.985282 0
    outer loop
      vertex -0.865709 12.6861 0.39
      vertex -1.15103 12.6366 0
      vertex -0.865709 12.6861 0
    endloop
  endfacet
  facet normal 0.492796 -0.870145 0
    outer loop
      vertex -3.03321 11.9106 0
      vertex -2.78124 12.0533 0.39
      vertex -3.03321 11.9106 0.39
    endloop
  endfacet
  facet normal 0.492796 -0.870145 0
    outer loop
      vertex -2.78124 12.0533 0.39
      vertex -3.03321 11.9106 0
      vertex -2.78124 12.0533 0
    endloop
  endfacet
  facet normal -0.997291 0.0735537 0
    outer loop
      vertex 5.87159 6.2717 0
      vertex 5.89289 6.5605 0.39
      vertex 5.89289 6.5605 0
    endloop
  endfacet
  facet normal -0.997291 0.0735537 0
    outer loop
      vertex 5.89289 6.5605 0.39
      vertex 5.87159 6.2717 0
      vertex 5.87159 6.2717 0.39
    endloop
  endfacet
  facet normal 0.724246 0.689541 0
    outer loop
      vertex -4.17193 2.67807 0.39
      vertex -4.37161 2.8878 0
      vertex -4.37161 2.8878 0.39
    endloop
  endfacet
  facet normal 0.724246 0.689541 0
    outer loop
      vertex -4.37161 2.8878 0
      vertex -4.17193 2.67807 0.39
      vertex -4.17193 2.67807 0
    endloop
  endfacet
  facet normal -0.359835 -0.933016 0
    outer loop
      vertex 1.98765 12.4051 0
      vertex 2.25783 12.3009 0.39
      vertex 1.98765 12.4051 0.39
    endloop
  endfacet
  facet normal -0.359835 -0.933016 -0
    outer loop
      vertex 2.25783 12.3009 0.39
      vertex 1.98765 12.4051 0
      vertex 2.25783 12.3009 0
    endloop
  endfacet
  facet normal 0.492874 0.870101 -0
    outer loop
      vertex -2.78124 1.64667 0
      vertex -3.03321 1.7894 0.39
      vertex -2.78124 1.64667 0.39
    endloop
  endfacet
  facet normal 0.492874 0.870101 0
    outer loop
      vertex -3.03321 1.7894 0.39
      vertex -2.78124 1.64667 0
      vertex -3.03321 1.7894 0
    endloop
  endfacet
  facet normal 0.405238 0.914211 -0
    outer loop
      vertex -2.25783 1.39911 0
      vertex -2.52257 1.51646 0.39
      vertex -2.25783 1.39911 0.39
    endloop
  endfacet
  facet normal 0.405238 0.914211 0
    outer loop
      vertex -2.52257 1.51646 0.39
      vertex -2.25783 1.39911 0
      vertex -2.52257 1.51646 0
    endloop
  endfacet
  facet normal 0.449602 -0.893229 0
    outer loop
      vertex -2.78124 12.0533 0
      vertex -2.52257 12.1835 0.39
      vertex -2.78124 12.0533 0.39
    endloop
  endfacet
  facet normal 0.449602 -0.893229 0
    outer loop
      vertex -2.52257 12.1835 0.39
      vertex -2.78124 12.0533 0
      vertex -2.52257 12.1835 0
    endloop
  endfacet
  facet normal 0.313564 -0.949567 0
    outer loop
      vertex -1.98765 12.4051 0
      vertex -1.71268 12.4959 0.39
      vertex -1.98765 12.4051 0.39
    endloop
  endfacet
  facet normal 0.313564 -0.949567 0
    outer loop
      vertex -1.71268 12.4959 0.39
      vertex -1.98765 12.4051 0
      vertex -1.71268 12.4959 0
    endloop
  endfacet
  facet normal -0.689541 0.724246 0
    outer loop
      vertex 4.17193 2.67807 0
      vertex 3.9622 2.47839 0.39
      vertex 4.17193 2.67807 0.39
    endloop
  endfacet
  facet normal -0.689541 0.724246 0
    outer loop
      vertex 3.9622 2.47839 0.39
      vertex 4.17193 2.67807 0
      vertex 3.9622 2.47839 0
    endloop
  endfacet
  facet normal -0.313564 -0.949567 0
    outer loop
      vertex 1.71268 12.4959 0
      vertex 1.98765 12.4051 0.39
      vertex 1.71268 12.4959 0.39
    endloop
  endfacet
  facet normal -0.313564 -0.949567 -0
    outer loop
      vertex 1.98765 12.4051 0.39
      vertex 1.71268 12.4959 0
      vertex 1.98765 12.4051 0
    endloop
  endfacet
  facet normal 0.534941 -0.844889 0
    outer loop
      vertex -3.27786 11.7557 0
      vertex -3.03321 11.9106 0.39
      vertex -3.27786 11.7557 0.39
    endloop
  endfacet
  facet normal 0.534941 -0.844889 0
    outer loop
      vertex -3.03321 11.9106 0.39
      vertex -3.27786 11.7557 0
      vertex -3.03321 11.9106 0
    endloop
  endfacet
  facet normal -0.999699 0.0245522 0
    outer loop
      vertex 5.89289 6.5605 0
      vertex 5.9 6.85 0.39
      vertex 5.9 6.85 0
    endloop
  endfacet
  facet normal -0.999699 0.0245522 0
    outer loop
      vertex 5.9 6.85 0.39
      vertex 5.89289 6.5605 0
      vertex 5.89289 6.5605 0.39
    endloop
  endfacet
  facet normal -0.788345 0.615233 0
    outer loop
      vertex 4.56076 3.10708 0
      vertex 4.73892 3.33537 0.39
      vertex 4.73892 3.33537 0
    endloop
  endfacet
  facet normal -0.788345 0.615233 0
    outer loop
      vertex 4.73892 3.33537 0.39
      vertex 4.56076 3.10708 0
      vertex 4.56076 3.10708 0.39
    endloop
  endfacet
  facet normal -0.963783 0.266689 0
    outer loop
      vertex 5.64595 5.13732 0
      vertex 5.72318 5.41642 0.39
      vertex 5.72318 5.41642 0
    endloop
  endfacet
  facet normal -0.963783 0.266689 0
    outer loop
      vertex 5.72318 5.41642 0.39
      vertex 5.64595 5.13732 0
      vertex 5.64595 5.13732 0.39
    endloop
  endfacet
  facet normal 0.870101 0.492874 0
    outer loop
      vertex -5.0606 3.81679 0.39
      vertex -5.20333 4.06876 0
      vertex -5.20333 4.06876 0.39
    endloop
  endfacet
  facet normal 0.870101 0.492874 0
    outer loop
      vertex -5.20333 4.06876 0
      vertex -5.0606 3.81679 0.39
      vertex -5.0606 3.81679 0
    endloop
  endfacet
  facet normal -0.975701 0.219105 0
    outer loop
      vertex 5.72318 5.41642 0
      vertex 5.78663 5.69897 0.39
      vertex 5.78663 5.69897 0
    endloop
  endfacet
  facet normal -0.975701 0.219105 0
    outer loop
      vertex 5.78663 5.69897 0.39
      vertex 5.72318 5.41642 0
      vertex 5.72318 5.41642 0.39
    endloop
  endfacet
  facet normal -0.893215 -0.449629 0
    outer loop
      vertex 5.33354 9.37257 0
      vertex 5.20333 9.63124 0.39
      vertex 5.20333 9.63124 0
    endloop
  endfacet
  facet normal -0.893215 -0.449629 0
    outer loop
      vertex 5.20333 9.63124 0.39
      vertex 5.33354 9.37257 0
      vertex 5.33354 9.37257 0.39
    endloop
  endfacet
  facet normal 0.218941 -0.975738 0
    outer loop
      vertex -1.43358 12.5732 0
      vertex -1.15103 12.6366 0.39
      vertex -1.43358 12.5732 0.39
    endloop
  endfacet
  facet normal 0.218941 -0.975738 0
    outer loop
      vertex -1.15103 12.6366 0.39
      vertex -1.43358 12.5732 0
      vertex -1.15103 12.6366 0
    endloop
  endfacet
  facet normal -0.449602 -0.893229 0
    outer loop
      vertex 2.52257 12.1835 0
      vertex 2.78124 12.0533 0.39
      vertex 2.52257 12.1835 0.39
    endloop
  endfacet
  facet normal -0.449602 -0.893229 -0
    outer loop
      vertex 2.78124 12.0533 0.39
      vertex 2.52257 12.1835 0
      vertex 2.78124 12.0533 0
    endloop
  endfacet
  facet normal 0.844842 0.535015 0
    outer loop
      vertex -4.90567 3.57214 0.39
      vertex -5.0606 3.81679 0
      vertex -5.0606 3.81679 0.39
    endloop
  endfacet
  facet normal 0.844842 0.535015 0
    outer loop
      vertex -5.0606 3.81679 0
      vertex -4.90567 3.57214 0.39
      vertex -4.90567 3.57214 0
    endloop
  endfacet
  facet normal 0.615104 -0.788446 0
    outer loop
      vertex -3.74292 11.4108 0
      vertex -3.51463 11.5889 0.39
      vertex -3.74292 11.4108 0.39
    endloop
  endfacet
  facet normal 0.615104 -0.788446 0
    outer loop
      vertex -3.51463 11.5889 0.39
      vertex -3.74292 11.4108 0
      vertex -3.51463 11.5889 0
    endloop
  endfacet
  facet normal -0.724246 0.689541 0
    outer loop
      vertex 4.17193 2.67807 0
      vertex 4.37161 2.8878 0.39
      vertex 4.37161 2.8878 0
    endloop
  endfacet
  facet normal -0.724246 0.689541 0
    outer loop
      vertex 4.37161 2.8878 0.39
      vertex 4.17193 2.67807 0
      vertex 4.17193 2.67807 0.39
    endloop
  endfacet
  facet normal -0.963783 -0.266689 0
    outer loop
      vertex 5.72318 8.28358 0
      vertex 5.64595 8.56268 0.39
      vertex 5.64595 8.56268 0
    endloop
  endfacet
  facet normal -0.963783 -0.266689 0
    outer loop
      vertex 5.64595 8.56268 0.39
      vertex 5.72318 8.28358 0
      vertex 5.72318 8.28358 0.39
    endloop
  endfacet
  facet normal -0.534941 -0.844889 0
    outer loop
      vertex 3.03321 11.9106 0
      vertex 3.27786 11.7557 0.39
      vertex 3.03321 11.9106 0.39
    endloop
  endfacet
  facet normal -0.534941 -0.844889 -0
    outer loop
      vertex 3.27786 11.7557 0.39
      vertex 3.03321 11.9106 0
      vertex 3.27786 11.7557 0
    endloop
  endfacet
  facet normal 0.024542 0.999699 -0
    outer loop
      vertex 0 0.95 0
      vertex -0.289498 0.957107 0.39
      vertex 0 0.95 0.39
    endloop
  endfacet
  facet normal 0.024542 0.999699 0
    outer loop
      vertex -0.289498 0.957107 0.39
      vertex 0 0.95 0
      vertex -0.289498 0.957107 0
    endloop
  endfacet
  facet normal -0.817588 0.575803 0
    outer loop
      vertex 4.73892 3.33537 0
      vertex 4.90567 3.57214 0.39
      vertex 4.90567 3.57214 0
    endloop
  endfacet
  facet normal -0.817588 0.575803 0
    outer loop
      vertex 4.90567 3.57214 0.39
      vertex 4.73892 3.33537 0
      vertex 4.73892 3.33537 0.39
    endloop
  endfacet
  facet normal -0.788358 -0.615216 0
    outer loop
      vertex 4.73892 10.3646 0
      vertex 4.56076 10.5929 0.39
      vertex 4.56076 10.5929 0
    endloop
  endfacet
  facet normal -0.788358 -0.615216 0
    outer loop
      vertex 4.56076 10.5929 0.39
      vertex 4.73892 10.3646 0
      vertex 4.73892 10.3646 0.39
    endloop
  endfacet
  facet normal 0.449629 0.893215 -0
    outer loop
      vertex -2.52257 1.51646 0
      vertex -2.78124 1.64667 0.39
      vertex -2.52257 1.51646 0.39
    endloop
  endfacet
  facet normal 0.449629 0.893215 0
    outer loop
      vertex -2.78124 1.64667 0.39
      vertex -2.52257 1.51646 0
      vertex -2.78124 1.64667 0
    endloop
  endfacet
  facet normal 0.0735532 -0.997291 0
    outer loop
      vertex -0.5783 12.7216 0
      vertex -0.289498 12.7429 0.39
      vertex -0.5783 12.7216 0.39
    endloop
  endfacet
  facet normal 0.0735532 -0.997291 0
    outer loop
      vertex -0.289498 12.7429 0.39
      vertex -0.5783 12.7216 0
      vertex -0.289498 12.7429 0
    endloop
  endfacet
  facet normal -0.615104 -0.788446 0
    outer loop
      vertex 3.51463 11.5889 0
      vertex 3.74292 11.4108 0.39
      vertex 3.51463 11.5889 0.39
    endloop
  endfacet
  facet normal -0.615104 -0.788446 -0
    outer loop
      vertex 3.74292 11.4108 0.39
      vertex 3.51463 11.5889 0
      vertex 3.74292 11.4108 0
    endloop
  endfacet
  facet normal -0.449629 0.893215 0
    outer loop
      vertex 2.78124 1.64667 0
      vertex 2.52257 1.51646 0.39
      vertex 2.78124 1.64667 0.39
    endloop
  endfacet
  facet normal -0.449629 0.893215 0
    outer loop
      vertex 2.52257 1.51646 0.39
      vertex 2.78124 1.64667 0
      vertex 2.52257 1.51646 0
    endloop
  endfacet
  facet normal -0.689578 -0.724212 0
    outer loop
      vertex 3.9622 11.2216 0
      vertex 4.17193 11.0219 0.39
      vertex 3.9622 11.2216 0.39
    endloop
  endfacet
  facet normal -0.689578 -0.724212 -0
    outer loop
      vertex 4.17193 11.0219 0.39
      vertex 3.9622 11.2216 0
      vertex 4.17193 11.0219 0
    endloop
  endfacet
  facet normal -0.359895 0.932993 0
    outer loop
      vertex 2.25783 1.39911 0
      vertex 1.98765 1.29489 0.39
      vertex 2.25783 1.39911 0.39
    endloop
  endfacet
  facet normal -0.359895 0.932993 0
    outer loop
      vertex 1.98765 1.29489 0.39
      vertex 2.25783 1.39911 0
      vertex 1.98765 1.29489 0
    endloop
  endfacet
  facet normal 0.615233 0.788345 -0
    outer loop
      vertex -3.51463 2.11108 0
      vertex -3.74292 2.28924 0.39
      vertex -3.51463 2.11108 0.39
    endloop
  endfacet
  facet normal 0.615233 0.788345 0
    outer loop
      vertex -3.74292 2.28924 0.39
      vertex -3.51463 2.11108 0
      vertex -3.74292 2.28924 0
    endloop
  endfacet
  facet normal 0.689578 -0.724212 0
    outer loop
      vertex -4.17193 11.0219 0
      vertex -3.9622 11.2216 0.39
      vertex -4.17193 11.0219 0.39
    endloop
  endfacet
  facet normal 0.689578 -0.724212 0
    outer loop
      vertex -3.9622 11.2216 0.39
      vertex -4.17193 11.0219 0
      vertex -3.9622 11.2216 0
    endloop
  endfacet
  facet normal 0.219105 0.975701 -0
    outer loop
      vertex -1.15103 1.06337 0
      vertex -1.43358 1.12682 0.39
      vertex -1.15103 1.06337 0.39
    endloop
  endfacet
  facet normal 0.219105 0.975701 0
    outer loop
      vertex -1.43358 1.12682 0.39
      vertex -1.15103 1.06337 0
      vertex -1.43358 1.12682 0
    endloop
  endfacet
  facet normal 0.870101 -0.492874 0
    outer loop
      vertex -5.20333 9.63124 0.39
      vertex -5.0606 9.88321 0
      vertex -5.0606 9.88321 0.39
    endloop
  endfacet
  facet normal 0.870101 -0.492874 0
    outer loop
      vertex -5.0606 9.88321 0
      vertex -5.20333 9.63124 0.39
      vertex -5.20333 9.63124 0
    endloop
  endfacet
  facet normal 0.999699 0.0245522 0
    outer loop
      vertex -5.89289 6.5605 0.39
      vertex -5.9 6.85 0
      vertex -5.9 6.85 0.39
    endloop
  endfacet
  facet normal 0.999699 0.0245522 0
    outer loop
      vertex -5.9 6.85 0
      vertex -5.89289 6.5605 0.39
      vertex -5.89289 6.5605 0
    endloop
  endfacet
  facet normal -0.492874 0.870101 0
    outer loop
      vertex 3.03321 1.7894 0
      vertex 2.78124 1.64667 0.39
      vertex 3.03321 1.7894 0.39
    endloop
  endfacet
  facet normal -0.492874 0.870101 0
    outer loop
      vertex 2.78124 1.64667 0.39
      vertex 3.03321 1.7894 0
      vertex 2.78124 1.64667 0
    endloop
  endfacet
  facet normal 0.844882 -0.534953 0
    outer loop
      vertex -5.0606 9.88321 0.39
      vertex -4.90567 10.1279 0
      vertex -4.90567 10.1279 0.39
    endloop
  endfacet
  facet normal 0.844882 -0.534953 0
    outer loop
      vertex -4.90567 10.1279 0
      vertex -5.0606 9.88321 0.39
      vertex -5.0606 9.88321 0
    endloop
  endfacet
  facet normal -0.170935 -0.985282 0
    outer loop
      vertex 0.865709 12.6861 0
      vertex 1.15103 12.6366 0.39
      vertex 0.865709 12.6861 0.39
    endloop
  endfacet
  facet normal -0.170935 -0.985282 -0
    outer loop
      vertex 1.15103 12.6366 0.39
      vertex 0.865709 12.6861 0
      vertex 1.15103 12.6366 0
    endloop
  endfacet
  facet normal 0.985276 0.17097 0
    outer loop
      vertex -5.78663 5.69897 0.39
      vertex -5.83614 5.98429 0
      vertex -5.83614 5.98429 0.39
    endloop
  endfacet
  facet normal 0.985276 0.17097 0
    outer loop
      vertex -5.83614 5.98429 0
      vertex -5.78663 5.69897 0.39
      vertex -5.78663 5.69897 0
    endloop
  endfacet
  facet normal 0.788358 -0.615216 0
    outer loop
      vertex -4.73892 10.3646 0.39
      vertex -4.56076 10.5929 0
      vertex -4.56076 10.5929 0.39
    endloop
  endfacet
  facet normal 0.788358 -0.615216 0
    outer loop
      vertex -4.56076 10.5929 0
      vertex -4.73892 10.3646 0.39
      vertex -4.73892 10.3646 0
    endloop
  endfacet
  facet normal 0.313689 0.949526 -0
    outer loop
      vertex -1.71268 1.20405 0
      vertex -1.98765 1.29489 0.39
      vertex -1.71268 1.20405 0.39
    endloop
  endfacet
  facet normal 0.313689 0.949526 0
    outer loop
      vertex -1.98765 1.29489 0.39
      vertex -1.71268 1.20405 0
      vertex -1.98765 1.29489 0
    endloop
  endfacet
  facet normal -0.932993 -0.359895 0
    outer loop
      vertex 5.55511 8.83765 0
      vertex 5.45089 9.10783 0.39
      vertex 5.45089 9.10783 0
    endloop
  endfacet
  facet normal -0.932993 -0.359895 0
    outer loop
      vertex 5.45089 9.10783 0.39
      vertex 5.55511 8.83765 0
      vertex 5.55511 8.83765 0.39
    endloop
  endfacet
  facet normal 0.724197 -0.689593 0
    outer loop
      vertex -4.37161 10.8122 0.39
      vertex -4.17193 11.0219 0
      vertex -4.17193 11.0219 0.39
    endloop
  endfacet
  facet normal 0.724197 -0.689593 0
    outer loop
      vertex -4.17193 11.0219 0
      vertex -4.37161 10.8122 0.39
      vertex -4.37161 10.8122 0
    endloop
  endfacet
  facet normal -0.405238 0.914211 0
    outer loop
      vertex 2.52257 1.51646 0
      vertex 2.25783 1.39911 0.39
      vertex 2.52257 1.51646 0.39
    endloop
  endfacet
  facet normal -0.405238 0.914211 0
    outer loop
      vertex 2.25783 1.39911 0.39
      vertex 2.52257 1.51646 0
      vertex 2.25783 1.39911 0
    endloop
  endfacet
  facet normal 0.975701 -0.219105 0
    outer loop
      vertex -5.78663 8.00103 0.39
      vertex -5.72318 8.28358 0
      vertex -5.72318 8.28358 0.39
    endloop
  endfacet
  facet normal 0.975701 -0.219105 0
    outer loop
      vertex -5.72318 8.28358 0
      vertex -5.78663 8.00103 0.39
      vertex -5.78663 8.00103 0
    endloop
  endfacet
  facet normal 0.535015 0.844842 -0
    outer loop
      vertex -3.03321 1.7894 0
      vertex -3.27786 1.94433 0.39
      vertex -3.03321 1.7894 0.39
    endloop
  endfacet
  facet normal 0.535015 0.844842 0
    outer loop
      vertex -3.27786 1.94433 0.39
      vertex -3.03321 1.7894 0
      vertex -3.27786 1.94433 0
    endloop
  endfacet
  facet normal 0.975701 0.219105 0
    outer loop
      vertex -5.72318 5.41642 0.39
      vertex -5.78663 5.69897 0
      vertex -5.78663 5.69897 0.39
    endloop
  endfacet
  facet normal 0.975701 0.219105 0
    outer loop
      vertex -5.78663 5.69897 0
      vertex -5.72318 5.41642 0.39
      vertex -5.72318 5.41642 0
    endloop
  endfacet
  facet normal 0.0735635 0.997291 -0
    outer loop
      vertex -0.289498 0.957107 0
      vertex -0.5783 0.97841 0.39
      vertex -0.289498 0.957107 0.39
    endloop
  endfacet
  facet normal 0.0735635 0.997291 0
    outer loop
      vertex -0.5783 0.97841 0.39
      vertex -0.289498 0.957107 0
      vertex -0.5783 0.97841 0
    endloop
  endfacet
  facet normal 0.575918 -0.817507 0
    outer loop
      vertex -3.51463 11.5889 0
      vertex -3.27786 11.7557 0.39
      vertex -3.51463 11.5889 0.39
    endloop
  endfacet
  facet normal 0.575918 -0.817507 0
    outer loop
      vertex -3.27786 11.7557 0.39
      vertex -3.51463 11.5889 0
      vertex -3.27786 11.7557 0
    endloop
  endfacet
  facet normal 0.757242 -0.653134 0
    outer loop
      vertex -4.56076 10.5929 0.39
      vertex -4.37161 10.8122 0
      vertex -4.37161 10.8122 0.39
    endloop
  endfacet
  facet normal 0.757242 -0.653134 0
    outer loop
      vertex -4.37161 10.8122 0
      vertex -4.56076 10.5929 0.39
      vertex -4.56076 10.5929 0
    endloop
  endfacet
  facet normal -0.266914 -0.96372 0
    outer loop
      vertex 1.43358 12.5732 0
      vertex 1.71268 12.4959 0.39
      vertex 1.43358 12.5732 0.39
    endloop
  endfacet
  facet normal -0.266914 -0.96372 -0
    outer loop
      vertex 1.71268 12.4959 0.39
      vertex 1.43358 12.5732 0
      vertex 1.71268 12.4959 0
    endloop
  endfacet
  facet normal 0.997291 -0.0735537 0
    outer loop
      vertex -5.89289 7.1395 0.39
      vertex -5.87159 7.4283 0
      vertex -5.87159 7.4283 0.39
    endloop
  endfacet
  facet normal 0.997291 -0.0735537 0
    outer loop
      vertex -5.87159 7.4283 0
      vertex -5.89289 7.1395 0.39
      vertex -5.89289 7.1395 0
    endloop
  endfacet
  facet normal 0.985276 -0.17097 0
    outer loop
      vertex -5.83614 7.71571 0.39
      vertex -5.78663 8.00103 0
      vertex -5.78663 8.00103 0.39
    endloop
  endfacet
  facet normal 0.985276 -0.17097 0
    outer loop
      vertex -5.78663 8.00103 0
      vertex -5.83614 7.71571 0.39
      vertex -5.83614 7.71571 0
    endloop
  endfacet
  facet normal 0.170969 0.985276 -0
    outer loop
      vertex -0.865709 1.01386 0
      vertex -1.15103 1.06337 0.39
      vertex -0.865709 1.01386 0.39
    endloop
  endfacet
  facet normal 0.170969 0.985276 0
    outer loop
      vertex -1.15103 1.06337 0.39
      vertex -0.865709 1.01386 0
      vertex -1.15103 1.06337 0
    endloop
  endfacet
  facet normal -0.313689 0.949526 0
    outer loop
      vertex 1.98765 1.29489 0
      vertex 1.71268 1.20405 0.39
      vertex 1.98765 1.29489 0.39
    endloop
  endfacet
  facet normal -0.313689 0.949526 0
    outer loop
      vertex 1.71268 1.20405 0.39
      vertex 1.98765 1.29489 0
      vertex 1.71268 1.20405 0
    endloop
  endfacet
  facet normal 0.266914 -0.96372 0
    outer loop
      vertex -1.71268 12.4959 0
      vertex -1.43358 12.5732 0.39
      vertex -1.71268 12.4959 0.39
    endloop
  endfacet
  facet normal 0.266914 -0.96372 0
    outer loop
      vertex -1.43358 12.5732 0.39
      vertex -1.71268 12.4959 0
      vertex -1.43358 12.5732 0
    endloop
  endfacet
  facet normal 0.788345 0.615233 0
    outer loop
      vertex -4.56076 3.10708 0.39
      vertex -4.73892 3.33537 0
      vertex -4.73892 3.33537 0.39
    endloop
  endfacet
  facet normal 0.788345 0.615233 0
    outer loop
      vertex -4.73892 3.33537 0
      vertex -4.56076 3.10708 0.39
      vertex -4.56076 3.10708 0
    endloop
  endfacet
  facet normal 0.914211 -0.405238 0
    outer loop
      vertex -5.45089 9.10783 0.39
      vertex -5.33354 9.37257 0
      vertex -5.33354 9.37257 0.39
    endloop
  endfacet
  facet normal 0.914211 -0.405238 0
    outer loop
      vertex -5.33354 9.37257 0
      vertex -5.45089 9.10783 0.39
      vertex -5.45089 9.10783 0
    endloop
  endfacet
  facet normal 0.893215 -0.449629 0
    outer loop
      vertex -5.33354 9.37257 0.39
      vertex -5.20333 9.63124 0
      vertex -5.20333 9.63124 0.39
    endloop
  endfacet
  facet normal 0.893215 -0.449629 0
    outer loop
      vertex -5.20333 9.63124 0
      vertex -5.33354 9.37257 0.39
      vertex -5.33354 9.37257 0
    endloop
  endfacet
  facet normal -0.218941 -0.975738 0
    outer loop
      vertex 1.15103 12.6366 0
      vertex 1.43358 12.5732 0.39
      vertex 1.15103 12.6366 0.39
    endloop
  endfacet
  facet normal -0.218941 -0.975738 -0
    outer loop
      vertex 1.43358 12.5732 0.39
      vertex 1.15103 12.6366 0
      vertex 1.43358 12.5732 0
    endloop
  endfacet
  facet normal 0.963783 0.266689 0
    outer loop
      vertex -5.64595 5.13732 0.39
      vertex -5.72318 5.41642 0
      vertex -5.72318 5.41642 0.39
    endloop
  endfacet
  facet normal 0.963783 0.266689 0
    outer loop
      vertex -5.72318 5.41642 0
      vertex -5.64595 5.13732 0.39
      vertex -5.64595 5.13732 0
    endloop
  endfacet
  facet normal 0.963783 -0.266689 0
    outer loop
      vertex -5.72318 8.28358 0.39
      vertex -5.64595 8.56268 0
      vertex -5.64595 8.56268 0.39
    endloop
  endfacet
  facet normal 0.963783 -0.266689 0
    outer loop
      vertex -5.64595 8.56268 0
      vertex -5.72318 8.28358 0.39
      vertex -5.72318 8.28358 0
    endloop
  endfacet
  facet normal 0.405382 -0.914147 0
    outer loop
      vertex -2.52257 12.1835 0
      vertex -2.25783 12.3009 0.39
      vertex -2.52257 12.1835 0.39
    endloop
  endfacet
  facet normal 0.405382 -0.914147 0
    outer loop
      vertex -2.25783 12.3009 0.39
      vertex -2.52257 12.1835 0
      vertex -2.25783 12.3009 0
    endloop
  endfacet
  facet normal 0.575803 0.817588 -0
    outer loop
      vertex -3.27786 1.94433 0
      vertex -3.51463 2.11108 0.39
      vertex -3.27786 1.94433 0.39
    endloop
  endfacet
  facet normal 0.575803 0.817588 0
    outer loop
      vertex -3.51463 2.11108 0.39
      vertex -3.27786 1.94433 0
      vertex -3.51463 2.11108 0
    endloop
  endfacet
  facet normal -0.754277 0.427265 0.498508
    outer loop
      vertex 5.0606 3.81679 0.39
      vertex 5.76644 3.76777 1.5
      vertex 5.20333 4.06876 0.39
    endloop
  endfacet
  facet normal -0.753745 0.428533 0.498225
    outer loop
      vertex 5.76644 3.76777 1.5
      vertex 5.0606 3.81679 0.39
      vertex 5.76391 3.76332 1.5
    endloop
  endfacet
  facet normal -0.866626 -0.0212745 0.498505
    outer loop
      vertex 6.5385 6.85 1.5
      vertex 6.53075 7.1657 1.5
      vertex 5.9 6.85 0.39
    endloop
  endfacet
  facet normal -0.866605 -0.0219607 0.498512
    outer loop
      vertex 5.89289 7.1395 0.39
      vertex 6.53075 7.1657 1.5
      vertex 6.53062 7.17083 1.5
    endloop
  endfacet
  facet normal -0.866624 -0.0212839 0.498507
    outer loop
      vertex 6.53075 7.1657 1.5
      vertex 5.89289 7.1395 0.39
      vertex 5.9 6.85 0.39
    endloop
  endfacet
  facet normal -0.8088 0.311989 0.498504
    outer loop
      vertex 5.45089 4.59217 0.39
      vertex 6.04263 4.35261 1.5
      vertex 5.55511 4.86235 0.39
    endloop
  endfacet
  facet normal -0.808446 0.312892 0.49851
    outer loop
      vertex 6.04263 4.35261 1.5
      vertex 5.45089 4.59217 0.39
      vertex 6.04078 4.34783 1.5
    endloop
  endfacet
  facet normal -0.732384 0.463798 0.498502
    outer loop
      vertex 4.90567 3.57214 0.39
      vertex 5.4393 3.22174 1.5
      vertex 5.0606 3.81679 0.39
    endloop
  endfacet
  facet normal -0.732543 0.463549 0.4985
    outer loop
      vertex 5.4393 3.22174 1.5
      vertex 4.90567 3.57214 0.39
      vertex 5.43656 3.21741 1.5
    endloop
  endfacet
  facet normal -0.656417 0.566223 0.498506
    outer loop
      vertex 4.37161 2.8878 0.39
      vertex 5.05433 2.70202 1.5
      vertex 4.56076 3.10708 0.39
    endloop
  endfacet
  facet normal -0.656191 0.566557 0.498423
    outer loop
      vertex 5.05433 2.70202 1.5
      vertex 4.37161 2.8878 0.39
      vertex 5.05098 2.69814 1.5
    endloop
  endfacet
  facet normal -0.271926 0.823135 0.498502
    outer loop
      vertex 2.20275 0.693718 1.5
      vertex 1.98765 1.29489 0.39
      vertex 1.90289 0.594658 1.5
    endloop
  endfacet
  facet normal -0.808806 -0.311977 0.498501
    outer loop
      vertex 6.15628 9.05275 1.5
      vertex 6.04263 9.34739 1.5
      vertex 5.55511 8.83765 0.39
    endloop
  endfacet
  facet normal -0.86454 -0.0637686 0.498502
    outer loop
      vertex 6.53024 7.17594 1.5
      vertex 6.50701 7.49088 1.5
      vertex 5.87159 7.4283 0.39
    endloop
  endfacet
  facet normal 0.311989 0.808801 0.498502
    outer loop
      vertex -2.25783 1.39911 0.39
      vertex -2.49739 0.807373 1.5
      vertex -1.98765 1.29489 0.39
    endloop
  endfacet
  facet normal 0.312158 0.808735 0.498503
    outer loop
      vertex -2.49739 0.807373 1.5
      vertex -2.25783 1.39911 0.39
      vertex -2.50217 0.809218 1.5
    endloop
  endfacet
  facet normal -0.864503 0.0642879 0.498499
    outer loop
      vertex 5.89289 6.5605 0.39
      vertex 6.53024 6.52406 1.5
      vertex 6.53062 6.52917 1.5
    endloop
  endfacet
  facet normal -0.86454 0.0637628 0.498503
    outer loop
      vertex 6.53024 6.52406 1.5
      vertex 5.89289 6.5605 0.39
      vertex 5.87159 6.2717 0.39
    endloop
  endfacet
  facet normal -0.499152 0.70876 0.498504
    outer loop
      vertex 3.63678 1.41639 1.5
      vertex 3.89498 1.59823 1.5
      vertex 3.51463 2.11108 0.39
    endloop
  endfacet
  facet normal 0.427265 0.754277 0.498508
    outer loop
      vertex -3.03321 1.7894 0.39
      vertex -3.08223 1.08356 1.5
      vertex -2.78124 1.64667 0.39
    endloop
  endfacet
  facet normal 0.428533 0.753745 0.498225
    outer loop
      vertex -3.08223 1.08356 1.5
      vertex -3.03321 1.7894 0.39
      vertex -3.08668 1.08609 1.5
    endloop
  endfacet
  facet normal -0.0637713 0.86454 0.498502
    outer loop
      vertex 0.289498 0.957107 0.39
      vertex 0.32594 0.319758 1.5
      vertex 0.5783 0.97841 0.39
    endloop
  endfacet
  facet normal -0.0637706 0.86454 0.498502
    outer loop
      vertex 0.32594 0.319758 1.5
      vertex 0.289498 0.957107 0.39
      vertex 0.320829 0.319381 1.5
    endloop
  endfacet
  facet normal 0.148204 0.854125 0.498505
    outer loop
      vertex -0.964446 0.38315 1.5
      vertex -1.15103 1.06337 0.39
      vertex -1.2756 0.43714 1.5
    endloop
  endfacet
  facet normal 0.566281 -0.65637 0.498503
    outer loop
      vertex -3.9622 11.2216 0.39
      vertex -4.15186 11.901 1.5
      vertex -4.39098 11.6947 1.5
    endloop
  endfacet
  facet normal 0.458707 -0.73563 0.498435
    outer loop
      vertex -3.27786 11.7557 0.39
      vertex -3.62826 12.2893 1.5
      vertex -3.63259 12.2866 1.5
    endloop
  endfacet
  facet normal 0.463739 -0.732432 0.498487
    outer loop
      vertex -3.62826 12.2893 1.5
      vertex -3.27786 11.7557 0.39
      vertex -3.03321 11.9106 0.39
    endloop
  endfacet
  facet normal 0.808806 0.311977 0.498501
    outer loop
      vertex -6.04263 4.35261 1.5
      vertex -5.55511 4.86235 0.39
      vertex -6.15628 4.64725 1.5
    endloop
  endfacet
  facet normal -0.683407 0.533335 0.498506
    outer loop
      vertex 5.05433 2.70202 1.5
      vertex 5.24862 2.95098 1.5
      vertex 4.56076 3.10708 0.39
    endloop
  endfacet
  facet normal -0.70876 0.499152 0.498504
    outer loop
      vertex 5.25177 2.95502 1.5
      vertex 5.43361 3.21322 1.5
      vertex 4.73892 3.33537 0.39
    endloop
  endfacet
  facet normal 0.351352 -0.79249 0.498509
    outer loop
      vertex -2.52257 12.1835 0.39
      vertex -2.50686 12.8887 1.5
      vertex -2.79557 12.7607 1.5
    endloop
  endfacet
  facet normal 0.708752 -0.499146 0.498521
    outer loop
      vertex -4.73892 10.3646 0.39
      vertex -5.25177 10.745 1.5
      vertex -5.43361 10.4868 1.5
    endloop
  endfacet
  facet normal 0.38978 -0.774317 0.498503
    outer loop
      vertex -2.78124 12.0533 0.39
      vertex -2.80014 12.7584 1.5
      vertex -3.08223 12.6164 1.5
    endloop
  endfacet
  facet normal 0.70876 0.499152 0.498504
    outer loop
      vertex -5.25177 2.95502 1.5
      vertex -4.73892 3.33537 0.39
      vertex -5.43361 3.21322 1.5
    endloop
  endfacet
  facet normal -0.79247 -0.351458 0.498466
    outer loop
      vertex 5.33354 9.37257 0.39
      vertex 6.04078 9.35217 1.5
      vertex 6.0387 9.35686 1.5
    endloop
  endfacet
  facet normal -0.79252 -0.351296 0.4985
    outer loop
      vertex 6.04078 9.35217 1.5
      vertex 5.33354 9.37257 0.39
      vertex 5.45089 9.10783 0.39
    endloop
  endfacet
  facet normal -0.463877 -0.732321 0.498522
    outer loop
      vertex 3.62826 12.2893 1.5
      vertex 3.36146 12.4583 1.5
      vertex 3.03321 11.9106 0.39
    endloop
  endfacet
  facet normal -0.627841 0.597755 0.498502
    outer loop
      vertex 4.62695 2.2303 1.5
      vertex 4.84471 2.45902 1.5
      vertex 4.37161 2.8878 0.39
    endloop
  endfacet
  facet normal 0.823136 0.271926 0.498501
    outer loop
      vertex -6.15628 4.64725 1.5
      vertex -5.55511 4.86235 0.39
      vertex -6.25534 4.94711 1.5
    endloop
  endfacet
  facet normal -0.774318 0.389778 0.498503
    outer loop
      vertex 5.20333 4.06876 0.39
      vertex 5.91073 4.05443 1.5
      vertex 5.33354 4.32743 0.39
    endloop
  endfacet
  facet normal -0.773821 0.391144 0.498204
    outer loop
      vertex 5.91073 4.05443 1.5
      vertex 5.20333 4.06876 0.39
      vertex 5.90842 4.04986 1.5
    endloop
  endfacet
  facet normal -0.86454 0.0637686 0.498502
    outer loop
      vertex 6.50701 6.20912 1.5
      vertex 6.53024 6.52406 1.5
      vertex 5.87159 6.2717 0.39
    endloop
  endfacet
  facet normal -0.823134 0.271933 0.4985
    outer loop
      vertex 5.55511 4.86235 0.39
      vertex 6.25695 4.95198 1.5
      vertex 5.64595 5.13732 0.39
    endloop
  endfacet
  facet normal -0.823098 0.272112 0.498463
    outer loop
      vertex 6.25695 4.95198 1.5
      vertex 5.55511 4.86235 0.39
      vertex 6.25534 4.94711 1.5
    endloop
  endfacet
  facet normal -0.823136 0.271926 0.498501
    outer loop
      vertex 6.15628 4.64725 1.5
      vertex 6.25534 4.94711 1.5
      vertex 5.55511 4.86235 0.39
    endloop
  endfacet
  facet normal -0.59779 -0.627814 0.498494
    outer loop
      vertex 4.17193 11.0219 0.39
      vertex 4.6197 11.4769 1.5
      vertex 3.9622 11.2216 0.39
    endloop
  endfacet
  facet normal -0.594893 -0.630586 0.498461
    outer loop
      vertex 4.6197 11.4769 1.5
      vertex 4.17193 11.0219 0.39
      vertex 4.62341 11.4734 1.5
    endloop
  endfacet
  facet normal 0.823098 0.272112 0.498463
    outer loop
      vertex -5.55511 4.86235 0.39
      vertex -6.25695 4.95198 1.5
      vertex -6.25534 4.94711 1.5
    endloop
  endfacet
  facet normal 0.823134 0.271933 0.4985
    outer loop
      vertex -6.25695 4.95198 1.5
      vertex -5.55511 4.86235 0.39
      vertex -5.64595 5.13732 0.39
    endloop
  endfacet
  facet normal -0.566321 -0.656357 0.498474
    outer loop
      vertex 3.9622 11.2216 0.39
      vertex 4.14798 11.9043 1.5
      vertex 3.74292 11.4108 0.39
    endloop
  endfacet
  facet normal -0.561176 -0.659807 0.499735
    outer loop
      vertex 4.14798 11.9043 1.5
      vertex 3.9622 11.2216 0.39
      vertex 4.15186 11.901 1.5
    endloop
  endfacet
  facet normal -0.774337 0.389735 0.498507
    outer loop
      vertex 5.76644 3.76777 1.5
      vertex 5.90842 4.04986 1.5
      vertex 5.20333 4.06876 0.39
    endloop
  endfacet
  facet normal -0.866624 0.0212839 0.498507
    outer loop
      vertex 5.89289 6.5605 0.39
      vertex 6.53075 6.5343 1.5
      vertex 5.9 6.85 0.39
    endloop
  endfacet
  facet normal -0.866605 0.0219607 0.498512
    outer loop
      vertex 6.53075 6.5343 1.5
      vertex 5.89289 6.5605 0.39
      vertex 6.53062 6.52917 1.5
    endloop
  endfacet
  facet normal 0.860534 -0.10482 0.498491
    outer loop
      vertex -6.46835 7.80431 1.5
      vertex -5.83614 7.71571 0.39
      vertex -6.46773 7.8094 1.5
    endloop
  endfacet
  facet normal 0.860369 -0.10612 0.498501
    outer loop
      vertex -5.83614 7.71571 0.39
      vertex -6.46835 7.80431 1.5
      vertex -5.87159 7.4283 0.39
    endloop
  endfacet
  facet normal -0.656384 -0.566258 0.49851
    outer loop
      vertex 5.05098 11.0019 1.5
      vertex 4.84471 11.241 1.5
      vertex 4.37161 10.8122 0.39
    endloop
  endfacet
  facet normal 0.792524 -0.351284 0.498502
    outer loop
      vertex -5.33354 9.37257 0.39
      vertex -5.91073 9.64557 1.5
      vertex -6.0387 9.35686 1.5
    endloop
  endfacet
  facet normal 0.656384 -0.566258 0.49851
    outer loop
      vertex -4.37161 10.8122 0.39
      vertex -4.84471 11.241 1.5
      vertex -5.05098 11.0019 1.5
    endloop
  endfacet
  facet normal 0.854124 -0.148206 0.498505
    outer loop
      vertex -5.78663 8.00103 0.39
      vertex -6.41286 8.1256 1.5
      vertex -6.46685 7.81445 1.5
    endloop
  endfacet
  facet normal 0.231394 -0.835435 0.498502
    outer loop
      vertex -1.71268 12.4959 0.39
      vertex -1.59366 13.1912 1.5
      vertex -1.89802 13.1069 1.5
    endloop
  endfacet
  facet normal 0.732388 -0.463782 0.498511
    outer loop
      vertex -5.0606 9.88321 0.39
      vertex -5.4393 10.4783 1.5
      vertex -5.60825 10.2115 1.5
    endloop
  endfacet
  facet normal -0.14796 -0.854145 0.498543
    outer loop
      vertex 1.15103 12.6366 0.39
      vertex 1.2756 13.2629 1.5
      vertex 0.964446 13.3168 1.5
    endloop
  endfacet
  facet normal -0.792524 0.351284 0.498502
    outer loop
      vertex 5.91073 4.05443 1.5
      vertex 6.0387 4.34314 1.5
      vertex 5.33354 4.32743 0.39
    endloop
  endfacet
  facet normal -0.271796 0.823162 0.498529
    outer loop
      vertex 1.98765 1.29489 0.39
      vertex 1.89802 0.59305 1.5
      vertex 1.90289 0.594658 1.5
    endloop
  endfacet
  facet normal -0.271933 0.823134 0.4985
    outer loop
      vertex 1.89802 0.59305 1.5
      vertex 1.98765 1.29489 0.39
      vertex 1.71268 1.20405 0.39
    endloop
  endfacet
  facet normal 0.657428 -0.564714 0.498886
    outer loop
      vertex -5.05433 10.998 1.5
      vertex -4.37161 10.8122 0.39
      vertex -5.05098 11.0019 1.5
    endloop
  endfacet
  facet normal 0.656436 -0.566187 0.498522
    outer loop
      vertex -4.37161 10.8122 0.39
      vertex -5.05433 10.998 1.5
      vertex -4.56076 10.5929 0.39
    endloop
  endfacet
  facet normal -0.866626 0.0212745 0.498505
    outer loop
      vertex 6.53075 6.5343 1.5
      vertex 6.5385 6.85 1.5
      vertex 5.9 6.85 0.39
    endloop
  endfacet
  facet normal 0.854021 -0.148819 0.498499
    outer loop
      vertex -5.83614 7.71571 0.39
      vertex -6.46685 7.81445 1.5
      vertex -6.46773 7.8094 1.5
    endloop
  endfacet
  facet normal 0.854124 -0.148211 0.498503
    outer loop
      vertex -6.46685 7.81445 1.5
      vertex -5.83614 7.71571 0.39
      vertex -5.78663 8.00103 0.39
    endloop
  endfacet
  facet normal 0.681408 -0.536609 0.497728
    outer loop
      vertex -5.25177 10.745 1.5
      vertex -4.56076 10.5929 0.39
      vertex -5.24862 10.749 1.5
    endloop
  endfacet
  facet normal 0.683409 -0.533317 0.498523
    outer loop
      vertex -4.56076 10.5929 0.39
      vertex -5.25177 10.745 1.5
      vertex -4.73892 10.3646 0.39
    endloop
  endfacet
  facet normal -0.835486 0.231216 0.4985
    outer loop
      vertex 6.25695 4.95198 1.5
      vertex 6.34118 5.25634 1.5
      vertex 5.64595 5.13732 0.39
    endloop
  endfacet
  facet normal 0.499071 -0.708801 0.498528
    outer loop
      vertex -3.51463 11.5889 0.39
      vertex -3.63678 12.2836 1.5
      vertex -3.89498 12.1018 1.5
    endloop
  endfacet
  facet normal -0.754271 0.427287 0.498499
    outer loop
      vertex 5.60825 3.48854 1.5
      vertex 5.76391 3.76332 1.5
      vertex 5.0606 3.81679 0.39
    endloop
  endfacet
  facet normal -0.231197 0.835489 0.498503
    outer loop
      vertex 1.71268 1.20405 0.39
      vertex 1.58872 0.507455 1.5
      vertex 1.59366 0.508822 1.5
    endloop
  endfacet
  facet normal -0.231189 0.835491 0.498505
    outer loop
      vertex 1.58872 0.507455 1.5
      vertex 1.71268 1.20405 0.39
      vertex 1.43358 1.12682 0.39
    endloop
  endfacet
  facet normal -0.860369 0.106122 0.498501
    outer loop
      vertex 6.46835 5.89569 1.5
      vertex 6.50701 6.20912 1.5
      vertex 5.87159 6.2717 0.39
    endloop
  endfacet
  facet normal -0.0637732 0.86454 0.498502
    outer loop
      vertex 0.640884 0.34299 1.5
      vertex 0.5783 0.97841 0.39
      vertex 0.32594 0.319758 1.5
    endloop
  endfacet
  facet normal -0.566281 -0.65637 0.498503
    outer loop
      vertex 4.39098 11.6947 1.5
      vertex 4.15186 11.901 1.5
      vertex 3.9622 11.2216 0.39
    endloop
  endfacet
  facet normal 0.835413 0.231683 0.498405
    outer loop
      vertex -5.64595 5.13732 0.39
      vertex -6.34255 5.26128 1.5
      vertex -6.34118 5.25634 1.5
    endloop
  endfacet
  facet normal 0.835489 0.231189 0.498508
    outer loop
      vertex -6.34255 5.26128 1.5
      vertex -5.64595 5.13732 0.39
      vertex -5.72318 5.41642 0.39
    endloop
  endfacet
  facet normal -0.708758 0.499157 0.498503
    outer loop
      vertex 4.73892 3.33537 0.39
      vertex 5.43656 3.21741 1.5
      vertex 4.90567 3.57214 0.39
    endloop
  endfacet
  facet normal -0.708817 0.499048 0.498528
    outer loop
      vertex 5.43656 3.21741 1.5
      vertex 4.73892 3.33537 0.39
      vertex 5.43361 3.21322 1.5
    endloop
  endfacet
  facet normal 0.566223 0.656417 0.498506
    outer loop
      vertex -3.9622 2.47839 0.39
      vertex -4.14798 1.79567 1.5
      vertex -3.74292 2.28924 0.39
    endloop
  endfacet
  facet normal 0.566557 0.656191 0.498423
    outer loop
      vertex -4.14798 1.79567 1.5
      vertex -3.9622 2.47839 0.39
      vertex -4.15186 1.79902 1.5
    endloop
  endfacet
  facet normal 0.463877 -0.732321 0.498522
    outer loop
      vertex -3.03321 11.9106 0.39
      vertex -3.36146 12.4583 1.5
      vertex -3.62826 12.2893 1.5
    endloop
  endfacet
  facet normal -0.754292 -0.427237 0.49851
    outer loop
      vertex 5.76391 9.93668 1.5
      vertex 5.60825 10.2115 1.5
      vertex 5.0606 9.88321 0.39
    endloop
  endfacet
  facet normal -0.732395 0.463786 0.498499
    outer loop
      vertex 5.4393 3.22174 1.5
      vertex 5.60825 3.48854 1.5
      vertex 5.0606 3.81679 0.39
    endloop
  endfacet
  facet normal 0.866626 0.0212745 0.498505
    outer loop
      vertex -6.53075 6.5343 1.5
      vertex -5.9 6.85 0.39
      vertex -6.5385 6.85 1.5
    endloop
  endfacet
  facet normal 0.866624 0.0212839 0.498507
    outer loop
      vertex -6.53075 6.5343 1.5
      vertex -5.89289 6.5605 0.39
      vertex -5.9 6.85 0.39
    endloop
  endfacet
  facet normal 0.866605 0.0219607 0.498512
    outer loop
      vertex -5.89289 6.5605 0.39
      vertex -6.53075 6.5343 1.5
      vertex -6.53062 6.52917 1.5
    endloop
  endfacet
  facet normal 0.860369 -0.106122 0.498501
    outer loop
      vertex -5.87159 7.4283 0.39
      vertex -6.46835 7.80431 1.5
      vertex -6.50701 7.49088 1.5
    endloop
  endfacet
  facet normal 0.351296 0.792519 0.498503
    outer loop
      vertex -2.50686 0.811295 1.5
      vertex -2.52257 1.51646 0.39
      vertex -2.79557 0.93927 1.5
    endloop
  endfacet
  facet normal -0.854124 0.148206 0.498505
    outer loop
      vertex 6.41286 5.5744 1.5
      vertex 6.46685 5.88555 1.5
      vertex 5.78663 5.69897 0.39
    endloop
  endfacet
  facet normal -0.598442 0.627181 0.498509
    outer loop
      vertex 4.17193 2.67807 0.39
      vertex 4.6197 2.22305 1.5
      vertex 4.62341 2.22659 1.5
    endloop
  endfacet
  facet normal -0.597756 0.627841 0.498502
    outer loop
      vertex 4.6197 2.22305 1.5
      vertex 4.17193 2.67807 0.39
      vertex 3.9622 2.47839 0.39
    endloop
  endfacet
  facet normal -0.23139 -0.835458 0.498466
    outer loop
      vertex 1.71268 12.4959 0.39
      vertex 1.58872 13.1925 1.5
      vertex 1.43358 12.5732 0.39
    endloop
  endfacet
  facet normal -0.220289 -0.8371 0.500736
    outer loop
      vertex 1.58872 13.1925 1.5
      vertex 1.71268 12.4959 0.39
      vertex 1.59366 13.1912 1.5
    endloop
  endfacet
  facet normal 0.656411 0.566234 0.498502
    outer loop
      vertex -4.84471 2.45902 1.5
      vertex -4.37161 2.8878 0.39
      vertex -5.05098 2.69814 1.5
    endloop
  endfacet
  facet normal 0.271926 0.823135 0.498502
    outer loop
      vertex -1.90289 0.594658 1.5
      vertex -1.98765 1.29489 0.39
      vertex -2.20275 0.693718 1.5
    endloop
  endfacet
  facet normal 0.845824 0.189934 0.498505
    outer loop
      vertex -6.34367 5.26628 1.5
      vertex -5.78663 5.69897 0.39
      vertex -6.41286 5.5744 1.5
    endloop
  endfacet
  facet normal -0.656411 0.566234 0.498502
    outer loop
      vertex 4.84471 2.45902 1.5
      vertex 5.05098 2.69814 1.5
      vertex 4.37161 2.8878 0.39
    endloop
  endfacet
  facet normal -0.427155 -0.75433 0.498523
    outer loop
      vertex 3.36146 12.4583 1.5
      vertex 3.08668 12.6139 1.5
      vertex 3.03321 11.9106 0.39
    endloop
  endfacet
  facet normal 0.18994 0.845823 0.498505
    outer loop
      vertex -1.2756 0.43714 1.5
      vertex -1.15103 1.06337 0.39
      vertex -1.58372 0.506332 1.5
    endloop
  endfacet
  facet normal -0.835413 -0.231683 0.498405
    outer loop
      vertex 5.64595 8.56268 0.39
      vertex 6.34255 8.43872 1.5
      vertex 6.34118 8.44366 1.5
    endloop
  endfacet
  facet normal -0.835489 -0.231189 0.498508
    outer loop
      vertex 6.34255 8.43872 1.5
      vertex 5.64595 8.56268 0.39
      vertex 5.72318 8.28358 0.39
    endloop
  endfacet
  facet normal 0.189955 -0.845796 0.498545
    outer loop
      vertex -1.15103 12.6366 0.39
      vertex -1.2756 13.2629 1.5
      vertex -1.58372 13.1937 1.5
    endloop
  endfacet
  facet normal 0.864503 0.0642879 0.498499
    outer loop
      vertex -6.53024 6.52406 1.5
      vertex -5.89289 6.5605 0.39
      vertex -6.53062 6.52917 1.5
    endloop
  endfacet
  facet normal 0.86454 0.0637628 0.498503
    outer loop
      vertex -5.89289 6.5605 0.39
      vertex -6.53024 6.52406 1.5
      vertex -5.87159 6.2717 0.39
    endloop
  endfacet
  facet normal -0.627841 0.597756 0.498502
    outer loop
      vertex 4.17193 2.67807 0.39
      vertex 4.62695 2.2303 1.5
      vertex 4.37161 2.8878 0.39
    endloop
  endfacet
  facet normal -0.627181 0.598442 0.498509
    outer loop
      vertex 4.62695 2.2303 1.5
      vertex 4.17193 2.67807 0.39
      vertex 4.62341 2.22659 1.5
    endloop
  endfacet
  facet normal 0.499157 0.708758 0.498503
    outer loop
      vertex -3.51463 2.11108 0.39
      vertex -3.63259 1.41344 1.5
      vertex -3.27786 1.94433 0.39
    endloop
  endfacet
  facet normal 0.499048 0.708817 0.498528
    outer loop
      vertex -3.63259 1.41344 1.5
      vertex -3.51463 2.11108 0.39
      vertex -3.63678 1.41639 1.5
    endloop
  endfacet
  facet normal 0.79247 -0.351458 0.498466
    outer loop
      vertex -6.04078 9.35217 1.5
      vertex -5.33354 9.37257 0.39
      vertex -6.0387 9.35686 1.5
    endloop
  endfacet
  facet normal 0.79252 -0.351296 0.4985
    outer loop
      vertex -5.33354 9.37257 0.39
      vertex -6.04078 9.35217 1.5
      vertex -5.45089 9.10783 0.39
    endloop
  endfacet
  facet normal -0.463786 0.732395 0.498499
    outer loop
      vertex 3.36146 1.24175 1.5
      vertex 3.62826 1.4107 1.5
      vertex 3.03321 1.7894 0.39
    endloop
  endfacet
  facet normal 0.656417 0.566223 0.498506
    outer loop
      vertex -5.05433 2.70202 1.5
      vertex -4.37161 2.8878 0.39
      vertex -4.56076 3.10708 0.39
    endloop
  endfacet
  facet normal 0.656191 0.566557 0.498423
    outer loop
      vertex -4.37161 2.8878 0.39
      vertex -5.05433 2.70202 1.5
      vertex -5.05098 2.69814 1.5
    endloop
  endfacet
  facet normal -0.0213105 0.866626 0.498503
    outer loop
      vertex 0.289498 0.957107 0.39
      vertex 0.315705 0.319255 1.5
      vertex 0.320829 0.319381 1.5
    endloop
  endfacet
  facet normal -0.0212752 0.866627 0.498502
    outer loop
      vertex 0.315705 0.319255 1.5
      vertex 0.289498 0.957107 0.39
      vertex 0 0.95 0.39
    endloop
  endfacet
  facet normal -0.854021 0.148819 0.498499
    outer loop
      vertex 5.83614 5.98429 0.39
      vertex 6.46685 5.88555 1.5
      vertex 6.46773 5.8906 1.5
    endloop
  endfacet
  facet normal -0.854124 0.148211 0.498503
    outer loop
      vertex 6.46685 5.88555 1.5
      vertex 5.83614 5.98429 0.39
      vertex 5.78663 5.69897 0.39
    endloop
  endfacet
  facet normal -0.389746 0.774331 0.498507
    outer loop
      vertex 2.80014 0.941575 1.5
      vertex 3.08223 1.08356 1.5
      vertex 2.78124 1.64667 0.39
    endloop
  endfacet
  facet normal 0.754292 -0.427237 0.49851
    outer loop
      vertex -5.0606 9.88321 0.39
      vertex -5.60825 10.2115 1.5
      vertex -5.76391 9.93668 1.5
    endloop
  endfacet
  facet normal 0.597755 0.627841 0.498502
    outer loop
      vertex -4.39098 2.00529 1.5
      vertex -3.9622 2.47839 0.39
      vertex -4.6197 2.22305 1.5
    endloop
  endfacet
  facet normal 0.427287 0.754271 0.498499
    outer loop
      vertex -3.08668 1.08609 1.5
      vertex -3.03321 1.7894 0.39
      vertex -3.36146 1.24175 1.5
    endloop
  endfacet
  facet normal 0.463786 0.732395 0.498499
    outer loop
      vertex -3.36146 1.24175 1.5
      vertex -3.03321 1.7894 0.39
      vertex -3.62826 1.4107 1.5
    endloop
  endfacet
  facet normal 0.773821 -0.391144 0.498204
    outer loop
      vertex -5.91073 9.64557 1.5
      vertex -5.20333 9.63124 0.39
      vertex -5.90842 9.65014 1.5
    endloop
  endfacet
  facet normal 0.774318 -0.389778 0.498503
    outer loop
      vertex -5.20333 9.63124 0.39
      vertex -5.91073 9.64557 1.5
      vertex -5.33354 9.37257 0.39
    endloop
  endfacet
  facet normal -0.311988 0.808801 0.498502
    outer loop
      vertex 2.20275 0.693718 1.5
      vertex 2.49739 0.807373 1.5
      vertex 1.98765 1.29489 0.39
    endloop
  endfacet
  facet normal -0.845824 0.189934 0.498505
    outer loop
      vertex 6.34367 5.26628 1.5
      vertex 6.41286 5.5744 1.5
      vertex 5.78663 5.69897 0.39
    endloop
  endfacet
  facet normal -0.0212742 0.866627 0.498502
    outer loop
      vertex 0.315705 0.319255 1.5
      vertex 0 0.95 0.39
      vertex 0 0.311505 1.5
    endloop
  endfacet
  facet normal 0.845824 -0.189934 0.498505
    outer loop
      vertex -5.78663 8.00103 0.39
      vertex -6.34367 8.43372 1.5
      vertex -6.41286 8.1256 1.5
    endloop
  endfacet
  facet normal 0.231189 0.835491 0.498505
    outer loop
      vertex -1.71268 1.20405 0.39
      vertex -1.58872 0.507455 1.5
      vertex -1.43358 1.12682 0.39
    endloop
  endfacet
  facet normal 0.231197 0.835489 0.498503
    outer loop
      vertex -1.58872 0.507455 1.5
      vertex -1.71268 1.20405 0.39
      vertex -1.59366 0.508822 1.5
    endloop
  endfacet
  facet normal 0.683407 0.533335 0.498506
    outer loop
      vertex -5.05433 2.70202 1.5
      vertex -4.56076 3.10708 0.39
      vertex -5.24862 2.95098 1.5
    endloop
  endfacet
  facet normal 0.683406 0.533338 0.498504
    outer loop
      vertex -5.25177 2.95502 1.5
      vertex -4.56076 3.10708 0.39
      vertex -4.73892 3.33537 0.39
    endloop
  endfacet
  facet normal 0.683605 0.533009 0.498583
    outer loop
      vertex -4.56076 3.10708 0.39
      vertex -5.25177 2.95502 1.5
      vertex -5.24862 2.95098 1.5
    endloop
  endfacet
  facet normal -0.499071 -0.708801 0.498528
    outer loop
      vertex 3.89498 12.1018 1.5
      vertex 3.63678 12.2836 1.5
      vertex 3.51463 11.5889 0.39
    endloop
  endfacet
  facet normal 0.271933 0.823134 0.4985
    outer loop
      vertex -1.98765 1.29489 0.39
      vertex -1.89802 0.59305 1.5
      vertex -1.71268 1.20405 0.39
    endloop
  endfacet
  facet normal 0.271796 0.823162 0.498529
    outer loop
      vertex -1.89802 0.59305 1.5
      vertex -1.98765 1.29489 0.39
      vertex -1.90289 0.594658 1.5
    endloop
  endfacet
  facet normal 0.311988 0.808801 0.498502
    outer loop
      vertex -2.20275 0.693718 1.5
      vertex -1.98765 1.29489 0.39
      vertex -2.49739 0.807373 1.5
    endloop
  endfacet
  facet normal -0.835486 -0.231216 0.4985
    outer loop
      vertex 6.34118 8.44366 1.5
      vertex 6.25695 8.74802 1.5
      vertex 5.64595 8.56268 0.39
    endloop
  endfacet
  facet normal -0.860369 0.10612 0.498501
    outer loop
      vertex 5.83614 5.98429 0.39
      vertex 6.46835 5.89569 1.5
      vertex 5.87159 6.2717 0.39
    endloop
  endfacet
  facet normal -0.860534 0.10482 0.498491
    outer loop
      vertex 6.46835 5.89569 1.5
      vertex 5.83614 5.98429 0.39
      vertex 6.46773 5.8906 1.5
    endloop
  endfacet
  facet normal -0.808446 -0.312892 0.49851
    outer loop
      vertex 5.45089 9.10783 0.39
      vertex 6.04263 9.34739 1.5
      vertex 6.04078 9.35217 1.5
    endloop
  endfacet
  facet normal -0.8088 -0.311989 0.498504
    outer loop
      vertex 6.04263 9.34739 1.5
      vertex 5.45089 9.10783 0.39
      vertex 5.55511 8.83765 0.39
    endloop
  endfacet
  facet normal 0.683442 -0.533277 0.49852
    outer loop
      vertex -4.56076 10.5929 0.39
      vertex -5.05433 10.998 1.5
      vertex -5.24862 10.749 1.5
    endloop
  endfacet
  facet normal 0.845822 0.189939 0.498506
    outer loop
      vertex -6.34367 5.26628 1.5
      vertex -5.72318 5.41642 0.39
      vertex -5.78663 5.69897 0.39
    endloop
  endfacet
  facet normal 0.845925 0.189487 0.498503
    outer loop
      vertex -5.72318 5.41642 0.39
      vertex -6.34367 5.26628 1.5
      vertex -6.34255 5.26128 1.5
    endloop
  endfacet
  facet normal 0.566234 0.656411 0.498502
    outer loop
      vertex -4.15186 1.79902 1.5
      vertex -3.9622 2.47839 0.39
      vertex -4.39098 2.00529 1.5
    endloop
  endfacet
  facet normal -0.773821 -0.391144 0.498204
    outer loop
      vertex 5.20333 9.63124 0.39
      vertex 5.91073 9.64557 1.5
      vertex 5.90842 9.65014 1.5
    endloop
  endfacet
  facet normal -0.774318 -0.389778 0.498503
    outer loop
      vertex 5.91073 9.64557 1.5
      vertex 5.20333 9.63124 0.39
      vertex 5.33354 9.37257 0.39
    endloop
  endfacet
  facet normal 0.106113 0.86037 0.498502
    outer loop
      vertex -0.640884 0.34299 1.5
      vertex -0.5783 0.97841 0.39
      vertex -0.95431 0.381646 1.5
    endloop
  endfacet
  facet normal 0.866626 -0.0212745 0.498505
    outer loop
      vertex -5.9 6.85 0.39
      vertex -6.53075 7.1657 1.5
      vertex -6.5385 6.85 1.5
    endloop
  endfacet
  facet normal 0.106121 0.860368 0.498504
    outer loop
      vertex -0.865709 1.01386 0.39
      vertex -0.95431 0.381646 1.5
      vertex -0.5783 0.97841 0.39
    endloop
  endfacet
  facet normal 0.106233 0.860353 0.498504
    outer loop
      vertex -0.95431 0.381646 1.5
      vertex -0.865709 1.01386 0.39
      vertex -0.959396 0.382274 1.5
    endloop
  endfacet
  facet normal 0.538718 -0.680131 0.497197
    outer loop
      vertex -3.74292 11.4108 0.39
      vertex -3.89498 12.1018 1.5
      vertex -3.89902 12.0986 1.5
    endloop
  endfacet
  facet normal 0.533217 -0.683482 0.498529
    outer loop
      vertex -3.89498 12.1018 1.5
      vertex -3.74292 11.4108 0.39
      vertex -3.51463 11.5889 0.39
    endloop
  endfacet
  facet normal 0.86454 0.0637686 0.498502
    outer loop
      vertex -6.50701 6.20912 1.5
      vertex -5.87159 6.2717 0.39
      vertex -6.53024 6.52406 1.5
    endloop
  endfacet
  facet normal -0.597755 0.627841 0.498502
    outer loop
      vertex 4.39098 2.00529 1.5
      vertex 4.6197 2.22305 1.5
      vertex 3.9622 2.47839 0.39
    endloop
  endfacet
  facet normal 0.533335 0.683407 0.498506
    outer loop
      vertex -3.89902 1.60138 1.5
      vertex -3.74292 2.28924 0.39
      vertex -4.14798 1.79567 1.5
    endloop
  endfacet
  facet normal 0.533364 -0.683408 0.498474
    outer loop
      vertex -3.74292 11.4108 0.39
      vertex -3.89902 12.0986 1.5
      vertex -4.14798 11.9043 1.5
    endloop
  endfacet
  facet normal -0.86454 -0.0637628 0.498503
    outer loop
      vertex 5.89289 7.1395 0.39
      vertex 6.53024 7.17594 1.5
      vertex 5.87159 7.4283 0.39
    endloop
  endfacet
  facet normal -0.864503 -0.0642879 0.498499
    outer loop
      vertex 6.53024 7.17594 1.5
      vertex 5.89289 7.1395 0.39
      vertex 6.53062 7.17083 1.5
    endloop
  endfacet
  facet normal -0.38978 -0.774317 0.498503
    outer loop
      vertex 3.08223 12.6164 1.5
      vertex 2.80014 12.7584 1.5
      vertex 2.78124 12.0533 0.39
    endloop
  endfacet
  facet normal -0.106233 0.860353 0.498504
    outer loop
      vertex 0.865709 1.01386 0.39
      vertex 0.95431 0.381646 1.5
      vertex 0.959396 0.382274 1.5
    endloop
  endfacet
  facet normal -0.106121 0.860368 0.498504
    outer loop
      vertex 0.95431 0.381646 1.5
      vertex 0.865709 1.01386 0.39
      vertex 0.5783 0.97841 0.39
    endloop
  endfacet
  facet normal 0.11819 -0.858735 0.498603
    outer loop
      vertex -0.865709 12.6861 0.39
      vertex -0.95431 13.3184 1.5
      vertex -0.959396 13.3177 1.5
    endloop
  endfacet
  facet normal 0.106264 -0.86032 0.498555
    outer loop
      vertex -0.95431 13.3184 1.5
      vertex -0.865709 12.6861 0.39
      vertex -0.5783 12.7216 0.39
    endloop
  endfacet
  facet normal 0.270532 -0.823431 0.498772
    outer loop
      vertex -1.98765 12.4051 0.39
      vertex -1.89802 13.1069 1.5
      vertex -1.90289 13.1053 1.5
    endloop
  endfacet
  facet normal 0.271825 -0.823169 0.498501
    outer loop
      vertex -1.89802 13.1069 1.5
      vertex -1.98765 12.4051 0.39
      vertex -1.71268 12.4959 0.39
    endloop
  endfacet
  facet normal -0.0214113 -0.866623 0.498504
    outer loop
      vertex 0.315705 13.3807 1.5
      vertex 0 13.3885 1.5
      vertex 0 12.75 0.39
    endloop
  endfacet
  facet normal -0.823136 -0.271926 0.498501
    outer loop
      vertex 6.25534 8.75289 1.5
      vertex 6.15628 9.05275 1.5
      vertex 5.55511 8.83765 0.39
    endloop
  endfacet
  facet normal -0.311941 -0.808832 0.498481
    outer loop
      vertex 2.25783 12.3009 0.39
      vertex 2.49739 12.8926 1.5
      vertex 1.98765 12.4051 0.39
    endloop
  endfacet
  facet normal -0.305517 -0.811318 0.49842
    outer loop
      vertex 2.49739 12.8926 1.5
      vertex 2.25783 12.3009 0.39
      vertex 2.50217 12.8908 1.5
    endloop
  endfacet
  facet normal -0.231211 0.835487 0.4985
    outer loop
      vertex 1.89802 0.59305 1.5
      vertex 1.71268 1.20405 0.39
      vertex 1.59366 0.508822 1.5
    endloop
  endfacet
  facet normal -0.626366 -0.599279 0.498528
    outer loop
      vertex 4.17193 11.0219 0.39
      vertex 4.62695 11.4697 1.5
      vertex 4.62341 11.4734 1.5
    endloop
  endfacet
  facet normal -0.627793 -0.597795 0.498515
    outer loop
      vertex 4.62695 11.4697 1.5
      vertex 4.17193 11.0219 0.39
      vertex 4.37161 10.8122 0.39
    endloop
  endfacet
  facet normal 0.0212752 0.866627 0.498502
    outer loop
      vertex -0.289498 0.957107 0.39
      vertex -0.315705 0.319255 1.5
      vertex 0 0.95 0.39
    endloop
  endfacet
  facet normal 0.0213105 0.866626 0.498503
    outer loop
      vertex -0.315705 0.319255 1.5
      vertex -0.289498 0.957107 0.39
      vertex -0.320829 0.319381 1.5
    endloop
  endfacet
  facet normal 0.808446 -0.312892 0.49851
    outer loop
      vertex -6.04263 9.34739 1.5
      vertex -5.45089 9.10783 0.39
      vertex -6.04078 9.35217 1.5
    endloop
  endfacet
  facet normal 0.8088 -0.311989 0.498504
    outer loop
      vertex -5.45089 9.10783 0.39
      vertex -6.04263 9.34739 1.5
      vertex -5.55511 8.83765 0.39
    endloop
  endfacet
  facet normal -0.18997 0.845816 0.498505
    outer loop
      vertex 1.43358 1.12682 0.39
      vertex 1.58372 0.506332 1.5
      vertex 1.58872 0.507455 1.5
    endloop
  endfacet
  facet normal -0.18994 0.845823 0.498505
    outer loop
      vertex 1.58372 0.506332 1.5
      vertex 1.43358 1.12682 0.39
      vertex 1.15103 1.06337 0.39
    endloop
  endfacet
  facet normal -0.808806 0.311977 0.498501
    outer loop
      vertex 6.04263 4.35261 1.5
      vertex 6.15628 4.64725 1.5
      vertex 5.55511 4.86235 0.39
    endloop
  endfacet
  facet normal 0.0169157 -0.866762 0.498436
    outer loop
      vertex -0.289498 12.7429 0.39
      vertex -0.315705 13.3807 1.5
      vertex -0.320829 13.3806 1.5
    endloop
  endfacet
  facet normal 0.0212547 -0.866645 0.498472
    outer loop
      vertex -0.315705 13.3807 1.5
      vertex -0.289498 12.7429 0.39
      vertex 0 12.75 0.39
    endloop
  endfacet
  facet normal 0.860369 0.10612 0.498501
    outer loop
      vertex -6.46835 5.89569 1.5
      vertex -5.83614 5.98429 0.39
      vertex -5.87159 6.2717 0.39
    endloop
  endfacet
  facet normal 0.860534 0.10482 0.498491
    outer loop
      vertex -5.83614 5.98429 0.39
      vertex -6.46835 5.89569 1.5
      vertex -6.46773 5.8906 1.5
    endloop
  endfacet
  facet normal -0.845822 0.189939 0.498506
    outer loop
      vertex 5.72318 5.41642 0.39
      vertex 6.34367 5.26628 1.5
      vertex 5.78663 5.69897 0.39
    endloop
  endfacet
  facet normal -0.845925 0.189487 0.498503
    outer loop
      vertex 6.34367 5.26628 1.5
      vertex 5.72318 5.41642 0.39
      vertex 6.34255 5.26128 1.5
    endloop
  endfacet
  facet normal 0.808806 -0.311977 0.498501
    outer loop
      vertex -5.55511 8.83765 0.39
      vertex -6.04263 9.34739 1.5
      vertex -6.15628 9.05275 1.5
    endloop
  endfacet
  facet normal 0.354418 -0.791534 0.497857
    outer loop
      vertex -2.52257 12.1835 0.39
      vertex -2.50217 12.8908 1.5
      vertex -2.50686 12.8887 1.5
    endloop
  endfacet
  facet normal 0.351421 -0.792463 0.498504
    outer loop
      vertex -2.50217 12.8908 1.5
      vertex -2.52257 12.1835 0.39
      vertex -2.25783 12.3009 0.39
    endloop
  endfacet
  facet normal 0.499152 0.70876 0.498504
    outer loop
      vertex -3.63678 1.41639 1.5
      vertex -3.51463 2.11108 0.39
      vertex -3.89498 1.59823 1.5
    endloop
  endfacet
  facet normal -0.683406 0.533338 0.498504
    outer loop
      vertex 4.56076 3.10708 0.39
      vertex 5.25177 2.95502 1.5
      vertex 4.73892 3.33537 0.39
    endloop
  endfacet
  facet normal -0.683605 0.533009 0.498583
    outer loop
      vertex 5.25177 2.95502 1.5
      vertex 4.56076 3.10708 0.39
      vertex 5.24862 2.95098 1.5
    endloop
  endfacet
  facet normal -0.835489 0.231189 0.498508
    outer loop
      vertex 5.64595 5.13732 0.39
      vertex 6.34255 5.26128 1.5
      vertex 5.72318 5.41642 0.39
    endloop
  endfacet
  facet normal -0.835413 0.231683 0.498405
    outer loop
      vertex 6.34255 5.26128 1.5
      vertex 5.64595 5.13732 0.39
      vertex 6.34118 5.25634 1.5
    endloop
  endfacet
  facet normal -0.79252 0.351296 0.4985
    outer loop
      vertex 5.33354 4.32743 0.39
      vertex 6.04078 4.34783 1.5
      vertex 5.45089 4.59217 0.39
    endloop
  endfacet
  facet normal -0.79247 0.351458 0.498466
    outer loop
      vertex 6.04078 4.34783 1.5
      vertex 5.33354 4.32743 0.39
      vertex 6.0387 4.34314 1.5
    endloop
  endfacet
  facet normal 0.835486 0.231216 0.4985
    outer loop
      vertex -6.25695 4.95198 1.5
      vertex -5.64595 5.13732 0.39
      vertex -6.34118 5.25634 1.5
    endloop
  endfacet
  facet normal 0.823136 -0.271926 0.498501
    outer loop
      vertex -5.55511 8.83765 0.39
      vertex -6.15628 9.05275 1.5
      vertex -6.25534 8.75289 1.5
    endloop
  endfacet
  facet normal 0.533338 0.683406 0.498504
    outer loop
      vertex -3.74292 2.28924 0.39
      vertex -3.89498 1.59823 1.5
      vertex -3.51463 2.11108 0.39
    endloop
  endfacet
  facet normal 0.533009 0.683605 0.498583
    outer loop
      vertex -3.89498 1.59823 1.5
      vertex -3.74292 2.28924 0.39
      vertex -3.89902 1.60138 1.5
    endloop
  endfacet
  facet normal -0.566234 0.656411 0.498502
    outer loop
      vertex 4.15186 1.79902 1.5
      vertex 4.39098 2.00529 1.5
      vertex 3.9622 2.47839 0.39
    endloop
  endfacet
  facet normal -0.148211 0.854124 0.498503
    outer loop
      vertex 0.865709 1.01386 0.39
      vertex 0.964446 0.38315 1.5
      vertex 1.15103 1.06337 0.39
    endloop
  endfacet
  facet normal -0.148162 0.854132 0.498504
    outer loop
      vertex 0.964446 0.38315 1.5
      vertex 0.865709 1.01386 0.39
      vertex 0.959396 0.382274 1.5
    endloop
  endfacet
  facet normal -0.708752 -0.499146 0.498521
    outer loop
      vertex 5.43361 10.4868 1.5
      vertex 5.25177 10.745 1.5
      vertex 4.73892 10.3646 0.39
    endloop
  endfacet
  facet normal 0.0212742 0.866627 0.498502
    outer loop
      vertex 0 0.311505 1.5
      vertex 0 0.95 0.39
      vertex -0.315705 0.319255 1.5
    endloop
  endfacet
  facet normal -0.390428 0.774082 0.498361
    outer loop
      vertex 2.78124 1.64667 0.39
      vertex 2.79557 0.93927 1.5
      vertex 2.80014 0.941575 1.5
    endloop
  endfacet
  facet normal -0.389778 0.774318 0.498503
    outer loop
      vertex 2.79557 0.93927 1.5
      vertex 2.78124 1.64667 0.39
      vertex 2.52257 1.51646 0.39
    endloop
  endfacet
  facet normal -0.351296 0.792519 0.498503
    outer loop
      vertex 2.79557 0.93927 1.5
      vertex 2.52257 1.51646 0.39
      vertex 2.50686 0.811295 1.5
    endloop
  endfacet
  facet normal -0.533364 -0.683408 0.498474
    outer loop
      vertex 4.14798 11.9043 1.5
      vertex 3.89902 12.0986 1.5
      vertex 3.74292 11.4108 0.39
    endloop
  endfacet
  facet normal 0.860369 0.106122 0.498501
    outer loop
      vertex -6.46835 5.89569 1.5
      vertex -5.87159 6.2717 0.39
      vertex -6.50701 6.20912 1.5
    endloop
  endfacet
  facet normal 0.351296 0.79252 0.498501
    outer loop
      vertex -2.52257 1.51646 0.39
      vertex -2.50217 0.809218 1.5
      vertex -2.25783 1.39911 0.39
    endloop
  endfacet
  facet normal 0.351012 0.792607 0.498563
    outer loop
      vertex -2.50217 0.809218 1.5
      vertex -2.52257 1.51646 0.39
      vertex -2.50686 0.811295 1.5
    endloop
  endfacet
  facet normal -0.106113 0.86037 0.498502
    outer loop
      vertex 0.640884 0.34299 1.5
      vertex 0.95431 0.381646 1.5
      vertex 0.5783 0.97841 0.39
    endloop
  endfacet
  facet normal 0.754271 0.427287 0.498499
    outer loop
      vertex -5.60825 3.48854 1.5
      vertex -5.0606 3.81679 0.39
      vertex -5.76391 3.76332 1.5
    endloop
  endfacet
  facet normal -0.860534 -0.10482 0.498491
    outer loop
      vertex 5.83614 7.71571 0.39
      vertex 6.46835 7.80431 1.5
      vertex 6.46773 7.8094 1.5
    endloop
  endfacet
  facet normal -0.860369 -0.10612 0.498501
    outer loop
      vertex 6.46835 7.80431 1.5
      vertex 5.83614 7.71571 0.39
      vertex 5.87159 7.4283 0.39
    endloop
  endfacet
  facet normal 0.427155 -0.75433 0.498523
    outer loop
      vertex -3.03321 11.9106 0.39
      vertex -3.08668 12.6139 1.5
      vertex -3.36146 12.4583 1.5
    endloop
  endfacet
  facet normal -0.148204 0.854125 0.498505
    outer loop
      vertex 1.2756 0.43714 1.5
      vertex 1.15103 1.06337 0.39
      vertex 0.964446 0.38315 1.5
    endloop
  endfacet
  facet normal -0.18994 0.845823 0.498505
    outer loop
      vertex 1.2756 0.43714 1.5
      vertex 1.58372 0.506332 1.5
      vertex 1.15103 1.06337 0.39
    endloop
  endfacet
  facet normal -0.845824 -0.189934 0.498505
    outer loop
      vertex 6.41286 8.1256 1.5
      vertex 6.34367 8.43372 1.5
      vertex 5.78663 8.00103 0.39
    endloop
  endfacet
  facet normal 0.854021 0.148819 0.498499
    outer loop
      vertex -6.46685 5.88555 1.5
      vertex -5.83614 5.98429 0.39
      vertex -6.46773 5.8906 1.5
    endloop
  endfacet
  facet normal 0.854124 0.148211 0.498503
    outer loop
      vertex -5.83614 5.98429 0.39
      vertex -6.46685 5.88555 1.5
      vertex -5.78663 5.69897 0.39
    endloop
  endfacet
  facet normal 0.312093 -0.808752 0.498516
    outer loop
      vertex -1.98765 12.4051 0.39
      vertex -2.20275 13.0063 1.5
      vertex -2.49739 12.8926 1.5
    endloop
  endfacet
  facet normal -0.533335 0.683407 0.498506
    outer loop
      vertex 3.89902 1.60138 1.5
      vertex 4.14798 1.79567 1.5
      vertex 3.74292 2.28924 0.39
    endloop
  endfacet
  facet normal -0.854124 -0.148211 0.498503
    outer loop
      vertex 5.83614 7.71571 0.39
      vertex 6.46685 7.81445 1.5
      vertex 5.78663 8.00103 0.39
    endloop
  endfacet
  facet normal -0.854021 -0.148819 0.498499
    outer loop
      vertex 6.46685 7.81445 1.5
      vertex 5.83614 7.71571 0.39
      vertex 6.46773 7.8094 1.5
    endloop
  endfacet
  facet normal -0.312093 -0.808752 0.498516
    outer loop
      vertex 2.49739 12.8926 1.5
      vertex 2.20275 13.0063 1.5
      vertex 1.98765 12.4051 0.39
    endloop
  endfacet
  facet normal -0.271825 -0.823169 0.498501
    outer loop
      vertex 1.98765 12.4051 0.39
      vertex 1.89802 13.1069 1.5
      vertex 1.71268 12.4959 0.39
    endloop
  endfacet
  facet normal -0.270532 -0.823431 0.498772
    outer loop
      vertex 1.89802 13.1069 1.5
      vertex 1.98765 12.4051 0.39
      vertex 1.90289 13.1053 1.5
    endloop
  endfacet
  facet normal 0.8088 0.311989 0.498504
    outer loop
      vertex -6.04263 4.35261 1.5
      vertex -5.45089 4.59217 0.39
      vertex -5.55511 4.86235 0.39
    endloop
  endfacet
  facet normal 0.808446 0.312892 0.49851
    outer loop
      vertex -5.45089 4.59217 0.39
      vertex -6.04263 4.35261 1.5
      vertex -6.04078 4.34783 1.5
    endloop
  endfacet
  facet normal 0.627812 -0.59778 0.49851
    outer loop
      vertex -4.37161 10.8122 0.39
      vertex -4.62695 11.4697 1.5
      vertex -4.84471 11.241 1.5
    endloop
  endfacet
  facet normal -0.709275 -0.498181 0.498742
    outer loop
      vertex 4.73892 10.3646 0.39
      vertex 5.43656 10.4826 1.5
      vertex 5.43361 10.4868 1.5
    endloop
  endfacet
  facet normal -0.708694 -0.499259 0.498491
    outer loop
      vertex 5.43656 10.4826 1.5
      vertex 4.73892 10.3646 0.39
      vertex 4.90567 10.1279 0.39
    endloop
  endfacet
  facet normal -0.231394 -0.835435 0.498502
    outer loop
      vertex 1.71268 12.4959 0.39
      vertex 1.89802 13.1069 1.5
      vertex 1.59366 13.1912 1.5
    endloop
  endfacet
  facet normal 0.389712 -0.774342 0.498517
    outer loop
      vertex -2.78124 12.0533 0.39
      vertex -2.79557 12.7607 1.5
      vertex -2.80014 12.7584 1.5
    endloop
  endfacet
  facet normal 0.389753 -0.774327 0.498508
    outer loop
      vertex -2.79557 12.7607 1.5
      vertex -2.78124 12.0533 0.39
      vertex -2.52257 12.1835 0.39
    endloop
  endfacet
  facet normal 0.0637732 0.86454 0.498502
    outer loop
      vertex -0.32594 0.319758 1.5
      vertex -0.5783 0.97841 0.39
      vertex -0.640884 0.34299 1.5
    endloop
  endfacet
  facet normal 0.774318 0.389778 0.498503
    outer loop
      vertex -5.91073 4.05443 1.5
      vertex -5.20333 4.06876 0.39
      vertex -5.33354 4.32743 0.39
    endloop
  endfacet
  facet normal 0.773821 0.391144 0.498204
    outer loop
      vertex -5.20333 4.06876 0.39
      vertex -5.91073 4.05443 1.5
      vertex -5.90842 4.04986 1.5
    endloop
  endfacet
  facet normal 0.854124 0.148206 0.498505
    outer loop
      vertex -6.41286 5.5744 1.5
      vertex -5.78663 5.69897 0.39
      vertex -6.46685 5.88555 1.5
    endloop
  endfacet
  facet normal -0.0212547 -0.866645 0.498472
    outer loop
      vertex 0.289498 12.7429 0.39
      vertex 0.315705 13.3807 1.5
      vertex 0 12.75 0.39
    endloop
  endfacet
  facet normal -0.0169157 -0.866762 0.498436
    outer loop
      vertex 0.315705 13.3807 1.5
      vertex 0.289498 12.7429 0.39
      vertex 0.320829 13.3806 1.5
    endloop
  endfacet
  facet normal -0.683442 -0.533277 0.49852
    outer loop
      vertex 5.24862 10.749 1.5
      vertex 5.05433 10.998 1.5
      vertex 4.56076 10.5929 0.39
    endloop
  endfacet
  facet normal 0.597813 -0.627786 0.498501
    outer loop
      vertex -3.9622 11.2216 0.39
      vertex -4.39098 11.6947 1.5
      vertex -4.6197 11.4769 1.5
    endloop
  endfacet
  facet normal 0.774337 0.389735 0.498507
    outer loop
      vertex -5.76644 3.76777 1.5
      vertex -5.20333 4.06876 0.39
      vertex -5.90842 4.04986 1.5
    endloop
  endfacet
  facet normal -0.351352 -0.79249 0.498509
    outer loop
      vertex 2.52257 12.1835 0.39
      vertex 2.79557 12.7607 1.5
      vertex 2.50686 12.8887 1.5
    endloop
  endfacet
  facet normal 0.105962 -0.860394 0.498492
    outer loop
      vertex -0.5783 12.7216 0.39
      vertex -0.640884 13.357 1.5
      vertex -0.95431 13.3184 1.5
    endloop
  endfacet
  facet normal -0.389753 -0.774327 0.498508
    outer loop
      vertex 2.78124 12.0533 0.39
      vertex 2.79557 12.7607 1.5
      vertex 2.52257 12.1835 0.39
    endloop
  endfacet
  facet normal -0.389712 -0.774342 0.498517
    outer loop
      vertex 2.79557 12.7607 1.5
      vertex 2.78124 12.0533 0.39
      vertex 2.80014 12.7584 1.5
    endloop
  endfacet
  facet normal -0.152102 -0.853462 0.498465
    outer loop
      vertex 0.865709 12.6861 0.39
      vertex 0.964446 13.3168 1.5
      vertex 0.959396 13.3177 1.5
    endloop
  endfacet
  facet normal -0.148182 -0.854132 0.498498
    outer loop
      vertex 0.964446 13.3168 1.5
      vertex 0.865709 12.6861 0.39
      vertex 1.15103 12.6366 0.39
    endloop
  endfacet
  facet normal -0.189955 -0.845796 0.498545
    outer loop
      vertex 1.58372 13.1937 1.5
      vertex 1.2756 13.2629 1.5
      vertex 1.15103 12.6366 0.39
    endloop
  endfacet
  facet normal 0.0636864 -0.864553 0.498489
    outer loop
      vertex -0.5783 12.7216 0.39
      vertex -0.32594 13.3802 1.5
      vertex -0.640884 13.357 1.5
    endloop
  endfacet
  facet normal 0.0637636 -0.864557 0.498474
    outer loop
      vertex -0.289498 12.7429 0.39
      vertex -0.32594 13.3802 1.5
      vertex -0.5783 12.7216 0.39
    endloop
  endfacet
  facet normal 0.0676408 -0.86428 0.498442
    outer loop
      vertex -0.32594 13.3802 1.5
      vertex -0.289498 12.7429 0.39
      vertex -0.320829 13.3806 1.5
    endloop
  endfacet
  facet normal 0.561176 -0.659807 0.499735
    outer loop
      vertex -3.9622 11.2216 0.39
      vertex -4.14798 11.9043 1.5
      vertex -4.15186 11.901 1.5
    endloop
  endfacet
  facet normal 0.566321 -0.656357 0.498474
    outer loop
      vertex -4.14798 11.9043 1.5
      vertex -3.9622 11.2216 0.39
      vertex -3.74292 11.4108 0.39
    endloop
  endfacet
  facet normal 0.231211 0.835487 0.4985
    outer loop
      vertex -1.59366 0.508822 1.5
      vertex -1.71268 1.20405 0.39
      vertex -1.89802 0.59305 1.5
    endloop
  endfacet
  facet normal -0.792524 -0.351284 0.498502
    outer loop
      vertex 6.0387 9.35686 1.5
      vertex 5.91073 9.64557 1.5
      vertex 5.33354 9.37257 0.39
    endloop
  endfacet
  facet normal 0.271775 -0.823177 0.498516
    outer loop
      vertex -1.98765 12.4051 0.39
      vertex -1.90289 13.1053 1.5
      vertex -2.20275 13.0063 1.5
    endloop
  endfacet
  facet normal -0.823098 -0.272112 0.498463
    outer loop
      vertex 5.55511 8.83765 0.39
      vertex 6.25695 8.74802 1.5
      vertex 6.25534 8.75289 1.5
    endloop
  endfacet
  facet normal -0.823134 -0.271933 0.4985
    outer loop
      vertex 6.25695 8.74802 1.5
      vertex 5.55511 8.83765 0.39
      vertex 5.64595 8.56268 0.39
    endloop
  endfacet
  facet normal 0.424425 -0.755477 0.499118
    outer loop
      vertex -3.03321 11.9106 0.39
      vertex -3.08223 12.6164 1.5
      vertex -3.08668 12.6139 1.5
    endloop
  endfacet
  facet normal 0.427198 -0.754318 0.498504
    outer loop
      vertex -3.08223 12.6164 1.5
      vertex -3.03321 11.9106 0.39
      vertex -2.78124 12.0533 0.39
    endloop
  endfacet
  facet normal 0.148162 0.854132 0.498504
    outer loop
      vertex -0.865709 1.01386 0.39
      vertex -0.964446 0.38315 1.5
      vertex -0.959396 0.382274 1.5
    endloop
  endfacet
  facet normal 0.148211 0.854124 0.498503
    outer loop
      vertex -0.964446 0.38315 1.5
      vertex -0.865709 1.01386 0.39
      vertex -1.15103 1.06337 0.39
    endloop
  endfacet
  facet normal -0.271775 -0.823177 0.498516
    outer loop
      vertex 1.98765 12.4051 0.39
      vertex 2.20275 13.0063 1.5
      vertex 1.90289 13.1053 1.5
    endloop
  endfacet
  facet normal -0.0636864 -0.864553 0.498489
    outer loop
      vertex 0.5783 12.7216 0.39
      vertex 0.640884 13.357 1.5
      vertex 0.32594 13.3802 1.5
    endloop
  endfacet
  facet normal 0.792524 0.351284 0.498502
    outer loop
      vertex -5.91073 4.05443 1.5
      vertex -5.33354 4.32743 0.39
      vertex -6.0387 4.34314 1.5
    endloop
  endfacet
  facet normal 0.463798 0.732384 0.498502
    outer loop
      vertex -3.27786 1.94433 0.39
      vertex -3.62826 1.4107 1.5
      vertex -3.03321 1.7894 0.39
    endloop
  endfacet
  facet normal 0.463549 0.732543 0.4985
    outer loop
      vertex -3.62826 1.4107 1.5
      vertex -3.27786 1.94433 0.39
      vertex -3.63259 1.41344 1.5
    endloop
  endfacet
  facet normal -0.657428 -0.564714 0.498886
    outer loop
      vertex 4.37161 10.8122 0.39
      vertex 5.05433 10.998 1.5
      vertex 5.05098 11.0019 1.5
    endloop
  endfacet
  facet normal -0.656436 -0.566187 0.498522
    outer loop
      vertex 5.05433 10.998 1.5
      vertex 4.37161 10.8122 0.39
      vertex 4.56076 10.5929 0.39
    endloop
  endfacet
  facet normal 0.754277 0.427265 0.498508
    outer loop
      vertex -5.76644 3.76777 1.5
      vertex -5.0606 3.81679 0.39
      vertex -5.20333 4.06876 0.39
    endloop
  endfacet
  facet normal 0.753745 0.428533 0.498225
    outer loop
      vertex -5.0606 3.81679 0.39
      vertex -5.76644 3.76777 1.5
      vertex -5.76391 3.76332 1.5
    endloop
  endfacet
  facet normal 0.14796 -0.854145 0.498543
    outer loop
      vertex -1.15103 12.6366 0.39
      vertex -0.964446 13.3168 1.5
      vertex -1.2756 13.2629 1.5
    endloop
  endfacet
  facet normal -0.860369 -0.106122 0.498501
    outer loop
      vertex 6.50701 7.49088 1.5
      vertex 6.46835 7.80431 1.5
      vertex 5.87159 7.4283 0.39
    endloop
  endfacet
  facet normal -0.566557 0.656191 0.498423
    outer loop
      vertex 3.9622 2.47839 0.39
      vertex 4.14798 1.79567 1.5
      vertex 4.15186 1.79902 1.5
    endloop
  endfacet
  facet normal -0.566223 0.656417 0.498506
    outer loop
      vertex 4.14798 1.79567 1.5
      vertex 3.9622 2.47839 0.39
      vertex 3.74292 2.28924 0.39
    endloop
  endfacet
  facet normal -0.597813 -0.627786 0.498501
    outer loop
      vertex 4.6197 11.4769 1.5
      vertex 4.39098 11.6947 1.5
      vertex 3.9622 11.2216 0.39
    endloop
  endfacet
  facet normal 0.627841 0.597755 0.498502
    outer loop
      vertex -4.62695 2.2303 1.5
      vertex -4.37161 2.8878 0.39
      vertex -4.84471 2.45902 1.5
    endloop
  endfacet
  facet normal -0.533009 0.683605 0.498583
    outer loop
      vertex 3.74292 2.28924 0.39
      vertex 3.89498 1.59823 1.5
      vertex 3.89902 1.60138 1.5
    endloop
  endfacet
  facet normal -0.533338 0.683406 0.498504
    outer loop
      vertex 3.89498 1.59823 1.5
      vertex 3.74292 2.28924 0.39
      vertex 3.51463 2.11108 0.39
    endloop
  endfacet
  facet normal -0.681408 -0.536609 0.497728
    outer loop
      vertex 4.56076 10.5929 0.39
      vertex 5.25177 10.745 1.5
      vertex 5.24862 10.749 1.5
    endloop
  endfacet
  facet normal -0.683409 -0.533317 0.498523
    outer loop
      vertex 5.25177 10.745 1.5
      vertex 4.56076 10.5929 0.39
      vertex 4.73892 10.3646 0.39
    endloop
  endfacet
  facet normal -0.427287 0.754271 0.498499
    outer loop
      vertex 3.08668 1.08609 1.5
      vertex 3.36146 1.24175 1.5
      vertex 3.03321 1.7894 0.39
    endloop
  endfacet
  facet normal -0.428533 0.753745 0.498225
    outer loop
      vertex 3.03321 1.7894 0.39
      vertex 3.08223 1.08356 1.5
      vertex 3.08668 1.08609 1.5
    endloop
  endfacet
  facet normal -0.427265 0.754277 0.498508
    outer loop
      vertex 3.08223 1.08356 1.5
      vertex 3.03321 1.7894 0.39
      vertex 2.78124 1.64667 0.39
    endloop
  endfacet
  facet normal 0.731073 -0.465846 0.498518
    outer loop
      vertex -5.4393 10.4783 1.5
      vertex -4.90567 10.1279 0.39
      vertex -5.43656 10.4826 1.5
    endloop
  endfacet
  facet normal 0.732419 -0.463744 0.498502
    outer loop
      vertex -4.90567 10.1279 0.39
      vertex -5.4393 10.4783 1.5
      vertex -5.0606 9.88321 0.39
    endloop
  endfacet
  facet normal 0.0637706 0.86454 0.498502
    outer loop
      vertex -0.289498 0.957107 0.39
      vertex -0.32594 0.319758 1.5
      vertex -0.320829 0.319381 1.5
    endloop
  endfacet
  facet normal 0.0637713 0.86454 0.498502
    outer loop
      vertex -0.32594 0.319758 1.5
      vertex -0.289498 0.957107 0.39
      vertex -0.5783 0.97841 0.39
    endloop
  endfacet
  facet normal 0.732395 0.463786 0.498499
    outer loop
      vertex -5.4393 3.22174 1.5
      vertex -5.0606 3.81679 0.39
      vertex -5.60825 3.48854 1.5
    endloop
  endfacet
  facet normal 0.709275 -0.498181 0.498742
    outer loop
      vertex -5.43656 10.4826 1.5
      vertex -4.73892 10.3646 0.39
      vertex -5.43361 10.4868 1.5
    endloop
  endfacet
  facet normal 0.708694 -0.499259 0.498491
    outer loop
      vertex -4.73892 10.3646 0.39
      vertex -5.43656 10.4826 1.5
      vertex -4.90567 10.1279 0.39
    endloop
  endfacet
  facet normal 0.389746 0.774331 0.498507
    outer loop
      vertex -2.80014 0.941575 1.5
      vertex -2.78124 1.64667 0.39
      vertex -3.08223 1.08356 1.5
    endloop
  endfacet
  facet normal 0.389778 0.774318 0.498503
    outer loop
      vertex -2.78124 1.64667 0.39
      vertex -2.79557 0.93927 1.5
      vertex -2.52257 1.51646 0.39
    endloop
  endfacet
  facet normal 0.390428 0.774082 0.498361
    outer loop
      vertex -2.79557 0.93927 1.5
      vertex -2.78124 1.64667 0.39
      vertex -2.80014 0.941575 1.5
    endloop
  endfacet
  facet normal 0.2023 -0.842918 0.498562
    outer loop
      vertex -1.43358 12.5732 0.39
      vertex -1.58372 13.1937 1.5
      vertex -1.58872 13.1925 1.5
    endloop
  endfacet
  facet normal 0.189796 -0.845851 0.498511
    outer loop
      vertex -1.58372 13.1937 1.5
      vertex -1.43358 12.5732 0.39
      vertex -1.15103 12.6366 0.39
    endloop
  endfacet
  facet normal 0.597756 0.627841 0.498502
    outer loop
      vertex -4.17193 2.67807 0.39
      vertex -4.6197 2.22305 1.5
      vertex -3.9622 2.47839 0.39
    endloop
  endfacet
  facet normal 0.598442 0.627181 0.498509
    outer loop
      vertex -4.6197 2.22305 1.5
      vertex -4.17193 2.67807 0.39
      vertex -4.62341 2.22659 1.5
    endloop
  endfacet
  facet normal -0.351421 -0.792463 0.498504
    outer loop
      vertex 2.52257 12.1835 0.39
      vertex 2.50217 12.8908 1.5
      vertex 2.25783 12.3009 0.39
    endloop
  endfacet
  facet normal -0.354418 -0.791534 0.497857
    outer loop
      vertex 2.50217 12.8908 1.5
      vertex 2.52257 12.1835 0.39
      vertex 2.50686 12.8887 1.5
    endloop
  endfacet
  facet normal 0.148182 -0.854132 0.498498
    outer loop
      vertex -0.865709 12.6861 0.39
      vertex -0.964446 13.3168 1.5
      vertex -1.15103 12.6366 0.39
    endloop
  endfacet
  facet normal 0.152102 -0.853462 0.498465
    outer loop
      vertex -0.964446 13.3168 1.5
      vertex -0.865709 12.6861 0.39
      vertex -0.959396 13.3177 1.5
    endloop
  endfacet
  facet normal 0.305517 -0.811318 0.49842
    outer loop
      vertex -2.25783 12.3009 0.39
      vertex -2.49739 12.8926 1.5
      vertex -2.50217 12.8908 1.5
    endloop
  endfacet
  facet normal 0.311941 -0.808832 0.498481
    outer loop
      vertex -2.49739 12.8926 1.5
      vertex -2.25783 12.3009 0.39
      vertex -1.98765 12.4051 0.39
    endloop
  endfacet
  facet normal 0.835413 -0.231683 0.498405
    outer loop
      vertex -6.34255 8.43872 1.5
      vertex -5.64595 8.56268 0.39
      vertex -6.34118 8.44366 1.5
    endloop
  endfacet
  facet normal 0.835489 -0.231189 0.498508
    outer loop
      vertex -5.64595 8.56268 0.39
      vertex -6.34255 8.43872 1.5
      vertex -5.72318 8.28358 0.39
    endloop
  endfacet
  facet normal 0.627841 0.597756 0.498502
    outer loop
      vertex -4.62695 2.2303 1.5
      vertex -4.17193 2.67807 0.39
      vertex -4.37161 2.8878 0.39
    endloop
  endfacet
  facet normal 0.627181 0.598442 0.498509
    outer loop
      vertex -4.17193 2.67807 0.39
      vertex -4.62695 2.2303 1.5
      vertex -4.62341 2.22659 1.5
    endloop
  endfacet
  facet normal -0.753745 -0.428533 0.498225
    outer loop
      vertex 5.0606 9.88321 0.39
      vertex 5.76644 9.93223 1.5
      vertex 5.76391 9.93668 1.5
    endloop
  endfacet
  facet normal -0.754277 -0.427265 0.498508
    outer loop
      vertex 5.76644 9.93223 1.5
      vertex 5.0606 9.88321 0.39
      vertex 5.20333 9.63124 0.39
    endloop
  endfacet
  facet normal -0.427198 -0.754318 0.498504
    outer loop
      vertex 3.03321 11.9106 0.39
      vertex 3.08223 12.6164 1.5
      vertex 2.78124 12.0533 0.39
    endloop
  endfacet
  facet normal -0.424425 -0.755477 0.499118
    outer loop
      vertex 3.08223 12.6164 1.5
      vertex 3.03321 11.9106 0.39
      vertex 3.08668 12.6139 1.5
    endloop
  endfacet
  facet normal -0.499256 -0.708686 0.498506
    outer loop
      vertex 3.51463 11.5889 0.39
      vertex 3.63259 12.2866 1.5
      vertex 3.27786 11.7557 0.39
    endloop
  endfacet
  facet normal -0.505125 -0.705491 0.497122
    outer loop
      vertex 3.63259 12.2866 1.5
      vertex 3.51463 11.5889 0.39
      vertex 3.63678 12.2836 1.5
    endloop
  endfacet
  facet normal -0.499048 0.708817 0.498528
    outer loop
      vertex 3.51463 2.11108 0.39
      vertex 3.63259 1.41344 1.5
      vertex 3.63678 1.41639 1.5
    endloop
  endfacet
  facet normal -0.499157 0.708758 0.498503
    outer loop
      vertex 3.63259 1.41344 1.5
      vertex 3.51463 2.11108 0.39
      vertex 3.27786 1.94433 0.39
    endloop
  endfacet
  facet normal -0.106264 -0.86032 0.498555
    outer loop
      vertex 0.865709 12.6861 0.39
      vertex 0.95431 13.3184 1.5
      vertex 0.5783 12.7216 0.39
    endloop
  endfacet
  facet normal -0.11819 -0.858735 0.498603
    outer loop
      vertex 0.95431 13.3184 1.5
      vertex 0.865709 12.6861 0.39
      vertex 0.959396 13.3177 1.5
    endloop
  endfacet
  facet normal -0.463739 -0.732432 0.498487
    outer loop
      vertex 3.27786 11.7557 0.39
      vertex 3.62826 12.2893 1.5
      vertex 3.03321 11.9106 0.39
    endloop
  endfacet
  facet normal -0.458707 -0.73563 0.498435
    outer loop
      vertex 3.62826 12.2893 1.5
      vertex 3.27786 11.7557 0.39
      vertex 3.63259 12.2866 1.5
    endloop
  endfacet
  facet normal 0.79247 0.351458 0.498466
    outer loop
      vertex -5.33354 4.32743 0.39
      vertex -6.04078 4.34783 1.5
      vertex -6.0387 4.34314 1.5
    endloop
  endfacet
  facet normal 0.79252 0.351296 0.4985
    outer loop
      vertex -6.04078 4.34783 1.5
      vertex -5.33354 4.32743 0.39
      vertex -5.45089 4.59217 0.39
    endloop
  endfacet
  facet normal 0.774337 -0.389735 0.498507
    outer loop
      vertex -5.20333 9.63124 0.39
      vertex -5.76644 9.93223 1.5
      vertex -5.90842 9.65014 1.5
    endloop
  endfacet
  facet normal 0.753745 -0.428533 0.498225
    outer loop
      vertex -5.76644 9.93223 1.5
      vertex -5.0606 9.88321 0.39
      vertex -5.76391 9.93668 1.5
    endloop
  endfacet
  facet normal 0.754277 -0.427265 0.498508
    outer loop
      vertex -5.0606 9.88321 0.39
      vertex -5.76644 9.93223 1.5
      vertex -5.20333 9.63124 0.39
    endloop
  endfacet
  facet normal -0.845925 -0.189487 0.498503
    outer loop
      vertex 5.72318 8.28358 0.39
      vertex 6.34367 8.43372 1.5
      vertex 6.34255 8.43872 1.5
    endloop
  endfacet
  facet normal -0.845822 -0.189939 0.498506
    outer loop
      vertex 6.34367 8.43372 1.5
      vertex 5.72318 8.28358 0.39
      vertex 5.78663 8.00103 0.39
    endloop
  endfacet
  facet normal 0.823098 -0.272112 0.498463
    outer loop
      vertex -6.25695 8.74802 1.5
      vertex -5.55511 8.83765 0.39
      vertex -6.25534 8.75289 1.5
    endloop
  endfacet
  facet normal 0.823134 -0.271933 0.4985
    outer loop
      vertex -5.55511 8.83765 0.39
      vertex -6.25695 8.74802 1.5
      vertex -5.64595 8.56268 0.39
    endloop
  endfacet
  facet normal 0.835486 -0.231216 0.4985
    outer loop
      vertex -5.64595 8.56268 0.39
      vertex -6.25695 8.74802 1.5
      vertex -6.34118 8.44366 1.5
    endloop
  endfacet
  facet normal 0.86454 -0.0637686 0.498502
    outer loop
      vertex -5.87159 7.4283 0.39
      vertex -6.50701 7.49088 1.5
      vertex -6.53024 7.17594 1.5
    endloop
  endfacet
  facet normal -0.189796 -0.845851 0.498511
    outer loop
      vertex 1.43358 12.5732 0.39
      vertex 1.58372 13.1937 1.5
      vertex 1.15103 12.6366 0.39
    endloop
  endfacet
  facet normal -0.2023 -0.842918 0.498562
    outer loop
      vertex 1.58372 13.1937 1.5
      vertex 1.43358 12.5732 0.39
      vertex 1.58872 13.1925 1.5
    endloop
  endfacet
  facet normal 0.594893 -0.630586 0.498461
    outer loop
      vertex -4.17193 11.0219 0.39
      vertex -4.6197 11.4769 1.5
      vertex -4.62341 11.4734 1.5
    endloop
  endfacet
  facet normal 0.59779 -0.627814 0.498494
    outer loop
      vertex -4.6197 11.4769 1.5
      vertex -4.17193 11.0219 0.39
      vertex -3.9622 11.2216 0.39
    endloop
  endfacet
  facet normal 0.626366 -0.599279 0.498528
    outer loop
      vertex -4.62695 11.4697 1.5
      vertex -4.17193 11.0219 0.39
      vertex -4.62341 11.4734 1.5
    endloop
  endfacet
  facet normal 0.627793 -0.597795 0.498515
    outer loop
      vertex -4.17193 11.0219 0.39
      vertex -4.62695 11.4697 1.5
      vertex -4.37161 10.8122 0.39
    endloop
  endfacet
  facet normal -0.732388 -0.463782 0.498511
    outer loop
      vertex 5.60825 10.2115 1.5
      vertex 5.4393 10.4783 1.5
      vertex 5.0606 9.88321 0.39
    endloop
  endfacet
  facet normal -0.731073 -0.465846 0.498518
    outer loop
      vertex 4.90567 10.1279 0.39
      vertex 5.4393 10.4783 1.5
      vertex 5.43656 10.4826 1.5
    endloop
  endfacet
  facet normal -0.732419 -0.463744 0.498502
    outer loop
      vertex 5.4393 10.4783 1.5
      vertex 4.90567 10.1279 0.39
      vertex 5.0606 9.88321 0.39
    endloop
  endfacet
  facet normal 0.220289 -0.8371 0.500736
    outer loop
      vertex -1.71268 12.4959 0.39
      vertex -1.58872 13.1925 1.5
      vertex -1.59366 13.1912 1.5
    endloop
  endfacet
  facet normal 0.23139 -0.835458 0.498466
    outer loop
      vertex -1.58872 13.1925 1.5
      vertex -1.71268 12.4959 0.39
      vertex -1.43358 12.5732 0.39
    endloop
  endfacet
  facet normal -0.854124 -0.148206 0.498505
    outer loop
      vertex 6.46685 7.81445 1.5
      vertex 6.41286 8.1256 1.5
      vertex 5.78663 8.00103 0.39
    endloop
  endfacet
  facet normal 0.18994 0.845823 0.498505
    outer loop
      vertex -1.43358 1.12682 0.39
      vertex -1.58372 0.506332 1.5
      vertex -1.15103 1.06337 0.39
    endloop
  endfacet
  facet normal 0.18997 0.845816 0.498505
    outer loop
      vertex -1.58372 0.506332 1.5
      vertex -1.43358 1.12682 0.39
      vertex -1.58872 0.507455 1.5
    endloop
  endfacet
  facet normal -0.105962 -0.860394 0.498492
    outer loop
      vertex 0.95431 13.3184 1.5
      vertex 0.640884 13.357 1.5
      vertex 0.5783 12.7216 0.39
    endloop
  endfacet
  facet normal 0.732384 0.463798 0.498502
    outer loop
      vertex -5.4393 3.22174 1.5
      vertex -4.90567 3.57214 0.39
      vertex -5.0606 3.81679 0.39
    endloop
  endfacet
  facet normal 0.732543 0.463549 0.4985
    outer loop
      vertex -4.90567 3.57214 0.39
      vertex -5.4393 3.22174 1.5
      vertex -5.43656 3.21741 1.5
    endloop
  endfacet
  facet normal 0.866605 -0.0219607 0.498512
    outer loop
      vertex -6.53075 7.1657 1.5
      vertex -5.89289 7.1395 0.39
      vertex -6.53062 7.17083 1.5
    endloop
  endfacet
  facet normal 0.866624 -0.0212839 0.498507
    outer loop
      vertex -5.89289 7.1395 0.39
      vertex -6.53075 7.1657 1.5
      vertex -5.9 6.85 0.39
    endloop
  endfacet
  facet normal -0.0676408 -0.86428 0.498442
    outer loop
      vertex 0.289498 12.7429 0.39
      vertex 0.32594 13.3802 1.5
      vertex 0.320829 13.3806 1.5
    endloop
  endfacet
  facet normal -0.0637636 -0.864557 0.498474
    outer loop
      vertex 0.32594 13.3802 1.5
      vertex 0.289498 12.7429 0.39
      vertex 0.5783 12.7216 0.39
    endloop
  endfacet
  facet normal -0.351012 0.792607 0.498563
    outer loop
      vertex 2.52257 1.51646 0.39
      vertex 2.50217 0.809218 1.5
      vertex 2.50686 0.811295 1.5
    endloop
  endfacet
  facet normal -0.351296 0.79252 0.498501
    outer loop
      vertex 2.50217 0.809218 1.5
      vertex 2.52257 1.51646 0.39
      vertex 2.25783 1.39911 0.39
    endloop
  endfacet
  facet normal -0.312158 0.808735 0.498503
    outer loop
      vertex 2.25783 1.39911 0.39
      vertex 2.49739 0.807373 1.5
      vertex 2.50217 0.809218 1.5
    endloop
  endfacet
  facet normal -0.311989 0.808801 0.498502
    outer loop
      vertex 2.49739 0.807373 1.5
      vertex 2.25783 1.39911 0.39
      vertex 1.98765 1.29489 0.39
    endloop
  endfacet
  facet normal -0.463549 0.732543 0.4985
    outer loop
      vertex 3.27786 1.94433 0.39
      vertex 3.62826 1.4107 1.5
      vertex 3.63259 1.41344 1.5
    endloop
  endfacet
  facet normal -0.463798 0.732384 0.498502
    outer loop
      vertex 3.62826 1.4107 1.5
      vertex 3.27786 1.94433 0.39
      vertex 3.03321 1.7894 0.39
    endloop
  endfacet
  facet normal 0.505125 -0.705491 0.497122
    outer loop
      vertex -3.51463 11.5889 0.39
      vertex -3.63259 12.2866 1.5
      vertex -3.63678 12.2836 1.5
    endloop
  endfacet
  facet normal 0.499256 -0.708686 0.498506
    outer loop
      vertex -3.63259 12.2866 1.5
      vertex -3.51463 11.5889 0.39
      vertex -3.27786 11.7557 0.39
    endloop
  endfacet
  facet normal 0.708758 0.499157 0.498503
    outer loop
      vertex -5.43656 3.21741 1.5
      vertex -4.73892 3.33537 0.39
      vertex -4.90567 3.57214 0.39
    endloop
  endfacet
  facet normal 0.708817 0.499048 0.498528
    outer loop
      vertex -4.73892 3.33537 0.39
      vertex -5.43656 3.21741 1.5
      vertex -5.43361 3.21322 1.5
    endloop
  endfacet
  facet normal 0.0214113 -0.866623 0.498504
    outer loop
      vertex 0 12.75 0.39
      vertex 0 13.3885 1.5
      vertex -0.315705 13.3807 1.5
    endloop
  endfacet
  facet normal 0.845925 -0.189487 0.498503
    outer loop
      vertex -6.34367 8.43372 1.5
      vertex -5.72318 8.28358 0.39
      vertex -6.34255 8.43872 1.5
    endloop
  endfacet
  facet normal 0.845822 -0.189939 0.498506
    outer loop
      vertex -5.72318 8.28358 0.39
      vertex -6.34367 8.43372 1.5
      vertex -5.78663 8.00103 0.39
    endloop
  endfacet
  facet normal -0.774337 -0.389735 0.498507
    outer loop
      vertex 5.90842 9.65014 1.5
      vertex 5.76644 9.93223 1.5
      vertex 5.20333 9.63124 0.39
    endloop
  endfacet
  facet normal -0.627812 -0.59778 0.49851
    outer loop
      vertex 4.84471 11.241 1.5
      vertex 4.62695 11.4697 1.5
      vertex 4.37161 10.8122 0.39
    endloop
  endfacet
  facet normal -0.533217 -0.683482 0.498529
    outer loop
      vertex 3.74292 11.4108 0.39
      vertex 3.89498 12.1018 1.5
      vertex 3.51463 11.5889 0.39
    endloop
  endfacet
  facet normal -0.538718 -0.680131 0.497197
    outer loop
      vertex 3.89498 12.1018 1.5
      vertex 3.74292 11.4108 0.39
      vertex 3.89902 12.0986 1.5
    endloop
  endfacet
  facet normal 0.864503 -0.0642879 0.498499
    outer loop
      vertex -5.89289 7.1395 0.39
      vertex -6.53024 7.17594 1.5
      vertex -6.53062 7.17083 1.5
    endloop
  endfacet
  facet normal 0.86454 -0.0637628 0.498503
    outer loop
      vertex -6.53024 7.17594 1.5
      vertex -5.89289 7.1395 0.39
      vertex -5.87159 7.4283 0.39
    endloop
  endfacet
  facet normal 0.492874 -0.870101 0
    outer loop
      vertex -3.03321 -1.7894 0
      vertex -2.78124 -1.64667 0.39
      vertex -3.03321 -1.7894 0.39
    endloop
  endfacet
  facet normal 0.492874 -0.870101 0
    outer loop
      vertex -2.78124 -1.64667 0.39
      vertex -3.03321 -1.7894 0
      vertex -2.78124 -1.64667 0
    endloop
  endfacet
  facet normal -0.170935 0.985282 0
    outer loop
      vertex 1.15103 -12.6366 0
      vertex 0.865709 -12.6861 0.39
      vertex 1.15103 -12.6366 0.39
    endloop
  endfacet
  facet normal -0.170935 0.985282 0
    outer loop
      vertex 0.865709 -12.6861 0.39
      vertex 1.15103 -12.6366 0
      vertex 0.865709 -12.6861 0
    endloop
  endfacet
  facet normal 0.963783 -0.266689 0
    outer loop
      vertex -5.72318 -5.41642 0.39
      vertex -5.64595 -5.13732 0
      vertex -5.64595 -5.13732 0.39
    endloop
  endfacet
  facet normal 0.963783 -0.266689 0
    outer loop
      vertex -5.64595 -5.13732 0
      vertex -5.72318 -5.41642 0.39
      vertex -5.72318 -5.41642 0
    endloop
  endfacet
  facet normal 0.992479 -0.122415 0
    outer loop
      vertex -5.87159 -6.2717 0.39
      vertex -5.83614 -5.98429 0
      vertex -5.83614 -5.98429 0.39
    endloop
  endfacet
  facet normal 0.992479 -0.122415 0
    outer loop
      vertex -5.83614 -5.98429 0
      vertex -5.87159 -6.2717 0.39
      vertex -5.87159 -6.2717 0
    endloop
  endfacet
  facet normal 0.932993 0.359895 0
    outer loop
      vertex -5.45089 -9.10783 0.39
      vertex -5.55511 -8.83765 0
      vertex -5.55511 -8.83765 0.39
    endloop
  endfacet
  facet normal 0.932993 0.359895 0
    outer loop
      vertex -5.55511 -8.83765 0
      vertex -5.45089 -9.10783 0.39
      vertex -5.45089 -9.10783 0
    endloop
  endfacet
  facet normal -0.405382 0.914147 0
    outer loop
      vertex 2.52257 -12.1835 0
      vertex 2.25783 -12.3009 0.39
      vertex 2.52257 -12.1835 0.39
    endloop
  endfacet
  facet normal -0.405382 0.914147 0
    outer loop
      vertex 2.25783 -12.3009 0.39
      vertex 2.52257 -12.1835 0
      vertex 2.25783 -12.3009 0
    endloop
  endfacet
  facet normal 0.219105 -0.975701 0
    outer loop
      vertex -1.43358 -1.12682 0
      vertex -1.15103 -1.06337 0.39
      vertex -1.43358 -1.12682 0.39
    endloop
  endfacet
  facet normal 0.219105 -0.975701 0
    outer loop
      vertex -1.15103 -1.06337 0.39
      vertex -1.43358 -1.12682 0
      vertex -1.15103 -1.06337 0
    endloop
  endfacet
  facet normal -0.870101 -0.492874 0
    outer loop
      vertex 5.20333 -4.06876 0
      vertex 5.0606 -3.81679 0.39
      vertex 5.0606 -3.81679 0
    endloop
  endfacet
  facet normal -0.870101 -0.492874 0
    outer loop
      vertex 5.0606 -3.81679 0.39
      vertex 5.20333 -4.06876 0
      vertex 5.20333 -4.06876 0.39
    endloop
  endfacet
  facet normal -0.615104 0.788446 0
    outer loop
      vertex 3.74292 -11.4108 0
      vertex 3.51463 -11.5889 0.39
      vertex 3.74292 -11.4108 0.39
    endloop
  endfacet
  facet normal -0.615104 0.788446 0
    outer loop
      vertex 3.51463 -11.5889 0.39
      vertex 3.74292 -11.4108 0
      vertex 3.51463 -11.5889 0
    endloop
  endfacet
  facet normal 0.992479 0.122415 0
    outer loop
      vertex -5.83614 -7.71571 0.39
      vertex -5.87159 -7.4283 0
      vertex -5.87159 -7.4283 0.39
    endloop
  endfacet
  facet normal 0.992479 0.122415 0
    outer loop
      vertex -5.87159 -7.4283 0
      vertex -5.83614 -7.71571 0.39
      vertex -5.83614 -7.71571 0
    endloop
  endfacet
  facet normal -0.653267 0.757127 0
    outer loop
      vertex 3.9622 -11.2216 0
      vertex 3.74292 -11.4108 0.39
      vertex 3.9622 -11.2216 0.39
    endloop
  endfacet
  facet normal -0.653267 0.757127 0
    outer loop
      vertex 3.74292 -11.4108 0.39
      vertex 3.9622 -11.2216 0
      vertex 3.74292 -11.4108 0
    endloop
  endfacet
  facet normal 0.0735635 -0.997291 0
    outer loop
      vertex -0.5783 -0.97841 0
      vertex -0.289498 -0.957107 0.39
      vertex -0.5783 -0.97841 0.39
    endloop
  endfacet
  facet normal 0.0735635 -0.997291 0
    outer loop
      vertex -0.289498 -0.957107 0.39
      vertex -0.5783 -0.97841 0
      vertex -0.289498 -0.957107 0
    endloop
  endfacet
  facet normal 0.313689 -0.949526 0
    outer loop
      vertex -1.98765 -1.29489 0
      vertex -1.71268 -1.20405 0.39
      vertex -1.98765 -1.29489 0.39
    endloop
  endfacet
  facet normal 0.313689 -0.949526 0
    outer loop
      vertex -1.71268 -1.20405 0.39
      vertex -1.98765 -1.29489 0
      vertex -1.71268 -1.20405 0
    endloop
  endfacet
  facet normal -0.914211 0.405238 0
    outer loop
      vertex 5.33354 -9.37257 0
      vertex 5.45089 -9.10783 0.39
      vertex 5.45089 -9.10783 0
    endloop
  endfacet
  facet normal -0.914211 0.405238 0
    outer loop
      vertex 5.45089 -9.10783 0.39
      vertex 5.33354 -9.37257 0
      vertex 5.33354 -9.37257 0.39
    endloop
  endfacet
  facet normal -0.724246 -0.689541 0
    outer loop
      vertex 4.37161 -2.8878 0
      vertex 4.17193 -2.67807 0.39
      vertex 4.17193 -2.67807 0
    endloop
  endfacet
  facet normal -0.724246 -0.689541 0
    outer loop
      vertex 4.17193 -2.67807 0.39
      vertex 4.37161 -2.8878 0
      vertex 4.37161 -2.8878 0.39
    endloop
  endfacet
  facet normal 0.534941 0.844889 -0
    outer loop
      vertex -3.03321 -11.9106 0
      vertex -3.27786 -11.7557 0.39
      vertex -3.03321 -11.9106 0.39
    endloop
  endfacet
  facet normal 0.534941 0.844889 0
    outer loop
      vertex -3.27786 -11.7557 0.39
      vertex -3.03321 -11.9106 0
      vertex -3.27786 -11.7557 0
    endloop
  endfacet
  facet normal -0.492796 0.870145 0
    outer loop
      vertex 3.03321 -11.9106 0
      vertex 2.78124 -12.0533 0.39
      vertex 3.03321 -11.9106 0.39
    endloop
  endfacet
  facet normal -0.492796 0.870145 0
    outer loop
      vertex 2.78124 -12.0533 0.39
      vertex 3.03321 -11.9106 0
      vertex 2.78124 -12.0533 0
    endloop
  endfacet
  facet normal -0.653168 -0.757213 0
    outer loop
      vertex 3.74292 -2.28924 0
      vertex 3.9622 -2.47839 0.39
      vertex 3.74292 -2.28924 0.39
    endloop
  endfacet
  facet normal -0.653168 -0.757213 -0
    outer loop
      vertex 3.9622 -2.47839 0.39
      vertex 3.74292 -2.28924 0
      vertex 3.9622 -2.47839 0
    endloop
  endfacet
  facet normal -0.844842 -0.535015 0
    outer loop
      vertex 5.0606 -3.81679 0
      vertex 4.90567 -3.57214 0.39
      vertex 4.90567 -3.57214 0
    endloop
  endfacet
  facet normal -0.844842 -0.535015 0
    outer loop
      vertex 4.90567 -3.57214 0.39
      vertex 5.0606 -3.81679 0
      vertex 5.0606 -3.81679 0.39
    endloop
  endfacet
  facet normal -0.997291 -0.0735537 0
    outer loop
      vertex 5.89289 -6.5605 0
      vertex 5.87159 -6.2717 0.39
      vertex 5.87159 -6.2717 0
    endloop
  endfacet
  facet normal -0.997291 -0.0735537 0
    outer loop
      vertex 5.87159 -6.2717 0.39
      vertex 5.89289 -6.5605 0
      vertex 5.89289 -6.5605 0.39
    endloop
  endfacet
  facet normal 0.266914 0.96372 -0
    outer loop
      vertex -1.43358 -12.5732 0
      vertex -1.71268 -12.4959 0.39
      vertex -1.43358 -12.5732 0.39
    endloop
  endfacet
  facet normal 0.266914 0.96372 0
    outer loop
      vertex -1.71268 -12.4959 0.39
      vertex -1.43358 -12.5732 0
      vertex -1.71268 -12.4959 0
    endloop
  endfacet
  facet normal -0.534941 0.844889 0
    outer loop
      vertex 3.27786 -11.7557 0
      vertex 3.03321 -11.9106 0.39
      vertex 3.27786 -11.7557 0.39
    endloop
  endfacet
  facet normal -0.534941 0.844889 0
    outer loop
      vertex 3.03321 -11.9106 0.39
      vertex 3.27786 -11.7557 0
      vertex 3.03321 -11.9106 0
    endloop
  endfacet
  facet normal -0.0735532 0.997291 0
    outer loop
      vertex 0.5783 -12.7216 0
      vertex 0.289498 -12.7429 0.39
      vertex 0.5783 -12.7216 0.39
    endloop
  endfacet
  facet normal -0.0735532 0.997291 0
    outer loop
      vertex 0.289498 -12.7429 0.39
      vertex 0.5783 -12.7216 0
      vertex 0.289498 -12.7429 0
    endloop
  endfacet
  facet normal -0.914211 -0.405238 0
    outer loop
      vertex 5.45089 -4.59217 0
      vertex 5.33354 -4.32743 0.39
      vertex 5.33354 -4.32743 0
    endloop
  endfacet
  facet normal -0.914211 -0.405238 0
    outer loop
      vertex 5.33354 -4.32743 0.39
      vertex 5.45089 -4.59217 0
      vertex 5.45089 -4.59217 0.39
    endloop
  endfacet
  facet normal -0.218941 0.975738 0
    outer loop
      vertex 1.43358 -12.5732 0
      vertex 1.15103 -12.6366 0.39
      vertex 1.43358 -12.5732 0.39
    endloop
  endfacet
  facet normal -0.218941 0.975738 0
    outer loop
      vertex 1.15103 -12.6366 0.39
      vertex 1.43358 -12.5732 0
      vertex 1.15103 -12.6366 0
    endloop
  endfacet
  facet normal -0.999699 -0.0245522 0
    outer loop
      vertex 5.9 -6.85 0
      vertex 5.89289 -6.5605 0.39
      vertex 5.89289 -6.5605 0
    endloop
  endfacet
  facet normal -0.999699 -0.0245522 0
    outer loop
      vertex 5.89289 -6.5605 0.39
      vertex 5.9 -6.85 0
      vertex 5.9 -6.85 0.39
    endloop
  endfacet
  facet normal -0.985276 -0.17097 0
    outer loop
      vertex 5.83614 -5.98429 0
      vertex 5.78663 -5.69897 0.39
      vertex 5.78663 -5.69897 0
    endloop
  endfacet
  facet normal -0.985276 -0.17097 0
    outer loop
      vertex 5.78663 -5.69897 0.39
      vertex 5.83614 -5.98429 0
      vertex 5.83614 -5.98429 0.39
    endloop
  endfacet
  facet normal 0.985276 0.17097 0
    outer loop
      vertex -5.78663 -8.00103 0.39
      vertex -5.83614 -7.71571 0
      vertex -5.83614 -7.71571 0.39
    endloop
  endfacet
  facet normal 0.985276 0.17097 0
    outer loop
      vertex -5.83614 -7.71571 0
      vertex -5.78663 -8.00103 0.39
      vertex -5.78663 -8.00103 0
    endloop
  endfacet
  facet normal -0.963783 0.266689 0
    outer loop
      vertex 5.64595 -8.56268 0
      vertex 5.72318 -8.28358 0.39
      vertex 5.72318 -8.28358 0
    endloop
  endfacet
  facet normal -0.963783 0.266689 0
    outer loop
      vertex 5.72318 -8.28358 0.39
      vertex 5.64595 -8.56268 0
      vertex 5.64595 -8.56268 0.39
    endloop
  endfacet
  facet normal 0.170935 0.985282 -0
    outer loop
      vertex -0.865709 -12.6861 0
      vertex -1.15103 -12.6366 0.39
      vertex -0.865709 -12.6861 0.39
    endloop
  endfacet
  facet normal 0.170935 0.985282 0
    outer loop
      vertex -1.15103 -12.6366 0.39
      vertex -0.865709 -12.6861 0
      vertex -1.15103 -12.6366 0
    endloop
  endfacet
  facet normal -0.122586 0.992458 0
    outer loop
      vertex 0.865709 -12.6861 0
      vertex 0.5783 -12.7216 0.39
      vertex 0.865709 -12.6861 0.39
    endloop
  endfacet
  facet normal -0.122586 0.992458 0
    outer loop
      vertex 0.5783 -12.7216 0.39
      vertex 0.865709 -12.6861 0
      vertex 0.5783 -12.7216 0
    endloop
  endfacet
  facet normal -0.975701 -0.219105 0
    outer loop
      vertex 5.78663 -5.69897 0
      vertex 5.72318 -5.41642 0.39
      vertex 5.72318 -5.41642 0
    endloop
  endfacet
  facet normal -0.975701 -0.219105 0
    outer loop
      vertex 5.72318 -5.41642 0.39
      vertex 5.78663 -5.69897 0
      vertex 5.78663 -5.69897 0.39
    endloop
  endfacet
  facet normal -0.266689 -0.963783 0
    outer loop
      vertex 1.43358 -1.12682 0
      vertex 1.71268 -1.20405 0.39
      vertex 1.43358 -1.12682 0.39
    endloop
  endfacet
  facet normal -0.266689 -0.963783 -0
    outer loop
      vertex 1.71268 -1.20405 0.39
      vertex 1.43358 -1.12682 0
      vertex 1.71268 -1.20405 0
    endloop
  endfacet
  facet normal -0.359895 -0.932993 0
    outer loop
      vertex 1.98765 -1.29489 0
      vertex 2.25783 -1.39911 0.39
      vertex 1.98765 -1.29489 0.39
    endloop
  endfacet
  facet normal -0.359895 -0.932993 -0
    outer loop
      vertex 2.25783 -1.39911 0.39
      vertex 1.98765 -1.29489 0
      vertex 2.25783 -1.39911 0
    endloop
  endfacet
  facet normal 0.817588 -0.575803 0
    outer loop
      vertex -4.90567 -3.57214 0.39
      vertex -4.73892 -3.33537 0
      vertex -4.73892 -3.33537 0.39
    endloop
  endfacet
  facet normal 0.817588 -0.575803 0
    outer loop
      vertex -4.73892 -3.33537 0
      vertex -4.90567 -3.57214 0.39
      vertex -4.90567 -3.57214 0
    endloop
  endfacet
  facet normal -0.932993 -0.359895 0
    outer loop
      vertex 5.55511 -4.86235 0
      vertex 5.45089 -4.59217 0.39
      vertex 5.45089 -4.59217 0
    endloop
  endfacet
  facet normal -0.932993 -0.359895 0
    outer loop
      vertex 5.45089 -4.59217 0.39
      vertex 5.55511 -4.86235 0
      vertex 5.55511 -4.86235 0.39
    endloop
  endfacet
  facet normal 0.689541 -0.724246 0
    outer loop
      vertex -4.17193 -2.67807 0
      vertex -3.9622 -2.47839 0.39
      vertex -4.17193 -2.67807 0.39
    endloop
  endfacet
  facet normal 0.689541 -0.724246 0
    outer loop
      vertex -3.9622 -2.47839 0.39
      vertex -4.17193 -2.67807 0
      vertex -3.9622 -2.47839 0
    endloop
  endfacet
  facet normal -0.963783 -0.266689 0
    outer loop
      vertex 5.72318 -5.41642 0
      vertex 5.64595 -5.13732 0.39
      vertex 5.64595 -5.13732 0
    endloop
  endfacet
  facet normal -0.963783 -0.266689 0
    outer loop
      vertex 5.64595 -5.13732 0.39
      vertex 5.72318 -5.41642 0
      vertex 5.72318 -5.41642 0.39
    endloop
  endfacet
  facet normal 0.122586 0.992458 -0
    outer loop
      vertex -0.5783 -12.7216 0
      vertex -0.865709 -12.6861 0.39
      vertex -0.5783 -12.7216 0.39
    endloop
  endfacet
  facet normal 0.122586 0.992458 0
    outer loop
      vertex -0.865709 -12.6861 0.39
      vertex -0.5783 -12.7216 0
      vertex -0.865709 -12.6861 0
    endloop
  endfacet
  facet normal 0.999699 -0.0245522 0
    outer loop
      vertex -5.9 -6.85 0.39
      vertex -5.89289 -6.5605 0
      vertex -5.89289 -6.5605 0.39
    endloop
  endfacet
  facet normal 0.999699 -0.0245522 0
    outer loop
      vertex -5.89289 -6.5605 0
      vertex -5.9 -6.85 0.39
      vertex -5.9 -6.85 0
    endloop
  endfacet
  facet normal 0.757242 0.653134 0
    outer loop
      vertex -4.37161 -10.8122 0.39
      vertex -4.56076 -10.5929 0
      vertex -4.56076 -10.5929 0.39
    endloop
  endfacet
  facet normal 0.757242 0.653134 0
    outer loop
      vertex -4.56076 -10.5929 0
      vertex -4.37161 -10.8122 0.39
      vertex -4.37161 -10.8122 0
    endloop
  endfacet
  facet normal -0.992479 -0.122415 0
    outer loop
      vertex 5.87159 -6.2717 0
      vertex 5.83614 -5.98429 0.39
      vertex 5.83614 -5.98429 0
    endloop
  endfacet
  facet normal -0.992479 -0.122415 0
    outer loop
      vertex 5.83614 -5.98429 0.39
      vertex 5.87159 -6.2717 0
      vertex 5.87159 -6.2717 0.39
    endloop
  endfacet
  facet normal -0.932993 0.359895 0
    outer loop
      vertex 5.45089 -9.10783 0
      vertex 5.55511 -8.83765 0.39
      vertex 5.55511 -8.83765 0
    endloop
  endfacet
  facet normal -0.932993 0.359895 0
    outer loop
      vertex 5.55511 -8.83765 0.39
      vertex 5.45089 -9.10783 0
      vertex 5.45089 -9.10783 0.39
    endloop
  endfacet
  facet normal 0.817508 0.575917 0
    outer loop
      vertex -4.73892 -10.3646 0.39
      vertex -4.90567 -10.1279 0
      vertex -4.90567 -10.1279 0.39
    endloop
  endfacet
  facet normal 0.817508 0.575917 0
    outer loop
      vertex -4.90567 -10.1279 0
      vertex -4.73892 -10.3646 0.39
      vertex -4.73892 -10.3646 0
    endloop
  endfacet
  facet normal -0.689541 -0.724246 0
    outer loop
      vertex 3.9622 -2.47839 0
      vertex 4.17193 -2.67807 0.39
      vertex 3.9622 -2.47839 0.39
    endloop
  endfacet
  facet normal -0.689541 -0.724246 -0
    outer loop
      vertex 4.17193 -2.67807 0.39
      vertex 3.9622 -2.47839 0
      vertex 4.17193 -2.67807 0
    endloop
  endfacet
  facet normal 0.844842 -0.535015 0
    outer loop
      vertex -5.0606 -3.81679 0.39
      vertex -4.90567 -3.57214 0
      vertex -4.90567 -3.57214 0.39
    endloop
  endfacet
  facet normal 0.844842 -0.535015 0
    outer loop
      vertex -4.90567 -3.57214 0
      vertex -5.0606 -3.81679 0.39
      vertex -5.0606 -3.81679 0
    endloop
  endfacet
  facet normal -0.492874 -0.870101 0
    outer loop
      vertex 2.78124 -1.64667 0
      vertex 3.03321 -1.7894 0.39
      vertex 2.78124 -1.64667 0.39
    endloop
  endfacet
  facet normal -0.492874 -0.870101 -0
    outer loop
      vertex 3.03321 -1.7894 0.39
      vertex 2.78124 -1.64667 0
      vertex 3.03321 -1.7894 0
    endloop
  endfacet
  facet normal 0.724197 0.689593 0
    outer loop
      vertex -4.17193 -11.0219 0.39
      vertex -4.37161 -10.8122 0
      vertex -4.37161 -10.8122 0.39
    endloop
  endfacet
  facet normal 0.724197 0.689593 0
    outer loop
      vertex -4.37161 -10.8122 0
      vertex -4.17193 -11.0219 0.39
      vertex -4.17193 -11.0219 0
    endloop
  endfacet
  facet normal -0.999699 0.0245522 0
    outer loop
      vertex 5.89289 -7.1395 0
      vertex 5.9 -6.85 0.39
      vertex 5.9 -6.85 0
    endloop
  endfacet
  facet normal -0.999699 0.0245522 0
    outer loop
      vertex 5.9 -6.85 0.39
      vertex 5.89289 -7.1395 0
      vertex 5.89289 -7.1395 0.39
    endloop
  endfacet
  facet normal 0.724246 -0.689541 0
    outer loop
      vertex -4.37161 -2.8878 0.39
      vertex -4.17193 -2.67807 0
      vertex -4.17193 -2.67807 0.39
    endloop
  endfacet
  facet normal 0.724246 -0.689541 0
    outer loop
      vertex -4.17193 -2.67807 0
      vertex -4.37161 -2.8878 0.39
      vertex -4.37161 -2.8878 0
    endloop
  endfacet
  facet normal -0.0735635 -0.997291 0
    outer loop
      vertex 0.289498 -0.957107 0
      vertex 0.5783 -0.97841 0.39
      vertex 0.289498 -0.957107 0.39
    endloop
  endfacet
  facet normal -0.0735635 -0.997291 -0
    outer loop
      vertex 0.5783 -0.97841 0.39
      vertex 0.289498 -0.957107 0
      vertex 0.5783 -0.97841 0
    endloop
  endfacet
  facet normal 0.492796 0.870145 -0
    outer loop
      vertex -2.78124 -12.0533 0
      vertex -3.03321 -11.9106 0.39
      vertex -2.78124 -12.0533 0.39
    endloop
  endfacet
  facet normal 0.492796 0.870145 0
    outer loop
      vertex -3.03321 -11.9106 0.39
      vertex -2.78124 -12.0533 0
      vertex -3.03321 -11.9106 0
    endloop
  endfacet
  facet normal -0.949526 -0.313689 0
    outer loop
      vertex 5.64595 -5.13732 0
      vertex 5.55511 -4.86235 0.39
      vertex 5.55511 -4.86235 0
    endloop
  endfacet
  facet normal -0.949526 -0.313689 0
    outer loop
      vertex 5.55511 -4.86235 0.39
      vertex 5.64595 -5.13732 0
      vertex 5.64595 -5.13732 0.39
    endloop
  endfacet
  facet normal -0.535015 -0.844842 0
    outer loop
      vertex 3.03321 -1.7894 0
      vertex 3.27786 -1.94433 0.39
      vertex 3.03321 -1.7894 0.39
    endloop
  endfacet
  facet normal -0.535015 -0.844842 -0
    outer loop
      vertex 3.27786 -1.94433 0.39
      vertex 3.03321 -1.7894 0
      vertex 3.27786 -1.94433 0
    endloop
  endfacet
  facet normal 0.949526 0.313689 0
    outer loop
      vertex -5.55511 -8.83765 0.39
      vertex -5.64595 -8.56268 0
      vertex -5.64595 -8.56268 0.39
    endloop
  endfacet
  facet normal 0.949526 0.313689 0
    outer loop
      vertex -5.64595 -8.56268 0
      vertex -5.55511 -8.83765 0.39
      vertex -5.55511 -8.83765 0
    endloop
  endfacet
  facet normal 0.870101 0.492874 0
    outer loop
      vertex -5.0606 -9.88321 0.39
      vertex -5.20333 -9.63124 0
      vertex -5.20333 -9.63124 0.39
    endloop
  endfacet
  facet normal 0.870101 0.492874 0
    outer loop
      vertex -5.20333 -9.63124 0
      vertex -5.0606 -9.88321 0.39
      vertex -5.0606 -9.88321 0
    endloop
  endfacet
  facet normal -0.985276 0.17097 0
    outer loop
      vertex 5.78663 -8.00103 0
      vertex 5.83614 -7.71571 0.39
      vertex 5.83614 -7.71571 0
    endloop
  endfacet
  facet normal -0.985276 0.17097 0
    outer loop
      vertex 5.83614 -7.71571 0.39
      vertex 5.78663 -8.00103 0
      vertex 5.78663 -8.00103 0.39
    endloop
  endfacet
  facet normal -0.0245178 0.999699 0
    outer loop
      vertex 0.289498 -12.7429 0
      vertex 0 -12.75 0.39
      vertex 0.289498 -12.7429 0.39
    endloop
  endfacet
  facet normal -0.0245178 0.999699 0
    outer loop
      vertex 0 -12.75 0.39
      vertex 0.289498 -12.7429 0
      vertex 0 -12.75 0
    endloop
  endfacet
  facet normal -0.449629 -0.893215 0
    outer loop
      vertex 2.52257 -1.51646 0
      vertex 2.78124 -1.64667 0.39
      vertex 2.52257 -1.51646 0.39
    endloop
  endfacet
  facet normal -0.449629 -0.893215 -0
    outer loop
      vertex 2.78124 -1.64667 0.39
      vertex 2.52257 -1.51646 0
      vertex 2.78124 -1.64667 0
    endloop
  endfacet
  facet normal -0.405238 -0.914211 0
    outer loop
      vertex 2.25783 -1.39911 0
      vertex 2.52257 -1.51646 0.39
      vertex 2.25783 -1.39911 0.39
    endloop
  endfacet
  facet normal -0.405238 -0.914211 -0
    outer loop
      vertex 2.52257 -1.51646 0.39
      vertex 2.25783 -1.39911 0
      vertex 2.52257 -1.51646 0
    endloop
  endfacet
  facet normal 0.985276 -0.17097 0
    outer loop
      vertex -5.83614 -5.98429 0.39
      vertex -5.78663 -5.69897 0
      vertex -5.78663 -5.69897 0.39
    endloop
  endfacet
  facet normal 0.985276 -0.17097 0
    outer loop
      vertex -5.78663 -5.69897 0
      vertex -5.83614 -5.98429 0.39
      vertex -5.83614 -5.98429 0
    endloop
  endfacet
  facet normal -0.024542 -0.999699 0
    outer loop
      vertex 0 -0.95 0
      vertex 0.289498 -0.957107 0.39
      vertex 0 -0.95 0.39
    endloop
  endfacet
  facet normal -0.024542 -0.999699 -0
    outer loop
      vertex 0.289498 -0.957107 0.39
      vertex 0 -0.95 0
      vertex 0.289498 -0.957107 0
    endloop
  endfacet
  facet normal -0.817588 -0.575803 0
    outer loop
      vertex 4.90567 -3.57214 0
      vertex 4.73892 -3.33537 0.39
      vertex 4.73892 -3.33537 0
    endloop
  endfacet
  facet normal -0.817588 -0.575803 0
    outer loop
      vertex 4.73892 -3.33537 0.39
      vertex 4.90567 -3.57214 0
      vertex 4.90567 -3.57214 0.39
    endloop
  endfacet
  facet normal -0.992479 0.122415 0
    outer loop
      vertex 5.83614 -7.71571 0
      vertex 5.87159 -7.4283 0.39
      vertex 5.87159 -7.4283 0
    endloop
  endfacet
  facet normal -0.992479 0.122415 0
    outer loop
      vertex 5.87159 -7.4283 0.39
      vertex 5.83614 -7.71571 0
      vertex 5.83614 -7.71571 0.39
    endloop
  endfacet
  facet normal 0.535015 -0.844842 0
    outer loop
      vertex -3.27786 -1.94433 0
      vertex -3.03321 -1.7894 0.39
      vertex -3.27786 -1.94433 0.39
    endloop
  endfacet
  facet normal 0.535015 -0.844842 0
    outer loop
      vertex -3.03321 -1.7894 0.39
      vertex -3.27786 -1.94433 0
      vertex -3.03321 -1.7894 0
    endloop
  endfacet
  facet normal -0.788345 -0.615233 0
    outer loop
      vertex 4.73892 -3.33537 0
      vertex 4.56076 -3.10708 0.39
      vertex 4.56076 -3.10708 0
    endloop
  endfacet
  facet normal -0.788345 -0.615233 0
    outer loop
      vertex 4.56076 -3.10708 0.39
      vertex 4.73892 -3.33537 0
      vertex 4.73892 -3.33537 0.39
    endloop
  endfacet
  facet normal -0.949526 0.313689 0
    outer loop
      vertex 5.55511 -8.83765 0
      vertex 5.64595 -8.56268 0.39
      vertex 5.64595 -8.56268 0
    endloop
  endfacet
  facet normal -0.949526 0.313689 0
    outer loop
      vertex 5.64595 -8.56268 0.39
      vertex 5.55511 -8.83765 0
      vertex 5.55511 -8.83765 0.39
    endloop
  endfacet
  facet normal -0.170969 -0.985276 0
    outer loop
      vertex 0.865709 -1.01386 0
      vertex 1.15103 -1.06337 0.39
      vertex 0.865709 -1.01386 0.39
    endloop
  endfacet
  facet normal -0.170969 -0.985276 -0
    outer loop
      vertex 1.15103 -1.06337 0.39
      vertex 0.865709 -1.01386 0
      vertex 1.15103 -1.06337 0
    endloop
  endfacet
  facet normal -0.724197 0.689593 0
    outer loop
      vertex 4.17193 -11.0219 0
      vertex 4.37161 -10.8122 0.39
      vertex 4.37161 -10.8122 0
    endloop
  endfacet
  facet normal -0.724197 0.689593 0
    outer loop
      vertex 4.37161 -10.8122 0.39
      vertex 4.17193 -11.0219 0
      vertex 4.17193 -11.0219 0.39
    endloop
  endfacet
  facet normal -0.449602 0.893229 0
    outer loop
      vertex 2.78124 -12.0533 0
      vertex 2.52257 -12.1835 0.39
      vertex 2.78124 -12.0533 0.39
    endloop
  endfacet
  facet normal -0.449602 0.893229 0
    outer loop
      vertex 2.52257 -12.1835 0.39
      vertex 2.78124 -12.0533 0
      vertex 2.52257 -12.1835 0
    endloop
  endfacet
  facet normal 0.0735532 0.997291 -0
    outer loop
      vertex -0.289498 -12.7429 0
      vertex -0.5783 -12.7216 0.39
      vertex -0.289498 -12.7429 0.39
    endloop
  endfacet
  facet normal 0.0735532 0.997291 0
    outer loop
      vertex -0.5783 -12.7216 0.39
      vertex -0.289498 -12.7429 0
      vertex -0.5783 -12.7216 0
    endloop
  endfacet
  facet normal 0.997291 -0.0735537 0
    outer loop
      vertex -5.89289 -6.5605 0.39
      vertex -5.87159 -6.2717 0
      vertex -5.87159 -6.2717 0.39
    endloop
  endfacet
  facet normal 0.997291 -0.0735537 0
    outer loop
      vertex -5.87159 -6.2717 0
      vertex -5.89289 -6.5605 0.39
      vertex -5.89289 -6.5605 0
    endloop
  endfacet
  facet normal -0.122416 -0.992479 0
    outer loop
      vertex 0.5783 -0.97841 0
      vertex 0.865709 -1.01386 0.39
      vertex 0.5783 -0.97841 0.39
    endloop
  endfacet
  facet normal -0.122416 -0.992479 -0
    outer loop
      vertex 0.865709 -1.01386 0.39
      vertex 0.5783 -0.97841 0
      vertex 0.865709 -1.01386 0
    endloop
  endfacet
  facet normal -0.219105 -0.975701 0
    outer loop
      vertex 1.15103 -1.06337 0
      vertex 1.43358 -1.12682 0.39
      vertex 1.15103 -1.06337 0.39
    endloop
  endfacet
  facet normal -0.219105 -0.975701 -0
    outer loop
      vertex 1.43358 -1.12682 0.39
      vertex 1.15103 -1.06337 0
      vertex 1.43358 -1.12682 0
    endloop
  endfacet
  facet normal -0.893215 -0.449629 0
    outer loop
      vertex 5.33354 -4.32743 0
      vertex 5.20333 -4.06876 0.39
      vertex 5.20333 -4.06876 0
    endloop
  endfacet
  facet normal -0.893215 -0.449629 0
    outer loop
      vertex 5.20333 -4.06876 0.39
      vertex 5.33354 -4.32743 0
      vertex 5.33354 -4.32743 0.39
    endloop
  endfacet
  facet normal -0.757213 -0.653168 0
    outer loop
      vertex 4.56076 -3.10708 0
      vertex 4.37161 -2.8878 0.39
      vertex 4.37161 -2.8878 0
    endloop
  endfacet
  facet normal -0.757213 -0.653168 0
    outer loop
      vertex 4.37161 -2.8878 0.39
      vertex 4.56076 -3.10708 0
      vertex 4.56076 -3.10708 0.39
    endloop
  endfacet
  facet normal 0.932993 -0.359895 0
    outer loop
      vertex -5.55511 -4.86235 0.39
      vertex -5.45089 -4.59217 0
      vertex -5.45089 -4.59217 0.39
    endloop
  endfacet
  facet normal 0.932993 -0.359895 0
    outer loop
      vertex -5.45089 -4.59217 0
      vertex -5.55511 -4.86235 0.39
      vertex -5.55511 -4.86235 0
    endloop
  endfacet
  facet normal -0.575803 -0.817588 0
    outer loop
      vertex 3.27786 -1.94433 0
      vertex 3.51463 -2.11108 0.39
      vertex 3.27786 -1.94433 0.39
    endloop
  endfacet
  facet normal -0.575803 -0.817588 -0
    outer loop
      vertex 3.51463 -2.11108 0.39
      vertex 3.27786 -1.94433 0
      vertex 3.51463 -2.11108 0
    endloop
  endfacet
  facet normal 0.653168 -0.757213 0
    outer loop
      vertex -3.9622 -2.47839 0
      vertex -3.74292 -2.28924 0.39
      vertex -3.9622 -2.47839 0.39
    endloop
  endfacet
  facet normal 0.653168 -0.757213 0
    outer loop
      vertex -3.74292 -2.28924 0.39
      vertex -3.9622 -2.47839 0
      vertex -3.74292 -2.28924 0
    endloop
  endfacet
  facet normal -0.615233 -0.788345 0
    outer loop
      vertex 3.51463 -2.11108 0
      vertex 3.74292 -2.28924 0.39
      vertex 3.51463 -2.11108 0.39
    endloop
  endfacet
  facet normal -0.615233 -0.788345 -0
    outer loop
      vertex 3.74292 -2.28924 0.39
      vertex 3.51463 -2.11108 0
      vertex 3.74292 -2.28924 0
    endloop
  endfacet
  facet normal 0.170969 -0.985276 0
    outer loop
      vertex -1.15103 -1.06337 0
      vertex -0.865709 -1.01386 0.39
      vertex -1.15103 -1.06337 0.39
    endloop
  endfacet
  facet normal 0.170969 -0.985276 0
    outer loop
      vertex -0.865709 -1.01386 0.39
      vertex -1.15103 -1.06337 0
      vertex -0.865709 -1.01386 0
    endloop
  endfacet
  facet normal 0.122416 -0.992479 0
    outer loop
      vertex -0.865709 -1.01386 0
      vertex -0.5783 -0.97841 0.39
      vertex -0.865709 -1.01386 0.39
    endloop
  endfacet
  facet normal 0.122416 -0.992479 0
    outer loop
      vertex -0.5783 -0.97841 0.39
      vertex -0.865709 -1.01386 0
      vertex -0.5783 -0.97841 0
    endloop
  endfacet
  facet normal 0.893215 -0.449629 0
    outer loop
      vertex -5.33354 -4.32743 0.39
      vertex -5.20333 -4.06876 0
      vertex -5.20333 -4.06876 0.39
    endloop
  endfacet
  facet normal 0.893215 -0.449629 0
    outer loop
      vertex -5.20333 -4.06876 0
      vertex -5.33354 -4.32743 0.39
      vertex -5.33354 -4.32743 0
    endloop
  endfacet
  facet normal 0.405238 -0.914211 0
    outer loop
      vertex -2.52257 -1.51646 0
      vertex -2.25783 -1.39911 0.39
      vertex -2.52257 -1.51646 0.39
    endloop
  endfacet
  facet normal 0.405238 -0.914211 0
    outer loop
      vertex -2.25783 -1.39911 0.39
      vertex -2.52257 -1.51646 0
      vertex -2.25783 -1.39911 0
    endloop
  endfacet
  facet normal -0.575918 0.817507 0
    outer loop
      vertex 3.51463 -11.5889 0
      vertex 3.27786 -11.7557 0.39
      vertex 3.51463 -11.5889 0.39
    endloop
  endfacet
  facet normal -0.575918 0.817507 0
    outer loop
      vertex 3.27786 -11.7557 0.39
      vertex 3.51463 -11.5889 0
      vertex 3.27786 -11.7557 0
    endloop
  endfacet
  facet normal -0.997291 0.0735537 0
    outer loop
      vertex 5.87159 -7.4283 0
      vertex 5.89289 -7.1395 0.39
      vertex 5.89289 -7.1395 0
    endloop
  endfacet
  facet normal -0.997291 0.0735537 0
    outer loop
      vertex 5.89289 -7.1395 0.39
      vertex 5.87159 -7.4283 0
      vertex 5.87159 -7.4283 0.39
    endloop
  endfacet
  facet normal 0.024542 -0.999699 0
    outer loop
      vertex -0.289498 -0.957107 0
      vertex 0 -0.95 0.39
      vertex -0.289498 -0.957107 0.39
    endloop
  endfacet
  facet normal 0.024542 -0.999699 0
    outer loop
      vertex 0 -0.95 0.39
      vertex -0.289498 -0.957107 0
      vertex 0 -0.95 0
    endloop
  endfacet
  facet normal 0.359895 -0.932993 0
    outer loop
      vertex -2.25783 -1.39911 0
      vertex -1.98765 -1.29489 0.39
      vertex -2.25783 -1.39911 0.39
    endloop
  endfacet
  facet normal 0.359895 -0.932993 0
    outer loop
      vertex -1.98765 -1.29489 0.39
      vertex -2.25783 -1.39911 0
      vertex -1.98765 -1.29489 0
    endloop
  endfacet
  facet normal 0.997291 0.0735537 0
    outer loop
      vertex -5.87159 -7.4283 0.39
      vertex -5.89289 -7.1395 0
      vertex -5.89289 -7.1395 0.39
    endloop
  endfacet
  facet normal 0.997291 0.0735537 0
    outer loop
      vertex -5.89289 -7.1395 0
      vertex -5.87159 -7.4283 0.39
      vertex -5.87159 -7.4283 0
    endloop
  endfacet
  facet normal 0.788358 0.615216 0
    outer loop
      vertex -4.56076 -10.5929 0.39
      vertex -4.73892 -10.3646 0
      vertex -4.73892 -10.3646 0.39
    endloop
  endfacet
  facet normal 0.788358 0.615216 0
    outer loop
      vertex -4.73892 -10.3646 0
      vertex -4.56076 -10.5929 0.39
      vertex -4.56076 -10.5929 0
    endloop
  endfacet
  facet normal -0.313689 -0.949526 0
    outer loop
      vertex 1.71268 -1.20405 0
      vertex 1.98765 -1.29489 0.39
      vertex 1.71268 -1.20405 0.39
    endloop
  endfacet
  facet normal -0.313689 -0.949526 -0
    outer loop
      vertex 1.98765 -1.29489 0.39
      vertex 1.71268 -1.20405 0
      vertex 1.98765 -1.29489 0
    endloop
  endfacet
  facet normal -0.757242 0.653134 0
    outer loop
      vertex 4.37161 -10.8122 0
      vertex 4.56076 -10.5929 0.39
      vertex 4.56076 -10.5929 0
    endloop
  endfacet
  facet normal -0.757242 0.653134 0
    outer loop
      vertex 4.56076 -10.5929 0.39
      vertex 4.37161 -10.8122 0
      vertex 4.37161 -10.8122 0.39
    endloop
  endfacet
  facet normal 0.0245178 0.999699 -0
    outer loop
      vertex 0 -12.75 0
      vertex -0.289498 -12.7429 0.39
      vertex 0 -12.75 0.39
    endloop
  endfacet
  facet normal 0.0245178 0.999699 0
    outer loop
      vertex -0.289498 -12.7429 0.39
      vertex 0 -12.75 0
      vertex -0.289498 -12.7429 0
    endloop
  endfacet
  facet normal -0.788358 0.615216 0
    outer loop
      vertex 4.56076 -10.5929 0
      vertex 4.73892 -10.3646 0.39
      vertex 4.73892 -10.3646 0
    endloop
  endfacet
  facet normal -0.788358 0.615216 0
    outer loop
      vertex 4.73892 -10.3646 0.39
      vertex 4.56076 -10.5929 0
      vertex 4.56076 -10.5929 0.39
    endloop
  endfacet
  facet normal 0.575918 0.817507 -0
    outer loop
      vertex -3.27786 -11.7557 0
      vertex -3.51463 -11.5889 0.39
      vertex -3.27786 -11.7557 0.39
    endloop
  endfacet
  facet normal 0.575918 0.817507 0
    outer loop
      vertex -3.51463 -11.5889 0.39
      vertex -3.27786 -11.7557 0
      vertex -3.51463 -11.5889 0
    endloop
  endfacet
  facet normal 0.449629 -0.893215 0
    outer loop
      vertex -2.78124 -1.64667 0
      vertex -2.52257 -1.51646 0.39
      vertex -2.78124 -1.64667 0.39
    endloop
  endfacet
  facet normal 0.449629 -0.893215 0
    outer loop
      vertex -2.52257 -1.51646 0.39
      vertex -2.78124 -1.64667 0
      vertex -2.52257 -1.51646 0
    endloop
  endfacet
  facet normal 0.999699 0.0245522 0
    outer loop
      vertex -5.89289 -7.1395 0.39
      vertex -5.9 -6.85 0
      vertex -5.9 -6.85 0.39
    endloop
  endfacet
  facet normal 0.999699 0.0245522 0
    outer loop
      vertex -5.9 -6.85 0
      vertex -5.89289 -7.1395 0.39
      vertex -5.89289 -7.1395 0
    endloop
  endfacet
  facet normal -0.975701 0.219105 0
    outer loop
      vertex 5.72318 -8.28358 0
      vertex 5.78663 -8.00103 0.39
      vertex 5.78663 -8.00103 0
    endloop
  endfacet
  facet normal -0.975701 0.219105 0
    outer loop
      vertex 5.78663 -8.00103 0.39
      vertex 5.72318 -8.28358 0
      vertex 5.72318 -8.28358 0.39
    endloop
  endfacet
  facet normal 0.689578 0.724212 -0
    outer loop
      vertex -3.9622 -11.2216 0
      vertex -4.17193 -11.0219 0.39
      vertex -3.9622 -11.2216 0.39
    endloop
  endfacet
  facet normal 0.689578 0.724212 0
    outer loop
      vertex -4.17193 -11.0219 0.39
      vertex -3.9622 -11.2216 0
      vertex -4.17193 -11.0219 0
    endloop
  endfacet
  facet normal 0.449602 0.893229 -0
    outer loop
      vertex -2.52257 -12.1835 0
      vertex -2.78124 -12.0533 0.39
      vertex -2.52257 -12.1835 0.39
    endloop
  endfacet
  facet normal 0.449602 0.893229 0
    outer loop
      vertex -2.78124 -12.0533 0.39
      vertex -2.52257 -12.1835 0
      vertex -2.78124 -12.0533 0
    endloop
  endfacet
  facet normal 0.870101 -0.492874 0
    outer loop
      vertex -5.20333 -4.06876 0.39
      vertex -5.0606 -3.81679 0
      vertex -5.0606 -3.81679 0.39
    endloop
  endfacet
  facet normal 0.870101 -0.492874 0
    outer loop
      vertex -5.0606 -3.81679 0
      vertex -5.20333 -4.06876 0.39
      vertex -5.20333 -4.06876 0
    endloop
  endfacet
  facet normal 0.788345 -0.615233 0
    outer loop
      vertex -4.73892 -3.33537 0.39
      vertex -4.56076 -3.10708 0
      vertex -4.56076 -3.10708 0.39
    endloop
  endfacet
  facet normal 0.788345 -0.615233 0
    outer loop
      vertex -4.56076 -3.10708 0
      vertex -4.73892 -3.33537 0.39
      vertex -4.73892 -3.33537 0
    endloop
  endfacet
  facet normal -0.844882 0.534953 0
    outer loop
      vertex 4.90567 -10.1279 0
      vertex 5.0606 -9.88321 0.39
      vertex 5.0606 -9.88321 0
    endloop
  endfacet
  facet normal -0.844882 0.534953 0
    outer loop
      vertex 5.0606 -9.88321 0.39
      vertex 4.90567 -10.1279 0
      vertex 4.90567 -10.1279 0.39
    endloop
  endfacet
  facet normal -0.817508 0.575917 0
    outer loop
      vertex 4.73892 -10.3646 0
      vertex 4.90567 -10.1279 0.39
      vertex 4.90567 -10.1279 0
    endloop
  endfacet
  facet normal -0.817508 0.575917 0
    outer loop
      vertex 4.90567 -10.1279 0.39
      vertex 4.73892 -10.3646 0
      vertex 4.73892 -10.3646 0.39
    endloop
  endfacet
  facet normal -0.266914 0.96372 0
    outer loop
      vertex 1.71268 -12.4959 0
      vertex 1.43358 -12.5732 0.39
      vertex 1.71268 -12.4959 0.39
    endloop
  endfacet
  facet normal -0.266914 0.96372 0
    outer loop
      vertex 1.43358 -12.5732 0.39
      vertex 1.71268 -12.4959 0
      vertex 1.43358 -12.5732 0
    endloop
  endfacet
  facet normal 0.757213 -0.653168 0
    outer loop
      vertex -4.56076 -3.10708 0.39
      vertex -4.37161 -2.8878 0
      vertex -4.37161 -2.8878 0.39
    endloop
  endfacet
  facet normal 0.757213 -0.653168 0
    outer loop
      vertex -4.37161 -2.8878 0
      vertex -4.56076 -3.10708 0.39
      vertex -4.56076 -3.10708 0
    endloop
  endfacet
  facet normal 0.975701 -0.219105 0
    outer loop
      vertex -5.78663 -5.69897 0.39
      vertex -5.72318 -5.41642 0
      vertex -5.72318 -5.41642 0.39
    endloop
  endfacet
  facet normal 0.975701 -0.219105 0
    outer loop
      vertex -5.72318 -5.41642 0
      vertex -5.78663 -5.69897 0.39
      vertex -5.78663 -5.69897 0
    endloop
  endfacet
  facet normal -0.870101 0.492874 0
    outer loop
      vertex 5.0606 -9.88321 0
      vertex 5.20333 -9.63124 0.39
      vertex 5.20333 -9.63124 0
    endloop
  endfacet
  facet normal -0.870101 0.492874 0
    outer loop
      vertex 5.20333 -9.63124 0.39
      vertex 5.0606 -9.88321 0
      vertex 5.0606 -9.88321 0.39
    endloop
  endfacet
  facet normal 0.949526 -0.313689 0
    outer loop
      vertex -5.64595 -5.13732 0.39
      vertex -5.55511 -4.86235 0
      vertex -5.55511 -4.86235 0.39
    endloop
  endfacet
  facet normal 0.949526 -0.313689 0
    outer loop
      vertex -5.55511 -4.86235 0
      vertex -5.64595 -5.13732 0.39
      vertex -5.64595 -5.13732 0
    endloop
  endfacet
  facet normal -0.313564 0.949567 0
    outer loop
      vertex 1.98765 -12.4051 0
      vertex 1.71268 -12.4959 0.39
      vertex 1.98765 -12.4051 0.39
    endloop
  endfacet
  facet normal -0.313564 0.949567 0
    outer loop
      vertex 1.71268 -12.4959 0.39
      vertex 1.98765 -12.4051 0
      vertex 1.71268 -12.4959 0
    endloop
  endfacet
  facet normal 0.313564 0.949567 -0
    outer loop
      vertex -1.71268 -12.4959 0
      vertex -1.98765 -12.4051 0.39
      vertex -1.71268 -12.4959 0.39
    endloop
  endfacet
  facet normal 0.313564 0.949567 0
    outer loop
      vertex -1.98765 -12.4051 0.39
      vertex -1.71268 -12.4959 0
      vertex -1.98765 -12.4051 0
    endloop
  endfacet
  facet normal 0.218941 0.975738 -0
    outer loop
      vertex -1.15103 -12.6366 0
      vertex -1.43358 -12.5732 0.39
      vertex -1.15103 -12.6366 0.39
    endloop
  endfacet
  facet normal 0.218941 0.975738 0
    outer loop
      vertex -1.43358 -12.5732 0.39
      vertex -1.15103 -12.6366 0
      vertex -1.43358 -12.5732 0
    endloop
  endfacet
  facet normal 0.914211 -0.405238 0
    outer loop
      vertex -5.45089 -4.59217 0.39
      vertex -5.33354 -4.32743 0
      vertex -5.33354 -4.32743 0.39
    endloop
  endfacet
  facet normal 0.914211 -0.405238 0
    outer loop
      vertex -5.33354 -4.32743 0
      vertex -5.45089 -4.59217 0.39
      vertex -5.45089 -4.59217 0
    endloop
  endfacet
  facet normal 0.844882 0.534953 0
    outer loop
      vertex -4.90567 -10.1279 0.39
      vertex -5.0606 -9.88321 0
      vertex -5.0606 -9.88321 0.39
    endloop
  endfacet
  facet normal 0.844882 0.534953 0
    outer loop
      vertex -5.0606 -9.88321 0
      vertex -4.90567 -10.1279 0.39
      vertex -4.90567 -10.1279 0
    endloop
  endfacet
  facet normal 0.615233 -0.788345 0
    outer loop
      vertex -3.74292 -2.28924 0
      vertex -3.51463 -2.11108 0.39
      vertex -3.74292 -2.28924 0.39
    endloop
  endfacet
  facet normal 0.615233 -0.788345 0
    outer loop
      vertex -3.51463 -2.11108 0.39
      vertex -3.74292 -2.28924 0
      vertex -3.51463 -2.11108 0
    endloop
  endfacet
  facet normal 0.575803 -0.817588 0
    outer loop
      vertex -3.51463 -2.11108 0
      vertex -3.27786 -1.94433 0.39
      vertex -3.51463 -2.11108 0.39
    endloop
  endfacet
  facet normal 0.575803 -0.817588 0
    outer loop
      vertex -3.27786 -1.94433 0.39
      vertex -3.51463 -2.11108 0
      vertex -3.27786 -1.94433 0
    endloop
  endfacet
  facet normal 0.266689 -0.963783 0
    outer loop
      vertex -1.71268 -1.20405 0
      vertex -1.43358 -1.12682 0.39
      vertex -1.71268 -1.20405 0.39
    endloop
  endfacet
  facet normal 0.266689 -0.963783 0
    outer loop
      vertex -1.43358 -1.12682 0.39
      vertex -1.71268 -1.20405 0
      vertex -1.43358 -1.12682 0
    endloop
  endfacet
  facet normal 0.359835 0.933016 -0
    outer loop
      vertex -1.98765 -12.4051 0
      vertex -2.25783 -12.3009 0.39
      vertex -1.98765 -12.4051 0.39
    endloop
  endfacet
  facet normal 0.359835 0.933016 0
    outer loop
      vertex -2.25783 -12.3009 0.39
      vertex -1.98765 -12.4051 0
      vertex -2.25783 -12.3009 0
    endloop
  endfacet
  facet normal 0.653267 0.757127 -0
    outer loop
      vertex -3.74292 -11.4108 0
      vertex -3.9622 -11.2216 0.39
      vertex -3.74292 -11.4108 0.39
    endloop
  endfacet
  facet normal 0.653267 0.757127 0
    outer loop
      vertex -3.9622 -11.2216 0.39
      vertex -3.74292 -11.4108 0
      vertex -3.9622 -11.2216 0
    endloop
  endfacet
  facet normal -0.359835 0.933016 0
    outer loop
      vertex 2.25783 -12.3009 0
      vertex 1.98765 -12.4051 0.39
      vertex 2.25783 -12.3009 0.39
    endloop
  endfacet
  facet normal -0.359835 0.933016 0
    outer loop
      vertex 1.98765 -12.4051 0.39
      vertex 2.25783 -12.3009 0
      vertex 1.98765 -12.4051 0
    endloop
  endfacet
  facet normal -0.893215 0.449629 0
    outer loop
      vertex 5.20333 -9.63124 0
      vertex 5.33354 -9.37257 0.39
      vertex 5.33354 -9.37257 0
    endloop
  endfacet
  facet normal -0.893215 0.449629 0
    outer loop
      vertex 5.33354 -9.37257 0.39
      vertex 5.20333 -9.63124 0
      vertex 5.20333 -9.63124 0.39
    endloop
  endfacet
  facet normal 0.963783 0.266689 0
    outer loop
      vertex -5.64595 -8.56268 0.39
      vertex -5.72318 -8.28358 0
      vertex -5.72318 -8.28358 0.39
    endloop
  endfacet
  facet normal 0.963783 0.266689 0
    outer loop
      vertex -5.72318 -8.28358 0
      vertex -5.64595 -8.56268 0.39
      vertex -5.64595 -8.56268 0
    endloop
  endfacet
  facet normal 0.975701 0.219105 0
    outer loop
      vertex -5.72318 -8.28358 0.39
      vertex -5.78663 -8.00103 0
      vertex -5.78663 -8.00103 0.39
    endloop
  endfacet
  facet normal 0.975701 0.219105 0
    outer loop
      vertex -5.78663 -8.00103 0
      vertex -5.72318 -8.28358 0.39
      vertex -5.72318 -8.28358 0
    endloop
  endfacet
  facet normal -0.689578 0.724212 0
    outer loop
      vertex 4.17193 -11.0219 0
      vertex 3.9622 -11.2216 0.39
      vertex 4.17193 -11.0219 0.39
    endloop
  endfacet
  facet normal -0.689578 0.724212 0
    outer loop
      vertex 3.9622 -11.2216 0.39
      vertex 4.17193 -11.0219 0
      vertex 3.9622 -11.2216 0
    endloop
  endfacet
  facet normal 0.914211 0.405238 0
    outer loop
      vertex -5.33354 -9.37257 0.39
      vertex -5.45089 -9.10783 0
      vertex -5.45089 -9.10783 0.39
    endloop
  endfacet
  facet normal 0.914211 0.405238 0
    outer loop
      vertex -5.45089 -9.10783 0
      vertex -5.33354 -9.37257 0.39
      vertex -5.33354 -9.37257 0
    endloop
  endfacet
  facet normal 0.615104 0.788446 -0
    outer loop
      vertex -3.51463 -11.5889 0
      vertex -3.74292 -11.4108 0.39
      vertex -3.51463 -11.5889 0.39
    endloop
  endfacet
  facet normal 0.615104 0.788446 0
    outer loop
      vertex -3.74292 -11.4108 0.39
      vertex -3.51463 -11.5889 0
      vertex -3.74292 -11.4108 0
    endloop
  endfacet
  facet normal 0.893215 0.449629 0
    outer loop
      vertex -5.20333 -9.63124 0.39
      vertex -5.33354 -9.37257 0
      vertex -5.33354 -9.37257 0.39
    endloop
  endfacet
  facet normal 0.893215 0.449629 0
    outer loop
      vertex -5.33354 -9.37257 0
      vertex -5.20333 -9.63124 0.39
      vertex -5.20333 -9.63124 0
    endloop
  endfacet
  facet normal 0.405382 0.914147 -0
    outer loop
      vertex -2.25783 -12.3009 0
      vertex -2.52257 -12.1835 0.39
      vertex -2.25783 -12.3009 0.39
    endloop
  endfacet
  facet normal 0.405382 0.914147 0
    outer loop
      vertex -2.52257 -12.1835 0.39
      vertex -2.25783 -12.3009 0
      vertex -2.52257 -12.1835 0
    endloop
  endfacet
  facet normal -0.754277 0.427265 0.498508
    outer loop
      vertex 5.0606 -9.88321 0.39
      vertex 5.76644 -9.93223 1.5
      vertex 5.20333 -9.63124 0.39
    endloop
  endfacet
  facet normal -0.753745 0.428533 0.498225
    outer loop
      vertex 5.76644 -9.93223 1.5
      vertex 5.0606 -9.88321 0.39
      vertex 5.76391 -9.93668 1.5
    endloop
  endfacet
  facet normal 0.823098 0.272112 0.498463
    outer loop
      vertex -5.55511 -8.83765 0.39
      vertex -6.25695 -8.74802 1.5
      vertex -6.25534 -8.75289 1.5
    endloop
  endfacet
  facet normal 0.823134 0.271933 0.4985
    outer loop
      vertex -6.25695 -8.74802 1.5
      vertex -5.55511 -8.83765 0.39
      vertex -5.64595 -8.56268 0.39
    endloop
  endfacet
  facet normal -0.866626 -0.0212745 0.498505
    outer loop
      vertex 6.5385 -6.85 1.5
      vertex 6.53075 -6.5343 1.5
      vertex 5.9 -6.85 0.39
    endloop
  endfacet
  facet normal -0.866605 -0.0219607 0.498512
    outer loop
      vertex 5.89289 -6.5605 0.39
      vertex 6.53075 -6.5343 1.5
      vertex 6.53062 -6.52917 1.5
    endloop
  endfacet
  facet normal -0.866624 -0.0212839 0.498507
    outer loop
      vertex 6.53075 -6.5343 1.5
      vertex 5.89289 -6.5605 0.39
      vertex 5.9 -6.85 0.39
    endloop
  endfacet
  facet normal 0.389753 0.774327 0.498508
    outer loop
      vertex -2.78124 -12.0533 0.39
      vertex -2.79557 -12.7607 1.5
      vertex -2.52257 -12.1835 0.39
    endloop
  endfacet
  facet normal 0.389712 0.774342 0.498517
    outer loop
      vertex -2.79557 -12.7607 1.5
      vertex -2.78124 -12.0533 0.39
      vertex -2.80014 -12.7584 1.5
    endloop
  endfacet
  facet normal 0.732395 -0.463786 0.498499
    outer loop
      vertex -5.0606 -3.81679 0.39
      vertex -5.4393 -3.22174 1.5
      vertex -5.60825 -3.48854 1.5
    endloop
  endfacet
  facet normal 0.428533 -0.753745 0.498225
    outer loop
      vertex -3.03321 -1.7894 0.39
      vertex -3.08223 -1.08356 1.5
      vertex -3.08668 -1.08609 1.5
    endloop
  endfacet
  facet normal 0.427265 -0.754277 0.498508
    outer loop
      vertex -3.08223 -1.08356 1.5
      vertex -3.03321 -1.7894 0.39
      vertex -2.78124 -1.64667 0.39
    endloop
  endfacet
  facet normal -0.231189 -0.835491 0.498505
    outer loop
      vertex 1.71268 -1.20405 0.39
      vertex 1.58872 -0.507455 1.5
      vertex 1.43358 -1.12682 0.39
    endloop
  endfacet
  facet normal -0.231197 -0.835489 0.498503
    outer loop
      vertex 1.58872 -0.507455 1.5
      vertex 1.71268 -1.20405 0.39
      vertex 1.59366 -0.508822 1.5
    endloop
  endfacet
  facet normal -0.148182 0.854132 0.498498
    outer loop
      vertex 0.865709 -12.6861 0.39
      vertex 0.964446 -13.3168 1.5
      vertex 1.15103 -12.6366 0.39
    endloop
  endfacet
  facet normal -0.152102 0.853462 0.498465
    outer loop
      vertex 0.964446 -13.3168 1.5
      vertex 0.865709 -12.6861 0.39
      vertex 0.959396 -13.3177 1.5
    endloop
  endfacet
  facet normal -0.835486 0.231216 0.4985
    outer loop
      vertex 6.25695 -8.74802 1.5
      vertex 6.34118 -8.44366 1.5
      vertex 5.64595 -8.56268 0.39
    endloop
  endfacet
  facet normal -0.864503 0.0642879 0.498499
    outer loop
      vertex 5.89289 -7.1395 0.39
      vertex 6.53024 -7.17594 1.5
      vertex 6.53062 -7.17083 1.5
    endloop
  endfacet
  facet normal -0.86454 0.0637628 0.498503
    outer loop
      vertex 6.53024 -7.17594 1.5
      vertex 5.89289 -7.1395 0.39
      vertex 5.87159 -7.4283 0.39
    endloop
  endfacet
  facet normal 0.351352 0.79249 0.498509
    outer loop
      vertex -2.50686 -12.8887 1.5
      vertex -2.52257 -12.1835 0.39
      vertex -2.79557 -12.7607 1.5
    endloop
  endfacet
  facet normal 0.866626 0.0212745 0.498505
    outer loop
      vertex -6.53075 -7.1657 1.5
      vertex -5.9 -6.85 0.39
      vertex -6.5385 -6.85 1.5
    endloop
  endfacet
  facet normal 0.311941 0.808832 0.498481
    outer loop
      vertex -2.25783 -12.3009 0.39
      vertex -2.49739 -12.8926 1.5
      vertex -1.98765 -12.4051 0.39
    endloop
  endfacet
  facet normal 0.305517 0.811318 0.49842
    outer loop
      vertex -2.49739 -12.8926 1.5
      vertex -2.25783 -12.3009 0.39
      vertex -2.50217 -12.8908 1.5
    endloop
  endfacet
  facet normal 0.231197 -0.835489 0.498503
    outer loop
      vertex -1.71268 -1.20405 0.39
      vertex -1.58872 -0.507455 1.5
      vertex -1.59366 -0.508822 1.5
    endloop
  endfacet
  facet normal 0.231189 -0.835491 0.498505
    outer loop
      vertex -1.58872 -0.507455 1.5
      vertex -1.71268 -1.20405 0.39
      vertex -1.43358 -1.12682 0.39
    endloop
  endfacet
  facet normal 0.835413 0.231683 0.498405
    outer loop
      vertex -5.64595 -8.56268 0.39
      vertex -6.34255 -8.43872 1.5
      vertex -6.34118 -8.44366 1.5
    endloop
  endfacet
  facet normal 0.835489 0.231189 0.498508
    outer loop
      vertex -6.34255 -8.43872 1.5
      vertex -5.64595 -8.56268 0.39
      vertex -5.72318 -8.28358 0.39
    endloop
  endfacet
  facet normal -0.866624 0.0212839 0.498507
    outer loop
      vertex 5.89289 -7.1395 0.39
      vertex 6.53075 -7.1657 1.5
      vertex 5.9 -6.85 0.39
    endloop
  endfacet
  facet normal -0.866605 0.0219607 0.498512
    outer loop
      vertex 6.53075 -7.1657 1.5
      vertex 5.89289 -7.1395 0.39
      vertex 6.53062 -7.17083 1.5
    endloop
  endfacet
  facet normal 0.86454 0.0637686 0.498502
    outer loop
      vertex -6.50701 -7.49088 1.5
      vertex -5.87159 -7.4283 0.39
      vertex -6.53024 -7.17594 1.5
    endloop
  endfacet
  facet normal 0.427198 0.754318 0.498504
    outer loop
      vertex -3.03321 -11.9106 0.39
      vertex -3.08223 -12.6164 1.5
      vertex -2.78124 -12.0533 0.39
    endloop
  endfacet
  facet normal 0.424425 0.755477 0.499118
    outer loop
      vertex -3.08223 -12.6164 1.5
      vertex -3.03321 -11.9106 0.39
      vertex -3.08668 -12.6139 1.5
    endloop
  endfacet
  facet normal -0.231211 -0.835487 0.4985
    outer loop
      vertex 1.71268 -1.20405 0.39
      vertex 1.89802 -0.59305 1.5
      vertex 1.59366 -0.508822 1.5
    endloop
  endfacet
  facet normal -0.792524 -0.351284 0.498502
    outer loop
      vertex 6.0387 -4.34314 1.5
      vertex 5.91073 -4.05443 1.5
      vertex 5.33354 -4.32743 0.39
    endloop
  endfacet
  facet normal -0.708752 0.499146 0.498521
    outer loop
      vertex 5.25177 -10.745 1.5
      vertex 5.43361 -10.4868 1.5
      vertex 4.73892 -10.3646 0.39
    endloop
  endfacet
  facet normal -0.860369 -0.106122 0.498501
    outer loop
      vertex 6.50701 -6.20912 1.5
      vertex 6.46835 -5.89569 1.5
      vertex 5.87159 -6.2717 0.39
    endloop
  endfacet
  facet normal -0.271933 -0.823134 0.4985
    outer loop
      vertex 1.98765 -1.29489 0.39
      vertex 1.89802 -0.59305 1.5
      vertex 1.71268 -1.20405 0.39
    endloop
  endfacet
  facet normal -0.271796 -0.823162 0.498529
    outer loop
      vertex 1.89802 -0.59305 1.5
      vertex 1.98765 -1.29489 0.39
      vertex 1.90289 -0.594658 1.5
    endloop
  endfacet
  facet normal -0.14796 0.854145 0.498543
    outer loop
      vertex 1.2756 -13.2629 1.5
      vertex 1.15103 -12.6366 0.39
      vertex 0.964446 -13.3168 1.5
    endloop
  endfacet
  facet normal 0.656436 0.566187 0.498522
    outer loop
      vertex -5.05433 -10.998 1.5
      vertex -4.37161 -10.8122 0.39
      vertex -4.56076 -10.5929 0.39
    endloop
  endfacet
  facet normal 0.657428 0.564714 0.498886
    outer loop
      vertex -4.37161 -10.8122 0.39
      vertex -5.05433 -10.998 1.5
      vertex -5.05098 -11.0019 1.5
    endloop
  endfacet
  facet normal 0.683409 0.533317 0.498523
    outer loop
      vertex -5.25177 -10.745 1.5
      vertex -4.56076 -10.5929 0.39
      vertex -4.73892 -10.3646 0.39
    endloop
  endfacet
  facet normal 0.681408 0.536609 0.497728
    outer loop
      vertex -4.56076 -10.5929 0.39
      vertex -5.25177 -10.745 1.5
      vertex -5.24862 -10.749 1.5
    endloop
  endfacet
  facet normal 0.835413 -0.231683 0.498405
    outer loop
      vertex -6.34255 -5.26128 1.5
      vertex -5.64595 -5.13732 0.39
      vertex -6.34118 -5.25634 1.5
    endloop
  endfacet
  facet normal 0.835489 -0.231189 0.498508
    outer loop
      vertex -5.64595 -5.13732 0.39
      vertex -6.34255 -5.26128 1.5
      vertex -5.72318 -5.41642 0.39
    endloop
  endfacet
  facet normal 0.792524 -0.351284 0.498502
    outer loop
      vertex -5.33354 -4.32743 0.39
      vertex -5.91073 -4.05443 1.5
      vertex -6.0387 -4.34314 1.5
    endloop
  endfacet
  facet normal -0.86454 0.0637686 0.498502
    outer loop
      vertex 6.50701 -7.49088 1.5
      vertex 6.53024 -7.17594 1.5
      vertex 5.87159 -7.4283 0.39
    endloop
  endfacet
  facet normal -0.683442 0.533277 0.49852
    outer loop
      vertex 5.05433 -10.998 1.5
      vertex 5.24862 -10.749 1.5
      vertex 4.56076 -10.5929 0.39
    endloop
  endfacet
  facet normal -0.597813 0.627786 0.498501
    outer loop
      vertex 4.39098 -11.6947 1.5
      vertex 4.6197 -11.4769 1.5
      vertex 3.9622 -11.2216 0.39
    endloop
  endfacet
  facet normal 0.864503 0.0642879 0.498499
    outer loop
      vertex -6.53024 -7.17594 1.5
      vertex -5.89289 -7.1395 0.39
      vertex -6.53062 -7.17083 1.5
    endloop
  endfacet
  facet normal 0.86454 0.0637628 0.498503
    outer loop
      vertex -5.89289 -7.1395 0.39
      vertex -6.53024 -7.17594 1.5
      vertex -5.87159 -7.4283 0.39
    endloop
  endfacet
  facet normal -0.732395 -0.463786 0.498499
    outer loop
      vertex 5.60825 -3.48854 1.5
      vertex 5.4393 -3.22174 1.5
      vertex 5.0606 -3.81679 0.39
    endloop
  endfacet
  facet normal -0.774318 0.389778 0.498503
    outer loop
      vertex 5.20333 -9.63124 0.39
      vertex 5.91073 -9.64557 1.5
      vertex 5.33354 -9.37257 0.39
    endloop
  endfacet
  facet normal -0.773821 0.391144 0.498204
    outer loop
      vertex 5.91073 -9.64557 1.5
      vertex 5.20333 -9.63124 0.39
      vertex 5.90842 -9.65014 1.5
    endloop
  endfacet
  facet normal -0.656436 0.566187 0.498522
    outer loop
      vertex 4.37161 -10.8122 0.39
      vertex 5.05433 -10.998 1.5
      vertex 4.56076 -10.5929 0.39
    endloop
  endfacet
  facet normal -0.657428 0.564714 0.498886
    outer loop
      vertex 5.05433 -10.998 1.5
      vertex 4.37161 -10.8122 0.39
      vertex 5.05098 -11.0019 1.5
    endloop
  endfacet
  facet normal 0.683407 -0.533335 0.498506
    outer loop
      vertex -4.56076 -3.10708 0.39
      vertex -5.05433 -2.70202 1.5
      vertex -5.24862 -2.95098 1.5
    endloop
  endfacet
  facet normal -0.11819 0.858735 0.498603
    outer loop
      vertex 0.865709 -12.6861 0.39
      vertex 0.95431 -13.3184 1.5
      vertex 0.959396 -13.3177 1.5
    endloop
  endfacet
  facet normal -0.106264 0.86032 0.498555
    outer loop
      vertex 0.95431 -13.3184 1.5
      vertex 0.865709 -12.6861 0.39
      vertex 0.5783 -12.7216 0.39
    endloop
  endfacet
  facet normal 0.845925 -0.189487 0.498503
    outer loop
      vertex -6.34367 -5.26628 1.5
      vertex -5.72318 -5.41642 0.39
      vertex -6.34255 -5.26128 1.5
    endloop
  endfacet
  facet normal 0.845822 -0.189939 0.498506
    outer loop
      vertex -5.72318 -5.41642 0.39
      vertex -6.34367 -5.26628 1.5
      vertex -5.78663 -5.69897 0.39
    endloop
  endfacet
  facet normal -0.845925 -0.189487 0.498503
    outer loop
      vertex 5.72318 -5.41642 0.39
      vertex 6.34367 -5.26628 1.5
      vertex 6.34255 -5.26128 1.5
    endloop
  endfacet
  facet normal -0.845822 -0.189939 0.498506
    outer loop
      vertex 6.34367 -5.26628 1.5
      vertex 5.72318 -5.41642 0.39
      vertex 5.78663 -5.69897 0.39
    endloop
  endfacet
  facet normal 0.823098 -0.272112 0.498463
    outer loop
      vertex -6.25695 -4.95198 1.5
      vertex -5.55511 -4.86235 0.39
      vertex -6.25534 -4.94711 1.5
    endloop
  endfacet
  facet normal 0.823134 -0.271933 0.4985
    outer loop
      vertex -5.55511 -4.86235 0.39
      vertex -6.25695 -4.95198 1.5
      vertex -5.64595 -5.13732 0.39
    endloop
  endfacet
  facet normal -0.533335 -0.683407 0.498506
    outer loop
      vertex 4.14798 -1.79567 1.5
      vertex 3.89902 -1.60138 1.5
      vertex 3.74292 -2.28924 0.39
    endloop
  endfacet
  facet normal 0.533217 0.683482 0.498529
    outer loop
      vertex -3.74292 -11.4108 0.39
      vertex -3.89498 -12.1018 1.5
      vertex -3.51463 -11.5889 0.39
    endloop
  endfacet
  facet normal 0.538718 0.680131 0.497197
    outer loop
      vertex -3.89498 -12.1018 1.5
      vertex -3.74292 -11.4108 0.39
      vertex -3.89902 -12.0986 1.5
    endloop
  endfacet
  facet normal -0.0214113 0.866623 0.498504
    outer loop
      vertex 0.315705 -13.3807 1.5
      vertex 0 -12.75 0.39
      vertex 0 -13.3885 1.5
    endloop
  endfacet
  facet normal 0.860369 -0.106122 0.498501
    outer loop
      vertex -5.87159 -6.2717 0.39
      vertex -6.46835 -5.89569 1.5
      vertex -6.50701 -6.20912 1.5
    endloop
  endfacet
  facet normal -0.627181 -0.598442 0.498509
    outer loop
      vertex 4.17193 -2.67807 0.39
      vertex 4.62695 -2.2303 1.5
      vertex 4.62341 -2.22659 1.5
    endloop
  endfacet
  facet normal -0.627841 -0.597756 0.498502
    outer loop
      vertex 4.62695 -2.2303 1.5
      vertex 4.17193 -2.67807 0.39
      vertex 4.37161 -2.8878 0.39
    endloop
  endfacet
  facet normal 0.866626 -0.0212745 0.498505
    outer loop
      vertex -5.9 -6.85 0.39
      vertex -6.53075 -6.5343 1.5
      vertex -6.5385 -6.85 1.5
    endloop
  endfacet
  facet normal 0.231211 -0.835487 0.4985
    outer loop
      vertex -1.71268 -1.20405 0.39
      vertex -1.59366 -0.508822 1.5
      vertex -1.89802 -0.59305 1.5
    endloop
  endfacet
  facet normal -0.463798 -0.732384 0.498502
    outer loop
      vertex 3.27786 -1.94433 0.39
      vertex 3.62826 -1.4107 1.5
      vertex 3.03321 -1.7894 0.39
    endloop
  endfacet
  facet normal -0.463549 -0.732543 0.4985
    outer loop
      vertex 3.62826 -1.4107 1.5
      vertex 3.27786 -1.94433 0.39
      vertex 3.63259 -1.41344 1.5
    endloop
  endfacet
  facet normal 0.189955 0.845796 0.498545
    outer loop
      vertex -1.2756 -13.2629 1.5
      vertex -1.15103 -12.6366 0.39
      vertex -1.58372 -13.1937 1.5
    endloop
  endfacet
  facet normal -0.866626 0.0212745 0.498505
    outer loop
      vertex 6.53075 -7.1657 1.5
      vertex 6.5385 -6.85 1.5
      vertex 5.9 -6.85 0.39
    endloop
  endfacet
  facet normal 0.808806 0.311977 0.498501
    outer loop
      vertex -6.04263 -9.34739 1.5
      vertex -5.55511 -8.83765 0.39
      vertex -6.15628 -9.05275 1.5
    endloop
  endfacet
  facet normal -0.231394 0.835435 0.498502
    outer loop
      vertex 1.89802 -13.1069 1.5
      vertex 1.71268 -12.4959 0.39
      vertex 1.59366 -13.1912 1.5
    endloop
  endfacet
  facet normal 0.499152 -0.70876 0.498504
    outer loop
      vertex -3.51463 -2.11108 0.39
      vertex -3.63678 -1.41639 1.5
      vertex -3.89498 -1.59823 1.5
    endloop
  endfacet
  facet normal 0.845822 0.189939 0.498506
    outer loop
      vertex -6.34367 -8.43372 1.5
      vertex -5.72318 -8.28358 0.39
      vertex -5.78663 -8.00103 0.39
    endloop
  endfacet
  facet normal 0.845925 0.189487 0.498503
    outer loop
      vertex -5.72318 -8.28358 0.39
      vertex -6.34367 -8.43372 1.5
      vertex -6.34255 -8.43872 1.5
    endloop
  endfacet
  facet normal 0.14796 0.854145 0.498543
    outer loop
      vertex -0.964446 -13.3168 1.5
      vertex -1.15103 -12.6366 0.39
      vertex -1.2756 -13.2629 1.5
    endloop
  endfacet
  facet normal 0.866624 0.0212839 0.498507
    outer loop
      vertex -6.53075 -7.1657 1.5
      vertex -5.89289 -7.1395 0.39
      vertex -5.9 -6.85 0.39
    endloop
  endfacet
  facet normal 0.866605 0.0219607 0.498512
    outer loop
      vertex -5.89289 -7.1395 0.39
      vertex -6.53075 -7.1657 1.5
      vertex -6.53062 -7.17083 1.5
    endloop
  endfacet
  facet normal -0.389778 -0.774318 0.498503
    outer loop
      vertex 2.78124 -1.64667 0.39
      vertex 2.79557 -0.93927 1.5
      vertex 2.52257 -1.51646 0.39
    endloop
  endfacet
  facet normal -0.390428 -0.774082 0.498361
    outer loop
      vertex 2.79557 -0.93927 1.5
      vertex 2.78124 -1.64667 0.39
      vertex 2.80014 -0.941575 1.5
    endloop
  endfacet
  facet normal 0.854124 -0.148206 0.498505
    outer loop
      vertex -5.78663 -5.69897 0.39
      vertex -6.41286 -5.5744 1.5
      vertex -6.46685 -5.88555 1.5
    endloop
  endfacet
  facet normal -0.351296 -0.792519 0.498503
    outer loop
      vertex 2.52257 -1.51646 0.39
      vertex 2.79557 -0.93927 1.5
      vertex 2.50686 -0.811295 1.5
    endloop
  endfacet
  facet normal -0.860369 0.106122 0.498501
    outer loop
      vertex 6.46835 -7.80431 1.5
      vertex 6.50701 -7.49088 1.5
      vertex 5.87159 -7.4283 0.39
    endloop
  endfacet
  facet normal -0.312093 0.808752 0.498516
    outer loop
      vertex 2.20275 -13.0063 1.5
      vertex 2.49739 -12.8926 1.5
      vertex 1.98765 -12.4051 0.39
    endloop
  endfacet
  facet normal 0.566321 0.656357 0.498474
    outer loop
      vertex -3.9622 -11.2216 0.39
      vertex -4.14798 -11.9043 1.5
      vertex -3.74292 -11.4108 0.39
    endloop
  endfacet
  facet normal 0.561176 0.659807 0.499735
    outer loop
      vertex -4.14798 -11.9043 1.5
      vertex -3.9622 -11.2216 0.39
      vertex -4.15186 -11.901 1.5
    endloop
  endfacet
  facet normal -0.389712 0.774342 0.498517
    outer loop
      vertex 2.78124 -12.0533 0.39
      vertex 2.79557 -12.7607 1.5
      vertex 2.80014 -12.7584 1.5
    endloop
  endfacet
  facet normal -0.389753 0.774327 0.498508
    outer loop
      vertex 2.79557 -12.7607 1.5
      vertex 2.78124 -12.0533 0.39
      vertex 2.52257 -12.1835 0.39
    endloop
  endfacet
  facet normal 0.656411 -0.566234 0.498502
    outer loop
      vertex -4.37161 -2.8878 0.39
      vertex -4.84471 -2.45902 1.5
      vertex -5.05098 -2.69814 1.5
    endloop
  endfacet
  facet normal 0.627181 -0.598442 0.498509
    outer loop
      vertex -4.62695 -2.2303 1.5
      vertex -4.17193 -2.67807 0.39
      vertex -4.62341 -2.22659 1.5
    endloop
  endfacet
  facet normal 0.627841 -0.597756 0.498502
    outer loop
      vertex -4.17193 -2.67807 0.39
      vertex -4.62695 -2.2303 1.5
      vertex -4.37161 -2.8878 0.39
    endloop
  endfacet
  facet normal -0.305517 0.811318 0.49842
    outer loop
      vertex 2.25783 -12.3009 0.39
      vertex 2.49739 -12.8926 1.5
      vertex 2.50217 -12.8908 1.5
    endloop
  endfacet
  facet normal -0.311941 0.808832 0.498481
    outer loop
      vertex 2.49739 -12.8926 1.5
      vertex 2.25783 -12.3009 0.39
      vertex 1.98765 -12.4051 0.39
    endloop
  endfacet
  facet normal 0.835486 0.231216 0.4985
    outer loop
      vertex -6.25695 -8.74802 1.5
      vertex -5.64595 -8.56268 0.39
      vertex -6.34118 -8.44366 1.5
    endloop
  endfacet
  facet normal -0.860369 0.10612 0.498501
    outer loop
      vertex 5.83614 -7.71571 0.39
      vertex 6.46835 -7.80431 1.5
      vertex 5.87159 -7.4283 0.39
    endloop
  endfacet
  facet normal -0.860534 0.10482 0.498491
    outer loop
      vertex 6.46835 -7.80431 1.5
      vertex 5.83614 -7.71571 0.39
      vertex 6.46773 -7.8094 1.5
    endloop
  endfacet
  facet normal 0.533009 -0.683605 0.498583
    outer loop
      vertex -3.74292 -2.28924 0.39
      vertex -3.89498 -1.59823 1.5
      vertex -3.89902 -1.60138 1.5
    endloop
  endfacet
  facet normal 0.533338 -0.683406 0.498504
    outer loop
      vertex -3.89498 -1.59823 1.5
      vertex -3.74292 -2.28924 0.39
      vertex -3.51463 -2.11108 0.39
    endloop
  endfacet
  facet normal -0.427155 0.75433 0.498523
    outer loop
      vertex 3.08668 -12.6139 1.5
      vertex 3.36146 -12.4583 1.5
      vertex 3.03321 -11.9106 0.39
    endloop
  endfacet
  facet normal 0.106113 -0.86037 0.498502
    outer loop
      vertex -0.5783 -0.97841 0.39
      vertex -0.640884 -0.34299 1.5
      vertex -0.95431 -0.381646 1.5
    endloop
  endfacet
  facet normal 0.708817 -0.499048 0.498528
    outer loop
      vertex -5.43656 -3.21741 1.5
      vertex -4.73892 -3.33537 0.39
      vertex -5.43361 -3.21322 1.5
    endloop
  endfacet
  facet normal 0.708758 -0.499157 0.498503
    outer loop
      vertex -4.73892 -3.33537 0.39
      vertex -5.43656 -3.21741 1.5
      vertex -4.90567 -3.57214 0.39
    endloop
  endfacet
  facet normal 0.566557 -0.656191 0.498423
    outer loop
      vertex -3.9622 -2.47839 0.39
      vertex -4.14798 -1.79567 1.5
      vertex -4.15186 -1.79902 1.5
    endloop
  endfacet
  facet normal 0.566223 -0.656417 0.498506
    outer loop
      vertex -4.14798 -1.79567 1.5
      vertex -3.9622 -2.47839 0.39
      vertex -3.74292 -2.28924 0.39
    endloop
  endfacet
  facet normal -0.683409 0.533317 0.498523
    outer loop
      vertex 4.56076 -10.5929 0.39
      vertex 5.25177 -10.745 1.5
      vertex 4.73892 -10.3646 0.39
    endloop
  endfacet
  facet normal -0.681408 0.536609 0.497728
    outer loop
      vertex 5.25177 -10.745 1.5
      vertex 4.56076 -10.5929 0.39
      vertex 5.24862 -10.749 1.5
    endloop
  endfacet
  facet normal -0.656384 0.566258 0.49851
    outer loop
      vertex 4.84471 -11.241 1.5
      vertex 5.05098 -11.0019 1.5
      vertex 4.37161 -10.8122 0.39
    endloop
  endfacet
  facet normal -0.311989 -0.808801 0.498502
    outer loop
      vertex 2.25783 -1.39911 0.39
      vertex 2.49739 -0.807373 1.5
      vertex 1.98765 -1.29489 0.39
    endloop
  endfacet
  facet normal -0.312158 -0.808735 0.498503
    outer loop
      vertex 2.49739 -0.807373 1.5
      vertex 2.25783 -1.39911 0.39
      vertex 2.50217 -0.809218 1.5
    endloop
  endfacet
  facet normal -0.271775 0.823177 0.498516
    outer loop
      vertex 2.20275 -13.0063 1.5
      vertex 1.98765 -12.4051 0.39
      vertex 1.90289 -13.1053 1.5
    endloop
  endfacet
  facet normal 0.708752 0.499146 0.498521
    outer loop
      vertex -5.25177 -10.745 1.5
      vertex -4.73892 -10.3646 0.39
      vertex -5.43361 -10.4868 1.5
    endloop
  endfacet
  facet normal -0.627812 0.59778 0.49851
    outer loop
      vertex 4.62695 -11.4697 1.5
      vertex 4.84471 -11.241 1.5
      vertex 4.37161 -10.8122 0.39
    endloop
  endfacet
  facet normal -0.627793 0.597795 0.498515
    outer loop
      vertex 4.17193 -11.0219 0.39
      vertex 4.62695 -11.4697 1.5
      vertex 4.37161 -10.8122 0.39
    endloop
  endfacet
  facet normal -0.626366 0.599279 0.498528
    outer loop
      vertex 4.62695 -11.4697 1.5
      vertex 4.17193 -11.0219 0.39
      vertex 4.62341 -11.4734 1.5
    endloop
  endfacet
  facet normal -0.732388 0.463782 0.498511
    outer loop
      vertex 5.4393 -10.4783 1.5
      vertex 5.60825 -10.2115 1.5
      vertex 5.0606 -9.88321 0.39
    endloop
  endfacet
  facet normal -0.854124 0.148206 0.498505
    outer loop
      vertex 6.41286 -8.1256 1.5
      vertex 6.46685 -7.81445 1.5
      vertex 5.78663 -8.00103 0.39
    endloop
  endfacet
  facet normal 0.0636864 0.864553 0.498489
    outer loop
      vertex -0.32594 -13.3802 1.5
      vertex -0.5783 -12.7216 0.39
      vertex -0.640884 -13.357 1.5
    endloop
  endfacet
  facet normal -0.351296 -0.79252 0.498501
    outer loop
      vertex 2.52257 -1.51646 0.39
      vertex 2.50217 -0.809218 1.5
      vertex 2.25783 -1.39911 0.39
    endloop
  endfacet
  facet normal -0.351012 -0.792607 0.498563
    outer loop
      vertex 2.50217 -0.809218 1.5
      vertex 2.52257 -1.51646 0.39
      vertex 2.50686 -0.811295 1.5
    endloop
  endfacet
  facet normal 0.597813 0.627786 0.498501
    outer loop
      vertex -4.39098 -11.6947 1.5
      vertex -3.9622 -11.2216 0.39
      vertex -4.6197 -11.4769 1.5
    endloop
  endfacet
  facet normal -0.533338 -0.683406 0.498504
    outer loop
      vertex 3.74292 -2.28924 0.39
      vertex 3.89498 -1.59823 1.5
      vertex 3.51463 -2.11108 0.39
    endloop
  endfacet
  facet normal -0.533009 -0.683605 0.498583
    outer loop
      vertex 3.89498 -1.59823 1.5
      vertex 3.74292 -2.28924 0.39
      vertex 3.89902 -1.60138 1.5
    endloop
  endfacet
  facet normal 0.808446 -0.312892 0.49851
    outer loop
      vertex -6.04263 -4.35261 1.5
      vertex -5.45089 -4.59217 0.39
      vertex -6.04078 -4.34783 1.5
    endloop
  endfacet
  facet normal 0.8088 -0.311989 0.498504
    outer loop
      vertex -5.45089 -4.59217 0.39
      vertex -6.04263 -4.35261 1.5
      vertex -5.55511 -4.86235 0.39
    endloop
  endfacet
  facet normal -0.854021 0.148819 0.498499
    outer loop
      vertex 5.83614 -7.71571 0.39
      vertex 6.46685 -7.81445 1.5
      vertex 6.46773 -7.8094 1.5
    endloop
  endfacet
  facet normal -0.854124 0.148211 0.498503
    outer loop
      vertex 6.46685 -7.81445 1.5
      vertex 5.83614 -7.71571 0.39
      vertex 5.78663 -8.00103 0.39
    endloop
  endfacet
  facet normal -0.38978 0.774317 0.498503
    outer loop
      vertex 2.80014 -12.7584 1.5
      vertex 3.08223 -12.6164 1.5
      vertex 2.78124 -12.0533 0.39
    endloop
  endfacet
  facet normal 0.792524 0.351284 0.498502
    outer loop
      vertex -5.91073 -9.64557 1.5
      vertex -5.33354 -9.37257 0.39
      vertex -6.0387 -9.35686 1.5
    endloop
  endfacet
  facet normal -0.708694 0.499259 0.498491
    outer loop
      vertex 4.73892 -10.3646 0.39
      vertex 5.43656 -10.4826 1.5
      vertex 4.90567 -10.1279 0.39
    endloop
  endfacet
  facet normal -0.709275 0.498181 0.498742
    outer loop
      vertex 5.43656 -10.4826 1.5
      vertex 4.73892 -10.3646 0.39
      vertex 5.43361 -10.4868 1.5
    endloop
  endfacet
  facet normal -0.732419 0.463744 0.498502
    outer loop
      vertex 4.90567 -10.1279 0.39
      vertex 5.4393 -10.4783 1.5
      vertex 5.0606 -9.88321 0.39
    endloop
  endfacet
  facet normal -0.731073 0.465846 0.498518
    outer loop
      vertex 5.4393 -10.4783 1.5
      vertex 4.90567 -10.1279 0.39
      vertex 5.43656 -10.4826 1.5
    endloop
  endfacet
  facet normal 0.860369 0.106122 0.498501
    outer loop
      vertex -6.46835 -7.80431 1.5
      vertex -5.87159 -7.4283 0.39
      vertex -6.50701 -7.49088 1.5
    endloop
  endfacet
  facet normal 0.860534 -0.10482 0.498491
    outer loop
      vertex -6.46835 -5.89569 1.5
      vertex -5.83614 -5.98429 0.39
      vertex -6.46773 -5.8906 1.5
    endloop
  endfacet
  facet normal 0.860369 -0.10612 0.498501
    outer loop
      vertex -5.83614 -5.98429 0.39
      vertex -6.46835 -5.89569 1.5
      vertex -5.87159 -6.2717 0.39
    endloop
  endfacet
  facet normal 0.427155 0.75433 0.498523
    outer loop
      vertex -3.08668 -12.6139 1.5
      vertex -3.03321 -11.9106 0.39
      vertex -3.36146 -12.4583 1.5
    endloop
  endfacet
  facet normal -0.594893 0.630586 0.498461
    outer loop
      vertex 4.17193 -11.0219 0.39
      vertex 4.6197 -11.4769 1.5
      vertex 4.62341 -11.4734 1.5
    endloop
  endfacet
  facet normal -0.59779 0.627814 0.498494
    outer loop
      vertex 4.6197 -11.4769 1.5
      vertex 4.17193 -11.0219 0.39
      vertex 3.9622 -11.2216 0.39
    endloop
  endfacet
  facet normal -0.354418 0.791534 0.497857
    outer loop
      vertex 2.52257 -12.1835 0.39
      vertex 2.50217 -12.8908 1.5
      vertex 2.50686 -12.8887 1.5
    endloop
  endfacet
  facet normal -0.351421 0.792463 0.498504
    outer loop
      vertex 2.50217 -12.8908 1.5
      vertex 2.52257 -12.1835 0.39
      vertex 2.25783 -12.3009 0.39
    endloop
  endfacet
  facet normal -0.189955 0.845796 0.498545
    outer loop
      vertex 1.2756 -13.2629 1.5
      vertex 1.58372 -13.1937 1.5
      vertex 1.15103 -12.6366 0.39
    endloop
  endfacet
  facet normal -0.860534 -0.10482 0.498491
    outer loop
      vertex 5.83614 -5.98429 0.39
      vertex 6.46835 -5.89569 1.5
      vertex 6.46773 -5.8906 1.5
    endloop
  endfacet
  facet normal -0.860369 -0.10612 0.498501
    outer loop
      vertex 6.46835 -5.89569 1.5
      vertex 5.83614 -5.98429 0.39
      vertex 5.87159 -6.2717 0.39
    endloop
  endfacet
  facet normal -0.0637636 0.864557 0.498474
    outer loop
      vertex 0.289498 -12.7429 0.39
      vertex 0.32594 -13.3802 1.5
      vertex 0.5783 -12.7216 0.39
    endloop
  endfacet
  facet normal -0.0676408 0.86428 0.498442
    outer loop
      vertex 0.32594 -13.3802 1.5
      vertex 0.289498 -12.7429 0.39
      vertex 0.320829 -13.3806 1.5
    endloop
  endfacet
  facet normal -0.0169157 0.866762 0.498436
    outer loop
      vertex 0.289498 -12.7429 0.39
      vertex 0.315705 -13.3807 1.5
      vertex 0.320829 -13.3806 1.5
    endloop
  endfacet
  facet normal -0.0212547 0.866645 0.498472
    outer loop
      vertex 0.315705 -13.3807 1.5
      vertex 0.289498 -12.7429 0.39
      vertex 0 -12.75 0.39
    endloop
  endfacet
  facet normal 0.835486 -0.231216 0.4985
    outer loop
      vertex -5.64595 -5.13732 0.39
      vertex -6.25695 -4.95198 1.5
      vertex -6.34118 -5.25634 1.5
    endloop
  endfacet
  facet normal 0.499256 0.708686 0.498506
    outer loop
      vertex -3.51463 -11.5889 0.39
      vertex -3.63259 -12.2866 1.5
      vertex -3.27786 -11.7557 0.39
    endloop
  endfacet
  facet normal 0.505125 0.705491 0.497122
    outer loop
      vertex -3.63259 -12.2866 1.5
      vertex -3.51463 -11.5889 0.39
      vertex -3.63678 -12.2836 1.5
    endloop
  endfacet
  facet normal 0.463877 0.732321 0.498522
    outer loop
      vertex -3.36146 -12.4583 1.5
      vertex -3.03321 -11.9106 0.39
      vertex -3.62826 -12.2893 1.5
    endloop
  endfacet
  facet normal 0.845824 0.189934 0.498505
    outer loop
      vertex -6.34367 -8.43372 1.5
      vertex -5.78663 -8.00103 0.39
      vertex -6.41286 -8.1256 1.5
    endloop
  endfacet
  facet normal 0.683442 0.533277 0.49852
    outer loop
      vertex -5.05433 -10.998 1.5
      vertex -4.56076 -10.5929 0.39
      vertex -5.24862 -10.749 1.5
    endloop
  endfacet
  facet normal 0.86454 -0.0637686 0.498502
    outer loop
      vertex -5.87159 -6.2717 0.39
      vertex -6.50701 -6.20912 1.5
      vertex -6.53024 -6.52406 1.5
    endloop
  endfacet
  facet normal -0.499071 0.708801 0.498528
    outer loop
      vertex 3.63678 -12.2836 1.5
      vertex 3.89498 -12.1018 1.5
      vertex 3.51463 -11.5889 0.39
    endloop
  endfacet
  facet normal -0.656411 -0.566234 0.498502
    outer loop
      vertex 5.05098 -2.69814 1.5
      vertex 4.84471 -2.45902 1.5
      vertex 4.37161 -2.8878 0.39
    endloop
  endfacet
  facet normal 0.148211 -0.854124 0.498503
    outer loop
      vertex -0.865709 -1.01386 0.39
      vertex -0.964446 -0.38315 1.5
      vertex -1.15103 -1.06337 0.39
    endloop
  endfacet
  facet normal 0.148162 -0.854132 0.498504
    outer loop
      vertex -0.964446 -0.38315 1.5
      vertex -0.865709 -1.01386 0.39
      vertex -0.959396 -0.382274 1.5
    endloop
  endfacet
  facet normal 0.499048 -0.708817 0.498528
    outer loop
      vertex -3.51463 -2.11108 0.39
      vertex -3.63259 -1.41344 1.5
      vertex -3.63678 -1.41639 1.5
    endloop
  endfacet
  facet normal 0.499157 -0.708758 0.498503
    outer loop
      vertex -3.63259 -1.41344 1.5
      vertex -3.51463 -2.11108 0.39
      vertex -3.27786 -1.94433 0.39
    endloop
  endfacet
  facet normal -0.424425 0.755477 0.499118
    outer loop
      vertex 3.03321 -11.9106 0.39
      vertex 3.08223 -12.6164 1.5
      vertex 3.08668 -12.6139 1.5
    endloop
  endfacet
  facet normal -0.427198 0.754318 0.498504
    outer loop
      vertex 3.08223 -12.6164 1.5
      vertex 3.03321 -11.9106 0.39
      vertex 2.78124 -12.0533 0.39
    endloop
  endfacet
  facet normal -0.566281 0.65637 0.498503
    outer loop
      vertex 4.15186 -11.901 1.5
      vertex 4.39098 -11.6947 1.5
      vertex 3.9622 -11.2216 0.39
    endloop
  endfacet
  facet normal 0.18994 -0.845823 0.498505
    outer loop
      vertex -1.15103 -1.06337 0.39
      vertex -1.2756 -0.43714 1.5
      vertex -1.58372 -0.506332 1.5
    endloop
  endfacet
  facet normal 0.463549 -0.732543 0.4985
    outer loop
      vertex -3.27786 -1.94433 0.39
      vertex -3.62826 -1.4107 1.5
      vertex -3.63259 -1.41344 1.5
    endloop
  endfacet
  facet normal 0.463798 -0.732384 0.498502
    outer loop
      vertex -3.62826 -1.4107 1.5
      vertex -3.27786 -1.94433 0.39
      vertex -3.03321 -1.7894 0.39
    endloop
  endfacet
  facet normal -0.754271 -0.427287 0.498499
    outer loop
      vertex 5.76391 -3.76332 1.5
      vertex 5.60825 -3.48854 1.5
      vertex 5.0606 -3.81679 0.39
    endloop
  endfacet
  facet normal 0.312093 0.808752 0.498516
    outer loop
      vertex -2.20275 -13.0063 1.5
      vertex -1.98765 -12.4051 0.39
      vertex -2.49739 -12.8926 1.5
    endloop
  endfacet
  facet normal -0.792524 0.351284 0.498502
    outer loop
      vertex 5.91073 -9.64557 1.5
      vertex 6.0387 -9.35686 1.5
      vertex 5.33354 -9.37257 0.39
    endloop
  endfacet
  facet normal -0.105962 0.860394 0.498492
    outer loop
      vertex 0.640884 -13.357 1.5
      vertex 0.95431 -13.3184 1.5
      vertex 0.5783 -12.7216 0.39
    endloop
  endfacet
  facet normal 0.105962 0.860394 0.498492
    outer loop
      vertex -0.640884 -13.357 1.5
      vertex -0.5783 -12.7216 0.39
      vertex -0.95431 -13.3184 1.5
    endloop
  endfacet
  facet normal 0.598442 -0.627181 0.498509
    outer loop
      vertex -4.17193 -2.67807 0.39
      vertex -4.6197 -2.22305 1.5
      vertex -4.62341 -2.22659 1.5
    endloop
  endfacet
  facet normal 0.597756 -0.627841 0.498502
    outer loop
      vertex -4.6197 -2.22305 1.5
      vertex -4.17193 -2.67807 0.39
      vertex -3.9622 -2.47839 0.39
    endloop
  endfacet
  facet normal 0.860369 0.10612 0.498501
    outer loop
      vertex -6.46835 -7.80431 1.5
      vertex -5.83614 -7.71571 0.39
      vertex -5.87159 -7.4283 0.39
    endloop
  endfacet
  facet normal 0.860534 0.10482 0.498491
    outer loop
      vertex -5.83614 -7.71571 0.39
      vertex -6.46835 -7.80431 1.5
      vertex -6.46773 -7.8094 1.5
    endloop
  endfacet
  facet normal -0.79252 0.351296 0.4985
    outer loop
      vertex 5.33354 -9.37257 0.39
      vertex 6.04078 -9.35217 1.5
      vertex 5.45089 -9.10783 0.39
    endloop
  endfacet
  facet normal -0.79247 0.351458 0.498466
    outer loop
      vertex 6.04078 -9.35217 1.5
      vertex 5.33354 -9.37257 0.39
      vertex 6.0387 -9.35686 1.5
    endloop
  endfacet
  facet normal -0.774337 0.389735 0.498507
    outer loop
      vertex 5.76644 -9.93223 1.5
      vertex 5.90842 -9.65014 1.5
      vertex 5.20333 -9.63124 0.39
    endloop
  endfacet
  facet normal -0.754292 0.427237 0.49851
    outer loop
      vertex 5.60825 -10.2115 1.5
      vertex 5.76391 -9.93668 1.5
      vertex 5.0606 -9.88321 0.39
    endloop
  endfacet
  facet normal -0.0636864 0.864553 0.498489
    outer loop
      vertex 0.640884 -13.357 1.5
      vertex 0.5783 -12.7216 0.39
      vertex 0.32594 -13.3802 1.5
    endloop
  endfacet
  facet normal 0.38978 0.774317 0.498503
    outer loop
      vertex -2.80014 -12.7584 1.5
      vertex -2.78124 -12.0533 0.39
      vertex -3.08223 -12.6164 1.5
    endloop
  endfacet
  facet normal 0.533335 -0.683407 0.498506
    outer loop
      vertex -3.74292 -2.28924 0.39
      vertex -3.89902 -1.60138 1.5
      vertex -4.14798 -1.79567 1.5
    endloop
  endfacet
  facet normal 0.566281 0.65637 0.498503
    outer loop
      vertex -4.15186 -11.901 1.5
      vertex -3.9622 -11.2216 0.39
      vertex -4.39098 -11.6947 1.5
    endloop
  endfacet
  facet normal 0.271796 -0.823162 0.498529
    outer loop
      vertex -1.98765 -1.29489 0.39
      vertex -1.89802 -0.59305 1.5
      vertex -1.90289 -0.594658 1.5
    endloop
  endfacet
  facet normal 0.271933 -0.823134 0.4985
    outer loop
      vertex -1.89802 -0.59305 1.5
      vertex -1.98765 -1.29489 0.39
      vertex -1.71268 -1.20405 0.39
    endloop
  endfacet
  facet normal 0.533364 0.683408 0.498474
    outer loop
      vertex -3.89902 -12.0986 1.5
      vertex -3.74292 -11.4108 0.39
      vertex -4.14798 -11.9043 1.5
    endloop
  endfacet
  facet normal 0.753745 -0.428533 0.498225
    outer loop
      vertex -5.76644 -3.76777 1.5
      vertex -5.0606 -3.81679 0.39
      vertex -5.76391 -3.76332 1.5
    endloop
  endfacet
  facet normal 0.754277 -0.427265 0.498508
    outer loop
      vertex -5.0606 -3.81679 0.39
      vertex -5.76644 -3.76777 1.5
      vertex -5.20333 -4.06876 0.39
    endloop
  endfacet
  facet normal -0.808806 0.311977 0.498501
    outer loop
      vertex 6.04263 -9.34739 1.5
      vertex 6.15628 -9.05275 1.5
      vertex 5.55511 -8.83765 0.39
    endloop
  endfacet
  facet normal 0.499071 0.708801 0.498528
    outer loop
      vertex -3.63678 -12.2836 1.5
      vertex -3.51463 -11.5889 0.39
      vertex -3.89498 -12.1018 1.5
    endloop
  endfacet
  facet normal 0.106264 0.86032 0.498555
    outer loop
      vertex -0.865709 -12.6861 0.39
      vertex -0.95431 -13.3184 1.5
      vertex -0.5783 -12.7216 0.39
    endloop
  endfacet
  facet normal 0.11819 0.858735 0.498603
    outer loop
      vertex -0.95431 -13.3184 1.5
      vertex -0.865709 -12.6861 0.39
      vertex -0.959396 -13.3177 1.5
    endloop
  endfacet
  facet normal -0.845822 0.189939 0.498506
    outer loop
      vertex 5.72318 -8.28358 0.39
      vertex 6.34367 -8.43372 1.5
      vertex 5.78663 -8.00103 0.39
    endloop
  endfacet
  facet normal -0.845925 0.189487 0.498503
    outer loop
      vertex 6.34367 -8.43372 1.5
      vertex 5.72318 -8.28358 0.39
      vertex 6.34255 -8.43872 1.5
    endloop
  endfacet
  facet normal -0.845824 0.189934 0.498505
    outer loop
      vertex 6.34367 -8.43372 1.5
      vertex 6.41286 -8.1256 1.5
      vertex 5.78663 -8.00103 0.39
    endloop
  endfacet
  facet normal 0.271775 0.823177 0.498516
    outer loop
      vertex -1.90289 -13.1053 1.5
      vertex -1.98765 -12.4051 0.39
      vertex -2.20275 -13.0063 1.5
    endloop
  endfacet
  facet normal -0.8088 0.311989 0.498504
    outer loop
      vertex 5.45089 -9.10783 0.39
      vertex 6.04263 -9.34739 1.5
      vertex 5.55511 -8.83765 0.39
    endloop
  endfacet
  facet normal -0.808446 0.312892 0.49851
    outer loop
      vertex 6.04263 -9.34739 1.5
      vertex 5.45089 -9.10783 0.39
      vertex 6.04078 -9.35217 1.5
    endloop
  endfacet
  facet normal -0.823136 0.271926 0.498501
    outer loop
      vertex 6.15628 -9.05275 1.5
      vertex 6.25534 -8.75289 1.5
      vertex 5.55511 -8.83765 0.39
    endloop
  endfacet
  facet normal 0.152102 0.853462 0.498465
    outer loop
      vertex -0.865709 -12.6861 0.39
      vertex -0.964446 -13.3168 1.5
      vertex -0.959396 -13.3177 1.5
    endloop
  endfacet
  facet normal 0.148182 0.854132 0.498498
    outer loop
      vertex -0.964446 -13.3168 1.5
      vertex -0.865709 -12.6861 0.39
      vertex -1.15103 -12.6366 0.39
    endloop
  endfacet
  facet normal -0.2023 0.842918 0.498562
    outer loop
      vertex 1.43358 -12.5732 0.39
      vertex 1.58372 -13.1937 1.5
      vertex 1.58872 -13.1925 1.5
    endloop
  endfacet
  facet normal -0.189796 0.845851 0.498511
    outer loop
      vertex 1.58372 -13.1937 1.5
      vertex 1.43358 -12.5732 0.39
      vertex 1.15103 -12.6366 0.39
    endloop
  endfacet
  facet normal 0.683605 -0.533009 0.498583
    outer loop
      vertex -5.25177 -2.95502 1.5
      vertex -4.56076 -3.10708 0.39
      vertex -5.24862 -2.95098 1.5
    endloop
  endfacet
  facet normal 0.683406 -0.533338 0.498504
    outer loop
      vertex -4.56076 -3.10708 0.39
      vertex -5.25177 -2.95502 1.5
      vertex -4.73892 -3.33537 0.39
    endloop
  endfacet
  facet normal 0.8088 0.311989 0.498504
    outer loop
      vertex -6.04263 -9.34739 1.5
      vertex -5.45089 -9.10783 0.39
      vertex -5.55511 -8.83765 0.39
    endloop
  endfacet
  facet normal 0.808446 0.312892 0.49851
    outer loop
      vertex -5.45089 -9.10783 0.39
      vertex -6.04263 -9.34739 1.5
      vertex -6.04078 -9.35217 1.5
    endloop
  endfacet
  facet normal 0.754292 0.427237 0.49851
    outer loop
      vertex -5.60825 -10.2115 1.5
      vertex -5.0606 -9.88321 0.39
      vertex -5.76391 -9.93668 1.5
    endloop
  endfacet
  facet normal 0.823136 -0.271926 0.498501
    outer loop
      vertex -5.55511 -4.86235 0.39
      vertex -6.15628 -4.64725 1.5
      vertex -6.25534 -4.94711 1.5
    endloop
  endfacet
  facet normal -0.0637732 -0.86454 0.498502
    outer loop
      vertex 0.5783 -0.97841 0.39
      vertex 0.640884 -0.34299 1.5
      vertex 0.32594 -0.319758 1.5
    endloop
  endfacet
  facet normal -0.148204 -0.854125 0.498505
    outer loop
      vertex 1.15103 -1.06337 0.39
      vertex 1.2756 -0.43714 1.5
      vertex 0.964446 -0.38315 1.5
    endloop
  endfacet
  facet normal 0.390428 -0.774082 0.498361
    outer loop
      vertex -2.78124 -1.64667 0.39
      vertex -2.79557 -0.93927 1.5
      vertex -2.80014 -0.941575 1.5
    endloop
  endfacet
  facet normal 0.389778 -0.774318 0.498503
    outer loop
      vertex -2.79557 -0.93927 1.5
      vertex -2.78124 -1.64667 0.39
      vertex -2.52257 -1.51646 0.39
    endloop
  endfacet
  facet normal 0.0214113 0.866623 0.498504
    outer loop
      vertex 0 -13.3885 1.5
      vertex 0 -12.75 0.39
      vertex -0.315705 -13.3807 1.5
    endloop
  endfacet
  facet normal -0.311988 -0.808801 0.498502
    outer loop
      vertex 2.49739 -0.807373 1.5
      vertex 2.20275 -0.693718 1.5
      vertex 1.98765 -1.29489 0.39
    endloop
  endfacet
  facet normal 0.754271 -0.427287 0.498499
    outer loop
      vertex -5.0606 -3.81679 0.39
      vertex -5.60825 -3.48854 1.5
      vertex -5.76391 -3.76332 1.5
    endloop
  endfacet
  facet normal 0.864503 -0.0642879 0.498499
    outer loop
      vertex -5.89289 -6.5605 0.39
      vertex -6.53024 -6.52406 1.5
      vertex -6.53062 -6.52917 1.5
    endloop
  endfacet
  facet normal 0.86454 -0.0637628 0.498503
    outer loop
      vertex -6.53024 -6.52406 1.5
      vertex -5.89289 -6.5605 0.39
      vertex -5.87159 -6.2717 0.39
    endloop
  endfacet
  facet normal -0.566234 -0.656411 0.498502
    outer loop
      vertex 4.39098 -2.00529 1.5
      vertex 4.15186 -1.79902 1.5
      vertex 3.9622 -2.47839 0.39
    endloop
  endfacet
  facet normal 0.106233 -0.860353 0.498504
    outer loop
      vertex -0.865709 -1.01386 0.39
      vertex -0.95431 -0.381646 1.5
      vertex -0.959396 -0.382274 1.5
    endloop
  endfacet
  facet normal 0.106121 -0.860368 0.498504
    outer loop
      vertex -0.95431 -0.381646 1.5
      vertex -0.865709 -1.01386 0.39
      vertex -0.5783 -0.97841 0.39
    endloop
  endfacet
  facet normal 0.351421 0.792463 0.498504
    outer loop
      vertex -2.52257 -12.1835 0.39
      vertex -2.50217 -12.8908 1.5
      vertex -2.25783 -12.3009 0.39
    endloop
  endfacet
  facet normal 0.354418 0.791534 0.497857
    outer loop
      vertex -2.50217 -12.8908 1.5
      vertex -2.52257 -12.1835 0.39
      vertex -2.50686 -12.8887 1.5
    endloop
  endfacet
  facet normal 0.708694 0.499259 0.498491
    outer loop
      vertex -5.43656 -10.4826 1.5
      vertex -4.73892 -10.3646 0.39
      vertex -4.90567 -10.1279 0.39
    endloop
  endfacet
  facet normal 0.709275 0.498181 0.498742
    outer loop
      vertex -4.73892 -10.3646 0.39
      vertex -5.43656 -10.4826 1.5
      vertex -5.43361 -10.4868 1.5
    endloop
  endfacet
  facet normal 0.70876 -0.499152 0.498504
    outer loop
      vertex -4.73892 -3.33537 0.39
      vertex -5.25177 -2.95502 1.5
      vertex -5.43361 -3.21322 1.5
    endloop
  endfacet
  facet normal 0.597755 -0.627841 0.498502
    outer loop
      vertex -3.9622 -2.47839 0.39
      vertex -4.39098 -2.00529 1.5
      vertex -4.6197 -2.22305 1.5
    endloop
  endfacet
  facet normal -0.732543 -0.463549 0.4985
    outer loop
      vertex 4.90567 -3.57214 0.39
      vertex 5.4393 -3.22174 1.5
      vertex 5.43656 -3.21741 1.5
    endloop
  endfacet
  facet normal -0.732384 -0.463798 0.498502
    outer loop
      vertex 5.4393 -3.22174 1.5
      vertex 4.90567 -3.57214 0.39
      vertex 5.0606 -3.81679 0.39
    endloop
  endfacet
  facet normal 0.823136 0.271926 0.498501
    outer loop
      vertex -6.15628 -9.05275 1.5
      vertex -5.55511 -8.83765 0.39
      vertex -6.25534 -8.75289 1.5
    endloop
  endfacet
  facet normal 0.656384 0.566258 0.49851
    outer loop
      vertex -4.84471 -11.241 1.5
      vertex -4.37161 -10.8122 0.39
      vertex -5.05098 -11.0019 1.5
    endloop
  endfacet
  facet normal 0.845824 -0.189934 0.498505
    outer loop
      vertex -5.78663 -5.69897 0.39
      vertex -6.34367 -5.26628 1.5
      vertex -6.41286 -5.5744 1.5
    endloop
  endfacet
  facet normal 0.389746 -0.774331 0.498507
    outer loop
      vertex -2.78124 -1.64667 0.39
      vertex -2.80014 -0.941575 1.5
      vertex -3.08223 -1.08356 1.5
    endloop
  endfacet
  facet normal 0.627841 -0.597755 0.498502
    outer loop
      vertex -4.37161 -2.8878 0.39
      vertex -4.62695 -2.2303 1.5
      vertex -4.84471 -2.45902 1.5
    endloop
  endfacet
  facet normal 0.808806 -0.311977 0.498501
    outer loop
      vertex -5.55511 -4.86235 0.39
      vertex -6.04263 -4.35261 1.5
      vertex -6.15628 -4.64725 1.5
    endloop
  endfacet
  facet normal 0.774318 0.389778 0.498503
    outer loop
      vertex -5.91073 -9.64557 1.5
      vertex -5.20333 -9.63124 0.39
      vertex -5.33354 -9.37257 0.39
    endloop
  endfacet
  facet normal 0.773821 0.391144 0.498204
    outer loop
      vertex -5.20333 -9.63124 0.39
      vertex -5.91073 -9.64557 1.5
      vertex -5.90842 -9.65014 1.5
    endloop
  endfacet
  facet normal -0.220289 0.8371 0.500736
    outer loop
      vertex 1.71268 -12.4959 0.39
      vertex 1.58872 -13.1925 1.5
      vertex 1.59366 -13.1912 1.5
    endloop
  endfacet
  facet normal -0.23139 0.835458 0.498466
    outer loop
      vertex 1.58872 -13.1925 1.5
      vertex 1.71268 -12.4959 0.39
      vertex 1.43358 -12.5732 0.39
    endloop
  endfacet
  facet normal 0.854124 0.148206 0.498505
    outer loop
      vertex -6.41286 -8.1256 1.5
      vertex -5.78663 -8.00103 0.39
      vertex -6.46685 -7.81445 1.5
    endloop
  endfacet
  facet normal 0.773821 -0.391144 0.498204
    outer loop
      vertex -5.91073 -4.05443 1.5
      vertex -5.20333 -4.06876 0.39
      vertex -5.90842 -4.04986 1.5
    endloop
  endfacet
  facet normal 0.774318 -0.389778 0.498503
    outer loop
      vertex -5.20333 -4.06876 0.39
      vertex -5.91073 -4.05443 1.5
      vertex -5.33354 -4.32743 0.39
    endloop
  endfacet
  facet normal -0.0212752 -0.866627 0.498502
    outer loop
      vertex 0.289498 -0.957107 0.39
      vertex 0.315705 -0.319255 1.5
      vertex 0 -0.95 0.39
    endloop
  endfacet
  facet normal -0.0213105 -0.866626 0.498503
    outer loop
      vertex 0.315705 -0.319255 1.5
      vertex 0.289498 -0.957107 0.39
      vertex 0.320829 -0.319381 1.5
    endloop
  endfacet
  facet normal -0.270532 0.823431 0.498772
    outer loop
      vertex 1.98765 -12.4051 0.39
      vertex 1.89802 -13.1069 1.5
      vertex 1.90289 -13.1053 1.5
    endloop
  endfacet
  facet normal -0.271825 0.823169 0.498501
    outer loop
      vertex 1.89802 -13.1069 1.5
      vertex 1.98765 -12.4051 0.39
      vertex 1.71268 -12.4959 0.39
    endloop
  endfacet
  facet normal 0.0213105 -0.866626 0.498503
    outer loop
      vertex -0.289498 -0.957107 0.39
      vertex -0.315705 -0.319255 1.5
      vertex -0.320829 -0.319381 1.5
    endloop
  endfacet
  facet normal 0.0212752 -0.866627 0.498502
    outer loop
      vertex -0.315705 -0.319255 1.5
      vertex -0.289498 -0.957107 0.39
      vertex 0 -0.95 0.39
    endloop
  endfacet
  facet normal 0.627812 0.59778 0.49851
    outer loop
      vertex -4.62695 -11.4697 1.5
      vertex -4.37161 -10.8122 0.39
      vertex -4.84471 -11.241 1.5
    endloop
  endfacet
  facet normal -0.351352 0.79249 0.498509
    outer loop
      vertex 2.79557 -12.7607 1.5
      vertex 2.52257 -12.1835 0.39
      vertex 2.50686 -12.8887 1.5
    endloop
  endfacet
  facet normal -0.823136 -0.271926 0.498501
    outer loop
      vertex 6.25534 -4.94711 1.5
      vertex 6.15628 -4.64725 1.5
      vertex 5.55511 -4.86235 0.39
    endloop
  endfacet
  facet normal 0.0637732 -0.86454 0.498502
    outer loop
      vertex -0.5783 -0.97841 0.39
      vertex -0.32594 -0.319758 1.5
      vertex -0.640884 -0.34299 1.5
    endloop
  endfacet
  facet normal 0.0637713 -0.86454 0.498502
    outer loop
      vertex -0.289498 -0.957107 0.39
      vertex -0.32594 -0.319758 1.5
      vertex -0.5783 -0.97841 0.39
    endloop
  endfacet
  facet normal 0.0637706 -0.86454 0.498502
    outer loop
      vertex -0.32594 -0.319758 1.5
      vertex -0.289498 -0.957107 0.39
      vertex -0.320829 -0.319381 1.5
    endloop
  endfacet
  facet normal 0.656191 -0.566557 0.498423
    outer loop
      vertex -5.05433 -2.70202 1.5
      vertex -4.37161 -2.8878 0.39
      vertex -5.05098 -2.69814 1.5
    endloop
  endfacet
  facet normal 0.656417 -0.566223 0.498506
    outer loop
      vertex -4.37161 -2.8878 0.39
      vertex -5.05433 -2.70202 1.5
      vertex -4.56076 -3.10708 0.39
    endloop
  endfacet
  facet normal 0.0676408 0.86428 0.498442
    outer loop
      vertex -0.289498 -12.7429 0.39
      vertex -0.32594 -13.3802 1.5
      vertex -0.320829 -13.3806 1.5
    endloop
  endfacet
  facet normal 0.0637636 0.864557 0.498474
    outer loop
      vertex -0.32594 -13.3802 1.5
      vertex -0.289498 -12.7429 0.39
      vertex -0.5783 -12.7216 0.39
    endloop
  endfacet
  facet normal 0.854021 0.148819 0.498499
    outer loop
      vertex -6.46685 -7.81445 1.5
      vertex -5.83614 -7.71571 0.39
      vertex -6.46773 -7.8094 1.5
    endloop
  endfacet
  facet normal 0.854124 0.148211 0.498503
    outer loop
      vertex -5.83614 -7.71571 0.39
      vertex -6.46685 -7.81445 1.5
      vertex -5.78663 -8.00103 0.39
    endloop
  endfacet
  facet normal -0.823134 0.271933 0.4985
    outer loop
      vertex 5.55511 -8.83765 0.39
      vertex 6.25695 -8.74802 1.5
      vertex 5.64595 -8.56268 0.39
    endloop
  endfacet
  facet normal -0.823098 0.272112 0.498463
    outer loop
      vertex 6.25695 -8.74802 1.5
      vertex 5.55511 -8.83765 0.39
      vertex 6.25534 -8.75289 1.5
    endloop
  endfacet
  facet normal -0.458707 0.73563 0.498435
    outer loop
      vertex 3.27786 -11.7557 0.39
      vertex 3.62826 -12.2893 1.5
      vertex 3.63259 -12.2866 1.5
    endloop
  endfacet
  facet normal -0.463739 0.732432 0.498487
    outer loop
      vertex 3.62826 -12.2893 1.5
      vertex 3.27786 -11.7557 0.39
      vertex 3.03321 -11.9106 0.39
    endloop
  endfacet
  facet normal 0.311988 -0.808801 0.498502
    outer loop
      vertex -1.98765 -1.29489 0.39
      vertex -2.20275 -0.693718 1.5
      vertex -2.49739 -0.807373 1.5
    endloop
  endfacet
  facet normal -0.505125 0.705491 0.497122
    outer loop
      vertex 3.51463 -11.5889 0.39
      vertex 3.63259 -12.2866 1.5
      vertex 3.63678 -12.2836 1.5
    endloop
  endfacet
  facet normal -0.499256 0.708686 0.498506
    outer loop
      vertex 3.63259 -12.2866 1.5
      vertex 3.51463 -11.5889 0.39
      vertex 3.27786 -11.7557 0.39
    endloop
  endfacet
  facet normal -0.18994 -0.845823 0.498505
    outer loop
      vertex 1.58372 -0.506332 1.5
      vertex 1.2756 -0.43714 1.5
      vertex 1.15103 -1.06337 0.39
    endloop
  endfacet
  facet normal 0.271926 -0.823135 0.498502
    outer loop
      vertex -1.98765 -1.29489 0.39
      vertex -1.90289 -0.594658 1.5
      vertex -2.20275 -0.693718 1.5
    endloop
  endfacet
  facet normal -0.271926 -0.823135 0.498502
    outer loop
      vertex 1.98765 -1.29489 0.39
      vertex 2.20275 -0.693718 1.5
      vertex 1.90289 -0.594658 1.5
    endloop
  endfacet
  facet normal 0.463739 0.732432 0.498487
    outer loop
      vertex -3.27786 -11.7557 0.39
      vertex -3.62826 -12.2893 1.5
      vertex -3.03321 -11.9106 0.39
    endloop
  endfacet
  facet normal 0.458707 0.73563 0.498435
    outer loop
      vertex -3.62826 -12.2893 1.5
      vertex -3.27786 -11.7557 0.39
      vertex -3.63259 -12.2866 1.5
    endloop
  endfacet
  facet normal 0.427287 -0.754271 0.498499
    outer loop
      vertex -3.03321 -1.7894 0.39
      vertex -3.08668 -1.08609 1.5
      vertex -3.36146 -1.24175 1.5
    endloop
  endfacet
  facet normal 0.774337 0.389735 0.498507
    outer loop
      vertex -5.76644 -9.93223 1.5
      vertex -5.20333 -9.63124 0.39
      vertex -5.90842 -9.65014 1.5
    endloop
  endfacet
  facet normal 0.754277 0.427265 0.498508
    outer loop
      vertex -5.76644 -9.93223 1.5
      vertex -5.0606 -9.88321 0.39
      vertex -5.20333 -9.63124 0.39
    endloop
  endfacet
  facet normal 0.753745 0.428533 0.498225
    outer loop
      vertex -5.0606 -9.88321 0.39
      vertex -5.76644 -9.93223 1.5
      vertex -5.76391 -9.93668 1.5
    endloop
  endfacet
  facet normal -0.835489 0.231189 0.498508
    outer loop
      vertex 5.64595 -8.56268 0.39
      vertex 6.34255 -8.43872 1.5
      vertex 5.72318 -8.28358 0.39
    endloop
  endfacet
  facet normal -0.835413 0.231683 0.498405
    outer loop
      vertex 6.34255 -8.43872 1.5
      vertex 5.64595 -8.56268 0.39
      vertex 6.34118 -8.44366 1.5
    endloop
  endfacet
  facet normal -0.533364 0.683408 0.498474
    outer loop
      vertex 3.89902 -12.0986 1.5
      vertex 4.14798 -11.9043 1.5
      vertex 3.74292 -11.4108 0.39
    endloop
  endfacet
  facet normal 0.148204 -0.854125 0.498505
    outer loop
      vertex -1.15103 -1.06337 0.39
      vertex -0.964446 -0.38315 1.5
      vertex -1.2756 -0.43714 1.5
    endloop
  endfacet
  facet normal -0.463877 0.732321 0.498522
    outer loop
      vertex 3.36146 -12.4583 1.5
      vertex 3.62826 -12.2893 1.5
      vertex 3.03321 -11.9106 0.39
    endloop
  endfacet
  facet normal -0.538718 0.680131 0.497197
    outer loop
      vertex 3.74292 -11.4108 0.39
      vertex 3.89498 -12.1018 1.5
      vertex 3.89902 -12.0986 1.5
    endloop
  endfacet
  facet normal -0.533217 0.683482 0.498529
    outer loop
      vertex 3.89498 -12.1018 1.5
      vertex 3.74292 -11.4108 0.39
      vertex 3.51463 -11.5889 0.39
    endloop
  endfacet
  facet normal -0.561176 0.659807 0.499735
    outer loop
      vertex 3.9622 -11.2216 0.39
      vertex 4.14798 -11.9043 1.5
      vertex 4.15186 -11.901 1.5
    endloop
  endfacet
  facet normal -0.566321 0.656357 0.498474
    outer loop
      vertex 4.14798 -11.9043 1.5
      vertex 3.9622 -11.2216 0.39
      vertex 3.74292 -11.4108 0.39
    endloop
  endfacet
  facet normal 0.23139 0.835458 0.498466
    outer loop
      vertex -1.71268 -12.4959 0.39
      vertex -1.58872 -13.1925 1.5
      vertex -1.43358 -12.5732 0.39
    endloop
  endfacet
  facet normal 0.220289 0.8371 0.500736
    outer loop
      vertex -1.58872 -13.1925 1.5
      vertex -1.71268 -12.4959 0.39
      vertex -1.59366 -13.1912 1.5
    endloop
  endfacet
  facet normal 0.79247 -0.351458 0.498466
    outer loop
      vertex -6.04078 -4.34783 1.5
      vertex -5.33354 -4.32743 0.39
      vertex -6.0387 -4.34314 1.5
    endloop
  endfacet
  facet normal 0.79252 -0.351296 0.4985
    outer loop
      vertex -5.33354 -4.32743 0.39
      vertex -6.04078 -4.34783 1.5
      vertex -5.45089 -4.59217 0.39
    endloop
  endfacet
  facet normal 0.351296 -0.792519 0.498503
    outer loop
      vertex -2.52257 -1.51646 0.39
      vertex -2.50686 -0.811295 1.5
      vertex -2.79557 -0.93927 1.5
    endloop
  endfacet
  facet normal -0.597756 -0.627841 0.498502
    outer loop
      vertex 4.17193 -2.67807 0.39
      vertex 4.6197 -2.22305 1.5
      vertex 3.9622 -2.47839 0.39
    endloop
  endfacet
  facet normal -0.598442 -0.627181 0.498509
    outer loop
      vertex 4.6197 -2.22305 1.5
      vertex 4.17193 -2.67807 0.39
      vertex 4.62341 -2.22659 1.5
    endloop
  endfacet
  facet normal 0.271825 0.823169 0.498501
    outer loop
      vertex -1.98765 -12.4051 0.39
      vertex -1.89802 -13.1069 1.5
      vertex -1.71268 -12.4959 0.39
    endloop
  endfacet
  facet normal 0.270532 0.823431 0.498772
    outer loop
      vertex -1.89802 -13.1069 1.5
      vertex -1.98765 -12.4051 0.39
      vertex -1.90289 -13.1053 1.5
    endloop
  endfacet
  facet normal 0.231394 0.835435 0.498502
    outer loop
      vertex -1.59366 -13.1912 1.5
      vertex -1.71268 -12.4959 0.39
      vertex -1.89802 -13.1069 1.5
    endloop
  endfacet
  facet normal 0.627793 0.597795 0.498515
    outer loop
      vertex -4.62695 -11.4697 1.5
      vertex -4.17193 -11.0219 0.39
      vertex -4.37161 -10.8122 0.39
    endloop
  endfacet
  facet normal 0.626366 0.599279 0.498528
    outer loop
      vertex -4.17193 -11.0219 0.39
      vertex -4.62695 -11.4697 1.5
      vertex -4.62341 -11.4734 1.5
    endloop
  endfacet
  facet normal 0.59779 0.627814 0.498494
    outer loop
      vertex -4.17193 -11.0219 0.39
      vertex -4.6197 -11.4769 1.5
      vertex -3.9622 -11.2216 0.39
    endloop
  endfacet
  facet normal 0.594893 0.630586 0.498461
    outer loop
      vertex -4.6197 -11.4769 1.5
      vertex -4.17193 -11.0219 0.39
      vertex -4.62341 -11.4734 1.5
    endloop
  endfacet
  facet normal 0.732388 0.463782 0.498511
    outer loop
      vertex -5.4393 -10.4783 1.5
      vertex -5.0606 -9.88321 0.39
      vertex -5.60825 -10.2115 1.5
    endloop
  endfacet
  facet normal 0.189796 0.845851 0.498511
    outer loop
      vertex -1.43358 -12.5732 0.39
      vertex -1.58372 -13.1937 1.5
      vertex -1.15103 -12.6366 0.39
    endloop
  endfacet
  facet normal 0.2023 0.842918 0.498562
    outer loop
      vertex -1.58372 -13.1937 1.5
      vertex -1.43358 -12.5732 0.39
      vertex -1.58872 -13.1925 1.5
    endloop
  endfacet
  facet normal -0.463786 -0.732395 0.498499
    outer loop
      vertex 3.62826 -1.4107 1.5
      vertex 3.36146 -1.24175 1.5
      vertex 3.03321 -1.7894 0.39
    endloop
  endfacet
  facet normal 0.774337 -0.389735 0.498507
    outer loop
      vertex -5.20333 -4.06876 0.39
      vertex -5.76644 -3.76777 1.5
      vertex -5.90842 -4.04986 1.5
    endloop
  endfacet
  facet normal -0.427265 -0.754277 0.498508
    outer loop
      vertex 3.03321 -1.7894 0.39
      vertex 3.08223 -1.08356 1.5
      vertex 2.78124 -1.64667 0.39
    endloop
  endfacet
  facet normal -0.428533 -0.753745 0.498225
    outer loop
      vertex 3.08223 -1.08356 1.5
      vertex 3.03321 -1.7894 0.39
      vertex 3.08668 -1.08609 1.5
    endloop
  endfacet
  facet normal -0.597755 -0.627841 0.498502
    outer loop
      vertex 4.6197 -2.22305 1.5
      vertex 4.39098 -2.00529 1.5
      vertex 3.9622 -2.47839 0.39
    endloop
  endfacet
  facet normal -0.70876 -0.499152 0.498504
    outer loop
      vertex 5.43361 -3.21322 1.5
      vertex 5.25177 -2.95502 1.5
      vertex 4.73892 -3.33537 0.39
    endloop
  endfacet
  facet normal 0.732543 -0.463549 0.4985
    outer loop
      vertex -5.4393 -3.22174 1.5
      vertex -4.90567 -3.57214 0.39
      vertex -5.43656 -3.21741 1.5
    endloop
  endfacet
  facet normal 0.732384 -0.463798 0.498502
    outer loop
      vertex -4.90567 -3.57214 0.39
      vertex -5.4393 -3.22174 1.5
      vertex -5.0606 -3.81679 0.39
    endloop
  endfacet
  facet normal -0.0212742 -0.866627 0.498502
    outer loop
      vertex 0.315705 -0.319255 1.5
      vertex 0 -0.311505 1.5
      vertex 0 -0.95 0.39
    endloop
  endfacet
  facet normal -0.566223 -0.656417 0.498506
    outer loop
      vertex 3.9622 -2.47839 0.39
      vertex 4.14798 -1.79567 1.5
      vertex 3.74292 -2.28924 0.39
    endloop
  endfacet
  facet normal -0.566557 -0.656191 0.498423
    outer loop
      vertex 4.14798 -1.79567 1.5
      vertex 3.9622 -2.47839 0.39
      vertex 4.15186 -1.79902 1.5
    endloop
  endfacet
  facet normal -0.708817 -0.499048 0.498528
    outer loop
      vertex 4.73892 -3.33537 0.39
      vertex 5.43656 -3.21741 1.5
      vertex 5.43361 -3.21322 1.5
    endloop
  endfacet
  facet normal -0.708758 -0.499157 0.498503
    outer loop
      vertex 5.43656 -3.21741 1.5
      vertex 4.73892 -3.33537 0.39
      vertex 4.90567 -3.57214 0.39
    endloop
  endfacet
  facet normal -0.683407 -0.533335 0.498506
    outer loop
      vertex 5.24862 -2.95098 1.5
      vertex 5.05433 -2.70202 1.5
      vertex 4.56076 -3.10708 0.39
    endloop
  endfacet
  facet normal -0.106121 -0.860368 0.498504
    outer loop
      vertex 0.865709 -1.01386 0.39
      vertex 0.95431 -0.381646 1.5
      vertex 0.5783 -0.97841 0.39
    endloop
  endfacet
  facet normal -0.106233 -0.860353 0.498504
    outer loop
      vertex 0.95431 -0.381646 1.5
      vertex 0.865709 -1.01386 0.39
      vertex 0.959396 -0.382274 1.5
    endloop
  endfacet
  facet normal 0.866605 -0.0219607 0.498512
    outer loop
      vertex -6.53075 -6.5343 1.5
      vertex -5.89289 -6.5605 0.39
      vertex -6.53062 -6.52917 1.5
    endloop
  endfacet
  facet normal 0.866624 -0.0212839 0.498507
    outer loop
      vertex -5.89289 -6.5605 0.39
      vertex -6.53075 -6.5343 1.5
      vertex -5.9 -6.85 0.39
    endloop
  endfacet
  facet normal -0.808806 -0.311977 0.498501
    outer loop
      vertex 6.15628 -4.64725 1.5
      vertex 6.04263 -4.35261 1.5
      vertex 5.55511 -4.86235 0.39
    endloop
  endfacet
  facet normal 0.463786 -0.732395 0.498499
    outer loop
      vertex -3.03321 -1.7894 0.39
      vertex -3.36146 -1.24175 1.5
      vertex -3.62826 -1.4107 1.5
    endloop
  endfacet
  facet normal 0.566234 -0.656411 0.498502
    outer loop
      vertex -3.9622 -2.47839 0.39
      vertex -4.15186 -1.79902 1.5
      vertex -4.39098 -2.00529 1.5
    endloop
  endfacet
  facet normal -0.79247 -0.351458 0.498466
    outer loop
      vertex 5.33354 -4.32743 0.39
      vertex 6.04078 -4.34783 1.5
      vertex 6.0387 -4.34314 1.5
    endloop
  endfacet
  facet normal -0.79252 -0.351296 0.4985
    outer loop
      vertex 6.04078 -4.34783 1.5
      vertex 5.33354 -4.32743 0.39
      vertex 5.45089 -4.59217 0.39
    endloop
  endfacet
  facet normal -0.106113 -0.86037 0.498502
    outer loop
      vertex 0.95431 -0.381646 1.5
      vertex 0.640884 -0.34299 1.5
      vertex 0.5783 -0.97841 0.39
    endloop
  endfacet
  facet normal 0.79247 0.351458 0.498466
    outer loop
      vertex -5.33354 -9.37257 0.39
      vertex -6.04078 -9.35217 1.5
      vertex -6.0387 -9.35686 1.5
    endloop
  endfacet
  facet normal 0.79252 0.351296 0.4985
    outer loop
      vertex -6.04078 -9.35217 1.5
      vertex -5.33354 -9.37257 0.39
      vertex -5.45089 -9.10783 0.39
    endloop
  endfacet
  facet normal 0.854021 -0.148819 0.498499
    outer loop
      vertex -5.83614 -5.98429 0.39
      vertex -6.46685 -5.88555 1.5
      vertex -6.46773 -5.8906 1.5
    endloop
  endfacet
  facet normal 0.854124 -0.148211 0.498503
    outer loop
      vertex -6.46685 -5.88555 1.5
      vertex -5.83614 -5.98429 0.39
      vertex -5.78663 -5.69897 0.39
    endloop
  endfacet
  facet normal -0.808446 -0.312892 0.49851
    outer loop
      vertex 5.45089 -4.59217 0.39
      vertex 6.04263 -4.35261 1.5
      vertex 6.04078 -4.34783 1.5
    endloop
  endfacet
  facet normal -0.8088 -0.311989 0.498504
    outer loop
      vertex 6.04263 -4.35261 1.5
      vertex 5.45089 -4.59217 0.39
      vertex 5.55511 -4.86235 0.39
    endloop
  endfacet
  facet normal -0.499157 -0.708758 0.498503
    outer loop
      vertex 3.51463 -2.11108 0.39
      vertex 3.63259 -1.41344 1.5
      vertex 3.27786 -1.94433 0.39
    endloop
  endfacet
  facet normal -0.499048 -0.708817 0.498528
    outer loop
      vertex 3.63259 -1.41344 1.5
      vertex 3.51463 -2.11108 0.39
      vertex 3.63678 -1.41639 1.5
    endloop
  endfacet
  facet normal -0.845824 -0.189934 0.498505
    outer loop
      vertex 6.41286 -5.5744 1.5
      vertex 6.34367 -5.26628 1.5
      vertex 5.78663 -5.69897 0.39
    endloop
  endfacet
  facet normal 0.18997 -0.845816 0.498505
    outer loop
      vertex -1.43358 -1.12682 0.39
      vertex -1.58372 -0.506332 1.5
      vertex -1.58872 -0.507455 1.5
    endloop
  endfacet
  facet normal 0.18994 -0.845823 0.498505
    outer loop
      vertex -1.58372 -0.506332 1.5
      vertex -1.43358 -1.12682 0.39
      vertex -1.15103 -1.06337 0.39
    endloop
  endfacet
  facet normal -0.0637706 -0.86454 0.498502
    outer loop
      vertex 0.289498 -0.957107 0.39
      vertex 0.32594 -0.319758 1.5
      vertex 0.320829 -0.319381 1.5
    endloop
  endfacet
  facet normal -0.0637713 -0.86454 0.498502
    outer loop
      vertex 0.32594 -0.319758 1.5
      vertex 0.289498 -0.957107 0.39
      vertex 0.5783 -0.97841 0.39
    endloop
  endfacet
  facet normal -0.18994 -0.845823 0.498505
    outer loop
      vertex 1.43358 -1.12682 0.39
      vertex 1.58372 -0.506332 1.5
      vertex 1.15103 -1.06337 0.39
    endloop
  endfacet
  facet normal -0.18997 -0.845816 0.498505
    outer loop
      vertex 1.58372 -0.506332 1.5
      vertex 1.43358 -1.12682 0.39
      vertex 1.58872 -0.507455 1.5
    endloop
  endfacet
  facet normal 0.0212547 0.866645 0.498472
    outer loop
      vertex -0.289498 -12.7429 0.39
      vertex -0.315705 -13.3807 1.5
      vertex 0 -12.75 0.39
    endloop
  endfacet
  facet normal 0.0169157 0.866762 0.498436
    outer loop
      vertex -0.315705 -13.3807 1.5
      vertex -0.289498 -12.7429 0.39
      vertex -0.320829 -13.3806 1.5
    endloop
  endfacet
  facet normal -0.854124 -0.148206 0.498505
    outer loop
      vertex 6.46685 -5.88555 1.5
      vertex 6.41286 -5.5744 1.5
      vertex 5.78663 -5.69897 0.39
    endloop
  endfacet
  facet normal -0.835413 -0.231683 0.498405
    outer loop
      vertex 5.64595 -5.13732 0.39
      vertex 6.34255 -5.26128 1.5
      vertex 6.34118 -5.25634 1.5
    endloop
  endfacet
  facet normal -0.835489 -0.231189 0.498508
    outer loop
      vertex 6.34255 -5.26128 1.5
      vertex 5.64595 -5.13732 0.39
      vertex 5.72318 -5.41642 0.39
    endloop
  endfacet
  facet normal 0.732419 0.463744 0.498502
    outer loop
      vertex -5.4393 -10.4783 1.5
      vertex -4.90567 -10.1279 0.39
      vertex -5.0606 -9.88321 0.39
    endloop
  endfacet
  facet normal 0.731073 0.465846 0.498518
    outer loop
      vertex -4.90567 -10.1279 0.39
      vertex -5.4393 -10.4783 1.5
      vertex -5.43656 -10.4826 1.5
    endloop
  endfacet
  facet normal -0.389746 -0.774331 0.498507
    outer loop
      vertex 3.08223 -1.08356 1.5
      vertex 2.80014 -0.941575 1.5
      vertex 2.78124 -1.64667 0.39
    endloop
  endfacet
  facet normal -0.774337 -0.389735 0.498507
    outer loop
      vertex 5.90842 -4.04986 1.5
      vertex 5.76644 -3.76777 1.5
      vertex 5.20333 -4.06876 0.39
    endloop
  endfacet
  facet normal -0.773821 -0.391144 0.498204
    outer loop
      vertex 5.20333 -4.06876 0.39
      vertex 5.91073 -4.05443 1.5
      vertex 5.90842 -4.04986 1.5
    endloop
  endfacet
  facet normal -0.774318 -0.389778 0.498503
    outer loop
      vertex 5.91073 -4.05443 1.5
      vertex 5.20333 -4.06876 0.39
      vertex 5.33354 -4.32743 0.39
    endloop
  endfacet
  facet normal -0.683605 -0.533009 0.498583
    outer loop
      vertex 4.56076 -3.10708 0.39
      vertex 5.25177 -2.95502 1.5
      vertex 5.24862 -2.95098 1.5
    endloop
  endfacet
  facet normal -0.683406 -0.533338 0.498504
    outer loop
      vertex 5.25177 -2.95502 1.5
      vertex 4.56076 -3.10708 0.39
      vertex 4.73892 -3.33537 0.39
    endloop
  endfacet
  facet normal -0.835486 -0.231216 0.4985
    outer loop
      vertex 6.34118 -5.25634 1.5
      vertex 6.25695 -4.95198 1.5
      vertex 5.64595 -5.13732 0.39
    endloop
  endfacet
  facet normal 0.0212742 -0.866627 0.498502
    outer loop
      vertex 0 -0.95 0.39
      vertex 0 -0.311505 1.5
      vertex -0.315705 -0.319255 1.5
    endloop
  endfacet
  facet normal -0.499152 -0.70876 0.498504
    outer loop
      vertex 3.89498 -1.59823 1.5
      vertex 3.63678 -1.41639 1.5
      vertex 3.51463 -2.11108 0.39
    endloop
  endfacet
  facet normal -0.427287 -0.754271 0.498499
    outer loop
      vertex 3.36146 -1.24175 1.5
      vertex 3.08668 -1.08609 1.5
      vertex 3.03321 -1.7894 0.39
    endloop
  endfacet
  facet normal -0.854124 -0.148211 0.498503
    outer loop
      vertex 5.83614 -5.98429 0.39
      vertex 6.46685 -5.88555 1.5
      vertex 5.78663 -5.69897 0.39
    endloop
  endfacet
  facet normal -0.854021 -0.148819 0.498499
    outer loop
      vertex 6.46685 -5.88555 1.5
      vertex 5.83614 -5.98429 0.39
      vertex 6.46773 -5.8906 1.5
    endloop
  endfacet
  facet normal -0.86454 -0.0637686 0.498502
    outer loop
      vertex 6.53024 -6.52406 1.5
      vertex 6.50701 -6.20912 1.5
      vertex 5.87159 -6.2717 0.39
    endloop
  endfacet
  facet normal -0.86454 -0.0637628 0.498503
    outer loop
      vertex 5.89289 -6.5605 0.39
      vertex 6.53024 -6.52406 1.5
      vertex 5.87159 -6.2717 0.39
    endloop
  endfacet
  facet normal -0.864503 -0.0642879 0.498499
    outer loop
      vertex 6.53024 -6.52406 1.5
      vertex 5.89289 -6.5605 0.39
      vertex 6.53062 -6.52917 1.5
    endloop
  endfacet
  facet normal -0.823098 -0.272112 0.498463
    outer loop
      vertex 5.55511 -4.86235 0.39
      vertex 6.25695 -4.95198 1.5
      vertex 6.25534 -4.94711 1.5
    endloop
  endfacet
  facet normal -0.823134 -0.271933 0.4985
    outer loop
      vertex 6.25695 -4.95198 1.5
      vertex 5.55511 -4.86235 0.39
      vertex 5.64595 -5.13732 0.39
    endloop
  endfacet
  facet normal -0.148162 -0.854132 0.498504
    outer loop
      vertex 0.865709 -1.01386 0.39
      vertex 0.964446 -0.38315 1.5
      vertex 0.959396 -0.382274 1.5
    endloop
  endfacet
  facet normal -0.148211 -0.854124 0.498503
    outer loop
      vertex 0.964446 -0.38315 1.5
      vertex 0.865709 -1.01386 0.39
      vertex 1.15103 -1.06337 0.39
    endloop
  endfacet
  facet normal -0.753745 -0.428533 0.498225
    outer loop
      vertex 5.0606 -3.81679 0.39
      vertex 5.76644 -3.76777 1.5
      vertex 5.76391 -3.76332 1.5
    endloop
  endfacet
  facet normal -0.754277 -0.427265 0.498508
    outer loop
      vertex 5.76644 -3.76777 1.5
      vertex 5.0606 -3.81679 0.39
      vertex 5.20333 -4.06876 0.39
    endloop
  endfacet
  facet normal 0.351012 -0.792607 0.498563
    outer loop
      vertex -2.52257 -1.51646 0.39
      vertex -2.50217 -0.809218 1.5
      vertex -2.50686 -0.811295 1.5
    endloop
  endfacet
  facet normal 0.351296 -0.79252 0.498501
    outer loop
      vertex -2.50217 -0.809218 1.5
      vertex -2.52257 -1.51646 0.39
      vertex -2.25783 -1.39911 0.39
    endloop
  endfacet
  facet normal 0.312158 -0.808735 0.498503
    outer loop
      vertex -2.25783 -1.39911 0.39
      vertex -2.49739 -0.807373 1.5
      vertex -2.50217 -0.809218 1.5
    endloop
  endfacet
  facet normal 0.311989 -0.808801 0.498502
    outer loop
      vertex -2.49739 -0.807373 1.5
      vertex -2.25783 -1.39911 0.39
      vertex -1.98765 -1.29489 0.39
    endloop
  endfacet
  facet normal -0.656191 -0.566557 0.498423
    outer loop
      vertex 4.37161 -2.8878 0.39
      vertex 5.05433 -2.70202 1.5
      vertex 5.05098 -2.69814 1.5
    endloop
  endfacet
  facet normal -0.656417 -0.566223 0.498506
    outer loop
      vertex 5.05433 -2.70202 1.5
      vertex 4.37161 -2.8878 0.39
      vertex 4.56076 -3.10708 0.39
    endloop
  endfacet
  facet normal -0.627841 -0.597755 0.498502
    outer loop
      vertex 4.84471 -2.45902 1.5
      vertex 4.62695 -2.2303 1.5
      vertex 4.37161 -2.8878 0.39
    endloop
  endfacet
  facet normal 0.615208 -0.788365 0
    outer loop
      vertex -13.2296 0.888962 0
      vertex -13.1851 0.923688 0.289999
      vertex -13.2296 0.888962 0.289999
    endloop
  endfacet
  facet normal 0.615208 -0.788365 0
    outer loop
      vertex -13.1851 0.923688 0.289999
      vertex -13.2296 0.888962 0
      vertex -13.1851 0.923688 0
    endloop
  endfacet
  facet normal 0.999692 0.0248032 0
    outer loop
      vertex -13.6486 -0.056427 0.289999
      vertex -13.65 0 0
      vertex -13.65 0 0.289999
    endloop
  endfacet
  facet normal 0.999692 0.0248032 0
    outer loop
      vertex -13.65 0 0
      vertex -13.6486 -0.056427 0.289999
      vertex -13.6486 -0.056427 0
    endloop
  endfacet
  facet normal -0.997358 -0.0726408 0
    outer loop
      vertex -11.3514 0.056427 0
      vertex -11.3555 0.11272 0.289999
      vertex -11.3555 0.11272 0
    endloop
  endfacet
  facet normal -0.997358 -0.0726408 0
    outer loop
      vertex -11.3555 0.11272 0.289999
      vertex -11.3514 0.056427 0
      vertex -11.3514 0.056427 0.289999
    endloop
  endfacet
  facet normal -0.999692 -0.0248032 0
    outer loop
      vertex -11.35 0 0
      vertex -11.3514 0.056427 0.289999
      vertex -11.3514 0.056427 0
    endloop
  endfacet
  facet normal -0.999692 -0.0248032 0
    outer loop
      vertex -11.3514 0.056427 0.289999
      vertex -11.35 0 0
      vertex -11.35 0 0.289999
    endloop
  endfacet
  facet normal -0.9925 -0.122249 0
    outer loop
      vertex -11.3555 0.11272 0
      vertex -11.3624 0.168739 0.289999
      vertex -11.3624 0.168739 0
    endloop
  endfacet
  facet normal -0.9925 -0.122249 0
    outer loop
      vertex -11.3624 0.168739 0.289999
      vertex -11.3555 0.11272 0
      vertex -11.3555 0.11272 0.289999
    endloop
  endfacet
  facet normal 0.9925 -0.122249 0
    outer loop
      vertex -13.6445 0.11272 0.289999
      vertex -13.6376 0.168739 0
      vertex -13.6376 0.168739 0.289999
    endloop
  endfacet
  facet normal 0.9925 -0.122249 0
    outer loop
      vertex -13.6376 0.168739 0
      vertex -13.6445 0.11272 0.289999
      vertex -13.6445 0.11272 0
    endloop
  endfacet
  facet normal -0.0735128 0.997294 0
    outer loop
      vertex -12.3873 -1.14446 0
      vertex -12.4436 -1.14861 0.289999
      vertex -12.3873 -1.14446 0.289999
    endloop
  endfacet
  facet normal -0.0735128 0.997294 0
    outer loop
      vertex -12.4436 -1.14861 0.289999
      vertex -12.3873 -1.14446 0
      vertex -12.4436 -1.14861 0
    endloop
  endfacet
  facet normal 0.949558 -0.31359 0
    outer loop
      vertex -13.6005 0.333827 0.289999
      vertex -13.5828 0.387423 0
      vertex -13.5828 0.387423 0.289999
    endloop
  endfacet
  facet normal 0.949558 -0.31359 0
    outer loop
      vertex -13.5828 0.387423 0
      vertex -13.6005 0.333827 0.289999
      vertex -13.6005 0.333827 0
    endloop
  endfacet
  facet normal -0.5349 0.844915 0
    outer loop
      vertex -11.8611 -0.956189 0
      vertex -11.9088 -0.986387 0.289999
      vertex -11.8611 -0.956189 0.289999
    endloop
  endfacet
  facet normal -0.5349 0.844915 0
    outer loop
      vertex -11.9088 -0.986387 0.289999
      vertex -11.8611 -0.956189 0
      vertex -11.9088 -0.986387 0
    endloop
  endfacet
  facet normal 0.975577 0.219657 0
    outer loop
      vertex -13.6155 -0.279427 0.289999
      vertex -13.6279 -0.224354 0
      vertex -13.6279 -0.224354 0.289999
    endloop
  endfacet
  facet normal 0.975577 0.219657 0
    outer loop
      vertex -13.6279 -0.224354 0
      vertex -13.6155 -0.279427 0.289999
      vertex -13.6155 -0.279427 0
    endloop
  endfacet
  facet normal -0.975577 0.219657 0
    outer loop
      vertex -11.3845 -0.279427 0
      vertex -11.3721 -0.224354 0.289999
      vertex -11.3721 -0.224354 0
    endloop
  endfacet
  facet normal -0.975577 0.219657 0
    outer loop
      vertex -11.3721 -0.224354 0.289999
      vertex -11.3845 -0.279427 0
      vertex -11.3845 -0.279427 0.289999
    endloop
  endfacet
  facet normal 0.575374 -0.817891 0
    outer loop
      vertex -13.1851 0.923688 0
      vertex -13.1389 0.956189 0.289999
      vertex -13.1851 0.923688 0.289999
    endloop
  endfacet
  facet normal 0.575374 -0.817891 0
    outer loop
      vertex -13.1389 0.956189 0.289999
      vertex -13.1851 0.923688 0
      vertex -13.1389 0.956189 0
    endloop
  endfacet
  facet normal 0.0246379 0.999696 -0
    outer loop
      vertex -12.5 -1.15 0
      vertex -12.5564 -1.14861 0.289999
      vertex -12.5 -1.15 0.289999
    endloop
  endfacet
  facet normal 0.0246379 0.999696 0
    outer loop
      vertex -12.5564 -1.14861 0.289999
      vertex -12.5 -1.15 0
      vertex -12.5564 -1.14861 0
    endloop
  endfacet
  facet normal -0.949558 -0.31359 0
    outer loop
      vertex -11.3995 0.333827 0
      vertex -11.4172 0.387423 0.289999
      vertex -11.4172 0.387423 0
    endloop
  endfacet
  facet normal -0.949558 -0.31359 0
    outer loop
      vertex -11.4172 0.387423 0.289999
      vertex -11.3995 0.333827 0
      vertex -11.3995 0.333827 0.289999
    endloop
  endfacet
  facet normal -0.788575 0.614939 0
    outer loop
      vertex -11.611 -0.729552 0
      vertex -11.5763 -0.685054 0.289999
      vertex -11.5763 -0.685054 0
    endloop
  endfacet
  facet normal -0.788575 0.614939 0
    outer loop
      vertex -11.5763 -0.685054 0.289999
      vertex -11.611 -0.729552 0
      vertex -11.611 -0.729552 0.289999
    endloop
  endfacet
  facet normal -0.89307 0.449918 0
    outer loop
      vertex -11.4858 -0.542106 0
      vertex -11.4604 -0.491688 0.289999
      vertex -11.4604 -0.491688 0
    endloop
  endfacet
  facet normal -0.89307 0.449918 0
    outer loop
      vertex -11.4604 -0.491688 0.289999
      vertex -11.4858 -0.542106 0
      vertex -11.4858 -0.542106 0.289999
    endloop
  endfacet
  facet normal -0.788575 -0.614939 0
    outer loop
      vertex -11.5763 0.685054 0
      vertex -11.611 0.729552 0.289999
      vertex -11.611 0.729552 0
    endloop
  endfacet
  facet normal -0.788575 -0.614939 0
    outer loop
      vertex -11.611 0.729552 0.289999
      vertex -11.5763 0.685054 0
      vertex -11.5763 0.685054 0.289999
    endloop
  endfacet
  facet normal -0.359762 0.933044 0
    outer loop
      vertex -12.0599 -1.06246 0
      vertex -12.1126 -1.08278 0.289999
      vertex -12.0599 -1.06246 0.289999
    endloop
  endfacet
  facet normal -0.359762 0.933044 0
    outer loop
      vertex -12.1126 -1.08278 0.289999
      vertex -12.0599 -1.06246 0
      vertex -12.1126 -1.08278 0
    endloop
  endfacet
  facet normal -0.724433 -0.689345 0
    outer loop
      vertex -11.6479 0.772292 0
      vertex -11.6868 0.813172 0.289999
      vertex -11.6868 0.813172 0
    endloop
  endfacet
  facet normal -0.724433 -0.689345 0
    outer loop
      vertex -11.6868 0.813172 0.289999
      vertex -11.6479 0.772292 0
      vertex -11.6479 0.772292 0.289999
    endloop
  endfacet
  facet normal -0.870251 -0.492608 0
    outer loop
      vertex -11.4858 0.542106 0
      vertex -11.5136 0.591218 0.289999
      vertex -11.5136 0.591218 0
    endloop
  endfacet
  facet normal -0.870251 -0.492608 0
    outer loop
      vertex -11.5136 0.591218 0.289999
      vertex -11.4858 0.542106 0
      vertex -11.4858 0.542106 0.289999
    endloop
  endfacet
  facet normal -0.964024 0.265815 0
    outer loop
      vertex -11.3995 -0.333827 0
      vertex -11.3845 -0.279427 0.289999
      vertex -11.3845 -0.279427 0
    endloop
  endfacet
  facet normal -0.964024 0.265815 0
    outer loop
      vertex -11.3845 -0.279427 0.289999
      vertex -11.3995 -0.333827 0
      vertex -11.3995 -0.333827 0.289999
    endloop
  endfacet
  facet normal -0.615208 -0.788365 0
    outer loop
      vertex -11.8149 0.923688 0
      vertex -11.7704 0.888962 0.289999
      vertex -11.8149 0.923688 0.289999
    endloop
  endfacet
  facet normal -0.615208 -0.788365 -0
    outer loop
      vertex -11.7704 0.888962 0.289999
      vertex -11.8149 0.923688 0
      vertex -11.7704 0.888962 0
    endloop
  endfacet
  facet normal 0.5349 -0.844915 0
    outer loop
      vertex -13.1389 0.956189 0
      vertex -13.0912 0.986387 0.289999
      vertex -13.1389 0.956189 0.289999
    endloop
  endfacet
  facet normal 0.5349 -0.844915 0
    outer loop
      vertex -13.0912 0.986387 0.289999
      vertex -13.1389 0.956189 0
      vertex -13.0912 0.986387 0
    endloop
  endfacet
  facet normal -0.844838 -0.535022 0
    outer loop
      vertex -11.5136 0.591218 0
      vertex -11.5438 0.638906 0.289999
      vertex -11.5438 0.638906 0
    endloop
  endfacet
  facet normal -0.844838 -0.535022 0
    outer loop
      vertex -11.5438 0.638906 0.289999
      vertex -11.5136 0.591218 0
      vertex -11.5136 0.591218 0.289999
    endloop
  endfacet
  facet normal -0.0246379 0.999696 0
    outer loop
      vertex -12.4436 -1.14861 0
      vertex -12.5 -1.15 0.289999
      vertex -12.4436 -1.14861 0.289999
    endloop
  endfacet
  facet normal -0.0246379 0.999696 0
    outer loop
      vertex -12.5 -1.15 0.289999
      vertex -12.4436 -1.14861 0
      vertex -12.5 -1.15 0
    endloop
  endfacet
  facet normal -0.575374 -0.817891 0
    outer loop
      vertex -11.8611 0.956189 0
      vertex -11.8149 0.923688 0.289999
      vertex -11.8611 0.956189 0.289999
    endloop
  endfacet
  facet normal -0.575374 -0.817891 -0
    outer loop
      vertex -11.8149 0.923688 0.289999
      vertex -11.8611 0.956189 0
      vertex -11.8149 0.923688 0
    endloop
  endfacet
  facet normal -0.914039 0.405626 0
    outer loop
      vertex -11.4604 -0.491688 0
      vertex -11.4375 -0.440085 0.289999
      vertex -11.4375 -0.440085 0
    endloop
  endfacet
  facet normal -0.914039 0.405626 0
    outer loop
      vertex -11.4375 -0.440085 0.289999
      vertex -11.4604 -0.491688 0
      vertex -11.4604 -0.491688 0.289999
    endloop
  endfacet
  facet normal -0.219259 0.975667 0
    outer loop
      vertex -12.2206 -1.11554 0
      vertex -12.2756 -1.1279 0.289999
      vertex -12.2206 -1.11554 0.289999
    endloop
  endfacet
  facet normal -0.219259 0.975667 0
    outer loop
      vertex -12.2756 -1.1279 0.289999
      vertex -12.2206 -1.11554 0
      vertex -12.2756 -1.1279 0
    endloop
  endfacet
  facet normal -0.405201 -0.914228 0
    outer loop
      vertex -12.0599 1.06246 0
      vertex -12.0083 1.03959 0.289999
      vertex -12.0599 1.06246 0.289999
    endloop
  endfacet
  facet normal -0.405201 -0.914228 -0
    outer loop
      vertex -12.0083 1.03959 0.289999
      vertex -12.0599 1.06246 0
      vertex -12.0083 1.03959 0
    endloop
  endfacet
  facet normal 0.0246379 -0.999696 0
    outer loop
      vertex -12.5564 1.14861 0
      vertex -12.5 1.15 0.289999
      vertex -12.5564 1.14861 0.289999
    endloop
  endfacet
  facet normal 0.0246379 -0.999696 0
    outer loop
      vertex -12.5 1.15 0.289999
      vertex -12.5564 1.14861 0
      vertex -12.5 1.15 0
    endloop
  endfacet
  facet normal -0.870251 0.492608 0
    outer loop
      vertex -11.5136 -0.591218 0
      vertex -11.4858 -0.542106 0.289999
      vertex -11.4858 -0.542106 0
    endloop
  endfacet
  facet normal -0.870251 0.492608 0
    outer loop
      vertex -11.4858 -0.542106 0.289999
      vertex -11.5136 -0.591218 0
      vertex -11.5136 -0.591218 0.289999
    endloop
  endfacet
  facet normal -0.9925 0.122249 0
    outer loop
      vertex -11.3624 -0.168739 0
      vertex -11.3555 -0.11272 0.289999
      vertex -11.3555 -0.11272 0
    endloop
  endfacet
  facet normal -0.9925 0.122249 0
    outer loop
      vertex -11.3555 -0.11272 0.289999
      vertex -11.3624 -0.168739 0
      vertex -11.3624 -0.168739 0.289999
    endloop
  endfacet
  facet normal -0.689373 0.724407 0
    outer loop
      vertex -11.6868 -0.813172 0
      vertex -11.7277 -0.852094 0.289999
      vertex -11.6868 -0.813172 0.289999
    endloop
  endfacet
  facet normal -0.689373 0.724407 0
    outer loop
      vertex -11.7277 -0.852094 0.289999
      vertex -11.6868 -0.813172 0
      vertex -11.7277 -0.852094 0
    endloop
  endfacet
  facet normal 0.724433 0.689345 0
    outer loop
      vertex -13.3132 -0.813172 0.289999
      vertex -13.3521 -0.772292 0
      vertex -13.3521 -0.772292 0.289999
    endloop
  endfacet
  facet normal 0.724433 0.689345 0
    outer loop
      vertex -13.3521 -0.772292 0
      vertex -13.3132 -0.813172 0.289999
      vertex -13.3132 -0.813172 0
    endloop
  endfacet
  facet normal 0.359762 -0.933044 0
    outer loop
      vertex -12.9401 1.06246 0
      vertex -12.8874 1.08278 0.289999
      vertex -12.9401 1.06246 0.289999
    endloop
  endfacet
  facet normal 0.359762 -0.933044 0
    outer loop
      vertex -12.8874 1.08278 0.289999
      vertex -12.9401 1.06246 0
      vertex -12.8874 1.08278 0
    endloop
  endfacet
  facet normal -0.170707 0.985322 0
    outer loop
      vertex -12.2756 -1.1279 0
      vertex -12.3313 -1.13755 0.289999
      vertex -12.2756 -1.1279 0.289999
    endloop
  endfacet
  facet normal -0.170707 0.985322 0
    outer loop
      vertex -12.3313 -1.13755 0.289999
      vertex -12.2756 -1.1279 0
      vertex -12.3313 -1.13755 0
    endloop
  endfacet
  facet normal 0.997358 0.0726408 0
    outer loop
      vertex -13.6445 -0.11272 0.289999
      vertex -13.6486 -0.056427 0
      vertex -13.6486 -0.056427 0.289999
    endloop
  endfacet
  facet normal 0.997358 0.0726408 0
    outer loop
      vertex -13.6486 -0.056427 0
      vertex -13.6445 -0.11272 0.289999
      vertex -13.6445 -0.11272 0
    endloop
  endfacet
  facet normal -0.89307 -0.449918 0
    outer loop
      vertex -11.4604 0.491688 0
      vertex -11.4858 0.542106 0.289999
      vertex -11.4858 0.542106 0
    endloop
  endfacet
  facet normal -0.89307 -0.449918 0
    outer loop
      vertex -11.4858 0.542106 0.289999
      vertex -11.4604 0.491688 0
      vertex -11.4604 0.491688 0.289999
    endloop
  endfacet
  facet normal -0.122464 -0.992473 0
    outer loop
      vertex -12.3873 1.14446 0
      vertex -12.3313 1.13755 0.289999
      vertex -12.3873 1.14446 0.289999
    endloop
  endfacet
  facet normal -0.122464 -0.992473 -0
    outer loop
      vertex -12.3313 1.13755 0.289999
      vertex -12.3873 1.14446 0
      vertex -12.3313 1.13755 0
    endloop
  endfacet
  facet normal 0.689373 0.724407 -0
    outer loop
      vertex -13.2723 -0.852094 0
      vertex -13.3132 -0.813172 0.289999
      vertex -13.2723 -0.852094 0.289999
    endloop
  endfacet
  facet normal 0.689373 0.724407 0
    outer loop
      vertex -13.3132 -0.813172 0.289999
      vertex -13.2723 -0.852094 0
      vertex -13.3132 -0.813172 0
    endloop
  endfacet
  facet normal 0.817594 -0.575795 0
    outer loop
      vertex -13.4562 0.638906 0.289999
      vertex -13.4237 0.685054 0
      vertex -13.4237 0.685054 0.289999
    endloop
  endfacet
  facet normal 0.817594 -0.575795 0
    outer loop
      vertex -13.4237 0.685054 0
      vertex -13.4562 0.638906 0.289999
      vertex -13.4562 0.638906 0
    endloop
  endfacet
  facet normal 0.122464 -0.992473 0
    outer loop
      vertex -12.6687 1.13755 0
      vertex -12.6127 1.14446 0.289999
      vertex -12.6687 1.13755 0.289999
    endloop
  endfacet
  facet normal 0.122464 -0.992473 0
    outer loop
      vertex -12.6127 1.14446 0.289999
      vertex -12.6687 1.13755 0
      vertex -12.6127 1.14446 0
    endloop
  endfacet
  facet normal -0.724433 0.689345 0
    outer loop
      vertex -11.6868 -0.813172 0
      vertex -11.6479 -0.772292 0.289999
      vertex -11.6479 -0.772292 0
    endloop
  endfacet
  facet normal -0.724433 0.689345 0
    outer loop
      vertex -11.6479 -0.772292 0.289999
      vertex -11.6868 -0.813172 0
      vertex -11.6868 -0.813172 0.289999
    endloop
  endfacet
  facet normal 0.170707 -0.985322 0
    outer loop
      vertex -12.7244 1.1279 0
      vertex -12.6687 1.13755 0.289999
      vertex -12.7244 1.1279 0.289999
    endloop
  endfacet
  facet normal 0.170707 -0.985322 0
    outer loop
      vertex -12.6687 1.13755 0.289999
      vertex -12.7244 1.1279 0
      vertex -12.6687 1.13755 0
    endloop
  endfacet
  facet normal -0.756927 0.6535 0
    outer loop
      vertex -11.6479 -0.772292 0
      vertex -11.611 -0.729552 0.289999
      vertex -11.611 -0.729552 0
    endloop
  endfacet
  facet normal -0.756927 0.6535 0
    outer loop
      vertex -11.611 -0.729552 0.289999
      vertex -11.6479 -0.772292 0
      vertex -11.6479 -0.772292 0.289999
    endloop
  endfacet
  facet normal 0.756927 -0.6535 0
    outer loop
      vertex -13.389 0.729552 0.289999
      vertex -13.3521 0.772292 0
      vertex -13.3521 0.772292 0.289999
    endloop
  endfacet
  facet normal 0.756927 -0.6535 0
    outer loop
      vertex -13.3521 0.772292 0
      vertex -13.389 0.729552 0.289999
      vertex -13.389 0.729552 0
    endloop
  endfacet
  facet normal 0.9925 0.122249 0
    outer loop
      vertex -13.6376 -0.168739 0.289999
      vertex -13.6445 -0.11272 0
      vertex -13.6445 -0.11272 0.289999
    endloop
  endfacet
  facet normal 0.9925 0.122249 0
    outer loop
      vertex -13.6445 -0.11272 0
      vertex -13.6376 -0.168739 0.289999
      vertex -13.6376 -0.168739 0
    endloop
  endfacet
  facet normal -0.933076 0.359679 0
    outer loop
      vertex -11.4375 -0.440085 0
      vertex -11.4172 -0.387423 0.289999
      vertex -11.4172 -0.387423 0
    endloop
  endfacet
  facet normal -0.933076 0.359679 0
    outer loop
      vertex -11.4172 -0.387423 0.289999
      vertex -11.4375 -0.440085 0
      vertex -11.4375 -0.440085 0.289999
    endloop
  endfacet
  facet normal 0.689373 -0.724407 0
    outer loop
      vertex -13.3132 0.813172 0
      vertex -13.2723 0.852094 0.289999
      vertex -13.3132 0.813172 0.289999
    endloop
  endfacet
  facet normal 0.689373 -0.724407 0
    outer loop
      vertex -13.2723 0.852094 0.289999
      vertex -13.3132 0.813172 0
      vertex -13.2723 0.852094 0
    endloop
  endfacet
  facet normal -0.949558 0.31359 0
    outer loop
      vertex -11.4172 -0.387423 0
      vertex -11.3995 -0.333827 0.289999
      vertex -11.3995 -0.333827 0
    endloop
  endfacet
  facet normal -0.949558 0.31359 0
    outer loop
      vertex -11.3995 -0.333827 0.289999
      vertex -11.4172 -0.387423 0
      vertex -11.4172 -0.387423 0.289999
    endloop
  endfacet
  facet normal 0.0735128 -0.997294 0
    outer loop
      vertex -12.6127 1.14446 0
      vertex -12.5564 1.14861 0.289999
      vertex -12.6127 1.14446 0.289999
    endloop
  endfacet
  facet normal 0.0735128 -0.997294 0
    outer loop
      vertex -12.5564 1.14861 0.289999
      vertex -12.6127 1.14446 0
      vertex -12.5564 1.14861 0
    endloop
  endfacet
  facet normal -0.997358 0.0726408 0
    outer loop
      vertex -11.3555 -0.11272 0
      vertex -11.3514 -0.056427 0.289999
      vertex -11.3514 -0.056427 0
    endloop
  endfacet
  facet normal -0.997358 0.0726408 0
    outer loop
      vertex -11.3514 -0.056427 0.289999
      vertex -11.3555 -0.11272 0
      vertex -11.3555 -0.11272 0.289999
    endloop
  endfacet
  facet normal 0.933076 -0.359679 0
    outer loop
      vertex -13.5828 0.387423 0.289999
      vertex -13.5625 0.440085 0
      vertex -13.5625 0.440085 0.289999
    endloop
  endfacet
  facet normal 0.933076 -0.359679 0
    outer loop
      vertex -13.5625 0.440085 0
      vertex -13.5828 0.387423 0.289999
      vertex -13.5828 0.387423 0
    endloop
  endfacet
  facet normal -0.817594 0.575795 0
    outer loop
      vertex -11.5763 -0.685054 0
      vertex -11.5438 -0.638906 0.289999
      vertex -11.5438 -0.638906 0
    endloop
  endfacet
  facet normal -0.817594 0.575795 0
    outer loop
      vertex -11.5438 -0.638906 0.289999
      vertex -11.5763 -0.685054 0
      vertex -11.5763 -0.685054 0.289999
    endloop
  endfacet
  facet normal 0.219259 -0.975667 0
    outer loop
      vertex -12.7794 1.11554 0
      vertex -12.7244 1.1279 0.289999
      vertex -12.7794 1.11554 0.289999
    endloop
  endfacet
  facet normal 0.219259 -0.975667 0
    outer loop
      vertex -12.7244 1.1279 0.289999
      vertex -12.7794 1.11554 0
      vertex -12.7244 1.1279 0
    endloop
  endfacet
  facet normal -0.817594 -0.575795 0
    outer loop
      vertex -11.5438 0.638906 0
      vertex -11.5763 0.685054 0.289999
      vertex -11.5763 0.685054 0
    endloop
  endfacet
  facet normal -0.817594 -0.575795 0
    outer loop
      vertex -11.5763 0.685054 0.289999
      vertex -11.5438 0.638906 0
      vertex -11.5438 0.638906 0.289999
    endloop
  endfacet
  facet normal 0.985128 0.17182 0
    outer loop
      vertex -13.6279 -0.224354 0.289999
      vertex -13.6376 -0.168739 0
      vertex -13.6376 -0.168739 0.289999
    endloop
  endfacet
  facet normal 0.985128 0.17182 0
    outer loop
      vertex -13.6376 -0.168739 0
      vertex -13.6279 -0.224354 0.289999
      vertex -13.6279 -0.224354 0
    endloop
  endfacet
  facet normal -0.914039 -0.405626 0
    outer loop
      vertex -11.4375 0.440085 0
      vertex -11.4604 0.491688 0.289999
      vertex -11.4604 0.491688 0
    endloop
  endfacet
  facet normal -0.914039 -0.405626 0
    outer loop
      vertex -11.4604 0.491688 0.289999
      vertex -11.4375 0.440085 0
      vertex -11.4375 0.440085 0.289999
    endloop
  endfacet
  facet normal 0.219259 0.975667 -0
    outer loop
      vertex -12.7244 -1.1279 0
      vertex -12.7794 -1.11554 0.289999
      vertex -12.7244 -1.1279 0.289999
    endloop
  endfacet
  facet normal 0.219259 0.975667 0
    outer loop
      vertex -12.7794 -1.11554 0.289999
      vertex -12.7244 -1.1279 0
      vertex -12.7794 -1.11554 0
    endloop
  endfacet
  facet normal -0.985128 -0.17182 0
    outer loop
      vertex -11.3624 0.168739 0
      vertex -11.3721 0.224354 0.289999
      vertex -11.3721 0.224354 0
    endloop
  endfacet
  facet normal -0.985128 -0.17182 0
    outer loop
      vertex -11.3721 0.224354 0.289999
      vertex -11.3624 0.168739 0
      vertex -11.3624 0.168739 0.289999
    endloop
  endfacet
  facet normal -0.999692 0.0248032 0
    outer loop
      vertex -11.3514 -0.056427 0
      vertex -11.35 0 0.289999
      vertex -11.35 0 0
    endloop
  endfacet
  facet normal -0.999692 0.0248032 0
    outer loop
      vertex -11.35 0 0.289999
      vertex -11.3514 -0.056427 0
      vertex -11.3514 -0.056427 0.289999
    endloop
  endfacet
  facet normal 0.870251 0.492608 0
    outer loop
      vertex -13.4864 -0.591218 0.289999
      vertex -13.5142 -0.542106 0
      vertex -13.5142 -0.542106 0.289999
    endloop
  endfacet
  facet normal 0.870251 0.492608 0
    outer loop
      vertex -13.5142 -0.542106 0
      vertex -13.4864 -0.591218 0.289999
      vertex -13.4864 -0.591218 0
    endloop
  endfacet
  facet normal 0.844838 0.535022 0
    outer loop
      vertex -13.4562 -0.638906 0.289999
      vertex -13.4864 -0.591218 0
      vertex -13.4864 -0.591218 0.289999
    endloop
  endfacet
  facet normal 0.844838 0.535022 0
    outer loop
      vertex -13.4864 -0.591218 0
      vertex -13.4562 -0.638906 0.289999
      vertex -13.4562 -0.638906 0
    endloop
  endfacet
  facet normal -0.575374 0.817891 0
    outer loop
      vertex -11.8149 -0.923688 0
      vertex -11.8611 -0.956189 0.289999
      vertex -11.8149 -0.923688 0.289999
    endloop
  endfacet
  facet normal -0.575374 0.817891 0
    outer loop
      vertex -11.8611 -0.956189 0.289999
      vertex -11.8149 -0.923688 0
      vertex -11.8611 -0.956189 0
    endloop
  endfacet
  facet normal -0.975577 -0.219657 0
    outer loop
      vertex -11.3721 0.224354 0
      vertex -11.3845 0.279427 0.289999
      vertex -11.3845 0.279427 0
    endloop
  endfacet
  facet normal -0.975577 -0.219657 0
    outer loop
      vertex -11.3845 0.279427 0.289999
      vertex -11.3721 0.224354 0
      vertex -11.3721 0.224354 0.289999
    endloop
  endfacet
  facet normal 0.405201 0.914228 -0
    outer loop
      vertex -12.9401 -1.06246 0
      vertex -12.9917 -1.03959 0.289999
      vertex -12.9401 -1.06246 0.289999
    endloop
  endfacet
  facet normal 0.405201 0.914228 0
    outer loop
      vertex -12.9917 -1.03959 0.289999
      vertex -12.9401 -1.06246 0
      vertex -12.9917 -1.03959 0
    endloop
  endfacet
  facet normal -0.493008 0.870025 0
    outer loop
      vertex -11.9088 -0.986387 0
      vertex -11.9579 -1.01421 0.289999
      vertex -11.9088 -0.986387 0.289999
    endloop
  endfacet
  facet normal -0.493008 0.870025 0
    outer loop
      vertex -11.9579 -1.01421 0.289999
      vertex -11.9088 -0.986387 0
      vertex -11.9579 -1.01421 0
    endloop
  endfacet
  facet normal -0.964024 -0.265815 0
    outer loop
      vertex -11.3845 0.279427 0
      vertex -11.3995 0.333827 0.289999
      vertex -11.3995 0.333827 0
    endloop
  endfacet
  facet normal -0.964024 -0.265815 0
    outer loop
      vertex -11.3995 0.333827 0.289999
      vertex -11.3845 0.279427 0
      vertex -11.3845 0.279427 0.289999
    endloop
  endfacet
  facet normal 0.493008 -0.870025 0
    outer loop
      vertex -13.0912 0.986387 0
      vertex -13.0421 1.01421 0.289999
      vertex -13.0912 0.986387 0.289999
    endloop
  endfacet
  facet normal 0.493008 -0.870025 0
    outer loop
      vertex -13.0421 1.01421 0.289999
      vertex -13.0912 0.986387 0
      vertex -13.0421 1.01421 0
    endloop
  endfacet
  facet normal -0.689373 -0.724407 0
    outer loop
      vertex -11.7277 0.852094 0
      vertex -11.6868 0.813172 0.289999
      vertex -11.7277 0.852094 0.289999
    endloop
  endfacet
  facet normal -0.689373 -0.724407 -0
    outer loop
      vertex -11.6868 0.813172 0.289999
      vertex -11.7277 0.852094 0
      vertex -11.6868 0.813172 0
    endloop
  endfacet
  facet normal 0.653526 -0.756904 0
    outer loop
      vertex -13.2723 0.852094 0
      vertex -13.2296 0.888962 0.289999
      vertex -13.2723 0.852094 0.289999
    endloop
  endfacet
  facet normal 0.653526 -0.756904 0
    outer loop
      vertex -13.2296 0.888962 0.289999
      vertex -13.2723 0.852094 0
      vertex -13.2296 0.888962 0
    endloop
  endfacet
  facet normal -0.313569 0.949565 0
    outer loop
      vertex -12.1126 -1.08278 0
      vertex -12.1662 -1.10048 0.289999
      vertex -12.1126 -1.08278 0.289999
    endloop
  endfacet
  facet normal -0.313569 0.949565 0
    outer loop
      vertex -12.1662 -1.10048 0.289999
      vertex -12.1126 -1.08278 0
      vertex -12.1662 -1.10048 0
    endloop
  endfacet
  facet normal 0.756927 0.6535 0
    outer loop
      vertex -13.3521 -0.772292 0.289999
      vertex -13.389 -0.729552 0
      vertex -13.389 -0.729552 0.289999
    endloop
  endfacet
  facet normal 0.756927 0.6535 0
    outer loop
      vertex -13.389 -0.729552 0
      vertex -13.3521 -0.772292 0.289999
      vertex -13.3521 -0.772292 0
    endloop
  endfacet
  facet normal 0.313569 -0.949565 0
    outer loop
      vertex -12.8874 1.08278 0
      vertex -12.8338 1.10048 0.289999
      vertex -12.8874 1.08278 0.289999
    endloop
  endfacet
  facet normal 0.313569 -0.949565 0
    outer loop
      vertex -12.8338 1.10048 0.289999
      vertex -12.8874 1.08278 0
      vertex -12.8338 1.10048 0
    endloop
  endfacet
  facet normal 0.999692 -0.0248032 0
    outer loop
      vertex -13.65 0 0.289999
      vertex -13.6486 0.056427 0
      vertex -13.6486 0.056427 0.289999
    endloop
  endfacet
  facet normal 0.999692 -0.0248032 0
    outer loop
      vertex -13.6486 0.056427 0
      vertex -13.65 0 0.289999
      vertex -13.65 0 0
    endloop
  endfacet
  facet normal -0.170707 -0.985322 0
    outer loop
      vertex -12.3313 1.13755 0
      vertex -12.2756 1.1279 0.289999
      vertex -12.3313 1.13755 0.289999
    endloop
  endfacet
  facet normal -0.170707 -0.985322 -0
    outer loop
      vertex -12.2756 1.1279 0.289999
      vertex -12.3313 1.13755 0
      vertex -12.2756 1.1279 0
    endloop
  endfacet
  facet normal -0.5349 -0.844915 0
    outer loop
      vertex -11.9088 0.986387 0
      vertex -11.8611 0.956189 0.289999
      vertex -11.9088 0.986387 0.289999
    endloop
  endfacet
  facet normal -0.5349 -0.844915 -0
    outer loop
      vertex -11.8611 0.956189 0.289999
      vertex -11.9088 0.986387 0
      vertex -11.8611 0.956189 0
    endloop
  endfacet
  facet normal -0.653526 0.756904 0
    outer loop
      vertex -11.7277 -0.852094 0
      vertex -11.7704 -0.888962 0.289999
      vertex -11.7277 -0.852094 0.289999
    endloop
  endfacet
  facet normal -0.653526 0.756904 0
    outer loop
      vertex -11.7704 -0.888962 0.289999
      vertex -11.7277 -0.852094 0
      vertex -11.7704 -0.888962 0
    endloop
  endfacet
  facet normal -0.653526 -0.756904 0
    outer loop
      vertex -11.7704 0.888962 0
      vertex -11.7277 0.852094 0.289999
      vertex -11.7704 0.888962 0.289999
    endloop
  endfacet
  facet normal -0.653526 -0.756904 -0
    outer loop
      vertex -11.7277 0.852094 0.289999
      vertex -11.7704 0.888962 0
      vertex -11.7277 0.852094 0
    endloop
  endfacet
  facet normal 0.724433 -0.689345 0
    outer loop
      vertex -13.3521 0.772292 0.289999
      vertex -13.3132 0.813172 0
      vertex -13.3132 0.813172 0.289999
    endloop
  endfacet
  facet normal 0.724433 -0.689345 0
    outer loop
      vertex -13.3132 0.813172 0
      vertex -13.3521 0.772292 0.289999
      vertex -13.3521 0.772292 0
    endloop
  endfacet
  facet normal 0.933076 0.359679 0
    outer loop
      vertex -13.5625 -0.440085 0.289999
      vertex -13.5828 -0.387423 0
      vertex -13.5828 -0.387423 0.289999
    endloop
  endfacet
  facet normal 0.933076 0.359679 0
    outer loop
      vertex -13.5828 -0.387423 0
      vertex -13.5625 -0.440085 0.289999
      vertex -13.5625 -0.440085 0
    endloop
  endfacet
  facet normal 0.949558 0.31359 0
    outer loop
      vertex -13.5828 -0.387423 0.289999
      vertex -13.6005 -0.333827 0
      vertex -13.6005 -0.333827 0.289999
    endloop
  endfacet
  facet normal 0.949558 0.31359 0
    outer loop
      vertex -13.6005 -0.333827 0
      vertex -13.5828 -0.387423 0.289999
      vertex -13.5828 -0.387423 0
    endloop
  endfacet
  facet normal 0.615208 0.788365 -0
    outer loop
      vertex -13.1851 -0.923688 0
      vertex -13.2296 -0.888962 0.289999
      vertex -13.1851 -0.923688 0.289999
    endloop
  endfacet
  facet normal 0.615208 0.788365 0
    outer loop
      vertex -13.2296 -0.888962 0.289999
      vertex -13.1851 -0.923688 0
      vertex -13.2296 -0.888962 0
    endloop
  endfacet
  facet normal 0.817594 0.575795 0
    outer loop
      vertex -13.4237 -0.685054 0.289999
      vertex -13.4562 -0.638906 0
      vertex -13.4562 -0.638906 0.289999
    endloop
  endfacet
  facet normal 0.817594 0.575795 0
    outer loop
      vertex -13.4562 -0.638906 0
      vertex -13.4237 -0.685054 0.289999
      vertex -13.4237 -0.685054 0
    endloop
  endfacet
  facet normal 0.964024 -0.265815 0
    outer loop
      vertex -13.6155 0.279427 0.289999
      vertex -13.6005 0.333827 0
      vertex -13.6005 0.333827 0.289999
    endloop
  endfacet
  facet normal 0.964024 -0.265815 0
    outer loop
      vertex -13.6005 0.333827 0
      vertex -13.6155 0.279427 0.289999
      vertex -13.6155 0.279427 0
    endloop
  endfacet
  facet normal 0.5349 0.844915 -0
    outer loop
      vertex -13.0912 -0.986387 0
      vertex -13.1389 -0.956189 0.289999
      vertex -13.0912 -0.986387 0.289999
    endloop
  endfacet
  facet normal 0.5349 0.844915 0
    outer loop
      vertex -13.1389 -0.956189 0.289999
      vertex -13.0912 -0.986387 0
      vertex -13.1389 -0.956189 0
    endloop
  endfacet
  facet normal -0.844838 0.535022 0
    outer loop
      vertex -11.5438 -0.638906 0
      vertex -11.5136 -0.591218 0.289999
      vertex -11.5136 -0.591218 0
    endloop
  endfacet
  facet normal -0.844838 0.535022 0
    outer loop
      vertex -11.5136 -0.591218 0.289999
      vertex -11.5438 -0.638906 0
      vertex -11.5438 -0.638906 0.289999
    endloop
  endfacet
  facet normal -0.122464 0.992473 0
    outer loop
      vertex -12.3313 -1.13755 0
      vertex -12.3873 -1.14446 0.289999
      vertex -12.3313 -1.13755 0.289999
    endloop
  endfacet
  facet normal -0.122464 0.992473 0
    outer loop
      vertex -12.3873 -1.14446 0.289999
      vertex -12.3313 -1.13755 0
      vertex -12.3873 -1.14446 0
    endloop
  endfacet
  facet normal 0.914039 -0.405626 0
    outer loop
      vertex -13.5625 0.440085 0.289999
      vertex -13.5396 0.491688 0
      vertex -13.5396 0.491688 0.289999
    endloop
  endfacet
  facet normal 0.914039 -0.405626 0
    outer loop
      vertex -13.5396 0.491688 0
      vertex -13.5625 0.440085 0.289999
      vertex -13.5625 0.440085 0
    endloop
  endfacet
  facet normal 0.844838 -0.535022 0
    outer loop
      vertex -13.4864 0.591218 0.289999
      vertex -13.4562 0.638906 0
      vertex -13.4562 0.638906 0.289999
    endloop
  endfacet
  facet normal 0.844838 -0.535022 0
    outer loop
      vertex -13.4562 0.638906 0
      vertex -13.4864 0.591218 0.289999
      vertex -13.4864 0.591218 0
    endloop
  endfacet
  facet normal 0.122464 0.992473 -0
    outer loop
      vertex -12.6127 -1.14446 0
      vertex -12.6687 -1.13755 0.289999
      vertex -12.6127 -1.14446 0.289999
    endloop
  endfacet
  facet normal 0.122464 0.992473 0
    outer loop
      vertex -12.6687 -1.13755 0.289999
      vertex -12.6127 -1.14446 0
      vertex -12.6687 -1.13755 0
    endloop
  endfacet
  facet normal -0.449764 0.893148 0
    outer loop
      vertex -11.9579 -1.01421 0
      vertex -12.0083 -1.03959 0.289999
      vertex -11.9579 -1.01421 0.289999
    endloop
  endfacet
  facet normal -0.449764 0.893148 0
    outer loop
      vertex -12.0083 -1.03959 0.289999
      vertex -11.9579 -1.01421 0
      vertex -12.0083 -1.03959 0
    endloop
  endfacet
  facet normal -0.933076 -0.359679 0
    outer loop
      vertex -11.4172 0.387423 0
      vertex -11.4375 0.440085 0.289999
      vertex -11.4375 0.440085 0
    endloop
  endfacet
  facet normal -0.933076 -0.359679 0
    outer loop
      vertex -11.4375 0.440085 0.289999
      vertex -11.4172 0.387423 0
      vertex -11.4172 0.387423 0.289999
    endloop
  endfacet
  facet normal -0.615208 0.788365 0
    outer loop
      vertex -11.7704 -0.888962 0
      vertex -11.8149 -0.923688 0.289999
      vertex -11.7704 -0.888962 0.289999
    endloop
  endfacet
  facet normal -0.615208 0.788365 0
    outer loop
      vertex -11.8149 -0.923688 0.289999
      vertex -11.7704 -0.888962 0
      vertex -11.8149 -0.923688 0
    endloop
  endfacet
  facet normal 0.449764 0.893148 -0
    outer loop
      vertex -12.9917 -1.03959 0
      vertex -13.0421 -1.01421 0.289999
      vertex -12.9917 -1.03959 0.289999
    endloop
  endfacet
  facet normal 0.449764 0.893148 0
    outer loop
      vertex -13.0421 -1.01421 0.289999
      vertex -12.9917 -1.03959 0
      vertex -13.0421 -1.01421 0
    endloop
  endfacet
  facet normal -0.266803 0.963751 0
    outer loop
      vertex -12.1662 -1.10048 0
      vertex -12.2206 -1.11554 0.289999
      vertex -12.1662 -1.10048 0.289999
    endloop
  endfacet
  facet normal -0.266803 0.963751 0
    outer loop
      vertex -12.2206 -1.11554 0.289999
      vertex -12.1662 -1.10048 0
      vertex -12.2206 -1.11554 0
    endloop
  endfacet
  facet normal -0.405201 0.914228 0
    outer loop
      vertex -12.0083 -1.03959 0
      vertex -12.0599 -1.06246 0.289999
      vertex -12.0083 -1.03959 0.289999
    endloop
  endfacet
  facet normal -0.405201 0.914228 0
    outer loop
      vertex -12.0599 -1.06246 0.289999
      vertex -12.0083 -1.03959 0
      vertex -12.0599 -1.06246 0
    endloop
  endfacet
  facet normal 0.89307 0.449918 0
    outer loop
      vertex -13.5142 -0.542106 0.289999
      vertex -13.5396 -0.491688 0
      vertex -13.5396 -0.491688 0.289999
    endloop
  endfacet
  facet normal 0.89307 0.449918 0
    outer loop
      vertex -13.5396 -0.491688 0
      vertex -13.5142 -0.542106 0.289999
      vertex -13.5142 -0.542106 0
    endloop
  endfacet
  facet normal -0.756927 -0.6535 0
    outer loop
      vertex -11.611 0.729552 0
      vertex -11.6479 0.772292 0.289999
      vertex -11.6479 0.772292 0
    endloop
  endfacet
  facet normal -0.756927 -0.6535 0
    outer loop
      vertex -11.6479 0.772292 0.289999
      vertex -11.611 0.729552 0
      vertex -11.611 0.729552 0.289999
    endloop
  endfacet
  facet normal -0.359762 -0.933044 0
    outer loop
      vertex -12.1126 1.08278 0
      vertex -12.0599 1.06246 0.289999
      vertex -12.1126 1.08278 0.289999
    endloop
  endfacet
  facet normal -0.359762 -0.933044 -0
    outer loop
      vertex -12.0599 1.06246 0.289999
      vertex -12.1126 1.08278 0
      vertex -12.0599 1.06246 0
    endloop
  endfacet
  facet normal 0.493008 0.870025 -0
    outer loop
      vertex -13.0421 -1.01421 0
      vertex -13.0912 -0.986387 0.289999
      vertex -13.0421 -1.01421 0.289999
    endloop
  endfacet
  facet normal 0.493008 0.870025 0
    outer loop
      vertex -13.0912 -0.986387 0.289999
      vertex -13.0421 -1.01421 0
      vertex -13.0912 -0.986387 0
    endloop
  endfacet
  facet normal 0.788575 -0.614939 0
    outer loop
      vertex -13.4237 0.685054 0.289999
      vertex -13.389 0.729552 0
      vertex -13.389 0.729552 0.289999
    endloop
  endfacet
  facet normal 0.788575 -0.614939 0
    outer loop
      vertex -13.389 0.729552 0
      vertex -13.4237 0.685054 0.289999
      vertex -13.4237 0.685054 0
    endloop
  endfacet
  facet normal 0.0735128 0.997294 -0
    outer loop
      vertex -12.5564 -1.14861 0
      vertex -12.6127 -1.14446 0.289999
      vertex -12.5564 -1.14861 0.289999
    endloop
  endfacet
  facet normal 0.0735128 0.997294 0
    outer loop
      vertex -12.6127 -1.14446 0.289999
      vertex -12.5564 -1.14861 0
      vertex -12.6127 -1.14446 0
    endloop
  endfacet
  facet normal -0.0735128 -0.997294 0
    outer loop
      vertex -12.4436 1.14861 0
      vertex -12.3873 1.14446 0.289999
      vertex -12.4436 1.14861 0.289999
    endloop
  endfacet
  facet normal -0.0735128 -0.997294 -0
    outer loop
      vertex -12.3873 1.14446 0.289999
      vertex -12.4436 1.14861 0
      vertex -12.3873 1.14446 0
    endloop
  endfacet
  facet normal 0.914039 0.405626 0
    outer loop
      vertex -13.5396 -0.491688 0.289999
      vertex -13.5625 -0.440085 0
      vertex -13.5625 -0.440085 0.289999
    endloop
  endfacet
  facet normal 0.914039 0.405626 0
    outer loop
      vertex -13.5625 -0.440085 0
      vertex -13.5396 -0.491688 0.289999
      vertex -13.5396 -0.491688 0
    endloop
  endfacet
  facet normal -0.985128 0.17182 0
    outer loop
      vertex -11.3721 -0.224354 0
      vertex -11.3624 -0.168739 0.289999
      vertex -11.3624 -0.168739 0
    endloop
  endfacet
  facet normal -0.985128 0.17182 0
    outer loop
      vertex -11.3624 -0.168739 0.289999
      vertex -11.3721 -0.224354 0
      vertex -11.3721 -0.224354 0.289999
    endloop
  endfacet
  facet normal 0.449764 -0.893148 0
    outer loop
      vertex -13.0421 1.01421 0
      vertex -12.9917 1.03959 0.289999
      vertex -13.0421 1.01421 0.289999
    endloop
  endfacet
  facet normal 0.449764 -0.893148 0
    outer loop
      vertex -12.9917 1.03959 0.289999
      vertex -13.0421 1.01421 0
      vertex -12.9917 1.03959 0
    endloop
  endfacet
  facet normal 0.266803 0.963751 -0
    outer loop
      vertex -12.7794 -1.11554 0
      vertex -12.8338 -1.10048 0.289999
      vertex -12.7794 -1.11554 0.289999
    endloop
  endfacet
  facet normal 0.266803 0.963751 0
    outer loop
      vertex -12.8338 -1.10048 0.289999
      vertex -12.7794 -1.11554 0
      vertex -12.8338 -1.10048 0
    endloop
  endfacet
  facet normal 0.975577 -0.219657 0
    outer loop
      vertex -13.6279 0.224354 0.289999
      vertex -13.6155 0.279427 0
      vertex -13.6155 0.279427 0.289999
    endloop
  endfacet
  facet normal 0.975577 -0.219657 0
    outer loop
      vertex -13.6155 0.279427 0
      vertex -13.6279 0.224354 0.289999
      vertex -13.6279 0.224354 0
    endloop
  endfacet
  facet normal -0.449764 -0.893148 0
    outer loop
      vertex -12.0083 1.03959 0
      vertex -11.9579 1.01421 0.289999
      vertex -12.0083 1.03959 0.289999
    endloop
  endfacet
  facet normal -0.449764 -0.893148 -0
    outer loop
      vertex -11.9579 1.01421 0.289999
      vertex -12.0083 1.03959 0
      vertex -11.9579 1.01421 0
    endloop
  endfacet
  facet normal -0.493008 -0.870025 0
    outer loop
      vertex -11.9579 1.01421 0
      vertex -11.9088 0.986387 0.289999
      vertex -11.9579 1.01421 0.289999
    endloop
  endfacet
  facet normal -0.493008 -0.870025 -0
    outer loop
      vertex -11.9088 0.986387 0.289999
      vertex -11.9579 1.01421 0
      vertex -11.9088 0.986387 0
    endloop
  endfacet
  facet normal -0.0246379 -0.999696 0
    outer loop
      vertex -12.5 1.15 0
      vertex -12.4436 1.14861 0.289999
      vertex -12.5 1.15 0.289999
    endloop
  endfacet
  facet normal -0.0246379 -0.999696 -0
    outer loop
      vertex -12.4436 1.14861 0.289999
      vertex -12.5 1.15 0
      vertex -12.4436 1.14861 0
    endloop
  endfacet
  facet normal 0.313569 0.949565 -0
    outer loop
      vertex -12.8338 -1.10048 0
      vertex -12.8874 -1.08278 0.289999
      vertex -12.8338 -1.10048 0.289999
    endloop
  endfacet
  facet normal 0.313569 0.949565 0
    outer loop
      vertex -12.8874 -1.08278 0.289999
      vertex -12.8338 -1.10048 0
      vertex -12.8874 -1.08278 0
    endloop
  endfacet
  facet normal 0.359762 0.933044 -0
    outer loop
      vertex -12.8874 -1.08278 0
      vertex -12.9401 -1.06246 0.289999
      vertex -12.8874 -1.08278 0.289999
    endloop
  endfacet
  facet normal 0.359762 0.933044 0
    outer loop
      vertex -12.9401 -1.06246 0.289999
      vertex -12.8874 -1.08278 0
      vertex -12.9401 -1.06246 0
    endloop
  endfacet
  facet normal -0.266803 -0.963751 0
    outer loop
      vertex -12.2206 1.11554 0
      vertex -12.1662 1.10048 0.289999
      vertex -12.2206 1.11554 0.289999
    endloop
  endfacet
  facet normal -0.266803 -0.963751 -0
    outer loop
      vertex -12.1662 1.10048 0.289999
      vertex -12.2206 1.11554 0
      vertex -12.1662 1.10048 0
    endloop
  endfacet
  facet normal 0.997358 -0.0726408 0
    outer loop
      vertex -13.6486 0.056427 0.289999
      vertex -13.6445 0.11272 0
      vertex -13.6445 0.11272 0.289999
    endloop
  endfacet
  facet normal 0.997358 -0.0726408 0
    outer loop
      vertex -13.6445 0.11272 0
      vertex -13.6486 0.056427 0.289999
      vertex -13.6486 0.056427 0
    endloop
  endfacet
  facet normal 0.985128 -0.17182 0
    outer loop
      vertex -13.6376 0.168739 0.289999
      vertex -13.6279 0.224354 0
      vertex -13.6279 0.224354 0.289999
    endloop
  endfacet
  facet normal 0.985128 -0.17182 0
    outer loop
      vertex -13.6279 0.224354 0
      vertex -13.6376 0.168739 0.289999
      vertex -13.6376 0.168739 0
    endloop
  endfacet
  facet normal 0.170707 0.985322 -0
    outer loop
      vertex -12.6687 -1.13755 0
      vertex -12.7244 -1.1279 0.289999
      vertex -12.6687 -1.13755 0.289999
    endloop
  endfacet
  facet normal 0.170707 0.985322 0
    outer loop
      vertex -12.7244 -1.1279 0.289999
      vertex -12.6687 -1.13755 0
      vertex -12.7244 -1.1279 0
    endloop
  endfacet
  facet normal 0.266803 -0.963751 0
    outer loop
      vertex -12.8338 1.10048 0
      vertex -12.7794 1.11554 0.289999
      vertex -12.8338 1.10048 0.289999
    endloop
  endfacet
  facet normal 0.266803 -0.963751 0
    outer loop
      vertex -12.7794 1.11554 0.289999
      vertex -12.8338 1.10048 0
      vertex -12.7794 1.11554 0
    endloop
  endfacet
  facet normal 0.788575 0.614939 0
    outer loop
      vertex -13.389 -0.729552 0.289999
      vertex -13.4237 -0.685054 0
      vertex -13.4237 -0.685054 0.289999
    endloop
  endfacet
  facet normal 0.788575 0.614939 0
    outer loop
      vertex -13.4237 -0.685054 0
      vertex -13.389 -0.729552 0.289999
      vertex -13.389 -0.729552 0
    endloop
  endfacet
  facet normal 0.89307 -0.449918 0
    outer loop
      vertex -13.5396 0.491688 0.289999
      vertex -13.5142 0.542106 0
      vertex -13.5142 0.542106 0.289999
    endloop
  endfacet
  facet normal 0.89307 -0.449918 0
    outer loop
      vertex -13.5142 0.542106 0
      vertex -13.5396 0.491688 0.289999
      vertex -13.5396 0.491688 0
    endloop
  endfacet
  facet normal -0.313569 -0.949565 0
    outer loop
      vertex -12.1662 1.10048 0
      vertex -12.1126 1.08278 0.289999
      vertex -12.1662 1.10048 0.289999
    endloop
  endfacet
  facet normal -0.313569 -0.949565 -0
    outer loop
      vertex -12.1126 1.08278 0.289999
      vertex -12.1662 1.10048 0
      vertex -12.1126 1.08278 0
    endloop
  endfacet
  facet normal -0.219259 -0.975667 0
    outer loop
      vertex -12.2756 1.1279 0
      vertex -12.2206 1.11554 0.289999
      vertex -12.2756 1.1279 0.289999
    endloop
  endfacet
  facet normal -0.219259 -0.975667 -0
    outer loop
      vertex -12.2206 1.11554 0.289999
      vertex -12.2756 1.1279 0
      vertex -12.2206 1.11554 0
    endloop
  endfacet
  facet normal 0.964024 0.265815 0
    outer loop
      vertex -13.6005 -0.333827 0.289999
      vertex -13.6155 -0.279427 0
      vertex -13.6155 -0.279427 0.289999
    endloop
  endfacet
  facet normal 0.964024 0.265815 0
    outer loop
      vertex -13.6155 -0.279427 0
      vertex -13.6005 -0.333827 0.289999
      vertex -13.6005 -0.333827 0
    endloop
  endfacet
  facet normal 0.653526 0.756904 -0
    outer loop
      vertex -13.2296 -0.888962 0
      vertex -13.2723 -0.852094 0.289999
      vertex -13.2296 -0.888962 0.289999
    endloop
  endfacet
  facet normal 0.653526 0.756904 0
    outer loop
      vertex -13.2723 -0.852094 0.289999
      vertex -13.2296 -0.888962 0
      vertex -13.2723 -0.852094 0
    endloop
  endfacet
  facet normal 0.870251 -0.492608 0
    outer loop
      vertex -13.5142 0.542106 0.289999
      vertex -13.4864 0.591218 0
      vertex -13.4864 0.591218 0.289999
    endloop
  endfacet
  facet normal 0.870251 -0.492608 0
    outer loop
      vertex -13.4864 0.591218 0
      vertex -13.5142 0.542106 0.289999
      vertex -13.5142 0.542106 0
    endloop
  endfacet
  facet normal 0.405201 -0.914228 0
    outer loop
      vertex -12.9917 1.03959 0
      vertex -12.9401 1.06246 0.289999
      vertex -12.9917 1.03959 0.289999
    endloop
  endfacet
  facet normal 0.405201 -0.914228 0
    outer loop
      vertex -12.9401 1.06246 0.289999
      vertex -12.9917 1.03959 0
      vertex -12.9401 1.06246 0
    endloop
  endfacet
  facet normal 0.575374 0.817891 -0
    outer loop
      vertex -13.1389 -0.956189 0
      vertex -13.1851 -0.923688 0.289999
      vertex -13.1389 -0.956189 0.289999
    endloop
  endfacet
  facet normal 0.575374 0.817891 0
    outer loop
      vertex -13.1851 -0.923688 0.289999
      vertex -13.1389 -0.956189 0
      vertex -13.1851 -0.923688 0
    endloop
  endfacet
  facet normal -0.820331 -0.0203531 0.571527
    outer loop
      vertex -11.35 0 0.289999
      vertex -10.507 0.000462493 1.5
      vertex -11.3514 0.056427 0.289999
    endloop
  endfacet
  facet normal -0.820504 0 0.57164
    outer loop
      vertex -10.507 0.000462493 1.5
      vertex -11.35 0 0.289999
      vertex -10.507 0 1.5
    endloop
  endfacet
  facet normal 0.725335 -0.381755 0.572846
    outer loop
      vertex -14.1571 1.10727 1.5
      vertex -13.4237 0.685054 0.289999
      vertex -14.1569 1.10765 1.5
    endloop
  endfacet
  facet normal 0.670909 -0.472491 0.571518
    outer loop
      vertex -13.4237 0.685054 0.289999
      vertex -14.1571 1.10727 1.5
      vertex -13.4562 0.638906 0.289999
    endloop
  endfacet
  facet normal 0.565688 0.594436 0.571527
    outer loop
      vertex -13.3132 -0.813172 0.289999
      vertex -13.8384 -1.47674 1.5
      vertex -13.2723 -0.852094 0.289999
    endloop
  endfacet
  facet normal 0.511919 0.639899 0.573121
    outer loop
      vertex -13.8384 -1.47674 1.5
      vertex -13.3132 -0.813172 0.289999
      vertex -13.8388 -1.47642 1.5
    endloop
  endfacet
  facet normal -0.140077 -0.808528 0.571543
    outer loop
      vertex -12.2756 1.1279 0.289999
      vertex -12.2076 1.97146 1.5
      vertex -12.3313 1.13755 0.289999
    endloop
  endfacet
  facet normal -0.129596 -0.809977 0.571964
    outer loop
      vertex -12.2076 1.97146 1.5
      vertex -12.2756 1.1279 0.289999
      vertex -12.2071 1.97138 1.5
    endloop
  endfacet
  facet normal -0.565688 -0.594436 0.571527
    outer loop
      vertex -11.6868 0.813172 0.289999
      vertex -11.1616 1.47674 1.5
      vertex -11.7277 0.852094 0.289999
    endloop
  endfacet
  facet normal -0.511919 -0.639899 0.573121
    outer loop
      vertex -11.1616 1.47674 1.5
      vertex -11.6868 0.813172 0.289999
      vertex -11.1612 1.47642 1.5
    endloop
  endfacet
  facet normal 0.257264 0.779205 0.571537
    outer loop
      vertex -13.0785 -1.90721 1.5
      vertex -12.8338 -1.10048 0.289999
      vertex -13.171 -1.87667 1.5
    endloop
  endfacet
  facet normal -0.790772 0.219111 0.57155
    outer loop
      vertex -10.5927 -0.578101 1.5
      vertex -10.5667 -0.484267 1.5
      vertex -11.3845 -0.279427 0.289999
    endloop
  endfacet
  facet normal 0.732865 -0.369112 0.571546
    outer loop
      vertex -13.5142 0.542106 0.289999
      vertex -14.2577 0.939509 1.5
      vertex -14.3015 0.852545 1.5
    endloop
  endfacet
  facet normal -0.765432 -0.295771 0.571519
    outer loop
      vertex -10.6236 0.671864 1.5
      vertex -10.6587 0.7627 1.5
      vertex -11.4375 0.440085 0.289999
    endloop
  endfacet
  facet normal -0.4725 0.670906 0.571515
    outer loop
      vertex -11.3924 -1.65688 1.5
      vertex -11.3128 -1.60082 1.5
      vertex -11.8149 -0.923688 0.289999
    endloop
  endfacet
  facet normal 0.713927 0.404534 0.571543
    outer loop
      vertex -14.2097 -1.02422 1.5
      vertex -13.5142 -0.542106 0.289999
      vertex -14.2577 -0.939509 1.5
    endloop
  endfacet
  facet normal 0.693229 -0.439062 0.57154
    outer loop
      vertex -13.4864 0.591218 0.289999
      vertex -14.1574 1.10688 1.5
      vertex -14.2095 1.02462 1.5
    endloop
  endfacet
  facet normal 0.693229 0.439062 0.57154
    outer loop
      vertex -14.1574 -1.10688 1.5
      vertex -13.4864 -0.591218 0.289999
      vertex -14.2095 -1.02462 1.5
    endloop
  endfacet
  facet normal 0.580413 -0.580413 0.571176
    outer loop
      vertex -13.2723 0.852094 0.289999
      vertex -13.8381 1.47704 1.5
      vertex -13.8384 1.47674 1.5
    endloop
  endfacet
  facet normal 0.536265 -0.621094 0.571544
    outer loop
      vertex -13.8381 1.47704 1.5
      vertex -13.2723 0.852094 0.289999
      vertex -13.2296 0.888962 0.289999
    endloop
  endfacet
  facet normal -0.800702 0.179535 0.571527
    outer loop
      vertex -10.5666 -0.483816 1.5
      vertex -10.5453 -0.388821 1.5
      vertex -11.3721 -0.224354 0.289999
    endloop
  endfacet
  facet normal -0.179846 0.800627 0.571534
    outer loop
      vertex -12.1112 -1.95474 1.5
      vertex -12.0162 -1.9334 1.5
      vertex -12.2756 -1.1279 0.289999
    endloop
  endfacet
  facet normal 0.791076 0.218128 0.571506
    outer loop
      vertex -14.4073 -0.578101 1.5
      vertex -13.6005 -0.333827 0.289999
      vertex -13.6155 -0.279427 0.289999
    endloop
  endfacet
  facet normal 0.801341 0.179673 0.570587
    outer loop
      vertex -13.6005 -0.333827 0.289999
      vertex -14.4073 -0.578101 1.5
      vertex -14.4072 -0.578547 1.5
    endloop
  endfacet
  facet normal -0.179846 -0.800627 0.571534
    outer loop
      vertex -12.0162 1.9334 1.5
      vertex -12.1112 1.95474 1.5
      vertex -12.2756 1.1279 0.289999
    endloop
  endfacet
  facet normal 0.43885 0.693364 0.57154
    outer loop
      vertex -13.5246 -1.70948 1.5
      vertex -13.0912 -0.986387 0.289999
      vertex -13.6069 -1.65739 1.5
    endloop
  endfacet
  facet normal 0.4223 -0.703833 0.57121
    outer loop
      vertex -13.1389 0.956189 0.289999
      vertex -13.6069 1.65739 1.5
      vertex -13.6073 1.65715 1.5
    endloop
  endfacet
  facet normal 0.438924 -0.693313 0.571544
    outer loop
      vertex -13.6069 1.65739 1.5
      vertex -13.1389 0.956189 0.289999
      vertex -13.0912 0.986387 0.289999
    endloop
  endfacet
  facet normal 0.218931 0.790826 0.571545
    outer loop
      vertex -12.8338 -1.10048 0.289999
      vertex -13.0781 -1.90734 1.5
      vertex -12.7794 -1.11554 0.289999
    endloop
  endfacet
  facet normal 0.25362 0.78037 0.571577
    outer loop
      vertex -13.0781 -1.90734 1.5
      vertex -12.8338 -1.10048 0.289999
      vertex -13.0785 -1.90721 1.5
    endloop
  endfacet
  facet normal 0.800521 0.180242 0.571558
    outer loop
      vertex -14.4334 -0.483816 1.5
      vertex -13.6155 -0.279427 0.289999
      vertex -13.6279 -0.224354 0.289999
    endloop
  endfacet
  facet normal 0.801127 0.177633 0.571527
    outer loop
      vertex -13.6155 -0.279427 0.289999
      vertex -14.4334 -0.483816 1.5
      vertex -14.4333 -0.484267 1.5
    endloop
  endfacet
  facet normal 0.820504 0 0.57164
    outer loop
      vertex -13.65 0 0.289999
      vertex -14.493 0.000462493 1.5
      vertex -14.493 0 1.5
    endloop
  endfacet
  facet normal 0.820331 -0.0203531 0.571527
    outer loop
      vertex -14.493 0.000462493 1.5
      vertex -13.65 0 0.289999
      vertex -13.6486 0.056427 0.289999
    endloop
  endfacet
  facet normal -0.808423 0.140739 0.571529
    outer loop
      vertex -10.5453 -0.388821 1.5
      vertex -10.5286 -0.292894 1.5
      vertex -11.3721 -0.224354 0.289999
    endloop
  endfacet
  facet normal 0.801127 -0.177633 0.571527
    outer loop
      vertex -14.4334 0.483816 1.5
      vertex -13.6155 0.279427 0.289999
      vertex -14.4333 0.484267 1.5
    endloop
  endfacet
  facet normal 0.800521 -0.180242 0.571558
    outer loop
      vertex -13.6155 0.279427 0.289999
      vertex -14.4334 0.483816 1.5
      vertex -13.6279 0.224354 0.289999
    endloop
  endfacet
  facet normal -0.713927 -0.404534 0.571543
    outer loop
      vertex -10.7423 0.939509 1.5
      vertex -10.7903 1.02422 1.5
      vertex -11.4858 0.542106 0.289999
    endloop
  endfacet
  facet normal -0.352042 0.74114 0.571645
    outer loop
      vertex -12.0083 -1.03959 0.289999
      vertex -11.6483 -1.80187 1.5
      vertex -11.6479 -1.80168 1.5
    endloop
  endfacet
  facet normal -0.332499 0.750195 0.571535
    outer loop
      vertex -11.6483 -1.80187 1.5
      vertex -12.0083 -1.03959 0.289999
      vertex -12.0599 -1.06246 0.289999
    endloop
  endfacet
  facet normal -0.100492 -0.814394 0.571546
    outer loop
      vertex -12.208 1.97152 1.5
      vertex -12.3046 1.98344 1.5
      vertex -12.3873 1.14446 0.289999
    endloop
  endfacet
  facet normal -0.40455 -0.71392 0.57154
    outer loop
      vertex -11.9088 0.986387 0.289999
      vertex -11.4758 1.70971 1.5
      vertex -11.9579 1.01421 0.289999
    endloop
  endfacet
  facet normal -0.409015 -0.71133 0.571591
    outer loop
      vertex -11.4758 1.70971 1.5
      vertex -11.9088 0.986387 0.289999
      vertex -11.4754 1.70948 1.5
    endloop
  endfacet
  facet normal -0.814441 0.100317 0.571508
    outer loop
      vertex -11.3624 -0.168739 0.289999
      vertex -10.5285 -0.291979 1.5
      vertex -11.3555 -0.11272 0.289999
    endloop
  endfacet
  facet normal -0.823398 0 0.567464
    outer loop
      vertex -10.5285 -0.291979 1.5
      vertex -11.3624 -0.168739 0.289999
      vertex -10.5285 -0.292439 1.5
    endloop
  endfacet
  facet normal 0.82033 -0.0202279 0.571532
    outer loop
      vertex -13.6486 0.056427 0.289999
      vertex -14.4906 0.0977931 1.5
      vertex -14.493 0.000462493 1.5
    endloop
  endfacet
  facet normal -0.332525 0.750182 0.571536
    outer loop
      vertex -11.7373 -1.84132 1.5
      vertex -11.6483 -1.80187 1.5
      vertex -12.0599 -1.06246 0.289999
    endloop
  endfacet
  facet normal 0.713927 -0.404534 0.571543
    outer loop
      vertex -13.5142 0.542106 0.289999
      vertex -14.2097 1.02422 1.5
      vertex -14.2577 0.939509 1.5
    endloop
  endfacet
  facet normal 0.0201498 0.820326 0.571541
    outer loop
      vertex -12.5005 -1.99302 1.5
      vertex -12.5564 -1.14861 0.289999
      vertex -12.5978 -1.99063 1.5
    endloop
  endfacet
  facet normal -0.10049 -0.814394 0.571545
    outer loop
      vertex -12.3313 1.13755 0.289999
      vertex -12.208 1.97152 1.5
      vertex -12.3873 1.14446 0.289999
    endloop
  endfacet
  facet normal -0.121712 -0.811416 0.571656
    outer loop
      vertex -12.208 1.97152 1.5
      vertex -12.3313 1.13755 0.289999
      vertex -12.2076 1.97146 1.5
    endloop
  endfacet
  facet normal 0.368792 -0.733033 0.571537
    outer loop
      vertex -13.0421 1.01421 0.289999
      vertex -13.3525 1.80147 1.5
      vertex -13.4395 1.7577 1.5
    endloop
  endfacet
  facet normal 0.218873 0.790844 0.571543
    outer loop
      vertex -12.9843 -1.9333 1.5
      vertex -12.7794 -1.11554 0.289999
      vertex -13.0781 -1.90734 1.5
    endloop
  endfacet
  facet normal -0.765432 0.295771 0.571519
    outer loop
      vertex -10.6587 -0.7627 1.5
      vertex -10.6236 -0.671864 1.5
      vertex -11.4375 -0.440085 0.289999
    endloop
  endfacet
  facet normal 0.0603439 -0.818351 0.571542
    outer loop
      vertex -12.5564 1.14861 0.289999
      vertex -12.5978 1.99063 1.5
      vertex -12.6949 1.98347 1.5
    endloop
  endfacet
  facet normal 0.779266 -0.257097 0.571529
    outer loop
      vertex -13.6005 0.333827 0.289999
      vertex -14.3767 0.670993 1.5
      vertex -14.4072 0.578547 1.5
    endloop
  endfacet
  facet normal 0.179919 0.800609 0.571538
    outer loop
      vertex -12.7794 -1.11554 0.289999
      vertex -12.9838 -1.9334 1.5
      vertex -12.7244 -1.1279 0.289999
    endloop
  endfacet
  facet normal 0.160973 0.804863 0.571213
    outer loop
      vertex -12.9838 -1.9334 1.5
      vertex -12.7794 -1.11554 0.289999
      vertex -12.9843 -1.9333 1.5
    endloop
  endfacet
  facet normal 0.536057 -0.621284 0.571532
    outer loop
      vertex -13.2296 0.888962 0.289999
      vertex -13.7644 1.54063 1.5
      vertex -13.8381 1.47704 1.5
    endloop
  endfacet
  facet normal 0.801341 -0.179673 0.570587
    outer loop
      vertex -14.4073 0.578101 1.5
      vertex -13.6005 0.333827 0.289999
      vertex -14.4072 0.578547 1.5
    endloop
  endfacet
  facet normal 0.791076 -0.218128 0.571506
    outer loop
      vertex -13.6005 0.333827 0.289999
      vertex -14.4073 0.578101 1.5
      vertex -13.6155 0.279427 0.289999
    endloop
  endfacet
  facet normal 0.438924 0.693313 0.571544
    outer loop
      vertex -13.1389 -0.956189 0.289999
      vertex -13.6069 -1.65739 1.5
      vertex -13.0912 -0.986387 0.289999
    endloop
  endfacet
  facet normal 0.4223 0.703833 0.57121
    outer loop
      vertex -13.6069 -1.65739 1.5
      vertex -13.1389 -0.956189 0.289999
      vertex -13.6073 -1.65715 1.5
    endloop
  endfacet
  facet normal 0.814444 -0.100301 0.571508
    outer loop
      vertex -13.6445 0.11272 0.289999
      vertex -14.4715 0.291979 1.5
      vertex -14.4834 0.195351 1.5
    endloop
  endfacet
  facet normal 0.621323 -0.53603 0.571514
    outer loop
      vertex -13.389 0.729552 0.289999
      vertex -13.977 1.33809 1.5
      vertex -14.0406 1.26437 1.5
    endloop
  endfacet
  facet normal -0.332525 -0.750182 0.571536
    outer loop
      vertex -11.6483 1.80187 1.5
      vertex -11.7373 1.84132 1.5
      vertex -12.0599 1.06246 0.289999
    endloop
  endfacet
  facet normal -0.818391 -0.0598437 0.571537
    outer loop
      vertex -10.5094 0.0977931 1.5
      vertex -10.5165 0.194889 1.5
      vertex -11.3514 0.056427 0.289999
    endloop
  endfacet
  facet normal -0.271053 0.774438 0.571643
    outer loop
      vertex -12.1126 -1.08278 0.289999
      vertex -11.829 -1.87667 1.5
      vertex -11.8286 -1.87653 1.5
    endloop
  endfacet
  facet normal -0.257307 0.779189 0.571539
    outer loop
      vertex -11.829 -1.87667 1.5
      vertex -12.1126 -1.08278 0.289999
      vertex -12.1662 -1.10048 0.289999
    endloop
  endfacet
  facet normal -0.814444 0.100301 0.571508
    outer loop
      vertex -10.5285 -0.291979 1.5
      vertex -10.5166 -0.195351 1.5
      vertex -11.3555 -0.11272 0.289999
    endloop
  endfacet
  facet normal 0.0603439 0.818351 0.571542
    outer loop
      vertex -12.5978 -1.99063 1.5
      vertex -12.5564 -1.14861 0.289999
      vertex -12.6949 -1.98347 1.5
    endloop
  endfacet
  facet normal 0.765432 -0.295771 0.571519
    outer loop
      vertex -13.5625 0.440085 0.289999
      vertex -14.3413 0.7627 1.5
      vertex -14.3764 0.671864 1.5
    endloop
  endfacet
  facet normal -0.594457 0.565665 0.571527
    outer loop
      vertex -11.6868 -0.813172 0.289999
      vertex -11.0233 -1.33844 1.5
      vertex -11.6479 -0.772292 0.289999
    endloop
  endfacet
  facet normal -0.606822 0.551656 0.572226
    outer loop
      vertex -11.0233 -1.33844 1.5
      vertex -11.6868 -0.813172 0.289999
      vertex -11.0236 -1.33877 1.5
    endloop
  endfacet
  facet normal -0.670738 -0.472718 0.571532
    outer loop
      vertex -10.8431 1.10765 1.5
      vertex -10.8992 1.18725 1.5
      vertex -11.5763 0.685054 0.289999
    endloop
  endfacet
  facet normal -0.791076 0.218128 0.571506
    outer loop
      vertex -11.3995 -0.333827 0.289999
      vertex -10.5927 -0.578101 1.5
      vertex -11.3845 -0.279427 0.289999
    endloop
  endfacet
  facet normal -0.801341 0.179673 0.570587
    outer loop
      vertex -10.5927 -0.578101 1.5
      vertex -11.3995 -0.333827 0.289999
      vertex -10.5928 -0.578547 1.5
    endloop
  endfacet
  facet normal 0.790772 0.219111 0.57155
    outer loop
      vertex -14.4073 -0.578101 1.5
      vertex -13.6155 -0.279427 0.289999
      vertex -14.4333 -0.484267 1.5
    endloop
  endfacet
  facet normal 0.823398 -0 0.567464
    outer loop
      vertex -14.4715 0.291979 1.5
      vertex -13.6376 0.168739 0.289999
      vertex -14.4715 0.292439 1.5
    endloop
  endfacet
  facet normal 0.814441 -0.100317 0.571508
    outer loop
      vertex -13.6376 0.168739 0.289999
      vertex -14.4715 0.291979 1.5
      vertex -13.6445 0.11272 0.289999
    endloop
  endfacet
  facet normal -0.0603439 0.818351 0.571542
    outer loop
      vertex -12.4022 -1.99063 1.5
      vertex -12.3051 -1.98347 1.5
      vertex -12.4436 -1.14861 0.289999
    endloop
  endfacet
  facet normal 0.808423 -0.140739 0.571529
    outer loop
      vertex -13.6279 0.224354 0.289999
      vertex -14.4547 0.388821 1.5
      vertex -14.4714 0.292894 1.5
    endloop
  endfacet
  facet normal 0.43885 -0.693364 0.57154
    outer loop
      vertex -13.0912 0.986387 0.289999
      vertex -13.5246 1.70948 1.5
      vertex -13.6069 1.65739 1.5
    endloop
  endfacet
  facet normal -0.750361 0.332152 0.571519
    outer loop
      vertex -10.6981 -0.851708 1.5
      vertex -10.6587 -0.7627 1.5
      vertex -11.4375 -0.440085 0.289999
    endloop
  endfacet
  facet normal -0.779184 0.257324 0.571539
    outer loop
      vertex -11.4172 -0.387423 0.289999
      vertex -10.6233 -0.670993 1.5
      vertex -11.3995 -0.333827 0.289999
    endloop
  endfacet
  facet normal -0.74753 0.34056 0.570278
    outer loop
      vertex -10.6233 -0.670993 1.5
      vertex -11.4172 -0.387423 0.289999
      vertex -10.6235 -0.671432 1.5
    endloop
  endfacet
  facet normal 0.257264 -0.779205 0.571537
    outer loop
      vertex -12.8338 1.10048 0.289999
      vertex -13.0785 1.90721 1.5
      vertex -13.171 1.87667 1.5
    endloop
  endfacet
  facet normal -0.732831 0.369192 0.571539
    outer loop
      vertex -11.4858 -0.542106 0.289999
      vertex -10.6983 -0.852131 1.5
      vertex -11.4604 -0.491688 0.289999
    endloop
  endfacet
  facet normal -0.738538 0.356782 0.572074
    outer loop
      vertex -10.6983 -0.852131 1.5
      vertex -11.4858 -0.542106 0.289999
      vertex -10.6985 -0.852545 1.5
    endloop
  endfacet
  facet normal -0.369068 -0.732902 0.571528
    outer loop
      vertex -11.9579 1.01421 0.289999
      vertex -11.6479 1.80168 1.5
      vertex -12.0083 1.03959 0.289999
    endloop
  endfacet
  facet normal -0.381646 -0.726945 0.570874
    outer loop
      vertex -11.6479 1.80168 1.5
      vertex -11.9579 1.01421 0.289999
      vertex -11.6475 1.80147 1.5
    endloop
  endfacet
  facet normal -0.693229 0.439062 0.57154
    outer loop
      vertex -10.8426 -1.10688 1.5
      vertex -10.7905 -1.02462 1.5
      vertex -11.5136 -0.591218 0.289999
    endloop
  endfacet
  facet normal 0.623052 -0.534044 0.571492
    outer loop
      vertex -13.977 1.33809 1.5
      vertex -13.3521 0.772292 0.289999
      vertex -13.9767 1.33844 1.5
    endloop
  endfacet
  facet normal 0.621121 -0.536251 0.571527
    outer loop
      vertex -13.3521 0.772292 0.289999
      vertex -13.977 1.33809 1.5
      vertex -13.389 0.729552 0.289999
    endloop
  endfacet
  facet normal -0.790772 -0.219111 0.57155
    outer loop
      vertex -10.5667 0.484267 1.5
      vertex -10.5927 0.578101 1.5
      vertex -11.3845 0.279427 0.289999
    endloop
  endfacet
  facet normal -0.725335 -0.381755 0.572846
    outer loop
      vertex -11.5763 0.685054 0.289999
      vertex -10.8429 1.10727 1.5
      vertex -10.8431 1.10765 1.5
    endloop
  endfacet
  facet normal -0.670909 -0.472491 0.571518
    outer loop
      vertex -10.8429 1.10727 1.5
      vertex -11.5763 0.685054 0.289999
      vertex -11.5438 0.638906 0.289999
    endloop
  endfacet
  facet normal -0.606822 -0.551656 0.572226
    outer loop
      vertex -11.6868 0.813172 0.289999
      vertex -11.0233 1.33844 1.5
      vertex -11.0236 1.33877 1.5
    endloop
  endfacet
  facet normal -0.594457 -0.565665 0.571527
    outer loop
      vertex -11.0233 1.33844 1.5
      vertex -11.6868 0.813172 0.289999
      vertex -11.6479 0.772292 0.289999
    endloop
  endfacet
  facet normal -0.368792 -0.733033 0.571537
    outer loop
      vertex -11.5605 1.7577 1.5
      vertex -11.6475 1.80147 1.5
      vertex -11.9579 1.01421 0.289999
    endloop
  endfacet
  facet normal 0.650826 -0.500636 0.57078
    outer loop
      vertex -14.1574 1.10688 1.5
      vertex -13.4562 0.638906 0.289999
      vertex -14.1571 1.10727 1.5
    endloop
  endfacet
  facet normal 0.693253 -0.439026 0.571538
    outer loop
      vertex -13.4562 0.638906 0.289999
      vertex -14.1574 1.10688 1.5
      vertex -13.4864 0.591218 0.289999
    endloop
  endfacet
  facet normal 0.332499 0.750195 0.571535
    outer loop
      vertex -12.9917 -1.03959 0.289999
      vertex -13.3517 -1.80187 1.5
      vertex -12.9401 -1.06246 0.289999
    endloop
  endfacet
  facet normal 0.352042 0.74114 0.571645
    outer loop
      vertex -13.3517 -1.80187 1.5
      vertex -12.9917 -1.03959 0.289999
      vertex -13.3521 -1.80168 1.5
    endloop
  endfacet
  facet normal -0.82033 -0.0202279 0.571532
    outer loop
      vertex -10.507 0.000462493 1.5
      vertex -10.5094 0.0977931 1.5
      vertex -11.3514 0.056427 0.289999
    endloop
  endfacet
  facet normal -0.820504 0 0.57164
    outer loop
      vertex -11.35 0 0.289999
      vertex -10.507 -0.000462493 1.5
      vertex -10.507 0 1.5
    endloop
  endfacet
  facet normal -0.820331 0.0203531 0.571527
    outer loop
      vertex -10.507 -0.000462493 1.5
      vertex -11.35 0 0.289999
      vertex -11.3514 -0.056427 0.289999
    endloop
  endfacet
  facet normal -0.818391 0.0598437 0.571537
    outer loop
      vertex -10.5165 -0.194889 1.5
      vertex -10.5094 -0.0977931 1.5
      vertex -11.3514 -0.056427 0.289999
    endloop
  endfacet
  facet normal -0.714113 0.404226 0.571527
    outer loop
      vertex -11.5136 -0.591218 0.289999
      vertex -10.7903 -1.02422 1.5
      vertex -11.4858 -0.542106 0.289999
    endloop
  endfacet
  facet normal -0.734569 0.367284 0.570536
    outer loop
      vertex -10.7903 -1.02422 1.5
      vertex -11.5136 -0.591218 0.289999
      vertex -10.7905 -1.02462 1.5
    endloop
  endfacet
  facet normal -0.801341 -0.179673 0.570587
    outer loop
      vertex -11.3995 0.333827 0.289999
      vertex -10.5927 0.578101 1.5
      vertex -10.5928 0.578547 1.5
    endloop
  endfacet
  facet normal -0.791076 -0.218128 0.571506
    outer loop
      vertex -10.5927 0.578101 1.5
      vertex -11.3995 0.333827 0.289999
      vertex -11.3845 0.279427 0.289999
    endloop
  endfacet
  facet normal -0.750361 -0.332152 0.571519
    outer loop
      vertex -10.6587 0.7627 1.5
      vertex -10.6981 0.851708 1.5
      vertex -11.4375 0.440085 0.289999
    endloop
  endfacet
  facet normal -0.74753 -0.34056 0.570278
    outer loop
      vertex -11.4172 0.387423 0.289999
      vertex -10.6233 0.670993 1.5
      vertex -10.6235 0.671432 1.5
    endloop
  endfacet
  facet normal -0.779184 -0.257324 0.571539
    outer loop
      vertex -10.6233 0.670993 1.5
      vertex -11.4172 0.387423 0.289999
      vertex -11.3995 0.333827 0.289999
    endloop
  endfacet
  facet normal 0.218873 -0.790844 0.571543
    outer loop
      vertex -12.7794 1.11554 0.289999
      vertex -12.9843 1.9333 1.5
      vertex -13.0781 1.90734 1.5
    endloop
  endfacet
  facet normal -0.536057 0.621284 0.571532
    outer loop
      vertex -11.2356 -1.54063 1.5
      vertex -11.1619 -1.47704 1.5
      vertex -11.7704 -0.888962 0.289999
    endloop
  endfacet
  facet normal 0.732865 0.369112 0.571546
    outer loop
      vertex -14.2577 -0.939509 1.5
      vertex -13.5142 -0.542106 0.289999
      vertex -14.3015 -0.852545 1.5
    endloop
  endfacet
  facet normal -0.140285 -0.808496 0.571537
    outer loop
      vertex -12.1112 1.95474 1.5
      vertex -12.2071 1.97138 1.5
      vertex -12.2756 1.1279 0.289999
    endloop
  endfacet
  facet normal -0.779266 -0.257097 0.571529
    outer loop
      vertex -10.5928 0.578547 1.5
      vertex -10.6233 0.670993 1.5
      vertex -11.3995 0.333827 0.289999
    endloop
  endfacet
  facet normal -0.218931 -0.790826 0.571545
    outer loop
      vertex -12.1662 1.10048 0.289999
      vertex -11.9219 1.90734 1.5
      vertex -12.2206 1.11554 0.289999
    endloop
  endfacet
  facet normal -0.25362 -0.78037 0.571577
    outer loop
      vertex -11.9219 1.90734 1.5
      vertex -12.1662 1.10048 0.289999
      vertex -11.9215 1.90721 1.5
    endloop
  endfacet
  facet normal -0.650826 -0.500636 0.57078
    outer loop
      vertex -11.5438 0.638906 0.289999
      vertex -10.8426 1.10688 1.5
      vertex -10.8429 1.10727 1.5
    endloop
  endfacet
  facet normal -0.693253 -0.439026 0.571538
    outer loop
      vertex -10.8426 1.10688 1.5
      vertex -11.5438 0.638906 0.289999
      vertex -11.5136 0.591218 0.289999
    endloop
  endfacet
  facet normal 0.295428 -0.76555 0.571538
    outer loop
      vertex -12.9401 1.06246 0.289999
      vertex -13.1719 1.87636 1.5
      vertex -13.2627 1.84132 1.5
    endloop
  endfacet
  facet normal 0.352042 -0.74114 0.571645
    outer loop
      vertex -12.9917 1.03959 0.289999
      vertex -13.3517 1.80187 1.5
      vertex -13.3521 1.80168 1.5
    endloop
  endfacet
  facet normal 0.332499 -0.750195 0.571535
    outer loop
      vertex -13.3517 1.80187 1.5
      vertex -12.9917 1.03959 0.289999
      vertex -12.9401 1.06246 0.289999
    endloop
  endfacet
  facet normal -0.800521 0.180242 0.571558
    outer loop
      vertex -11.3845 -0.279427 0.289999
      vertex -10.5666 -0.483816 1.5
      vertex -11.3721 -0.224354 0.289999
    endloop
  endfacet
  facet normal -0.801127 0.177633 0.571527
    outer loop
      vertex -10.5666 -0.483816 1.5
      vertex -11.3845 -0.279427 0.289999
      vertex -10.5667 -0.484267 1.5
    endloop
  endfacet
  facet normal -0.0603227 -0.818353 0.571541
    outer loop
      vertex -12.3873 1.14446 0.289999
      vertex -12.3051 1.98347 1.5
      vertex -12.4436 1.14861 0.289999
    endloop
  endfacet
  facet normal -0.0491528 -0.819213 0.571379
    outer loop
      vertex -12.3051 1.98347 1.5
      vertex -12.3873 1.14446 0.289999
      vertex -12.3046 1.98344 1.5
    endloop
  endfacet
  facet normal 0.100492 0.814394 0.571546
    outer loop
      vertex -12.6954 -1.98344 1.5
      vertex -12.6127 -1.14446 0.289999
      vertex -12.792 -1.97152 1.5
    endloop
  endfacet
  facet normal 0.646928 0.504833 0.571514
    outer loop
      vertex -14.0406 -1.26437 1.5
      vertex -13.389 -0.729552 0.289999
      vertex -14.1005 -1.18761 1.5
    endloop
  endfacet
  facet normal 0.140285 0.808496 0.571537
    outer loop
      vertex -12.7929 -1.97138 1.5
      vertex -12.7244 -1.1279 0.289999
      vertex -12.8888 -1.95474 1.5
    endloop
  endfacet
  facet normal 0.693253 0.439026 0.571538
    outer loop
      vertex -14.1574 -1.10688 1.5
      vertex -13.4562 -0.638906 0.289999
      vertex -13.4864 -0.591218 0.289999
    endloop
  endfacet
  facet normal 0.650826 0.500636 0.57078
    outer loop
      vertex -13.4562 -0.638906 0.289999
      vertex -14.1574 -1.10688 1.5
      vertex -14.1571 -1.10727 1.5
    endloop
  endfacet
  facet normal 0.80838 0.140992 0.571527
    outer loop
      vertex -14.4715 -0.292439 1.5
      vertex -13.6279 -0.224354 0.289999
      vertex -13.6376 -0.168739 0.289999
    endloop
  endfacet
  facet normal 0.80276 0.176431 0.569604
    outer loop
      vertex -13.6279 -0.224354 0.289999
      vertex -14.4715 -0.292439 1.5
      vertex -14.4714 -0.292894 1.5
    endloop
  endfacet
  facet normal -0.823398 0 0.567464
    outer loop
      vertex -11.3624 0.168739 0.289999
      vertex -10.5285 0.291979 1.5
      vertex -10.5285 0.292439 1.5
    endloop
  endfacet
  facet normal -0.814441 -0.100317 0.571508
    outer loop
      vertex -10.5285 0.291979 1.5
      vertex -11.3624 0.168739 0.289999
      vertex -11.3555 0.11272 0.289999
    endloop
  endfacet
  facet normal -0.257264 -0.779205 0.571537
    outer loop
      vertex -11.829 1.87667 1.5
      vertex -11.9215 1.90721 1.5
      vertex -12.1662 1.10048 0.289999
    endloop
  endfacet
  facet normal -0.779266 0.257097 0.571529
    outer loop
      vertex -10.6233 -0.670993 1.5
      vertex -10.5928 -0.578547 1.5
      vertex -11.3995 -0.333827 0.289999
    endloop
  endfacet
  facet normal -0.0202173 0.820326 0.571538
    outer loop
      vertex -12.5 -1.15 0.289999
      vertex -12.4995 -1.99302 1.5
      vertex -12.4436 -1.14861 0.289999
    endloop
  endfacet
  facet normal -0.0164077 0.820384 0.571577
    outer loop
      vertex -12.4995 -1.99302 1.5
      vertex -12.5 -1.15 0.289999
      vertex -12.5 -1.99303 1.5
    endloop
  endfacet
  facet normal 0.179846 0.800627 0.571534
    outer loop
      vertex -12.8888 -1.95474 1.5
      vertex -12.7244 -1.1279 0.289999
      vertex -12.9838 -1.9334 1.5
    endloop
  endfacet
  facet normal 0.800702 -0.179535 0.571527
    outer loop
      vertex -13.6279 0.224354 0.289999
      vertex -14.4334 0.483816 1.5
      vertex -14.4547 0.388821 1.5
    endloop
  endfacet
  facet normal 0.765672 0.295149 0.571519
    outer loop
      vertex -14.3765 -0.671432 1.5
      vertex -13.5625 -0.440085 0.289999
      vertex -13.5828 -0.387423 0.289999
    endloop
  endfacet
  facet normal 0.798685 0.184881 0.572645
    outer loop
      vertex -13.5625 -0.440085 0.289999
      vertex -14.3765 -0.671432 1.5
      vertex -14.3764 -0.671864 1.5
    endloop
  endfacet
  facet normal 0.80276 -0.176431 0.569604
    outer loop
      vertex -14.4715 0.292439 1.5
      vertex -13.6279 0.224354 0.289999
      vertex -14.4714 0.292894 1.5
    endloop
  endfacet
  facet normal 0.80838 -0.140992 0.571527
    outer loop
      vertex -13.6279 0.224354 0.289999
      vertex -14.4715 0.292439 1.5
      vertex -13.6376 0.168739 0.289999
    endloop
  endfacet
  facet normal -0.565858 -0.594265 0.571537
    outer loop
      vertex -11.0907 1.40929 1.5
      vertex -11.1612 1.47642 1.5
      vertex -11.6868 0.813172 0.289999
    endloop
  endfacet
  facet normal -0.295428 -0.76555 0.571538
    outer loop
      vertex -11.7373 1.84132 1.5
      vertex -11.8281 1.87636 1.5
      vertex -12.0599 1.06246 0.289999
    endloop
  endfacet
  facet normal 0.332525 0.750182 0.571536
    outer loop
      vertex -13.2627 -1.84132 1.5
      vertex -12.9401 -1.06246 0.289999
      vertex -13.3517 -1.80187 1.5
    endloop
  endfacet
  facet normal 0.295428 0.76555 0.571538
    outer loop
      vertex -13.1719 -1.87636 1.5
      vertex -12.9401 -1.06246 0.289999
      vertex -13.2627 -1.84132 1.5
    endloop
  endfacet
  facet normal -0.818415 0.0596078 0.571527
    outer loop
      vertex -11.3555 -0.11272 0.289999
      vertex -10.5165 -0.194889 1.5
      vertex -11.3514 -0.056427 0.289999
    endloop
  endfacet
  facet normal -0.803676 0.173956 0.569073
    outer loop
      vertex -10.5165 -0.194889 1.5
      vertex -11.3555 -0.11272 0.289999
      vertex -10.5166 -0.195351 1.5
    endloop
  endfacet
  facet normal -0.80838 0.140992 0.571527
    outer loop
      vertex -11.3721 -0.224354 0.289999
      vertex -10.5285 -0.292439 1.5
      vertex -11.3624 -0.168739 0.289999
    endloop
  endfacet
  facet normal -0.80276 0.176431 0.569604
    outer loop
      vertex -10.5285 -0.292439 1.5
      vertex -11.3721 -0.224354 0.289999
      vertex -10.5286 -0.292894 1.5
    endloop
  endfacet
  facet normal -0.75003 0.332843 0.571551
    outer loop
      vertex -11.4604 -0.491688 0.289999
      vertex -10.6981 -0.851708 1.5
      vertex -11.4375 -0.440085 0.289999
    endloop
  endfacet
  facet normal -0.741759 0.350714 0.571658
    outer loop
      vertex -10.6981 -0.851708 1.5
      vertex -11.4604 -0.491688 0.289999
      vertex -10.6983 -0.852131 1.5
    endloop
  endfacet
  facet normal -0.765672 0.295149 0.571519
    outer loop
      vertex -11.4375 -0.440085 0.289999
      vertex -10.6235 -0.671432 1.5
      vertex -11.4172 -0.387423 0.289999
    endloop
  endfacet
  facet normal -0.798685 0.184881 0.572645
    outer loop
      vertex -10.6235 -0.671432 1.5
      vertex -11.4375 -0.440085 0.289999
      vertex -10.6236 -0.671864 1.5
    endloop
  endfacet
  facet normal -0.43885 0.693364 0.57154
    outer loop
      vertex -11.4754 -1.70948 1.5
      vertex -11.3931 -1.65739 1.5
      vertex -11.9088 -0.986387 0.289999
    endloop
  endfacet
  facet normal -0.504662 -0.647046 0.571531
    outer loop
      vertex -11.2356 1.54063 1.5
      vertex -11.3124 1.60053 1.5
      vertex -11.7704 0.888962 0.289999
    endloop
  endfacet
  facet normal 0.129596 -0.809977 0.571964
    outer loop
      vertex -12.7244 1.1279 0.289999
      vertex -12.7924 1.97146 1.5
      vertex -12.7929 1.97138 1.5
    endloop
  endfacet
  facet normal 0.140077 -0.808528 0.571543
    outer loop
      vertex -12.7924 1.97146 1.5
      vertex -12.7244 1.1279 0.289999
      vertex -12.6687 1.13755 0.289999
    endloop
  endfacet
  facet normal 0.332525 -0.750182 0.571536
    outer loop
      vertex -12.9401 1.06246 0.289999
      vertex -13.2627 1.84132 1.5
      vertex -13.3517 1.80187 1.5
    endloop
  endfacet
  facet normal -0.129596 0.809977 0.571964
    outer loop
      vertex -12.2756 -1.1279 0.289999
      vertex -12.2076 -1.97146 1.5
      vertex -12.2071 -1.97138 1.5
    endloop
  endfacet
  facet normal -0.140077 0.808528 0.571543
    outer loop
      vertex -12.2076 -1.97146 1.5
      vertex -12.2756 -1.1279 0.289999
      vertex -12.3313 -1.13755 0.289999
    endloop
  endfacet
  facet normal 0.820504 -0 0.57164
    outer loop
      vertex -14.493 -0.000462493 1.5
      vertex -13.65 0 0.289999
      vertex -14.493 0 1.5
    endloop
  endfacet
  facet normal 0.820331 0.0203531 0.571527
    outer loop
      vertex -13.65 0 0.289999
      vertex -14.493 -0.000462493 1.5
      vertex -13.6486 -0.056427 0.289999
    endloop
  endfacet
  facet normal -0.82033 0.0202279 0.571532
    outer loop
      vertex -10.5094 -0.0977931 1.5
      vertex -10.507 -0.000462493 1.5
      vertex -11.3514 -0.056427 0.289999
    endloop
  endfacet
  facet normal -0.4223 0.703833 0.57121
    outer loop
      vertex -11.8611 -0.956189 0.289999
      vertex -11.3931 -1.65739 1.5
      vertex -11.3927 -1.65715 1.5
    endloop
  endfacet
  facet normal -0.438924 0.693313 0.571544
    outer loop
      vertex -11.3931 -1.65739 1.5
      vertex -11.8611 -0.956189 0.289999
      vertex -11.9088 -0.986387 0.289999
    endloop
  endfacet
  facet normal -0.814444 -0.100301 0.571508
    outer loop
      vertex -10.5166 0.195351 1.5
      vertex -10.5285 0.291979 1.5
      vertex -11.3555 0.11272 0.289999
    endloop
  endfacet
  facet normal -0.803676 -0.173956 0.569073
    outer loop
      vertex -11.3555 0.11272 0.289999
      vertex -10.5165 0.194889 1.5
      vertex -10.5166 0.195351 1.5
    endloop
  endfacet
  facet normal -0.818415 -0.0596078 0.571527
    outer loop
      vertex -10.5165 0.194889 1.5
      vertex -11.3555 0.11272 0.289999
      vertex -11.3514 0.056427 0.289999
    endloop
  endfacet
  facet normal 0.818391 0.0598437 0.571537
    outer loop
      vertex -14.4835 -0.194889 1.5
      vertex -13.6486 -0.056427 0.289999
      vertex -14.4906 -0.0977931 1.5
    endloop
  endfacet
  facet normal -0.0164077 -0.820384 0.571577
    outer loop
      vertex -12.5 1.15 0.289999
      vertex -12.4995 1.99302 1.5
      vertex -12.5 1.99303 1.5
    endloop
  endfacet
  facet normal -0.0202173 -0.820326 0.571538
    outer loop
      vertex -12.4995 1.99302 1.5
      vertex -12.5 1.15 0.289999
      vertex -12.4436 1.14861 0.289999
    endloop
  endfacet
  facet normal -0.670738 0.472718 0.571532
    outer loop
      vertex -10.8992 -1.18725 1.5
      vertex -10.8431 -1.10765 1.5
      vertex -11.5763 -0.685054 0.289999
    endloop
  endfacet
  facet normal -0.693253 0.439026 0.571538
    outer loop
      vertex -11.5438 -0.638906 0.289999
      vertex -10.8426 -1.10688 1.5
      vertex -11.5136 -0.591218 0.289999
    endloop
  endfacet
  facet normal -0.650826 0.500636 0.57078
    outer loop
      vertex -10.8426 -1.10688 1.5
      vertex -11.5438 -0.638906 0.289999
      vertex -10.8429 -1.10727 1.5
    endloop
  endfacet
  facet normal -0.594473 0.565643 0.571533
    outer loop
      vertex -11.0907 -1.40929 1.5
      vertex -11.0236 -1.33877 1.5
      vertex -11.6868 -0.813172 0.289999
    endloop
  endfacet
  facet normal -0.100492 0.814394 0.571546
    outer loop
      vertex -12.3046 -1.98344 1.5
      vertex -12.208 -1.97152 1.5
      vertex -12.3873 -1.14446 0.289999
    endloop
  endfacet
  facet normal 0.4725 -0.670906 0.571515
    outer loop
      vertex -13.1851 0.923688 0.289999
      vertex -13.6076 1.65688 1.5
      vertex -13.6872 1.60082 1.5
    endloop
  endfacet
  facet normal -0.438924 -0.693313 0.571544
    outer loop
      vertex -11.8611 0.956189 0.289999
      vertex -11.3931 1.65739 1.5
      vertex -11.9088 0.986387 0.289999
    endloop
  endfacet
  facet normal -0.4223 -0.703833 0.57121
    outer loop
      vertex -11.3931 1.65739 1.5
      vertex -11.8611 0.956189 0.289999
      vertex -11.3927 1.65715 1.5
    endloop
  endfacet
  facet normal -0.552161 0.613512 0.564554
    outer loop
      vertex -11.8149 -0.923688 0.289999
      vertex -11.3927 -1.65715 1.5
      vertex -11.3924 -1.65688 1.5
    endloop
  endfacet
  facet normal -0.472131 0.671131 0.571556
    outer loop
      vertex -11.3927 -1.65715 1.5
      vertex -11.8149 -0.923688 0.289999
      vertex -11.8611 -0.956189 0.289999
    endloop
  endfacet
  facet normal 0.741759 -0.350714 0.571658
    outer loop
      vertex -14.3019 0.851708 1.5
      vertex -13.5396 0.491688 0.289999
      vertex -14.3017 0.852131 1.5
    endloop
  endfacet
  facet normal 0.75003 -0.332843 0.571551
    outer loop
      vertex -13.5396 0.491688 0.289999
      vertex -14.3019 0.851708 1.5
      vertex -13.5625 0.440085 0.289999
    endloop
  endfacet
  facet normal -0.160973 0.804863 0.571213
    outer loop
      vertex -12.2206 -1.11554 0.289999
      vertex -12.0162 -1.9334 1.5
      vertex -12.0157 -1.9333 1.5
    endloop
  endfacet
  facet normal -0.179919 0.800609 0.571538
    outer loop
      vertex -12.0162 -1.9334 1.5
      vertex -12.2206 -1.11554 0.289999
      vertex -12.2756 -1.1279 0.289999
    endloop
  endfacet
  facet normal 0.808423 0.140739 0.571529
    outer loop
      vertex -14.4547 -0.388821 1.5
      vertex -13.6279 -0.224354 0.289999
      vertex -14.4714 -0.292894 1.5
    endloop
  endfacet
  facet normal 0.594473 -0.565643 0.571533
    outer loop
      vertex -13.3132 0.813172 0.289999
      vertex -13.9093 1.40929 1.5
      vertex -13.9764 1.33877 1.5
    endloop
  endfacet
  facet normal 0.74753 -0.34056 0.570278
    outer loop
      vertex -14.3767 0.670993 1.5
      vertex -13.5828 0.387423 0.289999
      vertex -14.3765 0.671432 1.5
    endloop
  endfacet
  facet normal 0.779184 -0.257324 0.571539
    outer loop
      vertex -13.5828 0.387423 0.289999
      vertex -14.3767 0.670993 1.5
      vertex -13.6005 0.333827 0.289999
    endloop
  endfacet
  facet normal -0.621323 0.53603 0.571514
    outer loop
      vertex -11.023 -1.33809 1.5
      vertex -10.9594 -1.26437 1.5
      vertex -11.611 -0.729552 0.289999
    endloop
  endfacet
  facet normal 0.257307 0.779189 0.571539
    outer loop
      vertex -12.8874 -1.08278 0.289999
      vertex -13.171 -1.87667 1.5
      vertex -12.8338 -1.10048 0.289999
    endloop
  endfacet
  facet normal 0.271053 0.774438 0.571643
    outer loop
      vertex -13.171 -1.87667 1.5
      vertex -12.8874 -1.08278 0.289999
      vertex -13.1714 -1.87653 1.5
    endloop
  endfacet
  facet normal 0.4725 0.670906 0.571515
    outer loop
      vertex -13.6076 -1.65688 1.5
      vertex -13.1851 -0.923688 0.289999
      vertex -13.6872 -1.60082 1.5
    endloop
  endfacet
  facet normal -0.798685 -0.184881 0.572645
    outer loop
      vertex -11.4375 0.440085 0.289999
      vertex -10.6235 0.671432 1.5
      vertex -10.6236 0.671864 1.5
    endloop
  endfacet
  facet normal -0.765672 -0.295149 0.571519
    outer loop
      vertex -10.6235 0.671432 1.5
      vertex -11.4375 0.440085 0.289999
      vertex -11.4172 0.387423 0.289999
    endloop
  endfacet
  facet normal -0.536057 -0.621284 0.571532
    outer loop
      vertex -11.1619 1.47704 1.5
      vertex -11.2356 1.54063 1.5
      vertex -11.7704 0.888962 0.289999
    endloop
  endfacet
  facet normal -0.670909 0.472491 0.571518
    outer loop
      vertex -11.5763 -0.685054 0.289999
      vertex -10.8429 -1.10727 1.5
      vertex -11.5438 -0.638906 0.289999
    endloop
  endfacet
  facet normal -0.725335 0.381755 0.572846
    outer loop
      vertex -10.8429 -1.10727 1.5
      vertex -11.5763 -0.685054 0.289999
      vertex -10.8431 -1.10765 1.5
    endloop
  endfacet
  facet normal -0.808423 -0.140739 0.571529
    outer loop
      vertex -10.5286 0.292894 1.5
      vertex -10.5453 0.388821 1.5
      vertex -11.3721 0.224354 0.289999
    endloop
  endfacet
  facet normal -0.801127 -0.177633 0.571527
    outer loop
      vertex -11.3845 0.279427 0.289999
      vertex -10.5666 0.483816 1.5
      vertex -10.5667 0.484267 1.5
    endloop
  endfacet
  facet normal -0.800521 -0.180242 0.571558
    outer loop
      vertex -10.5666 0.483816 1.5
      vertex -11.3845 0.279427 0.289999
      vertex -11.3721 0.224354 0.289999
    endloop
  endfacet
  facet normal 0.779266 0.257097 0.571529
    outer loop
      vertex -14.3767 -0.670993 1.5
      vertex -13.6005 -0.333827 0.289999
      vertex -14.4072 -0.578547 1.5
    endloop
  endfacet
  facet normal -0.646928 0.504833 0.571514
    outer loop
      vertex -10.9594 -1.26437 1.5
      vertex -10.8995 -1.18761 1.5
      vertex -11.611 -0.729552 0.289999
    endloop
  endfacet
  facet normal 0.818391 -0.0598437 0.571537
    outer loop
      vertex -13.6486 0.056427 0.289999
      vertex -14.4835 0.194889 1.5
      vertex -14.4906 0.0977931 1.5
    endloop
  endfacet
  facet normal 0.803676 -0.173956 0.569073
    outer loop
      vertex -14.4835 0.194889 1.5
      vertex -13.6445 0.11272 0.289999
      vertex -14.4834 0.195351 1.5
    endloop
  endfacet
  facet normal 0.818415 -0.0596078 0.571527
    outer loop
      vertex -13.6445 0.11272 0.289999
      vertex -14.4835 0.194889 1.5
      vertex -13.6486 0.056427 0.289999
    endloop
  endfacet
  facet normal -0.295212 -0.765633 0.571538
    outer loop
      vertex -12.0599 1.06246 0.289999
      vertex -11.8286 1.87653 1.5
      vertex -12.1126 1.08278 0.289999
    endloop
  endfacet
  facet normal -0.263898 -0.77617 0.572641
    outer loop
      vertex -11.8286 1.87653 1.5
      vertex -12.0599 1.06246 0.289999
      vertex -11.8281 1.87636 1.5
    endloop
  endfacet
  facet normal 0.800702 0.179535 0.571527
    outer loop
      vertex -14.4334 -0.483816 1.5
      vertex -13.6279 -0.224354 0.289999
      vertex -14.4547 -0.388821 1.5
    endloop
  endfacet
  facet normal -0.800702 -0.179535 0.571527
    outer loop
      vertex -10.5453 0.388821 1.5
      vertex -10.5666 0.483816 1.5
      vertex -11.3721 0.224354 0.289999
    endloop
  endfacet
  facet normal -0.80276 -0.176431 0.569604
    outer loop
      vertex -11.3721 0.224354 0.289999
      vertex -10.5285 0.292439 1.5
      vertex -10.5286 0.292894 1.5
    endloop
  endfacet
  facet normal -0.80838 -0.140992 0.571527
    outer loop
      vertex -10.5285 0.292439 1.5
      vertex -11.3721 0.224354 0.289999
      vertex -11.3624 0.168739 0.289999
    endloop
  endfacet
  facet normal 0.606822 -0.551656 0.572226
    outer loop
      vertex -13.9767 1.33844 1.5
      vertex -13.3132 0.813172 0.289999
      vertex -13.9764 1.33877 1.5
    endloop
  endfacet
  facet normal 0.594457 -0.565665 0.571527
    outer loop
      vertex -13.3132 0.813172 0.289999
      vertex -13.9767 1.33844 1.5
      vertex -13.3521 0.772292 0.289999
    endloop
  endfacet
  facet normal -0.140285 0.808496 0.571537
    outer loop
      vertex -12.2071 -1.97138 1.5
      vertex -12.1112 -1.95474 1.5
      vertex -12.2756 -1.1279 0.289999
    endloop
  endfacet
  facet normal 0.404511 0.713943 0.571538
    outer loop
      vertex -13.4395 -1.7577 1.5
      vertex -13.0421 -1.01421 0.289999
      vertex -13.5242 -1.70971 1.5
    endloop
  endfacet
  facet normal 0.631103 -0.525919 0.570191
    outer loop
      vertex -14.1008 1.18725 1.5
      vertex -13.389 0.729552 0.289999
      vertex -14.1005 1.18761 1.5
    endloop
  endfacet
  facet normal 0.647088 -0.504606 0.571532
    outer loop
      vertex -13.389 0.729552 0.289999
      vertex -14.1008 1.18725 1.5
      vertex -13.4237 0.685054 0.289999
    endloop
  endfacet
  facet normal -0.295428 0.76555 0.571538
    outer loop
      vertex -11.8281 -1.87636 1.5
      vertex -11.7373 -1.84132 1.5
      vertex -12.0599 -1.06246 0.289999
    endloop
  endfacet
  facet normal -0.594473 -0.565643 0.571533
    outer loop
      vertex -11.0236 1.33877 1.5
      vertex -11.0907 1.40929 1.5
      vertex -11.6868 0.813172 0.289999
    endloop
  endfacet
  facet normal -0.0201498 -0.820326 0.571541
    outer loop
      vertex -12.4436 1.14861 0.289999
      vertex -12.4022 1.99063 1.5
      vertex -12.4995 1.99302 1.5
    endloop
  endfacet
  facet normal -0.0603439 -0.818351 0.571542
    outer loop
      vertex -12.3051 1.98347 1.5
      vertex -12.4022 1.99063 1.5
      vertex -12.4436 1.14861 0.289999
    endloop
  endfacet
  facet normal 0.536265 0.621094 0.571544
    outer loop
      vertex -13.2723 -0.852094 0.289999
      vertex -13.8381 -1.47704 1.5
      vertex -13.2296 -0.888962 0.289999
    endloop
  endfacet
  facet normal 0.580413 0.580413 0.571176
    outer loop
      vertex -13.8381 -1.47704 1.5
      vertex -13.2723 -0.852094 0.289999
      vertex -13.8384 -1.47674 1.5
    endloop
  endfacet
  facet normal 0.750361 -0.332152 0.571519
    outer loop
      vertex -13.5625 0.440085 0.289999
      vertex -14.3019 0.851708 1.5
      vertex -14.3413 0.7627 1.5
    endloop
  endfacet
  facet normal -0.631103 -0.525919 0.570191
    outer loop
      vertex -11.611 0.729552 0.289999
      vertex -10.8992 1.18725 1.5
      vertex -10.8995 1.18761 1.5
    endloop
  endfacet
  facet normal -0.647088 -0.504606 0.571532
    outer loop
      vertex -10.8992 1.18725 1.5
      vertex -11.611 0.729552 0.289999
      vertex -11.5763 0.685054 0.289999
    endloop
  endfacet
  facet normal -0.565858 0.594265 0.571537
    outer loop
      vertex -11.1612 -1.47642 1.5
      vertex -11.0907 -1.40929 1.5
      vertex -11.6868 -0.813172 0.289999
    endloop
  endfacet
  facet normal 0.790772 -0.219111 0.57155
    outer loop
      vertex -13.6155 0.279427 0.289999
      vertex -14.4073 0.578101 1.5
      vertex -14.4333 0.484267 1.5
    endloop
  endfacet
  facet normal 0.25362 -0.78037 0.571577
    outer loop
      vertex -12.8338 1.10048 0.289999
      vertex -13.0781 1.90734 1.5
      vertex -13.0785 1.90721 1.5
    endloop
  endfacet
  facet normal 0.218931 -0.790826 0.571545
    outer loop
      vertex -13.0781 1.90734 1.5
      vertex -12.8338 1.10048 0.289999
      vertex -12.7794 1.11554 0.289999
    endloop
  endfacet
  facet normal -0.646928 -0.504833 0.571514
    outer loop
      vertex -10.8995 1.18761 1.5
      vertex -10.9594 1.26437 1.5
      vertex -11.611 0.729552 0.289999
    endloop
  endfacet
  facet normal -0.713927 0.404534 0.571543
    outer loop
      vertex -10.7903 -1.02422 1.5
      vertex -10.7423 -0.939509 1.5
      vertex -11.4858 -0.542106 0.289999
    endloop
  endfacet
  facet normal -0.257307 -0.779189 0.571539
    outer loop
      vertex -12.1126 1.08278 0.289999
      vertex -11.829 1.87667 1.5
      vertex -12.1662 1.10048 0.289999
    endloop
  endfacet
  facet normal -0.271053 -0.774438 0.571643
    outer loop
      vertex -11.829 1.87667 1.5
      vertex -12.1126 1.08278 0.289999
      vertex -11.8286 1.87653 1.5
    endloop
  endfacet
  facet normal 0.0201498 -0.820326 0.571541
    outer loop
      vertex -12.5564 1.14861 0.289999
      vertex -12.5005 1.99302 1.5
      vertex -12.5978 1.99063 1.5
    endloop
  endfacet
  facet normal 0.621323 0.53603 0.571514
    outer loop
      vertex -13.977 -1.33809 1.5
      vertex -13.389 -0.729552 0.289999
      vertex -14.0406 -1.26437 1.5
    endloop
  endfacet
  facet normal -0.504835 -0.646926 0.571514
    outer loop
      vertex -11.7704 0.888962 0.289999
      vertex -11.3128 1.60082 1.5
      vertex -11.8149 0.923688 0.289999
    endloop
  endfacet
  facet normal -0.48125 -0.663793 0.572518
    outer loop
      vertex -11.3128 1.60082 1.5
      vertex -11.7704 0.888962 0.289999
      vertex -11.3124 1.60053 1.5
    endloop
  endfacet
  facet normal -0.43885 -0.693364 0.57154
    outer loop
      vertex -11.3931 1.65739 1.5
      vertex -11.4754 1.70948 1.5
      vertex -11.9088 0.986387 0.289999
    endloop
  endfacet
  facet normal -0.621323 -0.53603 0.571514
    outer loop
      vertex -10.9594 1.26437 1.5
      vertex -11.023 1.33809 1.5
      vertex -11.611 0.729552 0.289999
    endloop
  endfacet
  facet normal -0.623052 -0.534044 0.571492
    outer loop
      vertex -11.6479 0.772292 0.289999
      vertex -11.023 1.33809 1.5
      vertex -11.0233 1.33844 1.5
    endloop
  endfacet
  facet normal -0.621121 -0.536251 0.571527
    outer loop
      vertex -11.023 1.33809 1.5
      vertex -11.6479 0.772292 0.289999
      vertex -11.611 0.729552 0.289999
    endloop
  endfacet
  facet normal -0.693229 -0.439062 0.57154
    outer loop
      vertex -10.7905 1.02462 1.5
      vertex -10.8426 1.10688 1.5
      vertex -11.5136 0.591218 0.289999
    endloop
  endfacet
  facet normal 0.140077 0.808528 0.571543
    outer loop
      vertex -12.7244 -1.1279 0.289999
      vertex -12.7924 -1.97146 1.5
      vertex -12.6687 -1.13755 0.289999
    endloop
  endfacet
  facet normal 0.129596 0.809977 0.571964
    outer loop
      vertex -12.7924 -1.97146 1.5
      vertex -12.7244 -1.1279 0.289999
      vertex -12.7929 -1.97138 1.5
    endloop
  endfacet
  facet normal -0.257264 0.779205 0.571537
    outer loop
      vertex -11.9215 -1.90721 1.5
      vertex -11.829 -1.87667 1.5
      vertex -12.1662 -1.10048 0.289999
    endloop
  endfacet
  facet normal 0.738538 -0.356782 0.572074
    outer loop
      vertex -14.3017 0.852131 1.5
      vertex -13.5142 0.542106 0.289999
      vertex -14.3015 0.852545 1.5
    endloop
  endfacet
  facet normal 0.732831 -0.369192 0.571539
    outer loop
      vertex -13.5142 0.542106 0.289999
      vertex -14.3017 0.852131 1.5
      vertex -13.5396 0.491688 0.289999
    endloop
  endfacet
  facet normal 0.48125 -0.663793 0.572518
    outer loop
      vertex -13.2296 0.888962 0.289999
      vertex -13.6872 1.60082 1.5
      vertex -13.6876 1.60053 1.5
    endloop
  endfacet
  facet normal 0.504835 -0.646926 0.571514
    outer loop
      vertex -13.6872 1.60082 1.5
      vertex -13.2296 0.888962 0.289999
      vertex -13.1851 0.923688 0.289999
    endloop
  endfacet
  facet normal -0.0201498 0.820326 0.571541
    outer loop
      vertex -12.4022 -1.99063 1.5
      vertex -12.4436 -1.14861 0.289999
      vertex -12.4995 -1.99302 1.5
    endloop
  endfacet
  facet normal -0.734569 -0.367284 0.570536
    outer loop
      vertex -11.5136 0.591218 0.289999
      vertex -10.7903 1.02422 1.5
      vertex -10.7905 1.02462 1.5
    endloop
  endfacet
  facet normal -0.714113 -0.404226 0.571527
    outer loop
      vertex -10.7903 1.02422 1.5
      vertex -11.5136 0.591218 0.289999
      vertex -11.4858 0.542106 0.289999
    endloop
  endfacet
  facet normal 0.814444 0.100301 0.571508
    outer loop
      vertex -14.4715 -0.291979 1.5
      vertex -13.6445 -0.11272 0.289999
      vertex -14.4834 -0.195351 1.5
    endloop
  endfacet
  facet normal 0.750361 0.332152 0.571519
    outer loop
      vertex -14.3019 -0.851708 1.5
      vertex -13.5625 -0.440085 0.289999
      vertex -14.3413 -0.7627 1.5
    endloop
  endfacet
  facet normal 0.82033 0.0202279 0.571532
    outer loop
      vertex -14.4906 -0.0977931 1.5
      vertex -13.6486 -0.056427 0.289999
      vertex -14.493 -0.000462493 1.5
    endloop
  endfacet
  facet normal 0.295212 0.765633 0.571538
    outer loop
      vertex -12.9401 -1.06246 0.289999
      vertex -13.1714 -1.87653 1.5
      vertex -12.8874 -1.08278 0.289999
    endloop
  endfacet
  facet normal 0.263898 0.77617 0.572641
    outer loop
      vertex -13.1714 -1.87653 1.5
      vertex -12.9401 -1.06246 0.289999
      vertex -13.1719 -1.87636 1.5
    endloop
  endfacet
  facet normal 0.10049 0.814394 0.571545
    outer loop
      vertex -12.6687 -1.13755 0.289999
      vertex -12.792 -1.97152 1.5
      vertex -12.6127 -1.14446 0.289999
    endloop
  endfacet
  facet normal 0.121712 0.811416 0.571656
    outer loop
      vertex -12.792 -1.97152 1.5
      vertex -12.6687 -1.13755 0.289999
      vertex -12.7924 -1.97146 1.5
    endloop
  endfacet
  facet normal 0.368792 0.733033 0.571537
    outer loop
      vertex -13.3525 -1.80147 1.5
      vertex -13.0421 -1.01421 0.289999
      vertex -13.4395 -1.7577 1.5
    endloop
  endfacet
  facet normal 0.179846 -0.800627 0.571534
    outer loop
      vertex -12.7244 1.1279 0.289999
      vertex -12.8888 1.95474 1.5
      vertex -12.9838 1.9334 1.5
    endloop
  endfacet
  facet normal 0.646928 -0.504833 0.571514
    outer loop
      vertex -13.389 0.729552 0.289999
      vertex -14.0406 1.26437 1.5
      vertex -14.1005 1.18761 1.5
    endloop
  endfacet
  facet normal 0.714113 0.404226 0.571527
    outer loop
      vertex -14.2097 -1.02422 1.5
      vertex -13.4864 -0.591218 0.289999
      vertex -13.5142 -0.542106 0.289999
    endloop
  endfacet
  facet normal 0.734569 0.367284 0.570536
    outer loop
      vertex -13.4864 -0.591218 0.289999
      vertex -14.2097 -1.02422 1.5
      vertex -14.2095 -1.02462 1.5
    endloop
  endfacet
  facet normal 0.140285 -0.808496 0.571537
    outer loop
      vertex -12.7244 1.1279 0.289999
      vertex -12.7929 1.97138 1.5
      vertex -12.8888 1.95474 1.5
    endloop
  endfacet
  facet normal 0.621121 0.536251 0.571527
    outer loop
      vertex -13.977 -1.33809 1.5
      vertex -13.3521 -0.772292 0.289999
      vertex -13.389 -0.729552 0.289999
    endloop
  endfacet
  facet normal 0.623052 0.534044 0.571492
    outer loop
      vertex -13.3521 -0.772292 0.289999
      vertex -13.977 -1.33809 1.5
      vertex -13.9767 -1.33844 1.5
    endloop
  endfacet
  facet normal -0.179919 -0.800609 0.571538
    outer loop
      vertex -12.2206 1.11554 0.289999
      vertex -12.0162 1.9334 1.5
      vertex -12.2756 1.1279 0.289999
    endloop
  endfacet
  facet normal -0.160973 -0.804863 0.571213
    outer loop
      vertex -12.0162 1.9334 1.5
      vertex -12.2206 1.11554 0.289999
      vertex -12.0157 1.9333 1.5
    endloop
  endfacet
  facet normal -0.381646 0.726945 0.570874
    outer loop
      vertex -11.9579 -1.01421 0.289999
      vertex -11.6479 -1.80168 1.5
      vertex -11.6475 -1.80147 1.5
    endloop
  endfacet
  facet normal -0.369068 0.732902 0.571528
    outer loop
      vertex -11.6479 -1.80168 1.5
      vertex -11.9579 -1.01421 0.289999
      vertex -12.0083 -1.03959 0.289999
    endloop
  endfacet
  facet normal 0.594457 0.565665 0.571527
    outer loop
      vertex -13.9767 -1.33844 1.5
      vertex -13.3132 -0.813172 0.289999
      vertex -13.3521 -0.772292 0.289999
    endloop
  endfacet
  facet normal 0.606822 0.551656 0.572226
    outer loop
      vertex -13.3132 -0.813172 0.289999
      vertex -13.9767 -1.33844 1.5
      vertex -13.9764 -1.33877 1.5
    endloop
  endfacet
  facet normal 0.0202173 -0.820326 0.571538
    outer loop
      vertex -12.5 1.15 0.289999
      vertex -12.5005 1.99302 1.5
      vertex -12.5564 1.14861 0.289999
    endloop
  endfacet
  facet normal 0.0164077 -0.820384 0.571577
    outer loop
      vertex -12.5005 1.99302 1.5
      vertex -12.5 1.15 0.289999
      vertex -12.5 1.99303 1.5
    endloop
  endfacet
  facet normal -0.218873 0.790844 0.571543
    outer loop
      vertex -12.0157 -1.9333 1.5
      vertex -11.9219 -1.90734 1.5
      vertex -12.2206 -1.11554 0.289999
    endloop
  endfacet
  facet normal 0.40455 0.71392 0.57154
    outer loop
      vertex -13.0912 -0.986387 0.289999
      vertex -13.5242 -1.70971 1.5
      vertex -13.0421 -1.01421 0.289999
    endloop
  endfacet
  facet normal 0.409015 0.71133 0.571591
    outer loop
      vertex -13.5242 -1.70971 1.5
      vertex -13.0912 -0.986387 0.289999
      vertex -13.5246 -1.70948 1.5
    endloop
  endfacet
  facet normal -0.25362 0.78037 0.571577
    outer loop
      vertex -12.1662 -1.10048 0.289999
      vertex -11.9219 -1.90734 1.5
      vertex -11.9215 -1.90721 1.5
    endloop
  endfacet
  facet normal -0.218931 0.790826 0.571545
    outer loop
      vertex -11.9219 -1.90734 1.5
      vertex -12.1662 -1.10048 0.289999
      vertex -12.2206 -1.11554 0.289999
    endloop
  endfacet
  facet normal 0.798685 -0.184881 0.572645
    outer loop
      vertex -14.3765 0.671432 1.5
      vertex -13.5625 0.440085 0.289999
      vertex -14.3764 0.671864 1.5
    endloop
  endfacet
  facet normal 0.765672 -0.295149 0.571519
    outer loop
      vertex -13.5625 0.440085 0.289999
      vertex -14.3765 0.671432 1.5
      vertex -13.5828 0.387423 0.289999
    endloop
  endfacet
  facet normal 0.565858 0.594265 0.571537
    outer loop
      vertex -13.8388 -1.47642 1.5
      vertex -13.3132 -0.813172 0.289999
      vertex -13.9093 -1.40929 1.5
    endloop
  endfacet
  facet normal 0.565858 -0.594265 0.571537
    outer loop
      vertex -13.3132 0.813172 0.289999
      vertex -13.8388 1.47642 1.5
      vertex -13.9093 1.40929 1.5
    endloop
  endfacet
  facet normal 0.670738 -0.472718 0.571532
    outer loop
      vertex -13.4237 0.685054 0.289999
      vertex -14.1008 1.18725 1.5
      vertex -14.1569 1.10765 1.5
    endloop
  endfacet
  facet normal -0.741759 -0.350714 0.571658
    outer loop
      vertex -11.4604 0.491688 0.289999
      vertex -10.6981 0.851708 1.5
      vertex -10.6983 0.852131 1.5
    endloop
  endfacet
  facet normal -0.75003 -0.332843 0.571551
    outer loop
      vertex -10.6981 0.851708 1.5
      vertex -11.4604 0.491688 0.289999
      vertex -11.4375 0.440085 0.289999
    endloop
  endfacet
  facet normal 0.594473 0.565643 0.571533
    outer loop
      vertex -13.9093 -1.40929 1.5
      vertex -13.3132 -0.813172 0.289999
      vertex -13.9764 -1.33877 1.5
    endloop
  endfacet
  facet normal -0.218873 -0.790844 0.571543
    outer loop
      vertex -11.9219 1.90734 1.5
      vertex -12.0157 1.9333 1.5
      vertex -12.2206 1.11554 0.289999
    endloop
  endfacet
  facet normal -0.404511 -0.713943 0.571538
    outer loop
      vertex -11.4758 1.70971 1.5
      vertex -11.5605 1.7577 1.5
      vertex -11.9579 1.01421 0.289999
    endloop
  endfacet
  facet normal -0.48125 0.663793 0.572518
    outer loop
      vertex -11.7704 -0.888962 0.289999
      vertex -11.3128 -1.60082 1.5
      vertex -11.3124 -1.60053 1.5
    endloop
  endfacet
  facet normal -0.504835 0.646926 0.571514
    outer loop
      vertex -11.3128 -1.60082 1.5
      vertex -11.7704 -0.888962 0.289999
      vertex -11.8149 -0.923688 0.289999
    endloop
  endfacet
  facet normal 0.381646 -0.726945 0.570874
    outer loop
      vertex -13.0421 1.01421 0.289999
      vertex -13.3521 1.80168 1.5
      vertex -13.3525 1.80147 1.5
    endloop
  endfacet
  facet normal 0.369068 -0.732902 0.571528
    outer loop
      vertex -13.3521 1.80168 1.5
      vertex -13.0421 1.01421 0.289999
      vertex -12.9917 1.03959 0.289999
    endloop
  endfacet
  facet normal 0.765432 0.295771 0.571519
    outer loop
      vertex -14.3413 -0.7627 1.5
      vertex -13.5625 -0.440085 0.289999
      vertex -14.3764 -0.671864 1.5
    endloop
  endfacet
  facet normal -0.732865 0.369112 0.571546
    outer loop
      vertex -10.7423 -0.939509 1.5
      vertex -10.6985 -0.852545 1.5
      vertex -11.4858 -0.542106 0.289999
    endloop
  endfacet
  facet normal -0.121712 0.811416 0.571656
    outer loop
      vertex -12.3313 -1.13755 0.289999
      vertex -12.208 -1.97152 1.5
      vertex -12.2076 -1.97146 1.5
    endloop
  endfacet
  facet normal -0.10049 0.814394 0.571545
    outer loop
      vertex -12.208 -1.97152 1.5
      vertex -12.3313 -1.13755 0.289999
      vertex -12.3873 -1.14446 0.289999
    endloop
  endfacet
  facet normal -0.511919 0.639899 0.573121
    outer loop
      vertex -11.6868 -0.813172 0.289999
      vertex -11.1616 -1.47674 1.5
      vertex -11.1612 -1.47642 1.5
    endloop
  endfacet
  facet normal -0.565688 0.594436 0.571527
    outer loop
      vertex -11.1616 -1.47674 1.5
      vertex -11.6868 -0.813172 0.289999
      vertex -11.7277 -0.852094 0.289999
    endloop
  endfacet
  facet normal 0.818415 0.0596078 0.571527
    outer loop
      vertex -14.4835 -0.194889 1.5
      vertex -13.6445 -0.11272 0.289999
      vertex -13.6486 -0.056427 0.289999
    endloop
  endfacet
  facet normal 0.803676 0.173956 0.569073
    outer loop
      vertex -13.6445 -0.11272 0.289999
      vertex -14.4835 -0.194889 1.5
      vertex -14.4834 -0.195351 1.5
    endloop
  endfacet
  facet normal 0.0603227 0.818353 0.571541
    outer loop
      vertex -12.6127 -1.14446 0.289999
      vertex -12.6949 -1.98347 1.5
      vertex -12.5564 -1.14861 0.289999
    endloop
  endfacet
  facet normal 0.0491528 0.819213 0.571379
    outer loop
      vertex -12.6949 -1.98347 1.5
      vertex -12.6127 -1.14446 0.289999
      vertex -12.6954 -1.98344 1.5
    endloop
  endfacet
  facet normal -0.332499 -0.750195 0.571535
    outer loop
      vertex -12.0083 1.03959 0.289999
      vertex -11.6483 1.80187 1.5
      vertex -12.0599 1.06246 0.289999
    endloop
  endfacet
  facet normal -0.352042 -0.74114 0.571645
    outer loop
      vertex -11.6483 1.80187 1.5
      vertex -12.0083 1.03959 0.289999
      vertex -11.6479 1.80168 1.5
    endloop
  endfacet
  facet normal -0.536265 -0.621094 0.571544
    outer loop
      vertex -11.7277 0.852094 0.289999
      vertex -11.1619 1.47704 1.5
      vertex -11.7704 0.888962 0.289999
    endloop
  endfacet
  facet normal -0.580413 -0.580413 0.571176
    outer loop
      vertex -11.1619 1.47704 1.5
      vertex -11.7277 0.852094 0.289999
      vertex -11.1616 1.47674 1.5
    endloop
  endfacet
  facet normal 0.160973 -0.804863 0.571213
    outer loop
      vertex -12.7794 1.11554 0.289999
      vertex -12.9838 1.9334 1.5
      vertex -12.9843 1.9333 1.5
    endloop
  endfacet
  facet normal 0.179919 -0.800609 0.571538
    outer loop
      vertex -12.9838 1.9334 1.5
      vertex -12.7794 1.11554 0.289999
      vertex -12.7244 1.1279 0.289999
    endloop
  endfacet
  facet normal 0.814441 0.100317 0.571508
    outer loop
      vertex -14.4715 -0.291979 1.5
      vertex -13.6376 -0.168739 0.289999
      vertex -13.6445 -0.11272 0.289999
    endloop
  endfacet
  facet normal 0.823398 0 0.567464
    outer loop
      vertex -13.6376 -0.168739 0.289999
      vertex -14.4715 -0.291979 1.5
      vertex -14.4715 -0.292439 1.5
    endloop
  endfacet
  facet normal -0.0491528 0.819213 0.571379
    outer loop
      vertex -12.3873 -1.14446 0.289999
      vertex -12.3051 -1.98347 1.5
      vertex -12.3046 -1.98344 1.5
    endloop
  endfacet
  facet normal -0.0603227 0.818353 0.571541
    outer loop
      vertex -12.3051 -1.98347 1.5
      vertex -12.3873 -1.14446 0.289999
      vertex -12.4436 -1.14861 0.289999
    endloop
  endfacet
  facet normal -0.647088 0.504606 0.571532
    outer loop
      vertex -11.611 -0.729552 0.289999
      vertex -10.8992 -1.18725 1.5
      vertex -11.5763 -0.685054 0.289999
    endloop
  endfacet
  facet normal -0.631103 0.525919 0.570191
    outer loop
      vertex -10.8992 -1.18725 1.5
      vertex -11.611 -0.729552 0.289999
      vertex -10.8995 -1.18761 1.5
    endloop
  endfacet
  facet normal -0.368792 0.733033 0.571537
    outer loop
      vertex -11.6475 -1.80147 1.5
      vertex -11.5605 -1.7577 1.5
      vertex -11.9579 -1.01421 0.289999
    endloop
  endfacet
  facet normal -0.621121 0.536251 0.571527
    outer loop
      vertex -11.6479 -0.772292 0.289999
      vertex -11.023 -1.33809 1.5
      vertex -11.611 -0.729552 0.289999
    endloop
  endfacet
  facet normal -0.623052 0.534044 0.571492
    outer loop
      vertex -11.023 -1.33809 1.5
      vertex -11.6479 -0.772292 0.289999
      vertex -11.0233 -1.33844 1.5
    endloop
  endfacet
  facet normal -0.738538 -0.356782 0.572074
    outer loop
      vertex -11.4858 0.542106 0.289999
      vertex -10.6983 0.852131 1.5
      vertex -10.6985 0.852545 1.5
    endloop
  endfacet
  facet normal -0.732831 -0.369192 0.571539
    outer loop
      vertex -10.6983 0.852131 1.5
      vertex -11.4858 0.542106 0.289999
      vertex -11.4604 0.491688 0.289999
    endloop
  endfacet
  facet normal -0.404511 0.713943 0.571538
    outer loop
      vertex -11.5605 -1.7577 1.5
      vertex -11.4758 -1.70971 1.5
      vertex -11.9579 -1.01421 0.289999
    endloop
  endfacet
  facet normal -0.409015 0.71133 0.571591
    outer loop
      vertex -11.9088 -0.986387 0.289999
      vertex -11.4758 -1.70971 1.5
      vertex -11.4754 -1.70948 1.5
    endloop
  endfacet
  facet normal -0.40455 0.71392 0.57154
    outer loop
      vertex -11.4758 -1.70971 1.5
      vertex -11.9088 -0.986387 0.289999
      vertex -11.9579 -1.01421 0.289999
    endloop
  endfacet
  facet normal -0.263898 0.77617 0.572641
    outer loop
      vertex -12.0599 -1.06246 0.289999
      vertex -11.8286 -1.87653 1.5
      vertex -11.8281 -1.87636 1.5
    endloop
  endfacet
  facet normal -0.295212 0.765633 0.571538
    outer loop
      vertex -11.8286 -1.87653 1.5
      vertex -12.0599 -1.06246 0.289999
      vertex -12.1126 -1.08278 0.289999
    endloop
  endfacet
  facet normal 0.647088 0.504606 0.571532
    outer loop
      vertex -14.1008 -1.18725 1.5
      vertex -13.389 -0.729552 0.289999
      vertex -13.4237 -0.685054 0.289999
    endloop
  endfacet
  facet normal 0.631103 0.525919 0.570191
    outer loop
      vertex -13.389 -0.729552 0.289999
      vertex -14.1008 -1.18725 1.5
      vertex -14.1005 -1.18761 1.5
    endloop
  endfacet
  facet normal 0.100492 -0.814394 0.571546
    outer loop
      vertex -12.6127 1.14446 0.289999
      vertex -12.6954 1.98344 1.5
      vertex -12.792 1.97152 1.5
    endloop
  endfacet
  facet normal 0.369068 0.732902 0.571528
    outer loop
      vertex -13.0421 -1.01421 0.289999
      vertex -13.3521 -1.80168 1.5
      vertex -12.9917 -1.03959 0.289999
    endloop
  endfacet
  facet normal 0.381646 0.726945 0.570874
    outer loop
      vertex -13.3521 -1.80168 1.5
      vertex -13.0421 -1.01421 0.289999
      vertex -13.3525 -1.80147 1.5
    endloop
  endfacet
  facet normal -0.4725 -0.670906 0.571515
    outer loop
      vertex -11.3128 1.60082 1.5
      vertex -11.3924 1.65688 1.5
      vertex -11.8149 0.923688 0.289999
    endloop
  endfacet
  facet normal 0.536057 0.621284 0.571532
    outer loop
      vertex -13.7644 -1.54063 1.5
      vertex -13.2296 -0.888962 0.289999
      vertex -13.8381 -1.47704 1.5
    endloop
  endfacet
  facet normal 0.504662 0.647046 0.571531
    outer loop
      vertex -13.6876 -1.60053 1.5
      vertex -13.2296 -0.888962 0.289999
      vertex -13.7644 -1.54063 1.5
    endloop
  endfacet
  facet normal 0.0491528 -0.819213 0.571379
    outer loop
      vertex -12.6127 1.14446 0.289999
      vertex -12.6949 1.98347 1.5
      vertex -12.6954 1.98344 1.5
    endloop
  endfacet
  facet normal 0.0603227 -0.818353 0.571541
    outer loop
      vertex -12.6949 1.98347 1.5
      vertex -12.6127 1.14446 0.289999
      vertex -12.5564 1.14861 0.289999
    endloop
  endfacet
  facet normal 0.271053 -0.774438 0.571643
    outer loop
      vertex -12.8874 1.08278 0.289999
      vertex -13.171 1.87667 1.5
      vertex -13.1714 1.87653 1.5
    endloop
  endfacet
  facet normal 0.257307 -0.779189 0.571539
    outer loop
      vertex -13.171 1.87667 1.5
      vertex -12.8874 1.08278 0.289999
      vertex -12.8338 1.10048 0.289999
    endloop
  endfacet
  facet normal 0.670909 0.472491 0.571518
    outer loop
      vertex -14.1571 -1.10727 1.5
      vertex -13.4237 -0.685054 0.289999
      vertex -13.4562 -0.638906 0.289999
    endloop
  endfacet
  facet normal 0.725335 0.381755 0.572846
    outer loop
      vertex -13.4237 -0.685054 0.289999
      vertex -14.1571 -1.10727 1.5
      vertex -14.1569 -1.10765 1.5
    endloop
  endfacet
  facet normal 0.779184 0.257324 0.571539
    outer loop
      vertex -14.3767 -0.670993 1.5
      vertex -13.5828 -0.387423 0.289999
      vertex -13.6005 -0.333827 0.289999
    endloop
  endfacet
  facet normal 0.74753 0.34056 0.570278
    outer loop
      vertex -13.5828 -0.387423 0.289999
      vertex -14.3767 -0.670993 1.5
      vertex -14.3765 -0.671432 1.5
    endloop
  endfacet
  facet normal 0.511919 -0.639899 0.573121
    outer loop
      vertex -13.3132 0.813172 0.289999
      vertex -13.8384 1.47674 1.5
      vertex -13.8388 1.47642 1.5
    endloop
  endfacet
  facet normal 0.565688 -0.594436 0.571527
    outer loop
      vertex -13.8384 1.47674 1.5
      vertex -13.3132 0.813172 0.289999
      vertex -13.2723 0.852094 0.289999
    endloop
  endfacet
  facet normal 0.732831 0.369192 0.571539
    outer loop
      vertex -14.3017 -0.852131 1.5
      vertex -13.5142 -0.542106 0.289999
      vertex -13.5396 -0.491688 0.289999
    endloop
  endfacet
  facet normal 0.738538 0.356782 0.572074
    outer loop
      vertex -13.5142 -0.542106 0.289999
      vertex -14.3017 -0.852131 1.5
      vertex -14.3015 -0.852545 1.5
    endloop
  endfacet
  facet normal 0.121712 -0.811416 0.571656
    outer loop
      vertex -12.6687 1.13755 0.289999
      vertex -12.792 1.97152 1.5
      vertex -12.7924 1.97146 1.5
    endloop
  endfacet
  facet normal 0.10049 -0.814394 0.571545
    outer loop
      vertex -12.792 1.97152 1.5
      vertex -12.6687 1.13755 0.289999
      vertex -12.6127 1.14446 0.289999
    endloop
  endfacet
  facet normal 0.0164077 0.820384 0.571577
    outer loop
      vertex -12.5 -1.15 0.289999
      vertex -12.5005 -1.99302 1.5
      vertex -12.5 -1.99303 1.5
    endloop
  endfacet
  facet normal 0.0202173 0.820326 0.571538
    outer loop
      vertex -12.5005 -1.99302 1.5
      vertex -12.5 -1.15 0.289999
      vertex -12.5564 -1.14861 0.289999
    endloop
  endfacet
  facet normal -0.504662 0.647046 0.571531
    outer loop
      vertex -11.3124 -1.60053 1.5
      vertex -11.2356 -1.54063 1.5
      vertex -11.7704 -0.888962 0.289999
    endloop
  endfacet
  facet normal 0.552161 -0.613512 0.564554
    outer loop
      vertex -13.1851 0.923688 0.289999
      vertex -13.6073 1.65715 1.5
      vertex -13.6076 1.65688 1.5
    endloop
  endfacet
  facet normal 0.472131 -0.671131 0.571556
    outer loop
      vertex -13.6073 1.65715 1.5
      vertex -13.1851 0.923688 0.289999
      vertex -13.1389 0.956189 0.289999
    endloop
  endfacet
  facet normal -0.732865 -0.369112 0.571546
    outer loop
      vertex -10.6985 0.852545 1.5
      vertex -10.7423 0.939509 1.5
      vertex -11.4858 0.542106 0.289999
    endloop
  endfacet
  facet normal 0.734569 -0.367284 0.570536
    outer loop
      vertex -14.2097 1.02422 1.5
      vertex -13.4864 0.591218 0.289999
      vertex -14.2095 1.02462 1.5
    endloop
  endfacet
  facet normal 0.714113 -0.404226 0.571527
    outer loop
      vertex -13.4864 0.591218 0.289999
      vertex -14.2097 1.02422 1.5
      vertex -13.5142 0.542106 0.289999
    endloop
  endfacet
  facet normal -0.472131 -0.671131 0.571556
    outer loop
      vertex -11.8149 0.923688 0.289999
      vertex -11.3927 1.65715 1.5
      vertex -11.8611 0.956189 0.289999
    endloop
  endfacet
  facet normal -0.552161 -0.613512 0.564554
    outer loop
      vertex -11.3927 1.65715 1.5
      vertex -11.8149 0.923688 0.289999
      vertex -11.3924 1.65688 1.5
    endloop
  endfacet
  facet normal -0.580413 0.580413 0.571176
    outer loop
      vertex -11.7277 -0.852094 0.289999
      vertex -11.1619 -1.47704 1.5
      vertex -11.1616 -1.47674 1.5
    endloop
  endfacet
  facet normal -0.536265 0.621094 0.571544
    outer loop
      vertex -11.1619 -1.47704 1.5
      vertex -11.7277 -0.852094 0.289999
      vertex -11.7704 -0.888962 0.289999
    endloop
  endfacet
  facet normal 0.670738 0.472718 0.571532
    outer loop
      vertex -14.1008 -1.18725 1.5
      vertex -13.4237 -0.685054 0.289999
      vertex -14.1569 -1.10765 1.5
    endloop
  endfacet
  facet normal 0.404511 -0.713943 0.571538
    outer loop
      vertex -13.0421 1.01421 0.289999
      vertex -13.4395 1.7577 1.5
      vertex -13.5242 1.70971 1.5
    endloop
  endfacet
  facet normal 0.409015 -0.71133 0.571591
    outer loop
      vertex -13.0912 0.986387 0.289999
      vertex -13.5242 1.70971 1.5
      vertex -13.5246 1.70948 1.5
    endloop
  endfacet
  facet normal 0.40455 -0.71392 0.57154
    outer loop
      vertex -13.5242 1.70971 1.5
      vertex -13.0912 0.986387 0.289999
      vertex -13.0421 1.01421 0.289999
    endloop
  endfacet
  facet normal 0.263898 -0.77617 0.572641
    outer loop
      vertex -12.9401 1.06246 0.289999
      vertex -13.1714 1.87653 1.5
      vertex -13.1719 1.87636 1.5
    endloop
  endfacet
  facet normal 0.295212 -0.765633 0.571538
    outer loop
      vertex -13.1714 1.87653 1.5
      vertex -12.9401 1.06246 0.289999
      vertex -12.8874 1.08278 0.289999
    endloop
  endfacet
  facet normal 0.75003 0.332843 0.571551
    outer loop
      vertex -14.3019 -0.851708 1.5
      vertex -13.5396 -0.491688 0.289999
      vertex -13.5625 -0.440085 0.289999
    endloop
  endfacet
  facet normal 0.741759 0.350714 0.571658
    outer loop
      vertex -13.5396 -0.491688 0.289999
      vertex -14.3019 -0.851708 1.5
      vertex -14.3017 -0.852131 1.5
    endloop
  endfacet
  facet normal 0.504835 0.646926 0.571514
    outer loop
      vertex -13.2296 -0.888962 0.289999
      vertex -13.6872 -1.60082 1.5
      vertex -13.1851 -0.923688 0.289999
    endloop
  endfacet
  facet normal 0.48125 0.663793 0.572518
    outer loop
      vertex -13.6872 -1.60082 1.5
      vertex -13.2296 -0.888962 0.289999
      vertex -13.6876 -1.60053 1.5
    endloop
  endfacet
  facet normal 0.472131 0.671131 0.571556
    outer loop
      vertex -13.1851 -0.923688 0.289999
      vertex -13.6073 -1.65715 1.5
      vertex -13.1389 -0.956189 0.289999
    endloop
  endfacet
  facet normal 0.552161 0.613512 0.564554
    outer loop
      vertex -13.6073 -1.65715 1.5
      vertex -13.1851 -0.923688 0.289999
      vertex -13.6076 -1.65688 1.5
    endloop
  endfacet
  facet normal 0.504662 -0.647046 0.571531
    outer loop
      vertex -13.2296 0.888962 0.289999
      vertex -13.6876 1.60053 1.5
      vertex -13.7644 1.54063 1.5
    endloop
  endfacet
  facet normal 0.615208 -0.788365 0
    outer loop
      vertex 11.7704 0.888962 0
      vertex 11.8149 0.923688 0.289999
      vertex 11.7704 0.888962 0.289999
    endloop
  endfacet
  facet normal 0.615208 -0.788365 0
    outer loop
      vertex 11.8149 0.923688 0.289999
      vertex 11.7704 0.888962 0
      vertex 11.8149 0.923688 0
    endloop
  endfacet
  facet normal 0.999692 0.0248032 0
    outer loop
      vertex 11.3514 -0.056427 0.289999
      vertex 11.35 0 0
      vertex 11.35 0 0.289999
    endloop
  endfacet
  facet normal 0.999692 0.0248032 0
    outer loop
      vertex 11.35 0 0
      vertex 11.3514 -0.056427 0.289999
      vertex 11.3514 -0.056427 0
    endloop
  endfacet
  facet normal -0.997358 -0.0726408 0
    outer loop
      vertex 13.6486 0.056427 0
      vertex 13.6445 0.11272 0.289999
      vertex 13.6445 0.11272 0
    endloop
  endfacet
  facet normal -0.997358 -0.0726408 0
    outer loop
      vertex 13.6445 0.11272 0.289999
      vertex 13.6486 0.056427 0
      vertex 13.6486 0.056427 0.289999
    endloop
  endfacet
  facet normal -0.999692 -0.0248032 0
    outer loop
      vertex 13.65 0 0
      vertex 13.6486 0.056427 0.289999
      vertex 13.6486 0.056427 0
    endloop
  endfacet
  facet normal -0.999692 -0.0248032 0
    outer loop
      vertex 13.6486 0.056427 0.289999
      vertex 13.65 0 0
      vertex 13.65 0 0.289999
    endloop
  endfacet
  facet normal -0.9925 -0.122249 0
    outer loop
      vertex 13.6445 0.11272 0
      vertex 13.6376 0.168739 0.289999
      vertex 13.6376 0.168739 0
    endloop
  endfacet
  facet normal -0.9925 -0.122249 0
    outer loop
      vertex 13.6376 0.168739 0.289999
      vertex 13.6445 0.11272 0
      vertex 13.6445 0.11272 0.289999
    endloop
  endfacet
  facet normal 0.9925 -0.122249 0
    outer loop
      vertex 11.3555 0.11272 0.289999
      vertex 11.3624 0.168739 0
      vertex 11.3624 0.168739 0.289999
    endloop
  endfacet
  facet normal 0.9925 -0.122249 0
    outer loop
      vertex 11.3624 0.168739 0
      vertex 11.3555 0.11272 0.289999
      vertex 11.3555 0.11272 0
    endloop
  endfacet
  facet normal -0.0735128 0.997294 0
    outer loop
      vertex 12.6127 -1.14446 0
      vertex 12.5564 -1.14861 0.289999
      vertex 12.6127 -1.14446 0.289999
    endloop
  endfacet
  facet normal -0.0735128 0.997294 0
    outer loop
      vertex 12.5564 -1.14861 0.289999
      vertex 12.6127 -1.14446 0
      vertex 12.5564 -1.14861 0
    endloop
  endfacet
  facet normal 0.949558 -0.31359 0
    outer loop
      vertex 11.3995 0.333827 0.289999
      vertex 11.4172 0.387423 0
      vertex 11.4172 0.387423 0.289999
    endloop
  endfacet
  facet normal 0.949558 -0.31359 0
    outer loop
      vertex 11.4172 0.387423 0
      vertex 11.3995 0.333827 0.289999
      vertex 11.3995 0.333827 0
    endloop
  endfacet
  facet normal -0.5349 0.844915 0
    outer loop
      vertex 13.1389 -0.956189 0
      vertex 13.0912 -0.986387 0.289999
      vertex 13.1389 -0.956189 0.289999
    endloop
  endfacet
  facet normal -0.5349 0.844915 0
    outer loop
      vertex 13.0912 -0.986387 0.289999
      vertex 13.1389 -0.956189 0
      vertex 13.0912 -0.986387 0
    endloop
  endfacet
  facet normal 0.975577 0.219657 0
    outer loop
      vertex 11.3845 -0.279427 0.289999
      vertex 11.3721 -0.224354 0
      vertex 11.3721 -0.224354 0.289999
    endloop
  endfacet
  facet normal 0.975577 0.219657 0
    outer loop
      vertex 11.3721 -0.224354 0
      vertex 11.3845 -0.279427 0.289999
      vertex 11.3845 -0.279427 0
    endloop
  endfacet
  facet normal -0.975577 0.219657 0
    outer loop
      vertex 13.6155 -0.279427 0
      vertex 13.6279 -0.224354 0.289999
      vertex 13.6279 -0.224354 0
    endloop
  endfacet
  facet normal -0.975577 0.219657 0
    outer loop
      vertex 13.6279 -0.224354 0.289999
      vertex 13.6155 -0.279427 0
      vertex 13.6155 -0.279427 0.289999
    endloop
  endfacet
  facet normal 0.575374 -0.817891 0
    outer loop
      vertex 11.8149 0.923688 0
      vertex 11.8611 0.956189 0.289999
      vertex 11.8149 0.923688 0.289999
    endloop
  endfacet
  facet normal 0.575374 -0.817891 0
    outer loop
      vertex 11.8611 0.956189 0.289999
      vertex 11.8149 0.923688 0
      vertex 11.8611 0.956189 0
    endloop
  endfacet
  facet normal 0.0246379 0.999696 -0
    outer loop
      vertex 12.5 -1.15 0
      vertex 12.4436 -1.14861 0.289999
      vertex 12.5 -1.15 0.289999
    endloop
  endfacet
  facet normal 0.0246379 0.999696 0
    outer loop
      vertex 12.4436 -1.14861 0.289999
      vertex 12.5 -1.15 0
      vertex 12.4436 -1.14861 0
    endloop
  endfacet
  facet normal -0.949558 -0.31359 0
    outer loop
      vertex 13.6005 0.333827 0
      vertex 13.5828 0.387423 0.289999
      vertex 13.5828 0.387423 0
    endloop
  endfacet
  facet normal -0.949558 -0.31359 0
    outer loop
      vertex 13.5828 0.387423 0.289999
      vertex 13.6005 0.333827 0
      vertex 13.6005 0.333827 0.289999
    endloop
  endfacet
  facet normal -0.788575 0.614939 0
    outer loop
      vertex 13.389 -0.729552 0
      vertex 13.4237 -0.685054 0.289999
      vertex 13.4237 -0.685054 0
    endloop
  endfacet
  facet normal -0.788575 0.614939 0
    outer loop
      vertex 13.4237 -0.685054 0.289999
      vertex 13.389 -0.729552 0
      vertex 13.389 -0.729552 0.289999
    endloop
  endfacet
  facet normal -0.89307 0.449918 0
    outer loop
      vertex 13.5142 -0.542106 0
      vertex 13.5396 -0.491688 0.289999
      vertex 13.5396 -0.491688 0
    endloop
  endfacet
  facet normal -0.89307 0.449918 0
    outer loop
      vertex 13.5396 -0.491688 0.289999
      vertex 13.5142 -0.542106 0
      vertex 13.5142 -0.542106 0.289999
    endloop
  endfacet
  facet normal -0.788575 -0.614939 0
    outer loop
      vertex 13.4237 0.685054 0
      vertex 13.389 0.729552 0.289999
      vertex 13.389 0.729552 0
    endloop
  endfacet
  facet normal -0.788575 -0.614939 0
    outer loop
      vertex 13.389 0.729552 0.289999
      vertex 13.4237 0.685054 0
      vertex 13.4237 0.685054 0.289999
    endloop
  endfacet
  facet normal -0.359762 0.933044 0
    outer loop
      vertex 12.9401 -1.06246 0
      vertex 12.8874 -1.08278 0.289999
      vertex 12.9401 -1.06246 0.289999
    endloop
  endfacet
  facet normal -0.359762 0.933044 0
    outer loop
      vertex 12.8874 -1.08278 0.289999
      vertex 12.9401 -1.06246 0
      vertex 12.8874 -1.08278 0
    endloop
  endfacet
  facet normal -0.724433 -0.689345 0
    outer loop
      vertex 13.3521 0.772292 0
      vertex 13.3132 0.813172 0.289999
      vertex 13.3132 0.813172 0
    endloop
  endfacet
  facet normal -0.724433 -0.689345 0
    outer loop
      vertex 13.3132 0.813172 0.289999
      vertex 13.3521 0.772292 0
      vertex 13.3521 0.772292 0.289999
    endloop
  endfacet
  facet normal -0.870251 -0.492608 0
    outer loop
      vertex 13.5142 0.542106 0
      vertex 13.4864 0.591218 0.289999
      vertex 13.4864 0.591218 0
    endloop
  endfacet
  facet normal -0.870251 -0.492608 0
    outer loop
      vertex 13.4864 0.591218 0.289999
      vertex 13.5142 0.542106 0
      vertex 13.5142 0.542106 0.289999
    endloop
  endfacet
  facet normal -0.964024 0.265815 0
    outer loop
      vertex 13.6005 -0.333827 0
      vertex 13.6155 -0.279427 0.289999
      vertex 13.6155 -0.279427 0
    endloop
  endfacet
  facet normal -0.964024 0.265815 0
    outer loop
      vertex 13.6155 -0.279427 0.289999
      vertex 13.6005 -0.333827 0
      vertex 13.6005 -0.333827 0.289999
    endloop
  endfacet
  facet normal -0.615208 -0.788365 0
    outer loop
      vertex 13.1851 0.923688 0
      vertex 13.2296 0.888962 0.289999
      vertex 13.1851 0.923688 0.289999
    endloop
  endfacet
  facet normal -0.615208 -0.788365 -0
    outer loop
      vertex 13.2296 0.888962 0.289999
      vertex 13.1851 0.923688 0
      vertex 13.2296 0.888962 0
    endloop
  endfacet
  facet normal 0.5349 -0.844915 0
    outer loop
      vertex 11.8611 0.956189 0
      vertex 11.9088 0.986387 0.289999
      vertex 11.8611 0.956189 0.289999
    endloop
  endfacet
  facet normal 0.5349 -0.844915 0
    outer loop
      vertex 11.9088 0.986387 0.289999
      vertex 11.8611 0.956189 0
      vertex 11.9088 0.986387 0
    endloop
  endfacet
  facet normal -0.844838 -0.535022 0
    outer loop
      vertex 13.4864 0.591218 0
      vertex 13.4562 0.638906 0.289999
      vertex 13.4562 0.638906 0
    endloop
  endfacet
  facet normal -0.844838 -0.535022 0
    outer loop
      vertex 13.4562 0.638906 0.289999
      vertex 13.4864 0.591218 0
      vertex 13.4864 0.591218 0.289999
    endloop
  endfacet
  facet normal -0.0246379 0.999696 0
    outer loop
      vertex 12.5564 -1.14861 0
      vertex 12.5 -1.15 0.289999
      vertex 12.5564 -1.14861 0.289999
    endloop
  endfacet
  facet normal -0.0246379 0.999696 0
    outer loop
      vertex 12.5 -1.15 0.289999
      vertex 12.5564 -1.14861 0
      vertex 12.5 -1.15 0
    endloop
  endfacet
  facet normal -0.575374 -0.817891 0
    outer loop
      vertex 13.1389 0.956189 0
      vertex 13.1851 0.923688 0.289999
      vertex 13.1389 0.956189 0.289999
    endloop
  endfacet
  facet normal -0.575374 -0.817891 -0
    outer loop
      vertex 13.1851 0.923688 0.289999
      vertex 13.1389 0.956189 0
      vertex 13.1851 0.923688 0
    endloop
  endfacet
  facet normal -0.914039 0.405626 0
    outer loop
      vertex 13.5396 -0.491688 0
      vertex 13.5625 -0.440085 0.289999
      vertex 13.5625 -0.440085 0
    endloop
  endfacet
  facet normal -0.914039 0.405626 0
    outer loop
      vertex 13.5625 -0.440085 0.289999
      vertex 13.5396 -0.491688 0
      vertex 13.5396 -0.491688 0.289999
    endloop
  endfacet
  facet normal -0.219259 0.975667 0
    outer loop
      vertex 12.7794 -1.11554 0
      vertex 12.7244 -1.1279 0.289999
      vertex 12.7794 -1.11554 0.289999
    endloop
  endfacet
  facet normal -0.219259 0.975667 0
    outer loop
      vertex 12.7244 -1.1279 0.289999
      vertex 12.7794 -1.11554 0
      vertex 12.7244 -1.1279 0
    endloop
  endfacet
  facet normal -0.405201 -0.914228 0
    outer loop
      vertex 12.9401 1.06246 0
      vertex 12.9917 1.03959 0.289999
      vertex 12.9401 1.06246 0.289999
    endloop
  endfacet
  facet normal -0.405201 -0.914228 -0
    outer loop
      vertex 12.9917 1.03959 0.289999
      vertex 12.9401 1.06246 0
      vertex 12.9917 1.03959 0
    endloop
  endfacet
  facet normal 0.0246379 -0.999696 0
    outer loop
      vertex 12.4436 1.14861 0
      vertex 12.5 1.15 0.289999
      vertex 12.4436 1.14861 0.289999
    endloop
  endfacet
  facet normal 0.0246379 -0.999696 0
    outer loop
      vertex 12.5 1.15 0.289999
      vertex 12.4436 1.14861 0
      vertex 12.5 1.15 0
    endloop
  endfacet
  facet normal -0.870251 0.492608 0
    outer loop
      vertex 13.4864 -0.591218 0
      vertex 13.5142 -0.542106 0.289999
      vertex 13.5142 -0.542106 0
    endloop
  endfacet
  facet normal -0.870251 0.492608 0
    outer loop
      vertex 13.5142 -0.542106 0.289999
      vertex 13.4864 -0.591218 0
      vertex 13.4864 -0.591218 0.289999
    endloop
  endfacet
  facet normal -0.9925 0.122249 0
    outer loop
      vertex 13.6376 -0.168739 0
      vertex 13.6445 -0.11272 0.289999
      vertex 13.6445 -0.11272 0
    endloop
  endfacet
  facet normal -0.9925 0.122249 0
    outer loop
      vertex 13.6445 -0.11272 0.289999
      vertex 13.6376 -0.168739 0
      vertex 13.6376 -0.168739 0.289999
    endloop
  endfacet
  facet normal -0.689373 0.724407 0
    outer loop
      vertex 13.3132 -0.813172 0
      vertex 13.2723 -0.852094 0.289999
      vertex 13.3132 -0.813172 0.289999
    endloop
  endfacet
  facet normal -0.689373 0.724407 0
    outer loop
      vertex 13.2723 -0.852094 0.289999
      vertex 13.3132 -0.813172 0
      vertex 13.2723 -0.852094 0
    endloop
  endfacet
  facet normal 0.724433 0.689345 0
    outer loop
      vertex 11.6868 -0.813172 0.289999
      vertex 11.6479 -0.772292 0
      vertex 11.6479 -0.772292 0.289999
    endloop
  endfacet
  facet normal 0.724433 0.689345 0
    outer loop
      vertex 11.6479 -0.772292 0
      vertex 11.6868 -0.813172 0.289999
      vertex 11.6868 -0.813172 0
    endloop
  endfacet
  facet normal 0.359762 -0.933044 0
    outer loop
      vertex 12.0599 1.06246 0
      vertex 12.1126 1.08278 0.289999
      vertex 12.0599 1.06246 0.289999
    endloop
  endfacet
  facet normal 0.359762 -0.933044 0
    outer loop
      vertex 12.1126 1.08278 0.289999
      vertex 12.0599 1.06246 0
      vertex 12.1126 1.08278 0
    endloop
  endfacet
  facet normal -0.170707 0.985322 0
    outer loop
      vertex 12.7244 -1.1279 0
      vertex 12.6687 -1.13755 0.289999
      vertex 12.7244 -1.1279 0.289999
    endloop
  endfacet
  facet normal -0.170707 0.985322 0
    outer loop
      vertex 12.6687 -1.13755 0.289999
      vertex 12.7244 -1.1279 0
      vertex 12.6687 -1.13755 0
    endloop
  endfacet
  facet normal 0.997358 0.0726408 0
    outer loop
      vertex 11.3555 -0.11272 0.289999
      vertex 11.3514 -0.056427 0
      vertex 11.3514 -0.056427 0.289999
    endloop
  endfacet
  facet normal 0.997358 0.0726408 0
    outer loop
      vertex 11.3514 -0.056427 0
      vertex 11.3555 -0.11272 0.289999
      vertex 11.3555 -0.11272 0
    endloop
  endfacet
  facet normal -0.89307 -0.449918 0
    outer loop
      vertex 13.5396 0.491688 0
      vertex 13.5142 0.542106 0.289999
      vertex 13.5142 0.542106 0
    endloop
  endfacet
  facet normal -0.89307 -0.449918 0
    outer loop
      vertex 13.5142 0.542106 0.289999
      vertex 13.5396 0.491688 0
      vertex 13.5396 0.491688 0.289999
    endloop
  endfacet
  facet normal -0.122464 -0.992473 0
    outer loop
      vertex 12.6127 1.14446 0
      vertex 12.6687 1.13755 0.289999
      vertex 12.6127 1.14446 0.289999
    endloop
  endfacet
  facet normal -0.122464 -0.992473 -0
    outer loop
      vertex 12.6687 1.13755 0.289999
      vertex 12.6127 1.14446 0
      vertex 12.6687 1.13755 0
    endloop
  endfacet
  facet normal 0.689373 0.724407 -0
    outer loop
      vertex 11.7277 -0.852094 0
      vertex 11.6868 -0.813172 0.289999
      vertex 11.7277 -0.852094 0.289999
    endloop
  endfacet
  facet normal 0.689373 0.724407 0
    outer loop
      vertex 11.6868 -0.813172 0.289999
      vertex 11.7277 -0.852094 0
      vertex 11.6868 -0.813172 0
    endloop
  endfacet
  facet normal 0.817594 -0.575795 0
    outer loop
      vertex 11.5438 0.638906 0.289999
      vertex 11.5763 0.685054 0
      vertex 11.5763 0.685054 0.289999
    endloop
  endfacet
  facet normal 0.817594 -0.575795 0
    outer loop
      vertex 11.5763 0.685054 0
      vertex 11.5438 0.638906 0.289999
      vertex 11.5438 0.638906 0
    endloop
  endfacet
  facet normal 0.122464 -0.992473 0
    outer loop
      vertex 12.3313 1.13755 0
      vertex 12.3873 1.14446 0.289999
      vertex 12.3313 1.13755 0.289999
    endloop
  endfacet
  facet normal 0.122464 -0.992473 0
    outer loop
      vertex 12.3873 1.14446 0.289999
      vertex 12.3313 1.13755 0
      vertex 12.3873 1.14446 0
    endloop
  endfacet
  facet normal -0.724433 0.689345 0
    outer loop
      vertex 13.3132 -0.813172 0
      vertex 13.3521 -0.772292 0.289999
      vertex 13.3521 -0.772292 0
    endloop
  endfacet
  facet normal -0.724433 0.689345 0
    outer loop
      vertex 13.3521 -0.772292 0.289999
      vertex 13.3132 -0.813172 0
      vertex 13.3132 -0.813172 0.289999
    endloop
  endfacet
  facet normal 0.170707 -0.985322 0
    outer loop
      vertex 12.2756 1.1279 0
      vertex 12.3313 1.13755 0.289999
      vertex 12.2756 1.1279 0.289999
    endloop
  endfacet
  facet normal 0.170707 -0.985322 0
    outer loop
      vertex 12.3313 1.13755 0.289999
      vertex 12.2756 1.1279 0
      vertex 12.3313 1.13755 0
    endloop
  endfacet
  facet normal -0.756927 0.6535 0
    outer loop
      vertex 13.3521 -0.772292 0
      vertex 13.389 -0.729552 0.289999
      vertex 13.389 -0.729552 0
    endloop
  endfacet
  facet normal -0.756927 0.6535 0
    outer loop
      vertex 13.389 -0.729552 0.289999
      vertex 13.3521 -0.772292 0
      vertex 13.3521 -0.772292 0.289999
    endloop
  endfacet
  facet normal 0.756927 -0.6535 0
    outer loop
      vertex 11.611 0.729552 0.289999
      vertex 11.6479 0.772292 0
      vertex 11.6479 0.772292 0.289999
    endloop
  endfacet
  facet normal 0.756927 -0.6535 0
    outer loop
      vertex 11.6479 0.772292 0
      vertex 11.611 0.729552 0.289999
      vertex 11.611 0.729552 0
    endloop
  endfacet
  facet normal 0.9925 0.122249 0
    outer loop
      vertex 11.3624 -0.168739 0.289999
      vertex 11.3555 -0.11272 0
      vertex 11.3555 -0.11272 0.289999
    endloop
  endfacet
  facet normal 0.9925 0.122249 0
    outer loop
      vertex 11.3555 -0.11272 0
      vertex 11.3624 -0.168739 0.289999
      vertex 11.3624 -0.168739 0
    endloop
  endfacet
  facet normal -0.933076 0.359679 0
    outer loop
      vertex 13.5625 -0.440085 0
      vertex 13.5828 -0.387423 0.289999
      vertex 13.5828 -0.387423 0
    endloop
  endfacet
  facet normal -0.933076 0.359679 0
    outer loop
      vertex 13.5828 -0.387423 0.289999
      vertex 13.5625 -0.440085 0
      vertex 13.5625 -0.440085 0.289999
    endloop
  endfacet
  facet normal 0.689373 -0.724407 0
    outer loop
      vertex 11.6868 0.813172 0
      vertex 11.7277 0.852094 0.289999
      vertex 11.6868 0.813172 0.289999
    endloop
  endfacet
  facet normal 0.689373 -0.724407 0
    outer loop
      vertex 11.7277 0.852094 0.289999
      vertex 11.6868 0.813172 0
      vertex 11.7277 0.852094 0
    endloop
  endfacet
  facet normal 0.653526 0.756904 -0
    outer loop
      vertex 11.7704 -0.888962 0
      vertex 11.7277 -0.852094 0.289999
      vertex 11.7704 -0.888962 0.289999
    endloop
  endfacet
  facet normal 0.653526 0.756904 0
    outer loop
      vertex 11.7277 -0.852094 0.289999
      vertex 11.7704 -0.888962 0
      vertex 11.7277 -0.852094 0
    endloop
  endfacet
  facet normal -0.949558 0.31359 0
    outer loop
      vertex 13.5828 -0.387423 0
      vertex 13.6005 -0.333827 0.289999
      vertex 13.6005 -0.333827 0
    endloop
  endfacet
  facet normal -0.949558 0.31359 0
    outer loop
      vertex 13.6005 -0.333827 0.289999
      vertex 13.5828 -0.387423 0
      vertex 13.5828 -0.387423 0.289999
    endloop
  endfacet
  facet normal 0.0735128 -0.997294 0
    outer loop
      vertex 12.3873 1.14446 0
      vertex 12.4436 1.14861 0.289999
      vertex 12.3873 1.14446 0.289999
    endloop
  endfacet
  facet normal 0.0735128 -0.997294 0
    outer loop
      vertex 12.4436 1.14861 0.289999
      vertex 12.3873 1.14446 0
      vertex 12.4436 1.14861 0
    endloop
  endfacet
  facet normal -0.997358 0.0726408 0
    outer loop
      vertex 13.6445 -0.11272 0
      vertex 13.6486 -0.056427 0.289999
      vertex 13.6486 -0.056427 0
    endloop
  endfacet
  facet normal -0.997358 0.0726408 0
    outer loop
      vertex 13.6486 -0.056427 0.289999
      vertex 13.6445 -0.11272 0
      vertex 13.6445 -0.11272 0.289999
    endloop
  endfacet
  facet normal 0.933076 -0.359679 0
    outer loop
      vertex 11.4172 0.387423 0.289999
      vertex 11.4375 0.440085 0
      vertex 11.4375 0.440085 0.289999
    endloop
  endfacet
  facet normal 0.933076 -0.359679 0
    outer loop
      vertex 11.4375 0.440085 0
      vertex 11.4172 0.387423 0.289999
      vertex 11.4172 0.387423 0
    endloop
  endfacet
  facet normal -0.817594 0.575795 0
    outer loop
      vertex 13.4237 -0.685054 0
      vertex 13.4562 -0.638906 0.289999
      vertex 13.4562 -0.638906 0
    endloop
  endfacet
  facet normal -0.817594 0.575795 0
    outer loop
      vertex 13.4562 -0.638906 0.289999
      vertex 13.4237 -0.685054 0
      vertex 13.4237 -0.685054 0.289999
    endloop
  endfacet
  facet normal 0.219259 -0.975667 0
    outer loop
      vertex 12.2206 1.11554 0
      vertex 12.2756 1.1279 0.289999
      vertex 12.2206 1.11554 0.289999
    endloop
  endfacet
  facet normal 0.219259 -0.975667 0
    outer loop
      vertex 12.2756 1.1279 0.289999
      vertex 12.2206 1.11554 0
      vertex 12.2756 1.1279 0
    endloop
  endfacet
  facet normal -0.817594 -0.575795 0
    outer loop
      vertex 13.4562 0.638906 0
      vertex 13.4237 0.685054 0.289999
      vertex 13.4237 0.685054 0
    endloop
  endfacet
  facet normal -0.817594 -0.575795 0
    outer loop
      vertex 13.4237 0.685054 0.289999
      vertex 13.4562 0.638906 0
      vertex 13.4562 0.638906 0.289999
    endloop
  endfacet
  facet normal 0.985128 0.17182 0
    outer loop
      vertex 11.3721 -0.224354 0.289999
      vertex 11.3624 -0.168739 0
      vertex 11.3624 -0.168739 0.289999
    endloop
  endfacet
  facet normal 0.985128 0.17182 0
    outer loop
      vertex 11.3624 -0.168739 0
      vertex 11.3721 -0.224354 0.289999
      vertex 11.3721 -0.224354 0
    endloop
  endfacet
  facet normal -0.914039 -0.405626 0
    outer loop
      vertex 13.5625 0.440085 0
      vertex 13.5396 0.491688 0.289999
      vertex 13.5396 0.491688 0
    endloop
  endfacet
  facet normal -0.914039 -0.405626 0
    outer loop
      vertex 13.5396 0.491688 0.289999
      vertex 13.5625 0.440085 0
      vertex 13.5625 0.440085 0.289999
    endloop
  endfacet
  facet normal 0.219259 0.975667 -0
    outer loop
      vertex 12.2756 -1.1279 0
      vertex 12.2206 -1.11554 0.289999
      vertex 12.2756 -1.1279 0.289999
    endloop
  endfacet
  facet normal 0.219259 0.975667 0
    outer loop
      vertex 12.2206 -1.11554 0.289999
      vertex 12.2756 -1.1279 0
      vertex 12.2206 -1.11554 0
    endloop
  endfacet
  facet normal -0.985128 -0.17182 0
    outer loop
      vertex 13.6376 0.168739 0
      vertex 13.6279 0.224354 0.289999
      vertex 13.6279 0.224354 0
    endloop
  endfacet
  facet normal -0.985128 -0.17182 0
    outer loop
      vertex 13.6279 0.224354 0.289999
      vertex 13.6376 0.168739 0
      vertex 13.6376 0.168739 0.289999
    endloop
  endfacet
  facet normal -0.999692 0.0248032 0
    outer loop
      vertex 13.6486 -0.056427 0
      vertex 13.65 0 0.289999
      vertex 13.65 0 0
    endloop
  endfacet
  facet normal -0.999692 0.0248032 0
    outer loop
      vertex 13.65 0 0.289999
      vertex 13.6486 -0.056427 0
      vertex 13.6486 -0.056427 0.289999
    endloop
  endfacet
  facet normal 0.870251 0.492608 0
    outer loop
      vertex 11.5136 -0.591218 0.289999
      vertex 11.4858 -0.542106 0
      vertex 11.4858 -0.542106 0.289999
    endloop
  endfacet
  facet normal 0.870251 0.492608 0
    outer loop
      vertex 11.4858 -0.542106 0
      vertex 11.5136 -0.591218 0.289999
      vertex 11.5136 -0.591218 0
    endloop
  endfacet
  facet normal 0.844838 0.535022 0
    outer loop
      vertex 11.5438 -0.638906 0.289999
      vertex 11.5136 -0.591218 0
      vertex 11.5136 -0.591218 0.289999
    endloop
  endfacet
  facet normal 0.844838 0.535022 0
    outer loop
      vertex 11.5136 -0.591218 0
      vertex 11.5438 -0.638906 0.289999
      vertex 11.5438 -0.638906 0
    endloop
  endfacet
  facet normal -0.575374 0.817891 0
    outer loop
      vertex 13.1851 -0.923688 0
      vertex 13.1389 -0.956189 0.289999
      vertex 13.1851 -0.923688 0.289999
    endloop
  endfacet
  facet normal -0.575374 0.817891 0
    outer loop
      vertex 13.1389 -0.956189 0.289999
      vertex 13.1851 -0.923688 0
      vertex 13.1389 -0.956189 0
    endloop
  endfacet
  facet normal -0.975577 -0.219657 0
    outer loop
      vertex 13.6279 0.224354 0
      vertex 13.6155 0.279427 0.289999
      vertex 13.6155 0.279427 0
    endloop
  endfacet
  facet normal -0.975577 -0.219657 0
    outer loop
      vertex 13.6155 0.279427 0.289999
      vertex 13.6279 0.224354 0
      vertex 13.6279 0.224354 0.289999
    endloop
  endfacet
  facet normal 0.405201 0.914228 -0
    outer loop
      vertex 12.0599 -1.06246 0
      vertex 12.0083 -1.03959 0.289999
      vertex 12.0599 -1.06246 0.289999
    endloop
  endfacet
  facet normal 0.405201 0.914228 0
    outer loop
      vertex 12.0083 -1.03959 0.289999
      vertex 12.0599 -1.06246 0
      vertex 12.0083 -1.03959 0
    endloop
  endfacet
  facet normal -0.493008 0.870025 0
    outer loop
      vertex 13.0912 -0.986387 0
      vertex 13.0421 -1.01421 0.289999
      vertex 13.0912 -0.986387 0.289999
    endloop
  endfacet
  facet normal -0.493008 0.870025 0
    outer loop
      vertex 13.0421 -1.01421 0.289999
      vertex 13.0912 -0.986387 0
      vertex 13.0421 -1.01421 0
    endloop
  endfacet
  facet normal -0.964024 -0.265815 0
    outer loop
      vertex 13.6155 0.279427 0
      vertex 13.6005 0.333827 0.289999
      vertex 13.6005 0.333827 0
    endloop
  endfacet
  facet normal -0.964024 -0.265815 0
    outer loop
      vertex 13.6005 0.333827 0.289999
      vertex 13.6155 0.279427 0
      vertex 13.6155 0.279427 0.289999
    endloop
  endfacet
  facet normal 0.493008 -0.870025 0
    outer loop
      vertex 11.9088 0.986387 0
      vertex 11.9579 1.01421 0.289999
      vertex 11.9088 0.986387 0.289999
    endloop
  endfacet
  facet normal 0.493008 -0.870025 0
    outer loop
      vertex 11.9579 1.01421 0.289999
      vertex 11.9088 0.986387 0
      vertex 11.9579 1.01421 0
    endloop
  endfacet
  facet normal -0.689373 -0.724407 0
    outer loop
      vertex 13.2723 0.852094 0
      vertex 13.3132 0.813172 0.289999
      vertex 13.2723 0.852094 0.289999
    endloop
  endfacet
  facet normal -0.689373 -0.724407 -0
    outer loop
      vertex 13.3132 0.813172 0.289999
      vertex 13.2723 0.852094 0
      vertex 13.3132 0.813172 0
    endloop
  endfacet
  facet normal 0.653526 -0.756904 0
    outer loop
      vertex 11.7277 0.852094 0
      vertex 11.7704 0.888962 0.289999
      vertex 11.7277 0.852094 0.289999
    endloop
  endfacet
  facet normal 0.653526 -0.756904 0
    outer loop
      vertex 11.7704 0.888962 0.289999
      vertex 11.7277 0.852094 0
      vertex 11.7704 0.888962 0
    endloop
  endfacet
  facet normal 0.756927 0.6535 0
    outer loop
      vertex 11.6479 -0.772292 0.289999
      vertex 11.611 -0.729552 0
      vertex 11.611 -0.729552 0.289999
    endloop
  endfacet
  facet normal 0.756927 0.6535 0
    outer loop
      vertex 11.611 -0.729552 0
      vertex 11.6479 -0.772292 0.289999
      vertex 11.6479 -0.772292 0
    endloop
  endfacet
  facet normal 0.313569 -0.949565 0
    outer loop
      vertex 12.1126 1.08278 0
      vertex 12.1662 1.10048 0.289999
      vertex 12.1126 1.08278 0.289999
    endloop
  endfacet
  facet normal 0.313569 -0.949565 0
    outer loop
      vertex 12.1662 1.10048 0.289999
      vertex 12.1126 1.08278 0
      vertex 12.1662 1.10048 0
    endloop
  endfacet
  facet normal 0.999692 -0.0248032 0
    outer loop
      vertex 11.35 0 0.289999
      vertex 11.3514 0.056427 0
      vertex 11.3514 0.056427 0.289999
    endloop
  endfacet
  facet normal 0.999692 -0.0248032 0
    outer loop
      vertex 11.3514 0.056427 0
      vertex 11.35 0 0.289999
      vertex 11.35 0 0
    endloop
  endfacet
  facet normal -0.170707 -0.985322 0
    outer loop
      vertex 12.6687 1.13755 0
      vertex 12.7244 1.1279 0.289999
      vertex 12.6687 1.13755 0.289999
    endloop
  endfacet
  facet normal -0.170707 -0.985322 -0
    outer loop
      vertex 12.7244 1.1279 0.289999
      vertex 12.6687 1.13755 0
      vertex 12.7244 1.1279 0
    endloop
  endfacet
  facet normal -0.5349 -0.844915 0
    outer loop
      vertex 13.0912 0.986387 0
      vertex 13.1389 0.956189 0.289999
      vertex 13.0912 0.986387 0.289999
    endloop
  endfacet
  facet normal -0.5349 -0.844915 -0
    outer loop
      vertex 13.1389 0.956189 0.289999
      vertex 13.0912 0.986387 0
      vertex 13.1389 0.956189 0
    endloop
  endfacet
  facet normal -0.653526 0.756904 0
    outer loop
      vertex 13.2723 -0.852094 0
      vertex 13.2296 -0.888962 0.289999
      vertex 13.2723 -0.852094 0.289999
    endloop
  endfacet
  facet normal -0.653526 0.756904 0
    outer loop
      vertex 13.2296 -0.888962 0.289999
      vertex 13.2723 -0.852094 0
      vertex 13.2296 -0.888962 0
    endloop
  endfacet
  facet normal -0.653526 -0.756904 0
    outer loop
      vertex 13.2296 0.888962 0
      vertex 13.2723 0.852094 0.289999
      vertex 13.2296 0.888962 0.289999
    endloop
  endfacet
  facet normal -0.653526 -0.756904 -0
    outer loop
      vertex 13.2723 0.852094 0.289999
      vertex 13.2296 0.888962 0
      vertex 13.2723 0.852094 0
    endloop
  endfacet
  facet normal 0.724433 -0.689345 0
    outer loop
      vertex 11.6479 0.772292 0.289999
      vertex 11.6868 0.813172 0
      vertex 11.6868 0.813172 0.289999
    endloop
  endfacet
  facet normal 0.724433 -0.689345 0
    outer loop
      vertex 11.6868 0.813172 0
      vertex 11.6479 0.772292 0.289999
      vertex 11.6479 0.772292 0
    endloop
  endfacet
  facet normal 0.933076 0.359679 0
    outer loop
      vertex 11.4375 -0.440085 0.289999
      vertex 11.4172 -0.387423 0
      vertex 11.4172 -0.387423 0.289999
    endloop
  endfacet
  facet normal 0.933076 0.359679 0
    outer loop
      vertex 11.4172 -0.387423 0
      vertex 11.4375 -0.440085 0.289999
      vertex 11.4375 -0.440085 0
    endloop
  endfacet
  facet normal 0.949558 0.31359 0
    outer loop
      vertex 11.4172 -0.387423 0.289999
      vertex 11.3995 -0.333827 0
      vertex 11.3995 -0.333827 0.289999
    endloop
  endfacet
  facet normal 0.949558 0.31359 0
    outer loop
      vertex 11.3995 -0.333827 0
      vertex 11.4172 -0.387423 0.289999
      vertex 11.4172 -0.387423 0
    endloop
  endfacet
  facet normal 0.615208 0.788365 -0
    outer loop
      vertex 11.8149 -0.923688 0
      vertex 11.7704 -0.888962 0.289999
      vertex 11.8149 -0.923688 0.289999
    endloop
  endfacet
  facet normal 0.615208 0.788365 0
    outer loop
      vertex 11.7704 -0.888962 0.289999
      vertex 11.8149 -0.923688 0
      vertex 11.7704 -0.888962 0
    endloop
  endfacet
  facet normal 0.817594 0.575795 0
    outer loop
      vertex 11.5763 -0.685054 0.289999
      vertex 11.5438 -0.638906 0
      vertex 11.5438 -0.638906 0.289999
    endloop
  endfacet
  facet normal 0.817594 0.575795 0
    outer loop
      vertex 11.5438 -0.638906 0
      vertex 11.5763 -0.685054 0.289999
      vertex 11.5763 -0.685054 0
    endloop
  endfacet
  facet normal 0.964024 -0.265815 0
    outer loop
      vertex 11.3845 0.279427 0.289999
      vertex 11.3995 0.333827 0
      vertex 11.3995 0.333827 0.289999
    endloop
  endfacet
  facet normal 0.964024 -0.265815 0
    outer loop
      vertex 11.3995 0.333827 0
      vertex 11.3845 0.279427 0.289999
      vertex 11.3845 0.279427 0
    endloop
  endfacet
  facet normal 0.449764 0.893148 -0
    outer loop
      vertex 12.0083 -1.03959 0
      vertex 11.9579 -1.01421 0.289999
      vertex 12.0083 -1.03959 0.289999
    endloop
  endfacet
  facet normal 0.449764 0.893148 0
    outer loop
      vertex 11.9579 -1.01421 0.289999
      vertex 12.0083 -1.03959 0
      vertex 11.9579 -1.01421 0
    endloop
  endfacet
  facet normal 0.5349 0.844915 -0
    outer loop
      vertex 11.9088 -0.986387 0
      vertex 11.8611 -0.956189 0.289999
      vertex 11.9088 -0.986387 0.289999
    endloop
  endfacet
  facet normal 0.5349 0.844915 0
    outer loop
      vertex 11.8611 -0.956189 0.289999
      vertex 11.9088 -0.986387 0
      vertex 11.8611 -0.956189 0
    endloop
  endfacet
  facet normal -0.844838 0.535022 0
    outer loop
      vertex 13.4562 -0.638906 0
      vertex 13.4864 -0.591218 0.289999
      vertex 13.4864 -0.591218 0
    endloop
  endfacet
  facet normal -0.844838 0.535022 0
    outer loop
      vertex 13.4864 -0.591218 0.289999
      vertex 13.4562 -0.638906 0
      vertex 13.4562 -0.638906 0.289999
    endloop
  endfacet
  facet normal -0.122464 0.992473 0
    outer loop
      vertex 12.6687 -1.13755 0
      vertex 12.6127 -1.14446 0.289999
      vertex 12.6687 -1.13755 0.289999
    endloop
  endfacet
  facet normal -0.122464 0.992473 0
    outer loop
      vertex 12.6127 -1.14446 0.289999
      vertex 12.6687 -1.13755 0
      vertex 12.6127 -1.14446 0
    endloop
  endfacet
  facet normal 0.844838 -0.535022 0
    outer loop
      vertex 11.5136 0.591218 0.289999
      vertex 11.5438 0.638906 0
      vertex 11.5438 0.638906 0.289999
    endloop
  endfacet
  facet normal 0.844838 -0.535022 0
    outer loop
      vertex 11.5438 0.638906 0
      vertex 11.5136 0.591218 0.289999
      vertex 11.5136 0.591218 0
    endloop
  endfacet
  facet normal 0.122464 0.992473 -0
    outer loop
      vertex 12.3873 -1.14446 0
      vertex 12.3313 -1.13755 0.289999
      vertex 12.3873 -1.14446 0.289999
    endloop
  endfacet
  facet normal 0.122464 0.992473 0
    outer loop
      vertex 12.3313 -1.13755 0.289999
      vertex 12.3873 -1.14446 0
      vertex 12.3313 -1.13755 0
    endloop
  endfacet
  facet normal -0.449764 0.893148 0
    outer loop
      vertex 13.0421 -1.01421 0
      vertex 12.9917 -1.03959 0.289999
      vertex 13.0421 -1.01421 0.289999
    endloop
  endfacet
  facet normal -0.449764 0.893148 0
    outer loop
      vertex 12.9917 -1.03959 0.289999
      vertex 13.0421 -1.01421 0
      vertex 12.9917 -1.03959 0
    endloop
  endfacet
  facet normal -0.933076 -0.359679 0
    outer loop
      vertex 13.5828 0.387423 0
      vertex 13.5625 0.440085 0.289999
      vertex 13.5625 0.440085 0
    endloop
  endfacet
  facet normal -0.933076 -0.359679 0
    outer loop
      vertex 13.5625 0.440085 0.289999
      vertex 13.5828 0.387423 0
      vertex 13.5828 0.387423 0.289999
    endloop
  endfacet
  facet normal -0.615208 0.788365 0
    outer loop
      vertex 13.2296 -0.888962 0
      vertex 13.1851 -0.923688 0.289999
      vertex 13.2296 -0.888962 0.289999
    endloop
  endfacet
  facet normal -0.615208 0.788365 0
    outer loop
      vertex 13.1851 -0.923688 0.289999
      vertex 13.2296 -0.888962 0
      vertex 13.1851 -0.923688 0
    endloop
  endfacet
  facet normal -0.266803 0.963751 0
    outer loop
      vertex 12.8338 -1.10048 0
      vertex 12.7794 -1.11554 0.289999
      vertex 12.8338 -1.10048 0.289999
    endloop
  endfacet
  facet normal -0.266803 0.963751 0
    outer loop
      vertex 12.7794 -1.11554 0.289999
      vertex 12.8338 -1.10048 0
      vertex 12.7794 -1.11554 0
    endloop
  endfacet
  facet normal -0.405201 0.914228 0
    outer loop
      vertex 12.9917 -1.03959 0
      vertex 12.9401 -1.06246 0.289999
      vertex 12.9917 -1.03959 0.289999
    endloop
  endfacet
  facet normal -0.405201 0.914228 0
    outer loop
      vertex 12.9401 -1.06246 0.289999
      vertex 12.9917 -1.03959 0
      vertex 12.9401 -1.06246 0
    endloop
  endfacet
  facet normal -0.756927 -0.6535 0
    outer loop
      vertex 13.389 0.729552 0
      vertex 13.3521 0.772292 0.289999
      vertex 13.3521 0.772292 0
    endloop
  endfacet
  facet normal -0.756927 -0.6535 0
    outer loop
      vertex 13.3521 0.772292 0.289999
      vertex 13.389 0.729552 0
      vertex 13.389 0.729552 0.289999
    endloop
  endfacet
  facet normal -0.359762 -0.933044 0
    outer loop
      vertex 12.8874 1.08278 0
      vertex 12.9401 1.06246 0.289999
      vertex 12.8874 1.08278 0.289999
    endloop
  endfacet
  facet normal -0.359762 -0.933044 -0
    outer loop
      vertex 12.9401 1.06246 0.289999
      vertex 12.8874 1.08278 0
      vertex 12.9401 1.06246 0
    endloop
  endfacet
  facet normal 0.493008 0.870025 -0
    outer loop
      vertex 11.9579 -1.01421 0
      vertex 11.9088 -0.986387 0.289999
      vertex 11.9579 -1.01421 0.289999
    endloop
  endfacet
  facet normal 0.493008 0.870025 0
    outer loop
      vertex 11.9088 -0.986387 0.289999
      vertex 11.9579 -1.01421 0
      vertex 11.9088 -0.986387 0
    endloop
  endfacet
  facet normal 0.788575 -0.614939 0
    outer loop
      vertex 11.5763 0.685054 0.289999
      vertex 11.611 0.729552 0
      vertex 11.611 0.729552 0.289999
    endloop
  endfacet
  facet normal 0.788575 -0.614939 0
    outer loop
      vertex 11.611 0.729552 0
      vertex 11.5763 0.685054 0.289999
      vertex 11.5763 0.685054 0
    endloop
  endfacet
  facet normal 0.0735128 0.997294 -0
    outer loop
      vertex 12.4436 -1.14861 0
      vertex 12.3873 -1.14446 0.289999
      vertex 12.4436 -1.14861 0.289999
    endloop
  endfacet
  facet normal 0.0735128 0.997294 0
    outer loop
      vertex 12.3873 -1.14446 0.289999
      vertex 12.4436 -1.14861 0
      vertex 12.3873 -1.14446 0
    endloop
  endfacet
  facet normal -0.0735128 -0.997294 0
    outer loop
      vertex 12.5564 1.14861 0
      vertex 12.6127 1.14446 0.289999
      vertex 12.5564 1.14861 0.289999
    endloop
  endfacet
  facet normal -0.0735128 -0.997294 -0
    outer loop
      vertex 12.6127 1.14446 0.289999
      vertex 12.5564 1.14861 0
      vertex 12.6127 1.14446 0
    endloop
  endfacet
  facet normal 0.914039 0.405626 0
    outer loop
      vertex 11.4604 -0.491688 0.289999
      vertex 11.4375 -0.440085 0
      vertex 11.4375 -0.440085 0.289999
    endloop
  endfacet
  facet normal 0.914039 0.405626 0
    outer loop
      vertex 11.4375 -0.440085 0
      vertex 11.4604 -0.491688 0.289999
      vertex 11.4604 -0.491688 0
    endloop
  endfacet
  facet normal -0.985128 0.17182 0
    outer loop
      vertex 13.6279 -0.224354 0
      vertex 13.6376 -0.168739 0.289999
      vertex 13.6376 -0.168739 0
    endloop
  endfacet
  facet normal -0.985128 0.17182 0
    outer loop
      vertex 13.6376 -0.168739 0.289999
      vertex 13.6279 -0.224354 0
      vertex 13.6279 -0.224354 0.289999
    endloop
  endfacet
  facet normal 0.449764 -0.893148 0
    outer loop
      vertex 11.9579 1.01421 0
      vertex 12.0083 1.03959 0.289999
      vertex 11.9579 1.01421 0.289999
    endloop
  endfacet
  facet normal 0.449764 -0.893148 0
    outer loop
      vertex 12.0083 1.03959 0.289999
      vertex 11.9579 1.01421 0
      vertex 12.0083 1.03959 0
    endloop
  endfacet
  facet normal 0.266803 0.963751 -0
    outer loop
      vertex 12.2206 -1.11554 0
      vertex 12.1662 -1.10048 0.289999
      vertex 12.2206 -1.11554 0.289999
    endloop
  endfacet
  facet normal 0.266803 0.963751 0
    outer loop
      vertex 12.1662 -1.10048 0.289999
      vertex 12.2206 -1.11554 0
      vertex 12.1662 -1.10048 0
    endloop
  endfacet
  facet normal 0.975577 -0.219657 0
    outer loop
      vertex 11.3721 0.224354 0.289999
      vertex 11.3845 0.279427 0
      vertex 11.3845 0.279427 0.289999
    endloop
  endfacet
  facet normal 0.975577 -0.219657 0
    outer loop
      vertex 11.3845 0.279427 0
      vertex 11.3721 0.224354 0.289999
      vertex 11.3721 0.224354 0
    endloop
  endfacet
  facet normal -0.449764 -0.893148 0
    outer loop
      vertex 12.9917 1.03959 0
      vertex 13.0421 1.01421 0.289999
      vertex 12.9917 1.03959 0.289999
    endloop
  endfacet
  facet normal -0.449764 -0.893148 -0
    outer loop
      vertex 13.0421 1.01421 0.289999
      vertex 12.9917 1.03959 0
      vertex 13.0421 1.01421 0
    endloop
  endfacet
  facet normal -0.493008 -0.870025 0
    outer loop
      vertex 13.0421 1.01421 0
      vertex 13.0912 0.986387 0.289999
      vertex 13.0421 1.01421 0.289999
    endloop
  endfacet
  facet normal -0.493008 -0.870025 -0
    outer loop
      vertex 13.0912 0.986387 0.289999
      vertex 13.0421 1.01421 0
      vertex 13.0912 0.986387 0
    endloop
  endfacet
  facet normal -0.0246379 -0.999696 0
    outer loop
      vertex 12.5 1.15 0
      vertex 12.5564 1.14861 0.289999
      vertex 12.5 1.15 0.289999
    endloop
  endfacet
  facet normal -0.0246379 -0.999696 -0
    outer loop
      vertex 12.5564 1.14861 0.289999
      vertex 12.5 1.15 0
      vertex 12.5564 1.14861 0
    endloop
  endfacet
  facet normal 0.313569 0.949565 -0
    outer loop
      vertex 12.1662 -1.10048 0
      vertex 12.1126 -1.08278 0.289999
      vertex 12.1662 -1.10048 0.289999
    endloop
  endfacet
  facet normal 0.313569 0.949565 0
    outer loop
      vertex 12.1126 -1.08278 0.289999
      vertex 12.1662 -1.10048 0
      vertex 12.1126 -1.08278 0
    endloop
  endfacet
  facet normal 0.359762 0.933044 -0
    outer loop
      vertex 12.1126 -1.08278 0
      vertex 12.0599 -1.06246 0.289999
      vertex 12.1126 -1.08278 0.289999
    endloop
  endfacet
  facet normal 0.359762 0.933044 0
    outer loop
      vertex 12.0599 -1.06246 0.289999
      vertex 12.1126 -1.08278 0
      vertex 12.0599 -1.06246 0
    endloop
  endfacet
  facet normal -0.266803 -0.963751 0
    outer loop
      vertex 12.7794 1.11554 0
      vertex 12.8338 1.10048 0.289999
      vertex 12.7794 1.11554 0.289999
    endloop
  endfacet
  facet normal -0.266803 -0.963751 -0
    outer loop
      vertex 12.8338 1.10048 0.289999
      vertex 12.7794 1.11554 0
      vertex 12.8338 1.10048 0
    endloop
  endfacet
  facet normal 0.997358 -0.0726408 0
    outer loop
      vertex 11.3514 0.056427 0.289999
      vertex 11.3555 0.11272 0
      vertex 11.3555 0.11272 0.289999
    endloop
  endfacet
  facet normal 0.997358 -0.0726408 0
    outer loop
      vertex 11.3555 0.11272 0
      vertex 11.3514 0.056427 0.289999
      vertex 11.3514 0.056427 0
    endloop
  endfacet
  facet normal 0.985128 -0.17182 0
    outer loop
      vertex 11.3624 0.168739 0.289999
      vertex 11.3721 0.224354 0
      vertex 11.3721 0.224354 0.289999
    endloop
  endfacet
  facet normal 0.985128 -0.17182 0
    outer loop
      vertex 11.3721 0.224354 0
      vertex 11.3624 0.168739 0.289999
      vertex 11.3624 0.168739 0
    endloop
  endfacet
  facet normal 0.170707 0.985322 -0
    outer loop
      vertex 12.3313 -1.13755 0
      vertex 12.2756 -1.1279 0.289999
      vertex 12.3313 -1.13755 0.289999
    endloop
  endfacet
  facet normal 0.170707 0.985322 0
    outer loop
      vertex 12.2756 -1.1279 0.289999
      vertex 12.3313 -1.13755 0
      vertex 12.2756 -1.1279 0
    endloop
  endfacet
  facet normal -0.313569 0.949565 0
    outer loop
      vertex 12.8874 -1.08278 0
      vertex 12.8338 -1.10048 0.289999
      vertex 12.8874 -1.08278 0.289999
    endloop
  endfacet
  facet normal -0.313569 0.949565 0
    outer loop
      vertex 12.8338 -1.10048 0.289999
      vertex 12.8874 -1.08278 0
      vertex 12.8338 -1.10048 0
    endloop
  endfacet
  facet normal 0.266803 -0.963751 0
    outer loop
      vertex 12.1662 1.10048 0
      vertex 12.2206 1.11554 0.289999
      vertex 12.1662 1.10048 0.289999
    endloop
  endfacet
  facet normal 0.266803 -0.963751 0
    outer loop
      vertex 12.2206 1.11554 0.289999
      vertex 12.1662 1.10048 0
      vertex 12.2206 1.11554 0
    endloop
  endfacet
  facet normal 0.788575 0.614939 0
    outer loop
      vertex 11.611 -0.729552 0.289999
      vertex 11.5763 -0.685054 0
      vertex 11.5763 -0.685054 0.289999
    endloop
  endfacet
  facet normal 0.788575 0.614939 0
    outer loop
      vertex 11.5763 -0.685054 0
      vertex 11.611 -0.729552 0.289999
      vertex 11.611 -0.729552 0
    endloop
  endfacet
  facet normal 0.914039 -0.405626 0
    outer loop
      vertex 11.4375 0.440085 0.289999
      vertex 11.4604 0.491688 0
      vertex 11.4604 0.491688 0.289999
    endloop
  endfacet
  facet normal 0.914039 -0.405626 0
    outer loop
      vertex 11.4604 0.491688 0
      vertex 11.4375 0.440085 0.289999
      vertex 11.4375 0.440085 0
    endloop
  endfacet
  facet normal 0.89307 -0.449918 0
    outer loop
      vertex 11.4604 0.491688 0.289999
      vertex 11.4858 0.542106 0
      vertex 11.4858 0.542106 0.289999
    endloop
  endfacet
  facet normal 0.89307 -0.449918 0
    outer loop
      vertex 11.4858 0.542106 0
      vertex 11.4604 0.491688 0.289999
      vertex 11.4604 0.491688 0
    endloop
  endfacet
  facet normal -0.313569 -0.949565 0
    outer loop
      vertex 12.8338 1.10048 0
      vertex 12.8874 1.08278 0.289999
      vertex 12.8338 1.10048 0.289999
    endloop
  endfacet
  facet normal -0.313569 -0.949565 -0
    outer loop
      vertex 12.8874 1.08278 0.289999
      vertex 12.8338 1.10048 0
      vertex 12.8874 1.08278 0
    endloop
  endfacet
  facet normal -0.219259 -0.975667 0
    outer loop
      vertex 12.7244 1.1279 0
      vertex 12.7794 1.11554 0.289999
      vertex 12.7244 1.1279 0.289999
    endloop
  endfacet
  facet normal -0.219259 -0.975667 -0
    outer loop
      vertex 12.7794 1.11554 0.289999
      vertex 12.7244 1.1279 0
      vertex 12.7794 1.11554 0
    endloop
  endfacet
  facet normal 0.964024 0.265815 0
    outer loop
      vertex 11.3995 -0.333827 0.289999
      vertex 11.3845 -0.279427 0
      vertex 11.3845 -0.279427 0.289999
    endloop
  endfacet
  facet normal 0.964024 0.265815 0
    outer loop
      vertex 11.3845 -0.279427 0
      vertex 11.3995 -0.333827 0.289999
      vertex 11.3995 -0.333827 0
    endloop
  endfacet
  facet normal 0.870251 -0.492608 0
    outer loop
      vertex 11.4858 0.542106 0.289999
      vertex 11.5136 0.591218 0
      vertex 11.5136 0.591218 0.289999
    endloop
  endfacet
  facet normal 0.870251 -0.492608 0
    outer loop
      vertex 11.5136 0.591218 0
      vertex 11.4858 0.542106 0.289999
      vertex 11.4858 0.542106 0
    endloop
  endfacet
  facet normal 0.405201 -0.914228 0
    outer loop
      vertex 12.0083 1.03959 0
      vertex 12.0599 1.06246 0.289999
      vertex 12.0083 1.03959 0.289999
    endloop
  endfacet
  facet normal 0.405201 -0.914228 0
    outer loop
      vertex 12.0599 1.06246 0.289999
      vertex 12.0083 1.03959 0
      vertex 12.0599 1.06246 0
    endloop
  endfacet
  facet normal 0.575374 0.817891 -0
    outer loop
      vertex 11.8611 -0.956189 0
      vertex 11.8149 -0.923688 0.289999
      vertex 11.8611 -0.956189 0.289999
    endloop
  endfacet
  facet normal 0.575374 0.817891 0
    outer loop
      vertex 11.8149 -0.923688 0.289999
      vertex 11.8611 -0.956189 0
      vertex 11.8149 -0.923688 0
    endloop
  endfacet
  facet normal 0.89307 0.449918 0
    outer loop
      vertex 11.4858 -0.542106 0.289999
      vertex 11.4604 -0.491688 0
      vertex 11.4604 -0.491688 0.289999
    endloop
  endfacet
  facet normal 0.89307 0.449918 0
    outer loop
      vertex 11.4604 -0.491688 0
      vertex 11.4858 -0.542106 0.289999
      vertex 11.4858 -0.542106 0
    endloop
  endfacet
  facet normal -0.820331 -0.0203531 0.571527
    outer loop
      vertex 13.65 0 0.289999
      vertex 14.493 0.000462493 1.5
      vertex 13.6486 0.056427 0.289999
    endloop
  endfacet
  facet normal -0.820504 0 0.57164
    outer loop
      vertex 14.493 0.000462493 1.5
      vertex 13.65 0 0.289999
      vertex 14.493 0 1.5
    endloop
  endfacet
  facet normal 0.725335 -0.381755 0.572846
    outer loop
      vertex 10.8429 1.10727 1.5
      vertex 11.5763 0.685054 0.289999
      vertex 10.8431 1.10765 1.5
    endloop
  endfacet
  facet normal 0.670909 -0.472491 0.571518
    outer loop
      vertex 11.5763 0.685054 0.289999
      vertex 10.8429 1.10727 1.5
      vertex 11.5438 0.638906 0.289999
    endloop
  endfacet
  facet normal 0.565688 0.594436 0.571527
    outer loop
      vertex 11.6868 -0.813172 0.289999
      vertex 11.1616 -1.47674 1.5
      vertex 11.7277 -0.852094 0.289999
    endloop
  endfacet
  facet normal 0.511919 0.639899 0.573121
    outer loop
      vertex 11.1616 -1.47674 1.5
      vertex 11.6868 -0.813172 0.289999
      vertex 11.1612 -1.47642 1.5
    endloop
  endfacet
  facet normal -0.140077 -0.808528 0.571543
    outer loop
      vertex 12.7244 1.1279 0.289999
      vertex 12.7924 1.97146 1.5
      vertex 12.6687 1.13755 0.289999
    endloop
  endfacet
  facet normal -0.129596 -0.809977 0.571964
    outer loop
      vertex 12.7924 1.97146 1.5
      vertex 12.7244 1.1279 0.289999
      vertex 12.7929 1.97138 1.5
    endloop
  endfacet
  facet normal -0.565688 -0.594436 0.571527
    outer loop
      vertex 13.3132 0.813172 0.289999
      vertex 13.8384 1.47674 1.5
      vertex 13.2723 0.852094 0.289999
    endloop
  endfacet
  facet normal -0.511919 -0.639899 0.573121
    outer loop
      vertex 13.8384 1.47674 1.5
      vertex 13.3132 0.813172 0.289999
      vertex 13.8388 1.47642 1.5
    endloop
  endfacet
  facet normal 0.257264 0.779205 0.571537
    outer loop
      vertex 11.9215 -1.90721 1.5
      vertex 12.1662 -1.10048 0.289999
      vertex 11.829 -1.87667 1.5
    endloop
  endfacet
  facet normal -0.790772 0.219111 0.57155
    outer loop
      vertex 14.4073 -0.578101 1.5
      vertex 14.4333 -0.484267 1.5
      vertex 13.6155 -0.279427 0.289999
    endloop
  endfacet
  facet normal 0.732865 -0.369112 0.571546
    outer loop
      vertex 11.4858 0.542106 0.289999
      vertex 10.7423 0.939509 1.5
      vertex 10.6985 0.852545 1.5
    endloop
  endfacet
  facet normal -0.765432 -0.295771 0.571519
    outer loop
      vertex 14.3764 0.671864 1.5
      vertex 14.3413 0.7627 1.5
      vertex 13.5625 0.440085 0.289999
    endloop
  endfacet
  facet normal -0.4725 0.670906 0.571515
    outer loop
      vertex 13.6076 -1.65688 1.5
      vertex 13.6872 -1.60082 1.5
      vertex 13.1851 -0.923688 0.289999
    endloop
  endfacet
  facet normal 0.713927 0.404534 0.571543
    outer loop
      vertex 10.7903 -1.02422 1.5
      vertex 11.4858 -0.542106 0.289999
      vertex 10.7423 -0.939509 1.5
    endloop
  endfacet
  facet normal 0.693229 -0.439062 0.57154
    outer loop
      vertex 11.5136 0.591218 0.289999
      vertex 10.8426 1.10688 1.5
      vertex 10.7905 1.02462 1.5
    endloop
  endfacet
  facet normal 0.693229 0.439062 0.57154
    outer loop
      vertex 10.8426 -1.10688 1.5
      vertex 11.5136 -0.591218 0.289999
      vertex 10.7905 -1.02462 1.5
    endloop
  endfacet
  facet normal 0.580413 -0.580413 0.571176
    outer loop
      vertex 11.7277 0.852094 0.289999
      vertex 11.1619 1.47704 1.5
      vertex 11.1616 1.47674 1.5
    endloop
  endfacet
  facet normal 0.536265 -0.621094 0.571544
    outer loop
      vertex 11.1619 1.47704 1.5
      vertex 11.7277 0.852094 0.289999
      vertex 11.7704 0.888962 0.289999
    endloop
  endfacet
  facet normal -0.800702 0.179535 0.571527
    outer loop
      vertex 14.4334 -0.483816 1.5
      vertex 14.4547 -0.388821 1.5
      vertex 13.6279 -0.224354 0.289999
    endloop
  endfacet
  facet normal -0.179846 0.800627 0.571534
    outer loop
      vertex 12.8888 -1.95474 1.5
      vertex 12.9838 -1.9334 1.5
      vertex 12.7244 -1.1279 0.289999
    endloop
  endfacet
  facet normal 0.791076 0.218128 0.571506
    outer loop
      vertex 10.5927 -0.578101 1.5
      vertex 11.3995 -0.333827 0.289999
      vertex 11.3845 -0.279427 0.289999
    endloop
  endfacet
  facet normal 0.801341 0.179673 0.570587
    outer loop
      vertex 11.3995 -0.333827 0.289999
      vertex 10.5927 -0.578101 1.5
      vertex 10.5928 -0.578547 1.5
    endloop
  endfacet
  facet normal -0.179846 -0.800627 0.571534
    outer loop
      vertex 12.9838 1.9334 1.5
      vertex 12.8888 1.95474 1.5
      vertex 12.7244 1.1279 0.289999
    endloop
  endfacet
  facet normal 0.43885 0.693364 0.57154
    outer loop
      vertex 11.4754 -1.70948 1.5
      vertex 11.9088 -0.986387 0.289999
      vertex 11.3931 -1.65739 1.5
    endloop
  endfacet
  facet normal 0.4223 -0.703833 0.57121
    outer loop
      vertex 11.8611 0.956189 0.289999
      vertex 11.3931 1.65739 1.5
      vertex 11.3927 1.65715 1.5
    endloop
  endfacet
  facet normal 0.438924 -0.693313 0.571544
    outer loop
      vertex 11.3931 1.65739 1.5
      vertex 11.8611 0.956189 0.289999
      vertex 11.9088 0.986387 0.289999
    endloop
  endfacet
  facet normal 0.218931 0.790826 0.571545
    outer loop
      vertex 12.1662 -1.10048 0.289999
      vertex 11.9219 -1.90734 1.5
      vertex 12.2206 -1.11554 0.289999
    endloop
  endfacet
  facet normal 0.25362 0.78037 0.571577
    outer loop
      vertex 11.9219 -1.90734 1.5
      vertex 12.1662 -1.10048 0.289999
      vertex 11.9215 -1.90721 1.5
    endloop
  endfacet
  facet normal 0.800521 0.180242 0.571558
    outer loop
      vertex 10.5666 -0.483816 1.5
      vertex 11.3845 -0.279427 0.289999
      vertex 11.3721 -0.224354 0.289999
    endloop
  endfacet
  facet normal 0.801127 0.177633 0.571527
    outer loop
      vertex 11.3845 -0.279427 0.289999
      vertex 10.5666 -0.483816 1.5
      vertex 10.5667 -0.484267 1.5
    endloop
  endfacet
  facet normal 0.820504 0 0.57164
    outer loop
      vertex 11.35 0 0.289999
      vertex 10.507 0.000462493 1.5
      vertex 10.507 0 1.5
    endloop
  endfacet
  facet normal 0.820331 -0.0203531 0.571527
    outer loop
      vertex 10.507 0.000462493 1.5
      vertex 11.35 0 0.289999
      vertex 11.3514 0.056427 0.289999
    endloop
  endfacet
  facet normal -0.808423 0.140739 0.571529
    outer loop
      vertex 14.4547 -0.388821 1.5
      vertex 14.4714 -0.292894 1.5
      vertex 13.6279 -0.224354 0.289999
    endloop
  endfacet
  facet normal 0.801127 -0.177633 0.571527
    outer loop
      vertex 10.5666 0.483816 1.5
      vertex 11.3845 0.279427 0.289999
      vertex 10.5667 0.484267 1.5
    endloop
  endfacet
  facet normal 0.800521 -0.180242 0.571558
    outer loop
      vertex 11.3845 0.279427 0.289999
      vertex 10.5666 0.483816 1.5
      vertex 11.3721 0.224354 0.289999
    endloop
  endfacet
  facet normal -0.713927 -0.404534 0.571543
    outer loop
      vertex 14.2577 0.939509 1.5
      vertex 14.2097 1.02422 1.5
      vertex 13.5142 0.542106 0.289999
    endloop
  endfacet
  facet normal -0.352042 0.74114 0.571645
    outer loop
      vertex 12.9917 -1.03959 0.289999
      vertex 13.3517 -1.80187 1.5
      vertex 13.3521 -1.80168 1.5
    endloop
  endfacet
  facet normal -0.332499 0.750195 0.571535
    outer loop
      vertex 13.3517 -1.80187 1.5
      vertex 12.9917 -1.03959 0.289999
      vertex 12.9401 -1.06246 0.289999
    endloop
  endfacet
  facet normal -0.100492 -0.814394 0.571546
    outer loop
      vertex 12.792 1.97152 1.5
      vertex 12.6954 1.98344 1.5
      vertex 12.6127 1.14446 0.289999
    endloop
  endfacet
  facet normal -0.40455 -0.71392 0.57154
    outer loop
      vertex 13.0912 0.986387 0.289999
      vertex 13.5242 1.70971 1.5
      vertex 13.0421 1.01421 0.289999
    endloop
  endfacet
  facet normal -0.409015 -0.71133 0.571591
    outer loop
      vertex 13.5242 1.70971 1.5
      vertex 13.0912 0.986387 0.289999
      vertex 13.5246 1.70948 1.5
    endloop
  endfacet
  facet normal -0.814441 0.100317 0.571508
    outer loop
      vertex 13.6376 -0.168739 0.289999
      vertex 14.4715 -0.291979 1.5
      vertex 13.6445 -0.11272 0.289999
    endloop
  endfacet
  facet normal -0.823398 0 0.567464
    outer loop
      vertex 14.4715 -0.291979 1.5
      vertex 13.6376 -0.168739 0.289999
      vertex 14.4715 -0.292439 1.5
    endloop
  endfacet
  facet normal 0.82033 -0.0202279 0.571532
    outer loop
      vertex 11.3514 0.056427 0.289999
      vertex 10.5094 0.0977931 1.5
      vertex 10.507 0.000462493 1.5
    endloop
  endfacet
  facet normal -0.332525 0.750182 0.571536
    outer loop
      vertex 13.2627 -1.84132 1.5
      vertex 13.3517 -1.80187 1.5
      vertex 12.9401 -1.06246 0.289999
    endloop
  endfacet
  facet normal 0.713927 -0.404534 0.571543
    outer loop
      vertex 11.4858 0.542106 0.289999
      vertex 10.7903 1.02422 1.5
      vertex 10.7423 0.939509 1.5
    endloop
  endfacet
  facet normal 0.0201498 0.820326 0.571541
    outer loop
      vertex 12.4995 -1.99302 1.5
      vertex 12.4436 -1.14861 0.289999
      vertex 12.4022 -1.99063 1.5
    endloop
  endfacet
  facet normal -0.10049 -0.814394 0.571545
    outer loop
      vertex 12.6687 1.13755 0.289999
      vertex 12.792 1.97152 1.5
      vertex 12.6127 1.14446 0.289999
    endloop
  endfacet
  facet normal -0.121712 -0.811416 0.571656
    outer loop
      vertex 12.792 1.97152 1.5
      vertex 12.6687 1.13755 0.289999
      vertex 12.7924 1.97146 1.5
    endloop
  endfacet
  facet normal 0.368792 -0.733033 0.571537
    outer loop
      vertex 11.9579 1.01421 0.289999
      vertex 11.6475 1.80147 1.5
      vertex 11.5605 1.7577 1.5
    endloop
  endfacet
  facet normal 0.218873 0.790844 0.571543
    outer loop
      vertex 12.0157 -1.9333 1.5
      vertex 12.2206 -1.11554 0.289999
      vertex 11.9219 -1.90734 1.5
    endloop
  endfacet
  facet normal -0.765432 0.295771 0.571519
    outer loop
      vertex 14.3413 -0.7627 1.5
      vertex 14.3764 -0.671864 1.5
      vertex 13.5625 -0.440085 0.289999
    endloop
  endfacet
  facet normal 0.0603439 -0.818351 0.571542
    outer loop
      vertex 12.4436 1.14861 0.289999
      vertex 12.4022 1.99063 1.5
      vertex 12.3051 1.98347 1.5
    endloop
  endfacet
  facet normal 0.779266 -0.257097 0.571529
    outer loop
      vertex 11.3995 0.333827 0.289999
      vertex 10.6233 0.670993 1.5
      vertex 10.5928 0.578547 1.5
    endloop
  endfacet
  facet normal 0.179919 0.800609 0.571538
    outer loop
      vertex 12.2206 -1.11554 0.289999
      vertex 12.0162 -1.9334 1.5
      vertex 12.2756 -1.1279 0.289999
    endloop
  endfacet
  facet normal 0.160973 0.804863 0.571213
    outer loop
      vertex 12.0162 -1.9334 1.5
      vertex 12.2206 -1.11554 0.289999
      vertex 12.0157 -1.9333 1.5
    endloop
  endfacet
  facet normal 0.536057 -0.621284 0.571532
    outer loop
      vertex 11.7704 0.888962 0.289999
      vertex 11.2356 1.54063 1.5
      vertex 11.1619 1.47704 1.5
    endloop
  endfacet
  facet normal 0.801341 -0.179673 0.570587
    outer loop
      vertex 10.5927 0.578101 1.5
      vertex 11.3995 0.333827 0.289999
      vertex 10.5928 0.578547 1.5
    endloop
  endfacet
  facet normal 0.791076 -0.218128 0.571506
    outer loop
      vertex 11.3995 0.333827 0.289999
      vertex 10.5927 0.578101 1.5
      vertex 11.3845 0.279427 0.289999
    endloop
  endfacet
  facet normal 0.438924 0.693313 0.571544
    outer loop
      vertex 11.8611 -0.956189 0.289999
      vertex 11.3931 -1.65739 1.5
      vertex 11.9088 -0.986387 0.289999
    endloop
  endfacet
  facet normal 0.4223 0.703833 0.57121
    outer loop
      vertex 11.3931 -1.65739 1.5
      vertex 11.8611 -0.956189 0.289999
      vertex 11.3927 -1.65715 1.5
    endloop
  endfacet
  facet normal 0.814444 -0.100301 0.571508
    outer loop
      vertex 11.3555 0.11272 0.289999
      vertex 10.5285 0.291979 1.5
      vertex 10.5166 0.195351 1.5
    endloop
  endfacet
  facet normal 0.621323 -0.53603 0.571514
    outer loop
      vertex 11.611 0.729552 0.289999
      vertex 11.023 1.33809 1.5
      vertex 10.9594 1.26437 1.5
    endloop
  endfacet
  facet normal -0.332525 -0.750182 0.571536
    outer loop
      vertex 13.3517 1.80187 1.5
      vertex 13.2627 1.84132 1.5
      vertex 12.9401 1.06246 0.289999
    endloop
  endfacet
  facet normal -0.818391 -0.0598437 0.571537
    outer loop
      vertex 14.4906 0.0977931 1.5
      vertex 14.4835 0.194889 1.5
      vertex 13.6486 0.056427 0.289999
    endloop
  endfacet
  facet normal -0.271053 0.774438 0.571643
    outer loop
      vertex 12.8874 -1.08278 0.289999
      vertex 13.171 -1.87667 1.5
      vertex 13.1714 -1.87653 1.5
    endloop
  endfacet
  facet normal -0.257307 0.779189 0.571539
    outer loop
      vertex 13.171 -1.87667 1.5
      vertex 12.8874 -1.08278 0.289999
      vertex 12.8338 -1.10048 0.289999
    endloop
  endfacet
  facet normal -0.814444 0.100301 0.571508
    outer loop
      vertex 14.4715 -0.291979 1.5
      vertex 14.4834 -0.195351 1.5
      vertex 13.6445 -0.11272 0.289999
    endloop
  endfacet
  facet normal 0.0603439 0.818351 0.571542
    outer loop
      vertex 12.4022 -1.99063 1.5
      vertex 12.4436 -1.14861 0.289999
      vertex 12.3051 -1.98347 1.5
    endloop
  endfacet
  facet normal 0.765432 -0.295771 0.571519
    outer loop
      vertex 11.4375 0.440085 0.289999
      vertex 10.6587 0.7627 1.5
      vertex 10.6236 0.671864 1.5
    endloop
  endfacet
  facet normal -0.594457 0.565665 0.571527
    outer loop
      vertex 13.3132 -0.813172 0.289999
      vertex 13.9767 -1.33844 1.5
      vertex 13.3521 -0.772292 0.289999
    endloop
  endfacet
  facet normal -0.606822 0.551656 0.572226
    outer loop
      vertex 13.9767 -1.33844 1.5
      vertex 13.3132 -0.813172 0.289999
      vertex 13.9764 -1.33877 1.5
    endloop
  endfacet
  facet normal -0.670738 -0.472718 0.571532
    outer loop
      vertex 14.1569 1.10765 1.5
      vertex 14.1008 1.18725 1.5
      vertex 13.4237 0.685054 0.289999
    endloop
  endfacet
  facet normal -0.791076 0.218128 0.571506
    outer loop
      vertex 13.6005 -0.333827 0.289999
      vertex 14.4073 -0.578101 1.5
      vertex 13.6155 -0.279427 0.289999
    endloop
  endfacet
  facet normal -0.801341 0.179673 0.570587
    outer loop
      vertex 14.4073 -0.578101 1.5
      vertex 13.6005 -0.333827 0.289999
      vertex 14.4072 -0.578547 1.5
    endloop
  endfacet
  facet normal 0.790772 0.219111 0.57155
    outer loop
      vertex 10.5927 -0.578101 1.5
      vertex 11.3845 -0.279427 0.289999
      vertex 10.5667 -0.484267 1.5
    endloop
  endfacet
  facet normal 0.823398 -0 0.567464
    outer loop
      vertex 10.5285 0.291979 1.5
      vertex 11.3624 0.168739 0.289999
      vertex 10.5285 0.292439 1.5
    endloop
  endfacet
  facet normal 0.814441 -0.100317 0.571508
    outer loop
      vertex 11.3624 0.168739 0.289999
      vertex 10.5285 0.291979 1.5
      vertex 11.3555 0.11272 0.289999
    endloop
  endfacet
  facet normal -0.0603439 0.818351 0.571542
    outer loop
      vertex 12.5978 -1.99063 1.5
      vertex 12.6949 -1.98347 1.5
      vertex 12.5564 -1.14861 0.289999
    endloop
  endfacet
  facet normal 0.808423 -0.140739 0.571529
    outer loop
      vertex 11.3721 0.224354 0.289999
      vertex 10.5453 0.388821 1.5
      vertex 10.5286 0.292894 1.5
    endloop
  endfacet
  facet normal 0.43885 -0.693364 0.57154
    outer loop
      vertex 11.9088 0.986387 0.289999
      vertex 11.4754 1.70948 1.5
      vertex 11.3931 1.65739 1.5
    endloop
  endfacet
  facet normal -0.750361 0.332152 0.571519
    outer loop
      vertex 14.3019 -0.851708 1.5
      vertex 14.3413 -0.7627 1.5
      vertex 13.5625 -0.440085 0.289999
    endloop
  endfacet
  facet normal -0.779184 0.257324 0.571539
    outer loop
      vertex 13.5828 -0.387423 0.289999
      vertex 14.3767 -0.670993 1.5
      vertex 13.6005 -0.333827 0.289999
    endloop
  endfacet
  facet normal -0.74753 0.34056 0.570278
    outer loop
      vertex 14.3767 -0.670993 1.5
      vertex 13.5828 -0.387423 0.289999
      vertex 14.3765 -0.671432 1.5
    endloop
  endfacet
  facet normal 0.257264 -0.779205 0.571537
    outer loop
      vertex 12.1662 1.10048 0.289999
      vertex 11.9215 1.90721 1.5
      vertex 11.829 1.87667 1.5
    endloop
  endfacet
  facet normal -0.732831 0.369192 0.571539
    outer loop
      vertex 13.5142 -0.542106 0.289999
      vertex 14.3017 -0.852131 1.5
      vertex 13.5396 -0.491688 0.289999
    endloop
  endfacet
  facet normal -0.738538 0.356782 0.572074
    outer loop
      vertex 14.3017 -0.852131 1.5
      vertex 13.5142 -0.542106 0.289999
      vertex 14.3015 -0.852545 1.5
    endloop
  endfacet
  facet normal -0.369068 -0.732902 0.571528
    outer loop
      vertex 13.0421 1.01421 0.289999
      vertex 13.3521 1.80168 1.5
      vertex 12.9917 1.03959 0.289999
    endloop
  endfacet
  facet normal -0.381646 -0.726945 0.570874
    outer loop
      vertex 13.3521 1.80168 1.5
      vertex 13.0421 1.01421 0.289999
      vertex 13.3525 1.80147 1.5
    endloop
  endfacet
  facet normal -0.693229 0.439062 0.57154
    outer loop
      vertex 14.1574 -1.10688 1.5
      vertex 14.2095 -1.02462 1.5
      vertex 13.4864 -0.591218 0.289999
    endloop
  endfacet
  facet normal 0.623052 -0.534044 0.571492
    outer loop
      vertex 11.023 1.33809 1.5
      vertex 11.6479 0.772292 0.289999
      vertex 11.0233 1.33844 1.5
    endloop
  endfacet
  facet normal 0.621121 -0.536251 0.571527
    outer loop
      vertex 11.6479 0.772292 0.289999
      vertex 11.023 1.33809 1.5
      vertex 11.611 0.729552 0.289999
    endloop
  endfacet
  facet normal -0.790772 -0.219111 0.57155
    outer loop
      vertex 14.4333 0.484267 1.5
      vertex 14.4073 0.578101 1.5
      vertex 13.6155 0.279427 0.289999
    endloop
  endfacet
  facet normal -0.725335 -0.381755 0.572846
    outer loop
      vertex 13.4237 0.685054 0.289999
      vertex 14.1571 1.10727 1.5
      vertex 14.1569 1.10765 1.5
    endloop
  endfacet
  facet normal -0.670909 -0.472491 0.571518
    outer loop
      vertex 14.1571 1.10727 1.5
      vertex 13.4237 0.685054 0.289999
      vertex 13.4562 0.638906 0.289999
    endloop
  endfacet
  facet normal -0.606822 -0.551656 0.572226
    outer loop
      vertex 13.3132 0.813172 0.289999
      vertex 13.9767 1.33844 1.5
      vertex 13.9764 1.33877 1.5
    endloop
  endfacet
  facet normal -0.594457 -0.565665 0.571527
    outer loop
      vertex 13.9767 1.33844 1.5
      vertex 13.3132 0.813172 0.289999
      vertex 13.3521 0.772292 0.289999
    endloop
  endfacet
  facet normal -0.368792 -0.733033 0.571537
    outer loop
      vertex 13.4395 1.7577 1.5
      vertex 13.3525 1.80147 1.5
      vertex 13.0421 1.01421 0.289999
    endloop
  endfacet
  facet normal 0.650826 -0.500636 0.57078
    outer loop
      vertex 10.8426 1.10688 1.5
      vertex 11.5438 0.638906 0.289999
      vertex 10.8429 1.10727 1.5
    endloop
  endfacet
  facet normal 0.693253 -0.439026 0.571538
    outer loop
      vertex 11.5438 0.638906 0.289999
      vertex 10.8426 1.10688 1.5
      vertex 11.5136 0.591218 0.289999
    endloop
  endfacet
  facet normal 0.332499 0.750195 0.571535
    outer loop
      vertex 12.0083 -1.03959 0.289999
      vertex 11.6483 -1.80187 1.5
      vertex 12.0599 -1.06246 0.289999
    endloop
  endfacet
  facet normal 0.352042 0.74114 0.571645
    outer loop
      vertex 11.6483 -1.80187 1.5
      vertex 12.0083 -1.03959 0.289999
      vertex 11.6479 -1.80168 1.5
    endloop
  endfacet
  facet normal -0.82033 -0.0202279 0.571532
    outer loop
      vertex 14.493 0.000462493 1.5
      vertex 14.4906 0.0977931 1.5
      vertex 13.6486 0.056427 0.289999
    endloop
  endfacet
  facet normal -0.820504 0 0.57164
    outer loop
      vertex 13.65 0 0.289999
      vertex 14.493 -0.000462493 1.5
      vertex 14.493 0 1.5
    endloop
  endfacet
  facet normal -0.820331 0.0203531 0.571527
    outer loop
      vertex 14.493 -0.000462493 1.5
      vertex 13.65 0 0.289999
      vertex 13.6486 -0.056427 0.289999
    endloop
  endfacet
  facet normal -0.818391 0.0598437 0.571537
    outer loop
      vertex 14.4835 -0.194889 1.5
      vertex 14.4906 -0.0977931 1.5
      vertex 13.6486 -0.056427 0.289999
    endloop
  endfacet
  facet normal -0.714113 0.404226 0.571527
    outer loop
      vertex 13.4864 -0.591218 0.289999
      vertex 14.2097 -1.02422 1.5
      vertex 13.5142 -0.542106 0.289999
    endloop
  endfacet
  facet normal -0.734569 0.367284 0.570536
    outer loop
      vertex 14.2097 -1.02422 1.5
      vertex 13.4864 -0.591218 0.289999
      vertex 14.2095 -1.02462 1.5
    endloop
  endfacet
  facet normal -0.801341 -0.179673 0.570587
    outer loop
      vertex 13.6005 0.333827 0.289999
      vertex 14.4073 0.578101 1.5
      vertex 14.4072 0.578547 1.5
    endloop
  endfacet
  facet normal -0.791076 -0.218128 0.571506
    outer loop
      vertex 14.4073 0.578101 1.5
      vertex 13.6005 0.333827 0.289999
      vertex 13.6155 0.279427 0.289999
    endloop
  endfacet
  facet normal -0.750361 -0.332152 0.571519
    outer loop
      vertex 14.3413 0.7627 1.5
      vertex 14.3019 0.851708 1.5
      vertex 13.5625 0.440085 0.289999
    endloop
  endfacet
  facet normal -0.74753 -0.34056 0.570278
    outer loop
      vertex 13.5828 0.387423 0.289999
      vertex 14.3767 0.670993 1.5
      vertex 14.3765 0.671432 1.5
    endloop
  endfacet
  facet normal -0.779184 -0.257324 0.571539
    outer loop
      vertex 14.3767 0.670993 1.5
      vertex 13.5828 0.387423 0.289999
      vertex 13.6005 0.333827 0.289999
    endloop
  endfacet
  facet normal 0.218873 -0.790844 0.571543
    outer loop
      vertex 12.2206 1.11554 0.289999
      vertex 12.0157 1.9333 1.5
      vertex 11.9219 1.90734 1.5
    endloop
  endfacet
  facet normal -0.536057 0.621284 0.571532
    outer loop
      vertex 13.7644 -1.54063 1.5
      vertex 13.8381 -1.47704 1.5
      vertex 13.2296 -0.888962 0.289999
    endloop
  endfacet
  facet normal 0.732865 0.369112 0.571546
    outer loop
      vertex 10.7423 -0.939509 1.5
      vertex 11.4858 -0.542106 0.289999
      vertex 10.6985 -0.852545 1.5
    endloop
  endfacet
  facet normal -0.140285 -0.808496 0.571537
    outer loop
      vertex 12.8888 1.95474 1.5
      vertex 12.7929 1.97138 1.5
      vertex 12.7244 1.1279 0.289999
    endloop
  endfacet
  facet normal -0.779266 -0.257097 0.571529
    outer loop
      vertex 14.4072 0.578547 1.5
      vertex 14.3767 0.670993 1.5
      vertex 13.6005 0.333827 0.289999
    endloop
  endfacet
  facet normal -0.218931 -0.790826 0.571545
    outer loop
      vertex 12.8338 1.10048 0.289999
      vertex 13.0781 1.90734 1.5
      vertex 12.7794 1.11554 0.289999
    endloop
  endfacet
  facet normal -0.25362 -0.78037 0.571577
    outer loop
      vertex 13.0781 1.90734 1.5
      vertex 12.8338 1.10048 0.289999
      vertex 13.0785 1.90721 1.5
    endloop
  endfacet
  facet normal -0.650826 -0.500636 0.57078
    outer loop
      vertex 13.4562 0.638906 0.289999
      vertex 14.1574 1.10688 1.5
      vertex 14.1571 1.10727 1.5
    endloop
  endfacet
  facet normal -0.693253 -0.439026 0.571538
    outer loop
      vertex 14.1574 1.10688 1.5
      vertex 13.4562 0.638906 0.289999
      vertex 13.4864 0.591218 0.289999
    endloop
  endfacet
  facet normal 0.295428 -0.76555 0.571538
    outer loop
      vertex 12.0599 1.06246 0.289999
      vertex 11.8281 1.87636 1.5
      vertex 11.7373 1.84132 1.5
    endloop
  endfacet
  facet normal 0.352042 -0.74114 0.571645
    outer loop
      vertex 12.0083 1.03959 0.289999
      vertex 11.6483 1.80187 1.5
      vertex 11.6479 1.80168 1.5
    endloop
  endfacet
  facet normal 0.332499 -0.750195 0.571535
    outer loop
      vertex 11.6483 1.80187 1.5
      vertex 12.0083 1.03959 0.289999
      vertex 12.0599 1.06246 0.289999
    endloop
  endfacet
  facet normal -0.800521 0.180242 0.571558
    outer loop
      vertex 13.6155 -0.279427 0.289999
      vertex 14.4334 -0.483816 1.5
      vertex 13.6279 -0.224354 0.289999
    endloop
  endfacet
  facet normal -0.801127 0.177633 0.571527
    outer loop
      vertex 14.4334 -0.483816 1.5
      vertex 13.6155 -0.279427 0.289999
      vertex 14.4333 -0.484267 1.5
    endloop
  endfacet
  facet normal -0.0603227 -0.818353 0.571541
    outer loop
      vertex 12.6127 1.14446 0.289999
      vertex 12.6949 1.98347 1.5
      vertex 12.5564 1.14861 0.289999
    endloop
  endfacet
  facet normal -0.0491528 -0.819213 0.571379
    outer loop
      vertex 12.6949 1.98347 1.5
      vertex 12.6127 1.14446 0.289999
      vertex 12.6954 1.98344 1.5
    endloop
  endfacet
  facet normal 0.100492 0.814394 0.571546
    outer loop
      vertex 12.3046 -1.98344 1.5
      vertex 12.3873 -1.14446 0.289999
      vertex 12.208 -1.97152 1.5
    endloop
  endfacet
  facet normal 0.646928 0.504833 0.571514
    outer loop
      vertex 10.9594 -1.26437 1.5
      vertex 11.611 -0.729552 0.289999
      vertex 10.8995 -1.18761 1.5
    endloop
  endfacet
  facet normal 0.140285 0.808496 0.571537
    outer loop
      vertex 12.2071 -1.97138 1.5
      vertex 12.2756 -1.1279 0.289999
      vertex 12.1112 -1.95474 1.5
    endloop
  endfacet
  facet normal 0.693253 0.439026 0.571538
    outer loop
      vertex 10.8426 -1.10688 1.5
      vertex 11.5438 -0.638906 0.289999
      vertex 11.5136 -0.591218 0.289999
    endloop
  endfacet
  facet normal 0.650826 0.500636 0.57078
    outer loop
      vertex 11.5438 -0.638906 0.289999
      vertex 10.8426 -1.10688 1.5
      vertex 10.8429 -1.10727 1.5
    endloop
  endfacet
  facet normal 0.80838 0.140992 0.571527
    outer loop
      vertex 10.5285 -0.292439 1.5
      vertex 11.3721 -0.224354 0.289999
      vertex 11.3624 -0.168739 0.289999
    endloop
  endfacet
  facet normal 0.80276 0.176431 0.569604
    outer loop
      vertex 11.3721 -0.224354 0.289999
      vertex 10.5285 -0.292439 1.5
      vertex 10.5286 -0.292894 1.5
    endloop
  endfacet
  facet normal -0.823398 0 0.567464
    outer loop
      vertex 13.6376 0.168739 0.289999
      vertex 14.4715 0.291979 1.5
      vertex 14.4715 0.292439 1.5
    endloop
  endfacet
  facet normal -0.814441 -0.100317 0.571508
    outer loop
      vertex 14.4715 0.291979 1.5
      vertex 13.6376 0.168739 0.289999
      vertex 13.6445 0.11272 0.289999
    endloop
  endfacet
  facet normal -0.257264 -0.779205 0.571537
    outer loop
      vertex 13.171 1.87667 1.5
      vertex 13.0785 1.90721 1.5
      vertex 12.8338 1.10048 0.289999
    endloop
  endfacet
  facet normal -0.779266 0.257097 0.571529
    outer loop
      vertex 14.3767 -0.670993 1.5
      vertex 14.4072 -0.578547 1.5
      vertex 13.6005 -0.333827 0.289999
    endloop
  endfacet
  facet normal -0.0202173 0.820326 0.571538
    outer loop
      vertex 12.5 -1.15 0.289999
      vertex 12.5005 -1.99302 1.5
      vertex 12.5564 -1.14861 0.289999
    endloop
  endfacet
  facet normal -0.0164077 0.820384 0.571577
    outer loop
      vertex 12.5005 -1.99302 1.5
      vertex 12.5 -1.15 0.289999
      vertex 12.5 -1.99303 1.5
    endloop
  endfacet
  facet normal 0.179846 0.800627 0.571534
    outer loop
      vertex 12.1112 -1.95474 1.5
      vertex 12.2756 -1.1279 0.289999
      vertex 12.0162 -1.9334 1.5
    endloop
  endfacet
  facet normal 0.800702 -0.179535 0.571527
    outer loop
      vertex 11.3721 0.224354 0.289999
      vertex 10.5666 0.483816 1.5
      vertex 10.5453 0.388821 1.5
    endloop
  endfacet
  facet normal 0.765672 0.295149 0.571519
    outer loop
      vertex 10.6235 -0.671432 1.5
      vertex 11.4375 -0.440085 0.289999
      vertex 11.4172 -0.387423 0.289999
    endloop
  endfacet
  facet normal 0.798685 0.184881 0.572645
    outer loop
      vertex 11.4375 -0.440085 0.289999
      vertex 10.6235 -0.671432 1.5
      vertex 10.6236 -0.671864 1.5
    endloop
  endfacet
  facet normal 0.80276 -0.176431 0.569604
    outer loop
      vertex 10.5285 0.292439 1.5
      vertex 11.3721 0.224354 0.289999
      vertex 10.5286 0.292894 1.5
    endloop
  endfacet
  facet normal 0.80838 -0.140992 0.571527
    outer loop
      vertex 11.3721 0.224354 0.289999
      vertex 10.5285 0.292439 1.5
      vertex 11.3624 0.168739 0.289999
    endloop
  endfacet
  facet normal -0.565858 -0.594265 0.571537
    outer loop
      vertex 13.9093 1.40929 1.5
      vertex 13.8388 1.47642 1.5
      vertex 13.3132 0.813172 0.289999
    endloop
  endfacet
  facet normal -0.295428 -0.76555 0.571538
    outer loop
      vertex 13.2627 1.84132 1.5
      vertex 13.1719 1.87636 1.5
      vertex 12.9401 1.06246 0.289999
    endloop
  endfacet
  facet normal 0.332525 0.750182 0.571536
    outer loop
      vertex 11.7373 -1.84132 1.5
      vertex 12.0599 -1.06246 0.289999
      vertex 11.6483 -1.80187 1.5
    endloop
  endfacet
  facet normal 0.295428 0.76555 0.571538
    outer loop
      vertex 11.8281 -1.87636 1.5
      vertex 12.0599 -1.06246 0.289999
      vertex 11.7373 -1.84132 1.5
    endloop
  endfacet
  facet normal -0.818415 0.0596078 0.571527
    outer loop
      vertex 13.6445 -0.11272 0.289999
      vertex 14.4835 -0.194889 1.5
      vertex 13.6486 -0.056427 0.289999
    endloop
  endfacet
  facet normal -0.803676 0.173956 0.569073
    outer loop
      vertex 14.4835 -0.194889 1.5
      vertex 13.6445 -0.11272 0.289999
      vertex 14.4834 -0.195351 1.5
    endloop
  endfacet
  facet normal -0.80838 0.140992 0.571527
    outer loop
      vertex 13.6279 -0.224354 0.289999
      vertex 14.4715 -0.292439 1.5
      vertex 13.6376 -0.168739 0.289999
    endloop
  endfacet
  facet normal -0.80276 0.176431 0.569604
    outer loop
      vertex 14.4715 -0.292439 1.5
      vertex 13.6279 -0.224354 0.289999
      vertex 14.4714 -0.292894 1.5
    endloop
  endfacet
  facet normal -0.75003 0.332843 0.571551
    outer loop
      vertex 13.5396 -0.491688 0.289999
      vertex 14.3019 -0.851708 1.5
      vertex 13.5625 -0.440085 0.289999
    endloop
  endfacet
  facet normal -0.741759 0.350714 0.571658
    outer loop
      vertex 14.3019 -0.851708 1.5
      vertex 13.5396 -0.491688 0.289999
      vertex 14.3017 -0.852131 1.5
    endloop
  endfacet
  facet normal -0.765672 0.295149 0.571519
    outer loop
      vertex 13.5625 -0.440085 0.289999
      vertex 14.3765 -0.671432 1.5
      vertex 13.5828 -0.387423 0.289999
    endloop
  endfacet
  facet normal -0.798685 0.184881 0.572645
    outer loop
      vertex 14.3765 -0.671432 1.5
      vertex 13.5625 -0.440085 0.289999
      vertex 14.3764 -0.671864 1.5
    endloop
  endfacet
  facet normal -0.43885 0.693364 0.57154
    outer loop
      vertex 13.5246 -1.70948 1.5
      vertex 13.6069 -1.65739 1.5
      vertex 13.0912 -0.986387 0.289999
    endloop
  endfacet
  facet normal -0.504662 -0.647046 0.571531
    outer loop
      vertex 13.7644 1.54063 1.5
      vertex 13.6876 1.60053 1.5
      vertex 13.2296 0.888962 0.289999
    endloop
  endfacet
  facet normal 0.129596 -0.809977 0.571964
    outer loop
      vertex 12.2756 1.1279 0.289999
      vertex 12.2076 1.97146 1.5
      vertex 12.2071 1.97138 1.5
    endloop
  endfacet
  facet normal 0.140077 -0.808528 0.571543
    outer loop
      vertex 12.2076 1.97146 1.5
      vertex 12.2756 1.1279 0.289999
      vertex 12.3313 1.13755 0.289999
    endloop
  endfacet
  facet normal 0.332525 -0.750182 0.571536
    outer loop
      vertex 12.0599 1.06246 0.289999
      vertex 11.7373 1.84132 1.5
      vertex 11.6483 1.80187 1.5
    endloop
  endfacet
  facet normal -0.129596 0.809977 0.571964
    outer loop
      vertex 12.7244 -1.1279 0.289999
      vertex 12.7924 -1.97146 1.5
      vertex 12.7929 -1.97138 1.5
    endloop
  endfacet
  facet normal -0.140077 0.808528 0.571543
    outer loop
      vertex 12.7924 -1.97146 1.5
      vertex 12.7244 -1.1279 0.289999
      vertex 12.6687 -1.13755 0.289999
    endloop
  endfacet
  facet normal 0.820504 -0 0.57164
    outer loop
      vertex 10.507 -0.000462493 1.5
      vertex 11.35 0 0.289999
      vertex 10.507 0 1.5
    endloop
  endfacet
  facet normal 0.820331 0.0203531 0.571527
    outer loop
      vertex 11.35 0 0.289999
      vertex 10.507 -0.000462493 1.5
      vertex 11.3514 -0.056427 0.289999
    endloop
  endfacet
  facet normal -0.82033 0.0202279 0.571532
    outer loop
      vertex 14.4906 -0.0977931 1.5
      vertex 14.493 -0.000462493 1.5
      vertex 13.6486 -0.056427 0.289999
    endloop
  endfacet
  facet normal -0.4223 0.703833 0.57121
    outer loop
      vertex 13.1389 -0.956189 0.289999
      vertex 13.6069 -1.65739 1.5
      vertex 13.6073 -1.65715 1.5
    endloop
  endfacet
  facet normal -0.438924 0.693313 0.571544
    outer loop
      vertex 13.6069 -1.65739 1.5
      vertex 13.1389 -0.956189 0.289999
      vertex 13.0912 -0.986387 0.289999
    endloop
  endfacet
  facet normal -0.814444 -0.100301 0.571508
    outer loop
      vertex 14.4834 0.195351 1.5
      vertex 14.4715 0.291979 1.5
      vertex 13.6445 0.11272 0.289999
    endloop
  endfacet
  facet normal -0.803676 -0.173956 0.569073
    outer loop
      vertex 13.6445 0.11272 0.289999
      vertex 14.4835 0.194889 1.5
      vertex 14.4834 0.195351 1.5
    endloop
  endfacet
  facet normal -0.818415 -0.0596078 0.571527
    outer loop
      vertex 14.4835 0.194889 1.5
      vertex 13.6445 0.11272 0.289999
      vertex 13.6486 0.056427 0.289999
    endloop
  endfacet
  facet normal 0.818391 0.0598437 0.571537
    outer loop
      vertex 10.5165 -0.194889 1.5
      vertex 11.3514 -0.056427 0.289999
      vertex 10.5094 -0.0977931 1.5
    endloop
  endfacet
  facet normal -0.0164077 -0.820384 0.571577
    outer loop
      vertex 12.5 1.15 0.289999
      vertex 12.5005 1.99302 1.5
      vertex 12.5 1.99303 1.5
    endloop
  endfacet
  facet normal -0.0202173 -0.820326 0.571538
    outer loop
      vertex 12.5005 1.99302 1.5
      vertex 12.5 1.15 0.289999
      vertex 12.5564 1.14861 0.289999
    endloop
  endfacet
  facet normal -0.670738 0.472718 0.571532
    outer loop
      vertex 14.1008 -1.18725 1.5
      vertex 14.1569 -1.10765 1.5
      vertex 13.4237 -0.685054 0.289999
    endloop
  endfacet
  facet normal -0.693253 0.439026 0.571538
    outer loop
      vertex 13.4562 -0.638906 0.289999
      vertex 14.1574 -1.10688 1.5
      vertex 13.4864 -0.591218 0.289999
    endloop
  endfacet
  facet normal -0.650826 0.500636 0.57078
    outer loop
      vertex 14.1574 -1.10688 1.5
      vertex 13.4562 -0.638906 0.289999
      vertex 14.1571 -1.10727 1.5
    endloop
  endfacet
  facet normal -0.594473 0.565643 0.571533
    outer loop
      vertex 13.9093 -1.40929 1.5
      vertex 13.9764 -1.33877 1.5
      vertex 13.3132 -0.813172 0.289999
    endloop
  endfacet
  facet normal -0.100492 0.814394 0.571546
    outer loop
      vertex 12.6954 -1.98344 1.5
      vertex 12.792 -1.97152 1.5
      vertex 12.6127 -1.14446 0.289999
    endloop
  endfacet
  facet normal 0.4725 -0.670906 0.571515
    outer loop
      vertex 11.8149 0.923688 0.289999
      vertex 11.3924 1.65688 1.5
      vertex 11.3128 1.60082 1.5
    endloop
  endfacet
  facet normal -0.438924 -0.693313 0.571544
    outer loop
      vertex 13.1389 0.956189 0.289999
      vertex 13.6069 1.65739 1.5
      vertex 13.0912 0.986387 0.289999
    endloop
  endfacet
  facet normal -0.4223 -0.703833 0.57121
    outer loop
      vertex 13.6069 1.65739 1.5
      vertex 13.1389 0.956189 0.289999
      vertex 13.6073 1.65715 1.5
    endloop
  endfacet
  facet normal -0.552161 0.613512 0.564554
    outer loop
      vertex 13.1851 -0.923688 0.289999
      vertex 13.6073 -1.65715 1.5
      vertex 13.6076 -1.65688 1.5
    endloop
  endfacet
  facet normal -0.472131 0.671131 0.571556
    outer loop
      vertex 13.6073 -1.65715 1.5
      vertex 13.1851 -0.923688 0.289999
      vertex 13.1389 -0.956189 0.289999
    endloop
  endfacet
  facet normal 0.741759 -0.350714 0.571658
    outer loop
      vertex 10.6981 0.851708 1.5
      vertex 11.4604 0.491688 0.289999
      vertex 10.6983 0.852131 1.5
    endloop
  endfacet
  facet normal 0.75003 -0.332843 0.571551
    outer loop
      vertex 11.4604 0.491688 0.289999
      vertex 10.6981 0.851708 1.5
      vertex 11.4375 0.440085 0.289999
    endloop
  endfacet
  facet normal -0.160973 0.804863 0.571213
    outer loop
      vertex 12.7794 -1.11554 0.289999
      vertex 12.9838 -1.9334 1.5
      vertex 12.9843 -1.9333 1.5
    endloop
  endfacet
  facet normal -0.179919 0.800609 0.571538
    outer loop
      vertex 12.9838 -1.9334 1.5
      vertex 12.7794 -1.11554 0.289999
      vertex 12.7244 -1.1279 0.289999
    endloop
  endfacet
  facet normal 0.808423 0.140739 0.571529
    outer loop
      vertex 10.5453 -0.388821 1.5
      vertex 11.3721 -0.224354 0.289999
      vertex 10.5286 -0.292894 1.5
    endloop
  endfacet
  facet normal 0.594473 -0.565643 0.571533
    outer loop
      vertex 11.6868 0.813172 0.289999
      vertex 11.0907 1.40929 1.5
      vertex 11.0236 1.33877 1.5
    endloop
  endfacet
  facet normal 0.74753 -0.34056 0.570278
    outer loop
      vertex 10.6233 0.670993 1.5
      vertex 11.4172 0.387423 0.289999
      vertex 10.6235 0.671432 1.5
    endloop
  endfacet
  facet normal 0.779184 -0.257324 0.571539
    outer loop
      vertex 11.4172 0.387423 0.289999
      vertex 10.6233 0.670993 1.5
      vertex 11.3995 0.333827 0.289999
    endloop
  endfacet
  facet normal -0.621323 0.53603 0.571514
    outer loop
      vertex 13.977 -1.33809 1.5
      vertex 14.0406 -1.26437 1.5
      vertex 13.389 -0.729552 0.289999
    endloop
  endfacet
  facet normal 0.257307 0.779189 0.571539
    outer loop
      vertex 12.1126 -1.08278 0.289999
      vertex 11.829 -1.87667 1.5
      vertex 12.1662 -1.10048 0.289999
    endloop
  endfacet
  facet normal 0.271053 0.774438 0.571643
    outer loop
      vertex 11.829 -1.87667 1.5
      vertex 12.1126 -1.08278 0.289999
      vertex 11.8286 -1.87653 1.5
    endloop
  endfacet
  facet normal 0.4725 0.670906 0.571515
    outer loop
      vertex 11.3924 -1.65688 1.5
      vertex 11.8149 -0.923688 0.289999
      vertex 11.3128 -1.60082 1.5
    endloop
  endfacet
  facet normal -0.798685 -0.184881 0.572645
    outer loop
      vertex 13.5625 0.440085 0.289999
      vertex 14.3765 0.671432 1.5
      vertex 14.3764 0.671864 1.5
    endloop
  endfacet
  facet normal -0.765672 -0.295149 0.571519
    outer loop
      vertex 14.3765 0.671432 1.5
      vertex 13.5625 0.440085 0.289999
      vertex 13.5828 0.387423 0.289999
    endloop
  endfacet
  facet normal -0.536057 -0.621284 0.571532
    outer loop
      vertex 13.8381 1.47704 1.5
      vertex 13.7644 1.54063 1.5
      vertex 13.2296 0.888962 0.289999
    endloop
  endfacet
  facet normal -0.670909 0.472491 0.571518
    outer loop
      vertex 13.4237 -0.685054 0.289999
      vertex 14.1571 -1.10727 1.5
      vertex 13.4562 -0.638906 0.289999
    endloop
  endfacet
  facet normal -0.725335 0.381755 0.572846
    outer loop
      vertex 14.1571 -1.10727 1.5
      vertex 13.4237 -0.685054 0.289999
      vertex 14.1569 -1.10765 1.5
    endloop
  endfacet
  facet normal -0.808423 -0.140739 0.571529
    outer loop
      vertex 14.4714 0.292894 1.5
      vertex 14.4547 0.388821 1.5
      vertex 13.6279 0.224354 0.289999
    endloop
  endfacet
  facet normal -0.801127 -0.177633 0.571527
    outer loop
      vertex 13.6155 0.279427 0.289999
      vertex 14.4334 0.483816 1.5
      vertex 14.4333 0.484267 1.5
    endloop
  endfacet
  facet normal -0.800521 -0.180242 0.571558
    outer loop
      vertex 14.4334 0.483816 1.5
      vertex 13.6155 0.279427 0.289999
      vertex 13.6279 0.224354 0.289999
    endloop
  endfacet
  facet normal 0.779266 0.257097 0.571529
    outer loop
      vertex 10.6233 -0.670993 1.5
      vertex 11.3995 -0.333827 0.289999
      vertex 10.5928 -0.578547 1.5
    endloop
  endfacet
  facet normal -0.646928 0.504833 0.571514
    outer loop
      vertex 14.0406 -1.26437 1.5
      vertex 14.1005 -1.18761 1.5
      vertex 13.389 -0.729552 0.289999
    endloop
  endfacet
  facet normal 0.818391 -0.0598437 0.571537
    outer loop
      vertex 11.3514 0.056427 0.289999
      vertex 10.5165 0.194889 1.5
      vertex 10.5094 0.0977931 1.5
    endloop
  endfacet
  facet normal 0.803676 -0.173956 0.569073
    outer loop
      vertex 10.5165 0.194889 1.5
      vertex 11.3555 0.11272 0.289999
      vertex 10.5166 0.195351 1.5
    endloop
  endfacet
  facet normal 0.818415 -0.0596078 0.571527
    outer loop
      vertex 11.3555 0.11272 0.289999
      vertex 10.5165 0.194889 1.5
      vertex 11.3514 0.056427 0.289999
    endloop
  endfacet
  facet normal -0.295212 -0.765633 0.571538
    outer loop
      vertex 12.9401 1.06246 0.289999
      vertex 13.1714 1.87653 1.5
      vertex 12.8874 1.08278 0.289999
    endloop
  endfacet
  facet normal -0.263898 -0.77617 0.572641
    outer loop
      vertex 13.1714 1.87653 1.5
      vertex 12.9401 1.06246 0.289999
      vertex 13.1719 1.87636 1.5
    endloop
  endfacet
  facet normal 0.800702 0.179535 0.571527
    outer loop
      vertex 10.5666 -0.483816 1.5
      vertex 11.3721 -0.224354 0.289999
      vertex 10.5453 -0.388821 1.5
    endloop
  endfacet
  facet normal -0.800702 -0.179535 0.571527
    outer loop
      vertex 14.4547 0.388821 1.5
      vertex 14.4334 0.483816 1.5
      vertex 13.6279 0.224354 0.289999
    endloop
  endfacet
  facet normal -0.80276 -0.176431 0.569604
    outer loop
      vertex 13.6279 0.224354 0.289999
      vertex 14.4715 0.292439 1.5
      vertex 14.4714 0.292894 1.5
    endloop
  endfacet
  facet normal -0.80838 -0.140992 0.571527
    outer loop
      vertex 14.4715 0.292439 1.5
      vertex 13.6279 0.224354 0.289999
      vertex 13.6376 0.168739 0.289999
    endloop
  endfacet
  facet normal 0.606822 -0.551656 0.572226
    outer loop
      vertex 11.0233 1.33844 1.5
      vertex 11.6868 0.813172 0.289999
      vertex 11.0236 1.33877 1.5
    endloop
  endfacet
  facet normal 0.594457 -0.565665 0.571527
    outer loop
      vertex 11.6868 0.813172 0.289999
      vertex 11.0233 1.33844 1.5
      vertex 11.6479 0.772292 0.289999
    endloop
  endfacet
  facet normal -0.140285 0.808496 0.571537
    outer loop
      vertex 12.7929 -1.97138 1.5
      vertex 12.8888 -1.95474 1.5
      vertex 12.7244 -1.1279 0.289999
    endloop
  endfacet
  facet normal 0.404511 0.713943 0.571538
    outer loop
      vertex 11.5605 -1.7577 1.5
      vertex 11.9579 -1.01421 0.289999
      vertex 11.4758 -1.70971 1.5
    endloop
  endfacet
  facet normal 0.631103 -0.525919 0.570191
    outer loop
      vertex 10.8992 1.18725 1.5
      vertex 11.611 0.729552 0.289999
      vertex 10.8995 1.18761 1.5
    endloop
  endfacet
  facet normal 0.647088 -0.504606 0.571532
    outer loop
      vertex 11.611 0.729552 0.289999
      vertex 10.8992 1.18725 1.5
      vertex 11.5763 0.685054 0.289999
    endloop
  endfacet
  facet normal -0.295428 0.76555 0.571538
    outer loop
      vertex 13.1719 -1.87636 1.5
      vertex 13.2627 -1.84132 1.5
      vertex 12.9401 -1.06246 0.289999
    endloop
  endfacet
  facet normal -0.594473 -0.565643 0.571533
    outer loop
      vertex 13.9764 1.33877 1.5
      vertex 13.9093 1.40929 1.5
      vertex 13.3132 0.813172 0.289999
    endloop
  endfacet
  facet normal -0.0201498 -0.820326 0.571541
    outer loop
      vertex 12.5564 1.14861 0.289999
      vertex 12.5978 1.99063 1.5
      vertex 12.5005 1.99302 1.5
    endloop
  endfacet
  facet normal -0.0603439 -0.818351 0.571542
    outer loop
      vertex 12.6949 1.98347 1.5
      vertex 12.5978 1.99063 1.5
      vertex 12.5564 1.14861 0.289999
    endloop
  endfacet
  facet normal 0.536265 0.621094 0.571544
    outer loop
      vertex 11.7277 -0.852094 0.289999
      vertex 11.1619 -1.47704 1.5
      vertex 11.7704 -0.888962 0.289999
    endloop
  endfacet
  facet normal 0.580413 0.580413 0.571176
    outer loop
      vertex 11.1619 -1.47704 1.5
      vertex 11.7277 -0.852094 0.289999
      vertex 11.1616 -1.47674 1.5
    endloop
  endfacet
  facet normal 0.750361 -0.332152 0.571519
    outer loop
      vertex 11.4375 0.440085 0.289999
      vertex 10.6981 0.851708 1.5
      vertex 10.6587 0.7627 1.5
    endloop
  endfacet
  facet normal -0.631103 -0.525919 0.570191
    outer loop
      vertex 13.389 0.729552 0.289999
      vertex 14.1008 1.18725 1.5
      vertex 14.1005 1.18761 1.5
    endloop
  endfacet
  facet normal -0.647088 -0.504606 0.571532
    outer loop
      vertex 14.1008 1.18725 1.5
      vertex 13.389 0.729552 0.289999
      vertex 13.4237 0.685054 0.289999
    endloop
  endfacet
  facet normal -0.565858 0.594265 0.571537
    outer loop
      vertex 13.8388 -1.47642 1.5
      vertex 13.9093 -1.40929 1.5
      vertex 13.3132 -0.813172 0.289999
    endloop
  endfacet
  facet normal 0.790772 -0.219111 0.57155
    outer loop
      vertex 11.3845 0.279427 0.289999
      vertex 10.5927 0.578101 1.5
      vertex 10.5667 0.484267 1.5
    endloop
  endfacet
  facet normal 0.25362 -0.78037 0.571577
    outer loop
      vertex 12.1662 1.10048 0.289999
      vertex 11.9219 1.90734 1.5
      vertex 11.9215 1.90721 1.5
    endloop
  endfacet
  facet normal 0.218931 -0.790826 0.571545
    outer loop
      vertex 11.9219 1.90734 1.5
      vertex 12.1662 1.10048 0.289999
      vertex 12.2206 1.11554 0.289999
    endloop
  endfacet
  facet normal -0.646928 -0.504833 0.571514
    outer loop
      vertex 14.1005 1.18761 1.5
      vertex 14.0406 1.26437 1.5
      vertex 13.389 0.729552 0.289999
    endloop
  endfacet
  facet normal -0.713927 0.404534 0.571543
    outer loop
      vertex 14.2097 -1.02422 1.5
      vertex 14.2577 -0.939509 1.5
      vertex 13.5142 -0.542106 0.289999
    endloop
  endfacet
  facet normal -0.257307 -0.779189 0.571539
    outer loop
      vertex 12.8874 1.08278 0.289999
      vertex 13.171 1.87667 1.5
      vertex 12.8338 1.10048 0.289999
    endloop
  endfacet
  facet normal -0.271053 -0.774438 0.571643
    outer loop
      vertex 13.171 1.87667 1.5
      vertex 12.8874 1.08278 0.289999
      vertex 13.1714 1.87653 1.5
    endloop
  endfacet
  facet normal 0.0201498 -0.820326 0.571541
    outer loop
      vertex 12.4436 1.14861 0.289999
      vertex 12.4995 1.99302 1.5
      vertex 12.4022 1.99063 1.5
    endloop
  endfacet
  facet normal 0.621323 0.53603 0.571514
    outer loop
      vertex 11.023 -1.33809 1.5
      vertex 11.611 -0.729552 0.289999
      vertex 10.9594 -1.26437 1.5
    endloop
  endfacet
  facet normal -0.504835 -0.646926 0.571514
    outer loop
      vertex 13.2296 0.888962 0.289999
      vertex 13.6872 1.60082 1.5
      vertex 13.1851 0.923688 0.289999
    endloop
  endfacet
  facet normal -0.48125 -0.663793 0.572518
    outer loop
      vertex 13.6872 1.60082 1.5
      vertex 13.2296 0.888962 0.289999
      vertex 13.6876 1.60053 1.5
    endloop
  endfacet
  facet normal -0.43885 -0.693364 0.57154
    outer loop
      vertex 13.6069 1.65739 1.5
      vertex 13.5246 1.70948 1.5
      vertex 13.0912 0.986387 0.289999
    endloop
  endfacet
  facet normal -0.621323 -0.53603 0.571514
    outer loop
      vertex 14.0406 1.26437 1.5
      vertex 13.977 1.33809 1.5
      vertex 13.389 0.729552 0.289999
    endloop
  endfacet
  facet normal -0.623052 -0.534044 0.571492
    outer loop
      vertex 13.3521 0.772292 0.289999
      vertex 13.977 1.33809 1.5
      vertex 13.9767 1.33844 1.5
    endloop
  endfacet
  facet normal -0.621121 -0.536251 0.571527
    outer loop
      vertex 13.977 1.33809 1.5
      vertex 13.3521 0.772292 0.289999
      vertex 13.389 0.729552 0.289999
    endloop
  endfacet
  facet normal -0.693229 -0.439062 0.57154
    outer loop
      vertex 14.2095 1.02462 1.5
      vertex 14.1574 1.10688 1.5
      vertex 13.4864 0.591218 0.289999
    endloop
  endfacet
  facet normal 0.140077 0.808528 0.571543
    outer loop
      vertex 12.2756 -1.1279 0.289999
      vertex 12.2076 -1.97146 1.5
      vertex 12.3313 -1.13755 0.289999
    endloop
  endfacet
  facet normal 0.129596 0.809977 0.571964
    outer loop
      vertex 12.2076 -1.97146 1.5
      vertex 12.2756 -1.1279 0.289999
      vertex 12.2071 -1.97138 1.5
    endloop
  endfacet
  facet normal -0.257264 0.779205 0.571537
    outer loop
      vertex 13.0785 -1.90721 1.5
      vertex 13.171 -1.87667 1.5
      vertex 12.8338 -1.10048 0.289999
    endloop
  endfacet
  facet normal 0.738538 -0.356782 0.572074
    outer loop
      vertex 10.6983 0.852131 1.5
      vertex 11.4858 0.542106 0.289999
      vertex 10.6985 0.852545 1.5
    endloop
  endfacet
  facet normal 0.732831 -0.369192 0.571539
    outer loop
      vertex 11.4858 0.542106 0.289999
      vertex 10.6983 0.852131 1.5
      vertex 11.4604 0.491688 0.289999
    endloop
  endfacet
  facet normal 0.48125 -0.663793 0.572518
    outer loop
      vertex 11.7704 0.888962 0.289999
      vertex 11.3128 1.60082 1.5
      vertex 11.3124 1.60053 1.5
    endloop
  endfacet
  facet normal 0.504835 -0.646926 0.571514
    outer loop
      vertex 11.3128 1.60082 1.5
      vertex 11.7704 0.888962 0.289999
      vertex 11.8149 0.923688 0.289999
    endloop
  endfacet
  facet normal -0.0201498 0.820326 0.571541
    outer loop
      vertex 12.5978 -1.99063 1.5
      vertex 12.5564 -1.14861 0.289999
      vertex 12.5005 -1.99302 1.5
    endloop
  endfacet
  facet normal -0.734569 -0.367284 0.570536
    outer loop
      vertex 13.4864 0.591218 0.289999
      vertex 14.2097 1.02422 1.5
      vertex 14.2095 1.02462 1.5
    endloop
  endfacet
  facet normal -0.714113 -0.404226 0.571527
    outer loop
      vertex 14.2097 1.02422 1.5
      vertex 13.4864 0.591218 0.289999
      vertex 13.5142 0.542106 0.289999
    endloop
  endfacet
  facet normal 0.814444 0.100301 0.571508
    outer loop
      vertex 10.5285 -0.291979 1.5
      vertex 11.3555 -0.11272 0.289999
      vertex 10.5166 -0.195351 1.5
    endloop
  endfacet
  facet normal 0.750361 0.332152 0.571519
    outer loop
      vertex 10.6981 -0.851708 1.5
      vertex 11.4375 -0.440085 0.289999
      vertex 10.6587 -0.7627 1.5
    endloop
  endfacet
  facet normal 0.82033 0.0202279 0.571532
    outer loop
      vertex 10.5094 -0.0977931 1.5
      vertex 11.3514 -0.056427 0.289999
      vertex 10.507 -0.000462493 1.5
    endloop
  endfacet
  facet normal 0.295212 0.765633 0.571538
    outer loop
      vertex 12.0599 -1.06246 0.289999
      vertex 11.8286 -1.87653 1.5
      vertex 12.1126 -1.08278 0.289999
    endloop
  endfacet
  facet normal 0.263898 0.77617 0.572641
    outer loop
      vertex 11.8286 -1.87653 1.5
      vertex 12.0599 -1.06246 0.289999
      vertex 11.8281 -1.87636 1.5
    endloop
  endfacet
  facet normal 0.10049 0.814394 0.571545
    outer loop
      vertex 12.3313 -1.13755 0.289999
      vertex 12.208 -1.97152 1.5
      vertex 12.3873 -1.14446 0.289999
    endloop
  endfacet
  facet normal 0.121712 0.811416 0.571656
    outer loop
      vertex 12.208 -1.97152 1.5
      vertex 12.3313 -1.13755 0.289999
      vertex 12.2076 -1.97146 1.5
    endloop
  endfacet
  facet normal 0.368792 0.733033 0.571537
    outer loop
      vertex 11.6475 -1.80147 1.5
      vertex 11.9579 -1.01421 0.289999
      vertex 11.5605 -1.7577 1.5
    endloop
  endfacet
  facet normal 0.179846 -0.800627 0.571534
    outer loop
      vertex 12.2756 1.1279 0.289999
      vertex 12.1112 1.95474 1.5
      vertex 12.0162 1.9334 1.5
    endloop
  endfacet
  facet normal 0.646928 -0.504833 0.571514
    outer loop
      vertex 11.611 0.729552 0.289999
      vertex 10.9594 1.26437 1.5
      vertex 10.8995 1.18761 1.5
    endloop
  endfacet
  facet normal 0.714113 0.404226 0.571527
    outer loop
      vertex 10.7903 -1.02422 1.5
      vertex 11.5136 -0.591218 0.289999
      vertex 11.4858 -0.542106 0.289999
    endloop
  endfacet
  facet normal 0.734569 0.367284 0.570536
    outer loop
      vertex 11.5136 -0.591218 0.289999
      vertex 10.7903 -1.02422 1.5
      vertex 10.7905 -1.02462 1.5
    endloop
  endfacet
  facet normal 0.140285 -0.808496 0.571537
    outer loop
      vertex 12.2756 1.1279 0.289999
      vertex 12.2071 1.97138 1.5
      vertex 12.1112 1.95474 1.5
    endloop
  endfacet
  facet normal 0.621121 0.536251 0.571527
    outer loop
      vertex 11.023 -1.33809 1.5
      vertex 11.6479 -0.772292 0.289999
      vertex 11.611 -0.729552 0.289999
    endloop
  endfacet
  facet normal 0.623052 0.534044 0.571492
    outer loop
      vertex 11.6479 -0.772292 0.289999
      vertex 11.023 -1.33809 1.5
      vertex 11.0233 -1.33844 1.5
    endloop
  endfacet
  facet normal -0.179919 -0.800609 0.571538
    outer loop
      vertex 12.7794 1.11554 0.289999
      vertex 12.9838 1.9334 1.5
      vertex 12.7244 1.1279 0.289999
    endloop
  endfacet
  facet normal -0.160973 -0.804863 0.571213
    outer loop
      vertex 12.9838 1.9334 1.5
      vertex 12.7794 1.11554 0.289999
      vertex 12.9843 1.9333 1.5
    endloop
  endfacet
  facet normal -0.381646 0.726945 0.570874
    outer loop
      vertex 13.0421 -1.01421 0.289999
      vertex 13.3521 -1.80168 1.5
      vertex 13.3525 -1.80147 1.5
    endloop
  endfacet
  facet normal -0.369068 0.732902 0.571528
    outer loop
      vertex 13.3521 -1.80168 1.5
      vertex 13.0421 -1.01421 0.289999
      vertex 12.9917 -1.03959 0.289999
    endloop
  endfacet
  facet normal 0.594457 0.565665 0.571527
    outer loop
      vertex 11.0233 -1.33844 1.5
      vertex 11.6868 -0.813172 0.289999
      vertex 11.6479 -0.772292 0.289999
    endloop
  endfacet
  facet normal 0.606822 0.551656 0.572226
    outer loop
      vertex 11.6868 -0.813172 0.289999
      vertex 11.0233 -1.33844 1.5
      vertex 11.0236 -1.33877 1.5
    endloop
  endfacet
  facet normal 0.0202173 -0.820326 0.571538
    outer loop
      vertex 12.5 1.15 0.289999
      vertex 12.4995 1.99302 1.5
      vertex 12.4436 1.14861 0.289999
    endloop
  endfacet
  facet normal 0.0164077 -0.820384 0.571577
    outer loop
      vertex 12.4995 1.99302 1.5
      vertex 12.5 1.15 0.289999
      vertex 12.5 1.99303 1.5
    endloop
  endfacet
  facet normal -0.218873 0.790844 0.571543
    outer loop
      vertex 12.9843 -1.9333 1.5
      vertex 13.0781 -1.90734 1.5
      vertex 12.7794 -1.11554 0.289999
    endloop
  endfacet
  facet normal 0.40455 0.71392 0.57154
    outer loop
      vertex 11.9088 -0.986387 0.289999
      vertex 11.4758 -1.70971 1.5
      vertex 11.9579 -1.01421 0.289999
    endloop
  endfacet
  facet normal 0.409015 0.71133 0.571591
    outer loop
      vertex 11.4758 -1.70971 1.5
      vertex 11.9088 -0.986387 0.289999
      vertex 11.4754 -1.70948 1.5
    endloop
  endfacet
  facet normal -0.25362 0.78037 0.571577
    outer loop
      vertex 12.8338 -1.10048 0.289999
      vertex 13.0781 -1.90734 1.5
      vertex 13.0785 -1.90721 1.5
    endloop
  endfacet
  facet normal -0.218931 0.790826 0.571545
    outer loop
      vertex 13.0781 -1.90734 1.5
      vertex 12.8338 -1.10048 0.289999
      vertex 12.7794 -1.11554 0.289999
    endloop
  endfacet
  facet normal 0.798685 -0.184881 0.572645
    outer loop
      vertex 10.6235 0.671432 1.5
      vertex 11.4375 0.440085 0.289999
      vertex 10.6236 0.671864 1.5
    endloop
  endfacet
  facet normal 0.765672 -0.295149 0.571519
    outer loop
      vertex 11.4375 0.440085 0.289999
      vertex 10.6235 0.671432 1.5
      vertex 11.4172 0.387423 0.289999
    endloop
  endfacet
  facet normal 0.565858 0.594265 0.571537
    outer loop
      vertex 11.1612 -1.47642 1.5
      vertex 11.6868 -0.813172 0.289999
      vertex 11.0907 -1.40929 1.5
    endloop
  endfacet
  facet normal 0.565858 -0.594265 0.571537
    outer loop
      vertex 11.6868 0.813172 0.289999
      vertex 11.1612 1.47642 1.5
      vertex 11.0907 1.40929 1.5
    endloop
  endfacet
  facet normal 0.670738 -0.472718 0.571532
    outer loop
      vertex 11.5763 0.685054 0.289999
      vertex 10.8992 1.18725 1.5
      vertex 10.8431 1.10765 1.5
    endloop
  endfacet
  facet normal -0.741759 -0.350714 0.571658
    outer loop
      vertex 13.5396 0.491688 0.289999
      vertex 14.3019 0.851708 1.5
      vertex 14.3017 0.852131 1.5
    endloop
  endfacet
  facet normal -0.75003 -0.332843 0.571551
    outer loop
      vertex 14.3019 0.851708 1.5
      vertex 13.5396 0.491688 0.289999
      vertex 13.5625 0.440085 0.289999
    endloop
  endfacet
  facet normal 0.594473 0.565643 0.571533
    outer loop
      vertex 11.0907 -1.40929 1.5
      vertex 11.6868 -0.813172 0.289999
      vertex 11.0236 -1.33877 1.5
    endloop
  endfacet
  facet normal -0.218873 -0.790844 0.571543
    outer loop
      vertex 13.0781 1.90734 1.5
      vertex 12.9843 1.9333 1.5
      vertex 12.7794 1.11554 0.289999
    endloop
  endfacet
  facet normal -0.404511 -0.713943 0.571538
    outer loop
      vertex 13.5242 1.70971 1.5
      vertex 13.4395 1.7577 1.5
      vertex 13.0421 1.01421 0.289999
    endloop
  endfacet
  facet normal -0.48125 0.663793 0.572518
    outer loop
      vertex 13.2296 -0.888962 0.289999
      vertex 13.6872 -1.60082 1.5
      vertex 13.6876 -1.60053 1.5
    endloop
  endfacet
  facet normal -0.504835 0.646926 0.571514
    outer loop
      vertex 13.6872 -1.60082 1.5
      vertex 13.2296 -0.888962 0.289999
      vertex 13.1851 -0.923688 0.289999
    endloop
  endfacet
  facet normal 0.381646 -0.726945 0.570874
    outer loop
      vertex 11.9579 1.01421 0.289999
      vertex 11.6479 1.80168 1.5
      vertex 11.6475 1.80147 1.5
    endloop
  endfacet
  facet normal 0.369068 -0.732902 0.571528
    outer loop
      vertex 11.6479 1.80168 1.5
      vertex 11.9579 1.01421 0.289999
      vertex 12.0083 1.03959 0.289999
    endloop
  endfacet
  facet normal 0.765432 0.295771 0.571519
    outer loop
      vertex 10.6587 -0.7627 1.5
      vertex 11.4375 -0.440085 0.289999
      vertex 10.6236 -0.671864 1.5
    endloop
  endfacet
  facet normal -0.732865 0.369112 0.571546
    outer loop
      vertex 14.2577 -0.939509 1.5
      vertex 14.3015 -0.852545 1.5
      vertex 13.5142 -0.542106 0.289999
    endloop
  endfacet
  facet normal -0.121712 0.811416 0.571656
    outer loop
      vertex 12.6687 -1.13755 0.289999
      vertex 12.792 -1.97152 1.5
      vertex 12.7924 -1.97146 1.5
    endloop
  endfacet
  facet normal -0.10049 0.814394 0.571545
    outer loop
      vertex 12.792 -1.97152 1.5
      vertex 12.6687 -1.13755 0.289999
      vertex 12.6127 -1.14446 0.289999
    endloop
  endfacet
  facet normal -0.511919 0.639899 0.573121
    outer loop
      vertex 13.3132 -0.813172 0.289999
      vertex 13.8384 -1.47674 1.5
      vertex 13.8388 -1.47642 1.5
    endloop
  endfacet
  facet normal -0.565688 0.594436 0.571527
    outer loop
      vertex 13.8384 -1.47674 1.5
      vertex 13.3132 -0.813172 0.289999
      vertex 13.2723 -0.852094 0.289999
    endloop
  endfacet
  facet normal 0.818415 0.0596078 0.571527
    outer loop
      vertex 10.5165 -0.194889 1.5
      vertex 11.3555 -0.11272 0.289999
      vertex 11.3514 -0.056427 0.289999
    endloop
  endfacet
  facet normal 0.803676 0.173956 0.569073
    outer loop
      vertex 11.3555 -0.11272 0.289999
      vertex 10.5165 -0.194889 1.5
      vertex 10.5166 -0.195351 1.5
    endloop
  endfacet
  facet normal 0.0603227 0.818353 0.571541
    outer loop
      vertex 12.3873 -1.14446 0.289999
      vertex 12.3051 -1.98347 1.5
      vertex 12.4436 -1.14861 0.289999
    endloop
  endfacet
  facet normal 0.0491528 0.819213 0.571379
    outer loop
      vertex 12.3051 -1.98347 1.5
      vertex 12.3873 -1.14446 0.289999
      vertex 12.3046 -1.98344 1.5
    endloop
  endfacet
  facet normal -0.332499 -0.750195 0.571535
    outer loop
      vertex 12.9917 1.03959 0.289999
      vertex 13.3517 1.80187 1.5
      vertex 12.9401 1.06246 0.289999
    endloop
  endfacet
  facet normal -0.352042 -0.74114 0.571645
    outer loop
      vertex 13.3517 1.80187 1.5
      vertex 12.9917 1.03959 0.289999
      vertex 13.3521 1.80168 1.5
    endloop
  endfacet
  facet normal -0.536265 -0.621094 0.571544
    outer loop
      vertex 13.2723 0.852094 0.289999
      vertex 13.8381 1.47704 1.5
      vertex 13.2296 0.888962 0.289999
    endloop
  endfacet
  facet normal -0.580413 -0.580413 0.571176
    outer loop
      vertex 13.8381 1.47704 1.5
      vertex 13.2723 0.852094 0.289999
      vertex 13.8384 1.47674 1.5
    endloop
  endfacet
  facet normal 0.160973 -0.804863 0.571213
    outer loop
      vertex 12.2206 1.11554 0.289999
      vertex 12.0162 1.9334 1.5
      vertex 12.0157 1.9333 1.5
    endloop
  endfacet
  facet normal 0.179919 -0.800609 0.571538
    outer loop
      vertex 12.0162 1.9334 1.5
      vertex 12.2206 1.11554 0.289999
      vertex 12.2756 1.1279 0.289999
    endloop
  endfacet
  facet normal 0.814441 0.100317 0.571508
    outer loop
      vertex 10.5285 -0.291979 1.5
      vertex 11.3624 -0.168739 0.289999
      vertex 11.3555 -0.11272 0.289999
    endloop
  endfacet
  facet normal 0.823398 0 0.567464
    outer loop
      vertex 11.3624 -0.168739 0.289999
      vertex 10.5285 -0.291979 1.5
      vertex 10.5285 -0.292439 1.5
    endloop
  endfacet
  facet normal -0.0491528 0.819213 0.571379
    outer loop
      vertex 12.6127 -1.14446 0.289999
      vertex 12.6949 -1.98347 1.5
      vertex 12.6954 -1.98344 1.5
    endloop
  endfacet
  facet normal -0.0603227 0.818353 0.571541
    outer loop
      vertex 12.6949 -1.98347 1.5
      vertex 12.6127 -1.14446 0.289999
      vertex 12.5564 -1.14861 0.289999
    endloop
  endfacet
  facet normal -0.647088 0.504606 0.571532
    outer loop
      vertex 13.389 -0.729552 0.289999
      vertex 14.1008 -1.18725 1.5
      vertex 13.4237 -0.685054 0.289999
    endloop
  endfacet
  facet normal -0.631103 0.525919 0.570191
    outer loop
      vertex 14.1008 -1.18725 1.5
      vertex 13.389 -0.729552 0.289999
      vertex 14.1005 -1.18761 1.5
    endloop
  endfacet
  facet normal -0.368792 0.733033 0.571537
    outer loop
      vertex 13.3525 -1.80147 1.5
      vertex 13.4395 -1.7577 1.5
      vertex 13.0421 -1.01421 0.289999
    endloop
  endfacet
  facet normal -0.621121 0.536251 0.571527
    outer loop
      vertex 13.3521 -0.772292 0.289999
      vertex 13.977 -1.33809 1.5
      vertex 13.389 -0.729552 0.289999
    endloop
  endfacet
  facet normal -0.623052 0.534044 0.571492
    outer loop
      vertex 13.977 -1.33809 1.5
      vertex 13.3521 -0.772292 0.289999
      vertex 13.9767 -1.33844 1.5
    endloop
  endfacet
  facet normal -0.738538 -0.356782 0.572074
    outer loop
      vertex 13.5142 0.542106 0.289999
      vertex 14.3017 0.852131 1.5
      vertex 14.3015 0.852545 1.5
    endloop
  endfacet
  facet normal -0.732831 -0.369192 0.571539
    outer loop
      vertex 14.3017 0.852131 1.5
      vertex 13.5142 0.542106 0.289999
      vertex 13.5396 0.491688 0.289999
    endloop
  endfacet
  facet normal -0.404511 0.713943 0.571538
    outer loop
      vertex 13.4395 -1.7577 1.5
      vertex 13.5242 -1.70971 1.5
      vertex 13.0421 -1.01421 0.289999
    endloop
  endfacet
  facet normal -0.409015 0.71133 0.571591
    outer loop
      vertex 13.0912 -0.986387 0.289999
      vertex 13.5242 -1.70971 1.5
      vertex 13.5246 -1.70948 1.5
    endloop
  endfacet
  facet normal -0.40455 0.71392 0.57154
    outer loop
      vertex 13.5242 -1.70971 1.5
      vertex 13.0912 -0.986387 0.289999
      vertex 13.0421 -1.01421 0.289999
    endloop
  endfacet
  facet normal -0.263898 0.77617 0.572641
    outer loop
      vertex 12.9401 -1.06246 0.289999
      vertex 13.1714 -1.87653 1.5
      vertex 13.1719 -1.87636 1.5
    endloop
  endfacet
  facet normal -0.295212 0.765633 0.571538
    outer loop
      vertex 13.1714 -1.87653 1.5
      vertex 12.9401 -1.06246 0.289999
      vertex 12.8874 -1.08278 0.289999
    endloop
  endfacet
  facet normal 0.647088 0.504606 0.571532
    outer loop
      vertex 10.8992 -1.18725 1.5
      vertex 11.611 -0.729552 0.289999
      vertex 11.5763 -0.685054 0.289999
    endloop
  endfacet
  facet normal 0.631103 0.525919 0.570191
    outer loop
      vertex 11.611 -0.729552 0.289999
      vertex 10.8992 -1.18725 1.5
      vertex 10.8995 -1.18761 1.5
    endloop
  endfacet
  facet normal 0.100492 -0.814394 0.571546
    outer loop
      vertex 12.3873 1.14446 0.289999
      vertex 12.3046 1.98344 1.5
      vertex 12.208 1.97152 1.5
    endloop
  endfacet
  facet normal 0.369068 0.732902 0.571528
    outer loop
      vertex 11.9579 -1.01421 0.289999
      vertex 11.6479 -1.80168 1.5
      vertex 12.0083 -1.03959 0.289999
    endloop
  endfacet
  facet normal 0.381646 0.726945 0.570874
    outer loop
      vertex 11.6479 -1.80168 1.5
      vertex 11.9579 -1.01421 0.289999
      vertex 11.6475 -1.80147 1.5
    endloop
  endfacet
  facet normal -0.4725 -0.670906 0.571515
    outer loop
      vertex 13.6872 1.60082 1.5
      vertex 13.6076 1.65688 1.5
      vertex 13.1851 0.923688 0.289999
    endloop
  endfacet
  facet normal 0.536057 0.621284 0.571532
    outer loop
      vertex 11.2356 -1.54063 1.5
      vertex 11.7704 -0.888962 0.289999
      vertex 11.1619 -1.47704 1.5
    endloop
  endfacet
  facet normal 0.504662 0.647046 0.571531
    outer loop
      vertex 11.3124 -1.60053 1.5
      vertex 11.7704 -0.888962 0.289999
      vertex 11.2356 -1.54063 1.5
    endloop
  endfacet
  facet normal 0.0491528 -0.819213 0.571379
    outer loop
      vertex 12.3873 1.14446 0.289999
      vertex 12.3051 1.98347 1.5
      vertex 12.3046 1.98344 1.5
    endloop
  endfacet
  facet normal 0.0603227 -0.818353 0.571541
    outer loop
      vertex 12.3051 1.98347 1.5
      vertex 12.3873 1.14446 0.289999
      vertex 12.4436 1.14861 0.289999
    endloop
  endfacet
  facet normal 0.271053 -0.774438 0.571643
    outer loop
      vertex 12.1126 1.08278 0.289999
      vertex 11.829 1.87667 1.5
      vertex 11.8286 1.87653 1.5
    endloop
  endfacet
  facet normal 0.257307 -0.779189 0.571539
    outer loop
      vertex 11.829 1.87667 1.5
      vertex 12.1126 1.08278 0.289999
      vertex 12.1662 1.10048 0.289999
    endloop
  endfacet
  facet normal 0.670909 0.472491 0.571518
    outer loop
      vertex 10.8429 -1.10727 1.5
      vertex 11.5763 -0.685054 0.289999
      vertex 11.5438 -0.638906 0.289999
    endloop
  endfacet
  facet normal 0.725335 0.381755 0.572846
    outer loop
      vertex 11.5763 -0.685054 0.289999
      vertex 10.8429 -1.10727 1.5
      vertex 10.8431 -1.10765 1.5
    endloop
  endfacet
  facet normal 0.779184 0.257324 0.571539
    outer loop
      vertex 10.6233 -0.670993 1.5
      vertex 11.4172 -0.387423 0.289999
      vertex 11.3995 -0.333827 0.289999
    endloop
  endfacet
  facet normal 0.74753 0.34056 0.570278
    outer loop
      vertex 11.4172 -0.387423 0.289999
      vertex 10.6233 -0.670993 1.5
      vertex 10.6235 -0.671432 1.5
    endloop
  endfacet
  facet normal 0.511919 -0.639899 0.573121
    outer loop
      vertex 11.6868 0.813172 0.289999
      vertex 11.1616 1.47674 1.5
      vertex 11.1612 1.47642 1.5
    endloop
  endfacet
  facet normal 0.565688 -0.594436 0.571527
    outer loop
      vertex 11.1616 1.47674 1.5
      vertex 11.6868 0.813172 0.289999
      vertex 11.7277 0.852094 0.289999
    endloop
  endfacet
  facet normal 0.732831 0.369192 0.571539
    outer loop
      vertex 10.6983 -0.852131 1.5
      vertex 11.4858 -0.542106 0.289999
      vertex 11.4604 -0.491688 0.289999
    endloop
  endfacet
  facet normal 0.738538 0.356782 0.572074
    outer loop
      vertex 11.4858 -0.542106 0.289999
      vertex 10.6983 -0.852131 1.5
      vertex 10.6985 -0.852545 1.5
    endloop
  endfacet
  facet normal 0.121712 -0.811416 0.571656
    outer loop
      vertex 12.3313 1.13755 0.289999
      vertex 12.208 1.97152 1.5
      vertex 12.2076 1.97146 1.5
    endloop
  endfacet
  facet normal 0.10049 -0.814394 0.571545
    outer loop
      vertex 12.208 1.97152 1.5
      vertex 12.3313 1.13755 0.289999
      vertex 12.3873 1.14446 0.289999
    endloop
  endfacet
  facet normal 0.0164077 0.820384 0.571577
    outer loop
      vertex 12.5 -1.15 0.289999
      vertex 12.4995 -1.99302 1.5
      vertex 12.5 -1.99303 1.5
    endloop
  endfacet
  facet normal 0.0202173 0.820326 0.571538
    outer loop
      vertex 12.4995 -1.99302 1.5
      vertex 12.5 -1.15 0.289999
      vertex 12.4436 -1.14861 0.289999
    endloop
  endfacet
  facet normal -0.504662 0.647046 0.571531
    outer loop
      vertex 13.6876 -1.60053 1.5
      vertex 13.7644 -1.54063 1.5
      vertex 13.2296 -0.888962 0.289999
    endloop
  endfacet
  facet normal 0.552161 -0.613512 0.564554
    outer loop
      vertex 11.8149 0.923688 0.289999
      vertex 11.3927 1.65715 1.5
      vertex 11.3924 1.65688 1.5
    endloop
  endfacet
  facet normal 0.472131 -0.671131 0.571556
    outer loop
      vertex 11.3927 1.65715 1.5
      vertex 11.8149 0.923688 0.289999
      vertex 11.8611 0.956189 0.289999
    endloop
  endfacet
  facet normal -0.732865 -0.369112 0.571546
    outer loop
      vertex 14.3015 0.852545 1.5
      vertex 14.2577 0.939509 1.5
      vertex 13.5142 0.542106 0.289999
    endloop
  endfacet
  facet normal 0.734569 -0.367284 0.570536
    outer loop
      vertex 10.7903 1.02422 1.5
      vertex 11.5136 0.591218 0.289999
      vertex 10.7905 1.02462 1.5
    endloop
  endfacet
  facet normal 0.714113 -0.404226 0.571527
    outer loop
      vertex 11.5136 0.591218 0.289999
      vertex 10.7903 1.02422 1.5
      vertex 11.4858 0.542106 0.289999
    endloop
  endfacet
  facet normal -0.472131 -0.671131 0.571556
    outer loop
      vertex 13.1851 0.923688 0.289999
      vertex 13.6073 1.65715 1.5
      vertex 13.1389 0.956189 0.289999
    endloop
  endfacet
  facet normal -0.552161 -0.613512 0.564554
    outer loop
      vertex 13.6073 1.65715 1.5
      vertex 13.1851 0.923688 0.289999
      vertex 13.6076 1.65688 1.5
    endloop
  endfacet
  facet normal -0.580413 0.580413 0.571176
    outer loop
      vertex 13.2723 -0.852094 0.289999
      vertex 13.8381 -1.47704 1.5
      vertex 13.8384 -1.47674 1.5
    endloop
  endfacet
  facet normal -0.536265 0.621094 0.571544
    outer loop
      vertex 13.8381 -1.47704 1.5
      vertex 13.2723 -0.852094 0.289999
      vertex 13.2296 -0.888962 0.289999
    endloop
  endfacet
  facet normal 0.670738 0.472718 0.571532
    outer loop
      vertex 10.8992 -1.18725 1.5
      vertex 11.5763 -0.685054 0.289999
      vertex 10.8431 -1.10765 1.5
    endloop
  endfacet
  facet normal 0.404511 -0.713943 0.571538
    outer loop
      vertex 11.9579 1.01421 0.289999
      vertex 11.5605 1.7577 1.5
      vertex 11.4758 1.70971 1.5
    endloop
  endfacet
  facet normal 0.409015 -0.71133 0.571591
    outer loop
      vertex 11.9088 0.986387 0.289999
      vertex 11.4758 1.70971 1.5
      vertex 11.4754 1.70948 1.5
    endloop
  endfacet
  facet normal 0.40455 -0.71392 0.57154
    outer loop
      vertex 11.4758 1.70971 1.5
      vertex 11.9088 0.986387 0.289999
      vertex 11.9579 1.01421 0.289999
    endloop
  endfacet
  facet normal 0.263898 -0.77617 0.572641
    outer loop
      vertex 12.0599 1.06246 0.289999
      vertex 11.8286 1.87653 1.5
      vertex 11.8281 1.87636 1.5
    endloop
  endfacet
  facet normal 0.295212 -0.765633 0.571538
    outer loop
      vertex 11.8286 1.87653 1.5
      vertex 12.0599 1.06246 0.289999
      vertex 12.1126 1.08278 0.289999
    endloop
  endfacet
  facet normal 0.75003 0.332843 0.571551
    outer loop
      vertex 10.6981 -0.851708 1.5
      vertex 11.4604 -0.491688 0.289999
      vertex 11.4375 -0.440085 0.289999
    endloop
  endfacet
  facet normal 0.741759 0.350714 0.571658
    outer loop
      vertex 11.4604 -0.491688 0.289999
      vertex 10.6981 -0.851708 1.5
      vertex 10.6983 -0.852131 1.5
    endloop
  endfacet
  facet normal 0.504835 0.646926 0.571514
    outer loop
      vertex 11.7704 -0.888962 0.289999
      vertex 11.3128 -1.60082 1.5
      vertex 11.8149 -0.923688 0.289999
    endloop
  endfacet
  facet normal 0.48125 0.663793 0.572518
    outer loop
      vertex 11.3128 -1.60082 1.5
      vertex 11.7704 -0.888962 0.289999
      vertex 11.3124 -1.60053 1.5
    endloop
  endfacet
  facet normal 0.472131 0.671131 0.571556
    outer loop
      vertex 11.8149 -0.923688 0.289999
      vertex 11.3927 -1.65715 1.5
      vertex 11.8611 -0.956189 0.289999
    endloop
  endfacet
  facet normal 0.552161 0.613512 0.564554
    outer loop
      vertex 11.3927 -1.65715 1.5
      vertex 11.8149 -0.923688 0.289999
      vertex 11.3924 -1.65688 1.5
    endloop
  endfacet
  facet normal 0.504662 -0.647046 0.571531
    outer loop
      vertex 11.7704 0.888962 0.289999
      vertex 11.3124 1.60053 1.5
      vertex 11.2356 1.54063 1.5
    endloop
  endfacet
  facet normal -0.461943 0.535499 -0.707
    outer loop
      vertex -9.29386 11.3246 0
      vertex -10.0398 11.0772 0.299999
      vertex -9.48418 11.5565 0.299999
    endloop
  endfacet
  facet normal 0.671491 0.221858 0.707022
    outer loop
      vertex 14.0761 5.0365 1.2
      vertex 14.0192 4.25267 1.5
      vertex 14.3063 4.33976 1.2
    endloop
  endfacet
  facet normal 0.188642 -0.681601 -0.706989
    outer loop
      vertex 3.63255 -14.502 0.299999
      vertex 3.55966 -14.211 0
      vertex 4.25267 -14.0192 0
    endloop
  endfacet
  facet normal 0.535499 -0.461943 -0.707
    outer loop
      vertex 11.5565 -9.48418 0.299999
      vertex 11.0772 -10.0398 0.299999
      vertex 11.3246 -9.29386 0
    endloop
  endfacet
  facet normal 0.348603 -0.615341 -0.706988
    outer loop
      vertex 7.68584 -12.823 0.299999
      vertex 7.04738 -13.1847 0.299999
      vertex 7.5316 -12.5657 0
    endloop
  endfacet
  facet normal -0.671489 0.221857 -0.707023
    outer loop
      vertex -14.0192 4.25267 0
      vertex -14.3063 4.33976 0.299999
      vertex -14.0761 5.0365 0.299999
    endloop
  endfacet
  facet normal -0.378318 -0.597531 0.706988
    outer loop
      vertex -7.5316 -12.5657 1.5
      vertex -8.30577 -12.4305 1.2
      vertex -7.68584 -12.823 1.2
    endloop
  endfacet
  facet normal -0.535489 0.461944 0.707008
    outer loop
      vertex -11.0772 10.0398 1.2
      vertex -11.3246 9.29386 1.5
      vertex -10.8549 9.83834 1.5
    endloop
  endfacet
  facet normal -0.557478 0.435108 0.707035
    outer loop
      vertex -11.5565 9.48418 1.2
      vertex -12.008 8.9057 1.2
      vertex -11.767 8.72699 1.5
    endloop
  endfacet
  facet normal -0.578185 0.407186 0.707037
    outer loop
      vertex -12.008 8.9057 1.2
      vertex -12.4305 8.30577 1.2
      vertex -11.767 8.72699 1.5
    endloop
  endfacet
  facet normal -0.690057 -0.154888 0.706988
    outer loop
      vertex -14.211 -3.55966 1.5
      vertex -14.6627 -2.9166 1.2
      vertex -14.502 -3.63255 1.2
    endloop
  endfacet
  facet normal 0.154888 0.690057 0.706988
    outer loop
      vertex 3.63255 14.502 1.2
      vertex 2.9166 14.6627 1.2
      vertex 3.55966 14.211 1.5
    endloop
  endfacet
  facet normal -0.557477 0.435108 -0.707036
    outer loop
      vertex -11.767 8.72699 0
      vertex -12.008 8.9057 0.299999
      vertex -11.5565 9.48418 0.299999
    endloop
  endfacet
  facet normal 0.317948 -0.631684 0.707026
    outer loop
      vertex 6.90596 -12.9201 1.5
      vertex 6.39195 -13.5146 1.2
      vertex 7.04738 -13.1847 1.2
    endloop
  endfacet
  facet normal 0.317971 0.631693 -0.707007
    outer loop
      vertex 6.90596 12.9201 0
      vertex 6.26368 13.2434 0
      vertex 6.39195 13.5146 0.299999
    endloop
  endfacet
  facet normal -0.788314 0.615274 0
    outer loop
      vertex -12.008 8.9057 0.299999
      vertex -11.5565 9.48418 1.2
      vertex -11.5565 9.48418 0.299999
    endloop
  endfacet
  facet normal -0.788314 0.615274 0
    outer loop
      vertex -11.5565 9.48418 1.2
      vertex -12.008 8.9057 0.299999
      vertex -12.008 8.9057 1.2
    endloop
  endfacet
  facet normal -0.578185 0.407186 -0.707038
    outer loop
      vertex -11.767 8.72699 0
      vertex -12.4305 8.30577 0.299999
      vertex -12.008 8.9057 0.299999
    endloop
  endfacet
  facet normal -0.512237 0.487686 -0.706948
    outer loop
      vertex -10.3591 10.3591 0
      vertex -10.8549 9.83834 0
      vertex -10.5712 10.5712 0.299999
    endloop
  endfacet
  facet normal -0.724203 0.689587 0
    outer loop
      vertex -11.0772 10.0398 0.299999
      vertex -10.5712 10.5712 1.2
      vertex -10.5712 10.5712 0.299999
    endloop
  endfacet
  facet normal -0.724203 0.689587 0
    outer loop
      vertex -10.5712 10.5712 1.2
      vertex -11.0772 10.0398 0.299999
      vertex -11.0772 10.0398 1.2
    endloop
  endfacet
  facet normal -0.5355 0.461944 0.706999
    outer loop
      vertex -11.0772 10.0398 1.2
      vertex -11.5565 9.48418 1.2
      vertex -11.3246 9.29386 1.5
    endloop
  endfacet
  facet normal -0.461944 0.535489 0.707008
    outer loop
      vertex -9.29386 11.3246 1.5
      vertex -10.0398 11.0772 1.2
      vertex -9.83834 10.8549 1.5
    endloop
  endfacet
  facet normal -0.512162 0.487681 0.707006
    outer loop
      vertex -10.5712 10.5712 1.2
      vertex -11.0772 10.0398 1.2
      vertex -10.8549 9.83834 1.5
    endloop
  endfacet
  facet normal -0.0865426 0.701843 0.707055
    outer loop
      vertex -1.46536 14.878 1.2
      vertex -2.19362 14.7882 1.2
      vertex -2.1496 14.4914 1.5
    endloop
  endfacet
  facet normal 0.597439 -0.378329 -0.70706
    outer loop
      vertex 12.4305 -8.30577 0.299999
      vertex 12.181 -8.1391 0
      vertex 12.5657 -7.5316 0
    endloop
  endfacet
  facet normal 0.120884 0.696846 -0.70696
    outer loop
      vertex 2.85807 14.3685 0
      vertex 2.1496 14.4914 0
      vertex 2.9166 14.6627 0.299999
    endloop
  endfacet
  facet normal -0.492916 -0.870077 0
    outer loop
      vertex -7.68584 -12.823 0.299999
      vertex -7.04738 -13.1847 1.2
      vertex -7.68584 -12.823 1.2
    endloop
  endfacet
  facet normal -0.492916 -0.870077 -0
    outer loop
      vertex -7.04738 -13.1847 1.2
      vertex -7.68584 -12.823 0.299999
      vertex -7.04738 -13.1847 0.299999
    endloop
  endfacet
  facet normal -0.707001 0.0173101 0.707001
    outer loop
      vertex -14.6324 0.718841 1.5
      vertex -14.95 0 1.2
      vertex -14.65 0 1.5
    endloop
  endfacet
  facet normal -0.487687 0.512238 0.706947
    outer loop
      vertex -9.83834 10.8549 1.5
      vertex -10.5712 10.5712 1.2
      vertex -10.3591 10.3591 1.5
    endloop
  endfacet
  facet normal 0.154888 -0.690056 -0.706989
    outer loop
      vertex 3.63255 -14.502 0.299999
      vertex 2.9166 -14.6627 0.299999
      vertex 3.55966 -14.211 0
    endloop
  endfacet
  facet normal 0.348556 -0.615324 0.707025
    outer loop
      vertex 7.5316 -12.5657 1.5
      vertex 6.90596 -12.9201 1.5
      vertex 7.04738 -13.1847 1.2
    endloop
  endfacet
  facet normal -0.690078 0.154916 0.706961
    outer loop
      vertex -14.211 3.55966 1.5
      vertex -14.6627 2.9166 1.2
      vertex -14.3685 2.85807 1.5
    endloop
  endfacet
  facet normal -0.681602 0.188643 0.706988
    outer loop
      vertex -14.0192 4.25267 1.5
      vertex -14.502 3.63255 1.2
      vertex -14.211 3.55966 1.5
    endloop
  endfacet
  facet normal -0.512238 0.487687 0.706947
    outer loop
      vertex -10.5712 10.5712 1.2
      vertex -10.8549 9.83834 1.5
      vertex -10.3591 10.3591 1.5
    endloop
  endfacet
  facet normal 0.690056 -0.154888 -0.706989
    outer loop
      vertex 14.502 -3.63255 0.299999
      vertex 14.211 -3.55966 0
      vertex 14.6627 -2.9166 0.299999
    endloop
  endfacet
  facet normal -0.844894 -0.534933 0
    outer loop
      vertex -12.4305 -8.30577 0.299999
      vertex -12.823 -7.68584 1.2
      vertex -12.823 -7.68584 0.299999
    endloop
  endfacet
  facet normal -0.844894 -0.534933 0
    outer loop
      vertex -12.823 -7.68584 1.2
      vertex -12.4305 -8.30577 0.299999
      vertex -12.4305 -8.30577 1.2
    endloop
  endfacet
  facet normal -0.154888 -0.690057 0.706988
    outer loop
      vertex -3.55966 -14.211 1.5
      vertex -3.63255 -14.502 1.2
      vertex -2.9166 -14.6627 1.2
    endloop
  endfacet
  facet normal -0.120945 -0.696739 -0.707056
    outer loop
      vertex -2.19362 -14.7882 0.299999
      vertex -2.9166 -14.6627 0.299999
      vertex -2.1496 -14.4914 0
    endloop
  endfacet
  facet normal -0.701949 -0.0866555 -0.706936
    outer loop
      vertex -14.4914 -2.1496 0
      vertex -14.878 -1.46536 0.299999
      vertex -14.5795 -1.43595 0
    endloop
  endfacet
  facet normal 0.348556 -0.615323 -0.707026
    outer loop
      vertex 7.04738 -13.1847 0.299999
      vertex 6.90596 -12.9201 0
      vertex 7.5316 -12.5657 0
    endloop
  endfacet
  facet normal -0.557525 0.435107 0.706999
    outer loop
      vertex -11.5565 9.48418 1.2
      vertex -11.767 8.72699 1.5
      vertex -11.3246 9.29386 1.5
    endloop
  endfacet
  facet normal 0.286596 0.646533 -0.707007
    outer loop
      vertex 6.26368 13.2434 0
      vertex 5.60631 13.5348 0
      vertex 6.39195 13.5146 0.299999
    endloop
  endfacet
  facet normal -0.487681 0.512162 0.707006
    outer loop
      vertex -10.0398 11.0772 1.2
      vertex -10.5712 10.5712 1.2
      vertex -9.83834 10.8549 1.5
    endloop
  endfacet
  facet normal 0.487686 0.512237 -0.706948
    outer loop
      vertex 10.3591 10.3591 0
      vertex 9.83834 10.8549 0
      vertex 10.5712 10.5712 0.299999
    endloop
  endfacet
  facet normal -0.659786 0.25452 0.707038
    outer loop
      vertex -13.812 5.72112 1.2
      vertex -14.0761 5.0365 1.2
      vertex -13.7936 4.93544 1.5
    endloop
  endfacet
  facet normal -0.535499 0.461943 -0.707
    outer loop
      vertex -11.3246 9.29386 0
      vertex -11.5565 9.48418 0.299999
      vertex -11.0772 10.0398 0.299999
    endloop
  endfacet
  facet normal -0.671468 0.221866 -0.707041
    outer loop
      vertex -14.0192 4.25267 0
      vertex -14.0761 5.0365 0.299999
      vertex -13.7936 4.93544 0
    endloop
  endfacet
  facet normal -0.65978 0.254522 0.707042
    outer loop
      vertex -13.5348 5.60631 1.5
      vertex -13.812 5.72112 1.2
      vertex -13.7936 4.93544 1.5
    endloop
  endfacet
  facet normal 0.405289 0.914189 -0
    outer loop
      vertex 6.39195 13.5146 0.299999
      vertex 5.72112 13.812 1.2
      vertex 6.39195 13.5146 1.2
    endloop
  endfacet
  facet normal 0.405289 0.914189 0
    outer loop
      vertex 5.72112 13.812 1.2
      vertex 6.39195 13.5146 0.299999
      vertex 5.72112 13.812 0.299999
    endloop
  endfacet
  facet normal -0.615274 0.788314 0
    outer loop
      vertex -8.9057 12.008 0.299999
      vertex -9.48418 11.5565 1.2
      vertex -8.9057 12.008 1.2
    endloop
  endfacet
  facet normal -0.615274 0.788314 0
    outer loop
      vertex -9.48418 11.5565 1.2
      vertex -8.9057 12.008 0.299999
      vertex -9.48418 11.5565 0.299999
    endloop
  endfacet
  facet normal 0.0173493 -0.707045 -0.706956
    outer loop
      vertex 0.733562 -14.932 0.299999
      vertex 0 -14.95 0.299999
      vertex 0.718841 -14.6324 0
    endloop
  endfacet
  facet normal -0.631684 -0.317948 0.707026
    outer loop
      vertex -12.9201 -6.90596 1.5
      vertex -13.5146 -6.39195 1.2
      vertex -13.1847 -7.04738 1.2
    endloop
  endfacet
  facet normal -0.70195 0.0866556 0.706935
    outer loop
      vertex -14.4914 2.1496 1.5
      vertex -14.878 1.46536 1.2
      vertex -14.5795 1.43595 1.5
    endloop
  endfacet
  facet normal -0.407186 -0.578185 -0.707038
    outer loop
      vertex -8.30577 -12.4305 0.299999
      vertex -8.9057 -12.008 0.299999
      vertex -8.72699 -11.767 0
    endloop
  endfacet
  facet normal -0.597439 -0.378329 -0.70706
    outer loop
      vertex -12.4305 -8.30577 0.299999
      vertex -12.5657 -7.5316 0
      vertex -12.181 -8.1391 0
    endloop
  endfacet
  facet normal -0.221866 0.671469 0.707039
    outer loop
      vertex -4.25267 14.0192 1.5
      vertex -5.0365 14.0761 1.2
      vertex -4.93544 13.7936 1.5
    endloop
  endfacet
  facet normal -0.348603 0.615342 0.706987
    outer loop
      vertex -7.04738 13.1847 1.2
      vertex -7.68584 12.823 1.2
      vertex -7.5316 12.5657 1.5
    endloop
  endfacet
  facet normal -0.949517 -0.313716 0
    outer loop
      vertex -14.0761 -5.0365 0.299999
      vertex -14.3063 -4.33976 1.2
      vertex -14.3063 -4.33976 0.299999
    endloop
  endfacet
  facet normal -0.949517 -0.313716 0
    outer loop
      vertex -14.3063 -4.33976 1.2
      vertex -14.0761 -5.0365 0.299999
      vertex -14.0761 -5.0365 1.2
    endloop
  endfacet
  facet normal 0.286608 -0.646488 -0.707042
    outer loop
      vertex 5.72112 -13.812 0.299999
      vertex 5.60631 -13.5348 0
      vertex 6.39195 -13.5146 0.299999
    endloop
  endfacet
  facet normal -0.578185 -0.407186 0.707037
    outer loop
      vertex -11.767 -8.72699 1.5
      vertex -12.4305 -8.30577 1.2
      vertex -12.008 -8.9057 1.2
    endloop
  endfacet
  facet normal 0.59753 -0.378318 -0.706989
    outer loop
      vertex 12.823 -7.68584 0.299999
      vertex 12.4305 -8.30577 0.299999
      vertex 12.5657 -7.5316 0
    endloop
  endfacet
  facet normal -0.557524 0.435106 -0.707
    outer loop
      vertex -11.3246 9.29386 0
      vertex -11.767 8.72699 0
      vertex -11.5565 9.48418 0.299999
    endloop
  endfacet
  facet normal -0.266698 0.96378 0
    outer loop
      vertex -3.63255 14.502 0.299999
      vertex -4.33976 14.3063 1.2
      vertex -3.63255 14.502 1.2
    endloop
  endfacet
  facet normal -0.266698 0.96378 0
    outer loop
      vertex -4.33976 14.3063 1.2
      vertex -3.63255 14.502 0.299999
      vertex -4.33976 14.3063 0.299999
    endloop
  endfacet
  facet normal 0.705359 0.052049 -0.706937
    outer loop
      vertex 14.932 0.733562 0.299999
      vertex 14.5795 1.43595 0
      vertex 14.878 1.46536 0.299999
    endloop
  endfacet
  facet normal -0.313716 0.949517 0
    outer loop
      vertex -4.33976 14.3063 0.299999
      vertex -5.0365 14.0761 1.2
      vertex -4.33976 14.3063 1.2
    endloop
  endfacet
  facet normal -0.313716 0.949517 0
    outer loop
      vertex -5.0365 14.0761 1.2
      vertex -4.33976 14.3063 0.299999
      vertex -5.0365 14.0761 0.299999
    endloop
  endfacet
  facet normal -0.870077 0.492916 0
    outer loop
      vertex -13.1847 7.04738 0.299999
      vertex -12.823 7.68584 1.2
      vertex -12.823 7.68584 0.299999
    endloop
  endfacet
  facet normal -0.870077 0.492916 0
    outer loop
      vertex -12.823 7.68584 1.2
      vertex -13.1847 7.04738 0.299999
      vertex -13.1847 7.04738 1.2
    endloop
  endfacet
  facet normal 0.681576 -0.188607 -0.707023
    outer loop
      vertex 14.3063 -4.33976 0.299999
      vertex 14.0192 -4.25267 0
      vertex 14.502 -3.63255 0.299999
    endloop
  endfacet
  facet normal 0.70536 0.0520491 0.706936
    outer loop
      vertex 14.878 1.46536 1.2
      vertex 14.5795 1.43595 1.5
      vertex 14.932 0.733562 1.2
    endloop
  endfacet
  facet normal 0.557525 -0.435107 0.706999
    outer loop
      vertex 11.767 -8.72699 1.5
      vertex 11.3246 -9.29386 1.5
      vertex 11.5565 -9.48418 1.2
    endloop
  endfacet
  facet normal -0.757196 0.653188 0
    outer loop
      vertex -11.5565 9.48418 0.299999
      vertex -11.0772 10.0398 1.2
      vertex -11.0772 10.0398 0.299999
    endloop
  endfacet
  facet normal -0.757196 0.653188 0
    outer loop
      vertex -11.0772 10.0398 1.2
      vertex -11.5565 9.48418 0.299999
      vertex -11.5565 9.48418 1.2
    endloop
  endfacet
  facet normal -0.992483 -0.122381 0
    outer loop
      vertex -14.7882 -2.19362 0.299999
      vertex -14.878 -1.46536 1.2
      vertex -14.878 -1.46536 0.299999
    endloop
  endfacet
  facet normal -0.992483 -0.122381 0
    outer loop
      vertex -14.878 -1.46536 1.2
      vertex -14.7882 -2.19362 0.299999
      vertex -14.7882 -2.19362 1.2
    endloop
  endfacet
  facet normal -0.615342 -0.348603 0.706987
    outer loop
      vertex -12.5657 -7.5316 1.5
      vertex -13.1847 -7.04738 1.2
      vertex -12.823 -7.68584 1.2
    endloop
  endfacet
  facet normal 0.707046 -0.0173494 0.706955
    outer loop
      vertex 14.95 0 1.2
      vertex 14.6324 -0.718841 1.5
      vertex 14.932 -0.733562 1.2
    endloop
  endfacet
  facet normal -0.705342 0.052032 0.706955
    outer loop
      vertex -14.5795 1.43595 1.5
      vertex -14.932 0.733562 1.2
      vertex -14.6324 0.718841 1.5
    endloop
  endfacet
  facet normal -0.705359 0.052049 -0.706937
    outer loop
      vertex -14.5795 1.43595 0
      vertex -14.932 0.733562 0.299999
      vertex -14.878 1.46536 0.299999
    endloop
  endfacet
  facet normal 0.40716 0.578178 -0.707058
    outer loop
      vertex 8.72699 11.767 0
      vertex 8.1391 12.181 0
      vertex 8.30577 12.4305 0.299999
    endloop
  endfacet
  facet normal -0.597531 0.378318 0.706988
    outer loop
      vertex -12.4305 8.30577 1.2
      vertex -12.823 7.68584 1.2
      vertex -12.5657 7.5316 1.5
    endloop
  endfacet
  facet normal -0.48768 -0.512161 -0.707007
    outer loop
      vertex -10.0398 -11.0772 0.299999
      vertex -10.5712 -10.5712 0.299999
      vertex -9.83834 -10.8549 0
    endloop
  endfacet
  facet normal -0.171029 -0.985266 0
    outer loop
      vertex -2.9166 -14.6627 0.299999
      vertex -2.19362 -14.7882 1.2
      vertex -2.9166 -14.6627 1.2
    endloop
  endfacet
  facet normal -0.171029 -0.985266 -0
    outer loop
      vertex -2.19362 -14.7882 1.2
      vertex -2.9166 -14.6627 0.299999
      vertex -2.19362 -14.7882 0.299999
    endloop
  endfacet
  facet normal 0.407186 0.578185 0.707037
    outer loop
      vertex 8.9057 12.008 1.2
      vertex 8.30577 12.4305 1.2
      vertex 8.72699 11.767 1.5
    endloop
  endfacet
  facet normal 0.701843 -0.0865426 0.707055
    outer loop
      vertex 14.878 -1.46536 1.2
      vertex 14.4914 -2.1496 1.5
      vertex 14.7882 -2.19362 1.2
    endloop
  endfacet
  facet normal 0.35991 -0.932987 0
    outer loop
      vertex 5.0365 -14.0761 0.299999
      vertex 5.72112 -13.812 1.2
      vertex 5.0365 -14.0761 1.2
    endloop
  endfacet
  facet normal 0.35991 -0.932987 0
    outer loop
      vertex 5.72112 -13.812 1.2
      vertex 5.0365 -14.0761 0.299999
      vertex 5.72112 -13.812 0.299999
    endloop
  endfacet
  facet normal 0.96378 0.266698 0
    outer loop
      vertex 14.502 3.63255 1.2
      vertex 14.3063 4.33976 0.299999
      vertex 14.3063 4.33976 1.2
    endloop
  endfacet
  facet normal 0.96378 0.266698 0
    outer loop
      vertex 14.3063 4.33976 0.299999
      vertex 14.502 3.63255 1.2
      vertex 14.502 3.63255 0.299999
    endloop
  endfacet
  facet normal -0.70536 -0.0520491 0.706936
    outer loop
      vertex -14.5795 -1.43595 1.5
      vertex -14.932 -0.733562 1.2
      vertex -14.878 -1.46536 1.2
    endloop
  endfacet
  facet normal 0.671468 0.221866 -0.707041
    outer loop
      vertex 14.0192 4.25267 0
      vertex 13.7936 4.93544 0
      vertex 14.0761 5.0365 0.299999
    endloop
  endfacet
  facet normal 0.188643 0.681602 0.706988
    outer loop
      vertex 3.63255 14.502 1.2
      vertex 3.55966 14.211 1.5
      vertex 4.25267 14.0192 1.5
    endloop
  endfacet
  facet normal 0.25452 0.659786 0.707038
    outer loop
      vertex 5.0365 14.0761 1.2
      vertex 4.93544 13.7936 1.5
      vertex 5.72112 13.812 1.2
    endloop
  endfacet
  facet normal -0.492916 0.870077 0
    outer loop
      vertex -7.04738 13.1847 0.299999
      vertex -7.68584 12.823 1.2
      vertex -7.04738 13.1847 1.2
    endloop
  endfacet
  facet normal -0.492916 0.870077 0
    outer loop
      vertex -7.68584 12.823 1.2
      vertex -7.04738 13.1847 0.299999
      vertex -7.68584 12.823 0.299999
    endloop
  endfacet
  facet normal -0.407161 0.578179 0.707057
    outer loop
      vertex -8.30577 12.4305 1.2
      vertex -8.72699 11.767 1.5
      vertex -8.1391 12.181 1.5
    endloop
  endfacet
  facet normal -0.378318 0.597531 0.706988
    outer loop
      vertex -7.68584 12.823 1.2
      vertex -8.30577 12.4305 1.2
      vertex -7.5316 12.5657 1.5
    endloop
  endfacet
  facet normal -0.221858 0.671491 0.707022
    outer loop
      vertex -4.33976 14.3063 1.2
      vertex -5.0365 14.0761 1.2
      vertex -4.25267 14.0192 1.5
    endloop
  endfacet
  facet normal 0.461943 0.535488 -0.707009
    outer loop
      vertex 9.83834 10.8549 0
      vertex 9.29386 11.3246 0
      vertex 10.0398 11.0772 0.299999
    endloop
  endfacet
  facet normal -0.949517 0.313716 0
    outer loop
      vertex -14.3063 4.33976 0.299999
      vertex -14.0761 5.0365 1.2
      vertex -14.0761 5.0365 0.299999
    endloop
  endfacet
  facet normal -0.949517 0.313716 0
    outer loop
      vertex -14.0761 5.0365 1.2
      vertex -14.3063 4.33976 0.299999
      vertex -14.3063 4.33976 1.2
    endloop
  endfacet
  facet normal -0.690056 -0.154888 -0.706989
    outer loop
      vertex -14.502 -3.63255 0.299999
      vertex -14.6627 -2.9166 0.299999
      vertex -14.211 -3.55966 0
    endloop
  endfacet
  facet normal -0.690057 0.154888 0.706988
    outer loop
      vertex -14.502 3.63255 1.2
      vertex -14.6627 2.9166 1.2
      vertex -14.211 3.55966 1.5
    endloop
  endfacet
  facet normal 0.317947 0.631683 -0.707027
    outer loop
      vertex 6.90596 12.9201 0
      vertex 6.39195 13.5146 0.299999
      vertex 7.04738 13.1847 0.299999
    endloop
  endfacet
  facet normal 0.707045 0.0173493 -0.706956
    outer loop
      vertex 14.95 0 0.299999
      vertex 14.6324 0.718841 0
      vertex 14.932 0.733562 0.299999
    endloop
  endfacet
  facet normal -0.487686 0.512237 -0.706948
    outer loop
      vertex -10.3591 10.3591 0
      vertex -10.5712 10.5712 0.299999
      vertex -9.83834 10.8549 0
    endloop
  endfacet
  facet normal 0.65978 0.254522 0.707042
    outer loop
      vertex 13.812 5.72112 1.2
      vertex 13.5348 5.60631 1.5
      vertex 13.7936 4.93544 1.5
    endloop
  endfacet
  facet normal -0.696847 -0.120884 0.706959
    outer loop
      vertex -14.4914 -2.1496 1.5
      vertex -14.6627 -2.9166 1.2
      vertex -14.3685 -2.85807 1.5
    endloop
  endfacet
  facet normal -0.646534 -0.286596 0.707005
    outer loop
      vertex -13.2434 -6.26368 1.5
      vertex -13.5348 -5.60631 1.5
      vertex -13.5146 -6.39195 1.2
    endloop
  endfacet
  facet normal -0.681577 0.188607 0.707022
    outer loop
      vertex -14.3063 4.33976 1.2
      vertex -14.502 3.63255 1.2
      vertex -14.0192 4.25267 1.5
    endloop
  endfacet
  facet normal -0.378318 -0.59753 -0.706989
    outer loop
      vertex -7.68584 -12.823 0.299999
      vertex -8.30577 -12.4305 0.299999
      vertex -7.5316 -12.5657 0
    endloop
  endfacet
  facet normal 0.188607 -0.681576 -0.707023
    outer loop
      vertex 4.33976 -14.3063 0.299999
      vertex 3.63255 -14.502 0.299999
      vertex 4.25267 -14.0192 0
    endloop
  endfacet
  facet normal -0.557524 -0.435106 -0.707
    outer loop
      vertex -11.5565 -9.48418 0.299999
      vertex -11.767 -8.72699 0
      vertex -11.3246 -9.29386 0
    endloop
  endfacet
  facet normal -0.615323 -0.348556 -0.707026
    outer loop
      vertex -12.5657 -7.5316 0
      vertex -13.1847 -7.04738 0.299999
      vertex -12.9201 -6.90596 0
    endloop
  endfacet
  facet normal 0.48768 -0.512161 -0.707007
    outer loop
      vertex 10.0398 -11.0772 0.299999
      vertex 9.83834 -10.8549 0
      vertex 10.5712 -10.5712 0.299999
    endloop
  endfacet
  facet normal 0.378318 -0.59753 -0.706989
    outer loop
      vertex 7.68584 -12.823 0.299999
      vertex 7.5316 -12.5657 0
      vertex 8.30577 -12.4305 0.299999
    endloop
  endfacet
  facet normal 0.844894 -0.534933 0
    outer loop
      vertex 12.4305 -8.30577 1.2
      vertex 12.823 -7.68584 0.299999
      vertex 12.823 -7.68584 1.2
    endloop
  endfacet
  facet normal 0.844894 -0.534933 0
    outer loop
      vertex 12.823 -7.68584 0.299999
      vertex 12.4305 -8.30577 1.2
      vertex 12.4305 -8.30577 0.299999
    endloop
  endfacet
  facet normal 0.65978 -0.254522 0.707042
    outer loop
      vertex 13.7936 -4.93544 1.5
      vertex 13.5348 -5.60631 1.5
      vertex 13.812 -5.72112 1.2
    endloop
  endfacet
  facet normal -0.646489 0.286609 0.707041
    outer loop
      vertex -13.5146 6.39195 1.2
      vertex -13.812 5.72112 1.2
      vertex -13.5348 5.60631 1.5
    endloop
  endfacet
  facet normal -0.707046 -0.0173494 0.706955
    outer loop
      vertex -14.6324 -0.718841 1.5
      vertex -14.95 0 1.2
      vertex -14.932 -0.733562 1.2
    endloop
  endfacet
  facet normal -0.70536 0.0520491 0.706936
    outer loop
      vertex -14.878 1.46536 1.2
      vertex -14.932 0.733562 1.2
      vertex -14.5795 1.43595 1.5
    endloop
  endfacet
  facet normal -0.701843 0.0865426 0.707055
    outer loop
      vertex -14.7882 2.19362 1.2
      vertex -14.878 1.46536 1.2
      vertex -14.4914 2.1496 1.5
    endloop
  endfacet
  facet normal -0.69674 0.120945 0.707054
    outer loop
      vertex -14.6627 2.9166 1.2
      vertex -14.7882 2.19362 1.2
      vertex -14.4914 2.1496 1.5
    endloop
  endfacet
  facet normal 0.949517 0.313716 0
    outer loop
      vertex 14.3063 4.33976 1.2
      vertex 14.0761 5.0365 0.299999
      vertex 14.0761 5.0365 1.2
    endloop
  endfacet
  facet normal 0.949517 0.313716 0
    outer loop
      vertex 14.0761 5.0365 0.299999
      vertex 14.3063 4.33976 1.2
      vertex 14.3063 4.33976 0.299999
    endloop
  endfacet
  facet normal 0.707046 0.0173494 0.706955
    outer loop
      vertex 14.932 0.733562 1.2
      vertex 14.6324 0.718841 1.5
      vertex 14.95 0 1.2
    endloop
  endfacet
  facet normal -0.615342 0.348603 0.706987
    outer loop
      vertex -12.823 7.68584 1.2
      vertex -13.1847 7.04738 1.2
      vertex -12.5657 7.5316 1.5
    endloop
  endfacet
  facet normal -0.681576 -0.188607 -0.707023
    outer loop
      vertex -14.3063 -4.33976 0.299999
      vertex -14.502 -3.63255 0.299999
      vertex -14.0192 -4.25267 0
    endloop
  endfacet
  facet normal 0.317947 -0.631683 -0.707027
    outer loop
      vertex 7.04738 -13.1847 0.299999
      vertex 6.39195 -13.5146 0.299999
      vertex 6.90596 -12.9201 0
    endloop
  endfacet
  facet normal 0.435107 0.557525 0.706999
    outer loop
      vertex 9.48418 11.5565 1.2
      vertex 8.72699 11.767 1.5
      vertex 9.29386 11.3246 1.5
    endloop
  endfacet
  facet normal -0.578179 0.407161 0.707057
    outer loop
      vertex -11.767 8.72699 1.5
      vertex -12.4305 8.30577 1.2
      vertex -12.181 8.1391 1.5
    endloop
  endfacet
  facet normal -0.535489 -0.461944 0.707008
    outer loop
      vertex -10.8549 -9.83834 1.5
      vertex -11.3246 -9.29386 1.5
      vertex -11.0772 -10.0398 1.2
    endloop
  endfacet
  facet normal -0.696847 0.120884 0.706959
    outer loop
      vertex -14.3685 2.85807 1.5
      vertex -14.6627 2.9166 1.2
      vertex -14.4914 2.1496 1.5
    endloop
  endfacet
  facet normal -0.631694 -0.317971 0.707005
    outer loop
      vertex -13.2434 -6.26368 1.5
      vertex -13.5146 -6.39195 1.2
      vertex -12.9201 -6.90596 1.5
    endloop
  endfacet
  facet normal -0.914189 -0.405289 0
    outer loop
      vertex -13.5146 -6.39195 0.299999
      vertex -13.812 -5.72112 1.2
      vertex -13.812 -5.72112 0.299999
    endloop
  endfacet
  facet normal -0.914189 -0.405289 0
    outer loop
      vertex -13.812 -5.72112 1.2
      vertex -13.5146 -6.39195 0.299999
      vertex -13.5146 -6.39195 1.2
    endloop
  endfacet
  facet normal -0.696846 -0.120884 -0.70696
    outer loop
      vertex -14.3685 -2.85807 0
      vertex -14.6627 -2.9166 0.299999
      vertex -14.4914 -2.1496 0
    endloop
  endfacet
  facet normal 0.461944 -0.5355 0.706999
    outer loop
      vertex 10.0398 -11.0772 1.2
      vertex 9.29386 -11.3246 1.5
      vertex 9.48418 -11.5565 1.2
    endloop
  endfacet
  facet normal -0.120884 -0.696846 -0.70696
    outer loop
      vertex -2.1496 -14.4914 0
      vertex -2.9166 -14.6627 0.299999
      vertex -2.85807 -14.3685 0
    endloop
  endfacet
  facet normal 0.681602 -0.188643 0.706988
    outer loop
      vertex 14.211 -3.55966 1.5
      vertex 14.0192 -4.25267 1.5
      vertex 14.502 -3.63255 1.2
    endloop
  endfacet
  facet normal 0.689587 -0.724203 0
    outer loop
      vertex 10.0398 -11.0772 0.299999
      vertex 10.5712 -10.5712 1.2
      vertex 10.0398 -11.0772 1.2
    endloop
  endfacet
  facet normal 0.689587 -0.724203 0
    outer loop
      vertex 10.5712 -10.5712 1.2
      vertex 10.0398 -11.0772 0.299999
      vertex 10.5712 -10.5712 0.299999
    endloop
  endfacet
  facet normal 0.707001 -0.0173101 0.707001
    outer loop
      vertex 14.65 0 1.5
      vertex 14.6324 -0.718841 1.5
      vertex 14.95 0 1.2
    endloop
  endfacet
  facet normal 0.707 0.0173101 -0.707002
    outer loop
      vertex 14.65 0 0
      vertex 14.6324 0.718841 0
      vertex 14.95 0 0.299999
    endloop
  endfacet
  facet normal -0.932987 -0.35991 0
    outer loop
      vertex -13.812 -5.72112 0.299999
      vertex -14.0761 -5.0365 1.2
      vertex -14.0761 -5.0365 0.299999
    endloop
  endfacet
  facet normal -0.932987 -0.35991 0
    outer loop
      vertex -14.0761 -5.0365 1.2
      vertex -13.812 -5.72112 0.299999
      vertex -13.812 -5.72112 1.2
    endloop
  endfacet
  facet normal 0.705342 -0.052032 0.706955
    outer loop
      vertex 14.6324 -0.718841 1.5
      vertex 14.5795 -1.43595 1.5
      vertex 14.932 -0.733562 1.2
    endloop
  endfacet
  facet normal -0.893233 -0.449594 0
    outer loop
      vertex -13.1847 -7.04738 0.299999
      vertex -13.5146 -6.39195 1.2
      vertex -13.5146 -6.39195 0.299999
    endloop
  endfacet
  facet normal -0.893233 -0.449594 0
    outer loop
      vertex -13.5146 -6.39195 1.2
      vertex -13.1847 -7.04738 0.299999
      vertex -13.1847 -7.04738 1.2
    endloop
  endfacet
  facet normal -0.435108 -0.557477 -0.707036
    outer loop
      vertex -8.9057 -12.008 0.299999
      vertex -9.48418 -11.5565 0.299999
      vertex -8.72699 -11.767 0
    endloop
  endfacet
  facet normal 0.348603 0.615342 0.706987
    outer loop
      vertex 7.68584 12.823 1.2
      vertex 7.04738 13.1847 1.2
      vertex 7.5316 12.5657 1.5
    endloop
  endfacet
  facet normal 0.120945 0.696739 -0.707056
    outer loop
      vertex 2.9166 14.6627 0.299999
      vertex 2.1496 14.4914 0
      vertex 2.19362 14.7882 0.299999
    endloop
  endfacet
  facet normal 0.313716 0.949517 -0
    outer loop
      vertex 5.0365 14.0761 0.299999
      vertex 4.33976 14.3063 1.2
      vertex 5.0365 14.0761 1.2
    endloop
  endfacet
  facet normal 0.313716 0.949517 0
    outer loop
      vertex 4.33976 14.3063 1.2
      vertex 5.0365 14.0761 0.299999
      vertex 4.33976 14.3063 0.299999
    endloop
  endfacet
  facet normal -0.0865424 -0.701842 -0.707056
    outer loop
      vertex -1.46536 -14.878 0.299999
      vertex -2.19362 -14.7882 0.299999
      vertex -2.1496 -14.4914 0
    endloop
  endfacet
  facet normal 0.286596 -0.646534 0.707005
    outer loop
      vertex 6.26368 -13.2434 1.5
      vertex 5.60631 -13.5348 1.5
      vertex 6.39195 -13.5146 1.2
    endloop
  endfacet
  facet normal 0.286609 0.646489 0.707041
    outer loop
      vertex 5.72112 13.812 1.2
      vertex 5.60631 13.5348 1.5
      vertex 6.39195 13.5146 1.2
    endloop
  endfacet
  facet normal 0.631684 -0.317948 0.707026
    outer loop
      vertex 13.5146 -6.39195 1.2
      vertex 12.9201 -6.90596 1.5
      vertex 13.1847 -7.04738 1.2
    endloop
  endfacet
  facet normal -0.435108 0.557478 0.707035
    outer loop
      vertex -8.9057 12.008 1.2
      vertex -9.48418 11.5565 1.2
      vertex -8.72699 11.767 1.5
    endloop
  endfacet
  facet normal -0.37833 0.59744 0.707059
    outer loop
      vertex -7.5316 12.5657 1.5
      vertex -8.30577 12.4305 1.2
      vertex -8.1391 12.181 1.5
    endloop
  endfacet
  facet normal -0.348556 0.615323 -0.707026
    outer loop
      vertex -6.90596 12.9201 0
      vertex -7.5316 12.5657 0
      vertex -7.04738 13.1847 0.299999
    endloop
  endfacet
  facet normal -0.407161 -0.578179 0.707057
    outer loop
      vertex -8.1391 -12.181 1.5
      vertex -8.72699 -11.767 1.5
      vertex -8.30577 -12.4305 1.2
    endloop
  endfacet
  facet normal -0.188607 0.681576 -0.707023
    outer loop
      vertex -4.25267 14.0192 0
      vertex -4.33976 14.3063 0.299999
      vertex -3.63255 14.502 0.299999
    endloop
  endfacet
  facet normal 0.120945 0.69674 0.707054
    outer loop
      vertex 2.19362 14.7882 1.2
      vertex 2.1496 14.4914 1.5
      vertex 2.9166 14.6627 1.2
    endloop
  endfacet
  facet normal -0.25452 -0.659785 -0.707039
    outer loop
      vertex -5.0365 -14.0761 0.299999
      vertex -5.72112 -13.812 0.299999
      vertex -4.93544 -13.7936 0
    endloop
  endfacet
  facet normal -0.870077 -0.492916 0
    outer loop
      vertex -12.823 -7.68584 0.299999
      vertex -13.1847 -7.04738 1.2
      vertex -13.1847 -7.04738 0.299999
    endloop
  endfacet
  facet normal -0.870077 -0.492916 0
    outer loop
      vertex -13.1847 -7.04738 1.2
      vertex -12.823 -7.68584 0.299999
      vertex -12.823 -7.68584 1.2
    endloop
  endfacet
  facet normal -0.0173101 -0.707001 0.707001
    outer loop
      vertex 0 -14.65 1.5
      vertex -0.718841 -14.6324 1.5
      vertex 0 -14.95 1.2
    endloop
  endfacet
  facet normal -0.707046 0.0173494 0.706955
    outer loop
      vertex -14.932 0.733562 1.2
      vertex -14.95 0 1.2
      vertex -14.6324 0.718841 1.5
    endloop
  endfacet
  facet normal -0.705359 -0.052049 -0.706937
    outer loop
      vertex -14.878 -1.46536 0.299999
      vertex -14.932 -0.733562 0.299999
      vertex -14.5795 -1.43595 0
    endloop
  endfacet
  facet normal 0.690056 0.154888 -0.706989
    outer loop
      vertex 14.6627 2.9166 0.299999
      vertex 14.211 3.55966 0
      vertex 14.502 3.63255 0.299999
    endloop
  endfacet
  facet normal 0.631684 0.317948 0.707026
    outer loop
      vertex 13.1847 7.04738 1.2
      vertex 12.9201 6.90596 1.5
      vertex 13.5146 6.39195 1.2
    endloop
  endfacet
  facet normal 0.671469 -0.221866 0.707039
    outer loop
      vertex 14.0192 -4.25267 1.5
      vertex 13.7936 -4.93544 1.5
      vertex 14.0761 -5.0365 1.2
    endloop
  endfacet
  facet normal -0.254521 0.659779 -0.707044
    outer loop
      vertex -5.60631 13.5348 0
      vertex -5.72112 13.812 0.299999
      vertex -4.93544 13.7936 0
    endloop
  endfacet
  facet normal 0.557477 -0.435108 -0.707036
    outer loop
      vertex 12.008 -8.9057 0.299999
      vertex 11.5565 -9.48418 0.299999
      vertex 11.767 -8.72699 0
    endloop
  endfacet
  facet normal -0.435107 -0.557525 0.706999
    outer loop
      vertex -9.29386 -11.3246 1.5
      vertex -9.48418 -11.5565 1.2
      vertex -8.72699 -11.767 1.5
    endloop
  endfacet
  facet normal -0.48768 0.512161 -0.707007
    outer loop
      vertex -9.83834 10.8549 0
      vertex -10.5712 10.5712 0.299999
      vertex -10.0398 11.0772 0.299999
    endloop
  endfacet
  facet normal -0.671489 -0.221857 -0.707023
    outer loop
      vertex -14.0761 -5.0365 0.299999
      vertex -14.3063 -4.33976 0.299999
      vertex -14.0192 -4.25267 0
    endloop
  endfacet
  facet normal 0.578178 -0.40716 -0.707058
    outer loop
      vertex 12.4305 -8.30577 0.299999
      vertex 11.767 -8.72699 0
      vertex 12.181 -8.1391 0
    endloop
  endfacet
  facet normal 0.254522 0.65978 0.707042
    outer loop
      vertex 5.72112 13.812 1.2
      vertex 4.93544 13.7936 1.5
      vertex 5.60631 13.5348 1.5
    endloop
  endfacet
  facet normal 0.221857 -0.671489 -0.707023
    outer loop
      vertex 4.33976 -14.3063 0.299999
      vertex 4.25267 -14.0192 0
      vertex 5.0365 -14.0761 0.299999
    endloop
  endfacet
  facet normal 0.512162 0.487681 0.707006
    outer loop
      vertex 11.0772 10.0398 1.2
      vertex 10.5712 10.5712 1.2
      vertex 10.8549 9.83834 1.5
    endloop
  endfacet
  facet normal -0.557477 -0.435108 -0.707036
    outer loop
      vertex -11.5565 -9.48418 0.299999
      vertex -12.008 -8.9057 0.299999
      vertex -11.767 -8.72699 0
    endloop
  endfacet
  facet normal -0.615324 0.348556 0.707025
    outer loop
      vertex -12.5657 7.5316 1.5
      vertex -13.1847 7.04738 1.2
      vertex -12.9201 6.90596 1.5
    endloop
  endfacet
  facet normal 0.5355 -0.461944 0.706999
    outer loop
      vertex 11.3246 -9.29386 1.5
      vertex 11.0772 -10.0398 1.2
      vertex 11.5565 -9.48418 1.2
    endloop
  endfacet
  facet normal 0.788314 -0.615274 0
    outer loop
      vertex 11.5565 -9.48418 1.2
      vertex 12.008 -8.9057 0.299999
      vertex 12.008 -8.9057 1.2
    endloop
  endfacet
  facet normal 0.788314 -0.615274 0
    outer loop
      vertex 12.008 -8.9057 0.299999
      vertex 11.5565 -9.48418 1.2
      vertex 11.5565 -9.48418 0.299999
    endloop
  endfacet
  facet normal -0.681601 0.188642 -0.706989
    outer loop
      vertex -14.211 3.55966 0
      vertex -14.502 3.63255 0.299999
      vertex -14.0192 4.25267 0
    endloop
  endfacet
  facet normal -0.219008 -0.975723 0
    outer loop
      vertex -3.63255 -14.502 0.299999
      vertex -2.9166 -14.6627 1.2
      vertex -3.63255 -14.502 1.2
    endloop
  endfacet
  facet normal -0.219008 -0.975723 -0
    outer loop
      vertex -2.9166 -14.6627 1.2
      vertex -3.63255 -14.502 0.299999
      vertex -2.9166 -14.6627 0.299999
    endloop
  endfacet
  facet normal 0.535488 -0.461943 -0.707009
    outer loop
      vertex 11.0772 -10.0398 0.299999
      vertex 10.8549 -9.83834 0
      vertex 11.3246 -9.29386 0
    endloop
  endfacet
  facet normal -0.188642 0.681601 -0.706989
    outer loop
      vertex -3.55966 14.211 0
      vertex -4.25267 14.0192 0
      vertex -3.63255 14.502 0.299999
    endloop
  endfacet
  facet normal -0.512161 0.48768 -0.707007
    outer loop
      vertex -10.8549 9.83834 0
      vertex -11.0772 10.0398 0.299999
      vertex -10.5712 10.5712 0.299999
    endloop
  endfacet
  facet normal -0.631693 -0.317971 -0.707007
    outer loop
      vertex -12.9201 -6.90596 0
      vertex -13.5146 -6.39195 0.299999
      vertex -13.2434 -6.26368 0
    endloop
  endfacet
  facet normal -0.0520319 -0.705341 -0.706956
    outer loop
      vertex -0.733562 -14.932 0.299999
      vertex -1.43595 -14.5795 0
      vertex -0.718841 -14.6324 0
    endloop
  endfacet
  facet normal -0.461943 -0.535499 -0.707
    outer loop
      vertex -9.48418 -11.5565 0.299999
      vertex -10.0398 -11.0772 0.299999
      vertex -9.29386 -11.3246 0
    endloop
  endfacet
  facet normal 0.631693 0.317971 -0.707007
    outer loop
      vertex 13.2434 6.26368 0
      vertex 12.9201 6.90596 0
      vertex 13.5146 6.39195 0.299999
    endloop
  endfacet
  facet normal 0.120945 -0.696739 -0.707056
    outer loop
      vertex 2.19362 -14.7882 0.299999
      vertex 2.1496 -14.4914 0
      vertex 2.9166 -14.6627 0.299999
    endloop
  endfacet
  facet normal 0.724203 0.689587 0
    outer loop
      vertex 11.0772 10.0398 1.2
      vertex 10.5712 10.5712 0.299999
      vertex 10.5712 10.5712 1.2
    endloop
  endfacet
  facet normal 0.724203 0.689587 0
    outer loop
      vertex 10.5712 10.5712 0.299999
      vertex 11.0772 10.0398 1.2
      vertex 11.0772 10.0398 0.299999
    endloop
  endfacet
  facet normal 0.557525 0.435107 0.706999
    outer loop
      vertex 11.5565 9.48418 1.2
      vertex 11.3246 9.29386 1.5
      vertex 11.767 8.72699 1.5
    endloop
  endfacet
  facet normal 0.932987 -0.35991 0
    outer loop
      vertex 13.812 -5.72112 1.2
      vertex 14.0761 -5.0365 0.299999
      vertex 14.0761 -5.0365 1.2
    endloop
  endfacet
  facet normal 0.932987 -0.35991 0
    outer loop
      vertex 14.0761 -5.0365 0.299999
      vertex 13.812 -5.72112 1.2
      vertex 13.812 -5.72112 0.299999
    endloop
  endfacet
  facet normal 0.597531 -0.378318 0.706988
    outer loop
      vertex 12.5657 -7.5316 1.5
      vertex 12.4305 -8.30577 1.2
      vertex 12.823 -7.68584 1.2
    endloop
  endfacet
  facet normal -0.999699 -0.0245304 0
    outer loop
      vertex -14.932 -0.733562 0.299999
      vertex -14.95 0 1.2
      vertex -14.95 0 0.299999
    endloop
  endfacet
  facet normal -0.999699 -0.0245304 0
    outer loop
      vertex -14.95 0 1.2
      vertex -14.932 -0.733562 0.299999
      vertex -14.932 -0.733562 1.2
    endloop
  endfacet
  facet normal -0.985266 -0.171029 0
    outer loop
      vertex -14.6627 -2.9166 0.299999
      vertex -14.7882 -2.19362 1.2
      vertex -14.7882 -2.19362 0.299999
    endloop
  endfacet
  facet normal -0.985266 -0.171029 0
    outer loop
      vertex -14.7882 -2.19362 1.2
      vertex -14.6627 -2.9166 0.299999
      vertex -14.6627 -2.9166 1.2
    endloop
  endfacet
  facet normal 0.631694 -0.317971 0.707005
    outer loop
      vertex 13.2434 -6.26368 1.5
      vertex 12.9201 -6.90596 1.5
      vertex 13.5146 -6.39195 1.2
    endloop
  endfacet
  facet normal -0.844894 0.534933 0
    outer loop
      vertex -12.823 7.68584 0.299999
      vertex -12.4305 8.30577 1.2
      vertex -12.4305 8.30577 0.299999
    endloop
  endfacet
  facet normal -0.844894 0.534933 0
    outer loop
      vertex -12.4305 8.30577 1.2
      vertex -12.823 7.68584 0.299999
      vertex -12.823 7.68584 1.2
    endloop
  endfacet
  facet normal 0.171029 0.985266 -0
    outer loop
      vertex 2.9166 14.6627 0.299999
      vertex 2.19362 14.7882 1.2
      vertex 2.9166 14.6627 1.2
    endloop
  endfacet
  facet normal 0.171029 0.985266 0
    outer loop
      vertex 2.19362 14.7882 1.2
      vertex 2.9166 14.6627 0.299999
      vertex 2.19362 14.7882 0.299999
    endloop
  endfacet
  facet normal -0.120884 0.696847 0.706959
    outer loop
      vertex -2.1496 14.4914 1.5
      vertex -2.9166 14.6627 1.2
      vertex -2.85807 14.3685 1.5
    endloop
  endfacet
  facet normal 0.696847 -0.120884 0.706959
    outer loop
      vertex 14.4914 -2.1496 1.5
      vertex 14.3685 -2.85807 1.5
      vertex 14.6627 -2.9166 1.2
    endloop
  endfacet
  facet normal -0.052032 -0.705342 0.706955
    outer loop
      vertex -0.718841 -14.6324 1.5
      vertex -1.43595 -14.5795 1.5
      vertex -0.733562 -14.932 1.2
    endloop
  endfacet
  facet normal -0.631684 0.317948 0.707026
    outer loop
      vertex -13.1847 7.04738 1.2
      vertex -13.5146 6.39195 1.2
      vertex -12.9201 6.90596 1.5
    endloop
  endfacet
  facet normal 0.707001 0.0173101 0.707001
    outer loop
      vertex 14.95 0 1.2
      vertex 14.6324 0.718841 1.5
      vertex 14.65 0 1.5
    endloop
  endfacet
  facet normal -0.59744 0.37833 0.707059
    outer loop
      vertex -12.4305 8.30577 1.2
      vertex -12.5657 7.5316 1.5
      vertex -12.181 8.1391 1.5
    endloop
  endfacet
  facet normal 0.949517 -0.313716 0
    outer loop
      vertex 14.0761 -5.0365 1.2
      vertex 14.3063 -4.33976 0.299999
      vertex 14.3063 -4.33976 1.2
    endloop
  endfacet
  facet normal 0.949517 -0.313716 0
    outer loop
      vertex 14.3063 -4.33976 0.299999
      vertex 14.0761 -5.0365 1.2
      vertex 14.0761 -5.0365 0.299999
    endloop
  endfacet
  facet normal 0.0173101 0.707001 0.707001
    outer loop
      vertex 0 14.95 1.2
      vertex 0 14.65 1.5
      vertex 0.718841 14.6324 1.5
    endloop
  endfacet
  facet normal -0.707001 -0.0173101 0.707001
    outer loop
      vertex -14.65 0 1.5
      vertex -14.95 0 1.2
      vertex -14.6324 -0.718841 1.5
    endloop
  endfacet
  facet normal -0.317971 0.631694 0.707005
    outer loop
      vertex -6.39195 13.5146 1.2
      vertex -6.90596 12.9201 1.5
      vertex -6.26368 13.2434 1.5
    endloop
  endfacet
  facet normal 0.70195 0.0866556 0.706935
    outer loop
      vertex 14.878 1.46536 1.2
      vertex 14.4914 2.1496 1.5
      vertex 14.5795 1.43595 1.5
    endloop
  endfacet
  facet normal -0.5355 -0.461944 0.706999
    outer loop
      vertex -11.3246 -9.29386 1.5
      vertex -11.5565 -9.48418 1.2
      vertex -11.0772 -10.0398 1.2
    endloop
  endfacet
  facet normal 0.70536 -0.0520491 0.706936
    outer loop
      vertex 14.932 -0.733562 1.2
      vertex 14.5795 -1.43595 1.5
      vertex 14.878 -1.46536 1.2
    endloop
  endfacet
  facet normal -0.286608 -0.646488 -0.707042
    outer loop
      vertex -5.72112 -13.812 0.299999
      vertex -6.39195 -13.5146 0.299999
      vertex -5.60631 -13.5348 0
    endloop
  endfacet
  facet normal -0.512162 -0.487681 0.707006
    outer loop
      vertex -10.8549 -9.83834 1.5
      vertex -11.0772 -10.0398 1.2
      vertex -10.5712 -10.5712 1.2
    endloop
  endfacet
  facet normal -0.286609 -0.646489 0.707041
    outer loop
      vertex -5.60631 -13.5348 1.5
      vertex -6.39195 -13.5146 1.2
      vertex -5.72112 -13.812 1.2
    endloop
  endfacet
  facet normal -0.0735908 -0.997289 0
    outer loop
      vertex -1.46536 -14.878 0.299999
      vertex -0.733562 -14.932 1.2
      vertex -1.46536 -14.878 1.2
    endloop
  endfacet
  facet normal -0.0735908 -0.997289 -0
    outer loop
      vertex -0.733562 -14.932 1.2
      vertex -1.46536 -14.878 0.299999
      vertex -0.733562 -14.932 0.299999
    endloop
  endfacet
  facet normal 0.512238 0.487687 0.706947
    outer loop
      vertex 10.5712 10.5712 1.2
      vertex 10.3591 10.3591 1.5
      vertex 10.8549 9.83834 1.5
    endloop
  endfacet
  facet normal -0.052049 -0.705359 -0.706937
    outer loop
      vertex -0.733562 -14.932 0.299999
      vertex -1.46536 -14.878 0.299999
      vertex -1.43595 -14.5795 0
    endloop
  endfacet
  facet normal 0.0173101 -0.707001 0.707001
    outer loop
      vertex 0 -14.65 1.5
      vertex 0 -14.95 1.2
      vertex 0.718841 -14.6324 1.5
    endloop
  endfacet
  facet normal 0.0520491 -0.70536 0.706936
    outer loop
      vertex 1.43595 -14.5795 1.5
      vertex 0.733562 -14.932 1.2
      vertex 1.46536 -14.878 1.2
    endloop
  endfacet
  facet normal -0.122381 -0.992483 0
    outer loop
      vertex -2.19362 -14.7882 0.299999
      vertex -1.46536 -14.878 1.2
      vertex -2.19362 -14.7882 1.2
    endloop
  endfacet
  facet normal -0.122381 -0.992483 -0
    outer loop
      vertex -1.46536 -14.878 1.2
      vertex -2.19362 -14.7882 0.299999
      vertex -1.46536 -14.878 0.299999
    endloop
  endfacet
  facet normal -0.0245304 -0.999699 0
    outer loop
      vertex -0.733562 -14.932 0.299999
      vertex 0 -14.95 1.2
      vertex -0.733562 -14.932 1.2
    endloop
  endfacet
  facet normal -0.0245304 -0.999699 -0
    outer loop
      vertex 0 -14.95 1.2
      vertex -0.733562 -14.932 0.299999
      vertex 0 -14.95 0.299999
    endloop
  endfacet
  facet normal -0.575791 0.817597 0
    outer loop
      vertex -8.30577 12.4305 0.299999
      vertex -8.9057 12.008 1.2
      vertex -8.30577 12.4305 1.2
    endloop
  endfacet
  facet normal -0.575791 0.817597 0
    outer loop
      vertex -8.9057 12.008 1.2
      vertex -8.30577 12.4305 0.299999
      vertex -8.9057 12.008 0.299999
    endloop
  endfacet
  facet normal 0.646488 -0.286608 -0.707042
    outer loop
      vertex 13.812 -5.72112 0.299999
      vertex 13.5146 -6.39195 0.299999
      vertex 13.5348 -5.60631 0
    endloop
  endfacet
  facet normal 0.0865426 -0.701843 0.707055
    outer loop
      vertex 2.1496 -14.4914 1.5
      vertex 1.46536 -14.878 1.2
      vertex 2.19362 -14.7882 1.2
    endloop
  endfacet
  facet normal 0.690077 -0.154915 -0.706962
    outer loop
      vertex 14.6627 -2.9166 0.299999
      vertex 14.211 -3.55966 0
      vertex 14.3685 -2.85807 0
    endloop
  endfacet
  facet normal -0.0520491 0.70536 0.706936
    outer loop
      vertex -0.733562 14.932 1.2
      vertex -1.46536 14.878 1.2
      vertex -1.43595 14.5795 1.5
    endloop
  endfacet
  facet normal -0.378329 0.597439 -0.70706
    outer loop
      vertex -8.1391 12.181 0
      vertex -8.30577 12.4305 0.299999
      vertex -7.5316 12.5657 0
    endloop
  endfacet
  facet normal 0.659779 -0.254521 -0.707044
    outer loop
      vertex 13.812 -5.72112 0.299999
      vertex 13.5348 -5.60631 0
      vertex 13.7936 -4.93544 0
    endloop
  endfacet
  facet normal -0.405289 0.914189 0
    outer loop
      vertex -5.72112 13.812 0.299999
      vertex -6.39195 13.5146 1.2
      vertex -5.72112 13.812 1.2
    endloop
  endfacet
  facet normal -0.405289 0.914189 0
    outer loop
      vertex -6.39195 13.5146 1.2
      vertex -5.72112 13.812 0.299999
      vertex -6.39195 13.5146 0.299999
    endloop
  endfacet
  facet normal 0.69674 -0.120945 0.707054
    outer loop
      vertex 14.7882 -2.19362 1.2
      vertex 14.4914 -2.1496 1.5
      vertex 14.6627 -2.9166 1.2
    endloop
  endfacet
  facet normal -0.631694 0.317971 0.707005
    outer loop
      vertex -12.9201 6.90596 1.5
      vertex -13.5146 6.39195 1.2
      vertex -13.2434 6.26368 1.5
    endloop
  endfacet
  facet normal -0.435108 0.557477 -0.707036
    outer loop
      vertex -8.72699 11.767 0
      vertex -9.48418 11.5565 0.299999
      vertex -8.9057 12.008 0.299999
    endloop
  endfacet
  facet normal 0.659779 0.254521 -0.707044
    outer loop
      vertex 13.7936 4.93544 0
      vertex 13.5348 5.60631 0
      vertex 13.812 5.72112 0.299999
    endloop
  endfacet
  facet normal -0.689587 0.724203 0
    outer loop
      vertex -10.0398 11.0772 0.299999
      vertex -10.5712 10.5712 1.2
      vertex -10.0398 11.0772 1.2
    endloop
  endfacet
  facet normal -0.689587 0.724203 0
    outer loop
      vertex -10.5712 10.5712 1.2
      vertex -10.0398 11.0772 0.299999
      vertex -10.5712 10.5712 0.299999
    endloop
  endfacet
  facet normal -0.535488 0.461943 -0.707009
    outer loop
      vertex -10.8549 9.83834 0
      vertex -11.3246 9.29386 0
      vertex -11.0772 10.0398 0.299999
    endloop
  endfacet
  facet normal -0.631683 -0.317947 -0.707027
    outer loop
      vertex -13.1847 -7.04738 0.299999
      vertex -13.5146 -6.39195 0.299999
      vertex -12.9201 -6.90596 0
    endloop
  endfacet
  facet normal -0.221857 0.671489 -0.707023
    outer loop
      vertex -4.25267 14.0192 0
      vertex -5.0365 14.0761 0.299999
      vertex -4.33976 14.3063 0.299999
    endloop
  endfacet
  facet normal -0.286609 0.646489 0.707041
    outer loop
      vertex -5.72112 13.812 1.2
      vertex -6.39195 13.5146 1.2
      vertex -5.60631 13.5348 1.5
    endloop
  endfacet
  facet normal -0.348556 0.615324 0.707025
    outer loop
      vertex -7.04738 13.1847 1.2
      vertex -7.5316 12.5657 1.5
      vertex -6.90596 12.9201 1.5
    endloop
  endfacet
  facet normal -0.705342 -0.052032 0.706955
    outer loop
      vertex -14.6324 -0.718841 1.5
      vertex -14.932 -0.733562 1.2
      vertex -14.5795 -1.43595 1.5
    endloop
  endfacet
  facet normal -0.171029 0.985266 0
    outer loop
      vertex -2.19362 14.7882 0.299999
      vertex -2.9166 14.6627 1.2
      vertex -2.19362 14.7882 1.2
    endloop
  endfacet
  facet normal -0.171029 0.985266 0
    outer loop
      vertex -2.9166 14.6627 1.2
      vertex -2.19362 14.7882 0.299999
      vertex -2.9166 14.6627 0.299999
    endloop
  endfacet
  facet normal 0.188607 0.681576 -0.707023
    outer loop
      vertex 4.25267 14.0192 0
      vertex 3.63255 14.502 0.299999
      vertex 4.33976 14.3063 0.299999
    endloop
  endfacet
  facet normal 0.221866 -0.671468 -0.707041
    outer loop
      vertex 5.0365 -14.0761 0.299999
      vertex 4.25267 -14.0192 0
      vertex 4.93544 -13.7936 0
    endloop
  endfacet
  facet normal -0.893233 0.449594 0
    outer loop
      vertex -13.5146 6.39195 0.299999
      vertex -13.1847 7.04738 1.2
      vertex -13.1847 7.04738 0.299999
    endloop
  endfacet
  facet normal -0.893233 0.449594 0
    outer loop
      vertex -13.1847 7.04738 1.2
      vertex -13.5146 6.39195 0.299999
      vertex -13.5146 6.39195 1.2
    endloop
  endfacet
  facet normal -0.646488 -0.286608 -0.707042
    outer loop
      vertex -13.5146 -6.39195 0.299999
      vertex -13.812 -5.72112 0.299999
      vertex -13.5348 -5.60631 0
    endloop
  endfacet
  facet normal -0.0866555 0.701949 -0.706936
    outer loop
      vertex -1.43595 14.5795 0
      vertex -2.1496 14.4914 0
      vertex -1.46536 14.878 0.299999
    endloop
  endfacet
  facet normal -0.659785 -0.25452 -0.707039
    outer loop
      vertex -13.812 -5.72112 0.299999
      vertex -14.0761 -5.0365 0.299999
      vertex -13.7936 -4.93544 0
    endloop
  endfacet
  facet normal 0.671468 -0.221866 -0.707041
    outer loop
      vertex 14.0761 -5.0365 0.299999
      vertex 13.7936 -4.93544 0
      vertex 14.0192 -4.25267 0
    endloop
  endfacet
  facet normal 0.705341 0.0520319 -0.706956
    outer loop
      vertex 14.6324 0.718841 0
      vertex 14.5795 1.43595 0
      vertex 14.932 0.733562 0.299999
    endloop
  endfacet
  facet normal -0.992483 0.122381 0
    outer loop
      vertex -14.878 1.46536 0.299999
      vertex -14.7882 2.19362 1.2
      vertex -14.7882 2.19362 0.299999
    endloop
  endfacet
  facet normal -0.992483 0.122381 0
    outer loop
      vertex -14.7882 2.19362 1.2
      vertex -14.878 1.46536 0.299999
      vertex -14.878 1.46536 1.2
    endloop
  endfacet
  facet normal 0.701949 -0.0866555 -0.706936
    outer loop
      vertex 14.878 -1.46536 0.299999
      vertex 14.4914 -2.1496 0
      vertex 14.5795 -1.43595 0
    endloop
  endfacet
  facet normal 0.597531 0.378318 0.706988
    outer loop
      vertex 12.823 7.68584 1.2
      vertex 12.4305 8.30577 1.2
      vertex 12.5657 7.5316 1.5
    endloop
  endfacet
  facet normal -0.0173493 -0.707045 -0.706956
    outer loop
      vertex 0 -14.95 0.299999
      vertex -0.733562 -14.932 0.299999
      vertex -0.718841 -14.6324 0
    endloop
  endfacet
  facet normal 0.985266 0.171029 0
    outer loop
      vertex 14.7882 2.19362 1.2
      vertex 14.6627 2.9166 0.299999
      vertex 14.6627 2.9166 1.2
    endloop
  endfacet
  facet normal 0.985266 0.171029 0
    outer loop
      vertex 14.6627 2.9166 0.299999
      vertex 14.7882 2.19362 1.2
      vertex 14.7882 2.19362 0.299999
    endloop
  endfacet
  facet normal 0.512161 0.48768 -0.707007
    outer loop
      vertex 10.8549 9.83834 0
      vertex 10.5712 10.5712 0.299999
      vertex 11.0772 10.0398 0.299999
    endloop
  endfacet
  facet normal -0.631693 0.317971 -0.707007
    outer loop
      vertex -13.2434 6.26368 0
      vertex -13.5146 6.39195 0.299999
      vertex -12.9201 6.90596 0
    endloop
  endfacet
  facet normal 0.154915 0.690077 -0.706962
    outer loop
      vertex 3.55966 14.211 0
      vertex 2.85807 14.3685 0
      vertex 2.9166 14.6627 0.299999
    endloop
  endfacet
  facet normal -0.435108 -0.557478 0.707035
    outer loop
      vertex -8.72699 -11.767 1.5
      vertex -9.48418 -11.5565 1.2
      vertex -8.9057 -12.008 1.2
    endloop
  endfacet
  facet normal -0.707 0.0173101 -0.707002
    outer loop
      vertex -14.65 0 0
      vertex -14.95 0 0.299999
      vertex -14.6324 0.718841 0
    endloop
  endfacet
  facet normal 0.914189 0.405289 0
    outer loop
      vertex 13.812 5.72112 1.2
      vertex 13.5146 6.39195 0.299999
      vertex 13.5146 6.39195 1.2
    endloop
  endfacet
  facet normal 0.914189 0.405289 0
    outer loop
      vertex 13.5146 6.39195 0.299999
      vertex 13.812 5.72112 1.2
      vertex 13.812 5.72112 0.299999
    endloop
  endfacet
  facet normal 0.59753 0.378318 -0.706989
    outer loop
      vertex 12.5657 7.5316 0
      vertex 12.4305 8.30577 0.299999
      vertex 12.823 7.68584 0.299999
    endloop
  endfacet
  facet normal 0.681601 -0.188642 -0.706989
    outer loop
      vertex 14.502 -3.63255 0.299999
      vertex 14.0192 -4.25267 0
      vertex 14.211 -3.55966 0
    endloop
  endfacet
  facet normal 0.844894 0.534933 0
    outer loop
      vertex 12.823 7.68584 1.2
      vertex 12.4305 8.30577 0.299999
      vertex 12.4305 8.30577 1.2
    endloop
  endfacet
  facet normal 0.844894 0.534933 0
    outer loop
      vertex 12.4305 8.30577 0.299999
      vertex 12.823 7.68584 1.2
      vertex 12.823 7.68584 0.299999
    endloop
  endfacet
  facet normal 0.870077 0.492916 0
    outer loop
      vertex 13.1847 7.04738 1.2
      vertex 12.823 7.68584 0.299999
      vertex 12.823 7.68584 1.2
    endloop
  endfacet
  facet normal 0.870077 0.492916 0
    outer loop
      vertex 12.823 7.68584 0.299999
      vertex 13.1847 7.04738 1.2
      vertex 13.1847 7.04738 0.299999
    endloop
  endfacet
  facet normal 0.705342 0.052032 0.706955
    outer loop
      vertex 14.932 0.733562 1.2
      vertex 14.5795 1.43595 1.5
      vertex 14.6324 0.718841 1.5
    endloop
  endfacet
  facet normal 0.286596 0.646534 0.707005
    outer loop
      vertex 6.39195 13.5146 1.2
      vertex 5.60631 13.5348 1.5
      vertex 6.26368 13.2434 1.5
    endloop
  endfacet
  facet normal 0.0173494 0.707046 0.706955
    outer loop
      vertex 0.733562 14.932 1.2
      vertex 0 14.95 1.2
      vertex 0.718841 14.6324 1.5
    endloop
  endfacet
  facet normal -0.154916 -0.690078 0.706961
    outer loop
      vertex -2.85807 -14.3685 1.5
      vertex -3.55966 -14.211 1.5
      vertex -2.9166 -14.6627 1.2
    endloop
  endfacet
  facet normal 0.578185 -0.407186 -0.707038
    outer loop
      vertex 12.008 -8.9057 0.299999
      vertex 11.767 -8.72699 0
      vertex 12.4305 -8.30577 0.299999
    endloop
  endfacet
  facet normal -0.681577 -0.188607 0.707022
    outer loop
      vertex -14.0192 -4.25267 1.5
      vertex -14.502 -3.63255 1.2
      vertex -14.3063 -4.33976 1.2
    endloop
  endfacet
  facet normal 0.578179 -0.407161 0.707057
    outer loop
      vertex 12.181 -8.1391 1.5
      vertex 11.767 -8.72699 1.5
      vertex 12.4305 -8.30577 1.2
    endloop
  endfacet
  facet normal -0.557525 -0.435107 0.706999
    outer loop
      vertex -11.3246 -9.29386 1.5
      vertex -11.767 -8.72699 1.5
      vertex -11.5565 -9.48418 1.2
    endloop
  endfacet
  facet normal 0.221858 -0.671491 0.707022
    outer loop
      vertex 5.0365 -14.0761 1.2
      vertex 4.25267 -14.0192 1.5
      vertex 4.33976 -14.3063 1.2
    endloop
  endfacet
  facet normal 0.724203 -0.689587 0
    outer loop
      vertex 10.5712 -10.5712 1.2
      vertex 11.0772 -10.0398 0.299999
      vertex 11.0772 -10.0398 1.2
    endloop
  endfacet
  facet normal 0.724203 -0.689587 0
    outer loop
      vertex 11.0772 -10.0398 0.299999
      vertex 10.5712 -10.5712 1.2
      vertex 10.5712 -10.5712 0.299999
    endloop
  endfacet
  facet normal 0.254522 -0.65978 0.707042
    outer loop
      vertex 5.60631 -13.5348 1.5
      vertex 4.93544 -13.7936 1.5
      vertex 5.72112 -13.812 1.2
    endloop
  endfacet
  facet normal -0.317947 -0.631683 -0.707027
    outer loop
      vertex -6.39195 -13.5146 0.299999
      vertex -7.04738 -13.1847 0.299999
      vertex -6.90596 -12.9201 0
    endloop
  endfacet
  facet normal -0.435106 -0.557524 -0.707
    outer loop
      vertex -8.72699 -11.767 0
      vertex -9.48418 -11.5565 0.299999
      vertex -9.29386 -11.3246 0
    endloop
  endfacet
  facet normal 0.992483 -0.122381 0
    outer loop
      vertex 14.7882 -2.19362 1.2
      vertex 14.878 -1.46536 0.299999
      vertex 14.878 -1.46536 1.2
    endloop
  endfacet
  facet normal 0.992483 -0.122381 0
    outer loop
      vertex 14.878 -1.46536 0.299999
      vertex 14.7882 -2.19362 1.2
      vertex 14.7882 -2.19362 0.299999
    endloop
  endfacet
  facet normal -0.659779 -0.254521 -0.707044
    outer loop
      vertex -13.5348 -5.60631 0
      vertex -13.812 -5.72112 0.299999
      vertex -13.7936 -4.93544 0
    endloop
  endfacet
  facet normal -0.221866 0.671468 -0.707041
    outer loop
      vertex -4.93544 13.7936 0
      vertex -5.0365 14.0761 0.299999
      vertex -4.25267 14.0192 0
    endloop
  endfacet
  facet normal 0.535488 0.461943 -0.707009
    outer loop
      vertex 11.3246 9.29386 0
      vertex 10.8549 9.83834 0
      vertex 11.0772 10.0398 0.299999
    endloop
  endfacet
  facet normal 0.461943 0.535499 -0.707
    outer loop
      vertex 10.0398 11.0772 0.299999
      vertex 9.29386 11.3246 0
      vertex 9.48418 11.5565 0.299999
    endloop
  endfacet
  facet normal -0.449594 0.893233 0
    outer loop
      vertex -6.39195 13.5146 0.299999
      vertex -7.04738 13.1847 1.2
      vertex -6.39195 13.5146 1.2
    endloop
  endfacet
  facet normal -0.449594 0.893233 0
    outer loop
      vertex -7.04738 13.1847 1.2
      vertex -6.39195 13.5146 0.299999
      vertex -7.04738 13.1847 0.299999
    endloop
  endfacet
  facet normal 0.188607 0.681577 0.707022
    outer loop
      vertex 4.33976 14.3063 1.2
      vertex 3.63255 14.502 1.2
      vertex 4.25267 14.0192 1.5
    endloop
  endfacet
  facet normal -0.59753 0.378318 -0.706989
    outer loop
      vertex -12.5657 7.5316 0
      vertex -12.823 7.68584 0.299999
      vertex -12.4305 8.30577 0.299999
    endloop
  endfacet
  facet normal -0.154915 0.690077 -0.706962
    outer loop
      vertex -2.85807 14.3685 0
      vertex -3.55966 14.211 0
      vertex -2.9166 14.6627 0.299999
    endloop
  endfacet
  facet normal 0.615341 -0.348603 -0.706988
    outer loop
      vertex 12.823 -7.68584 0.299999
      vertex 12.5657 -7.5316 0
      vertex 13.1847 -7.04738 0.299999
    endloop
  endfacet
  facet normal -0.671491 -0.221858 0.707022
    outer loop
      vertex -14.0192 -4.25267 1.5
      vertex -14.3063 -4.33976 1.2
      vertex -14.0761 -5.0365 1.2
    endloop
  endfacet
  facet normal 0.870077 -0.492916 0
    outer loop
      vertex 12.823 -7.68584 1.2
      vertex 13.1847 -7.04738 0.299999
      vertex 13.1847 -7.04738 1.2
    endloop
  endfacet
  facet normal 0.870077 -0.492916 0
    outer loop
      vertex 13.1847 -7.04738 0.299999
      vertex 12.823 -7.68584 1.2
      vertex 12.823 -7.68584 0.299999
    endloop
  endfacet
  facet normal -0.817597 0.575791 0
    outer loop
      vertex -12.4305 8.30577 0.299999
      vertex -12.008 8.9057 1.2
      vertex -12.008 8.9057 0.299999
    endloop
  endfacet
  facet normal -0.817597 0.575791 0
    outer loop
      vertex -12.008 8.9057 1.2
      vertex -12.4305 8.30577 0.299999
      vertex -12.4305 8.30577 1.2
    endloop
  endfacet
  facet normal -0.96378 0.266698 0
    outer loop
      vertex -14.502 3.63255 0.299999
      vertex -14.3063 4.33976 1.2
      vertex -14.3063 4.33976 0.299999
    endloop
  endfacet
  facet normal -0.96378 0.266698 0
    outer loop
      vertex -14.3063 4.33976 1.2
      vertex -14.502 3.63255 0.299999
      vertex -14.502 3.63255 1.2
    endloop
  endfacet
  facet normal -0.0865426 -0.701843 0.707055
    outer loop
      vertex -2.1496 -14.4914 1.5
      vertex -2.19362 -14.7882 1.2
      vertex -1.46536 -14.878 1.2
    endloop
  endfacet
  facet normal -0.487687 -0.512238 0.706947
    outer loop
      vertex -10.3591 -10.3591 1.5
      vertex -10.5712 -10.5712 1.2
      vertex -9.83834 -10.8549 1.5
    endloop
  endfacet
  facet normal -0.671491 0.221858 0.707022
    outer loop
      vertex -14.0761 5.0365 1.2
      vertex -14.3063 4.33976 1.2
      vertex -14.0192 4.25267 1.5
    endloop
  endfacet
  facet normal -0.671469 0.221866 0.707039
    outer loop
      vertex -13.7936 4.93544 1.5
      vertex -14.0761 5.0365 1.2
      vertex -14.0192 4.25267 1.5
    endloop
  endfacet
  facet normal -0.914189 0.405289 0
    outer loop
      vertex -13.812 5.72112 0.299999
      vertex -13.5146 6.39195 1.2
      vertex -13.5146 6.39195 0.299999
    endloop
  endfacet
  facet normal -0.914189 0.405289 0
    outer loop
      vertex -13.5146 6.39195 1.2
      vertex -13.812 5.72112 0.299999
      vertex -13.812 5.72112 1.2
    endloop
  endfacet
  facet normal -0.407186 -0.578185 0.707037
    outer loop
      vertex -8.72699 -11.767 1.5
      vertex -8.9057 -12.008 1.2
      vertex -8.30577 -12.4305 1.2
    endloop
  endfacet
  facet normal 0.615342 -0.348603 0.706987
    outer loop
      vertex 13.1847 -7.04738 1.2
      vertex 12.5657 -7.5316 1.5
      vertex 12.823 -7.68584 1.2
    endloop
  endfacet
  facet normal 0.646534 -0.286596 0.707005
    outer loop
      vertex 13.5348 -5.60631 1.5
      vertex 13.2434 -6.26368 1.5
      vertex 13.5146 -6.39195 1.2
    endloop
  endfacet
  facet normal -0.59744 -0.37833 0.707059
    outer loop
      vertex -12.181 -8.1391 1.5
      vertex -12.5657 -7.5316 1.5
      vertex -12.4305 -8.30577 1.2
    endloop
  endfacet
  facet normal -0.535499 -0.461943 -0.707
    outer loop
      vertex -11.0772 -10.0398 0.299999
      vertex -11.5565 -9.48418 0.299999
      vertex -11.3246 -9.29386 0
    endloop
  endfacet
  facet normal -0.757196 -0.653188 0
    outer loop
      vertex -11.0772 -10.0398 0.299999
      vertex -11.5565 -9.48418 1.2
      vertex -11.5565 -9.48418 0.299999
    endloop
  endfacet
  facet normal -0.757196 -0.653188 0
    outer loop
      vertex -11.5565 -9.48418 1.2
      vertex -11.0772 -10.0398 0.299999
      vertex -11.0772 -10.0398 1.2
    endloop
  endfacet
  facet normal -0.597531 -0.378318 0.706988
    outer loop
      vertex -12.5657 -7.5316 1.5
      vertex -12.823 -7.68584 1.2
      vertex -12.4305 -8.30577 1.2
    endloop
  endfacet
  facet normal -0.788314 -0.615274 0
    outer loop
      vertex -11.5565 -9.48418 0.299999
      vertex -12.008 -8.9057 1.2
      vertex -12.008 -8.9057 0.299999
    endloop
  endfacet
  facet normal -0.788314 -0.615274 0
    outer loop
      vertex -12.008 -8.9057 1.2
      vertex -11.5565 -9.48418 0.299999
      vertex -11.5565 -9.48418 1.2
    endloop
  endfacet
  facet normal -0.646489 -0.286609 0.707041
    outer loop
      vertex -13.5348 -5.60631 1.5
      vertex -13.812 -5.72112 1.2
      vertex -13.5146 -6.39195 1.2
    endloop
  endfacet
  facet normal -0.653188 -0.757196 0
    outer loop
      vertex -10.0398 -11.0772 0.299999
      vertex -9.48418 -11.5565 1.2
      vertex -10.0398 -11.0772 1.2
    endloop
  endfacet
  facet normal -0.653188 -0.757196 -0
    outer loop
      vertex -9.48418 -11.5565 1.2
      vertex -10.0398 -11.0772 0.299999
      vertex -9.48418 -11.5565 0.299999
    endloop
  endfacet
  facet normal -0.0866556 0.70195 0.706935
    outer loop
      vertex -1.46536 14.878 1.2
      vertex -2.1496 14.4914 1.5
      vertex -1.43595 14.5795 1.5
    endloop
  endfacet
  facet normal -0.120945 0.69674 0.707054
    outer loop
      vertex -2.19362 14.7882 1.2
      vertex -2.9166 14.6627 1.2
      vertex -2.1496 14.4914 1.5
    endloop
  endfacet
  facet normal 0.0245304 -0.999699 0
    outer loop
      vertex 0 -14.95 0.299999
      vertex 0.733562 -14.932 1.2
      vertex 0 -14.95 1.2
    endloop
  endfacet
  facet normal 0.0245304 -0.999699 0
    outer loop
      vertex 0.733562 -14.932 1.2
      vertex 0 -14.95 0.299999
      vertex 0.733562 -14.932 0.299999
    endloop
  endfacet
  facet normal -0.70195 -0.0866556 0.706935
    outer loop
      vertex -14.5795 -1.43595 1.5
      vertex -14.878 -1.46536 1.2
      vertex -14.4914 -2.1496 1.5
    endloop
  endfacet
  facet normal -0.0520491 -0.70536 0.706936
    outer loop
      vertex -1.43595 -14.5795 1.5
      vertex -1.46536 -14.878 1.2
      vertex -0.733562 -14.932 1.2
    endloop
  endfacet
  facet normal 0.154916 -0.690078 0.706961
    outer loop
      vertex 3.55966 -14.211 1.5
      vertex 2.85807 -14.3685 1.5
      vertex 2.9166 -14.6627 1.2
    endloop
  endfacet
  facet normal 0.286608 0.646488 -0.707042
    outer loop
      vertex 6.39195 13.5146 0.299999
      vertex 5.60631 13.5348 0
      vertex 5.72112 13.812 0.299999
    endloop
  endfacet
  facet normal 0.696847 0.120884 0.706959
    outer loop
      vertex 14.6627 2.9166 1.2
      vertex 14.3685 2.85807 1.5
      vertex 14.4914 2.1496 1.5
    endloop
  endfacet
  facet normal -0.286596 0.646534 0.707005
    outer loop
      vertex -5.60631 13.5348 1.5
      vertex -6.39195 13.5146 1.2
      vertex -6.26368 13.2434 1.5
    endloop
  endfacet
  facet normal 0.154916 0.690078 0.706961
    outer loop
      vertex 2.9166 14.6627 1.2
      vertex 2.85807 14.3685 1.5
      vertex 3.55966 14.211 1.5
    endloop
  endfacet
  facet normal -0.0173101 -0.707 -0.707002
    outer loop
      vertex 0 -14.95 0.299999
      vertex -0.718841 -14.6324 0
      vertex 0 -14.65 0
    endloop
  endfacet
  facet normal -0.0865424 0.701842 -0.707056
    outer loop
      vertex -2.1496 14.4914 0
      vertex -2.19362 14.7882 0.299999
      vertex -1.46536 14.878 0.299999
    endloop
  endfacet
  facet normal 0.221866 0.671468 -0.707041
    outer loop
      vertex 4.93544 13.7936 0
      vertex 4.25267 14.0192 0
      vertex 5.0365 14.0761 0.299999
    endloop
  endfacet
  facet normal -0.0866556 -0.70195 0.706935
    outer loop
      vertex -1.43595 -14.5795 1.5
      vertex -2.1496 -14.4914 1.5
      vertex -1.46536 -14.878 1.2
    endloop
  endfacet
  facet normal -0.681602 -0.188643 0.706988
    outer loop
      vertex -14.211 -3.55966 1.5
      vertex -14.502 -3.63255 1.2
      vertex -14.0192 -4.25267 1.5
    endloop
  endfacet
  facet normal 0.681577 -0.188607 0.707022
    outer loop
      vertex 14.502 -3.63255 1.2
      vertex 14.0192 -4.25267 1.5
      vertex 14.3063 -4.33976 1.2
    endloop
  endfacet
  facet normal -0.35991 0.932987 0
    outer loop
      vertex -5.0365 14.0761 0.299999
      vertex -5.72112 13.812 1.2
      vertex -5.0365 14.0761 1.2
    endloop
  endfacet
  facet normal -0.35991 0.932987 0
    outer loop
      vertex -5.72112 13.812 1.2
      vertex -5.0365 14.0761 0.299999
      vertex -5.72112 13.812 0.299999
    endloop
  endfacet
  facet normal -0.407186 0.578185 -0.707038
    outer loop
      vertex -8.72699 11.767 0
      vertex -8.9057 12.008 0.299999
      vertex -8.30577 12.4305 0.299999
    endloop
  endfacet
  facet normal 0.052032 0.705342 0.706955
    outer loop
      vertex 0.733562 14.932 1.2
      vertex 0.718841 14.6324 1.5
      vertex 1.43595 14.5795 1.5
    endloop
  endfacet
  facet normal -0.40716 0.578178 -0.707058
    outer loop
      vertex -8.1391 12.181 0
      vertex -8.72699 11.767 0
      vertex -8.30577 12.4305 0.299999
    endloop
  endfacet
  facet normal -0.407186 0.578185 0.707037
    outer loop
      vertex -8.30577 12.4305 1.2
      vertex -8.9057 12.008 1.2
      vertex -8.72699 11.767 1.5
    endloop
  endfacet
  facet normal -0.461944 0.5355 0.706999
    outer loop
      vertex -9.48418 11.5565 1.2
      vertex -10.0398 11.0772 1.2
      vertex -9.29386 11.3246 1.5
    endloop
  endfacet
  facet normal -0.435107 0.557525 0.706999
    outer loop
      vertex -8.72699 11.767 1.5
      vertex -9.48418 11.5565 1.2
      vertex -9.29386 11.3246 1.5
    endloop
  endfacet
  facet normal -0.534933 0.844894 0
    outer loop
      vertex -7.68584 12.823 0.299999
      vertex -8.30577 12.4305 1.2
      vertex -7.68584 12.823 1.2
    endloop
  endfacet
  facet normal -0.534933 0.844894 0
    outer loop
      vertex -8.30577 12.4305 1.2
      vertex -7.68584 12.823 0.299999
      vertex -8.30577 12.4305 0.299999
    endloop
  endfacet
  facet normal 0.052049 0.705359 -0.706937
    outer loop
      vertex 1.43595 14.5795 0
      vertex 0.733562 14.932 0.299999
      vertex 1.46536 14.878 0.299999
    endloop
  endfacet
  facet normal -0.221866 -0.671468 -0.707041
    outer loop
      vertex -4.25267 -14.0192 0
      vertex -5.0365 -14.0761 0.299999
      vertex -4.93544 -13.7936 0
    endloop
  endfacet
  facet normal -0.681601 -0.188642 -0.706989
    outer loop
      vertex -14.0192 -4.25267 0
      vertex -14.502 -3.63255 0.299999
      vertex -14.211 -3.55966 0
    endloop
  endfacet
  facet normal -0.671468 -0.221866 -0.707041
    outer loop
      vertex -13.7936 -4.93544 0
      vertex -14.0761 -5.0365 0.299999
      vertex -14.0192 -4.25267 0
    endloop
  endfacet
  facet normal -0.286596 0.646533 -0.707007
    outer loop
      vertex -6.26368 13.2434 0
      vertex -6.39195 13.5146 0.299999
      vertex -5.60631 13.5348 0
    endloop
  endfacet
  facet normal -0.188607 0.681577 0.707022
    outer loop
      vertex -3.63255 14.502 1.2
      vertex -4.33976 14.3063 1.2
      vertex -4.25267 14.0192 1.5
    endloop
  endfacet
  facet normal -0.646534 0.286596 0.707005
    outer loop
      vertex -13.5146 6.39195 1.2
      vertex -13.5348 5.60631 1.5
      vertex -13.2434 6.26368 1.5
    endloop
  endfacet
  facet normal -0.219008 0.975723 0
    outer loop
      vertex -2.9166 14.6627 0.299999
      vertex -3.63255 14.502 1.2
      vertex -2.9166 14.6627 1.2
    endloop
  endfacet
  facet normal -0.219008 0.975723 0
    outer loop
      vertex -3.63255 14.502 1.2
      vertex -2.9166 14.6627 0.299999
      vertex -3.63255 14.502 0.299999
    endloop
  endfacet
  facet normal -0.122381 0.992483 0
    outer loop
      vertex -1.46536 14.878 0.299999
      vertex -2.19362 14.7882 1.2
      vertex -1.46536 14.878 1.2
    endloop
  endfacet
  facet normal -0.122381 0.992483 0
    outer loop
      vertex -2.19362 14.7882 1.2
      vertex -1.46536 14.878 0.299999
      vertex -2.19362 14.7882 0.299999
    endloop
  endfacet
  facet normal -0.578185 -0.407186 -0.707038
    outer loop
      vertex -12.008 -8.9057 0.299999
      vertex -12.4305 -8.30577 0.299999
      vertex -11.767 -8.72699 0
    endloop
  endfacet
  facet normal -0.154915 -0.690077 -0.706962
    outer loop
      vertex -2.9166 -14.6627 0.299999
      vertex -3.55966 -14.211 0
      vertex -2.85807 -14.3685 0
    endloop
  endfacet
  facet normal -0.578178 -0.40716 -0.707058
    outer loop
      vertex -11.767 -8.72699 0
      vertex -12.4305 -8.30577 0.299999
      vertex -12.181 -8.1391 0
    endloop
  endfacet
  facet normal 0.378329 -0.597439 -0.70706
    outer loop
      vertex 8.30577 -12.4305 0.299999
      vertex 7.5316 -12.5657 0
      vertex 8.1391 -12.181 0
    endloop
  endfacet
  facet normal 0.435108 -0.557477 -0.707036
    outer loop
      vertex 8.9057 -12.008 0.299999
      vertex 8.72699 -11.767 0
      vertex 9.48418 -11.5565 0.299999
    endloop
  endfacet
  facet normal 0.578178 0.40716 -0.707058
    outer loop
      vertex 12.181 8.1391 0
      vertex 11.767 8.72699 0
      vertex 12.4305 8.30577 0.299999
    endloop
  endfacet
  facet normal 0.659785 -0.25452 -0.707039
    outer loop
      vertex 13.812 -5.72112 0.299999
      vertex 13.7936 -4.93544 0
      vertex 14.0761 -5.0365 0.299999
    endloop
  endfacet
  facet normal -0.221857 -0.671489 -0.707023
    outer loop
      vertex -4.33976 -14.3063 0.299999
      vertex -5.0365 -14.0761 0.299999
      vertex -4.25267 -14.0192 0
    endloop
  endfacet
  facet normal -0.701842 0.0865424 -0.707056
    outer loop
      vertex -14.4914 2.1496 0
      vertex -14.878 1.46536 0.299999
      vertex -14.7882 2.19362 0.299999
    endloop
  endfacet
  facet normal -0.615323 0.348556 -0.707026
    outer loop
      vertex -12.9201 6.90596 0
      vertex -13.1847 7.04738 0.299999
      vertex -12.5657 7.5316 0
    endloop
  endfacet
  facet normal -0.348603 0.615341 -0.706988
    outer loop
      vertex -7.5316 12.5657 0
      vertex -7.68584 12.823 0.299999
      vertex -7.04738 13.1847 0.299999
    endloop
  endfacet
  facet normal -0.975723 -0.219008 0
    outer loop
      vertex -14.502 -3.63255 0.299999
      vertex -14.6627 -2.9166 1.2
      vertex -14.6627 -2.9166 0.299999
    endloop
  endfacet
  facet normal -0.975723 -0.219008 0
    outer loop
      vertex -14.6627 -2.9166 1.2
      vertex -14.502 -3.63255 0.299999
      vertex -14.502 -3.63255 1.2
    endloop
  endfacet
  facet normal -0.96378 -0.266698 0
    outer loop
      vertex -14.3063 -4.33976 0.299999
      vertex -14.502 -3.63255 1.2
      vertex -14.502 -3.63255 0.299999
    endloop
  endfacet
  facet normal -0.96378 -0.266698 0
    outer loop
      vertex -14.502 -3.63255 1.2
      vertex -14.3063 -4.33976 0.299999
      vertex -14.3063 -4.33976 1.2
    endloop
  endfacet
  facet normal -0.975723 0.219008 0
    outer loop
      vertex -14.6627 2.9166 0.299999
      vertex -14.502 3.63255 1.2
      vertex -14.502 3.63255 0.299999
    endloop
  endfacet
  facet normal -0.975723 0.219008 0
    outer loop
      vertex -14.502 3.63255 1.2
      vertex -14.6627 2.9166 0.299999
      vertex -14.6627 2.9166 1.2
    endloop
  endfacet
  facet normal 0.631693 -0.317971 -0.707007
    outer loop
      vertex 13.5146 -6.39195 0.299999
      vertex 12.9201 -6.90596 0
      vertex 13.2434 -6.26368 0
    endloop
  endfacet
  facet normal -0.701842 -0.0865424 -0.707056
    outer loop
      vertex -14.7882 -2.19362 0.299999
      vertex -14.878 -1.46536 0.299999
      vertex -14.4914 -2.1496 0
    endloop
  endfacet
  facet normal -0.696739 -0.120945 -0.707056
    outer loop
      vertex -14.6627 -2.9166 0.299999
      vertex -14.7882 -2.19362 0.299999
      vertex -14.4914 -2.1496 0
    endloop
  endfacet
  facet normal -0.997289 -0.0735908 0
    outer loop
      vertex -14.878 -1.46536 0.299999
      vertex -14.932 -0.733562 1.2
      vertex -14.932 -0.733562 0.299999
    endloop
  endfacet
  facet normal -0.997289 -0.0735908 0
    outer loop
      vertex -14.932 -0.733562 1.2
      vertex -14.878 -1.46536 0.299999
      vertex -14.878 -1.46536 1.2
    endloop
  endfacet
  facet normal -0.221866 -0.671469 0.707039
    outer loop
      vertex -4.93544 -13.7936 1.5
      vertex -5.0365 -14.0761 1.2
      vertex -4.25267 -14.0192 1.5
    endloop
  endfacet
  facet normal -0.646533 0.286596 -0.707007
    outer loop
      vertex -13.2434 6.26368 0
      vertex -13.5348 5.60631 0
      vertex -13.5146 6.39195 0.299999
    endloop
  endfacet
  facet normal -0.999699 0.0245304 0
    outer loop
      vertex -14.95 0 0.299999
      vertex -14.932 0.733562 1.2
      vertex -14.932 0.733562 0.299999
    endloop
  endfacet
  facet normal -0.999699 0.0245304 0
    outer loop
      vertex -14.932 0.733562 1.2
      vertex -14.95 0 0.299999
      vertex -14.95 0 1.2
    endloop
  endfacet
  facet normal 0.557524 0.435106 -0.707
    outer loop
      vertex 11.767 8.72699 0
      vertex 11.3246 9.29386 0
      vertex 11.5565 9.48418 0.299999
    endloop
  endfacet
  facet normal 0.557478 0.435108 0.707035
    outer loop
      vertex 12.008 8.9057 1.2
      vertex 11.5565 9.48418 1.2
      vertex 11.767 8.72699 1.5
    endloop
  endfacet
  facet normal 0.578179 0.407161 0.707057
    outer loop
      vertex 12.4305 8.30577 1.2
      vertex 11.767 8.72699 1.5
      vertex 12.181 8.1391 1.5
    endloop
  endfacet
  facet normal -0.65978 -0.254522 0.707042
    outer loop
      vertex -13.7936 -4.93544 1.5
      vertex -13.812 -5.72112 1.2
      vertex -13.5348 -5.60631 1.5
    endloop
  endfacet
  facet normal 0.975723 0.219008 0
    outer loop
      vertex 14.6627 2.9166 1.2
      vertex 14.502 3.63255 0.299999
      vertex 14.502 3.63255 1.2
    endloop
  endfacet
  facet normal 0.975723 0.219008 0
    outer loop
      vertex 14.502 3.63255 0.299999
      vertex 14.6627 2.9166 1.2
      vertex 14.6627 2.9166 0.299999
    endloop
  endfacet
  facet normal 0.646534 0.286596 0.707005
    outer loop
      vertex 13.5146 6.39195 1.2
      vertex 13.2434 6.26368 1.5
      vertex 13.5348 5.60631 1.5
    endloop
  endfacet
  facet normal 0.631694 0.317971 0.707005
    outer loop
      vertex 13.5146 6.39195 1.2
      vertex 12.9201 6.90596 1.5
      vertex 13.2434 6.26368 1.5
    endloop
  endfacet
  facet normal -0.461943 -0.535488 -0.707009
    outer loop
      vertex -9.29386 -11.3246 0
      vertex -10.0398 -11.0772 0.299999
      vertex -9.83834 -10.8549 0
    endloop
  endfacet
  facet normal 0.631683 0.317947 -0.707027
    outer loop
      vertex 13.5146 6.39195 0.299999
      vertex 12.9201 6.90596 0
      vertex 13.1847 7.04738 0.299999
    endloop
  endfacet
  facet normal -0.221858 -0.671491 0.707022
    outer loop
      vertex -4.25267 -14.0192 1.5
      vertex -5.0365 -14.0761 1.2
      vertex -4.33976 -14.3063 1.2
    endloop
  endfacet
  facet normal -0.254521 -0.659779 -0.707044
    outer loop
      vertex -4.93544 -13.7936 0
      vertex -5.72112 -13.812 0.299999
      vertex -5.60631 -13.5348 0
    endloop
  endfacet
  facet normal 0.631683 -0.317947 -0.707027
    outer loop
      vertex 13.1847 -7.04738 0.299999
      vertex 12.9201 -6.90596 0
      vertex 13.5146 -6.39195 0.299999
    endloop
  endfacet
  facet normal 0.615323 -0.348556 -0.707026
    outer loop
      vertex 13.1847 -7.04738 0.299999
      vertex 12.5657 -7.5316 0
      vertex 12.9201 -6.90596 0
    endloop
  endfacet
  facet normal 0.615341 0.348603 -0.706988
    outer loop
      vertex 13.1847 7.04738 0.299999
      vertex 12.5657 7.5316 0
      vertex 12.823 7.68584 0.299999
    endloop
  endfacet
  facet normal -0.0866555 -0.701949 -0.706936
    outer loop
      vertex -1.46536 -14.878 0.299999
      vertex -2.1496 -14.4914 0
      vertex -1.43595 -14.5795 0
    endloop
  endfacet
  facet normal -0.254522 -0.65978 0.707042
    outer loop
      vertex -5.60631 -13.5348 1.5
      vertex -5.72112 -13.812 1.2
      vertex -4.93544 -13.7936 1.5
    endloop
  endfacet
  facet normal 0.120884 0.696847 0.706959
    outer loop
      vertex 2.9166 14.6627 1.2
      vertex 2.1496 14.4914 1.5
      vertex 2.85807 14.3685 1.5
    endloop
  endfacet
  facet normal 0.757196 0.653188 0
    outer loop
      vertex 11.5565 9.48418 1.2
      vertex 11.0772 10.0398 0.299999
      vertex 11.0772 10.0398 1.2
    endloop
  endfacet
  facet normal 0.757196 0.653188 0
    outer loop
      vertex 11.0772 10.0398 0.299999
      vertex 11.5565 9.48418 1.2
      vertex 11.5565 9.48418 0.299999
    endloop
  endfacet
  facet normal 0.378329 0.597439 -0.70706
    outer loop
      vertex 8.1391 12.181 0
      vertex 7.5316 12.5657 0
      vertex 8.30577 12.4305 0.299999
    endloop
  endfacet
  facet normal 0.188642 0.681601 -0.706989
    outer loop
      vertex 4.25267 14.0192 0
      vertex 3.55966 14.211 0
      vertex 3.63255 14.502 0.299999
    endloop
  endfacet
  facet normal 0.689587 0.724203 -0
    outer loop
      vertex 10.5712 10.5712 0.299999
      vertex 10.0398 11.0772 1.2
      vertex 10.5712 10.5712 1.2
    endloop
  endfacet
  facet normal 0.689587 0.724203 0
    outer loop
      vertex 10.0398 11.0772 1.2
      vertex 10.5712 10.5712 0.299999
      vertex 10.0398 11.0772 0.299999
    endloop
  endfacet
  facet normal 0.348603 0.615341 -0.706988
    outer loop
      vertex 7.5316 12.5657 0
      vertex 7.04738 13.1847 0.299999
      vertex 7.68584 12.823 0.299999
    endloop
  endfacet
  facet normal 0.492916 0.870077 -0
    outer loop
      vertex 7.68584 12.823 0.299999
      vertex 7.04738 13.1847 1.2
      vertex 7.68584 12.823 1.2
    endloop
  endfacet
  facet normal 0.492916 0.870077 0
    outer loop
      vertex 7.04738 13.1847 1.2
      vertex 7.68584 12.823 0.299999
      vertex 7.04738 13.1847 0.299999
    endloop
  endfacet
  facet normal 0.653188 0.757196 -0
    outer loop
      vertex 10.0398 11.0772 0.299999
      vertex 9.48418 11.5565 1.2
      vertex 10.0398 11.0772 1.2
    endloop
  endfacet
  facet normal 0.653188 0.757196 0
    outer loop
      vertex 9.48418 11.5565 1.2
      vertex 10.0398 11.0772 0.299999
      vertex 9.48418 11.5565 0.299999
    endloop
  endfacet
  facet normal 0.575791 0.817597 -0
    outer loop
      vertex 8.9057 12.008 0.299999
      vertex 8.30577 12.4305 1.2
      vertex 8.9057 12.008 1.2
    endloop
  endfacet
  facet normal 0.575791 0.817597 0
    outer loop
      vertex 8.30577 12.4305 1.2
      vertex 8.9057 12.008 0.299999
      vertex 8.30577 12.4305 0.299999
    endloop
  endfacet
  facet normal 0.407186 -0.578185 -0.707038
    outer loop
      vertex 8.9057 -12.008 0.299999
      vertex 8.30577 -12.4305 0.299999
      vertex 8.72699 -11.767 0
    endloop
  endfacet
  facet normal -0.120945 -0.69674 0.707054
    outer loop
      vertex -2.1496 -14.4914 1.5
      vertex -2.9166 -14.6627 1.2
      vertex -2.19362 -14.7882 1.2
    endloop
  endfacet
  facet normal -0.188643 0.681602 0.706988
    outer loop
      vertex -3.63255 14.502 1.2
      vertex -4.25267 14.0192 1.5
      vertex -3.55966 14.211 1.5
    endloop
  endfacet
  facet normal 0.646489 0.286609 0.707041
    outer loop
      vertex 13.812 5.72112 1.2
      vertex 13.5146 6.39195 1.2
      vertex 13.5348 5.60631 1.5
    endloop
  endfacet
  facet normal -0.512238 -0.487687 0.706947
    outer loop
      vertex -10.3591 -10.3591 1.5
      vertex -10.8549 -9.83834 1.5
      vertex -10.5712 -10.5712 1.2
    endloop
  endfacet
  facet normal 0.681602 0.188643 0.706988
    outer loop
      vertex 14.502 3.63255 1.2
      vertex 14.0192 4.25267 1.5
      vertex 14.211 3.55966 1.5
    endloop
  endfacet
  facet normal 0.985266 -0.171029 0
    outer loop
      vertex 14.6627 -2.9166 1.2
      vertex 14.7882 -2.19362 0.299999
      vertex 14.7882 -2.19362 1.2
    endloop
  endfacet
  facet normal 0.985266 -0.171029 0
    outer loop
      vertex 14.7882 -2.19362 0.299999
      vertex 14.6627 -2.9166 1.2
      vertex 14.6627 -2.9166 0.299999
    endloop
  endfacet
  facet normal 0.681601 0.188642 -0.706989
    outer loop
      vertex 14.211 3.55966 0
      vertex 14.0192 4.25267 0
      vertex 14.502 3.63255 0.299999
    endloop
  endfacet
  facet normal 0.0173101 -0.707 -0.707002
    outer loop
      vertex 0.718841 -14.6324 0
      vertex 0 -14.95 0.299999
      vertex 0 -14.65 0
    endloop
  endfacet
  facet normal -0.557478 -0.435108 0.707035
    outer loop
      vertex -11.767 -8.72699 1.5
      vertex -12.008 -8.9057 1.2
      vertex -11.5565 -9.48418 1.2
    endloop
  endfacet
  facet normal -0.578179 -0.407161 0.707057
    outer loop
      vertex -12.181 -8.1391 1.5
      vertex -12.4305 -8.30577 1.2
      vertex -11.767 -8.72699 1.5
    endloop
  endfacet
  facet normal -0.701843 -0.0865426 0.707055
    outer loop
      vertex -14.4914 -2.1496 1.5
      vertex -14.878 -1.46536 1.2
      vertex -14.7882 -2.19362 1.2
    endloop
  endfacet
  facet normal -0.69674 -0.120945 0.707054
    outer loop
      vertex -14.4914 -2.1496 1.5
      vertex -14.7882 -2.19362 1.2
      vertex -14.6627 -2.9166 1.2
    endloop
  endfacet
  facet normal -0.690078 -0.154916 0.706961
    outer loop
      vertex -14.3685 -2.85807 1.5
      vertex -14.6627 -2.9166 1.2
      vertex -14.211 -3.55966 1.5
    endloop
  endfacet
  facet normal -0.0173494 0.707046 0.706955
    outer loop
      vertex 0 14.95 1.2
      vertex -0.733562 14.932 1.2
      vertex -0.718841 14.6324 1.5
    endloop
  endfacet
  facet normal 0.120884 -0.696847 0.706959
    outer loop
      vertex 2.85807 -14.3685 1.5
      vertex 2.1496 -14.4914 1.5
      vertex 2.9166 -14.6627 1.2
    endloop
  endfacet
  facet normal 0.120945 -0.69674 0.707054
    outer loop
      vertex 2.9166 -14.6627 1.2
      vertex 2.1496 -14.4914 1.5
      vertex 2.19362 -14.7882 1.2
    endloop
  endfacet
  facet normal 0.286609 -0.646489 0.707041
    outer loop
      vertex 6.39195 -13.5146 1.2
      vertex 5.60631 -13.5348 1.5
      vertex 5.72112 -13.812 1.2
    endloop
  endfacet
  facet normal 0.671489 -0.221857 -0.707023
    outer loop
      vertex 14.0761 -5.0365 0.299999
      vertex 14.0192 -4.25267 0
      vertex 14.3063 -4.33976 0.299999
    endloop
  endfacet
  facet normal -0.646533 -0.286596 -0.707007
    outer loop
      vertex -13.5146 -6.39195 0.299999
      vertex -13.5348 -5.60631 0
      vertex -13.2434 -6.26368 0
    endloop
  endfacet
  facet normal -0.40716 -0.578178 -0.707058
    outer loop
      vertex -8.30577 -12.4305 0.299999
      vertex -8.72699 -11.767 0
      vertex -8.1391 -12.181 0
    endloop
  endfacet
  facet normal 0.512237 -0.487686 -0.706948
    outer loop
      vertex 10.5712 -10.5712 0.299999
      vertex 10.3591 -10.3591 0
      vertex 10.8549 -9.83834 0
    endloop
  endfacet
  facet normal 0.254521 0.659779 -0.707044
    outer loop
      vertex 5.60631 13.5348 0
      vertex 4.93544 13.7936 0
      vertex 5.72112 13.812 0.299999
    endloop
  endfacet
  facet normal -0.120884 0.696846 -0.70696
    outer loop
      vertex -2.85807 14.3685 0
      vertex -2.9166 14.6627 0.299999
      vertex -2.1496 14.4914 0
    endloop
  endfacet
  facet normal -0.348603 -0.615341 -0.706988
    outer loop
      vertex -7.04738 -13.1847 0.299999
      vertex -7.68584 -12.823 0.299999
      vertex -7.5316 -12.5657 0
    endloop
  endfacet
  facet normal 0.535499 0.461943 -0.707
    outer loop
      vertex 11.3246 9.29386 0
      vertex 11.0772 10.0398 0.299999
      vertex 11.5565 9.48418 0.299999
    endloop
  endfacet
  facet normal -0.487686 -0.512237 -0.706948
    outer loop
      vertex -9.83834 -10.8549 0
      vertex -10.5712 -10.5712 0.299999
      vertex -10.3591 -10.3591 0
    endloop
  endfacet
  facet normal 0.696739 -0.120945 -0.707056
    outer loop
      vertex 14.6627 -2.9166 0.299999
      vertex 14.4914 -2.1496 0
      vertex 14.7882 -2.19362 0.299999
    endloop
  endfacet
  facet normal 0.512161 -0.48768 -0.707007
    outer loop
      vertex 11.0772 -10.0398 0.299999
      vertex 10.5712 -10.5712 0.299999
      vertex 10.8549 -9.83834 0
    endloop
  endfacet
  facet normal -0.378318 0.59753 -0.706989
    outer loop
      vertex -7.5316 12.5657 0
      vertex -8.30577 12.4305 0.299999
      vertex -7.68584 12.823 0.299999
    endloop
  endfacet
  facet normal 0.557524 -0.435106 -0.707
    outer loop
      vertex 11.5565 -9.48418 0.299999
      vertex 11.3246 -9.29386 0
      vertex 11.767 -8.72699 0
    endloop
  endfacet
  facet normal -0.615341 0.348603 -0.706988
    outer loop
      vertex -12.5657 7.5316 0
      vertex -13.1847 7.04738 0.299999
      vertex -12.823 7.68584 0.299999
    endloop
  endfacet
  facet normal -0.25452 0.659785 -0.707039
    outer loop
      vertex -4.93544 13.7936 0
      vertex -5.72112 13.812 0.299999
      vertex -5.0365 14.0761 0.299999
    endloop
  endfacet
  facet normal 0.254521 -0.659779 -0.707044
    outer loop
      vertex 5.72112 -13.812 0.299999
      vertex 4.93544 -13.7936 0
      vertex 5.60631 -13.5348 0
    endloop
  endfacet
  facet normal 0.313716 -0.949517 0
    outer loop
      vertex 4.33976 -14.3063 0.299999
      vertex 5.0365 -14.0761 1.2
      vertex 4.33976 -14.3063 1.2
    endloop
  endfacet
  facet normal 0.313716 -0.949517 0
    outer loop
      vertex 5.0365 -14.0761 1.2
      vertex 4.33976 -14.3063 0.299999
      vertex 5.0365 -14.0761 0.299999
    endloop
  endfacet
  facet normal 0.615323 0.348556 -0.707026
    outer loop
      vertex 12.9201 6.90596 0
      vertex 12.5657 7.5316 0
      vertex 13.1847 7.04738 0.299999
    endloop
  endfacet
  facet normal -0.597439 0.378329 -0.70706
    outer loop
      vertex -12.181 8.1391 0
      vertex -12.5657 7.5316 0
      vertex -12.4305 8.30577 0.299999
    endloop
  endfacet
  facet normal 0.348556 0.615323 -0.707026
    outer loop
      vertex 7.5316 12.5657 0
      vertex 6.90596 12.9201 0
      vertex 7.04738 13.1847 0.299999
    endloop
  endfacet
  facet normal 0.221857 0.671489 -0.707023
    outer loop
      vertex 5.0365 14.0761 0.299999
      vertex 4.25267 14.0192 0
      vertex 4.33976 14.3063 0.299999
    endloop
  endfacet
  facet normal 0.893233 -0.449594 0
    outer loop
      vertex 13.1847 -7.04738 1.2
      vertex 13.5146 -6.39195 0.299999
      vertex 13.5146 -6.39195 1.2
    endloop
  endfacet
  facet normal 0.893233 -0.449594 0
    outer loop
      vertex 13.5146 -6.39195 0.299999
      vertex 13.1847 -7.04738 1.2
      vertex 13.1847 -7.04738 0.299999
    endloop
  endfacet
  facet normal 0.221866 0.671469 0.707039
    outer loop
      vertex 5.0365 14.0761 1.2
      vertex 4.25267 14.0192 1.5
      vertex 4.93544 13.7936 1.5
    endloop
  endfacet
  facet normal -0.615324 -0.348556 0.707025
    outer loop
      vertex -12.9201 -6.90596 1.5
      vertex -13.1847 -7.04738 1.2
      vertex -12.5657 -7.5316 1.5
    endloop
  endfacet
  facet normal -0.154888 0.690056 -0.706989
    outer loop
      vertex -3.55966 14.211 0
      vertex -3.63255 14.502 0.299999
      vertex -2.9166 14.6627 0.299999
    endloop
  endfacet
  facet normal -0.631683 0.317947 -0.707027
    outer loop
      vertex -12.9201 6.90596 0
      vertex -13.5146 6.39195 0.299999
      vertex -13.1847 7.04738 0.299999
    endloop
  endfacet
  facet normal -0.348556 -0.615323 -0.707026
    outer loop
      vertex -7.04738 -13.1847 0.299999
      vertex -7.5316 -12.5657 0
      vertex -6.90596 -12.9201 0
    endloop
  endfacet
  facet normal -0.120884 -0.696847 0.706959
    outer loop
      vertex -2.85807 -14.3685 1.5
      vertex -2.9166 -14.6627 1.2
      vertex -2.1496 -14.4914 1.5
    endloop
  endfacet
  facet normal 0.671491 -0.221858 0.707022
    outer loop
      vertex 14.3063 -4.33976 1.2
      vertex 14.0192 -4.25267 1.5
      vertex 14.0761 -5.0365 1.2
    endloop
  endfacet
  facet normal -0.154888 0.690057 0.706988
    outer loop
      vertex -2.9166 14.6627 1.2
      vertex -3.63255 14.502 1.2
      vertex -3.55966 14.211 1.5
    endloop
  endfacet
  facet normal 0.0866556 -0.70195 0.706935
    outer loop
      vertex 2.1496 -14.4914 1.5
      vertex 1.43595 -14.5795 1.5
      vertex 1.46536 -14.878 1.2
    endloop
  endfacet
  facet normal -0.535488 -0.461943 -0.707009
    outer loop
      vertex -11.0772 -10.0398 0.299999
      vertex -11.3246 -9.29386 0
      vertex -10.8549 -9.83834 0
    endloop
  endfacet
  facet normal -0.512161 -0.48768 -0.707007
    outer loop
      vertex -10.5712 -10.5712 0.299999
      vertex -11.0772 -10.0398 0.299999
      vertex -10.8549 -9.83834 0
    endloop
  endfacet
  facet normal -0.724203 -0.689587 0
    outer loop
      vertex -10.5712 -10.5712 0.299999
      vertex -11.0772 -10.0398 1.2
      vertex -11.0772 -10.0398 0.299999
    endloop
  endfacet
  facet normal -0.724203 -0.689587 0
    outer loop
      vertex -11.0772 -10.0398 1.2
      vertex -10.5712 -10.5712 0.299999
      vertex -10.5712 -10.5712 1.2
    endloop
  endfacet
  facet normal 0.348556 0.615324 0.707025
    outer loop
      vertex 7.04738 13.1847 1.2
      vertex 6.90596 12.9201 1.5
      vertex 7.5316 12.5657 1.5
    endloop
  endfacet
  facet normal 0.378318 0.597531 0.706988
    outer loop
      vertex 7.68584 12.823 1.2
      vertex 7.5316 12.5657 1.5
      vertex 8.30577 12.4305 1.2
    endloop
  endfacet
  facet normal -0.0173494 -0.707046 0.706955
    outer loop
      vertex -0.718841 -14.6324 1.5
      vertex -0.733562 -14.932 1.2
      vertex 0 -14.95 1.2
    endloop
  endfacet
  facet normal -0.615341 -0.348603 -0.706988
    outer loop
      vertex -12.823 -7.68584 0.299999
      vertex -13.1847 -7.04738 0.299999
      vertex -12.5657 -7.5316 0
    endloop
  endfacet
  facet normal -0.59753 -0.378318 -0.706989
    outer loop
      vertex -12.4305 -8.30577 0.299999
      vertex -12.823 -7.68584 0.299999
      vertex -12.5657 -7.5316 0
    endloop
  endfacet
  facet normal -0.313716 -0.949517 0
    outer loop
      vertex -5.0365 -14.0761 0.299999
      vertex -4.33976 -14.3063 1.2
      vertex -5.0365 -14.0761 1.2
    endloop
  endfacet
  facet normal -0.313716 -0.949517 -0
    outer loop
      vertex -4.33976 -14.3063 1.2
      vertex -5.0365 -14.0761 0.299999
      vertex -4.33976 -14.3063 0.299999
    endloop
  endfacet
  facet normal 0.690078 0.154916 0.706961
    outer loop
      vertex 14.6627 2.9166 1.2
      vertex 14.211 3.55966 1.5
      vertex 14.3685 2.85807 1.5
    endloop
  endfacet
  facet normal 0.266698 -0.96378 0
    outer loop
      vertex 3.63255 -14.502 0.299999
      vertex 4.33976 -14.3063 1.2
      vertex 3.63255 -14.502 1.2
    endloop
  endfacet
  facet normal 0.266698 -0.96378 0
    outer loop
      vertex 4.33976 -14.3063 1.2
      vertex 3.63255 -14.502 0.299999
      vertex 4.33976 -14.3063 0.299999
    endloop
  endfacet
  facet normal -0.188643 -0.681602 0.706988
    outer loop
      vertex -3.55966 -14.211 1.5
      vertex -4.25267 -14.0192 1.5
      vertex -3.63255 -14.502 1.2
    endloop
  endfacet
  facet normal -0.25452 -0.659786 0.707038
    outer loop
      vertex -4.93544 -13.7936 1.5
      vertex -5.72112 -13.812 1.2
      vertex -5.0365 -14.0761 1.2
    endloop
  endfacet
  facet normal 0.0865424 -0.701842 -0.707056
    outer loop
      vertex 2.19362 -14.7882 0.299999
      vertex 1.46536 -14.878 0.299999
      vertex 2.1496 -14.4914 0
    endloop
  endfacet
  facet normal 0.0735908 -0.997289 0
    outer loop
      vertex 0.733562 -14.932 0.299999
      vertex 1.46536 -14.878 1.2
      vertex 0.733562 -14.932 1.2
    endloop
  endfacet
  facet normal 0.0735908 -0.997289 0
    outer loop
      vertex 1.46536 -14.878 1.2
      vertex 0.733562 -14.932 0.299999
      vertex 1.46536 -14.878 0.299999
    endloop
  endfacet
  facet normal 0.25452 -0.659786 0.707038
    outer loop
      vertex 5.72112 -13.812 1.2
      vertex 4.93544 -13.7936 1.5
      vertex 5.0365 -14.0761 1.2
    endloop
  endfacet
  facet normal -0.659786 -0.25452 0.707038
    outer loop
      vertex -13.7936 -4.93544 1.5
      vertex -14.0761 -5.0365 1.2
      vertex -13.812 -5.72112 1.2
    endloop
  endfacet
  facet normal 0.5355 0.461944 0.706999
    outer loop
      vertex 11.5565 9.48418 1.2
      vertex 11.0772 10.0398 1.2
      vertex 11.3246 9.29386 1.5
    endloop
  endfacet
  facet normal 0.317948 0.631684 0.707026
    outer loop
      vertex 7.04738 13.1847 1.2
      vertex 6.39195 13.5146 1.2
      vertex 6.90596 12.9201 1.5
    endloop
  endfacet
  facet normal 0.461944 0.5355 0.706999
    outer loop
      vertex 9.48418 11.5565 1.2
      vertex 9.29386 11.3246 1.5
      vertex 10.0398 11.0772 1.2
    endloop
  endfacet
  facet normal 0.512238 -0.487687 0.706947
    outer loop
      vertex 10.8549 -9.83834 1.5
      vertex 10.3591 -10.3591 1.5
      vertex 10.5712 -10.5712 1.2
    endloop
  endfacet
  facet normal 0.317971 -0.631694 0.707005
    outer loop
      vertex 6.90596 -12.9201 1.5
      vertex 6.26368 -13.2434 1.5
      vertex 6.39195 -13.5146 1.2
    endloop
  endfacet
  facet normal 0.0866556 0.70195 0.706935
    outer loop
      vertex 1.46536 14.878 1.2
      vertex 1.43595 14.5795 1.5
      vertex 2.1496 14.4914 1.5
    endloop
  endfacet
  facet normal 0.0865426 0.701843 0.707055
    outer loop
      vertex 2.19362 14.7882 1.2
      vertex 1.46536 14.878 1.2
      vertex 2.1496 14.4914 1.5
    endloop
  endfacet
  facet normal 0.0865424 0.701842 -0.707056
    outer loop
      vertex 2.1496 14.4914 0
      vertex 1.46536 14.878 0.299999
      vertex 2.19362 14.7882 0.299999
    endloop
  endfacet
  facet normal -0.154916 0.690078 0.706961
    outer loop
      vertex -2.9166 14.6627 1.2
      vertex -3.55966 14.211 1.5
      vertex -2.85807 14.3685 1.5
    endloop
  endfacet
  facet normal 0.535489 0.461944 0.707008
    outer loop
      vertex 11.0772 10.0398 1.2
      vertex 10.8549 9.83834 1.5
      vertex 11.3246 9.29386 1.5
    endloop
  endfacet
  facet normal 0.0735908 0.997289 -0
    outer loop
      vertex 1.46536 14.878 0.299999
      vertex 0.733562 14.932 1.2
      vertex 1.46536 14.878 1.2
    endloop
  endfacet
  facet normal 0.0735908 0.997289 0
    outer loop
      vertex 0.733562 14.932 1.2
      vertex 1.46536 14.878 0.299999
      vertex 0.733562 14.932 0.299999
    endloop
  endfacet
  facet normal -0.0173493 0.707045 -0.706956
    outer loop
      vertex -0.718841 14.6324 0
      vertex -0.733562 14.932 0.299999
      vertex 0 14.95 0.299999
    endloop
  endfacet
  facet normal 0.435106 0.557524 -0.707
    outer loop
      vertex 9.29386 11.3246 0
      vertex 8.72699 11.767 0
      vertex 9.48418 11.5565 0.299999
    endloop
  endfacet
  facet normal 0.0866555 -0.701949 -0.706936
    outer loop
      vertex 1.46536 -14.878 0.299999
      vertex 1.43595 -14.5795 0
      vertex 2.1496 -14.4914 0
    endloop
  endfacet
  facet normal -0.120945 0.696739 -0.707056
    outer loop
      vertex -2.1496 14.4914 0
      vertex -2.9166 14.6627 0.299999
      vertex -2.19362 14.7882 0.299999
    endloop
  endfacet
  facet normal 0.154888 0.690056 -0.706989
    outer loop
      vertex 3.55966 14.211 0
      vertex 2.9166 14.6627 0.299999
      vertex 3.63255 14.502 0.299999
    endloop
  endfacet
  facet normal 0.25452 0.659785 -0.707039
    outer loop
      vertex 5.72112 13.812 0.299999
      vertex 4.93544 13.7936 0
      vertex 5.0365 14.0761 0.299999
    endloop
  endfacet
  facet normal 0.221858 0.671491 0.707022
    outer loop
      vertex 4.33976 14.3063 1.2
      vertex 4.25267 14.0192 1.5
      vertex 5.0365 14.0761 1.2
    endloop
  endfacet
  facet normal 0.317971 -0.631693 -0.707007
    outer loop
      vertex 6.39195 -13.5146 0.299999
      vertex 6.26368 -13.2434 0
      vertex 6.90596 -12.9201 0
    endloop
  endfacet
  facet normal -0.254522 0.65978 0.707042
    outer loop
      vertex -4.93544 13.7936 1.5
      vertex -5.72112 13.812 1.2
      vertex -5.60631 13.5348 1.5
    endloop
  endfacet
  facet normal -0.25452 0.659786 0.707038
    outer loop
      vertex -5.0365 14.0761 1.2
      vertex -5.72112 13.812 1.2
      vertex -4.93544 13.7936 1.5
    endloop
  endfacet
  facet normal -0.317948 0.631684 0.707026
    outer loop
      vertex -6.39195 13.5146 1.2
      vertex -7.04738 13.1847 1.2
      vertex -6.90596 12.9201 1.5
    endloop
  endfacet
  facet normal -0.286608 0.646488 -0.707042
    outer loop
      vertex -5.60631 13.5348 0
      vertex -6.39195 13.5146 0.299999
      vertex -5.72112 13.812 0.299999
    endloop
  endfacet
  facet normal -0.188607 -0.681577 0.707022
    outer loop
      vertex -4.25267 -14.0192 1.5
      vertex -4.33976 -14.3063 1.2
      vertex -3.63255 -14.502 1.2
    endloop
  endfacet
  facet normal -0.653188 0.757196 0
    outer loop
      vertex -9.48418 11.5565 0.299999
      vertex -10.0398 11.0772 1.2
      vertex -9.48418 11.5565 1.2
    endloop
  endfacet
  facet normal -0.653188 0.757196 0
    outer loop
      vertex -10.0398 11.0772 1.2
      vertex -9.48418 11.5565 0.299999
      vertex -10.0398 11.0772 0.299999
    endloop
  endfacet
  facet normal -0.0173101 0.707 -0.707002
    outer loop
      vertex 0 14.65 0
      vertex -0.718841 14.6324 0
      vertex 0 14.95 0.299999
    endloop
  endfacet
  facet normal -0.317971 0.631693 -0.707007
    outer loop
      vertex -6.26368 13.2434 0
      vertex -6.90596 12.9201 0
      vertex -6.39195 13.5146 0.299999
    endloop
  endfacet
  facet normal -0.317947 0.631683 -0.707027
    outer loop
      vertex -6.90596 12.9201 0
      vertex -7.04738 13.1847 0.299999
      vertex -6.39195 13.5146 0.299999
    endloop
  endfacet
  facet normal 0.696846 -0.120884 -0.70696
    outer loop
      vertex 14.6627 -2.9166 0.299999
      vertex 14.3685 -2.85807 0
      vertex 14.4914 -2.1496 0
    endloop
  endfacet
  facet normal -0.671469 -0.221866 0.707039
    outer loop
      vertex -14.0192 -4.25267 1.5
      vertex -14.0761 -5.0365 1.2
      vertex -13.7936 -4.93544 1.5
    endloop
  endfacet
  facet normal 0.646533 -0.286596 -0.707007
    outer loop
      vertex 13.5146 -6.39195 0.299999
      vertex 13.2434 -6.26368 0
      vertex 13.5348 -5.60631 0
    endloop
  endfacet
  facet normal 0.435106 -0.557524 -0.707
    outer loop
      vertex 9.48418 -11.5565 0.299999
      vertex 8.72699 -11.767 0
      vertex 9.29386 -11.3246 0
    endloop
  endfacet
  facet normal -0.690077 -0.154915 -0.706962
    outer loop
      vertex -14.211 -3.55966 0
      vertex -14.6627 -2.9166 0.299999
      vertex -14.3685 -2.85807 0
    endloop
  endfacet
  facet normal 0.48768 0.512161 -0.707007
    outer loop
      vertex 10.5712 10.5712 0.299999
      vertex 9.83834 10.8549 0
      vertex 10.0398 11.0772 0.299999
    endloop
  endfacet
  facet normal 0.690057 0.154888 0.706988
    outer loop
      vertex 14.502 3.63255 1.2
      vertex 14.211 3.55966 1.5
      vertex 14.6627 2.9166 1.2
    endloop
  endfacet
  facet normal 0.461943 -0.535499 -0.707
    outer loop
      vertex 9.48418 -11.5565 0.299999
      vertex 9.29386 -11.3246 0
      vertex 10.0398 -11.0772 0.299999
    endloop
  endfacet
  facet normal 0.461943 -0.535488 -0.707009
    outer loop
      vertex 10.0398 -11.0772 0.299999
      vertex 9.29386 -11.3246 0
      vertex 9.83834 -10.8549 0
    endloop
  endfacet
  facet normal 0.671489 0.221857 -0.707023
    outer loop
      vertex 14.3063 4.33976 0.299999
      vertex 14.0192 4.25267 0
      vertex 14.0761 5.0365 0.299999
    endloop
  endfacet
  facet normal 0.69674 0.120945 0.707054
    outer loop
      vertex 14.6627 2.9166 1.2
      vertex 14.4914 2.1496 1.5
      vertex 14.7882 2.19362 1.2
    endloop
  endfacet
  facet normal 0.701843 0.0865426 0.707055
    outer loop
      vertex 14.7882 2.19362 1.2
      vertex 14.4914 2.1496 1.5
      vertex 14.878 1.46536 1.2
    endloop
  endfacet
  facet normal 0.932987 0.35991 0
    outer loop
      vertex 14.0761 5.0365 1.2
      vertex 13.812 5.72112 0.299999
      vertex 13.812 5.72112 1.2
    endloop
  endfacet
  facet normal 0.932987 0.35991 0
    outer loop
      vertex 13.812 5.72112 0.299999
      vertex 14.0761 5.0365 1.2
      vertex 14.0761 5.0365 0.299999
    endloop
  endfacet
  facet normal 0.681577 0.188607 0.707022
    outer loop
      vertex 14.3063 4.33976 1.2
      vertex 14.0192 4.25267 1.5
      vertex 14.502 3.63255 1.2
    endloop
  endfacet
  facet normal 0.487687 0.512238 0.706947
    outer loop
      vertex 10.5712 10.5712 1.2
      vertex 9.83834 10.8549 1.5
      vertex 10.3591 10.3591 1.5
    endloop
  endfacet
  facet normal 0.052032 -0.705342 0.706955
    outer loop
      vertex 1.43595 -14.5795 1.5
      vertex 0.718841 -14.6324 1.5
      vertex 0.733562 -14.932 1.2
    endloop
  endfacet
  facet normal 0.646488 0.286608 -0.707042
    outer loop
      vertex 13.5348 5.60631 0
      vertex 13.5146 6.39195 0.299999
      vertex 13.812 5.72112 0.299999
    endloop
  endfacet
  facet normal 0.96378 -0.266698 0
    outer loop
      vertex 14.3063 -4.33976 1.2
      vertex 14.502 -3.63255 0.299999
      vertex 14.502 -3.63255 1.2
    endloop
  endfacet
  facet normal 0.96378 -0.266698 0
    outer loop
      vertex 14.502 -3.63255 0.299999
      vertex 14.3063 -4.33976 1.2
      vertex 14.3063 -4.33976 0.299999
    endloop
  endfacet
  facet normal -0.461943 0.535488 -0.707009
    outer loop
      vertex -9.83834 10.8549 0
      vertex -10.0398 11.0772 0.299999
      vertex -9.29386 11.3246 0
    endloop
  endfacet
  facet normal -0.435106 0.557524 -0.707
    outer loop
      vertex -9.29386 11.3246 0
      vertex -9.48418 11.5565 0.299999
      vertex -8.72699 11.767 0
    endloop
  endfacet
  facet normal 0.646533 0.286596 -0.707007
    outer loop
      vertex 13.5348 5.60631 0
      vertex 13.2434 6.26368 0
      vertex 13.5146 6.39195 0.299999
    endloop
  endfacet
  facet normal 0.120884 -0.696846 -0.70696
    outer loop
      vertex 2.9166 -14.6627 0.299999
      vertex 2.1496 -14.4914 0
      vertex 2.85807 -14.3685 0
    endloop
  endfacet
  facet normal 0.154915 -0.690077 -0.706962
    outer loop
      vertex 2.9166 -14.6627 0.299999
      vertex 2.85807 -14.3685 0
      vertex 3.55966 -14.211 0
    endloop
  endfacet
  facet normal 0.449594 0.893233 -0
    outer loop
      vertex 7.04738 13.1847 0.299999
      vertex 6.39195 13.5146 1.2
      vertex 7.04738 13.1847 1.2
    endloop
  endfacet
  facet normal 0.449594 0.893233 0
    outer loop
      vertex 6.39195 13.5146 1.2
      vertex 7.04738 13.1847 0.299999
      vertex 6.39195 13.5146 0.299999
    endloop
  endfacet
  facet normal 0.690078 -0.154916 0.706961
    outer loop
      vertex 14.3685 -2.85807 1.5
      vertex 14.211 -3.55966 1.5
      vertex 14.6627 -2.9166 1.2
    endloop
  endfacet
  facet normal 0.487681 0.512162 0.707006
    outer loop
      vertex 10.0398 11.0772 1.2
      vertex 9.83834 10.8549 1.5
      vertex 10.5712 10.5712 1.2
    endloop
  endfacet
  facet normal 0.0520319 -0.705341 -0.706956
    outer loop
      vertex 0.733562 -14.932 0.299999
      vertex 0.718841 -14.6324 0
      vertex 1.43595 -14.5795 0
    endloop
  endfacet
  facet normal 0.690077 0.154915 -0.706962
    outer loop
      vertex 14.3685 2.85807 0
      vertex 14.211 3.55966 0
      vertex 14.6627 2.9166 0.299999
    endloop
  endfacet
  facet normal 0.435108 0.557477 -0.707036
    outer loop
      vertex 9.48418 11.5565 0.299999
      vertex 8.72699 11.767 0
      vertex 8.9057 12.008 0.299999
    endloop
  endfacet
  facet normal 0.407186 0.578185 -0.707038
    outer loop
      vertex 8.72699 11.767 0
      vertex 8.30577 12.4305 0.299999
      vertex 8.9057 12.008 0.299999
    endloop
  endfacet
  facet normal -0.705341 0.0520319 -0.706956
    outer loop
      vertex -14.6324 0.718841 0
      vertex -14.932 0.733562 0.299999
      vertex -14.5795 1.43595 0
    endloop
  endfacet
  facet normal -0.512237 -0.487686 -0.706948
    outer loop
      vertex -10.5712 -10.5712 0.299999
      vertex -10.8549 -9.83834 0
      vertex -10.3591 -10.3591 0
    endloop
  endfacet
  facet normal 0.25452 -0.659785 -0.707039
    outer loop
      vertex 5.0365 -14.0761 0.299999
      vertex 4.93544 -13.7936 0
      vertex 5.72112 -13.812 0.299999
    endloop
  endfacet
  facet normal 0.534933 0.844894 -0
    outer loop
      vertex 8.30577 12.4305 0.299999
      vertex 7.68584 12.823 1.2
      vertex 8.30577 12.4305 1.2
    endloop
  endfacet
  facet normal 0.534933 0.844894 0
    outer loop
      vertex 7.68584 12.823 1.2
      vertex 8.30577 12.4305 0.299999
      vertex 7.68584 12.823 0.299999
    endloop
  endfacet
  facet normal 0.378318 0.59753 -0.706989
    outer loop
      vertex 8.30577 12.4305 0.299999
      vertex 7.5316 12.5657 0
      vertex 7.68584 12.823 0.299999
    endloop
  endfacet
  facet normal -0.348556 -0.615324 0.707025
    outer loop
      vertex -6.90596 -12.9201 1.5
      vertex -7.5316 -12.5657 1.5
      vertex -7.04738 -13.1847 1.2
    endloop
  endfacet
  facet normal 0.615324 -0.348556 0.707025
    outer loop
      vertex 12.9201 -6.90596 1.5
      vertex 12.5657 -7.5316 1.5
      vertex 13.1847 -7.04738 1.2
    endloop
  endfacet
  facet normal 0.449594 -0.893233 0
    outer loop
      vertex 6.39195 -13.5146 0.299999
      vertex 7.04738 -13.1847 1.2
      vertex 6.39195 -13.5146 1.2
    endloop
  endfacet
  facet normal 0.449594 -0.893233 0
    outer loop
      vertex 7.04738 -13.1847 1.2
      vertex 6.39195 -13.5146 0.299999
      vertex 7.04738 -13.1847 0.299999
    endloop
  endfacet
  facet normal 0.701842 -0.0865424 -0.707056
    outer loop
      vertex 14.7882 -2.19362 0.299999
      vertex 14.4914 -2.1496 0
      vertex 14.878 -1.46536 0.299999
    endloop
  endfacet
  facet normal 0.705341 -0.0520319 -0.706956
    outer loop
      vertex 14.932 -0.733562 0.299999
      vertex 14.5795 -1.43595 0
      vertex 14.6324 -0.718841 0
    endloop
  endfacet
  facet normal 0.37833 0.59744 0.707059
    outer loop
      vertex 8.30577 12.4305 1.2
      vertex 7.5316 12.5657 1.5
      vertex 8.1391 12.181 1.5
    endloop
  endfacet
  facet normal -0.37833 -0.59744 0.707059
    outer loop
      vertex -8.1391 -12.181 1.5
      vertex -8.30577 -12.4305 1.2
      vertex -7.5316 -12.5657 1.5
    endloop
  endfacet
  facet normal 0.690057 -0.154888 0.706988
    outer loop
      vertex 14.6627 -2.9166 1.2
      vertex 14.211 -3.55966 1.5
      vertex 14.502 -3.63255 1.2
    endloop
  endfacet
  facet normal 0.975723 -0.219008 0
    outer loop
      vertex 14.502 -3.63255 1.2
      vertex 14.6627 -2.9166 0.299999
      vertex 14.6627 -2.9166 1.2
    endloop
  endfacet
  facet normal 0.975723 -0.219008 0
    outer loop
      vertex 14.6627 -2.9166 0.299999
      vertex 14.502 -3.63255 1.2
      vertex 14.502 -3.63255 0.299999
    endloop
  endfacet
  facet normal 0.707 -0.0173101 -0.707002
    outer loop
      vertex 14.95 0 0.299999
      vertex 14.6324 -0.718841 0
      vertex 14.65 0 0
    endloop
  endfacet
  facet normal 0.0173493 0.707045 -0.706956
    outer loop
      vertex 0.718841 14.6324 0
      vertex 0 14.95 0.299999
      vertex 0.733562 14.932 0.299999
    endloop
  endfacet
  facet normal 0.40716 -0.578178 -0.707058
    outer loop
      vertex 8.30577 -12.4305 0.299999
      vertex 8.1391 -12.181 0
      vertex 8.72699 -11.767 0
    endloop
  endfacet
  facet normal 0.817597 -0.575791 0
    outer loop
      vertex 12.008 -8.9057 1.2
      vertex 12.4305 -8.30577 0.299999
      vertex 12.4305 -8.30577 1.2
    endloop
  endfacet
  facet normal 0.817597 -0.575791 0
    outer loop
      vertex 12.4305 -8.30577 0.299999
      vertex 12.008 -8.9057 1.2
      vertex 12.008 -8.9057 0.299999
    endloop
  endfacet
  facet normal 0.0173494 -0.707046 0.706955
    outer loop
      vertex 0.718841 -14.6324 1.5
      vertex 0 -14.95 1.2
      vertex 0.733562 -14.932 1.2
    endloop
  endfacet
  facet normal 0.487681 -0.512162 0.707006
    outer loop
      vertex 10.5712 -10.5712 1.2
      vertex 9.83834 -10.8549 1.5
      vertex 10.0398 -11.0772 1.2
    endloop
  endfacet
  facet normal -0.286596 -0.646533 -0.707007
    outer loop
      vertex -5.60631 -13.5348 0
      vertex -6.39195 -13.5146 0.299999
      vertex -6.26368 -13.2434 0
    endloop
  endfacet
  facet normal -0.578178 0.40716 -0.707058
    outer loop
      vertex -12.181 8.1391 0
      vertex -12.4305 8.30577 0.299999
      vertex -11.767 8.72699 0
    endloop
  endfacet
  facet normal 0.701842 0.0865424 -0.707056
    outer loop
      vertex 14.878 1.46536 0.299999
      vertex 14.4914 2.1496 0
      vertex 14.7882 2.19362 0.299999
    endloop
  endfacet
  facet normal -0.378329 -0.597439 -0.70706
    outer loop
      vertex -7.5316 -12.5657 0
      vertex -8.30577 -12.4305 0.299999
      vertex -8.1391 -12.181 0
    endloop
  endfacet
  facet normal 0.286596 -0.646533 -0.707007
    outer loop
      vertex 6.39195 -13.5146 0.299999
      vertex 5.60631 -13.5348 0
      vertex 6.26368 -13.2434 0
    endloop
  endfacet
  facet normal -0.817597 -0.575791 0
    outer loop
      vertex -12.008 -8.9057 0.299999
      vertex -12.4305 -8.30577 1.2
      vertex -12.4305 -8.30577 0.299999
    endloop
  endfacet
  facet normal -0.817597 -0.575791 0
    outer loop
      vertex -12.4305 -8.30577 1.2
      vertex -12.008 -8.9057 0.299999
      vertex -12.008 -8.9057 1.2
    endloop
  endfacet
  facet normal -0.449594 -0.893233 0
    outer loop
      vertex -7.04738 -13.1847 0.299999
      vertex -6.39195 -13.5146 1.2
      vertex -7.04738 -13.1847 1.2
    endloop
  endfacet
  facet normal -0.449594 -0.893233 -0
    outer loop
      vertex -6.39195 -13.5146 1.2
      vertex -7.04738 -13.1847 0.299999
      vertex -6.39195 -13.5146 0.299999
    endloop
  endfacet
  facet normal -0.317948 -0.631684 0.707026
    outer loop
      vertex -6.90596 -12.9201 1.5
      vertex -7.04738 -13.1847 1.2
      vertex -6.39195 -13.5146 1.2
    endloop
  endfacet
  facet normal 0.052049 -0.705359 -0.706937
    outer loop
      vertex 1.46536 -14.878 0.299999
      vertex 0.733562 -14.932 0.299999
      vertex 1.43595 -14.5795 0
    endloop
  endfacet
  facet normal -0.188607 -0.681576 -0.707023
    outer loop
      vertex -3.63255 -14.502 0.299999
      vertex -4.33976 -14.3063 0.299999
      vertex -4.25267 -14.0192 0
    endloop
  endfacet
  facet normal -0.35991 -0.932987 0
    outer loop
      vertex -5.72112 -13.812 0.299999
      vertex -5.0365 -14.0761 1.2
      vertex -5.72112 -13.812 1.2
    endloop
  endfacet
  facet normal -0.35991 -0.932987 -0
    outer loop
      vertex -5.0365 -14.0761 1.2
      vertex -5.72112 -13.812 0.299999
      vertex -5.0365 -14.0761 0.299999
    endloop
  endfacet
  facet normal 0.487686 -0.512237 -0.706948
    outer loop
      vertex 10.5712 -10.5712 0.299999
      vertex 9.83834 -10.8549 0
      vertex 10.3591 -10.3591 0
    endloop
  endfacet
  facet normal -0.659779 0.254521 -0.707044
    outer loop
      vertex -13.7936 4.93544 0
      vertex -13.812 5.72112 0.299999
      vertex -13.5348 5.60631 0
    endloop
  endfacet
  facet normal -0.707045 -0.0173493 -0.706956
    outer loop
      vertex -14.932 -0.733562 0.299999
      vertex -14.95 0 0.299999
      vertex -14.6324 -0.718841 0
    endloop
  endfacet
  facet normal 0.0866555 0.701949 -0.706936
    outer loop
      vertex 2.1496 14.4914 0
      vertex 1.43595 14.5795 0
      vertex 1.46536 14.878 0.299999
    endloop
  endfacet
  facet normal 0.681576 0.188607 -0.707023
    outer loop
      vertex 14.502 3.63255 0.299999
      vertex 14.0192 4.25267 0
      vertex 14.3063 4.33976 0.299999
    endloop
  endfacet
  facet normal -0.707 -0.0173101 -0.707002
    outer loop
      vertex -14.6324 -0.718841 0
      vertex -14.95 0 0.299999
      vertex -14.65 0 0
    endloop
  endfacet
  facet normal -0.705341 -0.0520319 -0.706956
    outer loop
      vertex -14.5795 -1.43595 0
      vertex -14.932 -0.733562 0.299999
      vertex -14.6324 -0.718841 0
    endloop
  endfacet
  facet normal -0.681576 0.188607 -0.707023
    outer loop
      vertex -14.0192 4.25267 0
      vertex -14.502 3.63255 0.299999
      vertex -14.3063 4.33976 0.299999
    endloop
  endfacet
  facet normal 0 0 -1
    outer loop
      vertex -11.4604 0.491688 0
      vertex -5.0606 3.81679 0
      vertex -11.4375 0.440085 0
    endloop
  endfacet
  facet normal -0 0 -1
    outer loop
      vertex -5.0606 3.81679 0
      vertex -11.4604 0.491688 0
      vertex -5.20333 4.06876 0
    endloop
  endfacet
  facet normal 0 0 -1
    outer loop
      vertex -11.4858 0.542106 0
      vertex -5.20333 4.06876 0
      vertex -11.4604 0.491688 0
    endloop
  endfacet
  facet normal 0 0 -1
    outer loop
      vertex -11.5136 0.591218 0
      vertex -5.20333 4.06876 0
      vertex -11.4858 0.542106 0
    endloop
  endfacet
  facet normal -0 0 -1
    outer loop
      vertex -5.20333 4.06876 0
      vertex -11.5136 0.591218 0
      vertex -5.33354 4.32743 0
    endloop
  endfacet
  facet normal 0 0 -1
    outer loop
      vertex -11.5438 0.638906 0
      vertex -5.33354 4.32743 0
      vertex -11.5136 0.591218 0
    endloop
  endfacet
  facet normal 0 0 -1
    outer loop
      vertex -11.5763 0.685054 0
      vertex -5.33354 4.32743 0
      vertex -11.5438 0.638906 0
    endloop
  endfacet
  facet normal -0 0 -1
    outer loop
      vertex -5.33354 4.32743 0
      vertex -11.5763 0.685054 0
      vertex -5.45089 4.59217 0
    endloop
  endfacet
  facet normal 0 0 -1
    outer loop
      vertex -11.611 0.729552 0
      vertex -5.45089 4.59217 0
      vertex -11.5763 0.685054 0
    endloop
  endfacet
  facet normal 0 0 -1
    outer loop
      vertex -11.6479 0.772292 0
      vertex -5.45089 4.59217 0
      vertex -11.611 0.729552 0
    endloop
  endfacet
  facet normal -0 0 -1
    outer loop
      vertex -5.45089 4.59217 0
      vertex -11.6479 0.772292 0
      vertex -5.55511 4.86235 0
    endloop
  endfacet
  facet normal 0 0 -1
    outer loop
      vertex -11.6868 0.813172 0
      vertex -5.55511 4.86235 0
      vertex -11.6479 0.772292 0
    endloop
  endfacet
  facet normal 0 0 -1
    outer loop
      vertex -11.7277 0.852094 0
      vertex -5.55511 4.86235 0
      vertex -11.6868 0.813172 0
    endloop
  endfacet
  facet normal -0 0 -1
    outer loop
      vertex -5.55511 4.86235 0
      vertex -11.7277 0.852094 0
      vertex -5.64595 5.13732 0
    endloop
  endfacet
  facet normal 0 0 -1
    outer loop
      vertex -11.7704 0.888962 0
      vertex -5.64595 5.13732 0
      vertex -11.7277 0.852094 0
    endloop
  endfacet
  facet normal 0 0 -1
    outer loop
      vertex -11.8149 0.923688 0
      vertex -5.64595 5.13732 0
      vertex -11.7704 0.888962 0
    endloop
  endfacet
  facet normal -0 0 -1
    outer loop
      vertex -5.64595 5.13732 0
      vertex -11.8149 0.923688 0
      vertex -5.72318 5.41642 0
    endloop
  endfacet
  facet normal 0 0 -1
    outer loop
      vertex -5.78663 5.69897 0
      vertex -11.767 8.72699 0
      vertex -11.3246 9.29386 0
    endloop
  endfacet
  facet normal 0 0 -1
    outer loop
      vertex -11.8611 0.956189 0
      vertex -5.72318 5.41642 0
      vertex -11.8149 0.923688 0
    endloop
  endfacet
  facet normal 0 0 -1
    outer loop
      vertex -13.2434 6.26368 0
      vertex -5.72318 5.41642 0
      vertex -11.8611 0.956189 0
    endloop
  endfacet
  facet normal 0 0 -1
    outer loop
      vertex -5.72318 5.41642 0
      vertex -13.2434 6.26368 0
      vertex -5.78663 5.69897 0
    endloop
  endfacet
  facet normal 0 0 -1
    outer loop
      vertex -13.2434 6.26368 0
      vertex -11.8611 0.956189 0
      vertex -11.9088 0.986387 0
    endloop
  endfacet
  facet normal 0 0 -1
    outer loop
      vertex -13.5348 5.60631 0
      vertex -11.9088 0.986387 0
      vertex -11.9579 1.01421 0
    endloop
  endfacet
  facet normal 0 0 -1
    outer loop
      vertex -13.5348 5.60631 0
      vertex -11.9579 1.01421 0
      vertex -12.0083 1.03959 0
    endloop
  endfacet
  facet normal 0 0 -1
    outer loop
      vertex -13.7936 4.93544 0
      vertex -12.0083 1.03959 0
      vertex -12.0599 1.06246 0
    endloop
  endfacet
  facet normal 0 0 -1
    outer loop
      vertex -13.7936 4.93544 0
      vertex -12.0599 1.06246 0
      vertex -12.1126 1.08278 0
    endloop
  endfacet
  facet normal 0 0 -1
    outer loop
      vertex -13.7936 4.93544 0
      vertex -12.1126 1.08278 0
      vertex -12.1662 1.10048 0
    endloop
  endfacet
  facet normal 0 0 -1
    outer loop
      vertex -5.78663 5.69897 0
      vertex -12.181 8.1391 0
      vertex -11.767 8.72699 0
    endloop
  endfacet
  facet normal 0 0 -1
    outer loop
      vertex -14.0192 4.25267 0
      vertex -12.1662 1.10048 0
      vertex -12.2206 1.11554 0
    endloop
  endfacet
  facet normal 0 0 -1
    outer loop
      vertex -14.0192 4.25267 0
      vertex -12.2206 1.11554 0
      vertex -12.2756 1.1279 0
    endloop
  endfacet
  facet normal 0 0 -1
    outer loop
      vertex -14.0192 4.25267 0
      vertex -12.2756 1.1279 0
      vertex -12.3313 1.13755 0
    endloop
  endfacet
  facet normal 0 0 -1
    outer loop
      vertex -14.211 3.55966 0
      vertex -12.3313 1.13755 0
      vertex -12.3873 1.14446 0
    endloop
  endfacet
  facet normal 0 0 -1
    outer loop
      vertex -14.211 3.55966 0
      vertex -12.3873 1.14446 0
      vertex -12.4436 1.14861 0
    endloop
  endfacet
  facet normal 0 0 -1
    outer loop
      vertex -14.211 3.55966 0
      vertex -12.4436 1.14861 0
      vertex -12.5 1.15 0
    endloop
  endfacet
  facet normal 0 0 -1
    outer loop
      vertex -14.211 3.55966 0
      vertex -12.5 1.15 0
      vertex -12.5564 1.14861 0
    endloop
  endfacet
  facet normal 0 0 -1
    outer loop
      vertex -5.78663 5.69897 0
      vertex -12.5657 7.5316 0
      vertex -12.181 8.1391 0
    endloop
  endfacet
  facet normal 0 0 -1
    outer loop
      vertex -14.3685 2.85807 0
      vertex -12.5564 1.14861 0
      vertex -12.6127 1.14446 0
    endloop
  endfacet
  facet normal 0 0 -1
    outer loop
      vertex -14.3685 2.85807 0
      vertex -12.6127 1.14446 0
      vertex -12.6687 1.13755 0
    endloop
  endfacet
  facet normal 0 0 -1
    outer loop
      vertex -14.3685 2.85807 0
      vertex -12.6687 1.13755 0
      vertex -12.7244 1.1279 0
    endloop
  endfacet
  facet normal 0 0 -1
    outer loop
      vertex -14.3685 2.85807 0
      vertex -12.7244 1.1279 0
      vertex -12.7794 1.11554 0
    endloop
  endfacet
  facet normal 0 0 -1
    outer loop
      vertex -14.3685 2.85807 0
      vertex -12.7794 1.11554 0
      vertex -12.8338 1.10048 0
    endloop
  endfacet
  facet normal 0 0 -1
    outer loop
      vertex -14.4914 2.1496 0
      vertex -12.8338 1.10048 0
      vertex -12.8874 1.08278 0
    endloop
  endfacet
  facet normal 0 0 -1
    outer loop
      vertex -5.78663 5.69897 0
      vertex -12.9201 6.90596 0
      vertex -12.5657 7.5316 0
    endloop
  endfacet
  facet normal 0 0 -1
    outer loop
      vertex -14.4914 2.1496 0
      vertex -12.8874 1.08278 0
      vertex -12.9401 1.06246 0
    endloop
  endfacet
  facet normal 0 0 -1
    outer loop
      vertex -14.4914 2.1496 0
      vertex -12.9401 1.06246 0
      vertex -12.9917 1.03959 0
    endloop
  endfacet
  facet normal 0 0 -1
    outer loop
      vertex -14.4914 2.1496 0
      vertex -12.9917 1.03959 0
      vertex -13.0421 1.01421 0
    endloop
  endfacet
  facet normal 0 0 -1
    outer loop
      vertex -14.4914 2.1496 0
      vertex -13.0421 1.01421 0
      vertex -13.0912 0.986387 0
    endloop
  endfacet
  facet normal 0 0 -1
    outer loop
      vertex -14.4914 2.1496 0
      vertex -13.0912 0.986387 0
      vertex -13.1389 0.956189 0
    endloop
  endfacet
  facet normal 0 0 -1
    outer loop
      vertex -14.4914 2.1496 0
      vertex -13.1389 0.956189 0
      vertex -13.1851 0.923688 0
    endloop
  endfacet
  facet normal 0 0 -1
    outer loop
      vertex -14.5795 1.43595 0
      vertex -13.1851 0.923688 0
      vertex -13.2296 0.888962 0
    endloop
  endfacet
  facet normal 0 0 -1
    outer loop
      vertex -5.78663 5.69897 0
      vertex -13.2434 6.26368 0
      vertex -12.9201 6.90596 0
    endloop
  endfacet
  facet normal 0 0 -1
    outer loop
      vertex -14.5795 1.43595 0
      vertex -13.2296 0.888962 0
      vertex -13.2723 0.852094 0
    endloop
  endfacet
  facet normal 0 0 -1
    outer loop
      vertex -14.5795 1.43595 0
      vertex -13.2723 0.852094 0
      vertex -13.3132 0.813172 0
    endloop
  endfacet
  facet normal 0 0 -1
    outer loop
      vertex -14.5795 1.43595 0
      vertex -13.3132 0.813172 0
      vertex -13.3521 0.772292 0
    endloop
  endfacet
  facet normal 0 0 -1
    outer loop
      vertex -14.5795 1.43595 0
      vertex -13.3521 0.772292 0
      vertex -13.389 0.729552 0
    endloop
  endfacet
  facet normal 0 0 -1
    outer loop
      vertex -14.5795 1.43595 0
      vertex -13.389 0.729552 0
      vertex -13.4237 0.685054 0
    endloop
  endfacet
  facet normal 0 0 -1
    outer loop
      vertex -14.5795 1.43595 0
      vertex -13.4237 0.685054 0
      vertex -13.4562 0.638906 0
    endloop
  endfacet
  facet normal 0 0 -1
    outer loop
      vertex -14.6324 0.718841 0
      vertex -13.4562 0.638906 0
      vertex -13.4864 0.591218 0
    endloop
  endfacet
  facet normal 0 0 -1
    outer loop
      vertex -14.6324 0.718841 0
      vertex -13.4864 0.591218 0
      vertex -13.5142 0.542106 0
    endloop
  endfacet
  facet normal 0 0 -1
    outer loop
      vertex -11.9088 0.986387 0
      vertex -13.5348 5.60631 0
      vertex -13.2434 6.26368 0
    endloop
  endfacet
  facet normal 0 0 -1
    outer loop
      vertex -14.6324 0.718841 0
      vertex -13.5142 0.542106 0
      vertex -13.5396 0.491688 0
    endloop
  endfacet
  facet normal 0 0 -1
    outer loop
      vertex -14.6324 0.718841 0
      vertex -13.5396 0.491688 0
      vertex -13.5625 0.440085 0
    endloop
  endfacet
  facet normal 0 0 -1
    outer loop
      vertex -14.6324 0.718841 0
      vertex -13.5625 0.440085 0
      vertex -13.5828 0.387423 0
    endloop
  endfacet
  facet normal 0 0 -1
    outer loop
      vertex -14.6324 0.718841 0
      vertex -13.5828 0.387423 0
      vertex -13.6005 0.333827 0
    endloop
  endfacet
  facet normal 0 0 -1
    outer loop
      vertex -14.6324 0.718841 0
      vertex -13.6005 0.333827 0
      vertex -13.6155 0.279427 0
    endloop
  endfacet
  facet normal 0 0 -1
    outer loop
      vertex -14.6324 0.718841 0
      vertex -13.6155 0.279427 0
      vertex -13.6279 0.224354 0
    endloop
  endfacet
  facet normal 0 0 -1
    outer loop
      vertex -14.65 0 0
      vertex -13.6279 0.224354 0
      vertex -13.6376 0.168739 0
    endloop
  endfacet
  facet normal 0 0 -1
    outer loop
      vertex -14.65 0 0
      vertex -13.6376 0.168739 0
      vertex -13.6445 0.11272 0
    endloop
  endfacet
  facet normal 0 0 -1
    outer loop
      vertex -14.65 0 0
      vertex -13.6445 0.11272 0
      vertex -13.6486 0.056427 0
    endloop
  endfacet
  facet normal 0 0 -1
    outer loop
      vertex -14.65 0 0
      vertex -13.6486 0.056427 0
      vertex -13.65 0 0
    endloop
  endfacet
  facet normal -0 0 -1
    outer loop
      vertex -13.6005 -0.333827 0
      vertex -14.6324 -0.718841 0
      vertex -13.6155 -0.279427 0
    endloop
  endfacet
  facet normal 0 0 -1
    outer loop
      vertex -12.0083 1.03959 0
      vertex -13.7936 4.93544 0
      vertex -13.5348 5.60631 0
    endloop
  endfacet
  facet normal -0 0 -1
    outer loop
      vertex -13.6155 -0.279427 0
      vertex -14.6324 -0.718841 0
      vertex -13.6279 -0.224354 0
    endloop
  endfacet
  facet normal 0 0 -1
    outer loop
      vertex -12.1662 1.10048 0
      vertex -14.0192 4.25267 0
      vertex -13.7936 4.93544 0
    endloop
  endfacet
  facet normal 0 0 -1
    outer loop
      vertex -14.65 0 0
      vertex -13.6279 -0.224354 0
      vertex -14.6324 -0.718841 0
    endloop
  endfacet
  facet normal 0 0 -1
    outer loop
      vertex -12.3313 1.13755 0
      vertex -14.211 3.55966 0
      vertex -14.0192 4.25267 0
    endloop
  endfacet
  facet normal 0 0 -1
    outer loop
      vertex -13.6279 -0.224354 0
      vertex -14.65 0 0
      vertex -13.6376 -0.168739 0
    endloop
  endfacet
  facet normal 0 0 -1
    outer loop
      vertex -12.5564 1.14861 0
      vertex -14.3685 2.85807 0
      vertex -14.211 3.55966 0
    endloop
  endfacet
  facet normal 0 0 -1
    outer loop
      vertex -13.6376 -0.168739 0
      vertex -14.65 0 0
      vertex -13.6445 -0.11272 0
    endloop
  endfacet
  facet normal 0 0 -1
    outer loop
      vertex -12.8338 1.10048 0
      vertex -14.4914 2.1496 0
      vertex -14.3685 2.85807 0
    endloop
  endfacet
  facet normal 0 0 -1
    outer loop
      vertex -13.6445 -0.11272 0
      vertex -14.65 0 0
      vertex -13.6486 -0.056427 0
    endloop
  endfacet
  facet normal 0 0 -1
    outer loop
      vertex -13.1851 0.923688 0
      vertex -14.5795 1.43595 0
      vertex -14.4914 2.1496 0
    endloop
  endfacet
  facet normal 0 0 -1
    outer loop
      vertex -13.6486 -0.056427 0
      vertex -14.65 0 0
      vertex -13.65 0 0
    endloop
  endfacet
  facet normal 0 0 -1
    outer loop
      vertex -13.4562 0.638906 0
      vertex -14.6324 0.718841 0
      vertex -14.5795 1.43595 0
    endloop
  endfacet
  facet normal -0 0 -1
    outer loop
      vertex -13.6279 0.224354 0
      vertex -14.65 0 0
      vertex -14.6324 0.718841 0
    endloop
  endfacet
  facet normal 0 0 -1
    outer loop
      vertex 5.0606 -3.81679 0
      vertex 11.4604 -0.491688 0
      vertex 5.20333 -4.06876 0
    endloop
  endfacet
  facet normal 0 0 -1
    outer loop
      vertex 11.35 0 0
      vertex 5.89289 6.5605 0
      vertex 5.9 6.85 0
    endloop
  endfacet
  facet normal -0 0 -1
    outer loop
      vertex 11.4604 -0.491688 0
      vertex 5.0606 -3.81679 0
      vertex 11.4375 -0.440085 0
    endloop
  endfacet
  facet normal 0 0 -1
    outer loop
      vertex 11.35 0 0
      vertex 5.87159 6.2717 0
      vertex 5.89289 6.5605 0
    endloop
  endfacet
  facet normal -0 0 -1
    outer loop
      vertex 11.4375 -0.440085 0
      vertex 5.0606 -3.81679 0
      vertex 11.4172 -0.387423 0
    endloop
  endfacet
  facet normal 0 0 -1
    outer loop
      vertex 11.35 0 0
      vertex 5.83614 5.98429 0
      vertex 5.87159 6.2717 0
    endloop
  endfacet
  facet normal 0 0 -1
    outer loop
      vertex 4.90567 -3.57214 0
      vertex 11.4172 -0.387423 0
      vertex 5.0606 -3.81679 0
    endloop
  endfacet
  facet normal 0 0 -1
    outer loop
      vertex 11.35 0 0
      vertex 5.78663 5.69897 0
      vertex 5.83614 5.98429 0
    endloop
  endfacet
  facet normal -0 0 -1
    outer loop
      vertex 11.4172 -0.387423 0
      vertex 4.90567 -3.57214 0
      vertex 11.3995 -0.333827 0
    endloop
  endfacet
  facet normal 0 0 -1
    outer loop
      vertex 11.35 0 0
      vertex 5.72318 5.41642 0
      vertex 5.78663 5.69897 0
    endloop
  endfacet
  facet normal 0 0 -1
    outer loop
      vertex 4.73892 -3.33537 0
      vertex 11.3995 -0.333827 0
      vertex 4.90567 -3.57214 0
    endloop
  endfacet
  facet normal 0 0 -1
    outer loop
      vertex 11.35 0 0
      vertex 5.64595 5.13732 0
      vertex 5.72318 5.41642 0
    endloop
  endfacet
  facet normal -0 0 -1
    outer loop
      vertex 11.3995 -0.333827 0
      vertex 4.73892 -3.33537 0
      vertex 11.3845 -0.279427 0
    endloop
  endfacet
  facet normal 0 0 -1
    outer loop
      vertex 11.35 0 0
      vertex 5.55511 4.86235 0
      vertex 5.64595 5.13732 0
    endloop
  endfacet
  facet normal -0 0 -1
    outer loop
      vertex 11.3845 -0.279427 0
      vertex 4.73892 -3.33537 0
      vertex 11.3721 -0.224354 0
    endloop
  endfacet
  facet normal 0 0 -1
    outer loop
      vertex 11.35 0 0
      vertex 5.45089 4.59217 0
      vertex 5.55511 4.86235 0
    endloop
  endfacet
  facet normal 0 0 -1
    outer loop
      vertex 4.56076 -3.10708 0
      vertex 11.3721 -0.224354 0
      vertex 4.73892 -3.33537 0
    endloop
  endfacet
  facet normal 0 0 -1
    outer loop
      vertex 11.35 0 0
      vertex 5.33354 4.32743 0
      vertex 5.45089 4.59217 0
    endloop
  endfacet
  facet normal -0 0 -1
    outer loop
      vertex 11.3721 -0.224354 0
      vertex 4.56076 -3.10708 0
      vertex 11.3624 -0.168739 0
    endloop
  endfacet
  facet normal 0 0 -1
    outer loop
      vertex 11.35 0 0
      vertex 5.20333 4.06876 0
      vertex 5.33354 4.32743 0
    endloop
  endfacet
  facet normal -0 0 -1
    outer loop
      vertex 11.3624 -0.168739 0
      vertex 4.56076 -3.10708 0
      vertex 11.3555 -0.11272 0
    endloop
  endfacet
  facet normal 0 0 -1
    outer loop
      vertex 11.35 0 0
      vertex 5.0606 3.81679 0
      vertex 5.20333 4.06876 0
    endloop
  endfacet
  facet normal 0 0 -1
    outer loop
      vertex 4.37161 -2.8878 0
      vertex 11.3555 -0.11272 0
      vertex 4.56076 -3.10708 0
    endloop
  endfacet
  facet normal 0 0 -1
    outer loop
      vertex 11.35 0 0
      vertex 4.90567 3.57214 0
      vertex 5.0606 3.81679 0
    endloop
  endfacet
  facet normal -0 0 -1
    outer loop
      vertex 11.3555 -0.11272 0
      vertex 4.37161 -2.8878 0
      vertex 11.3514 -0.056427 0
    endloop
  endfacet
  facet normal 0 0 -1
    outer loop
      vertex 11.35 0 0
      vertex 4.73892 3.33537 0
      vertex 4.90567 3.57214 0
    endloop
  endfacet
  facet normal -0 0 -1
    outer loop
      vertex 11.3514 -0.056427 0
      vertex 4.37161 -2.8878 0
      vertex 11.35 0 0
    endloop
  endfacet
  facet normal 0 0 -1
    outer loop
      vertex 11.35 0 0
      vertex 4.56076 3.10708 0
      vertex 4.73892 3.33537 0
    endloop
  endfacet
  facet normal 0 0 -1
    outer loop
      vertex 4.37161 2.8878 0
      vertex 11.35 0 0
      vertex 4.37161 -2.8878 0
    endloop
  endfacet
  facet normal 0 0 -1
    outer loop
      vertex 11.35 0 0
      vertex 4.37161 2.8878 0
      vertex 4.56076 3.10708 0
    endloop
  endfacet
  facet normal 0 0 -1
    outer loop
      vertex 4.17193 -2.67807 0
      vertex 4.37161 2.8878 0
      vertex 4.37161 -2.8878 0
    endloop
  endfacet
  facet normal 0 0 -1
    outer loop
      vertex 4.17193 -2.67807 0
      vertex 4.17193 2.67807 0
      vertex 4.37161 2.8878 0
    endloop
  endfacet
  facet normal 0 0 -1
    outer loop
      vertex 3.9622 -2.47839 0
      vertex 4.17193 2.67807 0
      vertex 4.17193 -2.67807 0
    endloop
  endfacet
  facet normal 0 0 -1
    outer loop
      vertex 3.9622 -2.47839 0
      vertex 3.9622 2.47839 0
      vertex 4.17193 2.67807 0
    endloop
  endfacet
  facet normal 0 0 -1
    outer loop
      vertex 3.74292 -2.28924 0
      vertex 3.9622 2.47839 0
      vertex 3.9622 -2.47839 0
    endloop
  endfacet
  facet normal 0 0 -1
    outer loop
      vertex 3.74292 -2.28924 0
      vertex 3.74292 2.28924 0
      vertex 3.9622 2.47839 0
    endloop
  endfacet
  facet normal 0 0 -1
    outer loop
      vertex 3.51463 -2.11108 0
      vertex 3.74292 2.28924 0
      vertex 3.74292 -2.28924 0
    endloop
  endfacet
  facet normal 0 0 -1
    outer loop
      vertex 3.51463 -2.11108 0
      vertex 3.51463 2.11108 0
      vertex 3.74292 2.28924 0
    endloop
  endfacet
  facet normal 0 0 -1
    outer loop
      vertex 3.27786 -1.94433 0
      vertex 3.51463 2.11108 0
      vertex 3.51463 -2.11108 0
    endloop
  endfacet
  facet normal 0 0 -1
    outer loop
      vertex 3.27786 -1.94433 0
      vertex 3.27786 1.94433 0
      vertex 3.51463 2.11108 0
    endloop
  endfacet
  facet normal 0 0 -1
    outer loop
      vertex 3.03321 -1.7894 0
      vertex 3.27786 1.94433 0
      vertex 3.27786 -1.94433 0
    endloop
  endfacet
  facet normal 0 0 -1
    outer loop
      vertex 3.03321 -1.7894 0
      vertex 3.03321 1.7894 0
      vertex 3.27786 1.94433 0
    endloop
  endfacet
  facet normal 0 0 -1
    outer loop
      vertex 2.78124 -1.64667 0
      vertex 3.03321 1.7894 0
      vertex 3.03321 -1.7894 0
    endloop
  endfacet
  facet normal 0 0 -1
    outer loop
      vertex 2.78124 -1.64667 0
      vertex 2.78124 1.64667 0
      vertex 3.03321 1.7894 0
    endloop
  endfacet
  facet normal 0 0 -1
    outer loop
      vertex 2.52257 -1.51646 0
      vertex 2.78124 1.64667 0
      vertex 2.78124 -1.64667 0
    endloop
  endfacet
  facet normal 0 0 -1
    outer loop
      vertex 2.52257 -1.51646 0
      vertex 2.52257 1.51646 0
      vertex 2.78124 1.64667 0
    endloop
  endfacet
  facet normal 0 0 -1
    outer loop
      vertex 2.25783 -1.39911 0
      vertex 2.52257 1.51646 0
      vertex 2.52257 -1.51646 0
    endloop
  endfacet
  facet normal 0 0 -1
    outer loop
      vertex 2.25783 -1.39911 0
      vertex 2.25783 1.39911 0
      vertex 2.52257 1.51646 0
    endloop
  endfacet
  facet normal 0 0 -1
    outer loop
      vertex 1.98765 -1.29489 0
      vertex 2.25783 1.39911 0
      vertex 2.25783 -1.39911 0
    endloop
  endfacet
  facet normal 0 0 -1
    outer loop
      vertex 1.98765 -1.29489 0
      vertex 1.98765 1.29489 0
      vertex 2.25783 1.39911 0
    endloop
  endfacet
  facet normal 0 0 -1
    outer loop
      vertex 1.71268 -1.20405 0
      vertex 1.98765 1.29489 0
      vertex 1.98765 -1.29489 0
    endloop
  endfacet
  facet normal 0 0 -1
    outer loop
      vertex 1.71268 -1.20405 0
      vertex 1.71268 1.20405 0
      vertex 1.98765 1.29489 0
    endloop
  endfacet
  facet normal 0 0 -1
    outer loop
      vertex 1.43358 -1.12682 0
      vertex 1.71268 1.20405 0
      vertex 1.71268 -1.20405 0
    endloop
  endfacet
  facet normal 0 0 -1
    outer loop
      vertex 1.43358 -1.12682 0
      vertex 1.43358 1.12682 0
      vertex 1.71268 1.20405 0
    endloop
  endfacet
  facet normal 0 0 -1
    outer loop
      vertex 1.15103 -1.06337 0
      vertex 1.43358 1.12682 0
      vertex 1.43358 -1.12682 0
    endloop
  endfacet
  facet normal 0 0 -1
    outer loop
      vertex 1.15103 -1.06337 0
      vertex 1.15103 1.06337 0
      vertex 1.43358 1.12682 0
    endloop
  endfacet
  facet normal 0 0 -1
    outer loop
      vertex 0.865709 -1.01386 0
      vertex 1.15103 1.06337 0
      vertex 1.15103 -1.06337 0
    endloop
  endfacet
  facet normal 0 0 -1
    outer loop
      vertex 0.865709 -1.01386 0
      vertex 0.865709 1.01386 0
      vertex 1.15103 1.06337 0
    endloop
  endfacet
  facet normal 0 0 -1
    outer loop
      vertex 0.5783 -0.97841 0
      vertex 0.865709 1.01386 0
      vertex 0.865709 -1.01386 0
    endloop
  endfacet
  facet normal 0 0 -1
    outer loop
      vertex 0.5783 -0.97841 0
      vertex 0.5783 0.97841 0
      vertex 0.865709 1.01386 0
    endloop
  endfacet
  facet normal 0 0 -1
    outer loop
      vertex 0.289498 -0.957107 0
      vertex 0.5783 0.97841 0
      vertex 0.5783 -0.97841 0
    endloop
  endfacet
  facet normal 0 0 -1
    outer loop
      vertex 0.289498 -0.957107 0
      vertex 0.289498 0.957107 0
      vertex 0.5783 0.97841 0
    endloop
  endfacet
  facet normal 0 0 -1
    outer loop
      vertex 0 -0.95 0
      vertex 0.289498 0.957107 0
      vertex 0.289498 -0.957107 0
    endloop
  endfacet
  facet normal 0 0 -1
    outer loop
      vertex 0 -0.95 0
      vertex 0 0.95 0
      vertex 0.289498 0.957107 0
    endloop
  endfacet
  facet normal 0 0 -1
    outer loop
      vertex -0.289498 -0.957107 0
      vertex 0 0.95 0
      vertex 0 -0.95 0
    endloop
  endfacet
  facet normal 0 0 -1
    outer loop
      vertex -0.289498 -0.957107 0
      vertex -0.289498 0.957107 0
      vertex 0 0.95 0
    endloop
  endfacet
  facet normal 0 0 -1
    outer loop
      vertex -0.5783 -0.97841 0
      vertex -0.289498 0.957107 0
      vertex -0.289498 -0.957107 0
    endloop
  endfacet
  facet normal 0 0 -1
    outer loop
      vertex -0.5783 -0.97841 0
      vertex -0.5783 0.97841 0
      vertex -0.289498 0.957107 0
    endloop
  endfacet
  facet normal 0 0 -1
    outer loop
      vertex -0.865709 -1.01386 0
      vertex -0.5783 0.97841 0
      vertex -0.5783 -0.97841 0
    endloop
  endfacet
  facet normal 0 0 -1
    outer loop
      vertex -0.865709 -1.01386 0
      vertex -0.865709 1.01386 0
      vertex -0.5783 0.97841 0
    endloop
  endfacet
  facet normal 0 0 -1
    outer loop
      vertex -1.15103 -1.06337 0
      vertex -0.865709 1.01386 0
      vertex -0.865709 -1.01386 0
    endloop
  endfacet
  facet normal 0 0 -1
    outer loop
      vertex -1.15103 -1.06337 0
      vertex -1.15103 1.06337 0
      vertex -0.865709 1.01386 0
    endloop
  endfacet
  facet normal 0 0 -1
    outer loop
      vertex -1.43358 -1.12682 0
      vertex -1.15103 1.06337 0
      vertex -1.15103 -1.06337 0
    endloop
  endfacet
  facet normal 0 0 -1
    outer loop
      vertex -1.43358 -1.12682 0
      vertex -1.43358 1.12682 0
      vertex -1.15103 1.06337 0
    endloop
  endfacet
  facet normal 0 0 -1
    outer loop
      vertex -1.71268 -1.20405 0
      vertex -1.43358 1.12682 0
      vertex -1.43358 -1.12682 0
    endloop
  endfacet
  facet normal 0 0 -1
    outer loop
      vertex -1.71268 -1.20405 0
      vertex -1.71268 1.20405 0
      vertex -1.43358 1.12682 0
    endloop
  endfacet
  facet normal 0 0 -1
    outer loop
      vertex -1.98765 -1.29489 0
      vertex -1.71268 1.20405 0
      vertex -1.71268 -1.20405 0
    endloop
  endfacet
  facet normal 0 0 -1
    outer loop
      vertex -1.98765 -1.29489 0
      vertex -1.98765 1.29489 0
      vertex -1.71268 1.20405 0
    endloop
  endfacet
  facet normal 0 0 -1
    outer loop
      vertex -2.25783 -1.39911 0
      vertex -1.98765 1.29489 0
      vertex -1.98765 -1.29489 0
    endloop
  endfacet
  facet normal 0 0 -1
    outer loop
      vertex -2.25783 -1.39911 0
      vertex -2.25783 1.39911 0
      vertex -1.98765 1.29489 0
    endloop
  endfacet
  facet normal 0 0 -1
    outer loop
      vertex -2.52257 -1.51646 0
      vertex -2.25783 1.39911 0
      vertex -2.25783 -1.39911 0
    endloop
  endfacet
  facet normal 0 0 -1
    outer loop
      vertex -2.52257 -1.51646 0
      vertex -2.52257 1.51646 0
      vertex -2.25783 1.39911 0
    endloop
  endfacet
  facet normal 0 0 -1
    outer loop
      vertex -2.78124 -1.64667 0
      vertex -2.52257 1.51646 0
      vertex -2.52257 -1.51646 0
    endloop
  endfacet
  facet normal 0 0 -1
    outer loop
      vertex -2.78124 -1.64667 0
      vertex -2.78124 1.64667 0
      vertex -2.52257 1.51646 0
    endloop
  endfacet
  facet normal 0 0 -1
    outer loop
      vertex -3.03321 -1.7894 0
      vertex -2.78124 1.64667 0
      vertex -2.78124 -1.64667 0
    endloop
  endfacet
  facet normal 0 0 -1
    outer loop
      vertex -3.03321 -1.7894 0
      vertex -3.03321 1.7894 0
      vertex -2.78124 1.64667 0
    endloop
  endfacet
  facet normal 0 0 -1
    outer loop
      vertex -3.27786 -1.94433 0
      vertex -3.03321 1.7894 0
      vertex -3.03321 -1.7894 0
    endloop
  endfacet
  facet normal 0 0 -1
    outer loop
      vertex -3.27786 -1.94433 0
      vertex -3.27786 1.94433 0
      vertex -3.03321 1.7894 0
    endloop
  endfacet
  facet normal 0 0 -1
    outer loop
      vertex -3.51463 -2.11108 0
      vertex -3.27786 1.94433 0
      vertex -3.27786 -1.94433 0
    endloop
  endfacet
  facet normal 0 0 -1
    outer loop
      vertex -3.51463 -2.11108 0
      vertex -3.51463 2.11108 0
      vertex -3.27786 1.94433 0
    endloop
  endfacet
  facet normal 0 0 -1
    outer loop
      vertex -3.74292 -2.28924 0
      vertex -3.51463 2.11108 0
      vertex -3.51463 -2.11108 0
    endloop
  endfacet
  facet normal 0 0 -1
    outer loop
      vertex -3.74292 -2.28924 0
      vertex -3.74292 2.28924 0
      vertex -3.51463 2.11108 0
    endloop
  endfacet
  facet normal 0 0 -1
    outer loop
      vertex -3.9622 -2.47839 0
      vertex -3.74292 2.28924 0
      vertex -3.74292 -2.28924 0
    endloop
  endfacet
  facet normal 0 0 -1
    outer loop
      vertex -3.9622 -2.47839 0
      vertex -3.9622 2.47839 0
      vertex -3.74292 2.28924 0
    endloop
  endfacet
  facet normal 0 0 -1
    outer loop
      vertex -4.17193 -2.67807 0
      vertex -3.9622 2.47839 0
      vertex -3.9622 -2.47839 0
    endloop
  endfacet
  facet normal 0 0 -1
    outer loop
      vertex -4.17193 -2.67807 0
      vertex -4.17193 2.67807 0
      vertex -3.9622 2.47839 0
    endloop
  endfacet
  facet normal 0 0 -1
    outer loop
      vertex -4.37161 -2.8878 0
      vertex -4.17193 2.67807 0
      vertex -4.17193 -2.67807 0
    endloop
  endfacet
  facet normal 0 0 -1
    outer loop
      vertex -4.37161 -2.8878 0
      vertex -4.37161 2.8878 0
      vertex -4.17193 2.67807 0
    endloop
  endfacet
  facet normal 0 0 -1
    outer loop
      vertex -11.3555 -0.11272 0
      vertex -4.37161 -2.8878 0
      vertex -4.56076 -3.10708 0
    endloop
  endfacet
  facet normal 0 0 -1
    outer loop
      vertex -4.37161 -2.8878 0
      vertex -11.35 0 0
      vertex -4.37161 2.8878 0
    endloop
  endfacet
  facet normal 0 0 -1
    outer loop
      vertex -11.3721 -0.224354 0
      vertex -4.56076 -3.10708 0
      vertex -4.73892 -3.33537 0
    endloop
  endfacet
  facet normal 0 0 -1
    outer loop
      vertex -11.3514 0.056427 0
      vertex -4.37161 2.8878 0
      vertex -11.35 0 0
    endloop
  endfacet
  facet normal 0 0 -1
    outer loop
      vertex -11.3845 -0.279427 0
      vertex -4.73892 -3.33537 0
      vertex -4.90567 -3.57214 0
    endloop
  endfacet
  facet normal 0 0 -1
    outer loop
      vertex -11.3555 0.11272 0
      vertex -4.37161 2.8878 0
      vertex -11.3514 0.056427 0
    endloop
  endfacet
  facet normal 0 0 -1
    outer loop
      vertex -11.3845 -0.279427 0
      vertex -4.90567 -3.57214 0
      vertex -5.0606 -3.81679 0
    endloop
  endfacet
  facet normal -0 0 -1
    outer loop
      vertex -4.37161 2.8878 0
      vertex -11.3555 0.11272 0
      vertex -4.56076 3.10708 0
    endloop
  endfacet
  facet normal 0 0 -1
    outer loop
      vertex -11.3845 -0.279427 0
      vertex -5.0606 -3.81679 0
      vertex -5.20333 -4.06876 0
    endloop
  endfacet
  facet normal 0 0 -1
    outer loop
      vertex -11.3624 0.168739 0
      vertex -4.56076 3.10708 0
      vertex -11.3555 0.11272 0
    endloop
  endfacet
  facet normal 0 0 -1
    outer loop
      vertex -11.3845 -0.279427 0
      vertex -5.20333 -4.06876 0
      vertex -5.33354 -4.32743 0
    endloop
  endfacet
  facet normal 0 0 -1
    outer loop
      vertex -11.3721 0.224354 0
      vertex -4.56076 3.10708 0
      vertex -11.3624 0.168739 0
    endloop
  endfacet
  facet normal 0 0 -1
    outer loop
      vertex -11.3845 -0.279427 0
      vertex -5.33354 -4.32743 0
      vertex -5.45089 -4.59217 0
    endloop
  endfacet
  facet normal -0 0 -1
    outer loop
      vertex -4.56076 3.10708 0
      vertex -11.3721 0.224354 0
      vertex -4.73892 3.33537 0
    endloop
  endfacet
  facet normal 0 0 -1
    outer loop
      vertex -11.3845 -0.279427 0
      vertex -5.45089 -4.59217 0
      vertex -5.55511 -4.86235 0
    endloop
  endfacet
  facet normal 0 0 -1
    outer loop
      vertex -11.3845 0.279427 0
      vertex -4.73892 3.33537 0
      vertex -11.3721 0.224354 0
    endloop
  endfacet
  facet normal 0 0 -1
    outer loop
      vertex -11.3845 -0.279427 0
      vertex -5.55511 -4.86235 0
      vertex -5.64595 -5.13732 0
    endloop
  endfacet
  facet normal 0 0 -1
    outer loop
      vertex -11.3995 0.333827 0
      vertex -4.73892 3.33537 0
      vertex -11.3845 0.279427 0
    endloop
  endfacet
  facet normal 0 0 -1
    outer loop
      vertex -11.3845 -0.279427 0
      vertex -5.64595 -5.13732 0
      vertex -5.72318 -5.41642 0
    endloop
  endfacet
  facet normal -0 0 -1
    outer loop
      vertex -4.73892 3.33537 0
      vertex -11.3995 0.333827 0
      vertex -4.90567 3.57214 0
    endloop
  endfacet
  facet normal 0 0 -1
    outer loop
      vertex -11.3845 -0.279427 0
      vertex -5.72318 -5.41642 0
      vertex -5.78663 -5.69897 0
    endloop
  endfacet
  facet normal 0 0 -1
    outer loop
      vertex -11.4172 0.387423 0
      vertex -4.90567 3.57214 0
      vertex -11.3995 0.333827 0
    endloop
  endfacet
  facet normal 0 0 -1
    outer loop
      vertex -11.3845 -0.279427 0
      vertex -5.78663 -5.69897 0
      vertex -5.83614 -5.98429 0
    endloop
  endfacet
  facet normal -0 0 -1
    outer loop
      vertex -4.90567 3.57214 0
      vertex -11.4172 0.387423 0
      vertex -5.0606 3.81679 0
    endloop
  endfacet
  facet normal 0 0 -1
    outer loop
      vertex -11.3845 -0.279427 0
      vertex -5.83614 -5.98429 0
      vertex -5.87159 -6.2717 0
    endloop
  endfacet
  facet normal 0 0 -1
    outer loop
      vertex -11.4375 0.440085 0
      vertex -5.0606 3.81679 0
      vertex -11.4172 0.387423 0
    endloop
  endfacet
  facet normal 0 0 -1
    outer loop
      vertex -11.3845 -0.279427 0
      vertex -5.87159 -6.2717 0
      vertex -5.89289 -6.5605 0
    endloop
  endfacet
  facet normal 0 0 -1
    outer loop
      vertex -5.78663 5.69897 0
      vertex -11.3246 9.29386 0
      vertex -5.83614 5.98429 0
    endloop
  endfacet
  facet normal 0 0 -1
    outer loop
      vertex -11.3845 -0.279427 0
      vertex -5.89289 -6.5605 0
      vertex -5.9 -6.85 0
    endloop
  endfacet
  facet normal 0 0 -1
    outer loop
      vertex -5.83614 5.98429 0
      vertex -11.3246 9.29386 0
      vertex -5.87159 6.2717 0
    endloop
  endfacet
  facet normal 0 0 -1
    outer loop
      vertex 5.64595 8.56268 0
      vertex 9.83834 10.8549 0
      vertex 5.72318 8.28358 0
    endloop
  endfacet
  facet normal -0 0 -1
    outer loop
      vertex 9.83834 10.8549 0
      vertex 5.64595 8.56268 0
      vertex 9.29386 11.3246 0
    endloop
  endfacet
  facet normal 0 0 -1
    outer loop
      vertex 5.55511 8.83765 0
      vertex 9.29386 11.3246 0
      vertex 5.64595 8.56268 0
    endloop
  endfacet
  facet normal -0 0 -1
    outer loop
      vertex 9.29386 11.3246 0
      vertex 5.55511 8.83765 0
      vertex 8.72699 11.767 0
    endloop
  endfacet
  facet normal 0 0 -1
    outer loop
      vertex 5.45089 9.10783 0
      vertex 8.72699 11.767 0
      vertex 5.55511 8.83765 0
    endloop
  endfacet
  facet normal 0 0 -1
    outer loop
      vertex 5.33354 9.37257 0
      vertex 8.72699 11.767 0
      vertex 5.45089 9.10783 0
    endloop
  endfacet
  facet normal -0 0 -1
    outer loop
      vertex 8.72699 11.767 0
      vertex 5.33354 9.37257 0
      vertex 8.1391 12.181 0
    endloop
  endfacet
  facet normal 0 0 -1
    outer loop
      vertex 5.20333 9.63124 0
      vertex 8.1391 12.181 0
      vertex 5.33354 9.37257 0
    endloop
  endfacet
  facet normal 0 0 -1
    outer loop
      vertex 5.0606 9.88321 0
      vertex 8.1391 12.181 0
      vertex 5.20333 9.63124 0
    endloop
  endfacet
  facet normal -0 0 -1
    outer loop
      vertex 8.1391 12.181 0
      vertex 5.0606 9.88321 0
      vertex 7.5316 12.5657 0
    endloop
  endfacet
  facet normal 0 0 -1
    outer loop
      vertex 4.90567 10.1279 0
      vertex 7.5316 12.5657 0
      vertex 5.0606 9.88321 0
    endloop
  endfacet
  facet normal -0 0 -1
    outer loop
      vertex 7.5316 12.5657 0
      vertex 4.90567 10.1279 0
      vertex 6.90596 12.9201 0
    endloop
  endfacet
  facet normal 0 0 -1
    outer loop
      vertex 4.73892 10.3646 0
      vertex 6.90596 12.9201 0
      vertex 4.90567 10.1279 0
    endloop
  endfacet
  facet normal 0 0 -1
    outer loop
      vertex 4.56076 10.5929 0
      vertex 6.90596 12.9201 0
      vertex 4.73892 10.3646 0
    endloop
  endfacet
  facet normal -0 0 -1
    outer loop
      vertex 6.90596 12.9201 0
      vertex 4.56076 10.5929 0
      vertex 6.26368 13.2434 0
    endloop
  endfacet
  facet normal 0 0 -1
    outer loop
      vertex 4.37161 10.8122 0
      vertex 6.26368 13.2434 0
      vertex 4.56076 10.5929 0
    endloop
  endfacet
  facet normal 0 0 -1
    outer loop
      vertex 4.17193 11.0219 0
      vertex 6.26368 13.2434 0
      vertex 4.37161 10.8122 0
    endloop
  endfacet
  facet normal -0 0 -1
    outer loop
      vertex 6.26368 13.2434 0
      vertex 4.17193 11.0219 0
      vertex 5.60631 13.5348 0
    endloop
  endfacet
  facet normal 0 0 -1
    outer loop
      vertex 3.9622 11.2216 0
      vertex 5.60631 13.5348 0
      vertex 4.17193 11.0219 0
    endloop
  endfacet
  facet normal -0 0 -1
    outer loop
      vertex 5.60631 13.5348 0
      vertex 3.9622 11.2216 0
      vertex 4.93544 13.7936 0
    endloop
  endfacet
  facet normal 0 0 -1
    outer loop
      vertex 3.74292 11.4108 0
      vertex 4.93544 13.7936 0
      vertex 3.9622 11.2216 0
    endloop
  endfacet
  facet normal 0 0 -1
    outer loop
      vertex 3.51463 11.5889 0
      vertex 4.93544 13.7936 0
      vertex 3.74292 11.4108 0
    endloop
  endfacet
  facet normal -0 0 -1
    outer loop
      vertex 4.93544 13.7936 0
      vertex 3.51463 11.5889 0
      vertex 4.25267 14.0192 0
    endloop
  endfacet
  facet normal 0 0 -1
    outer loop
      vertex 3.27786 11.7557 0
      vertex 4.25267 14.0192 0
      vertex 3.51463 11.5889 0
    endloop
  endfacet
  facet normal 0 0 -1
    outer loop
      vertex 3.03321 11.9106 0
      vertex 4.25267 14.0192 0
      vertex 3.27786 11.7557 0
    endloop
  endfacet
  facet normal -0 0 -1
    outer loop
      vertex 4.25267 14.0192 0
      vertex 3.03321 11.9106 0
      vertex 3.55966 14.211 0
    endloop
  endfacet
  facet normal 0 0 -1
    outer loop
      vertex 2.78124 12.0533 0
      vertex 3.55966 14.211 0
      vertex 3.03321 11.9106 0
    endloop
  endfacet
  facet normal 0 0 -1
    outer loop
      vertex 2.52257 12.1835 0
      vertex 3.55966 14.211 0
      vertex 2.78124 12.0533 0
    endloop
  endfacet
  facet normal -0 0 -1
    outer loop
      vertex 3.55966 14.211 0
      vertex 2.52257 12.1835 0
      vertex 2.85807 14.3685 0
    endloop
  endfacet
  facet normal 0 0 -1
    outer loop
      vertex 2.25783 12.3009 0
      vertex 2.85807 14.3685 0
      vertex 2.52257 12.1835 0
    endloop
  endfacet
  facet normal 0 0 -1
    outer loop
      vertex 1.98765 12.4051 0
      vertex 2.85807 14.3685 0
      vertex 2.25783 12.3009 0
    endloop
  endfacet
  facet normal -0 0 -1
    outer loop
      vertex 2.85807 14.3685 0
      vertex 1.98765 12.4051 0
      vertex 2.1496 14.4914 0
    endloop
  endfacet
  facet normal 0 0 -1
    outer loop
      vertex 1.71268 12.4959 0
      vertex 2.1496 14.4914 0
      vertex 1.98765 12.4051 0
    endloop
  endfacet
  facet normal 0 0 -1
    outer loop
      vertex 1.43358 12.5732 0
      vertex 2.1496 14.4914 0
      vertex 1.71268 12.4959 0
    endloop
  endfacet
  facet normal -0 0 -1
    outer loop
      vertex 2.1496 14.4914 0
      vertex 1.43358 12.5732 0
      vertex 1.43595 14.5795 0
    endloop
  endfacet
  facet normal 0 0 -1
    outer loop
      vertex 1.15103 12.6366 0
      vertex 1.43595 14.5795 0
      vertex 1.43358 12.5732 0
    endloop
  endfacet
  facet normal 0 0 -1
    outer loop
      vertex 0.865709 12.6861 0
      vertex 1.43595 14.5795 0
      vertex 1.15103 12.6366 0
    endloop
  endfacet
  facet normal 0 0 -1
    outer loop
      vertex 0.865709 12.6861 0
      vertex 0.718841 14.6324 0
      vertex 1.43595 14.5795 0
    endloop
  endfacet
  facet normal 0 0 -1
    outer loop
      vertex 0.5783 12.7216 0
      vertex 0.718841 14.6324 0
      vertex 0.865709 12.6861 0
    endloop
  endfacet
  facet normal 0 0 -1
    outer loop
      vertex 0.289498 12.7429 0
      vertex 0.718841 14.6324 0
      vertex 0.5783 12.7216 0
    endloop
  endfacet
  facet normal 0 0 -1
    outer loop
      vertex 0 14.65 0
      vertex 0.289498 12.7429 0
      vertex 0 12.75 0
    endloop
  endfacet
  facet normal 0 0 -1
    outer loop
      vertex 0.289498 12.7429 0
      vertex 0 14.65 0
      vertex 0.718841 14.6324 0
    endloop
  endfacet
  facet normal 0 0 -1
    outer loop
      vertex -0.289498 12.7429 0
      vertex 0 14.65 0
      vertex 0 12.75 0
    endloop
  endfacet
  facet normal 0 0 -1
    outer loop
      vertex -0.718841 14.6324 0
      vertex -0.289498 12.7429 0
      vertex -0.5783 12.7216 0
    endloop
  endfacet
  facet normal 0 0 -1
    outer loop
      vertex -0.289498 12.7429 0
      vertex -0.718841 14.6324 0
      vertex 0 14.65 0
    endloop
  endfacet
  facet normal 0 0 -1
    outer loop
      vertex -0.865709 12.6861 0
      vertex -0.718841 14.6324 0
      vertex -0.5783 12.7216 0
    endloop
  endfacet
  facet normal 0 0 -1
    outer loop
      vertex -1.43595 14.5795 0
      vertex -0.865709 12.6861 0
      vertex -1.15103 12.6366 0
    endloop
  endfacet
  facet normal 0 0 -1
    outer loop
      vertex -1.43595 14.5795 0
      vertex -1.15103 12.6366 0
      vertex -1.43358 12.5732 0
    endloop
  endfacet
  facet normal 0 0 -1
    outer loop
      vertex -0.865709 12.6861 0
      vertex -1.43595 14.5795 0
      vertex -0.718841 14.6324 0
    endloop
  endfacet
  facet normal 0 0 -1
    outer loop
      vertex -2.1496 14.4914 0
      vertex -1.43358 12.5732 0
      vertex -1.71268 12.4959 0
    endloop
  endfacet
  facet normal 0 0 -1
    outer loop
      vertex -2.1496 14.4914 0
      vertex -1.71268 12.4959 0
      vertex -1.98765 12.4051 0
    endloop
  endfacet
  facet normal 0 0 -1
    outer loop
      vertex -1.43358 12.5732 0
      vertex -2.1496 14.4914 0
      vertex -1.43595 14.5795 0
    endloop
  endfacet
  facet normal 0 0 -1
    outer loop
      vertex -2.85807 14.3685 0
      vertex -1.98765 12.4051 0
      vertex -2.25783 12.3009 0
    endloop
  endfacet
  facet normal 0 0 -1
    outer loop
      vertex -2.85807 14.3685 0
      vertex -2.25783 12.3009 0
      vertex -2.52257 12.1835 0
    endloop
  endfacet
  facet normal 0 0 -1
    outer loop
      vertex -3.55966 14.211 0
      vertex -2.52257 12.1835 0
      vertex -2.78124 12.0533 0
    endloop
  endfacet
  facet normal 0 0 -1
    outer loop
      vertex -1.98765 12.4051 0
      vertex -2.85807 14.3685 0
      vertex -2.1496 14.4914 0
    endloop
  endfacet
  facet normal 0 0 -1
    outer loop
      vertex -3.55966 14.211 0
      vertex -2.78124 12.0533 0
      vertex -3.03321 11.9106 0
    endloop
  endfacet
  facet normal 0 0 -1
    outer loop
      vertex -4.25267 14.0192 0
      vertex -3.03321 11.9106 0
      vertex -3.27786 11.7557 0
    endloop
  endfacet
  facet normal 0 0 -1
    outer loop
      vertex -4.25267 14.0192 0
      vertex -3.27786 11.7557 0
      vertex -3.51463 11.5889 0
    endloop
  endfacet
  facet normal 0 0 -1
    outer loop
      vertex -2.52257 12.1835 0
      vertex -3.55966 14.211 0
      vertex -2.85807 14.3685 0
    endloop
  endfacet
  facet normal 0 0 -1
    outer loop
      vertex -4.93544 13.7936 0
      vertex -3.51463 11.5889 0
      vertex -3.74292 11.4108 0
    endloop
  endfacet
  facet normal 0 0 -1
    outer loop
      vertex -4.93544 13.7936 0
      vertex -3.74292 11.4108 0
      vertex -3.9622 11.2216 0
    endloop
  endfacet
  facet normal 0 0 -1
    outer loop
      vertex -5.60631 13.5348 0
      vertex -3.9622 11.2216 0
      vertex -4.17193 11.0219 0
    endloop
  endfacet
  facet normal 0 0 -1
    outer loop
      vertex -3.03321 11.9106 0
      vertex -4.25267 14.0192 0
      vertex -3.55966 14.211 0
    endloop
  endfacet
  facet normal 0 0 -1
    outer loop
      vertex -6.26368 13.2434 0
      vertex -4.17193 11.0219 0
      vertex -4.37161 10.8122 0
    endloop
  endfacet
  facet normal 0 0 -1
    outer loop
      vertex -6.26368 13.2434 0
      vertex -4.37161 10.8122 0
      vertex -4.56076 10.5929 0
    endloop
  endfacet
  facet normal 0 0 -1
    outer loop
      vertex -6.90596 12.9201 0
      vertex -4.56076 10.5929 0
      vertex -4.73892 10.3646 0
    endloop
  endfacet
  facet normal 0 0 -1
    outer loop
      vertex -6.90596 12.9201 0
      vertex -4.73892 10.3646 0
      vertex -4.90567 10.1279 0
    endloop
  endfacet
  facet normal 0 0 -1
    outer loop
      vertex -3.51463 11.5889 0
      vertex -4.93544 13.7936 0
      vertex -4.25267 14.0192 0
    endloop
  endfacet
  facet normal 0 0 -1
    outer loop
      vertex -7.5316 12.5657 0
      vertex -4.90567 10.1279 0
      vertex -5.0606 9.88321 0
    endloop
  endfacet
  facet normal 0 0 -1
    outer loop
      vertex -8.1391 12.181 0
      vertex -5.0606 9.88321 0
      vertex -5.20333 9.63124 0
    endloop
  endfacet
  facet normal 0 0 -1
    outer loop
      vertex -8.1391 12.181 0
      vertex -5.20333 9.63124 0
      vertex -5.33354 9.37257 0
    endloop
  endfacet
  facet normal 0 0 -1
    outer loop
      vertex -8.72699 11.767 0
      vertex -5.33354 9.37257 0
      vertex -5.45089 9.10783 0
    endloop
  endfacet
  facet normal 0 0 -1
    outer loop
      vertex -8.72699 11.767 0
      vertex -5.45089 9.10783 0
      vertex -5.55511 8.83765 0
    endloop
  endfacet
  facet normal 0 0 -1
    outer loop
      vertex -3.9622 11.2216 0
      vertex -5.60631 13.5348 0
      vertex -4.93544 13.7936 0
    endloop
  endfacet
  facet normal 0 0 -1
    outer loop
      vertex -9.29386 11.3246 0
      vertex -5.55511 8.83765 0
      vertex -5.64595 8.56268 0
    endloop
  endfacet
  facet normal 0 0 -1
    outer loop
      vertex -9.83834 10.8549 0
      vertex -5.64595 8.56268 0
      vertex -5.72318 8.28358 0
    endloop
  endfacet
  facet normal 0 0 -1
    outer loop
      vertex -9.83834 10.8549 0
      vertex -5.72318 8.28358 0
      vertex -5.78663 8.00103 0
    endloop
  endfacet
  facet normal 0 0 -1
    outer loop
      vertex -10.3591 10.3591 0
      vertex -5.78663 8.00103 0
      vertex -5.83614 7.71571 0
    endloop
  endfacet
  facet normal 0 0 -1
    outer loop
      vertex -10.8549 9.83834 0
      vertex -5.83614 7.71571 0
      vertex -5.87159 7.4283 0
    endloop
  endfacet
  facet normal 0 0 -1
    outer loop
      vertex -11.3246 9.29386 0
      vertex -5.87159 7.4283 0
      vertex -5.89289 7.1395 0
    endloop
  endfacet
  facet normal 0 0 -1
    outer loop
      vertex -4.17193 11.0219 0
      vertex -6.26368 13.2434 0
      vertex -5.60631 13.5348 0
    endloop
  endfacet
  facet normal 0 0 -1
    outer loop
      vertex -11.3246 9.29386 0
      vertex -5.89289 7.1395 0
      vertex -5.9 6.85 0
    endloop
  endfacet
  facet normal 0 0 -1
    outer loop
      vertex -4.73892 -3.33537 0
      vertex -11.3845 -0.279427 0
      vertex -11.3721 -0.224354 0
    endloop
  endfacet
  facet normal 0 0 -1
    outer loop
      vertex -11.4172 -0.387423 0
      vertex -6.26368 -13.2434 0
      vertex -6.90596 -12.9201 0
    endloop
  endfacet
  facet normal 0 0 -1
    outer loop
      vertex -5.89289 6.5605 0
      vertex -11.3246 9.29386 0
      vertex -5.9 6.85 0
    endloop
  endfacet
  facet normal 0 0 -1
    outer loop
      vertex -11.4375 -0.440085 0
      vertex -6.90596 -12.9201 0
      vertex -7.5316 -12.5657 0
    endloop
  endfacet
  facet normal 0 0 -1
    outer loop
      vertex -4.56076 10.5929 0
      vertex -6.90596 12.9201 0
      vertex -6.26368 13.2434 0
    endloop
  endfacet
  facet normal 0 0 -1
    outer loop
      vertex -11.4375 -0.440085 0
      vertex -7.5316 -12.5657 0
      vertex -8.1391 -12.181 0
    endloop
  endfacet
  facet normal 0 0 -1
    outer loop
      vertex -4.90567 10.1279 0
      vertex -7.5316 12.5657 0
      vertex -6.90596 12.9201 0
    endloop
  endfacet
  facet normal 0 0 -1
    outer loop
      vertex -11.4604 -0.491688 0
      vertex -8.1391 -12.181 0
      vertex -8.72699 -11.767 0
    endloop
  endfacet
  facet normal 0 0 -1
    outer loop
      vertex -5.0606 9.88321 0
      vertex -8.1391 12.181 0
      vertex -7.5316 12.5657 0
    endloop
  endfacet
  facet normal 0 0 -1
    outer loop
      vertex -11.4604 -0.491688 0
      vertex -8.72699 -11.767 0
      vertex -9.29386 -11.3246 0
    endloop
  endfacet
  facet normal 0 0 -1
    outer loop
      vertex -5.33354 9.37257 0
      vertex -8.72699 11.767 0
      vertex -8.1391 12.181 0
    endloop
  endfacet
  facet normal 0 0 -1
    outer loop
      vertex -11.4858 -0.542106 0
      vertex -9.29386 -11.3246 0
      vertex -9.83834 -10.8549 0
    endloop
  endfacet
  facet normal 0 0 -1
    outer loop
      vertex -5.55511 8.83765 0
      vertex -9.29386 11.3246 0
      vertex -8.72699 11.767 0
    endloop
  endfacet
  facet normal 0 0 -1
    outer loop
      vertex -11.5136 -0.591218 0
      vertex -9.83834 -10.8549 0
      vertex -10.3591 -10.3591 0
    endloop
  endfacet
  facet normal 0 0 -1
    outer loop
      vertex -5.64595 8.56268 0
      vertex -9.83834 10.8549 0
      vertex -9.29386 11.3246 0
    endloop
  endfacet
  facet normal 0 0 -1
    outer loop
      vertex -11.5136 -0.591218 0
      vertex -10.3591 -10.3591 0
      vertex -10.8549 -9.83834 0
    endloop
  endfacet
  facet normal 0 0 -1
    outer loop
      vertex -5.78663 8.00103 0
      vertex -10.3591 10.3591 0
      vertex -9.83834 10.8549 0
    endloop
  endfacet
  facet normal 0 0 -1
    outer loop
      vertex -11.5438 -0.638906 0
      vertex -10.8549 -9.83834 0
      vertex -11.3246 -9.29386 0
    endloop
  endfacet
  facet normal 0 0 -1
    outer loop
      vertex -5.83614 7.71571 0
      vertex -10.8549 9.83834 0
      vertex -10.3591 10.3591 0
    endloop
  endfacet
  facet normal 0 0 -1
    outer loop
      vertex -5.87159 7.4283 0
      vertex -11.3246 9.29386 0
      vertex -10.8549 9.83834 0
    endloop
  endfacet
  facet normal 0 0 -1
    outer loop
      vertex -5.87159 6.2717 0
      vertex -11.3246 9.29386 0
      vertex -5.89289 6.5605 0
    endloop
  endfacet
  facet normal 0 0 -1
    outer loop
      vertex -4.37161 -2.8878 0
      vertex -11.3514 -0.056427 0
      vertex -11.35 0 0
    endloop
  endfacet
  facet normal 0 0 -1
    outer loop
      vertex -4.37161 -2.8878 0
      vertex -11.3555 -0.11272 0
      vertex -11.3514 -0.056427 0
    endloop
  endfacet
  facet normal 0 0 -1
    outer loop
      vertex -4.56076 -3.10708 0
      vertex -11.3624 -0.168739 0
      vertex -11.3555 -0.11272 0
    endloop
  endfacet
  facet normal 0 0 -1
    outer loop
      vertex -4.56076 -3.10708 0
      vertex -11.3721 -0.224354 0
      vertex -11.3624 -0.168739 0
    endloop
  endfacet
  facet normal 0 0 -1
    outer loop
      vertex -6.26368 -13.2434 0
      vertex -11.3995 -0.333827 0
      vertex -11.3845 -0.279427 0
    endloop
  endfacet
  facet normal 0 0 -1
    outer loop
      vertex -6.26368 -13.2434 0
      vertex -11.4172 -0.387423 0
      vertex -11.3995 -0.333827 0
    endloop
  endfacet
  facet normal 0 0 -1
    outer loop
      vertex -6.90596 -12.9201 0
      vertex -11.4375 -0.440085 0
      vertex -11.4172 -0.387423 0
    endloop
  endfacet
  facet normal 0 0 -1
    outer loop
      vertex -8.1391 -12.181 0
      vertex -11.4604 -0.491688 0
      vertex -11.4375 -0.440085 0
    endloop
  endfacet
  facet normal 0 0 -1
    outer loop
      vertex -9.29386 -11.3246 0
      vertex -11.4858 -0.542106 0
      vertex -11.4604 -0.491688 0
    endloop
  endfacet
  facet normal 0 0 -1
    outer loop
      vertex -9.83834 -10.8549 0
      vertex -11.5136 -0.591218 0
      vertex -11.4858 -0.542106 0
    endloop
  endfacet
  facet normal 0 0 -1
    outer loop
      vertex -10.8549 -9.83834 0
      vertex -11.5438 -0.638906 0
      vertex -11.5136 -0.591218 0
    endloop
  endfacet
  facet normal 0 0 -1
    outer loop
      vertex -11.3246 -9.29386 0
      vertex -11.5763 -0.685054 0
      vertex -11.5438 -0.638906 0
    endloop
  endfacet
  facet normal 0 0 -1
    outer loop
      vertex -11.3246 -9.29386 0
      vertex -11.611 -0.729552 0
      vertex -11.5763 -0.685054 0
    endloop
  endfacet
  facet normal 0 0 -1
    outer loop
      vertex -11.767 -8.72699 0
      vertex -11.611 -0.729552 0
      vertex -11.3246 -9.29386 0
    endloop
  endfacet
  facet normal 0 0 -1
    outer loop
      vertex -11.611 -0.729552 0
      vertex -11.767 -8.72699 0
      vertex -11.6479 -0.772292 0
    endloop
  endfacet
  facet normal 0 0 -1
    outer loop
      vertex -12.181 -8.1391 0
      vertex -11.6479 -0.772292 0
      vertex -11.767 -8.72699 0
    endloop
  endfacet
  facet normal 0 0 -1
    outer loop
      vertex -11.6479 -0.772292 0
      vertex -12.181 -8.1391 0
      vertex -11.6868 -0.813172 0
    endloop
  endfacet
  facet normal 0 0 -1
    outer loop
      vertex -12.5657 -7.5316 0
      vertex -11.6868 -0.813172 0
      vertex -12.181 -8.1391 0
    endloop
  endfacet
  facet normal 0 0 -1
    outer loop
      vertex -11.6868 -0.813172 0
      vertex -12.5657 -7.5316 0
      vertex -11.7277 -0.852094 0
    endloop
  endfacet
  facet normal 0 0 -1
    outer loop
      vertex -12.9201 -6.90596 0
      vertex -11.7277 -0.852094 0
      vertex -12.5657 -7.5316 0
    endloop
  endfacet
  facet normal 0 0 -1
    outer loop
      vertex -11.7277 -0.852094 0
      vertex -12.9201 -6.90596 0
      vertex -11.7704 -0.888962 0
    endloop
  endfacet
  facet normal 0 0 -1
    outer loop
      vertex -11.7704 -0.888962 0
      vertex -12.9201 -6.90596 0
      vertex -11.8149 -0.923688 0
    endloop
  endfacet
  facet normal 0 0 -1
    outer loop
      vertex -13.2434 -6.26368 0
      vertex -11.8149 -0.923688 0
      vertex -12.9201 -6.90596 0
    endloop
  endfacet
  facet normal 0 0 -1
    outer loop
      vertex -11.8149 -0.923688 0
      vertex -13.2434 -6.26368 0
      vertex -11.8611 -0.956189 0
    endloop
  endfacet
  facet normal 0 0 -1
    outer loop
      vertex -11.8611 -0.956189 0
      vertex -13.2434 -6.26368 0
      vertex -11.9088 -0.986387 0
    endloop
  endfacet
  facet normal 0 0 -1
    outer loop
      vertex -13.5348 -5.60631 0
      vertex -11.9088 -0.986387 0
      vertex -13.2434 -6.26368 0
    endloop
  endfacet
  facet normal 0 0 -1
    outer loop
      vertex -11.9088 -0.986387 0
      vertex -13.5348 -5.60631 0
      vertex -11.9579 -1.01421 0
    endloop
  endfacet
  facet normal 0 0 -1
    outer loop
      vertex -11.9579 -1.01421 0
      vertex -13.5348 -5.60631 0
      vertex -12.0083 -1.03959 0
    endloop
  endfacet
  facet normal 0 0 -1
    outer loop
      vertex -13.7936 -4.93544 0
      vertex -12.0083 -1.03959 0
      vertex -13.5348 -5.60631 0
    endloop
  endfacet
  facet normal 0 0 -1
    outer loop
      vertex -12.0083 -1.03959 0
      vertex -13.7936 -4.93544 0
      vertex -12.0599 -1.06246 0
    endloop
  endfacet
  facet normal 0 0 -1
    outer loop
      vertex -12.0599 -1.06246 0
      vertex -13.7936 -4.93544 0
      vertex -12.1126 -1.08278 0
    endloop
  endfacet
  facet normal 0 0 -1
    outer loop
      vertex -12.1126 -1.08278 0
      vertex -13.7936 -4.93544 0
      vertex -12.1662 -1.10048 0
    endloop
  endfacet
  facet normal 0 0 -1
    outer loop
      vertex -14.0192 -4.25267 0
      vertex -12.1662 -1.10048 0
      vertex -13.7936 -4.93544 0
    endloop
  endfacet
  facet normal 0 0 -1
    outer loop
      vertex -12.1662 -1.10048 0
      vertex -14.0192 -4.25267 0
      vertex -12.2206 -1.11554 0
    endloop
  endfacet
  facet normal 0 0 -1
    outer loop
      vertex -12.2206 -1.11554 0
      vertex -14.0192 -4.25267 0
      vertex -12.2756 -1.1279 0
    endloop
  endfacet
  facet normal 0 0 -1
    outer loop
      vertex -12.2756 -1.1279 0
      vertex -14.0192 -4.25267 0
      vertex -12.3313 -1.13755 0
    endloop
  endfacet
  facet normal 0 0 -1
    outer loop
      vertex -14.211 -3.55966 0
      vertex -12.3313 -1.13755 0
      vertex -14.0192 -4.25267 0
    endloop
  endfacet
  facet normal 0 0 -1
    outer loop
      vertex -12.3313 -1.13755 0
      vertex -14.211 -3.55966 0
      vertex -12.3873 -1.14446 0
    endloop
  endfacet
  facet normal 0 0 -1
    outer loop
      vertex -12.3873 -1.14446 0
      vertex -14.211 -3.55966 0
      vertex -12.4436 -1.14861 0
    endloop
  endfacet
  facet normal 0 0 -1
    outer loop
      vertex -12.4436 -1.14861 0
      vertex -14.211 -3.55966 0
      vertex -12.5 -1.15 0
    endloop
  endfacet
  facet normal -0 0 -1
    outer loop
      vertex -12.5 -1.15 0
      vertex -14.211 -3.55966 0
      vertex -12.5564 -1.14861 0
    endloop
  endfacet
  facet normal 0 0 -1
    outer loop
      vertex -14.3685 -2.85807 0
      vertex -12.5564 -1.14861 0
      vertex -14.211 -3.55966 0
    endloop
  endfacet
  facet normal -0 0 -1
    outer loop
      vertex -12.5564 -1.14861 0
      vertex -14.3685 -2.85807 0
      vertex -12.6127 -1.14446 0
    endloop
  endfacet
  facet normal -0 0 -1
    outer loop
      vertex -12.6127 -1.14446 0
      vertex -14.3685 -2.85807 0
      vertex -12.6687 -1.13755 0
    endloop
  endfacet
  facet normal -0 0 -1
    outer loop
      vertex -12.6687 -1.13755 0
      vertex -14.3685 -2.85807 0
      vertex -12.7244 -1.1279 0
    endloop
  endfacet
  facet normal -0 0 -1
    outer loop
      vertex -12.7244 -1.1279 0
      vertex -14.3685 -2.85807 0
      vertex -12.7794 -1.11554 0
    endloop
  endfacet
  facet normal -0 0 -1
    outer loop
      vertex -12.7794 -1.11554 0
      vertex -14.3685 -2.85807 0
      vertex -12.8338 -1.10048 0
    endloop
  endfacet
  facet normal 0 0 -1
    outer loop
      vertex -14.4914 -2.1496 0
      vertex -12.8338 -1.10048 0
      vertex -14.3685 -2.85807 0
    endloop
  endfacet
  facet normal -0 0 -1
    outer loop
      vertex -12.8338 -1.10048 0
      vertex -14.4914 -2.1496 0
      vertex -12.8874 -1.08278 0
    endloop
  endfacet
  facet normal -0 0 -1
    outer loop
      vertex -12.8874 -1.08278 0
      vertex -14.4914 -2.1496 0
      vertex -12.9401 -1.06246 0
    endloop
  endfacet
  facet normal -0 0 -1
    outer loop
      vertex -12.9401 -1.06246 0
      vertex -14.4914 -2.1496 0
      vertex -12.9917 -1.03959 0
    endloop
  endfacet
  facet normal -0 0 -1
    outer loop
      vertex -12.9917 -1.03959 0
      vertex -14.4914 -2.1496 0
      vertex -13.0421 -1.01421 0
    endloop
  endfacet
  facet normal -0 0 -1
    outer loop
      vertex -13.0421 -1.01421 0
      vertex -14.4914 -2.1496 0
      vertex -13.0912 -0.986387 0
    endloop
  endfacet
  facet normal -0 0 -1
    outer loop
      vertex -13.0912 -0.986387 0
      vertex -14.4914 -2.1496 0
      vertex -13.1389 -0.956189 0
    endloop
  endfacet
  facet normal -0 0 -1
    outer loop
      vertex -13.1389 -0.956189 0
      vertex -14.4914 -2.1496 0
      vertex -13.1851 -0.923688 0
    endloop
  endfacet
  facet normal 0 0 -1
    outer loop
      vertex -14.5795 -1.43595 0
      vertex -13.1851 -0.923688 0
      vertex -14.4914 -2.1496 0
    endloop
  endfacet
  facet normal -0 0 -1
    outer loop
      vertex -13.1851 -0.923688 0
      vertex -14.5795 -1.43595 0
      vertex -13.2296 -0.888962 0
    endloop
  endfacet
  facet normal -0 0 -1
    outer loop
      vertex -13.2296 -0.888962 0
      vertex -14.5795 -1.43595 0
      vertex -13.2723 -0.852094 0
    endloop
  endfacet
  facet normal -0 0 -1
    outer loop
      vertex -13.2723 -0.852094 0
      vertex -14.5795 -1.43595 0
      vertex -13.3132 -0.813172 0
    endloop
  endfacet
  facet normal -0 0 -1
    outer loop
      vertex -13.3132 -0.813172 0
      vertex -14.5795 -1.43595 0
      vertex -13.3521 -0.772292 0
    endloop
  endfacet
  facet normal -0 0 -1
    outer loop
      vertex -13.3521 -0.772292 0
      vertex -14.5795 -1.43595 0
      vertex -13.389 -0.729552 0
    endloop
  endfacet
  facet normal -0 0 -1
    outer loop
      vertex -13.389 -0.729552 0
      vertex -14.5795 -1.43595 0
      vertex -13.4237 -0.685054 0
    endloop
  endfacet
  facet normal -0 0 -1
    outer loop
      vertex -13.4237 -0.685054 0
      vertex -14.5795 -1.43595 0
      vertex -13.4562 -0.638906 0
    endloop
  endfacet
  facet normal 0 0 -1
    outer loop
      vertex -14.6324 -0.718841 0
      vertex -13.4562 -0.638906 0
      vertex -14.5795 -1.43595 0
    endloop
  endfacet
  facet normal -0 0 -1
    outer loop
      vertex -13.4562 -0.638906 0
      vertex -14.6324 -0.718841 0
      vertex -13.4864 -0.591218 0
    endloop
  endfacet
  facet normal -0 0 -1
    outer loop
      vertex -13.4864 -0.591218 0
      vertex -14.6324 -0.718841 0
      vertex -13.5142 -0.542106 0
    endloop
  endfacet
  facet normal -0 0 -1
    outer loop
      vertex -13.5142 -0.542106 0
      vertex -14.6324 -0.718841 0
      vertex -13.5396 -0.491688 0
    endloop
  endfacet
  facet normal -0 0 -1
    outer loop
      vertex -13.5396 -0.491688 0
      vertex -14.6324 -0.718841 0
      vertex -13.5625 -0.440085 0
    endloop
  endfacet
  facet normal -0 0 -1
    outer loop
      vertex -13.5625 -0.440085 0
      vertex -14.6324 -0.718841 0
      vertex -13.5828 -0.387423 0
    endloop
  endfacet
  facet normal -0 0 -1
    outer loop
      vertex -13.5828 -0.387423 0
      vertex -14.6324 -0.718841 0
      vertex -13.6005 -0.333827 0
    endloop
  endfacet
  facet normal 0 0 -1
    outer loop
      vertex 13.6279 -0.224354 0
      vertex 14.65 0 0
      vertex 14.6324 -0.718841 0
    endloop
  endfacet
  facet normal 0 0 -1
    outer loop
      vertex 13.4562 -0.638906 0
      vertex 14.6324 -0.718841 0
      vertex 14.5795 -1.43595 0
    endloop
  endfacet
  facet normal 0 0 -1
    outer loop
      vertex 14.65 0 0
      vertex 13.6376 -0.168739 0
      vertex 13.6445 -0.11272 0
    endloop
  endfacet
  facet normal 0 0 -1
    outer loop
      vertex 13.1851 -0.923688 0
      vertex 14.5795 -1.43595 0
      vertex 14.4914 -2.1496 0
    endloop
  endfacet
  facet normal -0 0 -1
    outer loop
      vertex 14.65 0 0
      vertex 13.6486 -0.056427 0
      vertex 13.65 0 0
    endloop
  endfacet
  facet normal 0 0 -1
    outer loop
      vertex 12.8338 -1.10048 0
      vertex 14.4914 -2.1496 0
      vertex 14.3685 -2.85807 0
    endloop
  endfacet
  facet normal 0 0 -1
    outer loop
      vertex 13.6445 0.11272 0
      vertex 14.65 0 0
      vertex 13.6486 0.056427 0
    endloop
  endfacet
  facet normal 0 0 -1
    outer loop
      vertex 12.5564 -1.14861 0
      vertex 14.3685 -2.85807 0
      vertex 14.211 -3.55966 0
    endloop
  endfacet
  facet normal 0 0 -1
    outer loop
      vertex 13.6376 0.168739 0
      vertex 14.65 0 0
      vertex 13.6445 0.11272 0
    endloop
  endfacet
  facet normal 0 0 -1
    outer loop
      vertex 12.3313 -1.13755 0
      vertex 14.211 -3.55966 0
      vertex 14.0192 -4.25267 0
    endloop
  endfacet
  facet normal 0 0 -1
    outer loop
      vertex 13.6279 0.224354 0
      vertex 14.65 0 0
      vertex 13.6376 0.168739 0
    endloop
  endfacet
  facet normal 0 0 -1
    outer loop
      vertex 12.1662 -1.10048 0
      vertex 14.0192 -4.25267 0
      vertex 13.7936 -4.93544 0
    endloop
  endfacet
  facet normal 0 0 -1
    outer loop
      vertex 13.6155 0.279427 0
      vertex 14.6324 0.718841 0
      vertex 13.6279 0.224354 0
    endloop
  endfacet
  facet normal 0 0 -1
    outer loop
      vertex 13.6005 0.333827 0
      vertex 14.6324 0.718841 0
      vertex 13.6155 0.279427 0
    endloop
  endfacet
  facet normal 0 0 -1
    outer loop
      vertex 14.65 0 0
      vertex 13.6279 0.224354 0
      vertex 14.6324 0.718841 0
    endloop
  endfacet
  facet normal 0 0 -1
    outer loop
      vertex 13.6486 0.056427 0
      vertex 14.65 0 0
      vertex 13.65 0 0
    endloop
  endfacet
  facet normal 0 0 -1
    outer loop
      vertex 14.65 0 0
      vertex 13.6445 -0.11272 0
      vertex 13.6486 -0.056427 0
    endloop
  endfacet
  facet normal 0 0 -1
    outer loop
      vertex 14.65 0 0
      vertex 13.6279 -0.224354 0
      vertex 13.6376 -0.168739 0
    endloop
  endfacet
  facet normal 0 0 -1
    outer loop
      vertex 14.6324 -0.718841 0
      vertex 13.6155 -0.279427 0
      vertex 13.6279 -0.224354 0
    endloop
  endfacet
  facet normal 0 0 -1
    outer loop
      vertex 14.6324 -0.718841 0
      vertex 13.6005 -0.333827 0
      vertex 13.6155 -0.279427 0
    endloop
  endfacet
  facet normal 0 0 -1
    outer loop
      vertex 14.6324 -0.718841 0
      vertex 13.5828 -0.387423 0
      vertex 13.6005 -0.333827 0
    endloop
  endfacet
  facet normal 0 0 -1
    outer loop
      vertex 14.6324 -0.718841 0
      vertex 13.5625 -0.440085 0
      vertex 13.5828 -0.387423 0
    endloop
  endfacet
  facet normal 0 0 -1
    outer loop
      vertex 14.6324 -0.718841 0
      vertex 13.5396 -0.491688 0
      vertex 13.5625 -0.440085 0
    endloop
  endfacet
  facet normal 0 0 -1
    outer loop
      vertex 12.0083 -1.03959 0
      vertex 13.7936 -4.93544 0
      vertex 13.5348 -5.60631 0
    endloop
  endfacet
  facet normal 0 0 -1
    outer loop
      vertex 14.6324 -0.718841 0
      vertex 13.5142 -0.542106 0
      vertex 13.5396 -0.491688 0
    endloop
  endfacet
  facet normal 0 0 -1
    outer loop
      vertex 14.6324 -0.718841 0
      vertex 13.4864 -0.591218 0
      vertex 13.5142 -0.542106 0
    endloop
  endfacet
  facet normal 0 0 -1
    outer loop
      vertex 14.6324 -0.718841 0
      vertex 13.4562 -0.638906 0
      vertex 13.4864 -0.591218 0
    endloop
  endfacet
  facet normal 0 0 -1
    outer loop
      vertex 14.5795 -1.43595 0
      vertex 13.4237 -0.685054 0
      vertex 13.4562 -0.638906 0
    endloop
  endfacet
  facet normal 0 0 -1
    outer loop
      vertex 14.5795 -1.43595 0
      vertex 13.389 -0.729552 0
      vertex 13.4237 -0.685054 0
    endloop
  endfacet
  facet normal 0 0 -1
    outer loop
      vertex 14.5795 -1.43595 0
      vertex 13.3521 -0.772292 0
      vertex 13.389 -0.729552 0
    endloop
  endfacet
  facet normal 0 0 -1
    outer loop
      vertex 14.5795 -1.43595 0
      vertex 13.3132 -0.813172 0
      vertex 13.3521 -0.772292 0
    endloop
  endfacet
  facet normal 0 0 -1
    outer loop
      vertex 14.5795 -1.43595 0
      vertex 13.2723 -0.852094 0
      vertex 13.3132 -0.813172 0
    endloop
  endfacet
  facet normal 0 0 -1
    outer loop
      vertex 11.9088 -0.986387 0
      vertex 13.5348 -5.60631 0
      vertex 13.2434 -6.26368 0
    endloop
  endfacet
  facet normal 0 0 -1
    outer loop
      vertex 14.5795 -1.43595 0
      vertex 13.2296 -0.888962 0
      vertex 13.2723 -0.852094 0
    endloop
  endfacet
  facet normal 0 0 -1
    outer loop
      vertex 14.5795 -1.43595 0
      vertex 13.1851 -0.923688 0
      vertex 13.2296 -0.888962 0
    endloop
  endfacet
  facet normal 0 0 -1
    outer loop
      vertex 14.4914 -2.1496 0
      vertex 13.1389 -0.956189 0
      vertex 13.1851 -0.923688 0
    endloop
  endfacet
  facet normal 0 0 -1
    outer loop
      vertex 14.4914 -2.1496 0
      vertex 13.0912 -0.986387 0
      vertex 13.1389 -0.956189 0
    endloop
  endfacet
  facet normal 0 0 -1
    outer loop
      vertex 14.4914 -2.1496 0
      vertex 13.0421 -1.01421 0
      vertex 13.0912 -0.986387 0
    endloop
  endfacet
  facet normal 0 0 -1
    outer loop
      vertex 14.4914 -2.1496 0
      vertex 12.9917 -1.03959 0
      vertex 13.0421 -1.01421 0
    endloop
  endfacet
  facet normal 0 0 -1
    outer loop
      vertex 14.4914 -2.1496 0
      vertex 12.9401 -1.06246 0
      vertex 12.9917 -1.03959 0
    endloop
  endfacet
  facet normal 0 0 -1
    outer loop
      vertex 12.181 -8.1391 0
      vertex 5.87159 -6.2717 0
      vertex 12.5657 -7.5316 0
    endloop
  endfacet
  facet normal 0 0 -1
    outer loop
      vertex 14.4914 -2.1496 0
      vertex 12.8874 -1.08278 0
      vertex 12.9401 -1.06246 0
    endloop
  endfacet
  facet normal 0 0 -1
    outer loop
      vertex 14.4914 -2.1496 0
      vertex 12.8338 -1.10048 0
      vertex 12.8874 -1.08278 0
    endloop
  endfacet
  facet normal 0 0 -1
    outer loop
      vertex 14.3685 -2.85807 0
      vertex 12.7794 -1.11554 0
      vertex 12.8338 -1.10048 0
    endloop
  endfacet
  facet normal 0 0 -1
    outer loop
      vertex 14.3685 -2.85807 0
      vertex 12.7244 -1.1279 0
      vertex 12.7794 -1.11554 0
    endloop
  endfacet
  facet normal 0 0 -1
    outer loop
      vertex 14.3685 -2.85807 0
      vertex 12.6687 -1.13755 0
      vertex 12.7244 -1.1279 0
    endloop
  endfacet
  facet normal 0 0 -1
    outer loop
      vertex 14.3685 -2.85807 0
      vertex 12.6127 -1.14446 0
      vertex 12.6687 -1.13755 0
    endloop
  endfacet
  facet normal 0 0 -1
    outer loop
      vertex 5.87159 -6.2717 0
      vertex 12.181 -8.1391 0
      vertex 5.89289 -6.5605 0
    endloop
  endfacet
  facet normal 0 0 -1
    outer loop
      vertex 14.3685 -2.85807 0
      vertex 12.5564 -1.14861 0
      vertex 12.6127 -1.14446 0
    endloop
  endfacet
  facet normal 0 0 -1
    outer loop
      vertex 14.211 -3.55966 0
      vertex 12.5 -1.15 0
      vertex 12.5564 -1.14861 0
    endloop
  endfacet
  facet normal 0 0 -1
    outer loop
      vertex 14.211 -3.55966 0
      vertex 12.4436 -1.14861 0
      vertex 12.5 -1.15 0
    endloop
  endfacet
  facet normal 0 0 -1
    outer loop
      vertex 14.211 -3.55966 0
      vertex 12.3873 -1.14446 0
      vertex 12.4436 -1.14861 0
    endloop
  endfacet
  facet normal 0 0 -1
    outer loop
      vertex 14.211 -3.55966 0
      vertex 12.3313 -1.13755 0
      vertex 12.3873 -1.14446 0
    endloop
  endfacet
  facet normal 0 0 -1
    outer loop
      vertex 14.0192 -4.25267 0
      vertex 12.2756 -1.1279 0
      vertex 12.3313 -1.13755 0
    endloop
  endfacet
  facet normal 0 0 -1
    outer loop
      vertex 14.0192 -4.25267 0
      vertex 12.2206 -1.11554 0
      vertex 12.2756 -1.1279 0
    endloop
  endfacet
  facet normal 0 0 -1
    outer loop
      vertex 11.767 -8.72699 0
      vertex 5.89289 -6.5605 0
      vertex 12.181 -8.1391 0
    endloop
  endfacet
  facet normal 0 0 -1
    outer loop
      vertex 14.0192 -4.25267 0
      vertex 12.1662 -1.10048 0
      vertex 12.2206 -1.11554 0
    endloop
  endfacet
  facet normal 0 0 -1
    outer loop
      vertex 13.7936 -4.93544 0
      vertex 12.1126 -1.08278 0
      vertex 12.1662 -1.10048 0
    endloop
  endfacet
  facet normal 0 0 -1
    outer loop
      vertex 13.7936 -4.93544 0
      vertex 12.0599 -1.06246 0
      vertex 12.1126 -1.08278 0
    endloop
  endfacet
  facet normal 0 0 -1
    outer loop
      vertex 13.7936 -4.93544 0
      vertex 12.0083 -1.03959 0
      vertex 12.0599 -1.06246 0
    endloop
  endfacet
  facet normal 0 0 -1
    outer loop
      vertex 13.5348 -5.60631 0
      vertex 11.9579 -1.01421 0
      vertex 12.0083 -1.03959 0
    endloop
  endfacet
  facet normal 0 0 -1
    outer loop
      vertex 13.5348 -5.60631 0
      vertex 11.9088 -0.986387 0
      vertex 11.9579 -1.01421 0
    endloop
  endfacet
  facet normal 0 0 -1
    outer loop
      vertex 5.83614 -5.98429 0
      vertex 12.5657 -7.5316 0
      vertex 5.87159 -6.2717 0
    endloop
  endfacet
  facet normal 0 0 -1
    outer loop
      vertex 13.2434 -6.26368 0
      vertex 11.8611 -0.956189 0
      vertex 11.9088 -0.986387 0
    endloop
  endfacet
  facet normal 0 0 -1
    outer loop
      vertex 12.5657 -7.5316 0
      vertex 5.83614 -5.98429 0
      vertex 12.9201 -6.90596 0
    endloop
  endfacet
  facet normal 0 0 -1
    outer loop
      vertex 5.89289 -6.5605 0
      vertex 11.767 -8.72699 0
      vertex 5.9 -6.85 0
    endloop
  endfacet
  facet normal 0 0 -1
    outer loop
      vertex 5.78663 -5.69897 0
      vertex 12.9201 -6.90596 0
      vertex 5.83614 -5.98429 0
    endloop
  endfacet
  facet normal 0 0 -1
    outer loop
      vertex 12.9201 -6.90596 0
      vertex 5.78663 -5.69897 0
      vertex 13.2434 -6.26368 0
    endloop
  endfacet
  facet normal 0 0 -1
    outer loop
      vertex 5.72318 -5.41642 0
      vertex 13.2434 -6.26368 0
      vertex 5.78663 -5.69897 0
    endloop
  endfacet
  facet normal 0 0 -1
    outer loop
      vertex 13.2434 -6.26368 0
      vertex 5.72318 -5.41642 0
      vertex 11.8611 -0.956189 0
    endloop
  endfacet
  facet normal -0 0 -1
    outer loop
      vertex 11.8611 -0.956189 0
      vertex 5.72318 -5.41642 0
      vertex 11.8149 -0.923688 0
    endloop
  endfacet
  facet normal 0 0 -1
    outer loop
      vertex 5.64595 -5.13732 0
      vertex 11.8149 -0.923688 0
      vertex 5.72318 -5.41642 0
    endloop
  endfacet
  facet normal -0 0 -1
    outer loop
      vertex 11.8149 -0.923688 0
      vertex 5.64595 -5.13732 0
      vertex 11.7704 -0.888962 0
    endloop
  endfacet
  facet normal -0 0 -1
    outer loop
      vertex 11.7704 -0.888962 0
      vertex 5.64595 -5.13732 0
      vertex 11.7277 -0.852094 0
    endloop
  endfacet
  facet normal 0 0 -1
    outer loop
      vertex 5.55511 -4.86235 0
      vertex 11.7277 -0.852094 0
      vertex 5.64595 -5.13732 0
    endloop
  endfacet
  facet normal -0 0 -1
    outer loop
      vertex 11.7277 -0.852094 0
      vertex 5.55511 -4.86235 0
      vertex 11.6868 -0.813172 0
    endloop
  endfacet
  facet normal -0 0 -1
    outer loop
      vertex 11.6868 -0.813172 0
      vertex 5.55511 -4.86235 0
      vertex 11.6479 -0.772292 0
    endloop
  endfacet
  facet normal 0 0 -1
    outer loop
      vertex 5.45089 -4.59217 0
      vertex 11.6479 -0.772292 0
      vertex 5.55511 -4.86235 0
    endloop
  endfacet
  facet normal -0 0 -1
    outer loop
      vertex 11.6479 -0.772292 0
      vertex 5.45089 -4.59217 0
      vertex 11.611 -0.729552 0
    endloop
  endfacet
  facet normal -0 0 -1
    outer loop
      vertex 11.611 -0.729552 0
      vertex 5.45089 -4.59217 0
      vertex 11.5763 -0.685054 0
    endloop
  endfacet
  facet normal 0 0 -1
    outer loop
      vertex 5.33354 -4.32743 0
      vertex 11.5763 -0.685054 0
      vertex 5.45089 -4.59217 0
    endloop
  endfacet
  facet normal -0 0 -1
    outer loop
      vertex 11.5763 -0.685054 0
      vertex 5.33354 -4.32743 0
      vertex 11.5438 -0.638906 0
    endloop
  endfacet
  facet normal -0 0 -1
    outer loop
      vertex 11.5438 -0.638906 0
      vertex 5.33354 -4.32743 0
      vertex 11.5136 -0.591218 0
    endloop
  endfacet
  facet normal 0 0 -1
    outer loop
      vertex 5.20333 -4.06876 0
      vertex 11.5136 -0.591218 0
      vertex 5.33354 -4.32743 0
    endloop
  endfacet
  facet normal 0 0 -1
    outer loop
      vertex 5.9 -6.85 0
      vertex 11.767 -8.72699 0
      vertex 11.3246 -9.29386 0
    endloop
  endfacet
  facet normal 0 0 -1
    outer loop
      vertex 13.5828 0.387423 0
      vertex 14.6324 0.718841 0
      vertex 13.6005 0.333827 0
    endloop
  endfacet
  facet normal 0 0 -1
    outer loop
      vertex 13.5625 0.440085 0
      vertex 14.6324 0.718841 0
      vertex 13.5828 0.387423 0
    endloop
  endfacet
  facet normal 0 0 -1
    outer loop
      vertex 13.5396 0.491688 0
      vertex 14.6324 0.718841 0
      vertex 13.5625 0.440085 0
    endloop
  endfacet
  facet normal 0 0 -1
    outer loop
      vertex 13.5142 0.542106 0
      vertex 14.6324 0.718841 0
      vertex 13.5396 0.491688 0
    endloop
  endfacet
  facet normal 0 0 -1
    outer loop
      vertex 13.4864 0.591218 0
      vertex 14.6324 0.718841 0
      vertex 13.5142 0.542106 0
    endloop
  endfacet
  facet normal 0 0 -1
    outer loop
      vertex 13.4562 0.638906 0
      vertex 14.6324 0.718841 0
      vertex 13.4864 0.591218 0
    endloop
  endfacet
  facet normal -0 0 -1
    outer loop
      vertex 14.6324 0.718841 0
      vertex 13.4562 0.638906 0
      vertex 14.5795 1.43595 0
    endloop
  endfacet
  facet normal 0 0 -1
    outer loop
      vertex 13.4237 0.685054 0
      vertex 14.5795 1.43595 0
      vertex 13.4562 0.638906 0
    endloop
  endfacet
  facet normal 0 0 -1
    outer loop
      vertex 13.389 0.729552 0
      vertex 14.5795 1.43595 0
      vertex 13.4237 0.685054 0
    endloop
  endfacet
  facet normal 0 0 -1
    outer loop
      vertex 13.3521 0.772292 0
      vertex 14.5795 1.43595 0
      vertex 13.389 0.729552 0
    endloop
  endfacet
  facet normal 0 0 -1
    outer loop
      vertex 13.3132 0.813172 0
      vertex 14.5795 1.43595 0
      vertex 13.3521 0.772292 0
    endloop
  endfacet
  facet normal 0 0 -1
    outer loop
      vertex 13.2723 0.852094 0
      vertex 14.5795 1.43595 0
      vertex 13.3132 0.813172 0
    endloop
  endfacet
  facet normal 0 0 -1
    outer loop
      vertex 13.2296 0.888962 0
      vertex 14.5795 1.43595 0
      vertex 13.2723 0.852094 0
    endloop
  endfacet
  facet normal 0 0 -1
    outer loop
      vertex 13.1851 0.923688 0
      vertex 14.5795 1.43595 0
      vertex 13.2296 0.888962 0
    endloop
  endfacet
  facet normal -0 0 -1
    outer loop
      vertex 14.5795 1.43595 0
      vertex 13.1851 0.923688 0
      vertex 14.4914 2.1496 0
    endloop
  endfacet
  facet normal 0 0 -1
    outer loop
      vertex 13.1389 0.956189 0
      vertex 14.4914 2.1496 0
      vertex 13.1851 0.923688 0
    endloop
  endfacet
  facet normal 0 0 -1
    outer loop
      vertex 13.0912 0.986387 0
      vertex 14.4914 2.1496 0
      vertex 13.1389 0.956189 0
    endloop
  endfacet
  facet normal 0 0 -1
    outer loop
      vertex 13.0421 1.01421 0
      vertex 14.4914 2.1496 0
      vertex 13.0912 0.986387 0
    endloop
  endfacet
  facet normal 0 0 -1
    outer loop
      vertex 12.9917 1.03959 0
      vertex 14.4914 2.1496 0
      vertex 13.0421 1.01421 0
    endloop
  endfacet
  facet normal 0 0 -1
    outer loop
      vertex 12.9401 1.06246 0
      vertex 14.4914 2.1496 0
      vertex 12.9917 1.03959 0
    endloop
  endfacet
  facet normal 0 0 -1
    outer loop
      vertex 12.8874 1.08278 0
      vertex 14.4914 2.1496 0
      vertex 12.9401 1.06246 0
    endloop
  endfacet
  facet normal 0 0 -1
    outer loop
      vertex 12.8338 1.10048 0
      vertex 14.4914 2.1496 0
      vertex 12.8874 1.08278 0
    endloop
  endfacet
  facet normal -0 0 -1
    outer loop
      vertex 14.4914 2.1496 0
      vertex 12.8338 1.10048 0
      vertex 14.3685 2.85807 0
    endloop
  endfacet
  facet normal 0 0 -1
    outer loop
      vertex 12.7794 1.11554 0
      vertex 14.3685 2.85807 0
      vertex 12.8338 1.10048 0
    endloop
  endfacet
  facet normal 0 0 -1
    outer loop
      vertex 12.7244 1.1279 0
      vertex 14.3685 2.85807 0
      vertex 12.7794 1.11554 0
    endloop
  endfacet
  facet normal 0 0 -1
    outer loop
      vertex 12.6687 1.13755 0
      vertex 14.3685 2.85807 0
      vertex 12.7244 1.1279 0
    endloop
  endfacet
  facet normal 0 0 -1
    outer loop
      vertex 12.6127 1.14446 0
      vertex 14.3685 2.85807 0
      vertex 12.6687 1.13755 0
    endloop
  endfacet
  facet normal 0 0 -1
    outer loop
      vertex 12.5564 1.14861 0
      vertex 14.3685 2.85807 0
      vertex 12.6127 1.14446 0
    endloop
  endfacet
  facet normal -0 0 -1
    outer loop
      vertex 14.3685 2.85807 0
      vertex 12.5564 1.14861 0
      vertex 14.211 3.55966 0
    endloop
  endfacet
  facet normal 0 0 -1
    outer loop
      vertex 12.5 1.15 0
      vertex 14.211 3.55966 0
      vertex 12.5564 1.14861 0
    endloop
  endfacet
  facet normal 0 0 -1
    outer loop
      vertex 12.4436 1.14861 0
      vertex 14.211 3.55966 0
      vertex 12.5 1.15 0
    endloop
  endfacet
  facet normal 0 0 -1
    outer loop
      vertex 12.3873 1.14446 0
      vertex 14.211 3.55966 0
      vertex 12.4436 1.14861 0
    endloop
  endfacet
  facet normal 0 0 -1
    outer loop
      vertex 12.3313 1.13755 0
      vertex 14.211 3.55966 0
      vertex 12.3873 1.14446 0
    endloop
  endfacet
  facet normal -0 0 -1
    outer loop
      vertex 14.211 3.55966 0
      vertex 12.3313 1.13755 0
      vertex 14.0192 4.25267 0
    endloop
  endfacet
  facet normal 0 0 -1
    outer loop
      vertex 12.2756 1.1279 0
      vertex 14.0192 4.25267 0
      vertex 12.3313 1.13755 0
    endloop
  endfacet
  facet normal 0 0 -1
    outer loop
      vertex 12.2206 1.11554 0
      vertex 14.0192 4.25267 0
      vertex 12.2756 1.1279 0
    endloop
  endfacet
  facet normal 0 0 -1
    outer loop
      vertex 12.1662 1.10048 0
      vertex 14.0192 4.25267 0
      vertex 12.2206 1.11554 0
    endloop
  endfacet
  facet normal -0 0 -1
    outer loop
      vertex 14.0192 4.25267 0
      vertex 12.1662 1.10048 0
      vertex 13.7936 4.93544 0
    endloop
  endfacet
  facet normal 0 0 -1
    outer loop
      vertex 12.1126 1.08278 0
      vertex 13.7936 4.93544 0
      vertex 12.1662 1.10048 0
    endloop
  endfacet
  facet normal 0 0 -1
    outer loop
      vertex 12.0599 1.06246 0
      vertex 13.7936 4.93544 0
      vertex 12.1126 1.08278 0
    endloop
  endfacet
  facet normal 0 0 -1
    outer loop
      vertex 12.0083 1.03959 0
      vertex 13.7936 4.93544 0
      vertex 12.0599 1.06246 0
    endloop
  endfacet
  facet normal -0 0 -1
    outer loop
      vertex 13.7936 4.93544 0
      vertex 12.0083 1.03959 0
      vertex 13.5348 5.60631 0
    endloop
  endfacet
  facet normal 0 0 -1
    outer loop
      vertex 11.9579 1.01421 0
      vertex 13.5348 5.60631 0
      vertex 12.0083 1.03959 0
    endloop
  endfacet
  facet normal 0 0 -1
    outer loop
      vertex 11.9088 0.986387 0
      vertex 13.5348 5.60631 0
      vertex 11.9579 1.01421 0
    endloop
  endfacet
  facet normal -0 0 -1
    outer loop
      vertex 13.5348 5.60631 0
      vertex 11.9088 0.986387 0
      vertex 13.2434 6.26368 0
    endloop
  endfacet
  facet normal 0 0 -1
    outer loop
      vertex 11.8611 0.956189 0
      vertex 13.2434 6.26368 0
      vertex 11.9088 0.986387 0
    endloop
  endfacet
  facet normal 0 0 -1
    outer loop
      vertex 11.8149 0.923688 0
      vertex 13.2434 6.26368 0
      vertex 11.8611 0.956189 0
    endloop
  endfacet
  facet normal 0 0 -1
    outer loop
      vertex 5.9 6.85 0
      vertex 13.2434 6.26368 0
      vertex 11.8149 0.923688 0
    endloop
  endfacet
  facet normal 0 0 -1
    outer loop
      vertex 5.9 6.85 0
      vertex 11.8149 0.923688 0
      vertex 11.7704 0.888962 0
    endloop
  endfacet
  facet normal 0 0 -1
    outer loop
      vertex 5.9 6.85 0
      vertex 11.7704 0.888962 0
      vertex 11.7277 0.852094 0
    endloop
  endfacet
  facet normal 0 0 -1
    outer loop
      vertex 13.2434 6.26368 0
      vertex 5.9 6.85 0
      vertex 12.9201 6.90596 0
    endloop
  endfacet
  facet normal 0 0 -1
    outer loop
      vertex 5.9 6.85 0
      vertex 11.7277 0.852094 0
      vertex 11.6868 0.813172 0
    endloop
  endfacet
  facet normal -0 0 -1
    outer loop
      vertex 12.9201 6.90596 0
      vertex 5.9 6.85 0
      vertex 12.5657 7.5316 0
    endloop
  endfacet
  facet normal 0 0 -1
    outer loop
      vertex 5.9 6.85 0
      vertex 11.6868 0.813172 0
      vertex 11.6479 0.772292 0
    endloop
  endfacet
  facet normal -0 0 -1
    outer loop
      vertex 12.5657 7.5316 0
      vertex 5.9 6.85 0
      vertex 12.181 8.1391 0
    endloop
  endfacet
  facet normal 0 0 -1
    outer loop
      vertex 5.9 6.85 0
      vertex 11.6479 0.772292 0
      vertex 11.611 0.729552 0
    endloop
  endfacet
  facet normal 0 0 -1
    outer loop
      vertex 5.9 6.85 0
      vertex 11.611 0.729552 0
      vertex 11.5763 0.685054 0
    endloop
  endfacet
  facet normal 0 0 -1
    outer loop
      vertex 5.9 6.85 0
      vertex 11.5763 0.685054 0
      vertex 11.5438 0.638906 0
    endloop
  endfacet
  facet normal 0 0 -1
    outer loop
      vertex 5.9 6.85 0
      vertex 11.5438 0.638906 0
      vertex 11.5136 0.591218 0
    endloop
  endfacet
  facet normal 0 0 -1
    outer loop
      vertex 5.9 6.85 0
      vertex 11.5136 0.591218 0
      vertex 11.4858 0.542106 0
    endloop
  endfacet
  facet normal 0 0 -1
    outer loop
      vertex 5.9 6.85 0
      vertex 11.4858 0.542106 0
      vertex 11.4604 0.491688 0
    endloop
  endfacet
  facet normal 0 0 -1
    outer loop
      vertex 5.9 6.85 0
      vertex 11.4604 0.491688 0
      vertex 11.4375 0.440085 0
    endloop
  endfacet
  facet normal 0 0 -1
    outer loop
      vertex 5.9 6.85 0
      vertex 11.4375 0.440085 0
      vertex 11.4172 0.387423 0
    endloop
  endfacet
  facet normal 0 0 -1
    outer loop
      vertex 5.9 6.85 0
      vertex 11.4172 0.387423 0
      vertex 11.3995 0.333827 0
    endloop
  endfacet
  facet normal 0 0 -1
    outer loop
      vertex 5.9 6.85 0
      vertex 11.3995 0.333827 0
      vertex 11.3845 0.279427 0
    endloop
  endfacet
  facet normal 0 0 -1
    outer loop
      vertex 11.3624 0.168739 0
      vertex 5.9 6.85 0
      vertex 11.3721 0.224354 0
    endloop
  endfacet
  facet normal 0 0 -1
    outer loop
      vertex 11.3555 0.11272 0
      vertex 5.9 6.85 0
      vertex 11.3624 0.168739 0
    endloop
  endfacet
  facet normal 0 0 -1
    outer loop
      vertex 11.3514 0.056427 0
      vertex 5.9 6.85 0
      vertex 11.3555 0.11272 0
    endloop
  endfacet
  facet normal 0 0 -1
    outer loop
      vertex 11.35 0 0
      vertex 5.9 6.85 0
      vertex 11.3514 0.056427 0
    endloop
  endfacet
  facet normal -0 0 -1
    outer loop
      vertex 12.181 8.1391 0
      vertex 5.9 6.85 0
      vertex 11.767 8.72699 0
    endloop
  endfacet
  facet normal -0 0 -1
    outer loop
      vertex 11.4858 -0.542106 0
      vertex 5.20333 -4.06876 0
      vertex 11.4604 -0.491688 0
    endloop
  endfacet
  facet normal -0 0 -1
    outer loop
      vertex 11.5136 -0.591218 0
      vertex 5.20333 -4.06876 0
      vertex 11.4858 -0.542106 0
    endloop
  endfacet
  facet normal 0 0 -1
    outer loop
      vertex 5.87159 -7.4283 0
      vertex 11.3246 -9.29386 0
      vertex 10.8549 -9.83834 0
    endloop
  endfacet
  facet normal 0 0 -1
    outer loop
      vertex 11.3721 0.224354 0
      vertex 5.9 6.85 0
      vertex 11.3845 0.279427 0
    endloop
  endfacet
  facet normal 0 0 -1
    outer loop
      vertex 5.83614 -7.71571 0
      vertex 10.8549 -9.83834 0
      vertex 10.3591 -10.3591 0
    endloop
  endfacet
  facet normal -0 0 -1
    outer loop
      vertex 11.767 8.72699 0
      vertex 5.9 6.85 0
      vertex 11.3246 9.29386 0
    endloop
  endfacet
  facet normal 0 0 -1
    outer loop
      vertex 5.78663 -8.00103 0
      vertex 10.3591 -10.3591 0
      vertex 9.83834 -10.8549 0
    endloop
  endfacet
  facet normal 0 0 -1
    outer loop
      vertex 5.89289 7.1395 0
      vertex 11.3246 9.29386 0
      vertex 5.9 6.85 0
    endloop
  endfacet
  facet normal 0 0 -1
    outer loop
      vertex 5.64595 -8.56268 0
      vertex 9.83834 -10.8549 0
      vertex 9.29386 -11.3246 0
    endloop
  endfacet
  facet normal 0 0 -1
    outer loop
      vertex 5.87159 7.4283 0
      vertex 11.3246 9.29386 0
      vertex 5.89289 7.1395 0
    endloop
  endfacet
  facet normal 0 0 -1
    outer loop
      vertex 5.55511 -8.83765 0
      vertex 9.29386 -11.3246 0
      vertex 8.72699 -11.767 0
    endloop
  endfacet
  facet normal -0 0 -1
    outer loop
      vertex 11.3246 9.29386 0
      vertex 5.87159 7.4283 0
      vertex 10.8549 9.83834 0
    endloop
  endfacet
  facet normal 0 0 -1
    outer loop
      vertex 5.33354 -9.37257 0
      vertex 8.72699 -11.767 0
      vertex 8.1391 -12.181 0
    endloop
  endfacet
  facet normal 0 0 -1
    outer loop
      vertex 5.83614 7.71571 0
      vertex 10.8549 9.83834 0
      vertex 5.87159 7.4283 0
    endloop
  endfacet
  facet normal 0 0 -1
    outer loop
      vertex 5.0606 -9.88321 0
      vertex 8.1391 -12.181 0
      vertex 7.5316 -12.5657 0
    endloop
  endfacet
  facet normal -0 0 -1
    outer loop
      vertex 10.8549 9.83834 0
      vertex 5.83614 7.71571 0
      vertex 10.3591 10.3591 0
    endloop
  endfacet
  facet normal 0 0 -1
    outer loop
      vertex 4.90567 -10.1279 0
      vertex 7.5316 -12.5657 0
      vertex 6.90596 -12.9201 0
    endloop
  endfacet
  facet normal 0 0 -1
    outer loop
      vertex 5.78663 8.00103 0
      vertex 10.3591 10.3591 0
      vertex 5.83614 7.71571 0
    endloop
  endfacet
  facet normal 0 0 -1
    outer loop
      vertex 4.56076 -10.5929 0
      vertex 6.90596 -12.9201 0
      vertex 6.26368 -13.2434 0
    endloop
  endfacet
  facet normal -0 0 -1
    outer loop
      vertex 10.3591 10.3591 0
      vertex 5.78663 8.00103 0
      vertex 9.83834 10.8549 0
    endloop
  endfacet
  facet normal 0 0 -1
    outer loop
      vertex 5.72318 8.28358 0
      vertex 9.83834 10.8549 0
      vertex 5.78663 8.00103 0
    endloop
  endfacet
  facet normal 0 0 -1
    outer loop
      vertex 11.3246 -9.29386 0
      vertex 5.89289 -7.1395 0
      vertex 5.9 -6.85 0
    endloop
  endfacet
  facet normal 0 0 -1
    outer loop
      vertex 11.3246 -9.29386 0
      vertex 5.87159 -7.4283 0
      vertex 5.89289 -7.1395 0
    endloop
  endfacet
  facet normal 0 0 -1
    outer loop
      vertex 10.8549 -9.83834 0
      vertex 5.83614 -7.71571 0
      vertex 5.87159 -7.4283 0
    endloop
  endfacet
  facet normal 0 0 -1
    outer loop
      vertex 10.3591 -10.3591 0
      vertex 5.78663 -8.00103 0
      vertex 5.83614 -7.71571 0
    endloop
  endfacet
  facet normal 0 0 -1
    outer loop
      vertex 9.83834 -10.8549 0
      vertex 5.72318 -8.28358 0
      vertex 5.78663 -8.00103 0
    endloop
  endfacet
  facet normal 0 0 -1
    outer loop
      vertex 9.83834 -10.8549 0
      vertex 5.64595 -8.56268 0
      vertex 5.72318 -8.28358 0
    endloop
  endfacet
  facet normal 0 0 -1
    outer loop
      vertex 4.17193 -11.0219 0
      vertex 6.26368 -13.2434 0
      vertex 5.60631 -13.5348 0
    endloop
  endfacet
  facet normal 0 0 -1
    outer loop
      vertex 9.29386 -11.3246 0
      vertex 5.55511 -8.83765 0
      vertex 5.64595 -8.56268 0
    endloop
  endfacet
  facet normal 0 0 -1
    outer loop
      vertex 8.72699 -11.767 0
      vertex 5.45089 -9.10783 0
      vertex 5.55511 -8.83765 0
    endloop
  endfacet
  facet normal 0 0 -1
    outer loop
      vertex 8.72699 -11.767 0
      vertex 5.33354 -9.37257 0
      vertex 5.45089 -9.10783 0
    endloop
  endfacet
  facet normal 0 0 -1
    outer loop
      vertex 8.1391 -12.181 0
      vertex 5.20333 -9.63124 0
      vertex 5.33354 -9.37257 0
    endloop
  endfacet
  facet normal 0 0 -1
    outer loop
      vertex 8.1391 -12.181 0
      vertex 5.0606 -9.88321 0
      vertex 5.20333 -9.63124 0
    endloop
  endfacet
  facet normal 0 0 -1
    outer loop
      vertex 3.9622 -11.2216 0
      vertex 5.60631 -13.5348 0
      vertex 4.93544 -13.7936 0
    endloop
  endfacet
  facet normal 0 0 -1
    outer loop
      vertex 7.5316 -12.5657 0
      vertex 4.90567 -10.1279 0
      vertex 5.0606 -9.88321 0
    endloop
  endfacet
  facet normal 0 0 -1
    outer loop
      vertex 6.90596 -12.9201 0
      vertex 4.73892 -10.3646 0
      vertex 4.90567 -10.1279 0
    endloop
  endfacet
  facet normal 0 0 -1
    outer loop
      vertex 6.90596 -12.9201 0
      vertex 4.56076 -10.5929 0
      vertex 4.73892 -10.3646 0
    endloop
  endfacet
  facet normal 0 0 -1
    outer loop
      vertex 6.26368 -13.2434 0
      vertex 4.37161 -10.8122 0
      vertex 4.56076 -10.5929 0
    endloop
  endfacet
  facet normal 0 0 -1
    outer loop
      vertex 3.51463 -11.5889 0
      vertex 4.93544 -13.7936 0
      vertex 4.25267 -14.0192 0
    endloop
  endfacet
  facet normal 0 0 -1
    outer loop
      vertex 6.26368 -13.2434 0
      vertex 4.17193 -11.0219 0
      vertex 4.37161 -10.8122 0
    endloop
  endfacet
  facet normal 0 0 -1
    outer loop
      vertex 5.60631 -13.5348 0
      vertex 3.9622 -11.2216 0
      vertex 4.17193 -11.0219 0
    endloop
  endfacet
  facet normal 0 0 -1
    outer loop
      vertex 4.93544 -13.7936 0
      vertex 3.74292 -11.4108 0
      vertex 3.9622 -11.2216 0
    endloop
  endfacet
  facet normal 0 0 -1
    outer loop
      vertex 3.03321 -11.9106 0
      vertex 4.25267 -14.0192 0
      vertex 3.55966 -14.211 0
    endloop
  endfacet
  facet normal 0 0 -1
    outer loop
      vertex 4.93544 -13.7936 0
      vertex 3.51463 -11.5889 0
      vertex 3.74292 -11.4108 0
    endloop
  endfacet
  facet normal 0 0 -1
    outer loop
      vertex 4.25267 -14.0192 0
      vertex 3.27786 -11.7557 0
      vertex 3.51463 -11.5889 0
    endloop
  endfacet
  facet normal 0 0 -1
    outer loop
      vertex 4.25267 -14.0192 0
      vertex 3.03321 -11.9106 0
      vertex 3.27786 -11.7557 0
    endloop
  endfacet
  facet normal 0 0 -1
    outer loop
      vertex 2.52257 -12.1835 0
      vertex 3.55966 -14.211 0
      vertex 2.85807 -14.3685 0
    endloop
  endfacet
  facet normal 0 0 -1
    outer loop
      vertex 3.55966 -14.211 0
      vertex 2.78124 -12.0533 0
      vertex 3.03321 -11.9106 0
    endloop
  endfacet
  facet normal 0 0 -1
    outer loop
      vertex 3.55966 -14.211 0
      vertex 2.52257 -12.1835 0
      vertex 2.78124 -12.0533 0
    endloop
  endfacet
  facet normal 0 0 -1
    outer loop
      vertex 2.85807 -14.3685 0
      vertex 2.25783 -12.3009 0
      vertex 2.52257 -12.1835 0
    endloop
  endfacet
  facet normal 0 0 -1
    outer loop
      vertex 1.98765 -12.4051 0
      vertex 2.85807 -14.3685 0
      vertex 2.1496 -14.4914 0
    endloop
  endfacet
  facet normal 0 0 -1
    outer loop
      vertex 2.85807 -14.3685 0
      vertex 1.98765 -12.4051 0
      vertex 2.25783 -12.3009 0
    endloop
  endfacet
  facet normal 0 0 -1
    outer loop
      vertex 2.1496 -14.4914 0
      vertex 1.71268 -12.4959 0
      vertex 1.98765 -12.4051 0
    endloop
  endfacet
  facet normal 0 0 -1
    outer loop
      vertex 1.43358 -12.5732 0
      vertex 2.1496 -14.4914 0
      vertex 1.43595 -14.5795 0
    endloop
  endfacet
  facet normal 0 0 -1
    outer loop
      vertex 2.1496 -14.4914 0
      vertex 1.43358 -12.5732 0
      vertex 1.71268 -12.4959 0
    endloop
  endfacet
  facet normal 0 0 -1
    outer loop
      vertex 1.43595 -14.5795 0
      vertex 1.15103 -12.6366 0
      vertex 1.43358 -12.5732 0
    endloop
  endfacet
  facet normal 0 0 -1
    outer loop
      vertex 1.43595 -14.5795 0
      vertex 0.865709 -12.6861 0
      vertex 1.15103 -12.6366 0
    endloop
  endfacet
  facet normal 0 0 -1
    outer loop
      vertex 0.718841 -14.6324 0
      vertex 0.865709 -12.6861 0
      vertex 1.43595 -14.5795 0
    endloop
  endfacet
  facet normal 0 0 -1
    outer loop
      vertex 0.718841 -14.6324 0
      vertex 0.5783 -12.7216 0
      vertex 0.865709 -12.6861 0
    endloop
  endfacet
  facet normal 0 0 -1
    outer loop
      vertex 0.718841 -14.6324 0
      vertex 0.289498 -12.7429 0
      vertex 0.5783 -12.7216 0
    endloop
  endfacet
  facet normal 0 0 -1
    outer loop
      vertex 0 -14.65 0
      vertex 0.289498 -12.7429 0
      vertex 0.718841 -14.6324 0
    endloop
  endfacet
  facet normal 0 0 -1
    outer loop
      vertex 0 -14.65 0
      vertex 0 -12.75 0
      vertex 0.289498 -12.7429 0
    endloop
  endfacet
  facet normal 0 0 -1
    outer loop
      vertex 0 -14.65 0
      vertex -0.289498 -12.7429 0
      vertex 0 -12.75 0
    endloop
  endfacet
  facet normal 0 0 -1
    outer loop
      vertex -0.718841 -14.6324 0
      vertex -0.289498 -12.7429 0
      vertex 0 -14.65 0
    endloop
  endfacet
  facet normal -0 0 -1
    outer loop
      vertex -0.289498 -12.7429 0
      vertex -0.718841 -14.6324 0
      vertex -0.5783 -12.7216 0
    endloop
  endfacet
  facet normal 0 0 -1
    outer loop
      vertex -0.718841 -14.6324 0
      vertex -0.865709 -12.6861 0
      vertex -0.5783 -12.7216 0
    endloop
  endfacet
  facet normal 0 0 -1
    outer loop
      vertex -1.43595 -14.5795 0
      vertex -0.865709 -12.6861 0
      vertex -0.718841 -14.6324 0
    endloop
  endfacet
  facet normal -0 0 -1
    outer loop
      vertex -0.865709 -12.6861 0
      vertex -1.43595 -14.5795 0
      vertex -1.15103 -12.6366 0
    endloop
  endfacet
  facet normal -0 0 -1
    outer loop
      vertex -1.15103 -12.6366 0
      vertex -1.43595 -14.5795 0
      vertex -1.43358 -12.5732 0
    endloop
  endfacet
  facet normal 0 0 -1
    outer loop
      vertex -2.1496 -14.4914 0
      vertex -1.43358 -12.5732 0
      vertex -1.43595 -14.5795 0
    endloop
  endfacet
  facet normal -0 0 -1
    outer loop
      vertex -1.43358 -12.5732 0
      vertex -2.1496 -14.4914 0
      vertex -1.71268 -12.4959 0
    endloop
  endfacet
  facet normal -0 0 -1
    outer loop
      vertex -1.71268 -12.4959 0
      vertex -2.1496 -14.4914 0
      vertex -1.98765 -12.4051 0
    endloop
  endfacet
  facet normal 0 0 -1
    outer loop
      vertex -2.85807 -14.3685 0
      vertex -1.98765 -12.4051 0
      vertex -2.1496 -14.4914 0
    endloop
  endfacet
  facet normal -0 0 -1
    outer loop
      vertex -1.98765 -12.4051 0
      vertex -2.85807 -14.3685 0
      vertex -2.25783 -12.3009 0
    endloop
  endfacet
  facet normal -0 0 -1
    outer loop
      vertex -2.25783 -12.3009 0
      vertex -2.85807 -14.3685 0
      vertex -2.52257 -12.1835 0
    endloop
  endfacet
  facet normal 0 0 -1
    outer loop
      vertex -3.55966 -14.211 0
      vertex -2.52257 -12.1835 0
      vertex -2.85807 -14.3685 0
    endloop
  endfacet
  facet normal -0 0 -1
    outer loop
      vertex -2.52257 -12.1835 0
      vertex -3.55966 -14.211 0
      vertex -2.78124 -12.0533 0
    endloop
  endfacet
  facet normal -0 0 -1
    outer loop
      vertex -2.78124 -12.0533 0
      vertex -3.55966 -14.211 0
      vertex -3.03321 -11.9106 0
    endloop
  endfacet
  facet normal 0 0 -1
    outer loop
      vertex -4.25267 -14.0192 0
      vertex -3.03321 -11.9106 0
      vertex -3.55966 -14.211 0
    endloop
  endfacet
  facet normal -0 0 -1
    outer loop
      vertex -3.03321 -11.9106 0
      vertex -4.25267 -14.0192 0
      vertex -3.27786 -11.7557 0
    endloop
  endfacet
  facet normal -0 0 -1
    outer loop
      vertex -3.27786 -11.7557 0
      vertex -4.25267 -14.0192 0
      vertex -3.51463 -11.5889 0
    endloop
  endfacet
  facet normal 0 0 -1
    outer loop
      vertex -4.93544 -13.7936 0
      vertex -3.51463 -11.5889 0
      vertex -4.25267 -14.0192 0
    endloop
  endfacet
  facet normal -0 0 -1
    outer loop
      vertex -3.51463 -11.5889 0
      vertex -4.93544 -13.7936 0
      vertex -3.74292 -11.4108 0
    endloop
  endfacet
  facet normal -0 0 -1
    outer loop
      vertex -3.74292 -11.4108 0
      vertex -4.93544 -13.7936 0
      vertex -3.9622 -11.2216 0
    endloop
  endfacet
  facet normal 0 0 -1
    outer loop
      vertex -5.60631 -13.5348 0
      vertex -3.9622 -11.2216 0
      vertex -4.93544 -13.7936 0
    endloop
  endfacet
  facet normal -0 0 -1
    outer loop
      vertex -3.9622 -11.2216 0
      vertex -5.60631 -13.5348 0
      vertex -4.17193 -11.0219 0
    endloop
  endfacet
  facet normal 0 0 -1
    outer loop
      vertex -6.26368 -13.2434 0
      vertex -4.17193 -11.0219 0
      vertex -5.60631 -13.5348 0
    endloop
  endfacet
  facet normal -0 0 -1
    outer loop
      vertex -4.17193 -11.0219 0
      vertex -6.26368 -13.2434 0
      vertex -4.37161 -10.8122 0
    endloop
  endfacet
  facet normal -0 0 -1
    outer loop
      vertex -4.37161 -10.8122 0
      vertex -6.26368 -13.2434 0
      vertex -4.56076 -10.5929 0
    endloop
  endfacet
  facet normal -0 0 -1
    outer loop
      vertex -4.56076 -10.5929 0
      vertex -6.26368 -13.2434 0
      vertex -4.73892 -10.3646 0
    endloop
  endfacet
  facet normal -0 0 -1
    outer loop
      vertex -4.73892 -10.3646 0
      vertex -6.26368 -13.2434 0
      vertex -4.90567 -10.1279 0
    endloop
  endfacet
  facet normal -0 0 -1
    outer loop
      vertex -4.90567 -10.1279 0
      vertex -6.26368 -13.2434 0
      vertex -5.0606 -9.88321 0
    endloop
  endfacet
  facet normal -0 0 -1
    outer loop
      vertex -5.0606 -9.88321 0
      vertex -6.26368 -13.2434 0
      vertex -5.20333 -9.63124 0
    endloop
  endfacet
  facet normal -0 0 -1
    outer loop
      vertex -5.20333 -9.63124 0
      vertex -6.26368 -13.2434 0
      vertex -5.33354 -9.37257 0
    endloop
  endfacet
  facet normal -0 0 -1
    outer loop
      vertex -5.33354 -9.37257 0
      vertex -6.26368 -13.2434 0
      vertex -5.45089 -9.10783 0
    endloop
  endfacet
  facet normal -0 0 -1
    outer loop
      vertex -5.45089 -9.10783 0
      vertex -6.26368 -13.2434 0
      vertex -5.55511 -8.83765 0
    endloop
  endfacet
  facet normal -0 0 -1
    outer loop
      vertex -5.55511 -8.83765 0
      vertex -6.26368 -13.2434 0
      vertex -5.64595 -8.56268 0
    endloop
  endfacet
  facet normal -0 0 -1
    outer loop
      vertex -5.64595 -8.56268 0
      vertex -6.26368 -13.2434 0
      vertex -5.72318 -8.28358 0
    endloop
  endfacet
  facet normal -0 0 -1
    outer loop
      vertex -5.72318 -8.28358 0
      vertex -6.26368 -13.2434 0
      vertex -5.78663 -8.00103 0
    endloop
  endfacet
  facet normal -0 0 -1
    outer loop
      vertex -5.78663 -8.00103 0
      vertex -6.26368 -13.2434 0
      vertex -5.83614 -7.71571 0
    endloop
  endfacet
  facet normal 0 0 -1
    outer loop
      vertex -11.3845 -0.279427 0
      vertex -5.83614 -7.71571 0
      vertex -6.26368 -13.2434 0
    endloop
  endfacet
  facet normal 0 0 -1
    outer loop
      vertex -5.89289 -7.1395 0
      vertex -11.3845 -0.279427 0
      vertex -5.9 -6.85 0
    endloop
  endfacet
  facet normal 0 0 -1
    outer loop
      vertex -5.87159 -7.4283 0
      vertex -11.3845 -0.279427 0
      vertex -5.89289 -7.1395 0
    endloop
  endfacet
  facet normal 0 0 -1
    outer loop
      vertex -5.83614 -7.71571 0
      vertex -11.3845 -0.279427 0
      vertex -5.87159 -7.4283 0
    endloop
  endfacet
  facet normal 0.646489 -0.286609 0.707041
    outer loop
      vertex 13.5348 -5.60631 1.5
      vertex 13.5146 -6.39195 1.2
      vertex 13.812 -5.72112 1.2
    endloop
  endfacet
  facet normal 0.914189 -0.405289 0
    outer loop
      vertex 13.5146 -6.39195 1.2
      vertex 13.812 -5.72112 0.299999
      vertex 13.812 -5.72112 1.2
    endloop
  endfacet
  facet normal 0.914189 -0.405289 0
    outer loop
      vertex 13.812 -5.72112 0.299999
      vertex 13.5146 -6.39195 1.2
      vertex 13.5146 -6.39195 0.299999
    endloop
  endfacet
  facet normal 0.487687 -0.512238 0.706947
    outer loop
      vertex 10.3591 -10.3591 1.5
      vertex 9.83834 -10.8549 1.5
      vertex 10.5712 -10.5712 1.2
    endloop
  endfacet
  facet normal 0.59744 -0.37833 0.707059
    outer loop
      vertex 12.5657 -7.5316 1.5
      vertex 12.181 -8.1391 1.5
      vertex 12.4305 -8.30577 1.2
    endloop
  endfacet
  facet normal -0.707045 0.0173493 -0.706956
    outer loop
      vertex -14.6324 0.718841 0
      vertex -14.95 0 0.299999
      vertex -14.932 0.733562 0.299999
    endloop
  endfacet
  facet normal -0.0520319 0.705341 -0.706956
    outer loop
      vertex -0.718841 14.6324 0
      vertex -1.43595 14.5795 0
      vertex -0.733562 14.932 0.299999
    endloop
  endfacet
  facet normal -0.659785 0.25452 -0.707039
    outer loop
      vertex -13.7936 4.93544 0
      vertex -14.0761 5.0365 0.299999
      vertex -13.812 5.72112 0.299999
    endloop
  endfacet
  facet normal 0.512237 0.487686 -0.706948
    outer loop
      vertex 10.8549 9.83834 0
      vertex 10.3591 10.3591 0
      vertex 10.5712 10.5712 0.299999
    endloop
  endfacet
  facet normal -0.690056 0.154888 -0.706989
    outer loop
      vertex -14.211 3.55966 0
      vertex -14.6627 2.9166 0.299999
      vertex -14.502 3.63255 0.299999
    endloop
  endfacet
  facet normal 0.615342 0.348603 0.706987
    outer loop
      vertex 12.823 7.68584 1.2
      vertex 12.5657 7.5316 1.5
      vertex 13.1847 7.04738 1.2
    endloop
  endfacet
  facet normal 0.435108 0.557478 0.707035
    outer loop
      vertex 8.9057 12.008 1.2
      vertex 8.72699 11.767 1.5
      vertex 9.48418 11.5565 1.2
    endloop
  endfacet
  facet normal -0.461944 -0.535489 0.707008
    outer loop
      vertex -9.83834 -10.8549 1.5
      vertex -10.0398 -11.0772 1.2
      vertex -9.29386 -11.3246 1.5
    endloop
  endfacet
  facet normal 0.122381 0.992483 -0
    outer loop
      vertex 2.19362 14.7882 0.299999
      vertex 1.46536 14.878 1.2
      vertex 2.19362 14.7882 1.2
    endloop
  endfacet
  facet normal 0.122381 0.992483 0
    outer loop
      vertex 1.46536 14.878 1.2
      vertex 2.19362 14.7882 0.299999
      vertex 1.46536 14.878 0.299999
    endloop
  endfacet
  facet normal 0.317971 0.631694 0.707005
    outer loop
      vertex 6.39195 13.5146 1.2
      vertex 6.26368 13.2434 1.5
      vertex 6.90596 12.9201 1.5
    endloop
  endfacet
  facet normal -0.461944 -0.5355 0.706999
    outer loop
      vertex -9.29386 -11.3246 1.5
      vertex -10.0398 -11.0772 1.2
      vertex -9.48418 -11.5565 1.2
    endloop
  endfacet
  facet normal 0.70195 -0.0866556 0.706935
    outer loop
      vertex 14.5795 -1.43595 1.5
      vertex 14.4914 -2.1496 1.5
      vertex 14.878 -1.46536 1.2
    endloop
  endfacet
  facet normal -0.0173101 0.707001 0.707001
    outer loop
      vertex 0 14.95 1.2
      vertex -0.718841 14.6324 1.5
      vertex 0 14.65 1.5
    endloop
  endfacet
  facet normal 0.122381 -0.992483 0
    outer loop
      vertex 1.46536 -14.878 0.299999
      vertex 2.19362 -14.7882 1.2
      vertex 1.46536 -14.878 1.2
    endloop
  endfacet
  facet normal 0.122381 -0.992483 0
    outer loop
      vertex 2.19362 -14.7882 1.2
      vertex 1.46536 -14.878 0.299999
      vertex 2.19362 -14.7882 0.299999
    endloop
  endfacet
  facet normal 0.999699 0.0245304 0
    outer loop
      vertex 14.95 0 1.2
      vertex 14.932 0.733562 0.299999
      vertex 14.932 0.733562 1.2
    endloop
  endfacet
  facet normal 0.999699 0.0245304 0
    outer loop
      vertex 14.932 0.733562 0.299999
      vertex 14.95 0 1.2
      vertex 14.95 0 0.299999
    endloop
  endfacet
  facet normal 0.0173101 0.707 -0.707002
    outer loop
      vertex 0.718841 14.6324 0
      vertex 0 14.65 0
      vertex 0 14.95 0.299999
    endloop
  endfacet
  facet normal 0.461944 0.535489 0.707008
    outer loop
      vertex 10.0398 11.0772 1.2
      vertex 9.29386 11.3246 1.5
      vertex 9.83834 10.8549 1.5
    endloop
  endfacet
  facet normal 0.171029 -0.985266 0
    outer loop
      vertex 2.19362 -14.7882 0.299999
      vertex 2.9166 -14.6627 1.2
      vertex 2.19362 -14.7882 1.2
    endloop
  endfacet
  facet normal 0.171029 -0.985266 0
    outer loop
      vertex 2.9166 -14.6627 1.2
      vertex 2.19362 -14.7882 0.299999
      vertex 2.9166 -14.6627 0.299999
    endloop
  endfacet
  facet normal 0.188607 -0.681577 0.707022
    outer loop
      vertex 4.25267 -14.0192 1.5
      vertex 3.63255 -14.502 1.2
      vertex 4.33976 -14.3063 1.2
    endloop
  endfacet
  facet normal 0.37833 -0.59744 0.707059
    outer loop
      vertex 8.1391 -12.181 1.5
      vertex 7.5316 -12.5657 1.5
      vertex 8.30577 -12.4305 1.2
    endloop
  endfacet
  facet normal -0.317971 -0.631694 0.707005
    outer loop
      vertex -6.26368 -13.2434 1.5
      vertex -6.90596 -12.9201 1.5
      vertex -6.39195 -13.5146 1.2
    endloop
  endfacet
  facet normal 0.219008 0.975723 -0
    outer loop
      vertex 3.63255 14.502 0.299999
      vertex 2.9166 14.6627 1.2
      vertex 3.63255 14.502 1.2
    endloop
  endfacet
  facet normal 0.219008 0.975723 0
    outer loop
      vertex 2.9166 14.6627 1.2
      vertex 3.63255 14.502 0.299999
      vertex 2.9166 14.6627 0.299999
    endloop
  endfacet
  facet normal -0.0245304 0.999699 0
    outer loop
      vertex 0 14.95 0.299999
      vertex -0.733562 14.932 1.2
      vertex 0 14.95 1.2
    endloop
  endfacet
  facet normal -0.0245304 0.999699 0
    outer loop
      vertex -0.733562 14.932 1.2
      vertex 0 14.95 0.299999
      vertex -0.733562 14.932 0.299999
    endloop
  endfacet
  facet normal 0.0520319 0.705341 -0.706956
    outer loop
      vertex 1.43595 14.5795 0
      vertex 0.718841 14.6324 0
      vertex 0.733562 14.932 0.299999
    endloop
  endfacet
  facet normal 0.0520491 0.70536 0.706936
    outer loop
      vertex 1.46536 14.878 1.2
      vertex 0.733562 14.932 1.2
      vertex 1.43595 14.5795 1.5
    endloop
  endfacet
  facet normal 0.266698 0.96378 -0
    outer loop
      vertex 4.33976 14.3063 0.299999
      vertex 3.63255 14.502 1.2
      vertex 4.33976 14.3063 1.2
    endloop
  endfacet
  facet normal 0.266698 0.96378 0
    outer loop
      vertex 3.63255 14.502 1.2
      vertex 4.33976 14.3063 0.299999
      vertex 3.63255 14.502 0.299999
    endloop
  endfacet
  facet normal 0.659786 -0.25452 0.707038
    outer loop
      vertex 14.0761 -5.0365 1.2
      vertex 13.7936 -4.93544 1.5
      vertex 13.812 -5.72112 1.2
    endloop
  endfacet
  facet normal 0.615324 0.348556 0.707025
    outer loop
      vertex 13.1847 7.04738 1.2
      vertex 12.5657 7.5316 1.5
      vertex 12.9201 6.90596 1.5
    endloop
  endfacet
  facet normal 0.35991 0.932987 -0
    outer loop
      vertex 5.72112 13.812 0.299999
      vertex 5.0365 14.0761 1.2
      vertex 5.72112 13.812 1.2
    endloop
  endfacet
  facet normal 0.35991 0.932987 0
    outer loop
      vertex 5.0365 14.0761 1.2
      vertex 5.72112 13.812 0.299999
      vertex 5.0365 14.0761 0.299999
    endloop
  endfacet
  facet normal 0.461944 -0.535489 0.707008
    outer loop
      vertex 9.83834 -10.8549 1.5
      vertex 9.29386 -11.3246 1.5
      vertex 10.0398 -11.0772 1.2
    endloop
  endfacet
  facet normal -0.317971 -0.631693 -0.707007
    outer loop
      vertex -6.39195 -13.5146 0.299999
      vertex -6.90596 -12.9201 0
      vertex -6.26368 -13.2434 0
    endloop
  endfacet
  facet normal 0.707045 -0.0173493 -0.706956
    outer loop
      vertex 14.932 -0.733562 0.299999
      vertex 14.6324 -0.718841 0
      vertex 14.95 0 0.299999
    endloop
  endfacet
  facet normal 0.893233 0.449594 0
    outer loop
      vertex 13.5146 6.39195 1.2
      vertex 13.1847 7.04738 0.299999
      vertex 13.1847 7.04738 1.2
    endloop
  endfacet
  facet normal 0.893233 0.449594 0
    outer loop
      vertex 13.1847 7.04738 0.299999
      vertex 13.5146 6.39195 1.2
      vertex 13.5146 6.39195 0.299999
    endloop
  endfacet
  facet normal 0.659786 0.25452 0.707038
    outer loop
      vertex 13.812 5.72112 1.2
      vertex 13.7936 4.93544 1.5
      vertex 14.0761 5.0365 1.2
    endloop
  endfacet
  facet normal 0.671469 0.221866 0.707039
    outer loop
      vertex 14.0761 5.0365 1.2
      vertex 13.7936 4.93544 1.5
      vertex 14.0192 4.25267 1.5
    endloop
  endfacet
  facet normal 0.659785 0.25452 -0.707039
    outer loop
      vertex 14.0761 5.0365 0.299999
      vertex 13.7936 4.93544 0
      vertex 13.812 5.72112 0.299999
    endloop
  endfacet
  facet normal 0.696846 0.120884 -0.70696
    outer loop
      vertex 14.4914 2.1496 0
      vertex 14.3685 2.85807 0
      vertex 14.6627 2.9166 0.299999
    endloop
  endfacet
  facet normal -0.348603 -0.615342 0.706987
    outer loop
      vertex -7.5316 -12.5657 1.5
      vertex -7.68584 -12.823 1.2
      vertex -7.04738 -13.1847 1.2
    endloop
  endfacet
  facet normal 0.615274 0.788314 -0
    outer loop
      vertex 9.48418 11.5565 0.299999
      vertex 8.9057 12.008 1.2
      vertex 9.48418 11.5565 1.2
    endloop
  endfacet
  facet normal 0.615274 0.788314 0
    outer loop
      vertex 8.9057 12.008 1.2
      vertex 9.48418 11.5565 0.299999
      vertex 8.9057 12.008 0.299999
    endloop
  endfacet
  facet normal -0.286596 -0.646534 0.707005
    outer loop
      vertex -6.26368 -13.2434 1.5
      vertex -6.39195 -13.5146 1.2
      vertex -5.60631 -13.5348 1.5
    endloop
  endfacet
  facet normal 0.992483 0.122381 0
    outer loop
      vertex 14.878 1.46536 1.2
      vertex 14.7882 2.19362 0.299999
      vertex 14.7882 2.19362 1.2
    endloop
  endfacet
  facet normal 0.992483 0.122381 0
    outer loop
      vertex 14.7882 2.19362 0.299999
      vertex 14.878 1.46536 1.2
      vertex 14.878 1.46536 0.299999
    endloop
  endfacet
  facet normal -0.690077 0.154915 -0.706962
    outer loop
      vertex -14.3685 2.85807 0
      vertex -14.6627 2.9166 0.299999
      vertex -14.211 3.55966 0
    endloop
  endfacet
  facet normal 0.696739 0.120945 -0.707056
    outer loop
      vertex 14.7882 2.19362 0.299999
      vertex 14.4914 2.1496 0
      vertex 14.6627 2.9166 0.299999
    endloop
  endfacet
  facet normal 0.557478 -0.435108 0.707035
    outer loop
      vertex 11.767 -8.72699 1.5
      vertex 11.5565 -9.48418 1.2
      vertex 12.008 -8.9057 1.2
    endloop
  endfacet
  facet normal 0.578185 -0.407186 0.707037
    outer loop
      vertex 12.4305 -8.30577 1.2
      vertex 11.767 -8.72699 1.5
      vertex 12.008 -8.9057 1.2
    endloop
  endfacet
  facet normal 0.535489 -0.461944 0.707008
    outer loop
      vertex 11.3246 -9.29386 1.5
      vertex 10.8549 -9.83834 1.5
      vertex 11.0772 -10.0398 1.2
    endloop
  endfacet
  facet normal 0.512162 -0.487681 0.707006
    outer loop
      vertex 10.8549 -9.83834 1.5
      vertex 10.5712 -10.5712 1.2
      vertex 11.0772 -10.0398 1.2
    endloop
  endfacet
  facet normal -0.052032 0.705342 0.706955
    outer loop
      vertex -0.733562 14.932 1.2
      vertex -1.43595 14.5795 1.5
      vertex -0.718841 14.6324 1.5
    endloop
  endfacet
  facet normal 0.221866 -0.671469 0.707039
    outer loop
      vertex 4.93544 -13.7936 1.5
      vertex 4.25267 -14.0192 1.5
      vertex 5.0365 -14.0761 1.2
    endloop
  endfacet
  facet normal 0.534933 -0.844894 0
    outer loop
      vertex 7.68584 -12.823 0.299999
      vertex 8.30577 -12.4305 1.2
      vertex 7.68584 -12.823 1.2
    endloop
  endfacet
  facet normal 0.534933 -0.844894 0
    outer loop
      vertex 8.30577 -12.4305 1.2
      vertex 7.68584 -12.823 0.299999
      vertex 8.30577 -12.4305 0.299999
    endloop
  endfacet
  facet normal 0.407161 0.578179 0.707057
    outer loop
      vertex 8.30577 12.4305 1.2
      vertex 8.1391 12.181 1.5
      vertex 8.72699 11.767 1.5
    endloop
  endfacet
  facet normal -0.405289 -0.914189 0
    outer loop
      vertex -6.39195 -13.5146 0.299999
      vertex -5.72112 -13.812 1.2
      vertex -6.39195 -13.5146 1.2
    endloop
  endfacet
  facet normal -0.405289 -0.914189 -0
    outer loop
      vertex -5.72112 -13.812 1.2
      vertex -6.39195 -13.5146 0.299999
      vertex -5.72112 -13.812 0.299999
    endloop
  endfacet
  facet normal -0.188642 -0.681601 -0.706989
    outer loop
      vertex -3.63255 -14.502 0.299999
      vertex -4.25267 -14.0192 0
      vertex -3.55966 -14.211 0
    endloop
  endfacet
  facet normal -0.154888 -0.690056 -0.706989
    outer loop
      vertex -2.9166 -14.6627 0.299999
      vertex -3.63255 -14.502 0.299999
      vertex -3.55966 -14.211 0
    endloop
  endfacet
  facet normal -0.266698 -0.96378 0
    outer loop
      vertex -4.33976 -14.3063 0.299999
      vertex -3.63255 -14.502 1.2
      vertex -4.33976 -14.3063 1.2
    endloop
  endfacet
  facet normal -0.266698 -0.96378 -0
    outer loop
      vertex -3.63255 -14.502 1.2
      vertex -4.33976 -14.3063 0.299999
      vertex -3.63255 -14.502 0.299999
    endloop
  endfacet
  facet normal -0.696739 0.120945 -0.707056
    outer loop
      vertex -14.4914 2.1496 0
      vertex -14.7882 2.19362 0.299999
      vertex -14.6627 2.9166 0.299999
    endloop
  endfacet
  facet normal -0.932987 0.35991 0
    outer loop
      vertex -14.0761 5.0365 0.299999
      vertex -13.812 5.72112 1.2
      vertex -13.812 5.72112 0.299999
    endloop
  endfacet
  facet normal -0.932987 0.35991 0
    outer loop
      vertex -13.812 5.72112 1.2
      vertex -14.0761 5.0365 0.299999
      vertex -14.0761 5.0365 1.2
    endloop
  endfacet
  facet normal -0.985266 0.171029 0
    outer loop
      vertex -14.7882 2.19362 0.299999
      vertex -14.6627 2.9166 1.2
      vertex -14.6627 2.9166 0.299999
    endloop
  endfacet
  facet normal -0.985266 0.171029 0
    outer loop
      vertex -14.6627 2.9166 1.2
      vertex -14.7882 2.19362 0.299999
      vertex -14.7882 2.19362 1.2
    endloop
  endfacet
  facet normal -0.997289 0.0735908 0
    outer loop
      vertex -14.932 0.733562 0.299999
      vertex -14.878 1.46536 1.2
      vertex -14.878 1.46536 0.299999
    endloop
  endfacet
  facet normal -0.997289 0.0735908 0
    outer loop
      vertex -14.878 1.46536 1.2
      vertex -14.932 0.733562 0.299999
      vertex -14.932 0.733562 1.2
    endloop
  endfacet
  facet normal -0.615274 -0.788314 0
    outer loop
      vertex -9.48418 -11.5565 0.299999
      vertex -8.9057 -12.008 1.2
      vertex -9.48418 -11.5565 1.2
    endloop
  endfacet
  facet normal -0.615274 -0.788314 -0
    outer loop
      vertex -8.9057 -12.008 1.2
      vertex -9.48418 -11.5565 0.299999
      vertex -8.9057 -12.008 0.299999
    endloop
  endfacet
  facet normal -0.575791 -0.817597 0
    outer loop
      vertex -8.9057 -12.008 0.299999
      vertex -8.30577 -12.4305 1.2
      vertex -8.9057 -12.008 1.2
    endloop
  endfacet
  facet normal -0.575791 -0.817597 -0
    outer loop
      vertex -8.30577 -12.4305 1.2
      vertex -8.9057 -12.008 0.299999
      vertex -8.30577 -12.4305 0.299999
    endloop
  endfacet
  facet normal -0.487681 -0.512162 0.707006
    outer loop
      vertex -9.83834 -10.8549 1.5
      vertex -10.5712 -10.5712 1.2
      vertex -10.0398 -11.0772 1.2
    endloop
  endfacet
  facet normal -0.689587 -0.724203 0
    outer loop
      vertex -10.5712 -10.5712 0.299999
      vertex -10.0398 -11.0772 1.2
      vertex -10.5712 -10.5712 1.2
    endloop
  endfacet
  facet normal -0.689587 -0.724203 -0
    outer loop
      vertex -10.0398 -11.0772 1.2
      vertex -10.5712 -10.5712 0.299999
      vertex -10.0398 -11.0772 0.299999
    endloop
  endfacet
  facet normal -0.534933 -0.844894 0
    outer loop
      vertex -8.30577 -12.4305 0.299999
      vertex -7.68584 -12.823 1.2
      vertex -8.30577 -12.4305 1.2
    endloop
  endfacet
  facet normal -0.534933 -0.844894 -0
    outer loop
      vertex -7.68584 -12.823 1.2
      vertex -8.30577 -12.4305 0.299999
      vertex -7.68584 -12.823 0.299999
    endloop
  endfacet
  facet normal 0.219008 -0.975723 0
    outer loop
      vertex 2.9166 -14.6627 0.299999
      vertex 3.63255 -14.502 1.2
      vertex 2.9166 -14.6627 1.2
    endloop
  endfacet
  facet normal 0.219008 -0.975723 0
    outer loop
      vertex 3.63255 -14.502 1.2
      vertex 2.9166 -14.6627 0.299999
      vertex 3.63255 -14.502 0.299999
    endloop
  endfacet
  facet normal -0.052049 0.705359 -0.706937
    outer loop
      vertex -1.43595 14.5795 0
      vertex -1.46536 14.878 0.299999
      vertex -0.733562 14.932 0.299999
    endloop
  endfacet
  facet normal -0.0735908 0.997289 0
    outer loop
      vertex -0.733562 14.932 0.299999
      vertex -1.46536 14.878 1.2
      vertex -0.733562 14.932 1.2
    endloop
  endfacet
  facet normal -0.0735908 0.997289 0
    outer loop
      vertex -1.46536 14.878 1.2
      vertex -0.733562 14.932 0.299999
      vertex -1.46536 14.878 0.299999
    endloop
  endfacet
  facet normal 0.0245304 0.999699 -0
    outer loop
      vertex 0.733562 14.932 0.299999
      vertex 0 14.95 1.2
      vertex 0.733562 14.932 1.2
    endloop
  endfacet
  facet normal 0.0245304 0.999699 0
    outer loop
      vertex 0 14.95 1.2
      vertex 0.733562 14.932 0.299999
      vertex 0 14.95 0.299999
    endloop
  endfacet
  facet normal 0.154888 -0.690057 0.706988
    outer loop
      vertex 3.55966 -14.211 1.5
      vertex 2.9166 -14.6627 1.2
      vertex 3.63255 -14.502 1.2
    endloop
  endfacet
  facet normal 0.188643 -0.681602 0.706988
    outer loop
      vertex 4.25267 -14.0192 1.5
      vertex 3.55966 -14.211 1.5
      vertex 3.63255 -14.502 1.2
    endloop
  endfacet
  facet normal -0.701949 0.0866555 -0.706936
    outer loop
      vertex -14.5795 1.43595 0
      vertex -14.878 1.46536 0.299999
      vertex -14.4914 2.1496 0
    endloop
  endfacet
  facet normal 0.59744 0.37833 0.707059
    outer loop
      vertex 12.4305 8.30577 1.2
      vertex 12.181 8.1391 1.5
      vertex 12.5657 7.5316 1.5
    endloop
  endfacet
  facet normal -0.696846 0.120884 -0.70696
    outer loop
      vertex -14.4914 2.1496 0
      vertex -14.6627 2.9166 0.299999
      vertex -14.3685 2.85807 0
    endloop
  endfacet
  facet normal -0 0 1
    outer loop
      vertex -10.6985 -0.852545 1.5
      vertex -5.60825 -3.48854 1.5
      vertex -10.6983 -0.852131 1.5
    endloop
  endfacet
  facet normal -0 0 1
    outer loop
      vertex -10.7423 -0.939509 1.5
      vertex -5.60825 -3.48854 1.5
      vertex -10.6985 -0.852545 1.5
    endloop
  endfacet
  facet normal 0 0 1
    outer loop
      vertex -5.60825 -3.48854 1.5
      vertex -10.7423 -0.939509 1.5
      vertex -5.76391 -3.76332 1.5
    endloop
  endfacet
  facet normal 0 0 1
    outer loop
      vertex -5.76391 -3.76332 1.5
      vertex -10.7423 -0.939509 1.5
      vertex -5.76644 -3.76777 1.5
    endloop
  endfacet
  facet normal -0 0 1
    outer loop
      vertex -10.7903 -1.02422 1.5
      vertex -5.76644 -3.76777 1.5
      vertex -10.7423 -0.939509 1.5
    endloop
  endfacet
  facet normal -0 0 1
    outer loop
      vertex -10.7905 -1.02462 1.5
      vertex -5.76644 -3.76777 1.5
      vertex -10.7903 -1.02422 1.5
    endloop
  endfacet
  facet normal 0 0 1
    outer loop
      vertex -5.76644 -3.76777 1.5
      vertex -10.7905 -1.02462 1.5
      vertex -5.90842 -4.04986 1.5
    endloop
  endfacet
  facet normal -0 0 1
    outer loop
      vertex -10.8426 -1.10688 1.5
      vertex -5.90842 -4.04986 1.5
      vertex -10.7905 -1.02462 1.5
    endloop
  endfacet
  facet normal -0 0 1
    outer loop
      vertex -10.8429 -1.10727 1.5
      vertex -5.90842 -4.04986 1.5
      vertex -10.8426 -1.10688 1.5
    endloop
  endfacet
  facet normal 0 0 1
    outer loop
      vertex -5.90842 -4.04986 1.5
      vertex -10.8429 -1.10727 1.5
      vertex -5.91073 -4.05443 1.5
    endloop
  endfacet
  facet normal -0 0 1
    outer loop
      vertex -10.8431 -1.10765 1.5
      vertex -5.91073 -4.05443 1.5
      vertex -10.8429 -1.10727 1.5
    endloop
  endfacet
  facet normal -0 0 1
    outer loop
      vertex -10.8992 -1.18725 1.5
      vertex -5.91073 -4.05443 1.5
      vertex -10.8431 -1.10765 1.5
    endloop
  endfacet
  facet normal -0 0 1
    outer loop
      vertex -10.8995 -1.18761 1.5
      vertex -5.91073 -4.05443 1.5
      vertex -10.8992 -1.18725 1.5
    endloop
  endfacet
  facet normal 0 0 1
    outer loop
      vertex -5.91073 -4.05443 1.5
      vertex -10.8995 -1.18761 1.5
      vertex -6.0387 -4.34314 1.5
    endloop
  endfacet
  facet normal -0 0 1
    outer loop
      vertex -10.9594 -1.26437 1.5
      vertex -6.0387 -4.34314 1.5
      vertex -10.8995 -1.18761 1.5
    endloop
  endfacet
  facet normal 0 0 1
    outer loop
      vertex -6.0387 -4.34314 1.5
      vertex -10.9594 -1.26437 1.5
      vertex -6.04078 -4.34783 1.5
    endloop
  endfacet
  facet normal -0 0 1
    outer loop
      vertex -11.023 -1.33809 1.5
      vertex -6.04078 -4.34783 1.5
      vertex -10.9594 -1.26437 1.5
    endloop
  endfacet
  facet normal 0 0 1
    outer loop
      vertex -6.04078 -4.34783 1.5
      vertex -11.023 -1.33809 1.5
      vertex -6.04263 -4.35261 1.5
    endloop
  endfacet
  facet normal -0 0 1
    outer loop
      vertex -11.0233 -1.33844 1.5
      vertex -6.04263 -4.35261 1.5
      vertex -11.023 -1.33809 1.5
    endloop
  endfacet
  facet normal -0 0 1
    outer loop
      vertex -11.0236 -1.33877 1.5
      vertex -6.04263 -4.35261 1.5
      vertex -11.0233 -1.33844 1.5
    endloop
  endfacet
  facet normal 0 0 1
    outer loop
      vertex -6.04263 -4.35261 1.5
      vertex -11.0236 -1.33877 1.5
      vertex -6.15628 -4.64725 1.5
    endloop
  endfacet
  facet normal -0 0 1
    outer loop
      vertex -11.0907 -1.40929 1.5
      vertex -6.15628 -4.64725 1.5
      vertex -11.0236 -1.33877 1.5
    endloop
  endfacet
  facet normal -0 0 1
    outer loop
      vertex -11.1612 -1.47642 1.5
      vertex -6.15628 -4.64725 1.5
      vertex -11.0907 -1.40929 1.5
    endloop
  endfacet
  facet normal -0 0 1
    outer loop
      vertex -11.1616 -1.47674 1.5
      vertex -6.15628 -4.64725 1.5
      vertex -11.1612 -1.47642 1.5
    endloop
  endfacet
  facet normal 0 0 1
    outer loop
      vertex -6.15628 -4.64725 1.5
      vertex -11.1616 -1.47674 1.5
      vertex -6.25534 -4.94711 1.5
    endloop
  endfacet
  facet normal -0 0 1
    outer loop
      vertex -11.1619 -1.47704 1.5
      vertex -6.25534 -4.94711 1.5
      vertex -11.1616 -1.47674 1.5
    endloop
  endfacet
  facet normal -0 0 1
    outer loop
      vertex -11.2356 -1.54063 1.5
      vertex -6.25534 -4.94711 1.5
      vertex -11.1619 -1.47704 1.5
    endloop
  endfacet
  facet normal 0 0 1
    outer loop
      vertex -6.25534 -4.94711 1.5
      vertex -11.2356 -1.54063 1.5
      vertex -6.25695 -4.95198 1.5
    endloop
  endfacet
  facet normal 0 0 1
    outer loop
      vertex -6.46835 -5.89569 1.5
      vertex -10.8549 -9.83834 1.5
      vertex -10.3591 -10.3591 1.5
    endloop
  endfacet
  facet normal -0 0 1
    outer loop
      vertex -11.3124 -1.60053 1.5
      vertex -6.25695 -4.95198 1.5
      vertex -11.2356 -1.54063 1.5
    endloop
  endfacet
  facet normal -0 0 1
    outer loop
      vertex -11.3128 -1.60082 1.5
      vertex -6.25695 -4.95198 1.5
      vertex -11.3124 -1.60053 1.5
    endloop
  endfacet
  facet normal 0 0 1
    outer loop
      vertex -6.25695 -4.95198 1.5
      vertex -11.3128 -1.60082 1.5
      vertex -6.34118 -5.25634 1.5
    endloop
  endfacet
  facet normal -0 0 1
    outer loop
      vertex -11.3924 -1.65688 1.5
      vertex -6.34118 -5.25634 1.5
      vertex -11.3128 -1.60082 1.5
    endloop
  endfacet
  facet normal -0 0 1
    outer loop
      vertex -11.3927 -1.65715 1.5
      vertex -6.34118 -5.25634 1.5
      vertex -11.3924 -1.65688 1.5
    endloop
  endfacet
  facet normal 0 0 1
    outer loop
      vertex -6.34118 -5.25634 1.5
      vertex -11.3927 -1.65715 1.5
      vertex -6.34255 -5.26128 1.5
    endloop
  endfacet
  facet normal -0 0 1
    outer loop
      vertex -11.3931 -1.65739 1.5
      vertex -6.34255 -5.26128 1.5
      vertex -11.3927 -1.65715 1.5
    endloop
  endfacet
  facet normal 0 0 1
    outer loop
      vertex -6.34255 -5.26128 1.5
      vertex -11.3931 -1.65739 1.5
      vertex -6.34367 -5.26628 1.5
    endloop
  endfacet
  facet normal -0 0 1
    outer loop
      vertex -11.4754 -1.70948 1.5
      vertex -6.34367 -5.26628 1.5
      vertex -11.3931 -1.65739 1.5
    endloop
  endfacet
  facet normal 0 0 1
    outer loop
      vertex -6.34367 -5.26628 1.5
      vertex -11.4754 -1.70948 1.5
      vertex -6.41286 -5.5744 1.5
    endloop
  endfacet
  facet normal 0 0 1
    outer loop
      vertex -6.46835 -5.89569 1.5
      vertex -11.3246 -9.29386 1.5
      vertex -10.8549 -9.83834 1.5
    endloop
  endfacet
  facet normal -0 0 1
    outer loop
      vertex -11.4758 -1.70971 1.5
      vertex -6.41286 -5.5744 1.5
      vertex -11.4754 -1.70948 1.5
    endloop
  endfacet
  facet normal -0 0 1
    outer loop
      vertex -11.5605 -1.7577 1.5
      vertex -6.41286 -5.5744 1.5
      vertex -11.4758 -1.70971 1.5
    endloop
  endfacet
  facet normal 0 0 1
    outer loop
      vertex -13.2434 -6.26368 1.5
      vertex -6.41286 -5.5744 1.5
      vertex -11.5605 -1.7577 1.5
    endloop
  endfacet
  facet normal 0 -0 1
    outer loop
      vertex -12.9201 -6.90596 1.5
      vertex -6.41286 -5.5744 1.5
      vertex -13.2434 -6.26368 1.5
    endloop
  endfacet
  facet normal 0 0 1
    outer loop
      vertex -6.41286 -5.5744 1.5
      vertex -12.9201 -6.90596 1.5
      vertex -6.46685 -5.88555 1.5
    endloop
  endfacet
  facet normal 0 0 1
    outer loop
      vertex -6.46685 -5.88555 1.5
      vertex -12.9201 -6.90596 1.5
      vertex -6.46773 -5.8906 1.5
    endloop
  endfacet
  facet normal 0 0 1
    outer loop
      vertex -13.2434 -6.26368 1.5
      vertex -11.5605 -1.7577 1.5
      vertex -11.6475 -1.80147 1.5
    endloop
  endfacet
  facet normal 0 0 1
    outer loop
      vertex -13.2434 -6.26368 1.5
      vertex -11.6475 -1.80147 1.5
      vertex -11.6479 -1.80168 1.5
    endloop
  endfacet
  facet normal 0 0 1
    outer loop
      vertex -13.2434 -6.26368 1.5
      vertex -11.6479 -1.80168 1.5
      vertex -11.6483 -1.80187 1.5
    endloop
  endfacet
  facet normal 0 0 1
    outer loop
      vertex -13.2434 -6.26368 1.5
      vertex -11.6483 -1.80187 1.5
      vertex -11.7373 -1.84132 1.5
    endloop
  endfacet
  facet normal 0 0 1
    outer loop
      vertex -6.46835 -5.89569 1.5
      vertex -11.767 -8.72699 1.5
      vertex -11.3246 -9.29386 1.5
    endloop
  endfacet
  facet normal 0 0 1
    outer loop
      vertex -13.5348 -5.60631 1.5
      vertex -11.7373 -1.84132 1.5
      vertex -11.8281 -1.87636 1.5
    endloop
  endfacet
  facet normal 0 0 1
    outer loop
      vertex -13.5348 -5.60631 1.5
      vertex -11.8281 -1.87636 1.5
      vertex -11.8286 -1.87653 1.5
    endloop
  endfacet
  facet normal 0 0 1
    outer loop
      vertex -13.5348 -5.60631 1.5
      vertex -11.8286 -1.87653 1.5
      vertex -11.829 -1.87667 1.5
    endloop
  endfacet
  facet normal 0 0 1
    outer loop
      vertex -13.5348 -5.60631 1.5
      vertex -11.829 -1.87667 1.5
      vertex -11.9215 -1.90721 1.5
    endloop
  endfacet
  facet normal 0 0 1
    outer loop
      vertex -13.5348 -5.60631 1.5
      vertex -11.9215 -1.90721 1.5
      vertex -11.9219 -1.90734 1.5
    endloop
  endfacet
  facet normal 0 0 1
    outer loop
      vertex -13.5348 -5.60631 1.5
      vertex -11.9219 -1.90734 1.5
      vertex -12.0157 -1.9333 1.5
    endloop
  endfacet
  facet normal 0 0 1
    outer loop
      vertex -13.7936 -4.93544 1.5
      vertex -12.0157 -1.9333 1.5
      vertex -12.0162 -1.9334 1.5
    endloop
  endfacet
  facet normal 0 0 1
    outer loop
      vertex -13.7936 -4.93544 1.5
      vertex -12.0162 -1.9334 1.5
      vertex -12.1112 -1.95474 1.5
    endloop
  endfacet
  facet normal 0 0 1
    outer loop
      vertex -6.46835 -5.89569 1.5
      vertex -12.181 -8.1391 1.5
      vertex -11.767 -8.72699 1.5
    endloop
  endfacet
  facet normal 0 0 1
    outer loop
      vertex -13.7936 -4.93544 1.5
      vertex -12.1112 -1.95474 1.5
      vertex -12.2071 -1.97138 1.5
    endloop
  endfacet
  facet normal 0 0 1
    outer loop
      vertex -13.7936 -4.93544 1.5
      vertex -12.2071 -1.97138 1.5
      vertex -12.2076 -1.97146 1.5
    endloop
  endfacet
  facet normal 0 0 1
    outer loop
      vertex -13.7936 -4.93544 1.5
      vertex -12.2076 -1.97146 1.5
      vertex -12.208 -1.97152 1.5
    endloop
  endfacet
  facet normal 0 0 1
    outer loop
      vertex -13.7936 -4.93544 1.5
      vertex -12.208 -1.97152 1.5
      vertex -12.3046 -1.98344 1.5
    endloop
  endfacet
  facet normal 0 0 1
    outer loop
      vertex -14.0192 -4.25267 1.5
      vertex -12.3046 -1.98344 1.5
      vertex -12.3051 -1.98347 1.5
    endloop
  endfacet
  facet normal 0 0 1
    outer loop
      vertex -14.0192 -4.25267 1.5
      vertex -12.3051 -1.98347 1.5
      vertex -12.4022 -1.99063 1.5
    endloop
  endfacet
  facet normal 0 0 1
    outer loop
      vertex -14.0192 -4.25267 1.5
      vertex -12.4022 -1.99063 1.5
      vertex -12.4995 -1.99302 1.5
    endloop
  endfacet
  facet normal 0 0 1
    outer loop
      vertex -14.0192 -4.25267 1.5
      vertex -12.4995 -1.99302 1.5
      vertex -12.5 -1.99303 1.5
    endloop
  endfacet
  facet normal 0 0 1
    outer loop
      vertex -14.0192 -4.25267 1.5
      vertex -12.5 -1.99303 1.5
      vertex -12.5005 -1.99302 1.5
    endloop
  endfacet
  facet normal 0 0 1
    outer loop
      vertex -6.46835 -5.89569 1.5
      vertex -12.5657 -7.5316 1.5
      vertex -12.181 -8.1391 1.5
    endloop
  endfacet
  facet normal 0 0 1
    outer loop
      vertex -14.0192 -4.25267 1.5
      vertex -12.5005 -1.99302 1.5
      vertex -12.5978 -1.99063 1.5
    endloop
  endfacet
  facet normal 0 0 1
    outer loop
      vertex -14.211 -3.55966 1.5
      vertex -12.5978 -1.99063 1.5
      vertex -12.6949 -1.98347 1.5
    endloop
  endfacet
  facet normal 0 0 1
    outer loop
      vertex -14.211 -3.55966 1.5
      vertex -12.6949 -1.98347 1.5
      vertex -12.6954 -1.98344 1.5
    endloop
  endfacet
  facet normal 0 0 1
    outer loop
      vertex -14.211 -3.55966 1.5
      vertex -12.6954 -1.98344 1.5
      vertex -12.792 -1.97152 1.5
    endloop
  endfacet
  facet normal 0 0 1
    outer loop
      vertex -14.211 -3.55966 1.5
      vertex -12.792 -1.97152 1.5
      vertex -12.7924 -1.97146 1.5
    endloop
  endfacet
  facet normal 0 0 1
    outer loop
      vertex -14.211 -3.55966 1.5
      vertex -12.7924 -1.97146 1.5
      vertex -12.7929 -1.97138 1.5
    endloop
  endfacet
  facet normal 0 0 1
    outer loop
      vertex -14.211 -3.55966 1.5
      vertex -12.7929 -1.97138 1.5
      vertex -12.8888 -1.95474 1.5
    endloop
  endfacet
  facet normal 0 0 1
    outer loop
      vertex -6.46835 -5.89569 1.5
      vertex -12.9201 -6.90596 1.5
      vertex -12.5657 -7.5316 1.5
    endloop
  endfacet
  facet normal 0 0 1
    outer loop
      vertex -14.211 -3.55966 1.5
      vertex -12.8888 -1.95474 1.5
      vertex -12.9838 -1.9334 1.5
    endloop
  endfacet
  facet normal 0 0 1
    outer loop
      vertex -14.211 -3.55966 1.5
      vertex -12.9838 -1.9334 1.5
      vertex -12.9843 -1.9333 1.5
    endloop
  endfacet
  facet normal 0 0 1
    outer loop
      vertex -14.3685 -2.85807 1.5
      vertex -12.9843 -1.9333 1.5
      vertex -13.0781 -1.90734 1.5
    endloop
  endfacet
  facet normal 0 0 1
    outer loop
      vertex -14.3685 -2.85807 1.5
      vertex -13.0781 -1.90734 1.5
      vertex -13.0785 -1.90721 1.5
    endloop
  endfacet
  facet normal 0 0 1
    outer loop
      vertex -14.3685 -2.85807 1.5
      vertex -13.0785 -1.90721 1.5
      vertex -13.171 -1.87667 1.5
    endloop
  endfacet
  facet normal 0 0 1
    outer loop
      vertex -14.3685 -2.85807 1.5
      vertex -13.171 -1.87667 1.5
      vertex -13.1714 -1.87653 1.5
    endloop
  endfacet
  facet normal 0 0 1
    outer loop
      vertex -14.3685 -2.85807 1.5
      vertex -13.1714 -1.87653 1.5
      vertex -13.1719 -1.87636 1.5
    endloop
  endfacet
  facet normal 0 0 1
    outer loop
      vertex -6.46773 -5.8906 1.5
      vertex -12.9201 -6.90596 1.5
      vertex -6.46835 -5.89569 1.5
    endloop
  endfacet
  facet normal 0 0 1
    outer loop
      vertex -14.3685 -2.85807 1.5
      vertex -13.1719 -1.87636 1.5
      vertex -13.2627 -1.84132 1.5
    endloop
  endfacet
  facet normal 0 0 1
    outer loop
      vertex -14.3685 -2.85807 1.5
      vertex -13.2627 -1.84132 1.5
      vertex -13.3517 -1.80187 1.5
    endloop
  endfacet
  facet normal 0 0 1
    outer loop
      vertex -14.3685 -2.85807 1.5
      vertex -13.3517 -1.80187 1.5
      vertex -13.3521 -1.80168 1.5
    endloop
  endfacet
  facet normal 0 0 1
    outer loop
      vertex -14.3685 -2.85807 1.5
      vertex -13.3521 -1.80168 1.5
      vertex -13.3525 -1.80147 1.5
    endloop
  endfacet
  facet normal 0 0 1
    outer loop
      vertex -14.3685 -2.85807 1.5
      vertex -13.3525 -1.80147 1.5
      vertex -13.4395 -1.7577 1.5
    endloop
  endfacet
  facet normal 0 0 1
    outer loop
      vertex -14.4914 -2.1496 1.5
      vertex -13.4395 -1.7577 1.5
      vertex -13.5242 -1.70971 1.5
    endloop
  endfacet
  facet normal 0 0 1
    outer loop
      vertex -14.4914 -2.1496 1.5
      vertex -13.5242 -1.70971 1.5
      vertex -13.5246 -1.70948 1.5
    endloop
  endfacet
  facet normal 0 0 1
    outer loop
      vertex -11.7373 -1.84132 1.5
      vertex -13.5348 -5.60631 1.5
      vertex -13.2434 -6.26368 1.5
    endloop
  endfacet
  facet normal 0 0 1
    outer loop
      vertex -14.4914 -2.1496 1.5
      vertex -13.5246 -1.70948 1.5
      vertex -13.6069 -1.65739 1.5
    endloop
  endfacet
  facet normal 0 0 1
    outer loop
      vertex -14.4914 -2.1496 1.5
      vertex -13.6069 -1.65739 1.5
      vertex -13.6073 -1.65715 1.5
    endloop
  endfacet
  facet normal 0 0 1
    outer loop
      vertex -14.4914 -2.1496 1.5
      vertex -13.6073 -1.65715 1.5
      vertex -13.6076 -1.65688 1.5
    endloop
  endfacet
  facet normal 0 0 1
    outer loop
      vertex -14.4914 -2.1496 1.5
      vertex -13.6076 -1.65688 1.5
      vertex -13.6872 -1.60082 1.5
    endloop
  endfacet
  facet normal 0 0 1
    outer loop
      vertex -14.4914 -2.1496 1.5
      vertex -13.6872 -1.60082 1.5
      vertex -13.6876 -1.60053 1.5
    endloop
  endfacet
  facet normal 0 0 1
    outer loop
      vertex -14.4914 -2.1496 1.5
      vertex -13.6876 -1.60053 1.5
      vertex -13.7644 -1.54063 1.5
    endloop
  endfacet
  facet normal 0 0 1
    outer loop
      vertex -12.0157 -1.9333 1.5
      vertex -13.7936 -4.93544 1.5
      vertex -13.5348 -5.60631 1.5
    endloop
  endfacet
  facet normal 0 0 1
    outer loop
      vertex -14.4914 -2.1496 1.5
      vertex -13.7644 -1.54063 1.5
      vertex -13.8381 -1.47704 1.5
    endloop
  endfacet
  facet normal 0 0 1
    outer loop
      vertex -14.4914 -2.1496 1.5
      vertex -13.8381 -1.47704 1.5
      vertex -13.8384 -1.47674 1.5
    endloop
  endfacet
  facet normal 0 0 1
    outer loop
      vertex -14.4914 -2.1496 1.5
      vertex -13.8384 -1.47674 1.5
      vertex -13.8388 -1.47642 1.5
    endloop
  endfacet
  facet normal 0 0 1
    outer loop
      vertex -14.4914 -2.1496 1.5
      vertex -13.8388 -1.47642 1.5
      vertex -13.9093 -1.40929 1.5
    endloop
  endfacet
  facet normal 0 0 1
    outer loop
      vertex -14.5795 -1.43595 1.5
      vertex -13.9093 -1.40929 1.5
      vertex -13.9764 -1.33877 1.5
    endloop
  endfacet
  facet normal 0 0 1
    outer loop
      vertex -14.5795 -1.43595 1.5
      vertex -13.9764 -1.33877 1.5
      vertex -13.9767 -1.33844 1.5
    endloop
  endfacet
  facet normal 0 0 1
    outer loop
      vertex -14.5795 -1.43595 1.5
      vertex -13.9767 -1.33844 1.5
      vertex -13.977 -1.33809 1.5
    endloop
  endfacet
  facet normal 0 0 1
    outer loop
      vertex -12.3046 -1.98344 1.5
      vertex -14.0192 -4.25267 1.5
      vertex -13.7936 -4.93544 1.5
    endloop
  endfacet
  facet normal 0 0 1
    outer loop
      vertex -14.5795 -1.43595 1.5
      vertex -13.977 -1.33809 1.5
      vertex -14.0406 -1.26437 1.5
    endloop
  endfacet
  facet normal 0 0 1
    outer loop
      vertex -14.5795 -1.43595 1.5
      vertex -14.0406 -1.26437 1.5
      vertex -14.1005 -1.18761 1.5
    endloop
  endfacet
  facet normal 0 0 1
    outer loop
      vertex -14.5795 -1.43595 1.5
      vertex -14.1005 -1.18761 1.5
      vertex -14.1008 -1.18725 1.5
    endloop
  endfacet
  facet normal 0 0 1
    outer loop
      vertex -14.5795 -1.43595 1.5
      vertex -14.1008 -1.18725 1.5
      vertex -14.1569 -1.10765 1.5
    endloop
  endfacet
  facet normal 0 0 1
    outer loop
      vertex -14.5795 -1.43595 1.5
      vertex -14.1569 -1.10765 1.5
      vertex -14.1571 -1.10727 1.5
    endloop
  endfacet
  facet normal 0 0 1
    outer loop
      vertex -14.5795 -1.43595 1.5
      vertex -14.1571 -1.10727 1.5
      vertex -14.1574 -1.10688 1.5
    endloop
  endfacet
  facet normal 0 0 1
    outer loop
      vertex -14.5795 -1.43595 1.5
      vertex -14.1574 -1.10688 1.5
      vertex -14.2095 -1.02462 1.5
    endloop
  endfacet
  facet normal 0 0 1
    outer loop
      vertex -14.5795 -1.43595 1.5
      vertex -14.2095 -1.02462 1.5
      vertex -14.2097 -1.02422 1.5
    endloop
  endfacet
  facet normal 0 0 1
    outer loop
      vertex -12.5978 -1.99063 1.5
      vertex -14.211 -3.55966 1.5
      vertex -14.0192 -4.25267 1.5
    endloop
  endfacet
  facet normal 0 0 1
    outer loop
      vertex -14.5795 -1.43595 1.5
      vertex -14.2097 -1.02422 1.5
      vertex -14.2577 -0.939509 1.5
    endloop
  endfacet
  facet normal 0 0 1
    outer loop
      vertex -14.6324 -0.718841 1.5
      vertex -14.2577 -0.939509 1.5
      vertex -14.3015 -0.852545 1.5
    endloop
  endfacet
  facet normal 0 0 1
    outer loop
      vertex -14.6324 -0.718841 1.5
      vertex -14.3015 -0.852545 1.5
      vertex -14.3017 -0.852131 1.5
    endloop
  endfacet
  facet normal 0 0 1
    outer loop
      vertex -14.6324 -0.718841 1.5
      vertex -14.3017 -0.852131 1.5
      vertex -14.3019 -0.851708 1.5
    endloop
  endfacet
  facet normal 0 0 1
    outer loop
      vertex -14.6324 -0.718841 1.5
      vertex -14.3019 -0.851708 1.5
      vertex -14.3413 -0.7627 1.5
    endloop
  endfacet
  facet normal 0 0 1
    outer loop
      vertex -12.9843 -1.9333 1.5
      vertex -14.3685 -2.85807 1.5
      vertex -14.211 -3.55966 1.5
    endloop
  endfacet
  facet normal -0 0 1
    outer loop
      vertex -14.6324 -0.718841 1.5
      vertex -14.3413 -0.7627 1.5
      vertex -14.3764 -0.671864 1.5
    endloop
  endfacet
  facet normal 0 0 1
    outer loop
      vertex -14.6324 -0.718841 1.5
      vertex -14.3764 -0.671864 1.5
      vertex -14.3765 -0.671432 1.5
    endloop
  endfacet
  facet normal 0 0 1
    outer loop
      vertex -14.6324 -0.718841 1.5
      vertex -14.3765 -0.671432 1.5
      vertex -14.3767 -0.670993 1.5
    endloop
  endfacet
  facet normal 0 0 1
    outer loop
      vertex -14.6324 -0.718841 1.5
      vertex -14.3767 -0.670993 1.5
      vertex -14.4072 -0.578547 1.5
    endloop
  endfacet
  facet normal 0 0 1
    outer loop
      vertex -14.6324 -0.718841 1.5
      vertex -14.4072 -0.578547 1.5
      vertex -14.4073 -0.578101 1.5
    endloop
  endfacet
  facet normal 0 0 1
    outer loop
      vertex -14.6324 -0.718841 1.5
      vertex -14.4073 -0.578101 1.5
      vertex -14.4333 -0.484267 1.5
    endloop
  endfacet
  facet normal 0 0 1
    outer loop
      vertex -14.6324 -0.718841 1.5
      vertex -14.4333 -0.484267 1.5
      vertex -14.4334 -0.483816 1.5
    endloop
  endfacet
  facet normal 0 0 1
    outer loop
      vertex -14.6324 -0.718841 1.5
      vertex -14.4334 -0.483816 1.5
      vertex -14.4547 -0.388821 1.5
    endloop
  endfacet
  facet normal 0 0 1
    outer loop
      vertex -14.6324 -0.718841 1.5
      vertex -14.4547 -0.388821 1.5
      vertex -14.4714 -0.292894 1.5
    endloop
  endfacet
  facet normal 0 0 1
    outer loop
      vertex -14.6324 -0.718841 1.5
      vertex -14.4714 -0.292894 1.5
      vertex -14.4715 -0.292439 1.5
    endloop
  endfacet
  facet normal 0 0 1
    outer loop
      vertex -14.65 0 1.5
      vertex -14.4715 -0.292439 1.5
      vertex -14.4715 -0.291979 1.5
    endloop
  endfacet
  facet normal 0 0 1
    outer loop
      vertex -14.65 0 1.5
      vertex -14.4715 -0.291979 1.5
      vertex -14.4834 -0.195351 1.5
    endloop
  endfacet
  facet normal 0 0 1
    outer loop
      vertex -14.65 0 1.5
      vertex -14.4834 -0.195351 1.5
      vertex -14.4835 -0.194889 1.5
    endloop
  endfacet
  facet normal 0 0 1
    outer loop
      vertex -14.65 0 1.5
      vertex -14.4835 -0.194889 1.5
      vertex -14.4906 -0.0977931 1.5
    endloop
  endfacet
  facet normal 0 0 1
    outer loop
      vertex -13.4395 -1.7577 1.5
      vertex -14.4914 -2.1496 1.5
      vertex -14.3685 -2.85807 1.5
    endloop
  endfacet
  facet normal 0 0 1
    outer loop
      vertex -14.65 0 1.5
      vertex -14.4906 -0.0977931 1.5
      vertex -14.493 -0.000462493 1.5
    endloop
  endfacet
  facet normal -0 0 1
    outer loop
      vertex -14.65 0 1.5
      vertex -14.493 -0.000462493 1.5
      vertex -14.493 0 1.5
    endloop
  endfacet
  facet normal 0 0 1
    outer loop
      vertex -14.4906 0.0977931 1.5
      vertex -14.65 0 1.5
      vertex -14.493 0.000462493 1.5
    endloop
  endfacet
  facet normal 0 0 1
    outer loop
      vertex -13.9093 -1.40929 1.5
      vertex -14.5795 -1.43595 1.5
      vertex -14.4914 -2.1496 1.5
    endloop
  endfacet
  facet normal 0 0 1
    outer loop
      vertex -14.493 0.000462493 1.5
      vertex -14.65 0 1.5
      vertex -14.493 0 1.5
    endloop
  endfacet
  facet normal 0 0 1
    outer loop
      vertex -14.2577 -0.939509 1.5
      vertex -14.6324 -0.718841 1.5
      vertex -14.5795 -1.43595 1.5
    endloop
  endfacet
  facet normal 0 0 1
    outer loop
      vertex -14.4715 -0.292439 1.5
      vertex -14.65 0 1.5
      vertex -14.6324 -0.718841 1.5
    endloop
  endfacet
  facet normal -0 0 1
    outer loop
      vertex 5.76391 3.76332 1.5
      vertex 10.7423 0.939509 1.5
      vertex 5.76644 3.76777 1.5
    endloop
  endfacet
  facet normal 0 0 1
    outer loop
      vertex 10.507 0 1.5
      vertex 6.53075 -6.5343 1.5
      vertex 6.5385 -6.85 1.5
    endloop
  endfacet
  facet normal -0 0 1
    outer loop
      vertex 5.60825 3.48854 1.5
      vertex 10.7423 0.939509 1.5
      vertex 5.76391 3.76332 1.5
    endloop
  endfacet
  facet normal 0 0 1
    outer loop
      vertex 10.507 0 1.5
      vertex 6.53062 -6.52917 1.5
      vertex 6.53075 -6.5343 1.5
    endloop
  endfacet
  facet normal 0 0 1
    outer loop
      vertex 10.7423 0.939509 1.5
      vertex 5.60825 3.48854 1.5
      vertex 10.6985 0.852545 1.5
    endloop
  endfacet
  facet normal 0 0 1
    outer loop
      vertex 10.507 0 1.5
      vertex 6.53024 -6.52406 1.5
      vertex 6.53062 -6.52917 1.5
    endloop
  endfacet
  facet normal 0 0 1
    outer loop
      vertex 10.6985 0.852545 1.5
      vertex 5.60825 3.48854 1.5
      vertex 10.6983 0.852131 1.5
    endloop
  endfacet
  facet normal 0 0 1
    outer loop
      vertex 10.507 0 1.5
      vertex 6.50701 -6.20912 1.5
      vertex 6.53024 -6.52406 1.5
    endloop
  endfacet
  facet normal 0 0 1
    outer loop
      vertex 10.6983 0.852131 1.5
      vertex 5.60825 3.48854 1.5
      vertex 10.6981 0.851708 1.5
    endloop
  endfacet
  facet normal 0 0 1
    outer loop
      vertex 10.507 0 1.5
      vertex 6.46835 -5.89569 1.5
      vertex 6.50701 -6.20912 1.5
    endloop
  endfacet
  facet normal 0 0 1
    outer loop
      vertex 10.6981 0.851708 1.5
      vertex 5.60825 3.48854 1.5
      vertex 10.6587 0.7627 1.5
    endloop
  endfacet
  facet normal 0 0 1
    outer loop
      vertex 10.507 0 1.5
      vertex 6.46773 -5.8906 1.5
      vertex 6.46835 -5.89569 1.5
    endloop
  endfacet
  facet normal -0 0 1
    outer loop
      vertex 5.4393 3.22174 1.5
      vertex 10.6587 0.7627 1.5
      vertex 5.60825 3.48854 1.5
    endloop
  endfacet
  facet normal 0 0 1
    outer loop
      vertex 10.507 0 1.5
      vertex 6.46685 -5.88555 1.5
      vertex 6.46773 -5.8906 1.5
    endloop
  endfacet
  facet normal 0 0 1
    outer loop
      vertex 10.6587 0.7627 1.5
      vertex 5.4393 3.22174 1.5
      vertex 10.6236 0.671864 1.5
    endloop
  endfacet
  facet normal 0 0 1
    outer loop
      vertex 10.507 0 1.5
      vertex 6.41286 -5.5744 1.5
      vertex 6.46685 -5.88555 1.5
    endloop
  endfacet
  facet normal 0 0 1
    outer loop
      vertex 10.6236 0.671864 1.5
      vertex 5.4393 3.22174 1.5
      vertex 10.6235 0.671432 1.5
    endloop
  endfacet
  facet normal 0 0 1
    outer loop
      vertex 10.507 0 1.5
      vertex 6.34367 -5.26628 1.5
      vertex 6.41286 -5.5744 1.5
    endloop
  endfacet
  facet normal -0 0 1
    outer loop
      vertex 5.43656 3.21741 1.5
      vertex 10.6235 0.671432 1.5
      vertex 5.4393 3.22174 1.5
    endloop
  endfacet
  facet normal 0 0 1
    outer loop
      vertex 10.507 0 1.5
      vertex 6.34255 -5.26128 1.5
      vertex 6.34367 -5.26628 1.5
    endloop
  endfacet
  facet normal 0 0 1
    outer loop
      vertex 10.6235 0.671432 1.5
      vertex 5.43656 3.21741 1.5
      vertex 10.6233 0.670993 1.5
    endloop
  endfacet
  facet normal 0 0 1
    outer loop
      vertex 10.507 0 1.5
      vertex 6.34118 -5.25634 1.5
      vertex 6.34255 -5.26128 1.5
    endloop
  endfacet
  facet normal 0 0 1
    outer loop
      vertex 10.6233 0.670993 1.5
      vertex 5.43656 3.21741 1.5
      vertex 10.5928 0.578547 1.5
    endloop
  endfacet
  facet normal 0 0 1
    outer loop
      vertex 10.507 0 1.5
      vertex 6.25695 -4.95198 1.5
      vertex 6.34118 -5.25634 1.5
    endloop
  endfacet
  facet normal -0 0 1
    outer loop
      vertex 5.43361 3.21322 1.5
      vertex 10.5928 0.578547 1.5
      vertex 5.43656 3.21741 1.5
    endloop
  endfacet
  facet normal 0 0 1
    outer loop
      vertex 10.507 0 1.5
      vertex 6.25534 -4.94711 1.5
      vertex 6.25695 -4.95198 1.5
    endloop
  endfacet
  facet normal 0 0 1
    outer loop
      vertex 10.5928 0.578547 1.5
      vertex 5.43361 3.21322 1.5
      vertex 10.5927 0.578101 1.5
    endloop
  endfacet
  facet normal 0 0 1
    outer loop
      vertex 10.507 0 1.5
      vertex 6.15628 -4.64725 1.5
      vertex 6.25534 -4.94711 1.5
    endloop
  endfacet
  facet normal -0 0 1
    outer loop
      vertex 5.25177 2.95502 1.5
      vertex 10.5927 0.578101 1.5
      vertex 5.43361 3.21322 1.5
    endloop
  endfacet
  facet normal 0 0 1
    outer loop
      vertex 10.507 0 1.5
      vertex 6.04263 -4.35261 1.5
      vertex 6.15628 -4.64725 1.5
    endloop
  endfacet
  facet normal 0 0 1
    outer loop
      vertex 10.5927 0.578101 1.5
      vertex 5.25177 2.95502 1.5
      vertex 10.5667 0.484267 1.5
    endloop
  endfacet
  facet normal 0 0 1
    outer loop
      vertex 10.507 0 1.5
      vertex 6.04078 -4.34783 1.5
      vertex 6.04263 -4.35261 1.5
    endloop
  endfacet
  facet normal 0 0 1
    outer loop
      vertex 10.5667 0.484267 1.5
      vertex 5.25177 2.95502 1.5
      vertex 10.5666 0.483816 1.5
    endloop
  endfacet
  facet normal 0 0 1
    outer loop
      vertex 10.507 0 1.5
      vertex 6.0387 -4.34314 1.5
      vertex 6.04078 -4.34783 1.5
    endloop
  endfacet
  facet normal 0 0 1
    outer loop
      vertex 10.5666 0.483816 1.5
      vertex 5.25177 2.95502 1.5
      vertex 10.5453 0.388821 1.5
    endloop
  endfacet
  facet normal 0 0 1
    outer loop
      vertex 10.507 0 1.5
      vertex 5.91073 -4.05443 1.5
      vertex 6.0387 -4.34314 1.5
    endloop
  endfacet
  facet normal -0 0 1
    outer loop
      vertex 5.24862 2.95098 1.5
      vertex 10.5453 0.388821 1.5
      vertex 5.25177 2.95502 1.5
    endloop
  endfacet
  facet normal 0 0 1
    outer loop
      vertex 10.507 0 1.5
      vertex 5.90842 -4.04986 1.5
      vertex 5.91073 -4.05443 1.5
    endloop
  endfacet
  facet normal -0 0 1
    outer loop
      vertex 5.05433 2.70202 1.5
      vertex 10.5453 0.388821 1.5
      vertex 5.24862 2.95098 1.5
    endloop
  endfacet
  facet normal 0 0 1
    outer loop
      vertex 10.507 0 1.5
      vertex 5.76644 -3.76777 1.5
      vertex 5.90842 -4.04986 1.5
    endloop
  endfacet
  facet normal 0 0 1
    outer loop
      vertex 10.5453 0.388821 1.5
      vertex 5.05433 2.70202 1.5
      vertex 10.5286 0.292894 1.5
    endloop
  endfacet
  facet normal 0 0 1
    outer loop
      vertex 10.507 0 1.5
      vertex 5.76391 -3.76332 1.5
      vertex 5.76644 -3.76777 1.5
    endloop
  endfacet
  facet normal 0 0 1
    outer loop
      vertex 10.5286 0.292894 1.5
      vertex 5.05433 2.70202 1.5
      vertex 10.5285 0.292439 1.5
    endloop
  endfacet
  facet normal 0 0 1
    outer loop
      vertex 10.507 0 1.5
      vertex 5.60825 -3.48854 1.5
      vertex 5.76391 -3.76332 1.5
    endloop
  endfacet
  facet normal 0 0 1
    outer loop
      vertex 10.5285 0.292439 1.5
      vertex 5.05433 2.70202 1.5
      vertex 10.5285 0.291979 1.5
    endloop
  endfacet
  facet normal 0 0 1
    outer loop
      vertex 10.507 0 1.5
      vertex 5.4393 -3.22174 1.5
      vertex 5.60825 -3.48854 1.5
    endloop
  endfacet
  facet normal 0 0 1
    outer loop
      vertex 10.5285 0.291979 1.5
      vertex 5.05433 2.70202 1.5
      vertex 10.5166 0.195351 1.5
    endloop
  endfacet
  facet normal 0 0 1
    outer loop
      vertex 10.507 0 1.5
      vertex 5.43656 -3.21741 1.5
      vertex 5.4393 -3.22174 1.5
    endloop
  endfacet
  facet normal -0 0 1
    outer loop
      vertex 5.05098 2.69814 1.5
      vertex 10.5166 0.195351 1.5
      vertex 5.05433 2.70202 1.5
    endloop
  endfacet
  facet normal 0 0 1
    outer loop
      vertex 10.507 0 1.5
      vertex 5.43361 -3.21322 1.5
      vertex 5.43656 -3.21741 1.5
    endloop
  endfacet
  facet normal -0 0 1
    outer loop
      vertex 4.84471 2.45902 1.5
      vertex 10.5166 0.195351 1.5
      vertex 5.05098 2.69814 1.5
    endloop
  endfacet
  facet normal 0 0 1
    outer loop
      vertex 10.507 0 1.5
      vertex 5.25177 -2.95502 1.5
      vertex 5.43361 -3.21322 1.5
    endloop
  endfacet
  facet normal 0 0 1
    outer loop
      vertex 10.5166 0.195351 1.5
      vertex 4.84471 2.45902 1.5
      vertex 10.5165 0.194889 1.5
    endloop
  endfacet
  facet normal 0 0 1
    outer loop
      vertex 10.507 0 1.5
      vertex 5.24862 -2.95098 1.5
      vertex 5.25177 -2.95502 1.5
    endloop
  endfacet
  facet normal 0 0 1
    outer loop
      vertex 10.5165 0.194889 1.5
      vertex 4.84471 2.45902 1.5
      vertex 10.5094 0.0977931 1.5
    endloop
  endfacet
  facet normal 0 0 1
    outer loop
      vertex 10.507 0 1.5
      vertex 5.05433 -2.70202 1.5
      vertex 5.24862 -2.95098 1.5
    endloop
  endfacet
  facet normal 0 0 1
    outer loop
      vertex 10.5094 0.0977931 1.5
      vertex 4.84471 2.45902 1.5
      vertex 10.507 0 1.5
    endloop
  endfacet
  facet normal 0 0 1
    outer loop
      vertex 10.507 0 1.5
      vertex 5.05098 -2.69814 1.5
      vertex 5.05433 -2.70202 1.5
    endloop
  endfacet
  facet normal -0 0 1
    outer loop
      vertex 4.62695 2.2303 1.5
      vertex 10.507 0 1.5
      vertex 4.84471 2.45902 1.5
    endloop
  endfacet
  facet normal 0 0 1
    outer loop
      vertex 10.507 0 1.5
      vertex 4.84471 -2.45902 1.5
      vertex 5.05098 -2.69814 1.5
    endloop
  endfacet
  facet normal 0 0 1
    outer loop
      vertex 4.62695 -2.2303 1.5
      vertex 10.507 0 1.5
      vertex 4.62695 2.2303 1.5
    endloop
  endfacet
  facet normal 0 0 1
    outer loop
      vertex 10.507 0 1.5
      vertex 4.62695 -2.2303 1.5
      vertex 4.84471 -2.45902 1.5
    endloop
  endfacet
  facet normal -0 0 1
    outer loop
      vertex 4.62341 2.22659 1.5
      vertex 4.62695 -2.2303 1.5
      vertex 4.62695 2.2303 1.5
    endloop
  endfacet
  facet normal 0 0 1
    outer loop
      vertex 4.62341 2.22659 1.5
      vertex 4.62341 -2.22659 1.5
      vertex 4.62695 -2.2303 1.5
    endloop
  endfacet
  facet normal -0 0 1
    outer loop
      vertex 4.6197 2.22305 1.5
      vertex 4.62341 -2.22659 1.5
      vertex 4.62341 2.22659 1.5
    endloop
  endfacet
  facet normal 0 0 1
    outer loop
      vertex 4.6197 2.22305 1.5
      vertex 4.6197 -2.22305 1.5
      vertex 4.62341 -2.22659 1.5
    endloop
  endfacet
  facet normal -0 0 1
    outer loop
      vertex 4.39098 2.00529 1.5
      vertex 4.6197 -2.22305 1.5
      vertex 4.6197 2.22305 1.5
    endloop
  endfacet
  facet normal 0 0 1
    outer loop
      vertex 4.39098 2.00529 1.5
      vertex 4.39098 -2.00529 1.5
      vertex 4.6197 -2.22305 1.5
    endloop
  endfacet
  facet normal -0 0 1
    outer loop
      vertex 4.15186 1.79902 1.5
      vertex 4.39098 -2.00529 1.5
      vertex 4.39098 2.00529 1.5
    endloop
  endfacet
  facet normal 0 0 1
    outer loop
      vertex 4.15186 1.79902 1.5
      vertex 4.15186 -1.79902 1.5
      vertex 4.39098 -2.00529 1.5
    endloop
  endfacet
  facet normal -0 0 1
    outer loop
      vertex 4.14798 1.79567 1.5
      vertex 4.15186 -1.79902 1.5
      vertex 4.15186 1.79902 1.5
    endloop
  endfacet
  facet normal 0 0 1
    outer loop
      vertex 4.14798 1.79567 1.5
      vertex 4.14798 -1.79567 1.5
      vertex 4.15186 -1.79902 1.5
    endloop
  endfacet
  facet normal -0 0 1
    outer loop
      vertex 3.89902 1.60138 1.5
      vertex 4.14798 -1.79567 1.5
      vertex 4.14798 1.79567 1.5
    endloop
  endfacet
  facet normal 0 0 1
    outer loop
      vertex 3.89902 1.60138 1.5
      vertex 3.89902 -1.60138 1.5
      vertex 4.14798 -1.79567 1.5
    endloop
  endfacet
  facet normal -0 0 1
    outer loop
      vertex 3.89498 1.59823 1.5
      vertex 3.89902 -1.60138 1.5
      vertex 3.89902 1.60138 1.5
    endloop
  endfacet
  facet normal 0 0 1
    outer loop
      vertex 3.89498 1.59823 1.5
      vertex 3.89498 -1.59823 1.5
      vertex 3.89902 -1.60138 1.5
    endloop
  endfacet
  facet normal -0 0 1
    outer loop
      vertex 3.63678 1.41639 1.5
      vertex 3.89498 -1.59823 1.5
      vertex 3.89498 1.59823 1.5
    endloop
  endfacet
  facet normal 0 0 1
    outer loop
      vertex 3.63678 1.41639 1.5
      vertex 3.63678 -1.41639 1.5
      vertex 3.89498 -1.59823 1.5
    endloop
  endfacet
  facet normal -0 0 1
    outer loop
      vertex 3.63259 1.41344 1.5
      vertex 3.63678 -1.41639 1.5
      vertex 3.63678 1.41639 1.5
    endloop
  endfacet
  facet normal 0 0 1
    outer loop
      vertex 3.63259 1.41344 1.5
      vertex 3.63259 -1.41344 1.5
      vertex 3.63678 -1.41639 1.5
    endloop
  endfacet
  facet normal -0 0 1
    outer loop
      vertex 3.62826 1.4107 1.5
      vertex 3.63259 -1.41344 1.5
      vertex 3.63259 1.41344 1.5
    endloop
  endfacet
  facet normal 0 0 1
    outer loop
      vertex 3.62826 1.4107 1.5
      vertex 3.62826 -1.4107 1.5
      vertex 3.63259 -1.41344 1.5
    endloop
  endfacet
  facet normal -0 0 1
    outer loop
      vertex 3.36146 1.24175 1.5
      vertex 3.62826 -1.4107 1.5
      vertex 3.62826 1.4107 1.5
    endloop
  endfacet
  facet normal 0 0 1
    outer loop
      vertex 3.36146 1.24175 1.5
      vertex 3.36146 -1.24175 1.5
      vertex 3.62826 -1.4107 1.5
    endloop
  endfacet
  facet normal -0 0 1
    outer loop
      vertex 3.08668 1.08609 1.5
      vertex 3.36146 -1.24175 1.5
      vertex 3.36146 1.24175 1.5
    endloop
  endfacet
  facet normal 0 0 1
    outer loop
      vertex 3.08668 1.08609 1.5
      vertex 3.08668 -1.08609 1.5
      vertex 3.36146 -1.24175 1.5
    endloop
  endfacet
  facet normal -0 0 1
    outer loop
      vertex 3.08223 1.08356 1.5
      vertex 3.08668 -1.08609 1.5
      vertex 3.08668 1.08609 1.5
    endloop
  endfacet
  facet normal 0 0 1
    outer loop
      vertex 3.08223 1.08356 1.5
      vertex 3.08223 -1.08356 1.5
      vertex 3.08668 -1.08609 1.5
    endloop
  endfacet
  facet normal -0 0 1
    outer loop
      vertex 2.80014 0.941575 1.5
      vertex 3.08223 -1.08356 1.5
      vertex 3.08223 1.08356 1.5
    endloop
  endfacet
  facet normal 0 0 1
    outer loop
      vertex 2.80014 0.941575 1.5
      vertex 2.80014 -0.941575 1.5
      vertex 3.08223 -1.08356 1.5
    endloop
  endfacet
  facet normal -0 0 1
    outer loop
      vertex 2.79557 0.93927 1.5
      vertex 2.80014 -0.941575 1.5
      vertex 2.80014 0.941575 1.5
    endloop
  endfacet
  facet normal 0 0 1
    outer loop
      vertex 2.79557 0.93927 1.5
      vertex 2.79557 -0.93927 1.5
      vertex 2.80014 -0.941575 1.5
    endloop
  endfacet
  facet normal -0 0 1
    outer loop
      vertex 2.50686 0.811295 1.5
      vertex 2.79557 -0.93927 1.5
      vertex 2.79557 0.93927 1.5
    endloop
  endfacet
  facet normal 0 0 1
    outer loop
      vertex 2.50686 0.811295 1.5
      vertex 2.50686 -0.811295 1.5
      vertex 2.79557 -0.93927 1.5
    endloop
  endfacet
  facet normal -0 0 1
    outer loop
      vertex 2.50217 0.809218 1.5
      vertex 2.50686 -0.811295 1.5
      vertex 2.50686 0.811295 1.5
    endloop
  endfacet
  facet normal 0 0 1
    outer loop
      vertex 2.50217 0.809218 1.5
      vertex 2.50217 -0.809218 1.5
      vertex 2.50686 -0.811295 1.5
    endloop
  endfacet
  facet normal -0 0 1
    outer loop
      vertex 2.49739 0.807373 1.5
      vertex 2.50217 -0.809218 1.5
      vertex 2.50217 0.809218 1.5
    endloop
  endfacet
  facet normal 0 0 1
    outer loop
      vertex 2.49739 0.807373 1.5
      vertex 2.49739 -0.807373 1.5
      vertex 2.50217 -0.809218 1.5
    endloop
  endfacet
  facet normal -0 0 1
    outer loop
      vertex 2.20275 0.693718 1.5
      vertex 2.49739 -0.807373 1.5
      vertex 2.49739 0.807373 1.5
    endloop
  endfacet
  facet normal 0 0 1
    outer loop
      vertex 2.20275 0.693718 1.5
      vertex 2.20275 -0.693718 1.5
      vertex 2.49739 -0.807373 1.5
    endloop
  endfacet
  facet normal -0 0 1
    outer loop
      vertex 1.90289 0.594658 1.5
      vertex 2.20275 -0.693718 1.5
      vertex 2.20275 0.693718 1.5
    endloop
  endfacet
  facet normal 0 0 1
    outer loop
      vertex 1.90289 0.594658 1.5
      vertex 1.90289 -0.594658 1.5
      vertex 2.20275 -0.693718 1.5
    endloop
  endfacet
  facet normal -0 0 1
    outer loop
      vertex 1.89802 0.59305 1.5
      vertex 1.90289 -0.594658 1.5
      vertex 1.90289 0.594658 1.5
    endloop
  endfacet
  facet normal 0 0 1
    outer loop
      vertex 1.89802 0.59305 1.5
      vertex 1.89802 -0.59305 1.5
      vertex 1.90289 -0.594658 1.5
    endloop
  endfacet
  facet normal -0 0 1
    outer loop
      vertex 1.59366 0.508822 1.5
      vertex 1.89802 -0.59305 1.5
      vertex 1.89802 0.59305 1.5
    endloop
  endfacet
  facet normal 0 0 1
    outer loop
      vertex 1.59366 0.508822 1.5
      vertex 1.59366 -0.508822 1.5
      vertex 1.89802 -0.59305 1.5
    endloop
  endfacet
  facet normal -0 0 1
    outer loop
      vertex 1.58872 0.507455 1.5
      vertex 1.59366 -0.508822 1.5
      vertex 1.59366 0.508822 1.5
    endloop
  endfacet
  facet normal 0 0 1
    outer loop
      vertex 1.58872 0.507455 1.5
      vertex 1.58872 -0.507455 1.5
      vertex 1.59366 -0.508822 1.5
    endloop
  endfacet
  facet normal -0 0 1
    outer loop
      vertex 1.58372 0.506332 1.5
      vertex 1.58872 -0.507455 1.5
      vertex 1.58872 0.507455 1.5
    endloop
  endfacet
  facet normal 0 0 1
    outer loop
      vertex 1.58372 0.506332 1.5
      vertex 1.58372 -0.506332 1.5
      vertex 1.58872 -0.507455 1.5
    endloop
  endfacet
  facet normal -0 0 1
    outer loop
      vertex 1.2756 0.43714 1.5
      vertex 1.58372 -0.506332 1.5
      vertex 1.58372 0.506332 1.5
    endloop
  endfacet
  facet normal 0 0 1
    outer loop
      vertex 1.2756 0.43714 1.5
      vertex 1.2756 -0.43714 1.5
      vertex 1.58372 -0.506332 1.5
    endloop
  endfacet
  facet normal -0 0 1
    outer loop
      vertex 0.964446 0.38315 1.5
      vertex 1.2756 -0.43714 1.5
      vertex 1.2756 0.43714 1.5
    endloop
  endfacet
  facet normal 0 0 1
    outer loop
      vertex 0.964446 0.38315 1.5
      vertex 0.964446 -0.38315 1.5
      vertex 1.2756 -0.43714 1.5
    endloop
  endfacet
  facet normal -0 0 1
    outer loop
      vertex 0.959396 0.382274 1.5
      vertex 0.964446 -0.38315 1.5
      vertex 0.964446 0.38315 1.5
    endloop
  endfacet
  facet normal 0 0 1
    outer loop
      vertex 0.959396 0.382274 1.5
      vertex 0.959396 -0.382274 1.5
      vertex 0.964446 -0.38315 1.5
    endloop
  endfacet
  facet normal -0 0 1
    outer loop
      vertex 0.95431 0.381646 1.5
      vertex 0.959396 -0.382274 1.5
      vertex 0.959396 0.382274 1.5
    endloop
  endfacet
  facet normal 0 0 1
    outer loop
      vertex 0.95431 0.381646 1.5
      vertex 0.95431 -0.381646 1.5
      vertex 0.959396 -0.382274 1.5
    endloop
  endfacet
  facet normal -0 0 1
    outer loop
      vertex 0.640884 0.34299 1.5
      vertex 0.95431 -0.381646 1.5
      vertex 0.95431 0.381646 1.5
    endloop
  endfacet
  facet normal 0 0 1
    outer loop
      vertex 0.640884 0.34299 1.5
      vertex 0.640884 -0.34299 1.5
      vertex 0.95431 -0.381646 1.5
    endloop
  endfacet
  facet normal -0 0 1
    outer loop
      vertex 0.32594 0.319758 1.5
      vertex 0.640884 -0.34299 1.5
      vertex 0.640884 0.34299 1.5
    endloop
  endfacet
  facet normal 0 0 1
    outer loop
      vertex 0.32594 0.319758 1.5
      vertex 0.32594 -0.319758 1.5
      vertex 0.640884 -0.34299 1.5
    endloop
  endfacet
  facet normal -0 0 1
    outer loop
      vertex 0.320829 0.319381 1.5
      vertex 0.32594 -0.319758 1.5
      vertex 0.32594 0.319758 1.5
    endloop
  endfacet
  facet normal 0 0 1
    outer loop
      vertex 0.320829 0.319381 1.5
      vertex 0.320829 -0.319381 1.5
      vertex 0.32594 -0.319758 1.5
    endloop
  endfacet
  facet normal -0 0 1
    outer loop
      vertex 0.315705 0.319255 1.5
      vertex 0.320829 -0.319381 1.5
      vertex 0.320829 0.319381 1.5
    endloop
  endfacet
  facet normal 0 0 1
    outer loop
      vertex 0.315705 0.319255 1.5
      vertex 0.315705 -0.319255 1.5
      vertex 0.320829 -0.319381 1.5
    endloop
  endfacet
  facet normal -0 0 1
    outer loop
      vertex 0 0.311505 1.5
      vertex 0.315705 -0.319255 1.5
      vertex 0.315705 0.319255 1.5
    endloop
  endfacet
  facet normal 0 0 1
    outer loop
      vertex 0 0.311505 1.5
      vertex 0 -0.311505 1.5
      vertex 0.315705 -0.319255 1.5
    endloop
  endfacet
  facet normal 0 0 1
    outer loop
      vertex -0.315705 0.319255 1.5
      vertex 0 -0.311505 1.5
      vertex 0 0.311505 1.5
    endloop
  endfacet
  facet normal 0 0 1
    outer loop
      vertex -0.315705 0.319255 1.5
      vertex -0.315705 -0.319255 1.5
      vertex 0 -0.311505 1.5
    endloop
  endfacet
  facet normal 0 0 1
    outer loop
      vertex -0.320829 0.319381 1.5
      vertex -0.315705 -0.319255 1.5
      vertex -0.315705 0.319255 1.5
    endloop
  endfacet
  facet normal 0 0 1
    outer loop
      vertex -0.320829 0.319381 1.5
      vertex -0.320829 -0.319381 1.5
      vertex -0.315705 -0.319255 1.5
    endloop
  endfacet
  facet normal 0 0 1
    outer loop
      vertex -0.32594 0.319758 1.5
      vertex -0.320829 -0.319381 1.5
      vertex -0.320829 0.319381 1.5
    endloop
  endfacet
  facet normal 0 0 1
    outer loop
      vertex -0.32594 0.319758 1.5
      vertex -0.32594 -0.319758 1.5
      vertex -0.320829 -0.319381 1.5
    endloop
  endfacet
  facet normal 0 0 1
    outer loop
      vertex -0.640884 0.34299 1.5
      vertex -0.32594 -0.319758 1.5
      vertex -0.32594 0.319758 1.5
    endloop
  endfacet
  facet normal 0 0 1
    outer loop
      vertex -0.640884 0.34299 1.5
      vertex -0.640884 -0.34299 1.5
      vertex -0.32594 -0.319758 1.5
    endloop
  endfacet
  facet normal 0 0 1
    outer loop
      vertex -0.95431 0.381646 1.5
      vertex -0.640884 -0.34299 1.5
      vertex -0.640884 0.34299 1.5
    endloop
  endfacet
  facet normal 0 0 1
    outer loop
      vertex -0.95431 0.381646 1.5
      vertex -0.95431 -0.381646 1.5
      vertex -0.640884 -0.34299 1.5
    endloop
  endfacet
  facet normal 0 0 1
    outer loop
      vertex -0.959396 0.382274 1.5
      vertex -0.95431 -0.381646 1.5
      vertex -0.95431 0.381646 1.5
    endloop
  endfacet
  facet normal 0 0 1
    outer loop
      vertex -0.959396 0.382274 1.5
      vertex -0.959396 -0.382274 1.5
      vertex -0.95431 -0.381646 1.5
    endloop
  endfacet
  facet normal 0 0 1
    outer loop
      vertex -0.964446 0.38315 1.5
      vertex -0.959396 -0.382274 1.5
      vertex -0.959396 0.382274 1.5
    endloop
  endfacet
  facet normal 0 0 1
    outer loop
      vertex -0.964446 0.38315 1.5
      vertex -0.964446 -0.38315 1.5
      vertex -0.959396 -0.382274 1.5
    endloop
  endfacet
  facet normal 0 0 1
    outer loop
      vertex -1.2756 0.43714 1.5
      vertex -0.964446 -0.38315 1.5
      vertex -0.964446 0.38315 1.5
    endloop
  endfacet
  facet normal 0 0 1
    outer loop
      vertex -1.2756 0.43714 1.5
      vertex -1.2756 -0.43714 1.5
      vertex -0.964446 -0.38315 1.5
    endloop
  endfacet
  facet normal 0 0 1
    outer loop
      vertex -1.58372 0.506332 1.5
      vertex -1.2756 -0.43714 1.5
      vertex -1.2756 0.43714 1.5
    endloop
  endfacet
  facet normal 0 0 1
    outer loop
      vertex -1.58372 0.506332 1.5
      vertex -1.58372 -0.506332 1.5
      vertex -1.2756 -0.43714 1.5
    endloop
  endfacet
  facet normal 0 0 1
    outer loop
      vertex -1.58872 0.507455 1.5
      vertex -1.58372 -0.506332 1.5
      vertex -1.58372 0.506332 1.5
    endloop
  endfacet
  facet normal 0 0 1
    outer loop
      vertex -1.58872 0.507455 1.5
      vertex -1.58872 -0.507455 1.5
      vertex -1.58372 -0.506332 1.5
    endloop
  endfacet
  facet normal 0 0 1
    outer loop
      vertex -1.59366 0.508822 1.5
      vertex -1.58872 -0.507455 1.5
      vertex -1.58872 0.507455 1.5
    endloop
  endfacet
  facet normal 0 0 1
    outer loop
      vertex -1.59366 0.508822 1.5
      vertex -1.59366 -0.508822 1.5
      vertex -1.58872 -0.507455 1.5
    endloop
  endfacet
  facet normal 0 0 1
    outer loop
      vertex -1.89802 0.59305 1.5
      vertex -1.59366 -0.508822 1.5
      vertex -1.59366 0.508822 1.5
    endloop
  endfacet
  facet normal 0 0 1
    outer loop
      vertex -1.89802 0.59305 1.5
      vertex -1.89802 -0.59305 1.5
      vertex -1.59366 -0.508822 1.5
    endloop
  endfacet
  facet normal 0 0 1
    outer loop
      vertex -1.90289 0.594658 1.5
      vertex -1.89802 -0.59305 1.5
      vertex -1.89802 0.59305 1.5
    endloop
  endfacet
  facet normal 0 0 1
    outer loop
      vertex -1.90289 0.594658 1.5
      vertex -1.90289 -0.594658 1.5
      vertex -1.89802 -0.59305 1.5
    endloop
  endfacet
  facet normal 0 0 1
    outer loop
      vertex -2.20275 0.693718 1.5
      vertex -1.90289 -0.594658 1.5
      vertex -1.90289 0.594658 1.5
    endloop
  endfacet
  facet normal 0 0 1
    outer loop
      vertex -2.20275 0.693718 1.5
      vertex -2.20275 -0.693718 1.5
      vertex -1.90289 -0.594658 1.5
    endloop
  endfacet
  facet normal 0 0 1
    outer loop
      vertex -2.49739 0.807373 1.5
      vertex -2.20275 -0.693718 1.5
      vertex -2.20275 0.693718 1.5
    endloop
  endfacet
  facet normal 0 0 1
    outer loop
      vertex -2.49739 0.807373 1.5
      vertex -2.49739 -0.807373 1.5
      vertex -2.20275 -0.693718 1.5
    endloop
  endfacet
  facet normal 0 0 1
    outer loop
      vertex -2.50217 0.809218 1.5
      vertex -2.49739 -0.807373 1.5
      vertex -2.49739 0.807373 1.5
    endloop
  endfacet
  facet normal 0 0 1
    outer loop
      vertex -2.50217 0.809218 1.5
      vertex -2.50217 -0.809218 1.5
      vertex -2.49739 -0.807373 1.5
    endloop
  endfacet
  facet normal 0 0 1
    outer loop
      vertex -2.50686 0.811295 1.5
      vertex -2.50217 -0.809218 1.5
      vertex -2.50217 0.809218 1.5
    endloop
  endfacet
  facet normal 0 0 1
    outer loop
      vertex -2.50686 0.811295 1.5
      vertex -2.50686 -0.811295 1.5
      vertex -2.50217 -0.809218 1.5
    endloop
  endfacet
  facet normal 0 0 1
    outer loop
      vertex -2.79557 0.93927 1.5
      vertex -2.50686 -0.811295 1.5
      vertex -2.50686 0.811295 1.5
    endloop
  endfacet
  facet normal 0 0 1
    outer loop
      vertex -2.79557 0.93927 1.5
      vertex -2.79557 -0.93927 1.5
      vertex -2.50686 -0.811295 1.5
    endloop
  endfacet
  facet normal 0 0 1
    outer loop
      vertex -2.80014 0.941575 1.5
      vertex -2.79557 -0.93927 1.5
      vertex -2.79557 0.93927 1.5
    endloop
  endfacet
  facet normal 0 0 1
    outer loop
      vertex -2.80014 0.941575 1.5
      vertex -2.80014 -0.941575 1.5
      vertex -2.79557 -0.93927 1.5
    endloop
  endfacet
  facet normal 0 0 1
    outer loop
      vertex -3.08223 1.08356 1.5
      vertex -2.80014 -0.941575 1.5
      vertex -2.80014 0.941575 1.5
    endloop
  endfacet
  facet normal 0 0 1
    outer loop
      vertex -3.08223 1.08356 1.5
      vertex -3.08223 -1.08356 1.5
      vertex -2.80014 -0.941575 1.5
    endloop
  endfacet
  facet normal 0 0 1
    outer loop
      vertex -3.08668 1.08609 1.5
      vertex -3.08223 -1.08356 1.5
      vertex -3.08223 1.08356 1.5
    endloop
  endfacet
  facet normal 0 0 1
    outer loop
      vertex -3.08668 1.08609 1.5
      vertex -3.08668 -1.08609 1.5
      vertex -3.08223 -1.08356 1.5
    endloop
  endfacet
  facet normal 0 0 1
    outer loop
      vertex -3.36146 1.24175 1.5
      vertex -3.08668 -1.08609 1.5
      vertex -3.08668 1.08609 1.5
    endloop
  endfacet
  facet normal 0 0 1
    outer loop
      vertex -3.36146 1.24175 1.5
      vertex -3.36146 -1.24175 1.5
      vertex -3.08668 -1.08609 1.5
    endloop
  endfacet
  facet normal 0 0 1
    outer loop
      vertex -3.62826 1.4107 1.5
      vertex -3.36146 -1.24175 1.5
      vertex -3.36146 1.24175 1.5
    endloop
  endfacet
  facet normal 0 0 1
    outer loop
      vertex -3.62826 1.4107 1.5
      vertex -3.62826 -1.4107 1.5
      vertex -3.36146 -1.24175 1.5
    endloop
  endfacet
  facet normal 0 0 1
    outer loop
      vertex -3.63259 1.41344 1.5
      vertex -3.62826 -1.4107 1.5
      vertex -3.62826 1.4107 1.5
    endloop
  endfacet
  facet normal 0 0 1
    outer loop
      vertex -3.63259 1.41344 1.5
      vertex -3.63259 -1.41344 1.5
      vertex -3.62826 -1.4107 1.5
    endloop
  endfacet
  facet normal 0 0 1
    outer loop
      vertex -3.63678 1.41639 1.5
      vertex -3.63259 -1.41344 1.5
      vertex -3.63259 1.41344 1.5
    endloop
  endfacet
  facet normal 0 0 1
    outer loop
      vertex -3.63678 1.41639 1.5
      vertex -3.63678 -1.41639 1.5
      vertex -3.63259 -1.41344 1.5
    endloop
  endfacet
  facet normal 0 0 1
    outer loop
      vertex -3.89498 1.59823 1.5
      vertex -3.63678 -1.41639 1.5
      vertex -3.63678 1.41639 1.5
    endloop
  endfacet
  facet normal 0 0 1
    outer loop
      vertex -3.89498 1.59823 1.5
      vertex -3.89498 -1.59823 1.5
      vertex -3.63678 -1.41639 1.5
    endloop
  endfacet
  facet normal 0 0 1
    outer loop
      vertex -3.89902 1.60138 1.5
      vertex -3.89498 -1.59823 1.5
      vertex -3.89498 1.59823 1.5
    endloop
  endfacet
  facet normal 0 0 1
    outer loop
      vertex -3.89902 1.60138 1.5
      vertex -3.89902 -1.60138 1.5
      vertex -3.89498 -1.59823 1.5
    endloop
  endfacet
  facet normal 0 0 1
    outer loop
      vertex -4.14798 1.79567 1.5
      vertex -3.89902 -1.60138 1.5
      vertex -3.89902 1.60138 1.5
    endloop
  endfacet
  facet normal 0 0 1
    outer loop
      vertex -4.14798 1.79567 1.5
      vertex -4.14798 -1.79567 1.5
      vertex -3.89902 -1.60138 1.5
    endloop
  endfacet
  facet normal 0 0 1
    outer loop
      vertex -4.15186 1.79902 1.5
      vertex -4.14798 -1.79567 1.5
      vertex -4.14798 1.79567 1.5
    endloop
  endfacet
  facet normal 0 0 1
    outer loop
      vertex -4.15186 1.79902 1.5
      vertex -4.15186 -1.79902 1.5
      vertex -4.14798 -1.79567 1.5
    endloop
  endfacet
  facet normal 0 0 1
    outer loop
      vertex -4.39098 2.00529 1.5
      vertex -4.15186 -1.79902 1.5
      vertex -4.15186 1.79902 1.5
    endloop
  endfacet
  facet normal 0 0 1
    outer loop
      vertex -4.39098 2.00529 1.5
      vertex -4.39098 -2.00529 1.5
      vertex -4.15186 -1.79902 1.5
    endloop
  endfacet
  facet normal 0 0 1
    outer loop
      vertex -4.6197 2.22305 1.5
      vertex -4.39098 -2.00529 1.5
      vertex -4.39098 2.00529 1.5
    endloop
  endfacet
  facet normal 0 0 1
    outer loop
      vertex -4.6197 2.22305 1.5
      vertex -4.6197 -2.22305 1.5
      vertex -4.39098 -2.00529 1.5
    endloop
  endfacet
  facet normal 0 0 1
    outer loop
      vertex -4.62341 2.22659 1.5
      vertex -4.6197 -2.22305 1.5
      vertex -4.6197 2.22305 1.5
    endloop
  endfacet
  facet normal 0 0 1
    outer loop
      vertex -4.62341 2.22659 1.5
      vertex -4.62341 -2.22659 1.5
      vertex -4.6197 -2.22305 1.5
    endloop
  endfacet
  facet normal 0 0 1
    outer loop
      vertex -4.62695 2.2303 1.5
      vertex -4.62341 -2.22659 1.5
      vertex -4.62341 2.22659 1.5
    endloop
  endfacet
  facet normal 0 0 1
    outer loop
      vertex -4.62695 2.2303 1.5
      vertex -4.62695 -2.2303 1.5
      vertex -4.62341 -2.22659 1.5
    endloop
  endfacet
  facet normal 0 0 1
    outer loop
      vertex -10.507 0 1.5
      vertex -4.62695 2.2303 1.5
      vertex -4.84471 2.45902 1.5
    endloop
  endfacet
  facet normal 0 0 1
    outer loop
      vertex -4.62695 2.2303 1.5
      vertex -10.507 0 1.5
      vertex -4.62695 -2.2303 1.5
    endloop
  endfacet
  facet normal 0 0 1
    outer loop
      vertex -10.5166 0.195351 1.5
      vertex -4.84471 2.45902 1.5
      vertex -5.05098 2.69814 1.5
    endloop
  endfacet
  facet normal 0 0 1
    outer loop
      vertex -4.62695 -2.2303 1.5
      vertex -10.507 0 1.5
      vertex -4.84471 -2.45902 1.5
    endloop
  endfacet
  facet normal 0 0 1
    outer loop
      vertex -10.5166 0.195351 1.5
      vertex -5.05098 2.69814 1.5
      vertex -5.05433 2.70202 1.5
    endloop
  endfacet
  facet normal -0 0 1
    outer loop
      vertex -10.507 -0.000462493 1.5
      vertex -4.84471 -2.45902 1.5
      vertex -10.507 0 1.5
    endloop
  endfacet
  facet normal 0 0 1
    outer loop
      vertex -10.5453 0.388821 1.5
      vertex -5.05433 2.70202 1.5
      vertex -5.24862 2.95098 1.5
    endloop
  endfacet
  facet normal -0 0 1
    outer loop
      vertex -10.5094 -0.0977931 1.5
      vertex -4.84471 -2.45902 1.5
      vertex -10.507 -0.000462493 1.5
    endloop
  endfacet
  facet normal 0 0 1
    outer loop
      vertex -10.5453 0.388821 1.5
      vertex -5.24862 2.95098 1.5
      vertex -5.25177 2.95502 1.5
    endloop
  endfacet
  facet normal -0 0 1
    outer loop
      vertex -10.5165 -0.194889 1.5
      vertex -4.84471 -2.45902 1.5
      vertex -10.5094 -0.0977931 1.5
    endloop
  endfacet
  facet normal 0 0 1
    outer loop
      vertex -10.5453 0.388821 1.5
      vertex -5.25177 2.95502 1.5
      vertex -5.43361 3.21322 1.5
    endloop
  endfacet
  facet normal -0 0 1
    outer loop
      vertex -10.5166 -0.195351 1.5
      vertex -4.84471 -2.45902 1.5
      vertex -10.5165 -0.194889 1.5
    endloop
  endfacet
  facet normal 0 0 1
    outer loop
      vertex -10.5453 0.388821 1.5
      vertex -5.43361 3.21322 1.5
      vertex -5.43656 3.21741 1.5
    endloop
  endfacet
  facet normal 0 0 1
    outer loop
      vertex -4.84471 -2.45902 1.5
      vertex -10.5166 -0.195351 1.5
      vertex -5.05098 -2.69814 1.5
    endloop
  endfacet
  facet normal 0 0 1
    outer loop
      vertex -10.5453 0.388821 1.5
      vertex -5.43656 3.21741 1.5
      vertex -5.4393 3.22174 1.5
    endloop
  endfacet
  facet normal 0 0 1
    outer loop
      vertex -5.05098 -2.69814 1.5
      vertex -10.5166 -0.195351 1.5
      vertex -5.05433 -2.70202 1.5
    endloop
  endfacet
  facet normal 0 0 1
    outer loop
      vertex -10.5453 0.388821 1.5
      vertex -5.4393 3.22174 1.5
      vertex -5.60825 3.48854 1.5
    endloop
  endfacet
  facet normal -0 0 1
    outer loop
      vertex -10.5285 -0.291979 1.5
      vertex -5.05433 -2.70202 1.5
      vertex -10.5166 -0.195351 1.5
    endloop
  endfacet
  facet normal 0 0 1
    outer loop
      vertex -10.5453 0.388821 1.5
      vertex -5.60825 3.48854 1.5
      vertex -5.76391 3.76332 1.5
    endloop
  endfacet
  facet normal -0 0 1
    outer loop
      vertex -10.5285 -0.292439 1.5
      vertex -5.05433 -2.70202 1.5
      vertex -10.5285 -0.291979 1.5
    endloop
  endfacet
  facet normal 0 0 1
    outer loop
      vertex -10.5453 0.388821 1.5
      vertex -5.76391 3.76332 1.5
      vertex -5.76644 3.76777 1.5
    endloop
  endfacet
  facet normal -0 0 1
    outer loop
      vertex -10.5286 -0.292894 1.5
      vertex -5.05433 -2.70202 1.5
      vertex -10.5285 -0.292439 1.5
    endloop
  endfacet
  facet normal 0 0 1
    outer loop
      vertex -10.5453 0.388821 1.5
      vertex -5.76644 3.76777 1.5
      vertex -5.90842 4.04986 1.5
    endloop
  endfacet
  facet normal -0 0 1
    outer loop
      vertex -10.5453 -0.388821 1.5
      vertex -5.05433 -2.70202 1.5
      vertex -10.5286 -0.292894 1.5
    endloop
  endfacet
  facet normal 0 0 1
    outer loop
      vertex -10.5453 0.388821 1.5
      vertex -5.90842 4.04986 1.5
      vertex -5.91073 4.05443 1.5
    endloop
  endfacet
  facet normal 0 0 1
    outer loop
      vertex -5.05433 -2.70202 1.5
      vertex -10.5453 -0.388821 1.5
      vertex -5.24862 -2.95098 1.5
    endloop
  endfacet
  facet normal 0 0 1
    outer loop
      vertex -10.5453 0.388821 1.5
      vertex -5.91073 4.05443 1.5
      vertex -6.0387 4.34314 1.5
    endloop
  endfacet
  facet normal 0 0 1
    outer loop
      vertex -5.24862 -2.95098 1.5
      vertex -10.5453 -0.388821 1.5
      vertex -5.25177 -2.95502 1.5
    endloop
  endfacet
  facet normal 0 0 1
    outer loop
      vertex -10.5453 0.388821 1.5
      vertex -6.0387 4.34314 1.5
      vertex -6.04078 4.34783 1.5
    endloop
  endfacet
  facet normal -0 0 1
    outer loop
      vertex -10.5666 -0.483816 1.5
      vertex -5.25177 -2.95502 1.5
      vertex -10.5453 -0.388821 1.5
    endloop
  endfacet
  facet normal 0 0 1
    outer loop
      vertex -10.5453 0.388821 1.5
      vertex -6.04078 4.34783 1.5
      vertex -6.04263 4.35261 1.5
    endloop
  endfacet
  facet normal -0 0 1
    outer loop
      vertex -10.5667 -0.484267 1.5
      vertex -5.25177 -2.95502 1.5
      vertex -10.5666 -0.483816 1.5
    endloop
  endfacet
  facet normal 0 0 1
    outer loop
      vertex -10.5453 0.388821 1.5
      vertex -6.04263 4.35261 1.5
      vertex -6.15628 4.64725 1.5
    endloop
  endfacet
  facet normal -0 0 1
    outer loop
      vertex -10.5927 -0.578101 1.5
      vertex -5.25177 -2.95502 1.5
      vertex -10.5667 -0.484267 1.5
    endloop
  endfacet
  facet normal 0 0 1
    outer loop
      vertex -10.5453 0.388821 1.5
      vertex -6.15628 4.64725 1.5
      vertex -6.25534 4.94711 1.5
    endloop
  endfacet
  facet normal 0 0 1
    outer loop
      vertex -5.25177 -2.95502 1.5
      vertex -10.5927 -0.578101 1.5
      vertex -5.43361 -3.21322 1.5
    endloop
  endfacet
  facet normal 0 0 1
    outer loop
      vertex -10.5453 0.388821 1.5
      vertex -6.25534 4.94711 1.5
      vertex -6.25695 4.95198 1.5
    endloop
  endfacet
  facet normal -0 0 1
    outer loop
      vertex -10.5928 -0.578547 1.5
      vertex -5.43361 -3.21322 1.5
      vertex -10.5927 -0.578101 1.5
    endloop
  endfacet
  facet normal 0 0 1
    outer loop
      vertex -10.5453 0.388821 1.5
      vertex -6.25695 4.95198 1.5
      vertex -6.34118 5.25634 1.5
    endloop
  endfacet
  facet normal 0 0 1
    outer loop
      vertex -5.43361 -3.21322 1.5
      vertex -10.5928 -0.578547 1.5
      vertex -5.43656 -3.21741 1.5
    endloop
  endfacet
  facet normal 0 0 1
    outer loop
      vertex -10.5453 0.388821 1.5
      vertex -6.34118 5.25634 1.5
      vertex -6.34255 5.26128 1.5
    endloop
  endfacet
  facet normal -0 0 1
    outer loop
      vertex -10.6233 -0.670993 1.5
      vertex -5.43656 -3.21741 1.5
      vertex -10.5928 -0.578547 1.5
    endloop
  endfacet
  facet normal 0 0 1
    outer loop
      vertex -10.5453 0.388821 1.5
      vertex -6.34255 5.26128 1.5
      vertex -6.34367 5.26628 1.5
    endloop
  endfacet
  facet normal -0 0 1
    outer loop
      vertex -10.6235 -0.671432 1.5
      vertex -5.43656 -3.21741 1.5
      vertex -10.6233 -0.670993 1.5
    endloop
  endfacet
  facet normal 0 0 1
    outer loop
      vertex -10.5453 0.388821 1.5
      vertex -6.34367 5.26628 1.5
      vertex -6.41286 5.5744 1.5
    endloop
  endfacet
  facet normal 0 0 1
    outer loop
      vertex -5.43656 -3.21741 1.5
      vertex -10.6235 -0.671432 1.5
      vertex -5.4393 -3.22174 1.5
    endloop
  endfacet
  facet normal 0 0 1
    outer loop
      vertex -10.5453 0.388821 1.5
      vertex -6.41286 5.5744 1.5
      vertex -6.46685 5.88555 1.5
    endloop
  endfacet
  facet normal -0 0 1
    outer loop
      vertex -10.6236 -0.671864 1.5
      vertex -5.4393 -3.22174 1.5
      vertex -10.6235 -0.671432 1.5
    endloop
  endfacet
  facet normal 0 0 1
    outer loop
      vertex -10.5453 0.388821 1.5
      vertex -6.46685 5.88555 1.5
      vertex -6.46773 5.8906 1.5
    endloop
  endfacet
  facet normal -0 0 1
    outer loop
      vertex -10.6587 -0.7627 1.5
      vertex -5.4393 -3.22174 1.5
      vertex -10.6236 -0.671864 1.5
    endloop
  endfacet
  facet normal 0 0 1
    outer loop
      vertex -10.5453 0.388821 1.5
      vertex -6.46773 5.8906 1.5
      vertex -6.46835 5.89569 1.5
    endloop
  endfacet
  facet normal 0 0 1
    outer loop
      vertex -5.4393 -3.22174 1.5
      vertex -10.6587 -0.7627 1.5
      vertex -5.60825 -3.48854 1.5
    endloop
  endfacet
  facet normal 0 0 1
    outer loop
      vertex -10.5453 0.388821 1.5
      vertex -6.46835 5.89569 1.5
      vertex -6.50701 6.20912 1.5
    endloop
  endfacet
  facet normal -0 0 1
    outer loop
      vertex -10.6981 -0.851708 1.5
      vertex -5.60825 -3.48854 1.5
      vertex -10.6587 -0.7627 1.5
    endloop
  endfacet
  facet normal 0 0 1
    outer loop
      vertex -10.5453 0.388821 1.5
      vertex -6.50701 6.20912 1.5
      vertex -6.53024 6.52406 1.5
    endloop
  endfacet
  facet normal -0 0 1
    outer loop
      vertex -10.6983 -0.852131 1.5
      vertex -5.60825 -3.48854 1.5
      vertex -10.6981 -0.851708 1.5
    endloop
  endfacet
  facet normal 0 0 1
    outer loop
      vertex -10.5453 0.388821 1.5
      vertex -6.53024 6.52406 1.5
      vertex -6.53062 6.52917 1.5
    endloop
  endfacet
  facet normal 0 0 1
    outer loop
      vertex -6.46835 -5.89569 1.5
      vertex -10.3591 -10.3591 1.5
      vertex -6.50701 -6.20912 1.5
    endloop
  endfacet
  facet normal 0 0 1
    outer loop
      vertex -10.5453 0.388821 1.5
      vertex -6.53062 6.52917 1.5
      vertex -6.53075 6.5343 1.5
    endloop
  endfacet
  facet normal 0 0 1
    outer loop
      vertex -6.50701 -6.20912 1.5
      vertex -10.3591 -10.3591 1.5
      vertex -6.53024 -6.52406 1.5
    endloop
  endfacet
  facet normal 0 0 1
    outer loop
      vertex -10.5453 0.388821 1.5
      vertex -6.53075 6.5343 1.5
      vertex -6.5385 6.85 1.5
    endloop
  endfacet
  facet normal 0 0 1
    outer loop
      vertex -6.53024 -6.52406 1.5
      vertex -10.3591 -10.3591 1.5
      vertex -6.53062 -6.52917 1.5
    endloop
  endfacet
  facet normal -0 0 1
    outer loop
      vertex 6.46685 -7.81445 1.5
      vertex 10.8549 -9.83834 1.5
      vertex 6.46773 -7.8094 1.5
    endloop
  endfacet
  facet normal -0 0 1
    outer loop
      vertex 6.41286 -8.1256 1.5
      vertex 10.8549 -9.83834 1.5
      vertex 6.46685 -7.81445 1.5
    endloop
  endfacet
  facet normal 0 0 1
    outer loop
      vertex 10.8549 -9.83834 1.5
      vertex 6.41286 -8.1256 1.5
      vertex 10.3591 -10.3591 1.5
    endloop
  endfacet
  facet normal -0 0 1
    outer loop
      vertex 6.34367 -8.43372 1.5
      vertex 10.3591 -10.3591 1.5
      vertex 6.41286 -8.1256 1.5
    endloop
  endfacet
  facet normal -0 0 1
    outer loop
      vertex 6.34255 -8.43872 1.5
      vertex 10.3591 -10.3591 1.5
      vertex 6.34367 -8.43372 1.5
    endloop
  endfacet
  facet normal 0 0 1
    outer loop
      vertex 10.3591 -10.3591 1.5
      vertex 6.34255 -8.43872 1.5
      vertex 9.83834 -10.8549 1.5
    endloop
  endfacet
  facet normal -0 0 1
    outer loop
      vertex 6.34118 -8.44366 1.5
      vertex 9.83834 -10.8549 1.5
      vertex 6.34255 -8.43872 1.5
    endloop
  endfacet
  facet normal -0 0 1
    outer loop
      vertex 6.25695 -8.74802 1.5
      vertex 9.83834 -10.8549 1.5
      vertex 6.34118 -8.44366 1.5
    endloop
  endfacet
  facet normal -0 0 1
    outer loop
      vertex 6.25534 -8.75289 1.5
      vertex 9.83834 -10.8549 1.5
      vertex 6.25695 -8.74802 1.5
    endloop
  endfacet
  facet normal 0 0 1
    outer loop
      vertex 9.83834 -10.8549 1.5
      vertex 6.25534 -8.75289 1.5
      vertex 9.29386 -11.3246 1.5
    endloop
  endfacet
  facet normal -0 0 1
    outer loop
      vertex 6.15628 -9.05275 1.5
      vertex 9.29386 -11.3246 1.5
      vertex 6.25534 -8.75289 1.5
    endloop
  endfacet
  facet normal -0 0 1
    outer loop
      vertex 6.04263 -9.34739 1.5
      vertex 9.29386 -11.3246 1.5
      vertex 6.15628 -9.05275 1.5
    endloop
  endfacet
  facet normal 0 0 1
    outer loop
      vertex 9.29386 -11.3246 1.5
      vertex 6.04263 -9.34739 1.5
      vertex 8.72699 -11.767 1.5
    endloop
  endfacet
  facet normal -0 0 1
    outer loop
      vertex 6.04078 -9.35217 1.5
      vertex 8.72699 -11.767 1.5
      vertex 6.04263 -9.34739 1.5
    endloop
  endfacet
  facet normal -0 0 1
    outer loop
      vertex 6.0387 -9.35686 1.5
      vertex 8.72699 -11.767 1.5
      vertex 6.04078 -9.35217 1.5
    endloop
  endfacet
  facet normal -0 0 1
    outer loop
      vertex 5.91073 -9.64557 1.5
      vertex 8.72699 -11.767 1.5
      vertex 6.0387 -9.35686 1.5
    endloop
  endfacet
  facet normal -0 0 1
    outer loop
      vertex 5.90842 -9.65014 1.5
      vertex 8.72699 -11.767 1.5
      vertex 5.91073 -9.64557 1.5
    endloop
  endfacet
  facet normal 0 0 1
    outer loop
      vertex 8.72699 -11.767 1.5
      vertex 5.90842 -9.65014 1.5
      vertex 8.1391 -12.181 1.5
    endloop
  endfacet
  facet normal -0 0 1
    outer loop
      vertex 5.76644 -9.93223 1.5
      vertex 8.1391 -12.181 1.5
      vertex 5.90842 -9.65014 1.5
    endloop
  endfacet
  facet normal -0 0 1
    outer loop
      vertex 5.76391 -9.93668 1.5
      vertex 8.1391 -12.181 1.5
      vertex 5.76644 -9.93223 1.5
    endloop
  endfacet
  facet normal -0 0 1
    outer loop
      vertex 5.60825 -10.2115 1.5
      vertex 8.1391 -12.181 1.5
      vertex 5.76391 -9.93668 1.5
    endloop
  endfacet
  facet normal 0 0 1
    outer loop
      vertex 8.1391 -12.181 1.5
      vertex 5.60825 -10.2115 1.5
      vertex 7.5316 -12.5657 1.5
    endloop
  endfacet
  facet normal -0 0 1
    outer loop
      vertex 5.4393 -10.4783 1.5
      vertex 7.5316 -12.5657 1.5
      vertex 5.60825 -10.2115 1.5
    endloop
  endfacet
  facet normal -0 0 1
    outer loop
      vertex 5.43656 -10.4826 1.5
      vertex 7.5316 -12.5657 1.5
      vertex 5.4393 -10.4783 1.5
    endloop
  endfacet
  facet normal -0 0 1
    outer loop
      vertex 5.43361 -10.4868 1.5
      vertex 7.5316 -12.5657 1.5
      vertex 5.43656 -10.4826 1.5
    endloop
  endfacet
  facet normal -0 0 1
    outer loop
      vertex 5.25177 -10.745 1.5
      vertex 7.5316 -12.5657 1.5
      vertex 5.43361 -10.4868 1.5
    endloop
  endfacet
  facet normal 0 0 1
    outer loop
      vertex 7.5316 -12.5657 1.5
      vertex 5.25177 -10.745 1.5
      vertex 6.90596 -12.9201 1.5
    endloop
  endfacet
  facet normal -0 0 1
    outer loop
      vertex 5.24862 -10.749 1.5
      vertex 6.90596 -12.9201 1.5
      vertex 5.25177 -10.745 1.5
    endloop
  endfacet
  facet normal -0 0 1
    outer loop
      vertex 5.05433 -10.998 1.5
      vertex 6.90596 -12.9201 1.5
      vertex 5.24862 -10.749 1.5
    endloop
  endfacet
  facet normal -0 0 1
    outer loop
      vertex 5.05098 -11.0019 1.5
      vertex 6.90596 -12.9201 1.5
      vertex 5.05433 -10.998 1.5
    endloop
  endfacet
  facet normal 0 0 1
    outer loop
      vertex 6.90596 -12.9201 1.5
      vertex 5.05098 -11.0019 1.5
      vertex 6.26368 -13.2434 1.5
    endloop
  endfacet
  facet normal -0 0 1
    outer loop
      vertex 4.84471 -11.241 1.5
      vertex 6.26368 -13.2434 1.5
      vertex 5.05098 -11.0019 1.5
    endloop
  endfacet
  facet normal -0 0 1
    outer loop
      vertex 4.62695 -11.4697 1.5
      vertex 6.26368 -13.2434 1.5
      vertex 4.84471 -11.241 1.5
    endloop
  endfacet
  facet normal -0 0 1
    outer loop
      vertex 4.62341 -11.4734 1.5
      vertex 6.26368 -13.2434 1.5
      vertex 4.62695 -11.4697 1.5
    endloop
  endfacet
  facet normal 0 0 1
    outer loop
      vertex 6.26368 -13.2434 1.5
      vertex 4.62341 -11.4734 1.5
      vertex 5.60631 -13.5348 1.5
    endloop
  endfacet
  facet normal -0 0 1
    outer loop
      vertex 4.6197 -11.4769 1.5
      vertex 5.60631 -13.5348 1.5
      vertex 4.62341 -11.4734 1.5
    endloop
  endfacet
  facet normal -0 0 1
    outer loop
      vertex 4.39098 -11.6947 1.5
      vertex 5.60631 -13.5348 1.5
      vertex 4.6197 -11.4769 1.5
    endloop
  endfacet
  facet normal -0 0 1
    outer loop
      vertex 4.15186 -11.901 1.5
      vertex 5.60631 -13.5348 1.5
      vertex 4.39098 -11.6947 1.5
    endloop
  endfacet
  facet normal 0 0 1
    outer loop
      vertex 5.60631 -13.5348 1.5
      vertex 4.15186 -11.901 1.5
      vertex 4.93544 -13.7936 1.5
    endloop
  endfacet
  facet normal -0 0 1
    outer loop
      vertex 4.14798 -11.9043 1.5
      vertex 4.93544 -13.7936 1.5
      vertex 4.15186 -11.901 1.5
    endloop
  endfacet
  facet normal -0 0 1
    outer loop
      vertex 3.89902 -12.0986 1.5
      vertex 4.93544 -13.7936 1.5
      vertex 4.14798 -11.9043 1.5
    endloop
  endfacet
  facet normal -0 0 1
    outer loop
      vertex 3.89498 -12.1018 1.5
      vertex 4.93544 -13.7936 1.5
      vertex 3.89902 -12.0986 1.5
    endloop
  endfacet
  facet normal -0 0 1
    outer loop
      vertex 3.63678 -12.2836 1.5
      vertex 4.93544 -13.7936 1.5
      vertex 3.89498 -12.1018 1.5
    endloop
  endfacet
  facet normal 0 0 1
    outer loop
      vertex 4.93544 -13.7936 1.5
      vertex 3.63678 -12.2836 1.5
      vertex 4.25267 -14.0192 1.5
    endloop
  endfacet
  facet normal -0 0 1
    outer loop
      vertex 3.63259 -12.2866 1.5
      vertex 4.25267 -14.0192 1.5
      vertex 3.63678 -12.2836 1.5
    endloop
  endfacet
  facet normal -0 0 1
    outer loop
      vertex 3.62826 -12.2893 1.5
      vertex 4.25267 -14.0192 1.5
      vertex 3.63259 -12.2866 1.5
    endloop
  endfacet
  facet normal -0 0 1
    outer loop
      vertex 3.36146 -12.4583 1.5
      vertex 4.25267 -14.0192 1.5
      vertex 3.62826 -12.2893 1.5
    endloop
  endfacet
  facet normal 0 0 1
    outer loop
      vertex 4.25267 -14.0192 1.5
      vertex 3.36146 -12.4583 1.5
      vertex 3.55966 -14.211 1.5
    endloop
  endfacet
  facet normal -0 0 1
    outer loop
      vertex 3.08668 -12.6139 1.5
      vertex 3.55966 -14.211 1.5
      vertex 3.36146 -12.4583 1.5
    endloop
  endfacet
  facet normal -0 0 1
    outer loop
      vertex 3.08223 -12.6164 1.5
      vertex 3.55966 -14.211 1.5
      vertex 3.08668 -12.6139 1.5
    endloop
  endfacet
  facet normal -0 0 1
    outer loop
      vertex 2.80014 -12.7584 1.5
      vertex 3.55966 -14.211 1.5
      vertex 3.08223 -12.6164 1.5
    endloop
  endfacet
  facet normal -0 0 1
    outer loop
      vertex 2.79557 -12.7607 1.5
      vertex 3.55966 -14.211 1.5
      vertex 2.80014 -12.7584 1.5
    endloop
  endfacet
  facet normal 0 0 1
    outer loop
      vertex 3.55966 -14.211 1.5
      vertex 2.79557 -12.7607 1.5
      vertex 2.85807 -14.3685 1.5
    endloop
  endfacet
  facet normal -0 0 1
    outer loop
      vertex 2.50686 -12.8887 1.5
      vertex 2.85807 -14.3685 1.5
      vertex 2.79557 -12.7607 1.5
    endloop
  endfacet
  facet normal -0 0 1
    outer loop
      vertex 2.50217 -12.8908 1.5
      vertex 2.85807 -14.3685 1.5
      vertex 2.50686 -12.8887 1.5
    endloop
  endfacet
  facet normal -0 0 1
    outer loop
      vertex 2.49739 -12.8926 1.5
      vertex 2.85807 -14.3685 1.5
      vertex 2.50217 -12.8908 1.5
    endloop
  endfacet
  facet normal -0 0 1
    outer loop
      vertex 2.20275 -13.0063 1.5
      vertex 2.85807 -14.3685 1.5
      vertex 2.49739 -12.8926 1.5
    endloop
  endfacet
  facet normal 0 0 1
    outer loop
      vertex 2.20275 -13.0063 1.5
      vertex 2.1496 -14.4914 1.5
      vertex 2.85807 -14.3685 1.5
    endloop
  endfacet
  facet normal -0 0 1
    outer loop
      vertex 1.90289 -13.1053 1.5
      vertex 2.1496 -14.4914 1.5
      vertex 2.20275 -13.0063 1.5
    endloop
  endfacet
  facet normal -0 0 1
    outer loop
      vertex 1.89802 -13.1069 1.5
      vertex 2.1496 -14.4914 1.5
      vertex 1.90289 -13.1053 1.5
    endloop
  endfacet
  facet normal -0 0 1
    outer loop
      vertex 1.59366 -13.1912 1.5
      vertex 2.1496 -14.4914 1.5
      vertex 1.89802 -13.1069 1.5
    endloop
  endfacet
  facet normal -0 0 1
    outer loop
      vertex 1.58872 -13.1925 1.5
      vertex 2.1496 -14.4914 1.5
      vertex 1.59366 -13.1912 1.5
    endloop
  endfacet
  facet normal -0 0 1
    outer loop
      vertex 1.58372 -13.1937 1.5
      vertex 2.1496 -14.4914 1.5
      vertex 1.58872 -13.1925 1.5
    endloop
  endfacet
  facet normal 0 0 1
    outer loop
      vertex 1.58372 -13.1937 1.5
      vertex 1.43595 -14.5795 1.5
      vertex 2.1496 -14.4914 1.5
    endloop
  endfacet
  facet normal -0 0 1
    outer loop
      vertex 1.2756 -13.2629 1.5
      vertex 1.43595 -14.5795 1.5
      vertex 1.58372 -13.1937 1.5
    endloop
  endfacet
  facet normal -0 0 1
    outer loop
      vertex 0.964446 -13.3168 1.5
      vertex 1.43595 -14.5795 1.5
      vertex 1.2756 -13.2629 1.5
    endloop
  endfacet
  facet normal -0 0 1
    outer loop
      vertex 0.959396 -13.3177 1.5
      vertex 1.43595 -14.5795 1.5
      vertex 0.964446 -13.3168 1.5
    endloop
  endfacet
  facet normal -0 0 1
    outer loop
      vertex 0.95431 -13.3184 1.5
      vertex 1.43595 -14.5795 1.5
      vertex 0.959396 -13.3177 1.5
    endloop
  endfacet
  facet normal 0 0 1
    outer loop
      vertex 0.95431 -13.3184 1.5
      vertex 0.718841 -14.6324 1.5
      vertex 1.43595 -14.5795 1.5
    endloop
  endfacet
  facet normal -0 0 1
    outer loop
      vertex 0.640884 -13.357 1.5
      vertex 0.718841 -14.6324 1.5
      vertex 0.95431 -13.3184 1.5
    endloop
  endfacet
  facet normal -0 0 1
    outer loop
      vertex 0.32594 -13.3802 1.5
      vertex 0.718841 -14.6324 1.5
      vertex 0.640884 -13.357 1.5
    endloop
  endfacet
  facet normal -0 0 1
    outer loop
      vertex 0.320829 -13.3806 1.5
      vertex 0.718841 -14.6324 1.5
      vertex 0.32594 -13.3802 1.5
    endloop
  endfacet
  facet normal 0 0 1
    outer loop
      vertex 0 -14.65 1.5
      vertex 0.320829 -13.3806 1.5
      vertex 0.315705 -13.3807 1.5
    endloop
  endfacet
  facet normal 0 0 1
    outer loop
      vertex 0 -14.65 1.5
      vertex 0.315705 -13.3807 1.5
      vertex 0 -13.3885 1.5
    endloop
  endfacet
  facet normal 0 0 1
    outer loop
      vertex 0.320829 -13.3806 1.5
      vertex 0 -14.65 1.5
      vertex 0.718841 -14.6324 1.5
    endloop
  endfacet
  facet normal 0 0 1
    outer loop
      vertex -0.315705 -13.3807 1.5
      vertex 0 -14.65 1.5
      vertex 0 -13.3885 1.5
    endloop
  endfacet
  facet normal 0 0 1
    outer loop
      vertex -0.320829 -13.3806 1.5
      vertex 0 -14.65 1.5
      vertex -0.315705 -13.3807 1.5
    endloop
  endfacet
  facet normal 0 0 1
    outer loop
      vertex -0.718841 -14.6324 1.5
      vertex -0.320829 -13.3806 1.5
      vertex -0.32594 -13.3802 1.5
    endloop
  endfacet
  facet normal 0 0 1
    outer loop
      vertex -0.718841 -14.6324 1.5
      vertex -0.32594 -13.3802 1.5
      vertex -0.640884 -13.357 1.5
    endloop
  endfacet
  facet normal 0 0 1
    outer loop
      vertex -0.320829 -13.3806 1.5
      vertex -0.718841 -14.6324 1.5
      vertex 0 -14.65 1.5
    endloop
  endfacet
  facet normal 0 0 1
    outer loop
      vertex -0.95431 -13.3184 1.5
      vertex -0.718841 -14.6324 1.5
      vertex -0.640884 -13.357 1.5
    endloop
  endfacet
  facet normal 0 0 1
    outer loop
      vertex -1.43595 -14.5795 1.5
      vertex -0.95431 -13.3184 1.5
      vertex -0.959396 -13.3177 1.5
    endloop
  endfacet
  facet normal 0 0 1
    outer loop
      vertex -1.43595 -14.5795 1.5
      vertex -0.959396 -13.3177 1.5
      vertex -0.964446 -13.3168 1.5
    endloop
  endfacet
  facet normal 0 0 1
    outer loop
      vertex -1.43595 -14.5795 1.5
      vertex -0.964446 -13.3168 1.5
      vertex -1.2756 -13.2629 1.5
    endloop
  endfacet
  facet normal 0 0 1
    outer loop
      vertex -0.95431 -13.3184 1.5
      vertex -1.43595 -14.5795 1.5
      vertex -0.718841 -14.6324 1.5
    endloop
  endfacet
  facet normal 0 0 1
    outer loop
      vertex -1.58372 -13.1937 1.5
      vertex -1.43595 -14.5795 1.5
      vertex -1.2756 -13.2629 1.5
    endloop
  endfacet
  facet normal 0 0 1
    outer loop
      vertex -2.1496 -14.4914 1.5
      vertex -1.58372 -13.1937 1.5
      vertex -1.58872 -13.1925 1.5
    endloop
  endfacet
  facet normal 0 0 1
    outer loop
      vertex -2.1496 -14.4914 1.5
      vertex -1.58872 -13.1925 1.5
      vertex -1.59366 -13.1912 1.5
    endloop
  endfacet
  facet normal 0 0 1
    outer loop
      vertex -2.1496 -14.4914 1.5
      vertex -1.59366 -13.1912 1.5
      vertex -1.89802 -13.1069 1.5
    endloop
  endfacet
  facet normal 0 0 1
    outer loop
      vertex -2.1496 -14.4914 1.5
      vertex -1.89802 -13.1069 1.5
      vertex -1.90289 -13.1053 1.5
    endloop
  endfacet
  facet normal 0 0 1
    outer loop
      vertex -1.58372 -13.1937 1.5
      vertex -2.1496 -14.4914 1.5
      vertex -1.43595 -14.5795 1.5
    endloop
  endfacet
  facet normal 0 0 1
    outer loop
      vertex -2.20275 -13.0063 1.5
      vertex -2.1496 -14.4914 1.5
      vertex -1.90289 -13.1053 1.5
    endloop
  endfacet
  facet normal 0 0 1
    outer loop
      vertex -2.85807 -14.3685 1.5
      vertex -2.20275 -13.0063 1.5
      vertex -2.49739 -12.8926 1.5
    endloop
  endfacet
  facet normal 0 0 1
    outer loop
      vertex -2.85807 -14.3685 1.5
      vertex -2.49739 -12.8926 1.5
      vertex -2.50217 -12.8908 1.5
    endloop
  endfacet
  facet normal 0 0 1
    outer loop
      vertex -2.85807 -14.3685 1.5
      vertex -2.50217 -12.8908 1.5
      vertex -2.50686 -12.8887 1.5
    endloop
  endfacet
  facet normal 0 0 1
    outer loop
      vertex -2.85807 -14.3685 1.5
      vertex -2.50686 -12.8887 1.5
      vertex -2.79557 -12.7607 1.5
    endloop
  endfacet
  facet normal 0 0 1
    outer loop
      vertex -3.55966 -14.211 1.5
      vertex -2.79557 -12.7607 1.5
      vertex -2.80014 -12.7584 1.5
    endloop
  endfacet
  facet normal 0 0 1
    outer loop
      vertex -2.20275 -13.0063 1.5
      vertex -2.85807 -14.3685 1.5
      vertex -2.1496 -14.4914 1.5
    endloop
  endfacet
  facet normal 0 0 1
    outer loop
      vertex -3.55966 -14.211 1.5
      vertex -2.80014 -12.7584 1.5
      vertex -3.08223 -12.6164 1.5
    endloop
  endfacet
  facet normal 0 0 1
    outer loop
      vertex -3.55966 -14.211 1.5
      vertex -3.08223 -12.6164 1.5
      vertex -3.08668 -12.6139 1.5
    endloop
  endfacet
  facet normal 0 0 1
    outer loop
      vertex -3.55966 -14.211 1.5
      vertex -3.08668 -12.6139 1.5
      vertex -3.36146 -12.4583 1.5
    endloop
  endfacet
  facet normal 0 0 1
    outer loop
      vertex -2.79557 -12.7607 1.5
      vertex -3.55966 -14.211 1.5
      vertex -2.85807 -14.3685 1.5
    endloop
  endfacet
  facet normal 0 0 1
    outer loop
      vertex -4.25267 -14.0192 1.5
      vertex -3.36146 -12.4583 1.5
      vertex -3.62826 -12.2893 1.5
    endloop
  endfacet
  facet normal 0 0 1
    outer loop
      vertex -4.25267 -14.0192 1.5
      vertex -3.62826 -12.2893 1.5
      vertex -3.63259 -12.2866 1.5
    endloop
  endfacet
  facet normal 0 0 1
    outer loop
      vertex -4.25267 -14.0192 1.5
      vertex -3.63259 -12.2866 1.5
      vertex -3.63678 -12.2836 1.5
    endloop
  endfacet
  facet normal 0 0 1
    outer loop
      vertex -4.93544 -13.7936 1.5
      vertex -3.63678 -12.2836 1.5
      vertex -3.89498 -12.1018 1.5
    endloop
  endfacet
  facet normal 0 0 1
    outer loop
      vertex -4.93544 -13.7936 1.5
      vertex -3.89498 -12.1018 1.5
      vertex -3.89902 -12.0986 1.5
    endloop
  endfacet
  facet normal 0 0 1
    outer loop
      vertex -4.93544 -13.7936 1.5
      vertex -3.89902 -12.0986 1.5
      vertex -4.14798 -11.9043 1.5
    endloop
  endfacet
  facet normal 0 0 1
    outer loop
      vertex -4.93544 -13.7936 1.5
      vertex -4.14798 -11.9043 1.5
      vertex -4.15186 -11.901 1.5
    endloop
  endfacet
  facet normal 0 0 1
    outer loop
      vertex -3.36146 -12.4583 1.5
      vertex -4.25267 -14.0192 1.5
      vertex -3.55966 -14.211 1.5
    endloop
  endfacet
  facet normal 0 0 1
    outer loop
      vertex -5.60631 -13.5348 1.5
      vertex -4.15186 -11.901 1.5
      vertex -4.39098 -11.6947 1.5
    endloop
  endfacet
  facet normal 0 0 1
    outer loop
      vertex -5.60631 -13.5348 1.5
      vertex -4.39098 -11.6947 1.5
      vertex -4.6197 -11.4769 1.5
    endloop
  endfacet
  facet normal 0 0 1
    outer loop
      vertex -5.60631 -13.5348 1.5
      vertex -4.6197 -11.4769 1.5
      vertex -4.62341 -11.4734 1.5
    endloop
  endfacet
  facet normal 0 0 1
    outer loop
      vertex -6.26368 -13.2434 1.5
      vertex -4.62341 -11.4734 1.5
      vertex -4.62695 -11.4697 1.5
    endloop
  endfacet
  facet normal 0 0 1
    outer loop
      vertex -6.26368 -13.2434 1.5
      vertex -4.62695 -11.4697 1.5
      vertex -4.84471 -11.241 1.5
    endloop
  endfacet
  facet normal 0 0 1
    outer loop
      vertex -3.63678 -12.2836 1.5
      vertex -4.93544 -13.7936 1.5
      vertex -4.25267 -14.0192 1.5
    endloop
  endfacet
  facet normal 0 0 1
    outer loop
      vertex -6.26368 -13.2434 1.5
      vertex -4.84471 -11.241 1.5
      vertex -5.05098 -11.0019 1.5
    endloop
  endfacet
  facet normal 0 0 1
    outer loop
      vertex -6.90596 -12.9201 1.5
      vertex -5.05098 -11.0019 1.5
      vertex -5.05433 -10.998 1.5
    endloop
  endfacet
  facet normal 0 0 1
    outer loop
      vertex -6.90596 -12.9201 1.5
      vertex -5.05433 -10.998 1.5
      vertex -5.24862 -10.749 1.5
    endloop
  endfacet
  facet normal 0 0 1
    outer loop
      vertex -6.90596 -12.9201 1.5
      vertex -5.24862 -10.749 1.5
      vertex -5.25177 -10.745 1.5
    endloop
  endfacet
  facet normal 0 0 1
    outer loop
      vertex -7.5316 -12.5657 1.5
      vertex -5.25177 -10.745 1.5
      vertex -5.43361 -10.4868 1.5
    endloop
  endfacet
  facet normal 0 0 1
    outer loop
      vertex -7.5316 -12.5657 1.5
      vertex -5.43361 -10.4868 1.5
      vertex -5.43656 -10.4826 1.5
    endloop
  endfacet
  facet normal 0 0 1
    outer loop
      vertex -7.5316 -12.5657 1.5
      vertex -5.43656 -10.4826 1.5
      vertex -5.4393 -10.4783 1.5
    endloop
  endfacet
  facet normal 0 0 1
    outer loop
      vertex -4.15186 -11.901 1.5
      vertex -5.60631 -13.5348 1.5
      vertex -4.93544 -13.7936 1.5
    endloop
  endfacet
  facet normal 0 0 1
    outer loop
      vertex -7.5316 -12.5657 1.5
      vertex -5.4393 -10.4783 1.5
      vertex -5.60825 -10.2115 1.5
    endloop
  endfacet
  facet normal 0 0 1
    outer loop
      vertex -8.1391 -12.181 1.5
      vertex -5.60825 -10.2115 1.5
      vertex -5.76391 -9.93668 1.5
    endloop
  endfacet
  facet normal 0 0 1
    outer loop
      vertex -8.1391 -12.181 1.5
      vertex -5.76391 -9.93668 1.5
      vertex -5.76644 -9.93223 1.5
    endloop
  endfacet
  facet normal 0 0 1
    outer loop
      vertex -8.1391 -12.181 1.5
      vertex -5.76644 -9.93223 1.5
      vertex -5.90842 -9.65014 1.5
    endloop
  endfacet
  facet normal 0 0 1
    outer loop
      vertex -8.72699 -11.767 1.5
      vertex -5.90842 -9.65014 1.5
      vertex -5.91073 -9.64557 1.5
    endloop
  endfacet
  facet normal 0 0 1
    outer loop
      vertex -8.72699 -11.767 1.5
      vertex -5.91073 -9.64557 1.5
      vertex -6.0387 -9.35686 1.5
    endloop
  endfacet
  facet normal 0 0 1
    outer loop
      vertex -8.72699 -11.767 1.5
      vertex -6.0387 -9.35686 1.5
      vertex -6.04078 -9.35217 1.5
    endloop
  endfacet
  facet normal 0 0 1
    outer loop
      vertex -8.72699 -11.767 1.5
      vertex -6.04078 -9.35217 1.5
      vertex -6.04263 -9.34739 1.5
    endloop
  endfacet
  facet normal 0 0 1
    outer loop
      vertex -9.29386 -11.3246 1.5
      vertex -6.04263 -9.34739 1.5
      vertex -6.15628 -9.05275 1.5
    endloop
  endfacet
  facet normal 0 0 1
    outer loop
      vertex -9.29386 -11.3246 1.5
      vertex -6.15628 -9.05275 1.5
      vertex -6.25534 -8.75289 1.5
    endloop
  endfacet
  facet normal 0 0 1
    outer loop
      vertex -9.83834 -10.8549 1.5
      vertex -6.25534 -8.75289 1.5
      vertex -6.25695 -8.74802 1.5
    endloop
  endfacet
  facet normal 0 0 1
    outer loop
      vertex -4.62341 -11.4734 1.5
      vertex -6.26368 -13.2434 1.5
      vertex -5.60631 -13.5348 1.5
    endloop
  endfacet
  facet normal 0 0 1
    outer loop
      vertex -9.83834 -10.8549 1.5
      vertex -6.25695 -8.74802 1.5
      vertex -6.34118 -8.44366 1.5
    endloop
  endfacet
  facet normal 0 0 1
    outer loop
      vertex -9.83834 -10.8549 1.5
      vertex -6.34118 -8.44366 1.5
      vertex -6.34255 -8.43872 1.5
    endloop
  endfacet
  facet normal 0 0 1
    outer loop
      vertex -10.3591 -10.3591 1.5
      vertex -6.34255 -8.43872 1.5
      vertex -6.34367 -8.43372 1.5
    endloop
  endfacet
  facet normal 0 0 1
    outer loop
      vertex -10.3591 -10.3591 1.5
      vertex -6.34367 -8.43372 1.5
      vertex -6.41286 -8.1256 1.5
    endloop
  endfacet
  facet normal 0 0 1
    outer loop
      vertex -10.3591 -10.3591 1.5
      vertex -6.41286 -8.1256 1.5
      vertex -6.46685 -7.81445 1.5
    endloop
  endfacet
  facet normal 0 0 1
    outer loop
      vertex -10.3591 -10.3591 1.5
      vertex -6.46685 -7.81445 1.5
      vertex -6.46773 -7.8094 1.5
    endloop
  endfacet
  facet normal 0 0 1
    outer loop
      vertex -10.3591 -10.3591 1.5
      vertex -6.46773 -7.8094 1.5
      vertex -6.46835 -7.80431 1.5
    endloop
  endfacet
  facet normal 0 0 1
    outer loop
      vertex -10.3591 -10.3591 1.5
      vertex -6.46835 -7.80431 1.5
      vertex -6.50701 -7.49088 1.5
    endloop
  endfacet
  facet normal 0 0 1
    outer loop
      vertex -10.3591 -10.3591 1.5
      vertex -6.50701 -7.49088 1.5
      vertex -6.53024 -7.17594 1.5
    endloop
  endfacet
  facet normal 0 0 1
    outer loop
      vertex -10.3591 -10.3591 1.5
      vertex -6.53024 -7.17594 1.5
      vertex -6.53062 -7.17083 1.5
    endloop
  endfacet
  facet normal 0 0 1
    outer loop
      vertex -5.05098 -11.0019 1.5
      vertex -6.90596 -12.9201 1.5
      vertex -6.26368 -13.2434 1.5
    endloop
  endfacet
  facet normal 0 0 1
    outer loop
      vertex -10.3591 -10.3591 1.5
      vertex -6.53062 -7.17083 1.5
      vertex -6.53075 -7.1657 1.5
    endloop
  endfacet
  facet normal 0 0 1
    outer loop
      vertex -10.3591 -10.3591 1.5
      vertex -6.53075 -7.1657 1.5
      vertex -6.5385 -6.85 1.5
    endloop
  endfacet
  facet normal 0 0 1
    outer loop
      vertex -5.05433 2.70202 1.5
      vertex -10.5453 0.388821 1.5
      vertex -10.5286 0.292894 1.5
    endloop
  endfacet
  facet normal 0 0 1
    outer loop
      vertex -10.7423 0.939509 1.5
      vertex -6.90596 12.9201 1.5
      vertex -7.5316 12.5657 1.5
    endloop
  endfacet
  facet normal 0 0 1
    outer loop
      vertex -6.53075 -6.5343 1.5
      vertex -10.3591 -10.3591 1.5
      vertex -6.5385 -6.85 1.5
    endloop
  endfacet
  facet normal 0 0 1
    outer loop
      vertex -10.7423 0.939509 1.5
      vertex -7.5316 12.5657 1.5
      vertex -8.1391 12.181 1.5
    endloop
  endfacet
  facet normal 0 0 1
    outer loop
      vertex -5.25177 -10.745 1.5
      vertex -7.5316 -12.5657 1.5
      vertex -6.90596 -12.9201 1.5
    endloop
  endfacet
  facet normal 0 0 1
    outer loop
      vertex -10.7905 1.02462 1.5
      vertex -8.1391 12.181 1.5
      vertex -8.72699 11.767 1.5
    endloop
  endfacet
  facet normal 0 0 1
    outer loop
      vertex -5.60825 -10.2115 1.5
      vertex -8.1391 -12.181 1.5
      vertex -7.5316 -12.5657 1.5
    endloop
  endfacet
  facet normal 0 0 1
    outer loop
      vertex -10.7905 1.02462 1.5
      vertex -8.72699 11.767 1.5
      vertex -9.29386 11.3246 1.5
    endloop
  endfacet
  facet normal 0 0 1
    outer loop
      vertex -5.90842 -9.65014 1.5
      vertex -8.72699 -11.767 1.5
      vertex -8.1391 -12.181 1.5
    endloop
  endfacet
  facet normal 0 0 1
    outer loop
      vertex -10.8429 1.10727 1.5
      vertex -9.29386 11.3246 1.5
      vertex -9.83834 10.8549 1.5
    endloop
  endfacet
  facet normal 0 0 1
    outer loop
      vertex -6.04263 -9.34739 1.5
      vertex -9.29386 -11.3246 1.5
      vertex -8.72699 -11.767 1.5
    endloop
  endfacet
  facet normal 0 0 1
    outer loop
      vertex -10.8992 1.18725 1.5
      vertex -9.83834 10.8549 1.5
      vertex -10.3591 10.3591 1.5
    endloop
  endfacet
  facet normal 0 0 1
    outer loop
      vertex -6.25534 -8.75289 1.5
      vertex -9.83834 -10.8549 1.5
      vertex -9.29386 -11.3246 1.5
    endloop
  endfacet
  facet normal 0 0 1
    outer loop
      vertex -6.34255 -8.43872 1.5
      vertex -10.3591 -10.3591 1.5
      vertex -9.83834 -10.8549 1.5
    endloop
  endfacet
  facet normal 0 0 1
    outer loop
      vertex -6.53062 -6.52917 1.5
      vertex -10.3591 -10.3591 1.5
      vertex -6.53075 -6.5343 1.5
    endloop
  endfacet
  facet normal 0 0 1
    outer loop
      vertex -4.84471 2.45902 1.5
      vertex -10.507 0.000462493 1.5
      vertex -10.507 0 1.5
    endloop
  endfacet
  facet normal 0 0 1
    outer loop
      vertex -4.84471 2.45902 1.5
      vertex -10.5094 0.0977931 1.5
      vertex -10.507 0.000462493 1.5
    endloop
  endfacet
  facet normal 0 0 1
    outer loop
      vertex -4.84471 2.45902 1.5
      vertex -10.5165 0.194889 1.5
      vertex -10.5094 0.0977931 1.5
    endloop
  endfacet
  facet normal 0 0 1
    outer loop
      vertex -4.84471 2.45902 1.5
      vertex -10.5166 0.195351 1.5
      vertex -10.5165 0.194889 1.5
    endloop
  endfacet
  facet normal 0 0 1
    outer loop
      vertex -5.05433 2.70202 1.5
      vertex -10.5285 0.291979 1.5
      vertex -10.5166 0.195351 1.5
    endloop
  endfacet
  facet normal 0 0 1
    outer loop
      vertex -5.05433 2.70202 1.5
      vertex -10.5285 0.292439 1.5
      vertex -10.5285 0.291979 1.5
    endloop
  endfacet
  facet normal 0 0 1
    outer loop
      vertex -5.05433 2.70202 1.5
      vertex -10.5286 0.292894 1.5
      vertex -10.5285 0.292439 1.5
    endloop
  endfacet
  facet normal 0 0 1
    outer loop
      vertex -6.90596 12.9201 1.5
      vertex -10.5666 0.483816 1.5
      vertex -10.5453 0.388821 1.5
    endloop
  endfacet
  facet normal 0 0 1
    outer loop
      vertex -6.90596 12.9201 1.5
      vertex -10.5667 0.484267 1.5
      vertex -10.5666 0.483816 1.5
    endloop
  endfacet
  facet normal 0 0 1
    outer loop
      vertex -6.90596 12.9201 1.5
      vertex -10.5927 0.578101 1.5
      vertex -10.5667 0.484267 1.5
    endloop
  endfacet
  facet normal 0 0 1
    outer loop
      vertex -6.90596 12.9201 1.5
      vertex -10.5928 0.578547 1.5
      vertex -10.5927 0.578101 1.5
    endloop
  endfacet
  facet normal 0 0 1
    outer loop
      vertex -6.90596 12.9201 1.5
      vertex -10.6233 0.670993 1.5
      vertex -10.5928 0.578547 1.5
    endloop
  endfacet
  facet normal 0 0 1
    outer loop
      vertex -6.90596 12.9201 1.5
      vertex -10.6235 0.671432 1.5
      vertex -10.6233 0.670993 1.5
    endloop
  endfacet
  facet normal 0 0 1
    outer loop
      vertex -6.90596 12.9201 1.5
      vertex -10.6236 0.671864 1.5
      vertex -10.6235 0.671432 1.5
    endloop
  endfacet
  facet normal 0 0 1
    outer loop
      vertex -6.90596 12.9201 1.5
      vertex -10.6587 0.7627 1.5
      vertex -10.6236 0.671864 1.5
    endloop
  endfacet
  facet normal 0 0 1
    outer loop
      vertex -6.90596 12.9201 1.5
      vertex -10.6981 0.851708 1.5
      vertex -10.6587 0.7627 1.5
    endloop
  endfacet
  facet normal 0 0 1
    outer loop
      vertex -6.90596 12.9201 1.5
      vertex -10.6983 0.852131 1.5
      vertex -10.6981 0.851708 1.5
    endloop
  endfacet
  facet normal 0 0 1
    outer loop
      vertex -6.90596 12.9201 1.5
      vertex -10.6985 0.852545 1.5
      vertex -10.6983 0.852131 1.5
    endloop
  endfacet
  facet normal 0 0 1
    outer loop
      vertex -6.90596 12.9201 1.5
      vertex -10.7423 0.939509 1.5
      vertex -10.6985 0.852545 1.5
    endloop
  endfacet
  facet normal 0 0 1
    outer loop
      vertex -8.1391 12.181 1.5
      vertex -10.7903 1.02422 1.5
      vertex -10.7423 0.939509 1.5
    endloop
  endfacet
  facet normal 0 0 1
    outer loop
      vertex -8.1391 12.181 1.5
      vertex -10.7905 1.02462 1.5
      vertex -10.7903 1.02422 1.5
    endloop
  endfacet
  facet normal 0 0 1
    outer loop
      vertex -9.29386 11.3246 1.5
      vertex -10.8426 1.10688 1.5
      vertex -10.7905 1.02462 1.5
    endloop
  endfacet
  facet normal 0 0 1
    outer loop
      vertex -9.29386 11.3246 1.5
      vertex -10.8429 1.10727 1.5
      vertex -10.8426 1.10688 1.5
    endloop
  endfacet
  facet normal 0 0 1
    outer loop
      vertex -9.83834 10.8549 1.5
      vertex -10.8431 1.10765 1.5
      vertex -10.8429 1.10727 1.5
    endloop
  endfacet
  facet normal 0 0 1
    outer loop
      vertex -10.9594 1.26437 1.5
      vertex -10.3591 10.3591 1.5
      vertex -10.8549 9.83834 1.5
    endloop
  endfacet
  facet normal 0 0 1
    outer loop
      vertex -9.83834 10.8549 1.5
      vertex -10.8992 1.18725 1.5
      vertex -10.8431 1.10765 1.5
    endloop
  endfacet
  facet normal 0 0 1
    outer loop
      vertex -10.3591 10.3591 1.5
      vertex -10.8995 1.18761 1.5
      vertex -10.8992 1.18725 1.5
    endloop
  endfacet
  facet normal 0 0 1
    outer loop
      vertex -10.3591 10.3591 1.5
      vertex -10.9594 1.26437 1.5
      vertex -10.8995 1.18761 1.5
    endloop
  endfacet
  facet normal 0 0 1
    outer loop
      vertex -10.8549 9.83834 1.5
      vertex -11.023 1.33809 1.5
      vertex -10.9594 1.26437 1.5
    endloop
  endfacet
  facet normal 0 0 1
    outer loop
      vertex -10.8549 9.83834 1.5
      vertex -11.0233 1.33844 1.5
      vertex -11.023 1.33809 1.5
    endloop
  endfacet
  facet normal -0 0 1
    outer loop
      vertex -11.3246 9.29386 1.5
      vertex -11.0233 1.33844 1.5
      vertex -10.8549 9.83834 1.5
    endloop
  endfacet
  facet normal 0 0 1
    outer loop
      vertex -11.0233 1.33844 1.5
      vertex -11.3246 9.29386 1.5
      vertex -11.0236 1.33877 1.5
    endloop
  endfacet
  facet normal 0 0 1
    outer loop
      vertex -11.0236 1.33877 1.5
      vertex -11.3246 9.29386 1.5
      vertex -11.0907 1.40929 1.5
    endloop
  endfacet
  facet normal -0 0 1
    outer loop
      vertex -11.767 8.72699 1.5
      vertex -11.0907 1.40929 1.5
      vertex -11.3246 9.29386 1.5
    endloop
  endfacet
  facet normal 0 0 1
    outer loop
      vertex -11.0907 1.40929 1.5
      vertex -11.767 8.72699 1.5
      vertex -11.1612 1.47642 1.5
    endloop
  endfacet
  facet normal 0 0 1
    outer loop
      vertex -11.1612 1.47642 1.5
      vertex -11.767 8.72699 1.5
      vertex -11.1616 1.47674 1.5
    endloop
  endfacet
  facet normal 0 0 1
    outer loop
      vertex -11.1616 1.47674 1.5
      vertex -11.767 8.72699 1.5
      vertex -11.1619 1.47704 1.5
    endloop
  endfacet
  facet normal -0 0 1
    outer loop
      vertex -12.181 8.1391 1.5
      vertex -11.1619 1.47704 1.5
      vertex -11.767 8.72699 1.5
    endloop
  endfacet
  facet normal 0 0 1
    outer loop
      vertex -11.1619 1.47704 1.5
      vertex -12.181 8.1391 1.5
      vertex -11.2356 1.54063 1.5
    endloop
  endfacet
  facet normal 0 0 1
    outer loop
      vertex -11.2356 1.54063 1.5
      vertex -12.181 8.1391 1.5
      vertex -11.3124 1.60053 1.5
    endloop
  endfacet
  facet normal 0 0 1
    outer loop
      vertex -11.3124 1.60053 1.5
      vertex -12.181 8.1391 1.5
      vertex -11.3128 1.60082 1.5
    endloop
  endfacet
  facet normal -0 0 1
    outer loop
      vertex -12.5657 7.5316 1.5
      vertex -11.3128 1.60082 1.5
      vertex -12.181 8.1391 1.5
    endloop
  endfacet
  facet normal 0 0 1
    outer loop
      vertex -11.3128 1.60082 1.5
      vertex -12.5657 7.5316 1.5
      vertex -11.3924 1.65688 1.5
    endloop
  endfacet
  facet normal 0 0 1
    outer loop
      vertex -11.3924 1.65688 1.5
      vertex -12.5657 7.5316 1.5
      vertex -11.3927 1.65715 1.5
    endloop
  endfacet
  facet normal 0 0 1
    outer loop
      vertex -11.3927 1.65715 1.5
      vertex -12.5657 7.5316 1.5
      vertex -11.3931 1.65739 1.5
    endloop
  endfacet
  facet normal -0 0 1
    outer loop
      vertex -12.9201 6.90596 1.5
      vertex -11.3931 1.65739 1.5
      vertex -12.5657 7.5316 1.5
    endloop
  endfacet
  facet normal 0 0 1
    outer loop
      vertex -11.3931 1.65739 1.5
      vertex -12.9201 6.90596 1.5
      vertex -11.4754 1.70948 1.5
    endloop
  endfacet
  facet normal 0 0 1
    outer loop
      vertex -11.4754 1.70948 1.5
      vertex -12.9201 6.90596 1.5
      vertex -11.4758 1.70971 1.5
    endloop
  endfacet
  facet normal 0 0 1
    outer loop
      vertex -11.4758 1.70971 1.5
      vertex -12.9201 6.90596 1.5
      vertex -11.5605 1.7577 1.5
    endloop
  endfacet
  facet normal -0 0 1
    outer loop
      vertex -13.2434 6.26368 1.5
      vertex -11.5605 1.7577 1.5
      vertex -12.9201 6.90596 1.5
    endloop
  endfacet
  facet normal 0 0 1
    outer loop
      vertex -11.5605 1.7577 1.5
      vertex -13.2434 6.26368 1.5
      vertex -11.6475 1.80147 1.5
    endloop
  endfacet
  facet normal 0 0 1
    outer loop
      vertex -11.6475 1.80147 1.5
      vertex -13.2434 6.26368 1.5
      vertex -11.6479 1.80168 1.5
    endloop
  endfacet
  facet normal 0 0 1
    outer loop
      vertex -11.6479 1.80168 1.5
      vertex -13.2434 6.26368 1.5
      vertex -11.6483 1.80187 1.5
    endloop
  endfacet
  facet normal 0 0 1
    outer loop
      vertex -11.6483 1.80187 1.5
      vertex -13.2434 6.26368 1.5
      vertex -11.7373 1.84132 1.5
    endloop
  endfacet
  facet normal -0 0 1
    outer loop
      vertex -13.5348 5.60631 1.5
      vertex -11.7373 1.84132 1.5
      vertex -13.2434 6.26368 1.5
    endloop
  endfacet
  facet normal 0 0 1
    outer loop
      vertex -11.7373 1.84132 1.5
      vertex -13.5348 5.60631 1.5
      vertex -11.8281 1.87636 1.5
    endloop
  endfacet
  facet normal 0 0 1
    outer loop
      vertex -11.8281 1.87636 1.5
      vertex -13.5348 5.60631 1.5
      vertex -11.8286 1.87653 1.5
    endloop
  endfacet
  facet normal 0 0 1
    outer loop
      vertex -11.8286 1.87653 1.5
      vertex -13.5348 5.60631 1.5
      vertex -11.829 1.87667 1.5
    endloop
  endfacet
  facet normal 0 0 1
    outer loop
      vertex -11.829 1.87667 1.5
      vertex -13.5348 5.60631 1.5
      vertex -11.9215 1.90721 1.5
    endloop
  endfacet
  facet normal 0 0 1
    outer loop
      vertex -11.9215 1.90721 1.5
      vertex -13.5348 5.60631 1.5
      vertex -11.9219 1.90734 1.5
    endloop
  endfacet
  facet normal 0 0 1
    outer loop
      vertex -11.9219 1.90734 1.5
      vertex -13.5348 5.60631 1.5
      vertex -12.0157 1.9333 1.5
    endloop
  endfacet
  facet normal -0 0 1
    outer loop
      vertex -13.7936 4.93544 1.5
      vertex -12.0157 1.9333 1.5
      vertex -13.5348 5.60631 1.5
    endloop
  endfacet
  facet normal 0 0 1
    outer loop
      vertex -12.0157 1.9333 1.5
      vertex -13.7936 4.93544 1.5
      vertex -12.0162 1.9334 1.5
    endloop
  endfacet
  facet normal 0 0 1
    outer loop
      vertex -12.0162 1.9334 1.5
      vertex -13.7936 4.93544 1.5
      vertex -12.1112 1.95474 1.5
    endloop
  endfacet
  facet normal 0 0 1
    outer loop
      vertex -12.1112 1.95474 1.5
      vertex -13.7936 4.93544 1.5
      vertex -12.2071 1.97138 1.5
    endloop
  endfacet
  facet normal 0 0 1
    outer loop
      vertex -12.2071 1.97138 1.5
      vertex -13.7936 4.93544 1.5
      vertex -12.2076 1.97146 1.5
    endloop
  endfacet
  facet normal 0 0 1
    outer loop
      vertex -12.2076 1.97146 1.5
      vertex -13.7936 4.93544 1.5
      vertex -12.208 1.97152 1.5
    endloop
  endfacet
  facet normal 0 0 1
    outer loop
      vertex -12.208 1.97152 1.5
      vertex -13.7936 4.93544 1.5
      vertex -12.3046 1.98344 1.5
    endloop
  endfacet
  facet normal -0 0 1
    outer loop
      vertex -14.0192 4.25267 1.5
      vertex -12.3046 1.98344 1.5
      vertex -13.7936 4.93544 1.5
    endloop
  endfacet
  facet normal 0 0 1
    outer loop
      vertex -12.3046 1.98344 1.5
      vertex -14.0192 4.25267 1.5
      vertex -12.3051 1.98347 1.5
    endloop
  endfacet
  facet normal 0 0 1
    outer loop
      vertex -12.3051 1.98347 1.5
      vertex -14.0192 4.25267 1.5
      vertex -12.4022 1.99063 1.5
    endloop
  endfacet
  facet normal 0 0 1
    outer loop
      vertex -12.4022 1.99063 1.5
      vertex -14.0192 4.25267 1.5
      vertex -12.4995 1.99302 1.5
    endloop
  endfacet
  facet normal 0 0 1
    outer loop
      vertex -12.4995 1.99302 1.5
      vertex -14.0192 4.25267 1.5
      vertex -12.5 1.99303 1.5
    endloop
  endfacet
  facet normal 0 0 1
    outer loop
      vertex -12.5 1.99303 1.5
      vertex -14.0192 4.25267 1.5
      vertex -12.5005 1.99302 1.5
    endloop
  endfacet
  facet normal 0 0 1
    outer loop
      vertex -12.5005 1.99302 1.5
      vertex -14.0192 4.25267 1.5
      vertex -12.5978 1.99063 1.5
    endloop
  endfacet
  facet normal -0 0 1
    outer loop
      vertex -14.211 3.55966 1.5
      vertex -12.5978 1.99063 1.5
      vertex -14.0192 4.25267 1.5
    endloop
  endfacet
  facet normal 0 0 1
    outer loop
      vertex -12.5978 1.99063 1.5
      vertex -14.211 3.55966 1.5
      vertex -12.6949 1.98347 1.5
    endloop
  endfacet
  facet normal 0 0 1
    outer loop
      vertex -12.6949 1.98347 1.5
      vertex -14.211 3.55966 1.5
      vertex -12.6954 1.98344 1.5
    endloop
  endfacet
  facet normal 0 0 1
    outer loop
      vertex -12.6954 1.98344 1.5
      vertex -14.211 3.55966 1.5
      vertex -12.792 1.97152 1.5
    endloop
  endfacet
  facet normal 0 0 1
    outer loop
      vertex -12.792 1.97152 1.5
      vertex -14.211 3.55966 1.5
      vertex -12.7924 1.97146 1.5
    endloop
  endfacet
  facet normal 0 0 1
    outer loop
      vertex -12.7924 1.97146 1.5
      vertex -14.211 3.55966 1.5
      vertex -12.7929 1.97138 1.5
    endloop
  endfacet
  facet normal 0 0 1
    outer loop
      vertex -12.7929 1.97138 1.5
      vertex -14.211 3.55966 1.5
      vertex -12.8888 1.95474 1.5
    endloop
  endfacet
  facet normal 0 0 1
    outer loop
      vertex -12.8888 1.95474 1.5
      vertex -14.211 3.55966 1.5
      vertex -12.9838 1.9334 1.5
    endloop
  endfacet
  facet normal 0 0 1
    outer loop
      vertex -12.9838 1.9334 1.5
      vertex -14.211 3.55966 1.5
      vertex -12.9843 1.9333 1.5
    endloop
  endfacet
  facet normal -0 0 1
    outer loop
      vertex -14.3685 2.85807 1.5
      vertex -12.9843 1.9333 1.5
      vertex -14.211 3.55966 1.5
    endloop
  endfacet
  facet normal 0 0 1
    outer loop
      vertex -12.9843 1.9333 1.5
      vertex -14.3685 2.85807 1.5
      vertex -13.0781 1.90734 1.5
    endloop
  endfacet
  facet normal 0 0 1
    outer loop
      vertex -13.0781 1.90734 1.5
      vertex -14.3685 2.85807 1.5
      vertex -13.0785 1.90721 1.5
    endloop
  endfacet
  facet normal 0 0 1
    outer loop
      vertex -13.0785 1.90721 1.5
      vertex -14.3685 2.85807 1.5
      vertex -13.171 1.87667 1.5
    endloop
  endfacet
  facet normal 0 0 1
    outer loop
      vertex -13.171 1.87667 1.5
      vertex -14.3685 2.85807 1.5
      vertex -13.1714 1.87653 1.5
    endloop
  endfacet
  facet normal 0 0 1
    outer loop
      vertex -13.1714 1.87653 1.5
      vertex -14.3685 2.85807 1.5
      vertex -13.1719 1.87636 1.5
    endloop
  endfacet
  facet normal 0 0 1
    outer loop
      vertex -13.1719 1.87636 1.5
      vertex -14.3685 2.85807 1.5
      vertex -13.2627 1.84132 1.5
    endloop
  endfacet
  facet normal 0 0 1
    outer loop
      vertex -13.2627 1.84132 1.5
      vertex -14.3685 2.85807 1.5
      vertex -13.3517 1.80187 1.5
    endloop
  endfacet
  facet normal 0 0 1
    outer loop
      vertex -13.3517 1.80187 1.5
      vertex -14.3685 2.85807 1.5
      vertex -13.3521 1.80168 1.5
    endloop
  endfacet
  facet normal 0 0 1
    outer loop
      vertex -13.3521 1.80168 1.5
      vertex -14.3685 2.85807 1.5
      vertex -13.3525 1.80147 1.5
    endloop
  endfacet
  facet normal 0 0 1
    outer loop
      vertex -13.3525 1.80147 1.5
      vertex -14.3685 2.85807 1.5
      vertex -13.4395 1.7577 1.5
    endloop
  endfacet
  facet normal -0 0 1
    outer loop
      vertex -14.4914 2.1496 1.5
      vertex -13.4395 1.7577 1.5
      vertex -14.3685 2.85807 1.5
    endloop
  endfacet
  facet normal 0 0 1
    outer loop
      vertex -13.4395 1.7577 1.5
      vertex -14.4914 2.1496 1.5
      vertex -13.5242 1.70971 1.5
    endloop
  endfacet
  facet normal 0 0 1
    outer loop
      vertex -13.5242 1.70971 1.5
      vertex -14.4914 2.1496 1.5
      vertex -13.5246 1.70948 1.5
    endloop
  endfacet
  facet normal 0 0 1
    outer loop
      vertex -13.5246 1.70948 1.5
      vertex -14.4914 2.1496 1.5
      vertex -13.6069 1.65739 1.5
    endloop
  endfacet
  facet normal 0 0 1
    outer loop
      vertex -13.6069 1.65739 1.5
      vertex -14.4914 2.1496 1.5
      vertex -13.6073 1.65715 1.5
    endloop
  endfacet
  facet normal 0 0 1
    outer loop
      vertex -13.6073 1.65715 1.5
      vertex -14.4914 2.1496 1.5
      vertex -13.6076 1.65688 1.5
    endloop
  endfacet
  facet normal 0 0 1
    outer loop
      vertex -13.6076 1.65688 1.5
      vertex -14.4914 2.1496 1.5
      vertex -13.6872 1.60082 1.5
    endloop
  endfacet
  facet normal 0 0 1
    outer loop
      vertex -13.6872 1.60082 1.5
      vertex -14.4914 2.1496 1.5
      vertex -13.6876 1.60053 1.5
    endloop
  endfacet
  facet normal 0 0 1
    outer loop
      vertex -13.6876 1.60053 1.5
      vertex -14.4914 2.1496 1.5
      vertex -13.7644 1.54063 1.5
    endloop
  endfacet
  facet normal 0 0 1
    outer loop
      vertex -13.7644 1.54063 1.5
      vertex -14.4914 2.1496 1.5
      vertex -13.8381 1.47704 1.5
    endloop
  endfacet
  facet normal 0 0 1
    outer loop
      vertex -13.8381 1.47704 1.5
      vertex -14.4914 2.1496 1.5
      vertex -13.8384 1.47674 1.5
    endloop
  endfacet
  facet normal 0 0 1
    outer loop
      vertex -13.8384 1.47674 1.5
      vertex -14.4914 2.1496 1.5
      vertex -13.8388 1.47642 1.5
    endloop
  endfacet
  facet normal 0 0 1
    outer loop
      vertex -13.8388 1.47642 1.5
      vertex -14.4914 2.1496 1.5
      vertex -13.9093 1.40929 1.5
    endloop
  endfacet
  facet normal -0 0 1
    outer loop
      vertex -14.5795 1.43595 1.5
      vertex -13.9093 1.40929 1.5
      vertex -14.4914 2.1496 1.5
    endloop
  endfacet
  facet normal 0 0 1
    outer loop
      vertex -13.9093 1.40929 1.5
      vertex -14.5795 1.43595 1.5
      vertex -13.9764 1.33877 1.5
    endloop
  endfacet
  facet normal 0 0 1
    outer loop
      vertex -13.9764 1.33877 1.5
      vertex -14.5795 1.43595 1.5
      vertex -13.9767 1.33844 1.5
    endloop
  endfacet
  facet normal 0 0 1
    outer loop
      vertex -13.9767 1.33844 1.5
      vertex -14.5795 1.43595 1.5
      vertex -13.977 1.33809 1.5
    endloop
  endfacet
  facet normal 0 0 1
    outer loop
      vertex -13.977 1.33809 1.5
      vertex -14.5795 1.43595 1.5
      vertex -14.0406 1.26437 1.5
    endloop
  endfacet
  facet normal 0 0 1
    outer loop
      vertex -14.0406 1.26437 1.5
      vertex -14.5795 1.43595 1.5
      vertex -14.1005 1.18761 1.5
    endloop
  endfacet
  facet normal 0 0 1
    outer loop
      vertex -14.1005 1.18761 1.5
      vertex -14.5795 1.43595 1.5
      vertex -14.1008 1.18725 1.5
    endloop
  endfacet
  facet normal 0 0 1
    outer loop
      vertex -14.1008 1.18725 1.5
      vertex -14.5795 1.43595 1.5
      vertex -14.1569 1.10765 1.5
    endloop
  endfacet
  facet normal 0 0 1
    outer loop
      vertex -14.1569 1.10765 1.5
      vertex -14.5795 1.43595 1.5
      vertex -14.1571 1.10727 1.5
    endloop
  endfacet
  facet normal 0 0 1
    outer loop
      vertex -14.1571 1.10727 1.5
      vertex -14.5795 1.43595 1.5
      vertex -14.1574 1.10688 1.5
    endloop
  endfacet
  facet normal 0 0 1
    outer loop
      vertex -14.1574 1.10688 1.5
      vertex -14.5795 1.43595 1.5
      vertex -14.2095 1.02462 1.5
    endloop
  endfacet
  facet normal 0 0 1
    outer loop
      vertex -14.2095 1.02462 1.5
      vertex -14.5795 1.43595 1.5
      vertex -14.2097 1.02422 1.5
    endloop
  endfacet
  facet normal 0 0 1
    outer loop
      vertex -14.2097 1.02422 1.5
      vertex -14.5795 1.43595 1.5
      vertex -14.2577 0.939509 1.5
    endloop
  endfacet
  facet normal 0 0 1
    outer loop
      vertex -14.6324 0.718841 1.5
      vertex -14.2577 0.939509 1.5
      vertex -14.5795 1.43595 1.5
    endloop
  endfacet
  facet normal 0 0 1
    outer loop
      vertex -14.2577 0.939509 1.5
      vertex -14.6324 0.718841 1.5
      vertex -14.3015 0.852545 1.5
    endloop
  endfacet
  facet normal 0 0 1
    outer loop
      vertex -14.3015 0.852545 1.5
      vertex -14.6324 0.718841 1.5
      vertex -14.3017 0.852131 1.5
    endloop
  endfacet
  facet normal 0 0 1
    outer loop
      vertex -14.3017 0.852131 1.5
      vertex -14.6324 0.718841 1.5
      vertex -14.3019 0.851708 1.5
    endloop
  endfacet
  facet normal 0 0 1
    outer loop
      vertex -14.3019 0.851708 1.5
      vertex -14.6324 0.718841 1.5
      vertex -14.3413 0.7627 1.5
    endloop
  endfacet
  facet normal 0 0 1
    outer loop
      vertex -14.3413 0.7627 1.5
      vertex -14.6324 0.718841 1.5
      vertex -14.3764 0.671864 1.5
    endloop
  endfacet
  facet normal 0 0 1
    outer loop
      vertex -14.3764 0.671864 1.5
      vertex -14.6324 0.718841 1.5
      vertex -14.3765 0.671432 1.5
    endloop
  endfacet
  facet normal 0 0 1
    outer loop
      vertex -14.3765 0.671432 1.5
      vertex -14.6324 0.718841 1.5
      vertex -14.3767 0.670993 1.5
    endloop
  endfacet
  facet normal 0 0 1
    outer loop
      vertex -14.3767 0.670993 1.5
      vertex -14.6324 0.718841 1.5
      vertex -14.4072 0.578547 1.5
    endloop
  endfacet
  facet normal 0 0 1
    outer loop
      vertex -14.4072 0.578547 1.5
      vertex -14.6324 0.718841 1.5
      vertex -14.4073 0.578101 1.5
    endloop
  endfacet
  facet normal 0 0 1
    outer loop
      vertex -14.4073 0.578101 1.5
      vertex -14.6324 0.718841 1.5
      vertex -14.4333 0.484267 1.5
    endloop
  endfacet
  facet normal 0 0 1
    outer loop
      vertex -14.4333 0.484267 1.5
      vertex -14.6324 0.718841 1.5
      vertex -14.4334 0.483816 1.5
    endloop
  endfacet
  facet normal 0 0 1
    outer loop
      vertex -14.4334 0.483816 1.5
      vertex -14.6324 0.718841 1.5
      vertex -14.4547 0.388821 1.5
    endloop
  endfacet
  facet normal 0 0 1
    outer loop
      vertex -14.4547 0.388821 1.5
      vertex -14.6324 0.718841 1.5
      vertex -14.4714 0.292894 1.5
    endloop
  endfacet
  facet normal 0 0 1
    outer loop
      vertex -14.4714 0.292894 1.5
      vertex -14.6324 0.718841 1.5
      vertex -14.4715 0.292439 1.5
    endloop
  endfacet
  facet normal 0 0 1
    outer loop
      vertex -14.65 0 1.5
      vertex -14.4715 0.292439 1.5
      vertex -14.6324 0.718841 1.5
    endloop
  endfacet
  facet normal 0 0 1
    outer loop
      vertex -14.4715 0.292439 1.5
      vertex -14.65 0 1.5
      vertex -14.4715 0.291979 1.5
    endloop
  endfacet
  facet normal 0 0 1
    outer loop
      vertex -14.4715 0.291979 1.5
      vertex -14.65 0 1.5
      vertex -14.4834 0.195351 1.5
    endloop
  endfacet
  facet normal 0 0 1
    outer loop
      vertex -14.4834 0.195351 1.5
      vertex -14.65 0 1.5
      vertex -14.4835 0.194889 1.5
    endloop
  endfacet
  facet normal 0 0 1
    outer loop
      vertex -14.4835 0.194889 1.5
      vertex -14.65 0 1.5
      vertex -14.4906 0.0977931 1.5
    endloop
  endfacet
  facet normal -0 0 1
    outer loop
      vertex 14.4715 0.292439 1.5
      vertex 14.65 0 1.5
      vertex 14.6324 0.718841 1.5
    endloop
  endfacet
  facet normal -0 0 1
    outer loop
      vertex 14.2577 0.939509 1.5
      vertex 14.6324 0.718841 1.5
      vertex 14.5795 1.43595 1.5
    endloop
  endfacet
  facet normal 0 0 1
    outer loop
      vertex 14.65 0 1.5
      vertex 14.4906 0.0977931 1.5
      vertex 14.493 0.000462493 1.5
    endloop
  endfacet
  facet normal 0 0 1
    outer loop
      vertex 14.4906 -0.0977931 1.5
      vertex 14.65 0 1.5
      vertex 14.493 -0.000462493 1.5
    endloop
  endfacet
  facet normal 0 0 1
    outer loop
      vertex 14.493 -0.000462493 1.5
      vertex 14.65 0 1.5
      vertex 14.493 0 1.5
    endloop
  endfacet
  facet normal 0 0 1
    outer loop
      vertex 13.9093 1.40929 1.5
      vertex 14.5795 1.43595 1.5
      vertex 14.4914 2.1496 1.5
    endloop
  endfacet
  facet normal 0 0 1
    outer loop
      vertex 14.65 0 1.5
      vertex 14.493 0.000462493 1.5
      vertex 14.493 0 1.5
    endloop
  endfacet
  facet normal 0 0 1
    outer loop
      vertex 14.65 0 1.5
      vertex 14.4835 0.194889 1.5
      vertex 14.4906 0.0977931 1.5
    endloop
  endfacet
  facet normal 0 0 1
    outer loop
      vertex 14.65 0 1.5
      vertex 14.4834 0.195351 1.5
      vertex 14.4835 0.194889 1.5
    endloop
  endfacet
  facet normal 0 0 1
    outer loop
      vertex 14.65 0 1.5
      vertex 14.4715 0.291979 1.5
      vertex 14.4834 0.195351 1.5
    endloop
  endfacet
  facet normal 0 0 1
    outer loop
      vertex 14.65 0 1.5
      vertex 14.4715 0.292439 1.5
      vertex 14.4715 0.291979 1.5
    endloop
  endfacet
  facet normal 0 0 1
    outer loop
      vertex 14.6324 0.718841 1.5
      vertex 14.4714 0.292894 1.5
      vertex 14.4715 0.292439 1.5
    endloop
  endfacet
  facet normal 0 0 1
    outer loop
      vertex 14.6324 0.718841 1.5
      vertex 14.4547 0.388821 1.5
      vertex 14.4714 0.292894 1.5
    endloop
  endfacet
  facet normal 0 0 1
    outer loop
      vertex 14.6324 0.718841 1.5
      vertex 14.4334 0.483816 1.5
      vertex 14.4547 0.388821 1.5
    endloop
  endfacet
  facet normal 0 0 1
    outer loop
      vertex 14.6324 0.718841 1.5
      vertex 14.4333 0.484267 1.5
      vertex 14.4334 0.483816 1.5
    endloop
  endfacet
  facet normal 0 0 1
    outer loop
      vertex 14.6324 0.718841 1.5
      vertex 14.4073 0.578101 1.5
      vertex 14.4333 0.484267 1.5
    endloop
  endfacet
  facet normal 0 0 1
    outer loop
      vertex 14.6324 0.718841 1.5
      vertex 14.4072 0.578547 1.5
      vertex 14.4073 0.578101 1.5
    endloop
  endfacet
  facet normal 0 0 1
    outer loop
      vertex 14.6324 0.718841 1.5
      vertex 14.3767 0.670993 1.5
      vertex 14.4072 0.578547 1.5
    endloop
  endfacet
  facet normal 0 0 1
    outer loop
      vertex 14.6324 0.718841 1.5
      vertex 14.3765 0.671432 1.5
      vertex 14.3767 0.670993 1.5
    endloop
  endfacet
  facet normal 0 0 1
    outer loop
      vertex 14.6324 0.718841 1.5
      vertex 14.3764 0.671864 1.5
      vertex 14.3765 0.671432 1.5
    endloop
  endfacet
  facet normal 0 0 1
    outer loop
      vertex 13.4395 1.7577 1.5
      vertex 14.4914 2.1496 1.5
      vertex 14.3685 2.85807 1.5
    endloop
  endfacet
  facet normal 0 0 1
    outer loop
      vertex 14.6324 0.718841 1.5
      vertex 14.3413 0.7627 1.5
      vertex 14.3764 0.671864 1.5
    endloop
  endfacet
  facet normal 0 0 1
    outer loop
      vertex 14.6324 0.718841 1.5
      vertex 14.3019 0.851708 1.5
      vertex 14.3413 0.7627 1.5
    endloop
  endfacet
  facet normal 0 0 1
    outer loop
      vertex 14.6324 0.718841 1.5
      vertex 14.3017 0.852131 1.5
      vertex 14.3019 0.851708 1.5
    endloop
  endfacet
  facet normal 0 0 1
    outer loop
      vertex 14.6324 0.718841 1.5
      vertex 14.3015 0.852545 1.5
      vertex 14.3017 0.852131 1.5
    endloop
  endfacet
  facet normal 0 0 1
    outer loop
      vertex 14.6324 0.718841 1.5
      vertex 14.2577 0.939509 1.5
      vertex 14.3015 0.852545 1.5
    endloop
  endfacet
  facet normal 0 0 1
    outer loop
      vertex 12.9843 1.9333 1.5
      vertex 14.3685 2.85807 1.5
      vertex 14.211 3.55966 1.5
    endloop
  endfacet
  facet normal 0 0 1
    outer loop
      vertex 14.5795 1.43595 1.5
      vertex 14.2097 1.02422 1.5
      vertex 14.2577 0.939509 1.5
    endloop
  endfacet
  facet normal 0 0 1
    outer loop
      vertex 14.5795 1.43595 1.5
      vertex 14.2095 1.02462 1.5
      vertex 14.2097 1.02422 1.5
    endloop
  endfacet
  facet normal 0 0 1
    outer loop
      vertex 14.5795 1.43595 1.5
      vertex 14.1574 1.10688 1.5
      vertex 14.2095 1.02462 1.5
    endloop
  endfacet
  facet normal 0 0 1
    outer loop
      vertex 14.5795 1.43595 1.5
      vertex 14.1571 1.10727 1.5
      vertex 14.1574 1.10688 1.5
    endloop
  endfacet
  facet normal 0 0 1
    outer loop
      vertex 14.5795 1.43595 1.5
      vertex 14.1569 1.10765 1.5
      vertex 14.1571 1.10727 1.5
    endloop
  endfacet
  facet normal 0 0 1
    outer loop
      vertex 14.5795 1.43595 1.5
      vertex 14.1008 1.18725 1.5
      vertex 14.1569 1.10765 1.5
    endloop
  endfacet
  facet normal 0 0 1
    outer loop
      vertex 14.5795 1.43595 1.5
      vertex 14.1005 1.18761 1.5
      vertex 14.1008 1.18725 1.5
    endloop
  endfacet
  facet normal 0 0 1
    outer loop
      vertex 14.5795 1.43595 1.5
      vertex 14.0406 1.26437 1.5
      vertex 14.1005 1.18761 1.5
    endloop
  endfacet
  facet normal 0 0 1
    outer loop
      vertex 12.5978 1.99063 1.5
      vertex 14.211 3.55966 1.5
      vertex 14.0192 4.25267 1.5
    endloop
  endfacet
  facet normal 0 0 1
    outer loop
      vertex 14.5795 1.43595 1.5
      vertex 13.977 1.33809 1.5
      vertex 14.0406 1.26437 1.5
    endloop
  endfacet
  facet normal 0 0 1
    outer loop
      vertex 14.5795 1.43595 1.5
      vertex 13.9767 1.33844 1.5
      vertex 13.977 1.33809 1.5
    endloop
  endfacet
  facet normal 0 0 1
    outer loop
      vertex 14.5795 1.43595 1.5
      vertex 13.9764 1.33877 1.5
      vertex 13.9767 1.33844 1.5
    endloop
  endfacet
  facet normal 0 0 1
    outer loop
      vertex 14.5795 1.43595 1.5
      vertex 13.9093 1.40929 1.5
      vertex 13.9764 1.33877 1.5
    endloop
  endfacet
  facet normal 0 0 1
    outer loop
      vertex 14.4914 2.1496 1.5
      vertex 13.8388 1.47642 1.5
      vertex 13.9093 1.40929 1.5
    endloop
  endfacet
  facet normal 0 0 1
    outer loop
      vertex 14.4914 2.1496 1.5
      vertex 13.8384 1.47674 1.5
      vertex 13.8388 1.47642 1.5
    endloop
  endfacet
  facet normal 0 0 1
    outer loop
      vertex 14.4914 2.1496 1.5
      vertex 13.8381 1.47704 1.5
      vertex 13.8384 1.47674 1.5
    endloop
  endfacet
  facet normal 0 0 1
    outer loop
      vertex 12.3046 1.98344 1.5
      vertex 14.0192 4.25267 1.5
      vertex 13.7936 4.93544 1.5
    endloop
  endfacet
  facet normal 0 0 1
    outer loop
      vertex 14.4914 2.1496 1.5
      vertex 13.7644 1.54063 1.5
      vertex 13.8381 1.47704 1.5
    endloop
  endfacet
  facet normal 0 0 1
    outer loop
      vertex 14.4914 2.1496 1.5
      vertex 13.6876 1.60053 1.5
      vertex 13.7644 1.54063 1.5
    endloop
  endfacet
  facet normal 0 0 1
    outer loop
      vertex 14.4914 2.1496 1.5
      vertex 13.6872 1.60082 1.5
      vertex 13.6876 1.60053 1.5
    endloop
  endfacet
  facet normal 0 0 1
    outer loop
      vertex 14.4914 2.1496 1.5
      vertex 13.6076 1.65688 1.5
      vertex 13.6872 1.60082 1.5
    endloop
  endfacet
  facet normal 0 0 1
    outer loop
      vertex 14.4914 2.1496 1.5
      vertex 13.6073 1.65715 1.5
      vertex 13.6076 1.65688 1.5
    endloop
  endfacet
  facet normal 0 0 1
    outer loop
      vertex 14.4914 2.1496 1.5
      vertex 13.6069 1.65739 1.5
      vertex 13.6073 1.65715 1.5
    endloop
  endfacet
  facet normal 0 0 1
    outer loop
      vertex 12.0157 1.9333 1.5
      vertex 13.7936 4.93544 1.5
      vertex 13.5348 5.60631 1.5
    endloop
  endfacet
  facet normal 0 0 1
    outer loop
      vertex 14.4914 2.1496 1.5
      vertex 13.5246 1.70948 1.5
      vertex 13.6069 1.65739 1.5
    endloop
  endfacet
  facet normal 0 0 1
    outer loop
      vertex 14.4914 2.1496 1.5
      vertex 13.5242 1.70971 1.5
      vertex 13.5246 1.70948 1.5
    endloop
  endfacet
  facet normal 0 0 1
    outer loop
      vertex 14.4914 2.1496 1.5
      vertex 13.4395 1.7577 1.5
      vertex 13.5242 1.70971 1.5
    endloop
  endfacet
  facet normal 0 0 1
    outer loop
      vertex 14.3685 2.85807 1.5
      vertex 13.3525 1.80147 1.5
      vertex 13.4395 1.7577 1.5
    endloop
  endfacet
  facet normal 0 0 1
    outer loop
      vertex 14.3685 2.85807 1.5
      vertex 13.3521 1.80168 1.5
      vertex 13.3525 1.80147 1.5
    endloop
  endfacet
  facet normal 0 0 1
    outer loop
      vertex 14.3685 2.85807 1.5
      vertex 13.3517 1.80187 1.5
      vertex 13.3521 1.80168 1.5
    endloop
  endfacet
  facet normal 0 0 1
    outer loop
      vertex 14.3685 2.85807 1.5
      vertex 13.2627 1.84132 1.5
      vertex 13.3517 1.80187 1.5
    endloop
  endfacet
  facet normal 0 0 1
    outer loop
      vertex 11.7373 1.84132 1.5
      vertex 13.5348 5.60631 1.5
      vertex 13.2434 6.26368 1.5
    endloop
  endfacet
  facet normal 0 0 1
    outer loop
      vertex 14.3685 2.85807 1.5
      vertex 13.1719 1.87636 1.5
      vertex 13.2627 1.84132 1.5
    endloop
  endfacet
  facet normal 0 0 1
    outer loop
      vertex 14.3685 2.85807 1.5
      vertex 13.1714 1.87653 1.5
      vertex 13.1719 1.87636 1.5
    endloop
  endfacet
  facet normal 0 0 1
    outer loop
      vertex 14.3685 2.85807 1.5
      vertex 13.171 1.87667 1.5
      vertex 13.1714 1.87653 1.5
    endloop
  endfacet
  facet normal 0 0 1
    outer loop
      vertex 14.3685 2.85807 1.5
      vertex 13.0785 1.90721 1.5
      vertex 13.171 1.87667 1.5
    endloop
  endfacet
  facet normal 0 0 1
    outer loop
      vertex 14.3685 2.85807 1.5
      vertex 13.0781 1.90734 1.5
      vertex 13.0785 1.90721 1.5
    endloop
  endfacet
  facet normal 0 0 1
    outer loop
      vertex 14.3685 2.85807 1.5
      vertex 12.9843 1.9333 1.5
      vertex 13.0781 1.90734 1.5
    endloop
  endfacet
  facet normal 0 0 1
    outer loop
      vertex 14.211 3.55966 1.5
      vertex 12.9838 1.9334 1.5
      vertex 12.9843 1.9333 1.5
    endloop
  endfacet
  facet normal 0 0 1
    outer loop
      vertex 6.46773 5.8906 1.5
      vertex 12.9201 6.90596 1.5
      vertex 6.46835 5.89569 1.5
    endloop
  endfacet
  facet normal 0 0 1
    outer loop
      vertex 14.211 3.55966 1.5
      vertex 12.8888 1.95474 1.5
      vertex 12.9838 1.9334 1.5
    endloop
  endfacet
  facet normal 0 0 1
    outer loop
      vertex 14.211 3.55966 1.5
      vertex 12.7929 1.97138 1.5
      vertex 12.8888 1.95474 1.5
    endloop
  endfacet
  facet normal 0 0 1
    outer loop
      vertex 14.211 3.55966 1.5
      vertex 12.7924 1.97146 1.5
      vertex 12.7929 1.97138 1.5
    endloop
  endfacet
  facet normal 0 0 1
    outer loop
      vertex 14.211 3.55966 1.5
      vertex 12.792 1.97152 1.5
      vertex 12.7924 1.97146 1.5
    endloop
  endfacet
  facet normal 0 0 1
    outer loop
      vertex 14.211 3.55966 1.5
      vertex 12.6954 1.98344 1.5
      vertex 12.792 1.97152 1.5
    endloop
  endfacet
  facet normal 0 0 1
    outer loop
      vertex 14.211 3.55966 1.5
      vertex 12.6949 1.98347 1.5
      vertex 12.6954 1.98344 1.5
    endloop
  endfacet
  facet normal 0 0 1
    outer loop
      vertex 14.211 3.55966 1.5
      vertex 12.5978 1.99063 1.5
      vertex 12.6949 1.98347 1.5
    endloop
  endfacet
  facet normal 0 0 1
    outer loop
      vertex 6.53062 6.52917 1.5
      vertex 12.181 8.1391 1.5
      vertex 6.53075 6.5343 1.5
    endloop
  endfacet
  facet normal 0 0 1
    outer loop
      vertex 14.0192 4.25267 1.5
      vertex 12.5005 1.99302 1.5
      vertex 12.5978 1.99063 1.5
    endloop
  endfacet
  facet normal 0 0 1
    outer loop
      vertex 14.0192 4.25267 1.5
      vertex 12.5 1.99303 1.5
      vertex 12.5005 1.99302 1.5
    endloop
  endfacet
  facet normal 0 0 1
    outer loop
      vertex 14.0192 4.25267 1.5
      vertex 12.4995 1.99302 1.5
      vertex 12.5 1.99303 1.5
    endloop
  endfacet
  facet normal 0 0 1
    outer loop
      vertex 14.0192 4.25267 1.5
      vertex 12.4022 1.99063 1.5
      vertex 12.4995 1.99302 1.5
    endloop
  endfacet
  facet normal 0 0 1
    outer loop
      vertex 14.0192 4.25267 1.5
      vertex 12.3051 1.98347 1.5
      vertex 12.4022 1.99063 1.5
    endloop
  endfacet
  facet normal 0 0 1
    outer loop
      vertex 14.0192 4.25267 1.5
      vertex 12.3046 1.98344 1.5
      vertex 12.3051 1.98347 1.5
    endloop
  endfacet
  facet normal 0 0 1
    outer loop
      vertex 13.7936 4.93544 1.5
      vertex 12.208 1.97152 1.5
      vertex 12.3046 1.98344 1.5
    endloop
  endfacet
  facet normal 0 0 1
    outer loop
      vertex 13.7936 4.93544 1.5
      vertex 12.2076 1.97146 1.5
      vertex 12.208 1.97152 1.5
    endloop
  endfacet
  facet normal 0 0 1
    outer loop
      vertex 13.7936 4.93544 1.5
      vertex 12.2071 1.97138 1.5
      vertex 12.2076 1.97146 1.5
    endloop
  endfacet
  facet normal 0 0 1
    outer loop
      vertex 6.53075 6.5343 1.5
      vertex 12.181 8.1391 1.5
      vertex 6.5385 6.85 1.5
    endloop
  endfacet
  facet normal 0 0 1
    outer loop
      vertex 13.7936 4.93544 1.5
      vertex 12.1112 1.95474 1.5
      vertex 12.2071 1.97138 1.5
    endloop
  endfacet
  facet normal 0 0 1
    outer loop
      vertex 13.7936 4.93544 1.5
      vertex 12.0162 1.9334 1.5
      vertex 12.1112 1.95474 1.5
    endloop
  endfacet
  facet normal 0 0 1
    outer loop
      vertex 13.7936 4.93544 1.5
      vertex 12.0157 1.9333 1.5
      vertex 12.0162 1.9334 1.5
    endloop
  endfacet
  facet normal 0 0 1
    outer loop
      vertex 13.5348 5.60631 1.5
      vertex 11.9219 1.90734 1.5
      vertex 12.0157 1.9333 1.5
    endloop
  endfacet
  facet normal 0 0 1
    outer loop
      vertex 13.5348 5.60631 1.5
      vertex 11.9215 1.90721 1.5
      vertex 11.9219 1.90734 1.5
    endloop
  endfacet
  facet normal 0 0 1
    outer loop
      vertex 13.5348 5.60631 1.5
      vertex 11.829 1.87667 1.5
      vertex 11.9215 1.90721 1.5
    endloop
  endfacet
  facet normal 0 0 1
    outer loop
      vertex 13.5348 5.60631 1.5
      vertex 11.8286 1.87653 1.5
      vertex 11.829 1.87667 1.5
    endloop
  endfacet
  facet normal 0 0 1
    outer loop
      vertex 13.5348 5.60631 1.5
      vertex 11.8281 1.87636 1.5
      vertex 11.8286 1.87653 1.5
    endloop
  endfacet
  facet normal 0 0 1
    outer loop
      vertex 6.5385 6.85 1.5
      vertex 12.181 8.1391 1.5
      vertex 11.767 8.72699 1.5
    endloop
  endfacet
  facet normal 0 0 1
    outer loop
      vertex 13.5348 5.60631 1.5
      vertex 11.7373 1.84132 1.5
      vertex 11.8281 1.87636 1.5
    endloop
  endfacet
  facet normal 0 0 1
    outer loop
      vertex 13.2434 6.26368 1.5
      vertex 11.6483 1.80187 1.5
      vertex 11.7373 1.84132 1.5
    endloop
  endfacet
  facet normal 0 0 1
    outer loop
      vertex 13.2434 6.26368 1.5
      vertex 11.6479 1.80168 1.5
      vertex 11.6483 1.80187 1.5
    endloop
  endfacet
  facet normal 0 0 1
    outer loop
      vertex 6.53024 6.52406 1.5
      vertex 12.181 8.1391 1.5
      vertex 6.53062 6.52917 1.5
    endloop
  endfacet
  facet normal 0 0 1
    outer loop
      vertex 13.2434 6.26368 1.5
      vertex 11.6475 1.80147 1.5
      vertex 11.6479 1.80168 1.5
    endloop
  endfacet
  facet normal 0 0 1
    outer loop
      vertex 13.2434 6.26368 1.5
      vertex 11.5605 1.7577 1.5
      vertex 11.6475 1.80147 1.5
    endloop
  endfacet
  facet normal 0 0 1
    outer loop
      vertex 12.181 8.1391 1.5
      vertex 6.53024 6.52406 1.5
      vertex 12.5657 7.5316 1.5
    endloop
  endfacet
  facet normal 0 0 1
    outer loop
      vertex 6.50701 6.20912 1.5
      vertex 12.5657 7.5316 1.5
      vertex 6.53024 6.52406 1.5
    endloop
  endfacet
  facet normal 0 0 1
    outer loop
      vertex 6.46835 5.89569 1.5
      vertex 12.5657 7.5316 1.5
      vertex 6.50701 6.20912 1.5
    endloop
  endfacet
  facet normal 0 0 1
    outer loop
      vertex 12.5657 7.5316 1.5
      vertex 6.46835 5.89569 1.5
      vertex 12.9201 6.90596 1.5
    endloop
  endfacet
  facet normal 0 0 1
    outer loop
      vertex 6.5385 6.85 1.5
      vertex 11.767 8.72699 1.5
      vertex 11.3246 9.29386 1.5
    endloop
  endfacet
  facet normal 0 0 1
    outer loop
      vertex 6.46685 5.88555 1.5
      vertex 12.9201 6.90596 1.5
      vertex 6.46773 5.8906 1.5
    endloop
  endfacet
  facet normal 0 0 1
    outer loop
      vertex 6.41286 5.5744 1.5
      vertex 12.9201 6.90596 1.5
      vertex 6.46685 5.88555 1.5
    endloop
  endfacet
  facet normal 0 0 1
    outer loop
      vertex 12.9201 6.90596 1.5
      vertex 6.41286 5.5744 1.5
      vertex 13.2434 6.26368 1.5
    endloop
  endfacet
  facet normal 0 0 1
    outer loop
      vertex 13.2434 6.26368 1.5
      vertex 6.41286 5.5744 1.5
      vertex 11.5605 1.7577 1.5
    endloop
  endfacet
  facet normal 0 0 1
    outer loop
      vertex 11.5605 1.7577 1.5
      vertex 6.41286 5.5744 1.5
      vertex 11.4758 1.70971 1.5
    endloop
  endfacet
  facet normal 0 0 1
    outer loop
      vertex 11.4758 1.70971 1.5
      vertex 6.41286 5.5744 1.5
      vertex 11.4754 1.70948 1.5
    endloop
  endfacet
  facet normal -0 0 1
    outer loop
      vertex 6.34367 5.26628 1.5
      vertex 11.4754 1.70948 1.5
      vertex 6.41286 5.5744 1.5
    endloop
  endfacet
  facet normal 0 0 1
    outer loop
      vertex 11.4754 1.70948 1.5
      vertex 6.34367 5.26628 1.5
      vertex 11.3931 1.65739 1.5
    endloop
  endfacet
  facet normal -0 0 1
    outer loop
      vertex 6.34255 5.26128 1.5
      vertex 11.3931 1.65739 1.5
      vertex 6.34367 5.26628 1.5
    endloop
  endfacet
  facet normal 0 0 1
    outer loop
      vertex 11.3931 1.65739 1.5
      vertex 6.34255 5.26128 1.5
      vertex 11.3927 1.65715 1.5
    endloop
  endfacet
  facet normal -0 0 1
    outer loop
      vertex 6.34118 5.25634 1.5
      vertex 11.3927 1.65715 1.5
      vertex 6.34255 5.26128 1.5
    endloop
  endfacet
  facet normal 0 0 1
    outer loop
      vertex 11.3927 1.65715 1.5
      vertex 6.34118 5.25634 1.5
      vertex 11.3924 1.65688 1.5
    endloop
  endfacet
  facet normal 0 0 1
    outer loop
      vertex 11.3924 1.65688 1.5
      vertex 6.34118 5.25634 1.5
      vertex 11.3128 1.60082 1.5
    endloop
  endfacet
  facet normal 0 0 1
    outer loop
      vertex 6.5385 6.85 1.5
      vertex 11.3246 9.29386 1.5
      vertex 10.8549 9.83834 1.5
    endloop
  endfacet
  facet normal -0 0 1
    outer loop
      vertex 6.25695 4.95198 1.5
      vertex 11.3128 1.60082 1.5
      vertex 6.34118 5.25634 1.5
    endloop
  endfacet
  facet normal 0 0 1
    outer loop
      vertex 11.3128 1.60082 1.5
      vertex 6.25695 4.95198 1.5
      vertex 11.3124 1.60053 1.5
    endloop
  endfacet
  facet normal 0 0 1
    outer loop
      vertex 11.3124 1.60053 1.5
      vertex 6.25695 4.95198 1.5
      vertex 11.2356 1.54063 1.5
    endloop
  endfacet
  facet normal -0 0 1
    outer loop
      vertex 6.25534 4.94711 1.5
      vertex 11.2356 1.54063 1.5
      vertex 6.25695 4.95198 1.5
    endloop
  endfacet
  facet normal 0 0 1
    outer loop
      vertex 11.2356 1.54063 1.5
      vertex 6.25534 4.94711 1.5
      vertex 11.1619 1.47704 1.5
    endloop
  endfacet
  facet normal 0 0 1
    outer loop
      vertex 11.1619 1.47704 1.5
      vertex 6.25534 4.94711 1.5
      vertex 11.1616 1.47674 1.5
    endloop
  endfacet
  facet normal -0 0 1
    outer loop
      vertex 6.15628 4.64725 1.5
      vertex 11.1616 1.47674 1.5
      vertex 6.25534 4.94711 1.5
    endloop
  endfacet
  facet normal 0 0 1
    outer loop
      vertex 11.1616 1.47674 1.5
      vertex 6.15628 4.64725 1.5
      vertex 11.1612 1.47642 1.5
    endloop
  endfacet
  facet normal 0 0 1
    outer loop
      vertex 11.1612 1.47642 1.5
      vertex 6.15628 4.64725 1.5
      vertex 11.0907 1.40929 1.5
    endloop
  endfacet
  facet normal 0 0 1
    outer loop
      vertex 11.0907 1.40929 1.5
      vertex 6.15628 4.64725 1.5
      vertex 11.0236 1.33877 1.5
    endloop
  endfacet
  facet normal -0 0 1
    outer loop
      vertex 6.04263 4.35261 1.5
      vertex 11.0236 1.33877 1.5
      vertex 6.15628 4.64725 1.5
    endloop
  endfacet
  facet normal 0 0 1
    outer loop
      vertex 11.0236 1.33877 1.5
      vertex 6.04263 4.35261 1.5
      vertex 11.0233 1.33844 1.5
    endloop
  endfacet
  facet normal 0 0 1
    outer loop
      vertex 11.0233 1.33844 1.5
      vertex 6.04263 4.35261 1.5
      vertex 11.023 1.33809 1.5
    endloop
  endfacet
  facet normal -0 0 1
    outer loop
      vertex 6.04078 4.34783 1.5
      vertex 11.023 1.33809 1.5
      vertex 6.04263 4.35261 1.5
    endloop
  endfacet
  facet normal 0 0 1
    outer loop
      vertex 11.023 1.33809 1.5
      vertex 6.04078 4.34783 1.5
      vertex 10.9594 1.26437 1.5
    endloop
  endfacet
  facet normal -0 0 1
    outer loop
      vertex 6.0387 4.34314 1.5
      vertex 10.9594 1.26437 1.5
      vertex 6.04078 4.34783 1.5
    endloop
  endfacet
  facet normal 0 0 1
    outer loop
      vertex 10.9594 1.26437 1.5
      vertex 6.0387 4.34314 1.5
      vertex 10.8995 1.18761 1.5
    endloop
  endfacet
  facet normal -0 0 1
    outer loop
      vertex 5.91073 4.05443 1.5
      vertex 10.8995 1.18761 1.5
      vertex 6.0387 4.34314 1.5
    endloop
  endfacet
  facet normal 0 0 1
    outer loop
      vertex 10.8995 1.18761 1.5
      vertex 5.91073 4.05443 1.5
      vertex 10.8992 1.18725 1.5
    endloop
  endfacet
  facet normal 0 0 1
    outer loop
      vertex 10.8992 1.18725 1.5
      vertex 5.91073 4.05443 1.5
      vertex 10.8431 1.10765 1.5
    endloop
  endfacet
  facet normal 0 0 1
    outer loop
      vertex 10.8431 1.10765 1.5
      vertex 5.91073 4.05443 1.5
      vertex 10.8429 1.10727 1.5
    endloop
  endfacet
  facet normal -0 0 1
    outer loop
      vertex 5.90842 4.04986 1.5
      vertex 10.8429 1.10727 1.5
      vertex 5.91073 4.05443 1.5
    endloop
  endfacet
  facet normal 0 0 1
    outer loop
      vertex 10.8429 1.10727 1.5
      vertex 5.90842 4.04986 1.5
      vertex 10.8426 1.10688 1.5
    endloop
  endfacet
  facet normal 0 0 1
    outer loop
      vertex 10.8426 1.10688 1.5
      vertex 5.90842 4.04986 1.5
      vertex 10.7905 1.02462 1.5
    endloop
  endfacet
  facet normal 0 0 -1
    outer loop
      vertex 10.5094 0.0977931 1.5
      vertex 10.507 0 1.5
      vertex 10.507 0.000462493 1.5
    endloop
  endfacet
  facet normal -0 0 1
    outer loop
      vertex 5.76644 3.76777 1.5
      vertex 10.7905 1.02462 1.5
      vertex 5.90842 4.04986 1.5
    endloop
  endfacet
  facet normal 0 0 1
    outer loop
      vertex 6.5385 6.85 1.5
      vertex 10.8549 9.83834 1.5
      vertex 10.3591 10.3591 1.5
    endloop
  endfacet
  facet normal 0 0 1
    outer loop
      vertex 14.4835 -0.194889 1.5
      vertex 14.65 0 1.5
      vertex 14.4906 -0.0977931 1.5
    endloop
  endfacet
  facet normal 0 0 1
    outer loop
      vertex 14.4834 -0.195351 1.5
      vertex 14.65 0 1.5
      vertex 14.4835 -0.194889 1.5
    endloop
  endfacet
  facet normal 0 0 1
    outer loop
      vertex 14.4715 -0.291979 1.5
      vertex 14.65 0 1.5
      vertex 14.4834 -0.195351 1.5
    endloop
  endfacet
  facet normal 0 0 1
    outer loop
      vertex 14.4715 -0.292439 1.5
      vertex 14.65 0 1.5
      vertex 14.4715 -0.291979 1.5
    endloop
  endfacet
  facet normal 0 0 1
    outer loop
      vertex 14.65 0 1.5
      vertex 14.4715 -0.292439 1.5
      vertex 14.6324 -0.718841 1.5
    endloop
  endfacet
  facet normal -0 0 1
    outer loop
      vertex 14.4714 -0.292894 1.5
      vertex 14.6324 -0.718841 1.5
      vertex 14.4715 -0.292439 1.5
    endloop
  endfacet
  facet normal -0 0 1
    outer loop
      vertex 14.4547 -0.388821 1.5
      vertex 14.6324 -0.718841 1.5
      vertex 14.4714 -0.292894 1.5
    endloop
  endfacet
  facet normal -0 0 1
    outer loop
      vertex 14.4334 -0.483816 1.5
      vertex 14.6324 -0.718841 1.5
      vertex 14.4547 -0.388821 1.5
    endloop
  endfacet
  facet normal -0 0 1
    outer loop
      vertex 14.4333 -0.484267 1.5
      vertex 14.6324 -0.718841 1.5
      vertex 14.4334 -0.483816 1.5
    endloop
  endfacet
  facet normal -0 0 1
    outer loop
      vertex 14.4073 -0.578101 1.5
      vertex 14.6324 -0.718841 1.5
      vertex 14.4333 -0.484267 1.5
    endloop
  endfacet
  facet normal -0 0 1
    outer loop
      vertex 14.4072 -0.578547 1.5
      vertex 14.6324 -0.718841 1.5
      vertex 14.4073 -0.578101 1.5
    endloop
  endfacet
  facet normal -0 0 1
    outer loop
      vertex 14.3767 -0.670993 1.5
      vertex 14.6324 -0.718841 1.5
      vertex 14.4072 -0.578547 1.5
    endloop
  endfacet
  facet normal -0 0 1
    outer loop
      vertex 14.3765 -0.671432 1.5
      vertex 14.6324 -0.718841 1.5
      vertex 14.3767 -0.670993 1.5
    endloop
  endfacet
  facet normal -0 0 1
    outer loop
      vertex 14.3764 -0.671864 1.5
      vertex 14.6324 -0.718841 1.5
      vertex 14.3765 -0.671432 1.5
    endloop
  endfacet
  facet normal 0 0 1
    outer loop
      vertex 14.3413 -0.7627 1.5
      vertex 14.6324 -0.718841 1.5
      vertex 14.3764 -0.671864 1.5
    endloop
  endfacet
  facet normal 0 0 1
    outer loop
      vertex 14.3019 -0.851708 1.5
      vertex 14.6324 -0.718841 1.5
      vertex 14.3413 -0.7627 1.5
    endloop
  endfacet
  facet normal 0 0 1
    outer loop
      vertex 14.3017 -0.852131 1.5
      vertex 14.6324 -0.718841 1.5
      vertex 14.3019 -0.851708 1.5
    endloop
  endfacet
  facet normal 0 0 1
    outer loop
      vertex 14.3015 -0.852545 1.5
      vertex 14.6324 -0.718841 1.5
      vertex 14.3017 -0.852131 1.5
    endloop
  endfacet
  facet normal 0 0 1
    outer loop
      vertex 14.2577 -0.939509 1.5
      vertex 14.6324 -0.718841 1.5
      vertex 14.3015 -0.852545 1.5
    endloop
  endfacet
  facet normal 0 0 1
    outer loop
      vertex 14.6324 -0.718841 1.5
      vertex 14.2577 -0.939509 1.5
      vertex 14.5795 -1.43595 1.5
    endloop
  endfacet
  facet normal -0 0 1
    outer loop
      vertex 14.2097 -1.02422 1.5
      vertex 14.5795 -1.43595 1.5
      vertex 14.2577 -0.939509 1.5
    endloop
  endfacet
  facet normal -0 0 1
    outer loop
      vertex 14.2095 -1.02462 1.5
      vertex 14.5795 -1.43595 1.5
      vertex 14.2097 -1.02422 1.5
    endloop
  endfacet
  facet normal -0 0 1
    outer loop
      vertex 14.1574 -1.10688 1.5
      vertex 14.5795 -1.43595 1.5
      vertex 14.2095 -1.02462 1.5
    endloop
  endfacet
  facet normal -0 0 1
    outer loop
      vertex 14.1571 -1.10727 1.5
      vertex 14.5795 -1.43595 1.5
      vertex 14.1574 -1.10688 1.5
    endloop
  endfacet
  facet normal -0 0 1
    outer loop
      vertex 14.1569 -1.10765 1.5
      vertex 14.5795 -1.43595 1.5
      vertex 14.1571 -1.10727 1.5
    endloop
  endfacet
  facet normal -0 0 1
    outer loop
      vertex 14.1008 -1.18725 1.5
      vertex 14.5795 -1.43595 1.5
      vertex 14.1569 -1.10765 1.5
    endloop
  endfacet
  facet normal -0 0 1
    outer loop
      vertex 14.1005 -1.18761 1.5
      vertex 14.5795 -1.43595 1.5
      vertex 14.1008 -1.18725 1.5
    endloop
  endfacet
  facet normal -0 0 1
    outer loop
      vertex 14.0406 -1.26437 1.5
      vertex 14.5795 -1.43595 1.5
      vertex 14.1005 -1.18761 1.5
    endloop
  endfacet
  facet normal -0 0 1
    outer loop
      vertex 13.977 -1.33809 1.5
      vertex 14.5795 -1.43595 1.5
      vertex 14.0406 -1.26437 1.5
    endloop
  endfacet
  facet normal -0 0 1
    outer loop
      vertex 13.9767 -1.33844 1.5
      vertex 14.5795 -1.43595 1.5
      vertex 13.977 -1.33809 1.5
    endloop
  endfacet
  facet normal -0 0 1
    outer loop
      vertex 13.9764 -1.33877 1.5
      vertex 14.5795 -1.43595 1.5
      vertex 13.9767 -1.33844 1.5
    endloop
  endfacet
  facet normal -0 0 1
    outer loop
      vertex 13.9093 -1.40929 1.5
      vertex 14.5795 -1.43595 1.5
      vertex 13.9764 -1.33877 1.5
    endloop
  endfacet
  facet normal 0 0 1
    outer loop
      vertex 14.5795 -1.43595 1.5
      vertex 13.9093 -1.40929 1.5
      vertex 14.4914 -2.1496 1.5
    endloop
  endfacet
  facet normal -0 0 1
    outer loop
      vertex 13.8388 -1.47642 1.5
      vertex 14.4914 -2.1496 1.5
      vertex 13.9093 -1.40929 1.5
    endloop
  endfacet
  facet normal -0 0 1
    outer loop
      vertex 13.8384 -1.47674 1.5
      vertex 14.4914 -2.1496 1.5
      vertex 13.8388 -1.47642 1.5
    endloop
  endfacet
  facet normal -0 0 1
    outer loop
      vertex 13.8381 -1.47704 1.5
      vertex 14.4914 -2.1496 1.5
      vertex 13.8384 -1.47674 1.5
    endloop
  endfacet
  facet normal -0 0 1
    outer loop
      vertex 13.7644 -1.54063 1.5
      vertex 14.4914 -2.1496 1.5
      vertex 13.8381 -1.47704 1.5
    endloop
  endfacet
  facet normal -0 0 1
    outer loop
      vertex 13.6876 -1.60053 1.5
      vertex 14.4914 -2.1496 1.5
      vertex 13.7644 -1.54063 1.5
    endloop
  endfacet
  facet normal -0 0 1
    outer loop
      vertex 13.6872 -1.60082 1.5
      vertex 14.4914 -2.1496 1.5
      vertex 13.6876 -1.60053 1.5
    endloop
  endfacet
  facet normal -0 0 1
    outer loop
      vertex 13.6076 -1.65688 1.5
      vertex 14.4914 -2.1496 1.5
      vertex 13.6872 -1.60082 1.5
    endloop
  endfacet
  facet normal -0 0 1
    outer loop
      vertex 13.6073 -1.65715 1.5
      vertex 14.4914 -2.1496 1.5
      vertex 13.6076 -1.65688 1.5
    endloop
  endfacet
  facet normal -0 0 1
    outer loop
      vertex 13.6069 -1.65739 1.5
      vertex 14.4914 -2.1496 1.5
      vertex 13.6073 -1.65715 1.5
    endloop
  endfacet
  facet normal -0 0 1
    outer loop
      vertex 13.5246 -1.70948 1.5
      vertex 14.4914 -2.1496 1.5
      vertex 13.6069 -1.65739 1.5
    endloop
  endfacet
  facet normal -0 0 1
    outer loop
      vertex 13.5242 -1.70971 1.5
      vertex 14.4914 -2.1496 1.5
      vertex 13.5246 -1.70948 1.5
    endloop
  endfacet
  facet normal -0 0 1
    outer loop
      vertex 13.4395 -1.7577 1.5
      vertex 14.4914 -2.1496 1.5
      vertex 13.5242 -1.70971 1.5
    endloop
  endfacet
  facet normal 0 0 1
    outer loop
      vertex 14.4914 -2.1496 1.5
      vertex 13.4395 -1.7577 1.5
      vertex 14.3685 -2.85807 1.5
    endloop
  endfacet
  facet normal -0 0 1
    outer loop
      vertex 13.3525 -1.80147 1.5
      vertex 14.3685 -2.85807 1.5
      vertex 13.4395 -1.7577 1.5
    endloop
  endfacet
  facet normal -0 0 1
    outer loop
      vertex 13.3521 -1.80168 1.5
      vertex 14.3685 -2.85807 1.5
      vertex 13.3525 -1.80147 1.5
    endloop
  endfacet
  facet normal -0 0 1
    outer loop
      vertex 13.3517 -1.80187 1.5
      vertex 14.3685 -2.85807 1.5
      vertex 13.3521 -1.80168 1.5
    endloop
  endfacet
  facet normal -0 0 1
    outer loop
      vertex 13.2627 -1.84132 1.5
      vertex 14.3685 -2.85807 1.5
      vertex 13.3517 -1.80187 1.5
    endloop
  endfacet
  facet normal -0 0 1
    outer loop
      vertex 13.1719 -1.87636 1.5
      vertex 14.3685 -2.85807 1.5
      vertex 13.2627 -1.84132 1.5
    endloop
  endfacet
  facet normal -0 0 1
    outer loop
      vertex 13.1714 -1.87653 1.5
      vertex 14.3685 -2.85807 1.5
      vertex 13.1719 -1.87636 1.5
    endloop
  endfacet
  facet normal -0 0 1
    outer loop
      vertex 13.171 -1.87667 1.5
      vertex 14.3685 -2.85807 1.5
      vertex 13.1714 -1.87653 1.5
    endloop
  endfacet
  facet normal -0 0 1
    outer loop
      vertex 13.0785 -1.90721 1.5
      vertex 14.3685 -2.85807 1.5
      vertex 13.171 -1.87667 1.5
    endloop
  endfacet
  facet normal -0 0 1
    outer loop
      vertex 13.0781 -1.90734 1.5
      vertex 14.3685 -2.85807 1.5
      vertex 13.0785 -1.90721 1.5
    endloop
  endfacet
  facet normal -0 0 1
    outer loop
      vertex 12.9843 -1.9333 1.5
      vertex 14.3685 -2.85807 1.5
      vertex 13.0781 -1.90734 1.5
    endloop
  endfacet
  facet normal 0 0 1
    outer loop
      vertex 14.3685 -2.85807 1.5
      vertex 12.9843 -1.9333 1.5
      vertex 14.211 -3.55966 1.5
    endloop
  endfacet
  facet normal -0 0 1
    outer loop
      vertex 12.9838 -1.9334 1.5
      vertex 14.211 -3.55966 1.5
      vertex 12.9843 -1.9333 1.5
    endloop
  endfacet
  facet normal -0 0 1
    outer loop
      vertex 12.8888 -1.95474 1.5
      vertex 14.211 -3.55966 1.5
      vertex 12.9838 -1.9334 1.5
    endloop
  endfacet
  facet normal -0 0 1
    outer loop
      vertex 12.7929 -1.97138 1.5
      vertex 14.211 -3.55966 1.5
      vertex 12.8888 -1.95474 1.5
    endloop
  endfacet
  facet normal -0 0 1
    outer loop
      vertex 12.7924 -1.97146 1.5
      vertex 14.211 -3.55966 1.5
      vertex 12.7929 -1.97138 1.5
    endloop
  endfacet
  facet normal -0 0 1
    outer loop
      vertex 12.792 -1.97152 1.5
      vertex 14.211 -3.55966 1.5
      vertex 12.7924 -1.97146 1.5
    endloop
  endfacet
  facet normal -0 0 1
    outer loop
      vertex 12.6954 -1.98344 1.5
      vertex 14.211 -3.55966 1.5
      vertex 12.792 -1.97152 1.5
    endloop
  endfacet
  facet normal -0 0 1
    outer loop
      vertex 12.6949 -1.98347 1.5
      vertex 14.211 -3.55966 1.5
      vertex 12.6954 -1.98344 1.5
    endloop
  endfacet
  facet normal -0 0 1
    outer loop
      vertex 12.5978 -1.99063 1.5
      vertex 14.211 -3.55966 1.5
      vertex 12.6949 -1.98347 1.5
    endloop
  endfacet
  facet normal 0 0 1
    outer loop
      vertex 14.211 -3.55966 1.5
      vertex 12.5978 -1.99063 1.5
      vertex 14.0192 -4.25267 1.5
    endloop
  endfacet
  facet normal -0 0 1
    outer loop
      vertex 12.5005 -1.99302 1.5
      vertex 14.0192 -4.25267 1.5
      vertex 12.5978 -1.99063 1.5
    endloop
  endfacet
  facet normal -0 0 1
    outer loop
      vertex 12.5 -1.99303 1.5
      vertex 14.0192 -4.25267 1.5
      vertex 12.5005 -1.99302 1.5
    endloop
  endfacet
  facet normal 0 0 1
    outer loop
      vertex 12.4995 -1.99302 1.5
      vertex 14.0192 -4.25267 1.5
      vertex 12.5 -1.99303 1.5
    endloop
  endfacet
  facet normal 0 0 1
    outer loop
      vertex 12.4022 -1.99063 1.5
      vertex 14.0192 -4.25267 1.5
      vertex 12.4995 -1.99302 1.5
    endloop
  endfacet
  facet normal 0 0 1
    outer loop
      vertex 12.3051 -1.98347 1.5
      vertex 14.0192 -4.25267 1.5
      vertex 12.4022 -1.99063 1.5
    endloop
  endfacet
  facet normal 0 0 1
    outer loop
      vertex 12.3046 -1.98344 1.5
      vertex 14.0192 -4.25267 1.5
      vertex 12.3051 -1.98347 1.5
    endloop
  endfacet
  facet normal 0 0 1
    outer loop
      vertex 14.0192 -4.25267 1.5
      vertex 12.3046 -1.98344 1.5
      vertex 13.7936 -4.93544 1.5
    endloop
  endfacet
  facet normal 0 0 1
    outer loop
      vertex 12.208 -1.97152 1.5
      vertex 13.7936 -4.93544 1.5
      vertex 12.3046 -1.98344 1.5
    endloop
  endfacet
  facet normal 0 0 1
    outer loop
      vertex 12.2076 -1.97146 1.5
      vertex 13.7936 -4.93544 1.5
      vertex 12.208 -1.97152 1.5
    endloop
  endfacet
  facet normal 0 0 1
    outer loop
      vertex 12.2071 -1.97138 1.5
      vertex 13.7936 -4.93544 1.5
      vertex 12.2076 -1.97146 1.5
    endloop
  endfacet
  facet normal 0 0 1
    outer loop
      vertex 12.1112 -1.95474 1.5
      vertex 13.7936 -4.93544 1.5
      vertex 12.2071 -1.97138 1.5
    endloop
  endfacet
  facet normal 0 0 1
    outer loop
      vertex 12.0162 -1.9334 1.5
      vertex 13.7936 -4.93544 1.5
      vertex 12.1112 -1.95474 1.5
    endloop
  endfacet
  facet normal 0 0 1
    outer loop
      vertex 12.0157 -1.9333 1.5
      vertex 13.7936 -4.93544 1.5
      vertex 12.0162 -1.9334 1.5
    endloop
  endfacet
  facet normal 0 0 1
    outer loop
      vertex 13.7936 -4.93544 1.5
      vertex 12.0157 -1.9333 1.5
      vertex 13.5348 -5.60631 1.5
    endloop
  endfacet
  facet normal 0 0 1
    outer loop
      vertex 11.9219 -1.90734 1.5
      vertex 13.5348 -5.60631 1.5
      vertex 12.0157 -1.9333 1.5
    endloop
  endfacet
  facet normal 0 0 1
    outer loop
      vertex 11.9215 -1.90721 1.5
      vertex 13.5348 -5.60631 1.5
      vertex 11.9219 -1.90734 1.5
    endloop
  endfacet
  facet normal 0 0 1
    outer loop
      vertex 11.829 -1.87667 1.5
      vertex 13.5348 -5.60631 1.5
      vertex 11.9215 -1.90721 1.5
    endloop
  endfacet
  facet normal 0 0 1
    outer loop
      vertex 11.8286 -1.87653 1.5
      vertex 13.5348 -5.60631 1.5
      vertex 11.829 -1.87667 1.5
    endloop
  endfacet
  facet normal 0 0 1
    outer loop
      vertex 11.8281 -1.87636 1.5
      vertex 13.5348 -5.60631 1.5
      vertex 11.8286 -1.87653 1.5
    endloop
  endfacet
  facet normal 0 0 1
    outer loop
      vertex 11.7373 -1.84132 1.5
      vertex 13.5348 -5.60631 1.5
      vertex 11.8281 -1.87636 1.5
    endloop
  endfacet
  facet normal 0 0 1
    outer loop
      vertex 13.5348 -5.60631 1.5
      vertex 11.7373 -1.84132 1.5
      vertex 13.2434 -6.26368 1.5
    endloop
  endfacet
  facet normal 0 0 1
    outer loop
      vertex 11.6483 -1.80187 1.5
      vertex 13.2434 -6.26368 1.5
      vertex 11.7373 -1.84132 1.5
    endloop
  endfacet
  facet normal 0 0 1
    outer loop
      vertex 11.6479 -1.80168 1.5
      vertex 13.2434 -6.26368 1.5
      vertex 11.6483 -1.80187 1.5
    endloop
  endfacet
  facet normal 0 0 1
    outer loop
      vertex 11.6475 -1.80147 1.5
      vertex 13.2434 -6.26368 1.5
      vertex 11.6479 -1.80168 1.5
    endloop
  endfacet
  facet normal 0 0 1
    outer loop
      vertex 11.5605 -1.7577 1.5
      vertex 13.2434 -6.26368 1.5
      vertex 11.6475 -1.80147 1.5
    endloop
  endfacet
  facet normal 0 0 1
    outer loop
      vertex 13.2434 -6.26368 1.5
      vertex 11.5605 -1.7577 1.5
      vertex 12.9201 -6.90596 1.5
    endloop
  endfacet
  facet normal 0 0 1
    outer loop
      vertex 6.5385 -6.85 1.5
      vertex 11.5605 -1.7577 1.5
      vertex 11.4758 -1.70971 1.5
    endloop
  endfacet
  facet normal 0 0 1
    outer loop
      vertex 6.5385 -6.85 1.5
      vertex 11.4758 -1.70971 1.5
      vertex 11.4754 -1.70948 1.5
    endloop
  endfacet
  facet normal 0 0 1
    outer loop
      vertex 6.5385 -6.85 1.5
      vertex 11.4754 -1.70948 1.5
      vertex 11.3931 -1.65739 1.5
    endloop
  endfacet
  facet normal 0 0 1
    outer loop
      vertex 11.5605 -1.7577 1.5
      vertex 6.5385 -6.85 1.5
      vertex 12.9201 -6.90596 1.5
    endloop
  endfacet
  facet normal 0 0 1
    outer loop
      vertex 6.5385 -6.85 1.5
      vertex 11.3931 -1.65739 1.5
      vertex 11.3927 -1.65715 1.5
    endloop
  endfacet
  facet normal 0 0 1
    outer loop
      vertex 6.5385 -6.85 1.5
      vertex 11.3927 -1.65715 1.5
      vertex 11.3924 -1.65688 1.5
    endloop
  endfacet
  facet normal 0 0 1
    outer loop
      vertex 6.5385 -6.85 1.5
      vertex 11.3924 -1.65688 1.5
      vertex 11.3128 -1.60082 1.5
    endloop
  endfacet
  facet normal 0 0 1
    outer loop
      vertex 12.9201 -6.90596 1.5
      vertex 6.5385 -6.85 1.5
      vertex 12.5657 -7.5316 1.5
    endloop
  endfacet
  facet normal 0 0 1
    outer loop
      vertex 6.5385 -6.85 1.5
      vertex 11.3128 -1.60082 1.5
      vertex 11.3124 -1.60053 1.5
    endloop
  endfacet
  facet normal 0 0 1
    outer loop
      vertex 6.5385 -6.85 1.5
      vertex 11.3124 -1.60053 1.5
      vertex 11.2356 -1.54063 1.5
    endloop
  endfacet
  facet normal 0 0 1
    outer loop
      vertex 6.5385 -6.85 1.5
      vertex 11.2356 -1.54063 1.5
      vertex 11.1619 -1.47704 1.5
    endloop
  endfacet
  facet normal 0 0 1
    outer loop
      vertex 12.5657 -7.5316 1.5
      vertex 6.5385 -6.85 1.5
      vertex 12.181 -8.1391 1.5
    endloop
  endfacet
  facet normal 0 0 1
    outer loop
      vertex 6.5385 -6.85 1.5
      vertex 11.1619 -1.47704 1.5
      vertex 11.1616 -1.47674 1.5
    endloop
  endfacet
  facet normal 0 0 1
    outer loop
      vertex 6.5385 -6.85 1.5
      vertex 11.1616 -1.47674 1.5
      vertex 11.1612 -1.47642 1.5
    endloop
  endfacet
  facet normal 0 0 1
    outer loop
      vertex 6.5385 -6.85 1.5
      vertex 11.1612 -1.47642 1.5
      vertex 11.0907 -1.40929 1.5
    endloop
  endfacet
  facet normal 0 0 1
    outer loop
      vertex 12.181 -8.1391 1.5
      vertex 6.5385 -6.85 1.5
      vertex 11.767 -8.72699 1.5
    endloop
  endfacet
  facet normal 0 0 1
    outer loop
      vertex 6.5385 -6.85 1.5
      vertex 11.0907 -1.40929 1.5
      vertex 11.0236 -1.33877 1.5
    endloop
  endfacet
  facet normal 0 0 1
    outer loop
      vertex 6.5385 -6.85 1.5
      vertex 11.0236 -1.33877 1.5
      vertex 11.0233 -1.33844 1.5
    endloop
  endfacet
  facet normal 0 0 1
    outer loop
      vertex 6.5385 -6.85 1.5
      vertex 11.0233 -1.33844 1.5
      vertex 11.023 -1.33809 1.5
    endloop
  endfacet
  facet normal 0 0 1
    outer loop
      vertex 6.5385 -6.85 1.5
      vertex 11.023 -1.33809 1.5
      vertex 10.9594 -1.26437 1.5
    endloop
  endfacet
  facet normal 0 0 1
    outer loop
      vertex 6.5385 -6.85 1.5
      vertex 10.9594 -1.26437 1.5
      vertex 10.8995 -1.18761 1.5
    endloop
  endfacet
  facet normal 0 0 1
    outer loop
      vertex 6.5385 -6.85 1.5
      vertex 10.8995 -1.18761 1.5
      vertex 10.8992 -1.18725 1.5
    endloop
  endfacet
  facet normal -0 0 1
    outer loop
      vertex 6.53075 -7.1657 1.5
      vertex 11.767 -8.72699 1.5
      vertex 6.5385 -6.85 1.5
    endloop
  endfacet
  facet normal 0 0 1
    outer loop
      vertex 6.5385 -6.85 1.5
      vertex 10.8992 -1.18725 1.5
      vertex 10.8431 -1.10765 1.5
    endloop
  endfacet
  facet normal 0 0 1
    outer loop
      vertex 6.5385 -6.85 1.5
      vertex 10.8431 -1.10765 1.5
      vertex 10.8429 -1.10727 1.5
    endloop
  endfacet
  facet normal 0 0 1
    outer loop
      vertex 6.5385 -6.85 1.5
      vertex 10.8429 -1.10727 1.5
      vertex 10.8426 -1.10688 1.5
    endloop
  endfacet
  facet normal 0 0 1
    outer loop
      vertex 6.5385 -6.85 1.5
      vertex 10.8426 -1.10688 1.5
      vertex 10.7905 -1.02462 1.5
    endloop
  endfacet
  facet normal 0 0 1
    outer loop
      vertex 6.5385 -6.85 1.5
      vertex 10.7905 -1.02462 1.5
      vertex 10.7903 -1.02422 1.5
    endloop
  endfacet
  facet normal 0 0 1
    outer loop
      vertex 6.5385 -6.85 1.5
      vertex 10.7903 -1.02422 1.5
      vertex 10.7423 -0.939509 1.5
    endloop
  endfacet
  facet normal 0 0 1
    outer loop
      vertex 6.5385 -6.85 1.5
      vertex 10.7423 -0.939509 1.5
      vertex 10.6985 -0.852545 1.5
    endloop
  endfacet
  facet normal 0 0 1
    outer loop
      vertex 6.5385 -6.85 1.5
      vertex 10.6985 -0.852545 1.5
      vertex 10.6983 -0.852131 1.5
    endloop
  endfacet
  facet normal 0 0 1
    outer loop
      vertex 6.5385 -6.85 1.5
      vertex 10.6983 -0.852131 1.5
      vertex 10.6981 -0.851708 1.5
    endloop
  endfacet
  facet normal 0 0 1
    outer loop
      vertex 6.5385 -6.85 1.5
      vertex 10.6981 -0.851708 1.5
      vertex 10.6587 -0.7627 1.5
    endloop
  endfacet
  facet normal 0 0 1
    outer loop
      vertex 6.5385 -6.85 1.5
      vertex 10.6587 -0.7627 1.5
      vertex 10.6236 -0.671864 1.5
    endloop
  endfacet
  facet normal 0 0 1
    outer loop
      vertex 6.5385 -6.85 1.5
      vertex 10.6236 -0.671864 1.5
      vertex 10.6235 -0.671432 1.5
    endloop
  endfacet
  facet normal 0 0 1
    outer loop
      vertex 6.5385 -6.85 1.5
      vertex 10.6235 -0.671432 1.5
      vertex 10.6233 -0.670993 1.5
    endloop
  endfacet
  facet normal 0 0 1
    outer loop
      vertex 6.5385 -6.85 1.5
      vertex 10.6233 -0.670993 1.5
      vertex 10.5928 -0.578547 1.5
    endloop
  endfacet
  facet normal 0 0 1
    outer loop
      vertex 6.5385 -6.85 1.5
      vertex 10.5928 -0.578547 1.5
      vertex 10.5927 -0.578101 1.5
    endloop
  endfacet
  facet normal 0 0 1
    outer loop
      vertex 6.5385 -6.85 1.5
      vertex 10.5927 -0.578101 1.5
      vertex 10.5667 -0.484267 1.5
    endloop
  endfacet
  facet normal 0 0 1
    outer loop
      vertex 6.5385 -6.85 1.5
      vertex 10.5667 -0.484267 1.5
      vertex 10.5666 -0.483816 1.5
    endloop
  endfacet
  facet normal 0 0 1
    outer loop
      vertex 6.5385 -6.85 1.5
      vertex 10.5666 -0.483816 1.5
      vertex 10.5453 -0.388821 1.5
    endloop
  endfacet
  facet normal 0 0 1
    outer loop
      vertex 10.5285 -0.292439 1.5
      vertex 6.5385 -6.85 1.5
      vertex 10.5286 -0.292894 1.5
    endloop
  endfacet
  facet normal 0 0 1
    outer loop
      vertex 10.5285 -0.291979 1.5
      vertex 6.5385 -6.85 1.5
      vertex 10.5285 -0.292439 1.5
    endloop
  endfacet
  facet normal 0 0 1
    outer loop
      vertex 10.5166 -0.195351 1.5
      vertex 6.5385 -6.85 1.5
      vertex 10.5285 -0.291979 1.5
    endloop
  endfacet
  facet normal 0 0 1
    outer loop
      vertex 10.5165 -0.194889 1.5
      vertex 6.5385 -6.85 1.5
      vertex 10.5166 -0.195351 1.5
    endloop
  endfacet
  facet normal 0 0 1
    outer loop
      vertex 10.5094 -0.0977931 1.5
      vertex 6.5385 -6.85 1.5
      vertex 10.5165 -0.194889 1.5
    endloop
  endfacet
  facet normal 0 0 1
    outer loop
      vertex 10.507 0 1.5
      vertex 6.5385 -6.85 1.5
      vertex 10.5094 -0.0977931 1.5
    endloop
  endfacet
  facet normal 0 0 -1
    outer loop
      vertex 10.507 0 1.5
      vertex 10.5094 -0.0977931 1.5
      vertex 10.507 -0.000462493 1.5
    endloop
  endfacet
  facet normal -0 0 1
    outer loop
      vertex 6.53062 -7.17083 1.5
      vertex 11.767 -8.72699 1.5
      vertex 6.53075 -7.1657 1.5
    endloop
  endfacet
  facet normal 0 0 1
    outer loop
      vertex 10.7903 1.02422 1.5
      vertex 5.76644 3.76777 1.5
      vertex 10.7423 0.939509 1.5
    endloop
  endfacet
  facet normal 0 0 1
    outer loop
      vertex 10.7905 1.02462 1.5
      vertex 5.76644 3.76777 1.5
      vertex 10.7903 1.02422 1.5
    endloop
  endfacet
  facet normal 0 0 1
    outer loop
      vertex 6.34255 8.43872 1.5
      vertex 10.3591 10.3591 1.5
      vertex 9.83834 10.8549 1.5
    endloop
  endfacet
  facet normal 0 0 1
    outer loop
      vertex 10.5286 -0.292894 1.5
      vertex 6.5385 -6.85 1.5
      vertex 10.5453 -0.388821 1.5
    endloop
  endfacet
  facet normal 0 0 1
    outer loop
      vertex 6.25534 8.75289 1.5
      vertex 9.83834 10.8549 1.5
      vertex 9.29386 11.3246 1.5
    endloop
  endfacet
  facet normal 0 0 1
    outer loop
      vertex 11.767 -8.72699 1.5
      vertex 6.53062 -7.17083 1.5
      vertex 11.3246 -9.29386 1.5
    endloop
  endfacet
  facet normal 0 0 1
    outer loop
      vertex 6.04263 9.34739 1.5
      vertex 9.29386 11.3246 1.5
      vertex 8.72699 11.767 1.5
    endloop
  endfacet
  facet normal -0 0 1
    outer loop
      vertex 6.53024 -7.17594 1.5
      vertex 11.3246 -9.29386 1.5
      vertex 6.53062 -7.17083 1.5
    endloop
  endfacet
  facet normal 0 0 1
    outer loop
      vertex 5.90842 9.65014 1.5
      vertex 8.72699 11.767 1.5
      vertex 8.1391 12.181 1.5
    endloop
  endfacet
  facet normal -0 0 1
    outer loop
      vertex 6.50701 -7.49088 1.5
      vertex 11.3246 -9.29386 1.5
      vertex 6.53024 -7.17594 1.5
    endloop
  endfacet
  facet normal 0 0 1
    outer loop
      vertex 5.60825 10.2115 1.5
      vertex 8.1391 12.181 1.5
      vertex 7.5316 12.5657 1.5
    endloop
  endfacet
  facet normal 0 0 1
    outer loop
      vertex 11.3246 -9.29386 1.5
      vertex 6.50701 -7.49088 1.5
      vertex 10.8549 -9.83834 1.5
    endloop
  endfacet
  facet normal 0 0 1
    outer loop
      vertex 5.25177 10.745 1.5
      vertex 7.5316 12.5657 1.5
      vertex 6.90596 12.9201 1.5
    endloop
  endfacet
  facet normal -0 0 1
    outer loop
      vertex 6.46835 -7.80431 1.5
      vertex 10.8549 -9.83834 1.5
      vertex 6.50701 -7.49088 1.5
    endloop
  endfacet
  facet normal -0 0 1
    outer loop
      vertex 6.46773 -7.8094 1.5
      vertex 10.8549 -9.83834 1.5
      vertex 6.46835 -7.80431 1.5
    endloop
  endfacet
  facet normal 0 0 1
    outer loop
      vertex 10.3591 10.3591 1.5
      vertex 6.53075 7.1657 1.5
      vertex 6.5385 6.85 1.5
    endloop
  endfacet
  facet normal 0 0 1
    outer loop
      vertex 10.3591 10.3591 1.5
      vertex 6.53062 7.17083 1.5
      vertex 6.53075 7.1657 1.5
    endloop
  endfacet
  facet normal 0 0 1
    outer loop
      vertex 10.3591 10.3591 1.5
      vertex 6.53024 7.17594 1.5
      vertex 6.53062 7.17083 1.5
    endloop
  endfacet
  facet normal 0 0 1
    outer loop
      vertex 10.3591 10.3591 1.5
      vertex 6.50701 7.49088 1.5
      vertex 6.53024 7.17594 1.5
    endloop
  endfacet
  facet normal 0 0 1
    outer loop
      vertex 10.3591 10.3591 1.5
      vertex 6.46835 7.80431 1.5
      vertex 6.50701 7.49088 1.5
    endloop
  endfacet
  facet normal 0 0 1
    outer loop
      vertex 10.3591 10.3591 1.5
      vertex 6.46773 7.8094 1.5
      vertex 6.46835 7.80431 1.5
    endloop
  endfacet
  facet normal 0 0 1
    outer loop
      vertex 10.3591 10.3591 1.5
      vertex 6.46685 7.81445 1.5
      vertex 6.46773 7.8094 1.5
    endloop
  endfacet
  facet normal 0 0 1
    outer loop
      vertex 10.3591 10.3591 1.5
      vertex 6.41286 8.1256 1.5
      vertex 6.46685 7.81445 1.5
    endloop
  endfacet
  facet normal 0 0 1
    outer loop
      vertex 10.3591 10.3591 1.5
      vertex 6.34367 8.43372 1.5
      vertex 6.41286 8.1256 1.5
    endloop
  endfacet
  facet normal 0 0 1
    outer loop
      vertex 10.3591 10.3591 1.5
      vertex 6.34255 8.43872 1.5
      vertex 6.34367 8.43372 1.5
    endloop
  endfacet
  facet normal 0 0 1
    outer loop
      vertex 9.83834 10.8549 1.5
      vertex 6.34118 8.44366 1.5
      vertex 6.34255 8.43872 1.5
    endloop
  endfacet
  facet normal 0 0 1
    outer loop
      vertex 5.05098 11.0019 1.5
      vertex 6.90596 12.9201 1.5
      vertex 6.26368 13.2434 1.5
    endloop
  endfacet
  facet normal 0 0 1
    outer loop
      vertex 9.83834 10.8549 1.5
      vertex 6.25695 8.74802 1.5
      vertex 6.34118 8.44366 1.5
    endloop
  endfacet
  facet normal 0 0 1
    outer loop
      vertex 9.83834 10.8549 1.5
      vertex 6.25534 8.75289 1.5
      vertex 6.25695 8.74802 1.5
    endloop
  endfacet
  facet normal 0 0 1
    outer loop
      vertex 9.29386 11.3246 1.5
      vertex 6.15628 9.05275 1.5
      vertex 6.25534 8.75289 1.5
    endloop
  endfacet
  facet normal 0 0 1
    outer loop
      vertex 9.29386 11.3246 1.5
      vertex 6.04263 9.34739 1.5
      vertex 6.15628 9.05275 1.5
    endloop
  endfacet
  facet normal 0 0 1
    outer loop
      vertex 8.72699 11.767 1.5
      vertex 6.04078 9.35217 1.5
      vertex 6.04263 9.34739 1.5
    endloop
  endfacet
  facet normal 0 0 1
    outer loop
      vertex 8.72699 11.767 1.5
      vertex 6.0387 9.35686 1.5
      vertex 6.04078 9.35217 1.5
    endloop
  endfacet
  facet normal 0 0 1
    outer loop
      vertex 8.72699 11.767 1.5
      vertex 5.91073 9.64557 1.5
      vertex 6.0387 9.35686 1.5
    endloop
  endfacet
  facet normal 0 0 1
    outer loop
      vertex 8.72699 11.767 1.5
      vertex 5.90842 9.65014 1.5
      vertex 5.91073 9.64557 1.5
    endloop
  endfacet
  facet normal 0 0 1
    outer loop
      vertex 8.1391 12.181 1.5
      vertex 5.76644 9.93223 1.5
      vertex 5.90842 9.65014 1.5
    endloop
  endfacet
  facet normal 0 0 1
    outer loop
      vertex 8.1391 12.181 1.5
      vertex 5.76391 9.93668 1.5
      vertex 5.76644 9.93223 1.5
    endloop
  endfacet
  facet normal 0 0 1
    outer loop
      vertex 8.1391 12.181 1.5
      vertex 5.60825 10.2115 1.5
      vertex 5.76391 9.93668 1.5
    endloop
  endfacet
  facet normal 0 0 1
    outer loop
      vertex 4.62341 11.4734 1.5
      vertex 6.26368 13.2434 1.5
      vertex 5.60631 13.5348 1.5
    endloop
  endfacet
  facet normal 0 0 1
    outer loop
      vertex 7.5316 12.5657 1.5
      vertex 5.4393 10.4783 1.5
      vertex 5.60825 10.2115 1.5
    endloop
  endfacet
  facet normal 0 0 1
    outer loop
      vertex 7.5316 12.5657 1.5
      vertex 5.43656 10.4826 1.5
      vertex 5.4393 10.4783 1.5
    endloop
  endfacet
  facet normal 0 0 1
    outer loop
      vertex 7.5316 12.5657 1.5
      vertex 5.43361 10.4868 1.5
      vertex 5.43656 10.4826 1.5
    endloop
  endfacet
  facet normal 0 0 1
    outer loop
      vertex 7.5316 12.5657 1.5
      vertex 5.25177 10.745 1.5
      vertex 5.43361 10.4868 1.5
    endloop
  endfacet
  facet normal 0 0 1
    outer loop
      vertex 6.90596 12.9201 1.5
      vertex 5.24862 10.749 1.5
      vertex 5.25177 10.745 1.5
    endloop
  endfacet
  facet normal 0 0 1
    outer loop
      vertex 6.90596 12.9201 1.5
      vertex 5.05433 10.998 1.5
      vertex 5.24862 10.749 1.5
    endloop
  endfacet
  facet normal 0 0 1
    outer loop
      vertex 6.90596 12.9201 1.5
      vertex 5.05098 11.0019 1.5
      vertex 5.05433 10.998 1.5
    endloop
  endfacet
  facet normal 0 0 1
    outer loop
      vertex 4.15186 11.901 1.5
      vertex 5.60631 13.5348 1.5
      vertex 4.93544 13.7936 1.5
    endloop
  endfacet
  facet normal 0 0 1
    outer loop
      vertex 6.26368 13.2434 1.5
      vertex 4.84471 11.241 1.5
      vertex 5.05098 11.0019 1.5
    endloop
  endfacet
  facet normal 0 0 1
    outer loop
      vertex 6.26368 13.2434 1.5
      vertex 4.62695 11.4697 1.5
      vertex 4.84471 11.241 1.5
    endloop
  endfacet
  facet normal 0 0 1
    outer loop
      vertex 6.26368 13.2434 1.5
      vertex 4.62341 11.4734 1.5
      vertex 4.62695 11.4697 1.5
    endloop
  endfacet
  facet normal 0 0 1
    outer loop
      vertex 5.60631 13.5348 1.5
      vertex 4.6197 11.4769 1.5
      vertex 4.62341 11.4734 1.5
    endloop
  endfacet
  facet normal 0 0 1
    outer loop
      vertex 5.60631 13.5348 1.5
      vertex 4.39098 11.6947 1.5
      vertex 4.6197 11.4769 1.5
    endloop
  endfacet
  facet normal 0 0 1
    outer loop
      vertex 3.63678 12.2836 1.5
      vertex 4.93544 13.7936 1.5
      vertex 4.25267 14.0192 1.5
    endloop
  endfacet
  facet normal 0 0 1
    outer loop
      vertex 5.60631 13.5348 1.5
      vertex 4.15186 11.901 1.5
      vertex 4.39098 11.6947 1.5
    endloop
  endfacet
  facet normal 0 0 1
    outer loop
      vertex 4.93544 13.7936 1.5
      vertex 4.14798 11.9043 1.5
      vertex 4.15186 11.901 1.5
    endloop
  endfacet
  facet normal 0 0 1
    outer loop
      vertex 4.93544 13.7936 1.5
      vertex 3.89902 12.0986 1.5
      vertex 4.14798 11.9043 1.5
    endloop
  endfacet
  facet normal 0 0 1
    outer loop
      vertex 4.93544 13.7936 1.5
      vertex 3.89498 12.1018 1.5
      vertex 3.89902 12.0986 1.5
    endloop
  endfacet
  facet normal 0 0 1
    outer loop
      vertex 4.93544 13.7936 1.5
      vertex 3.63678 12.2836 1.5
      vertex 3.89498 12.1018 1.5
    endloop
  endfacet
  facet normal 0 0 1
    outer loop
      vertex 4.25267 14.0192 1.5
      vertex 3.63259 12.2866 1.5
      vertex 3.63678 12.2836 1.5
    endloop
  endfacet
  facet normal 0 0 1
    outer loop
      vertex 4.25267 14.0192 1.5
      vertex 3.62826 12.2893 1.5
      vertex 3.63259 12.2866 1.5
    endloop
  endfacet
  facet normal 0 0 1
    outer loop
      vertex 3.36146 12.4583 1.5
      vertex 4.25267 14.0192 1.5
      vertex 3.55966 14.211 1.5
    endloop
  endfacet
  facet normal 0 0 1
    outer loop
      vertex 4.25267 14.0192 1.5
      vertex 3.36146 12.4583 1.5
      vertex 3.62826 12.2893 1.5
    endloop
  endfacet
  facet normal 0 0 1
    outer loop
      vertex 3.55966 14.211 1.5
      vertex 3.08668 12.6139 1.5
      vertex 3.36146 12.4583 1.5
    endloop
  endfacet
  facet normal 0 0 1
    outer loop
      vertex 3.55966 14.211 1.5
      vertex 3.08223 12.6164 1.5
      vertex 3.08668 12.6139 1.5
    endloop
  endfacet
  facet normal 0 0 1
    outer loop
      vertex 2.79557 12.7607 1.5
      vertex 3.55966 14.211 1.5
      vertex 2.85807 14.3685 1.5
    endloop
  endfacet
  facet normal 0 0 1
    outer loop
      vertex 3.55966 14.211 1.5
      vertex 2.80014 12.7584 1.5
      vertex 3.08223 12.6164 1.5
    endloop
  endfacet
  facet normal 0 0 1
    outer loop
      vertex 3.55966 14.211 1.5
      vertex 2.79557 12.7607 1.5
      vertex 2.80014 12.7584 1.5
    endloop
  endfacet
  facet normal 0 0 1
    outer loop
      vertex 2.85807 14.3685 1.5
      vertex 2.50686 12.8887 1.5
      vertex 2.79557 12.7607 1.5
    endloop
  endfacet
  facet normal 0 0 1
    outer loop
      vertex 2.85807 14.3685 1.5
      vertex 2.50217 12.8908 1.5
      vertex 2.50686 12.8887 1.5
    endloop
  endfacet
  facet normal 0 0 1
    outer loop
      vertex 2.85807 14.3685 1.5
      vertex 2.49739 12.8926 1.5
      vertex 2.50217 12.8908 1.5
    endloop
  endfacet
  facet normal 0 0 1
    outer loop
      vertex 2.85807 14.3685 1.5
      vertex 2.20275 13.0063 1.5
      vertex 2.49739 12.8926 1.5
    endloop
  endfacet
  facet normal 0 0 1
    outer loop
      vertex 2.1496 14.4914 1.5
      vertex 2.20275 13.0063 1.5
      vertex 2.85807 14.3685 1.5
    endloop
  endfacet
  facet normal 0 0 1
    outer loop
      vertex 2.1496 14.4914 1.5
      vertex 1.90289 13.1053 1.5
      vertex 2.20275 13.0063 1.5
    endloop
  endfacet
  facet normal 0 0 1
    outer loop
      vertex 2.1496 14.4914 1.5
      vertex 1.89802 13.1069 1.5
      vertex 1.90289 13.1053 1.5
    endloop
  endfacet
  facet normal 0 0 1
    outer loop
      vertex 2.1496 14.4914 1.5
      vertex 1.59366 13.1912 1.5
      vertex 1.89802 13.1069 1.5
    endloop
  endfacet
  facet normal 0 0 1
    outer loop
      vertex 2.1496 14.4914 1.5
      vertex 1.58872 13.1925 1.5
      vertex 1.59366 13.1912 1.5
    endloop
  endfacet
  facet normal 0 0 1
    outer loop
      vertex 2.1496 14.4914 1.5
      vertex 1.58372 13.1937 1.5
      vertex 1.58872 13.1925 1.5
    endloop
  endfacet
  facet normal 0 0 1
    outer loop
      vertex 1.43595 14.5795 1.5
      vertex 1.58372 13.1937 1.5
      vertex 2.1496 14.4914 1.5
    endloop
  endfacet
  facet normal 0 0 1
    outer loop
      vertex 1.43595 14.5795 1.5
      vertex 1.2756 13.2629 1.5
      vertex 1.58372 13.1937 1.5
    endloop
  endfacet
  facet normal 0 0 1
    outer loop
      vertex 1.43595 14.5795 1.5
      vertex 0.964446 13.3168 1.5
      vertex 1.2756 13.2629 1.5
    endloop
  endfacet
  facet normal 0 0 1
    outer loop
      vertex 1.43595 14.5795 1.5
      vertex 0.959396 13.3177 1.5
      vertex 0.964446 13.3168 1.5
    endloop
  endfacet
  facet normal 0 0 1
    outer loop
      vertex 1.43595 14.5795 1.5
      vertex 0.95431 13.3184 1.5
      vertex 0.959396 13.3177 1.5
    endloop
  endfacet
  facet normal 0 0 1
    outer loop
      vertex 0.718841 14.6324 1.5
      vertex 0.95431 13.3184 1.5
      vertex 1.43595 14.5795 1.5
    endloop
  endfacet
  facet normal 0 0 1
    outer loop
      vertex 0.718841 14.6324 1.5
      vertex 0.640884 13.357 1.5
      vertex 0.95431 13.3184 1.5
    endloop
  endfacet
  facet normal 0 0 1
    outer loop
      vertex 0.718841 14.6324 1.5
      vertex 0.32594 13.3802 1.5
      vertex 0.640884 13.357 1.5
    endloop
  endfacet
  facet normal 0 0 1
    outer loop
      vertex 0.718841 14.6324 1.5
      vertex 0.320829 13.3806 1.5
      vertex 0.32594 13.3802 1.5
    endloop
  endfacet
  facet normal 0 0 1
    outer loop
      vertex 0 14.65 1.5
      vertex 0.320829 13.3806 1.5
      vertex 0.718841 14.6324 1.5
    endloop
  endfacet
  facet normal 0 0 1
    outer loop
      vertex 0.320829 13.3806 1.5
      vertex 0 14.65 1.5
      vertex 0.315705 13.3807 1.5
    endloop
  endfacet
  facet normal 0 0 1
    outer loop
      vertex 0 14.65 1.5
      vertex 0 13.3885 1.5
      vertex 0.315705 13.3807 1.5
    endloop
  endfacet
  facet normal 0 0 1
    outer loop
      vertex 0 14.65 1.5
      vertex -0.315705 13.3807 1.5
      vertex 0 13.3885 1.5
    endloop
  endfacet
  facet normal 0 0 1
    outer loop
      vertex 0 14.65 1.5
      vertex -0.320829 13.3806 1.5
      vertex -0.315705 13.3807 1.5
    endloop
  endfacet
  facet normal -0 0 1
    outer loop
      vertex -0.718841 14.6324 1.5
      vertex -0.320829 13.3806 1.5
      vertex 0 14.65 1.5
    endloop
  endfacet
  facet normal 0 0 1
    outer loop
      vertex -0.320829 13.3806 1.5
      vertex -0.718841 14.6324 1.5
      vertex -0.32594 13.3802 1.5
    endloop
  endfacet
  facet normal 0 0 1
    outer loop
      vertex -0.32594 13.3802 1.5
      vertex -0.718841 14.6324 1.5
      vertex -0.640884 13.357 1.5
    endloop
  endfacet
  facet normal 0 0 1
    outer loop
      vertex -0.718841 14.6324 1.5
      vertex -0.95431 13.3184 1.5
      vertex -0.640884 13.357 1.5
    endloop
  endfacet
  facet normal -0 0 1
    outer loop
      vertex -1.43595 14.5795 1.5
      vertex -0.95431 13.3184 1.5
      vertex -0.718841 14.6324 1.5
    endloop
  endfacet
  facet normal 0 0 1
    outer loop
      vertex -0.95431 13.3184 1.5
      vertex -1.43595 14.5795 1.5
      vertex -0.959396 13.3177 1.5
    endloop
  endfacet
  facet normal 0 0 1
    outer loop
      vertex -0.959396 13.3177 1.5
      vertex -1.43595 14.5795 1.5
      vertex -0.964446 13.3168 1.5
    endloop
  endfacet
  facet normal 0 0 1
    outer loop
      vertex -0.964446 13.3168 1.5
      vertex -1.43595 14.5795 1.5
      vertex -1.2756 13.2629 1.5
    endloop
  endfacet
  facet normal 0 0 1
    outer loop
      vertex -1.43595 14.5795 1.5
      vertex -1.58372 13.1937 1.5
      vertex -1.2756 13.2629 1.5
    endloop
  endfacet
  facet normal -0 0 1
    outer loop
      vertex -2.1496 14.4914 1.5
      vertex -1.58372 13.1937 1.5
      vertex -1.43595 14.5795 1.5
    endloop
  endfacet
  facet normal 0 0 1
    outer loop
      vertex -1.58372 13.1937 1.5
      vertex -2.1496 14.4914 1.5
      vertex -1.58872 13.1925 1.5
    endloop
  endfacet
  facet normal 0 0 1
    outer loop
      vertex -1.58872 13.1925 1.5
      vertex -2.1496 14.4914 1.5
      vertex -1.59366 13.1912 1.5
    endloop
  endfacet
  facet normal 0 0 1
    outer loop
      vertex -1.59366 13.1912 1.5
      vertex -2.1496 14.4914 1.5
      vertex -1.89802 13.1069 1.5
    endloop
  endfacet
  facet normal 0 0 1
    outer loop
      vertex -1.89802 13.1069 1.5
      vertex -2.1496 14.4914 1.5
      vertex -1.90289 13.1053 1.5
    endloop
  endfacet
  facet normal 0 0 1
    outer loop
      vertex -2.1496 14.4914 1.5
      vertex -2.20275 13.0063 1.5
      vertex -1.90289 13.1053 1.5
    endloop
  endfacet
  facet normal -0 0 1
    outer loop
      vertex -2.85807 14.3685 1.5
      vertex -2.20275 13.0063 1.5
      vertex -2.1496 14.4914 1.5
    endloop
  endfacet
  facet normal 0 0 1
    outer loop
      vertex -2.20275 13.0063 1.5
      vertex -2.85807 14.3685 1.5
      vertex -2.49739 12.8926 1.5
    endloop
  endfacet
  facet normal 0 0 1
    outer loop
      vertex -2.49739 12.8926 1.5
      vertex -2.85807 14.3685 1.5
      vertex -2.50217 12.8908 1.5
    endloop
  endfacet
  facet normal 0 0 1
    outer loop
      vertex -2.50217 12.8908 1.5
      vertex -2.85807 14.3685 1.5
      vertex -2.50686 12.8887 1.5
    endloop
  endfacet
  facet normal 0 0 1
    outer loop
      vertex -2.50686 12.8887 1.5
      vertex -2.85807 14.3685 1.5
      vertex -2.79557 12.7607 1.5
    endloop
  endfacet
  facet normal -0 0 1
    outer loop
      vertex -3.55966 14.211 1.5
      vertex -2.79557 12.7607 1.5
      vertex -2.85807 14.3685 1.5
    endloop
  endfacet
  facet normal 0 0 1
    outer loop
      vertex -2.79557 12.7607 1.5
      vertex -3.55966 14.211 1.5
      vertex -2.80014 12.7584 1.5
    endloop
  endfacet
  facet normal 0 0 1
    outer loop
      vertex -2.80014 12.7584 1.5
      vertex -3.55966 14.211 1.5
      vertex -3.08223 12.6164 1.5
    endloop
  endfacet
  facet normal 0 0 1
    outer loop
      vertex -3.08223 12.6164 1.5
      vertex -3.55966 14.211 1.5
      vertex -3.08668 12.6139 1.5
    endloop
  endfacet
  facet normal 0 0 1
    outer loop
      vertex -3.08668 12.6139 1.5
      vertex -3.55966 14.211 1.5
      vertex -3.36146 12.4583 1.5
    endloop
  endfacet
  facet normal -0 0 1
    outer loop
      vertex -4.25267 14.0192 1.5
      vertex -3.36146 12.4583 1.5
      vertex -3.55966 14.211 1.5
    endloop
  endfacet
  facet normal 0 0 1
    outer loop
      vertex -3.36146 12.4583 1.5
      vertex -4.25267 14.0192 1.5
      vertex -3.62826 12.2893 1.5
    endloop
  endfacet
  facet normal 0 0 1
    outer loop
      vertex -3.62826 12.2893 1.5
      vertex -4.25267 14.0192 1.5
      vertex -3.63259 12.2866 1.5
    endloop
  endfacet
  facet normal 0 0 1
    outer loop
      vertex -3.63259 12.2866 1.5
      vertex -4.25267 14.0192 1.5
      vertex -3.63678 12.2836 1.5
    endloop
  endfacet
  facet normal -0 0 1
    outer loop
      vertex -4.93544 13.7936 1.5
      vertex -3.63678 12.2836 1.5
      vertex -4.25267 14.0192 1.5
    endloop
  endfacet
  facet normal 0 0 1
    outer loop
      vertex -3.63678 12.2836 1.5
      vertex -4.93544 13.7936 1.5
      vertex -3.89498 12.1018 1.5
    endloop
  endfacet
  facet normal 0 0 1
    outer loop
      vertex -3.89498 12.1018 1.5
      vertex -4.93544 13.7936 1.5
      vertex -3.89902 12.0986 1.5
    endloop
  endfacet
  facet normal 0 0 1
    outer loop
      vertex -3.89902 12.0986 1.5
      vertex -4.93544 13.7936 1.5
      vertex -4.14798 11.9043 1.5
    endloop
  endfacet
  facet normal 0 0 1
    outer loop
      vertex -4.14798 11.9043 1.5
      vertex -4.93544 13.7936 1.5
      vertex -4.15186 11.901 1.5
    endloop
  endfacet
  facet normal -0 0 1
    outer loop
      vertex -5.60631 13.5348 1.5
      vertex -4.15186 11.901 1.5
      vertex -4.93544 13.7936 1.5
    endloop
  endfacet
  facet normal 0 0 1
    outer loop
      vertex -4.15186 11.901 1.5
      vertex -5.60631 13.5348 1.5
      vertex -4.39098 11.6947 1.5
    endloop
  endfacet
  facet normal 0 0 1
    outer loop
      vertex -4.39098 11.6947 1.5
      vertex -5.60631 13.5348 1.5
      vertex -4.6197 11.4769 1.5
    endloop
  endfacet
  facet normal 0 0 1
    outer loop
      vertex -4.6197 11.4769 1.5
      vertex -5.60631 13.5348 1.5
      vertex -4.62341 11.4734 1.5
    endloop
  endfacet
  facet normal -0 0 1
    outer loop
      vertex -6.26368 13.2434 1.5
      vertex -4.62341 11.4734 1.5
      vertex -5.60631 13.5348 1.5
    endloop
  endfacet
  facet normal 0 0 1
    outer loop
      vertex -4.62341 11.4734 1.5
      vertex -6.26368 13.2434 1.5
      vertex -4.62695 11.4697 1.5
    endloop
  endfacet
  facet normal 0 0 1
    outer loop
      vertex -4.62695 11.4697 1.5
      vertex -6.26368 13.2434 1.5
      vertex -4.84471 11.241 1.5
    endloop
  endfacet
  facet normal 0 0 1
    outer loop
      vertex -4.84471 11.241 1.5
      vertex -6.26368 13.2434 1.5
      vertex -5.05098 11.0019 1.5
    endloop
  endfacet
  facet normal -0 0 1
    outer loop
      vertex -6.90596 12.9201 1.5
      vertex -5.05098 11.0019 1.5
      vertex -6.26368 13.2434 1.5
    endloop
  endfacet
  facet normal 0 0 1
    outer loop
      vertex -5.05098 11.0019 1.5
      vertex -6.90596 12.9201 1.5
      vertex -5.05433 10.998 1.5
    endloop
  endfacet
  facet normal 0 0 1
    outer loop
      vertex -5.05433 10.998 1.5
      vertex -6.90596 12.9201 1.5
      vertex -5.24862 10.749 1.5
    endloop
  endfacet
  facet normal 0 0 1
    outer loop
      vertex -5.24862 10.749 1.5
      vertex -6.90596 12.9201 1.5
      vertex -5.25177 10.745 1.5
    endloop
  endfacet
  facet normal 0 0 1
    outer loop
      vertex -5.25177 10.745 1.5
      vertex -6.90596 12.9201 1.5
      vertex -5.43361 10.4868 1.5
    endloop
  endfacet
  facet normal 0 0 1
    outer loop
      vertex -5.43361 10.4868 1.5
      vertex -6.90596 12.9201 1.5
      vertex -5.43656 10.4826 1.5
    endloop
  endfacet
  facet normal 0 0 1
    outer loop
      vertex -5.43656 10.4826 1.5
      vertex -6.90596 12.9201 1.5
      vertex -5.4393 10.4783 1.5
    endloop
  endfacet
  facet normal 0 0 1
    outer loop
      vertex -5.4393 10.4783 1.5
      vertex -6.90596 12.9201 1.5
      vertex -5.60825 10.2115 1.5
    endloop
  endfacet
  facet normal 0 0 1
    outer loop
      vertex -5.60825 10.2115 1.5
      vertex -6.90596 12.9201 1.5
      vertex -5.76391 9.93668 1.5
    endloop
  endfacet
  facet normal 0 0 1
    outer loop
      vertex -5.76391 9.93668 1.5
      vertex -6.90596 12.9201 1.5
      vertex -5.76644 9.93223 1.5
    endloop
  endfacet
  facet normal 0 0 1
    outer loop
      vertex -5.76644 9.93223 1.5
      vertex -6.90596 12.9201 1.5
      vertex -5.90842 9.65014 1.5
    endloop
  endfacet
  facet normal 0 0 1
    outer loop
      vertex -5.90842 9.65014 1.5
      vertex -6.90596 12.9201 1.5
      vertex -5.91073 9.64557 1.5
    endloop
  endfacet
  facet normal 0 0 1
    outer loop
      vertex -5.91073 9.64557 1.5
      vertex -6.90596 12.9201 1.5
      vertex -6.0387 9.35686 1.5
    endloop
  endfacet
  facet normal 0 0 1
    outer loop
      vertex -6.0387 9.35686 1.5
      vertex -6.90596 12.9201 1.5
      vertex -6.04078 9.35217 1.5
    endloop
  endfacet
  facet normal 0 0 1
    outer loop
      vertex -6.04078 9.35217 1.5
      vertex -6.90596 12.9201 1.5
      vertex -6.04263 9.34739 1.5
    endloop
  endfacet
  facet normal 0 0 1
    outer loop
      vertex -6.04263 9.34739 1.5
      vertex -6.90596 12.9201 1.5
      vertex -6.15628 9.05275 1.5
    endloop
  endfacet
  facet normal 0 0 1
    outer loop
      vertex -6.15628 9.05275 1.5
      vertex -6.90596 12.9201 1.5
      vertex -6.25534 8.75289 1.5
    endloop
  endfacet
  facet normal 0 0 1
    outer loop
      vertex -6.25534 8.75289 1.5
      vertex -6.90596 12.9201 1.5
      vertex -6.25695 8.74802 1.5
    endloop
  endfacet
  facet normal 0 0 1
    outer loop
      vertex -6.25695 8.74802 1.5
      vertex -6.90596 12.9201 1.5
      vertex -6.34118 8.44366 1.5
    endloop
  endfacet
  facet normal 0 0 1
    outer loop
      vertex -6.34118 8.44366 1.5
      vertex -6.90596 12.9201 1.5
      vertex -6.34255 8.43872 1.5
    endloop
  endfacet
  facet normal 0 0 1
    outer loop
      vertex -6.34255 8.43872 1.5
      vertex -6.90596 12.9201 1.5
      vertex -6.34367 8.43372 1.5
    endloop
  endfacet
  facet normal 0 0 1
    outer loop
      vertex -6.34367 8.43372 1.5
      vertex -6.90596 12.9201 1.5
      vertex -6.41286 8.1256 1.5
    endloop
  endfacet
  facet normal 0 0 1
    outer loop
      vertex -6.41286 8.1256 1.5
      vertex -6.90596 12.9201 1.5
      vertex -6.46685 7.81445 1.5
    endloop
  endfacet
  facet normal 0 0 1
    outer loop
      vertex -6.46685 7.81445 1.5
      vertex -6.90596 12.9201 1.5
      vertex -6.46773 7.8094 1.5
    endloop
  endfacet
  facet normal 0 0 1
    outer loop
      vertex -10.5453 0.388821 1.5
      vertex -6.46773 7.8094 1.5
      vertex -6.90596 12.9201 1.5
    endloop
  endfacet
  facet normal 0 0 1
    outer loop
      vertex -6.46773 7.8094 1.5
      vertex -10.5453 0.388821 1.5
      vertex -6.46835 7.80431 1.5
    endloop
  endfacet
  facet normal 0 0 1
    outer loop
      vertex -6.46835 7.80431 1.5
      vertex -10.5453 0.388821 1.5
      vertex -6.50701 7.49088 1.5
    endloop
  endfacet
  facet normal 0 0 1
    outer loop
      vertex -6.53075 7.1657 1.5
      vertex -10.5453 0.388821 1.5
      vertex -6.5385 6.85 1.5
    endloop
  endfacet
  facet normal 0 0 1
    outer loop
      vertex -6.53062 7.17083 1.5
      vertex -10.5453 0.388821 1.5
      vertex -6.53075 7.1657 1.5
    endloop
  endfacet
  facet normal 0 0 1
    outer loop
      vertex -6.53024 7.17594 1.5
      vertex -10.5453 0.388821 1.5
      vertex -6.53062 7.17083 1.5
    endloop
  endfacet
  facet normal 0 0 1
    outer loop
      vertex -6.50701 7.49088 1.5
      vertex -10.5453 0.388821 1.5
      vertex -6.53024 7.17594 1.5
    endloop
  endfacet
  facet normal 0.997289 0.0735908 0
    outer loop
      vertex 14.932 0.733562 1.2
      vertex 14.878 1.46536 0.299999
      vertex 14.878 1.46536 1.2
    endloop
  endfacet
  facet normal 0.997289 0.0735908 0
    outer loop
      vertex 14.878 1.46536 0.299999
      vertex 14.932 0.733562 1.2
      vertex 14.932 0.733562 0.299999
    endloop
  endfacet
  facet normal 0.597439 0.378329 -0.70706
    outer loop
      vertex 12.5657 7.5316 0
      vertex 12.181 8.1391 0
      vertex 12.4305 8.30577 0.299999
    endloop
  endfacet
  facet normal 0.757196 -0.653188 0
    outer loop
      vertex 11.0772 -10.0398 1.2
      vertex 11.5565 -9.48418 0.299999
      vertex 11.5565 -9.48418 1.2
    endloop
  endfacet
  facet normal 0.757196 -0.653188 0
    outer loop
      vertex 11.5565 -9.48418 0.299999
      vertex 11.0772 -10.0398 1.2
      vertex 11.0772 -10.0398 0.299999
    endloop
  endfacet
  facet normal 0.615274 -0.788314 0
    outer loop
      vertex 8.9057 -12.008 0.299999
      vertex 9.48418 -11.5565 1.2
      vertex 8.9057 -12.008 1.2
    endloop
  endfacet
  facet normal 0.615274 -0.788314 0
    outer loop
      vertex 9.48418 -11.5565 1.2
      vertex 8.9057 -12.008 0.299999
      vertex 9.48418 -11.5565 0.299999
    endloop
  endfacet
  facet normal 0.407161 -0.578179 0.707057
    outer loop
      vertex 8.72699 -11.767 1.5
      vertex 8.1391 -12.181 1.5
      vertex 8.30577 -12.4305 1.2
    endloop
  endfacet
  facet normal 0.575791 -0.817597 0
    outer loop
      vertex 8.30577 -12.4305 0.299999
      vertex 8.9057 -12.008 1.2
      vertex 8.30577 -12.4305 1.2
    endloop
  endfacet
  facet normal 0.575791 -0.817597 0
    outer loop
      vertex 8.9057 -12.008 1.2
      vertex 8.30577 -12.4305 0.299999
      vertex 8.9057 -12.008 0.299999
    endloop
  endfacet
  facet normal -0.646488 0.286608 -0.707042
    outer loop
      vertex -13.5348 5.60631 0
      vertex -13.812 5.72112 0.299999
      vertex -13.5146 6.39195 0.299999
    endloop
  endfacet
  facet normal 0.578185 0.407186 -0.707038
    outer loop
      vertex 12.4305 8.30577 0.299999
      vertex 11.767 8.72699 0
      vertex 12.008 8.9057 0.299999
    endloop
  endfacet
  facet normal 0.578185 0.407186 0.707037
    outer loop
      vertex 12.008 8.9057 1.2
      vertex 11.767 8.72699 1.5
      vertex 12.4305 8.30577 1.2
    endloop
  endfacet
  facet normal 0.701949 0.0866555 -0.706936
    outer loop
      vertex 14.5795 1.43595 0
      vertex 14.4914 2.1496 0
      vertex 14.878 1.46536 0.299999
    endloop
  endfacet
  facet normal 0.653188 -0.757196 0
    outer loop
      vertex 9.48418 -11.5565 0.299999
      vertex 10.0398 -11.0772 1.2
      vertex 9.48418 -11.5565 1.2
    endloop
  endfacet
  facet normal 0.653188 -0.757196 0
    outer loop
      vertex 10.0398 -11.0772 1.2
      vertex 9.48418 -11.5565 0.299999
      vertex 10.0398 -11.0772 0.299999
    endloop
  endfacet
  facet normal 0.407186 -0.578185 0.707037
    outer loop
      vertex 8.72699 -11.767 1.5
      vertex 8.30577 -12.4305 1.2
      vertex 8.9057 -12.008 1.2
    endloop
  endfacet
  facet normal 0.378318 -0.597531 0.706988
    outer loop
      vertex 8.30577 -12.4305 1.2
      vertex 7.5316 -12.5657 1.5
      vertex 7.68584 -12.823 1.2
    endloop
  endfacet
  facet normal 0.348603 -0.615342 0.706987
    outer loop
      vertex 7.5316 -12.5657 1.5
      vertex 7.04738 -13.1847 1.2
      vertex 7.68584 -12.823 1.2
    endloop
  endfacet
  facet normal 0.405289 -0.914189 0
    outer loop
      vertex 5.72112 -13.812 0.299999
      vertex 6.39195 -13.5146 1.2
      vertex 5.72112 -13.812 1.2
    endloop
  endfacet
  facet normal 0.405289 -0.914189 0
    outer loop
      vertex 6.39195 -13.5146 1.2
      vertex 5.72112 -13.812 0.299999
      vertex 6.39195 -13.5146 0.299999
    endloop
  endfacet
  facet normal 0.492916 -0.870077 0
    outer loop
      vertex 7.04738 -13.1847 0.299999
      vertex 7.68584 -12.823 1.2
      vertex 7.04738 -13.1847 1.2
    endloop
  endfacet
  facet normal 0.492916 -0.870077 0
    outer loop
      vertex 7.68584 -12.823 1.2
      vertex 7.04738 -13.1847 0.299999
      vertex 7.68584 -12.823 0.299999
    endloop
  endfacet
  facet normal 0.817597 0.575791 0
    outer loop
      vertex 12.4305 8.30577 1.2
      vertex 12.008 8.9057 0.299999
      vertex 12.008 8.9057 1.2
    endloop
  endfacet
  facet normal 0.817597 0.575791 0
    outer loop
      vertex 12.008 8.9057 0.299999
      vertex 12.4305 8.30577 1.2
      vertex 12.4305 8.30577 0.299999
    endloop
  endfacet
  facet normal 0.557477 0.435108 -0.707036
    outer loop
      vertex 11.767 8.72699 0
      vertex 11.5565 9.48418 0.299999
      vertex 12.008 8.9057 0.299999
    endloop
  endfacet
  facet normal 0.788314 0.615274 0
    outer loop
      vertex 12.008 8.9057 1.2
      vertex 11.5565 9.48418 0.299999
      vertex 11.5565 9.48418 1.2
    endloop
  endfacet
  facet normal 0.788314 0.615274 0
    outer loop
      vertex 11.5565 9.48418 0.299999
      vertex 12.008 8.9057 1.2
      vertex 12.008 8.9057 0.299999
    endloop
  endfacet
  facet normal 0.999699 -0.0245304 0
    outer loop
      vertex 14.932 -0.733562 1.2
      vertex 14.95 0 0.299999
      vertex 14.95 0 1.2
    endloop
  endfacet
  facet normal 0.999699 -0.0245304 0
    outer loop
      vertex 14.95 0 0.299999
      vertex 14.932 -0.733562 1.2
      vertex 14.932 -0.733562 0.299999
    endloop
  endfacet
  facet normal 0.705359 -0.052049 -0.706937
    outer loop
      vertex 14.878 -1.46536 0.299999
      vertex 14.5795 -1.43595 0
      vertex 14.932 -0.733562 0.299999
    endloop
  endfacet
  facet normal 0.997289 -0.0735908 0
    outer loop
      vertex 14.878 -1.46536 1.2
      vertex 14.932 -0.733562 0.299999
      vertex 14.932 -0.733562 1.2
    endloop
  endfacet
  facet normal 0.997289 -0.0735908 0
    outer loop
      vertex 14.932 -0.733562 0.299999
      vertex 14.878 -1.46536 1.2
      vertex 14.878 -1.46536 0.299999
    endloop
  endfacet
  facet normal 0.435108 -0.557478 0.707035
    outer loop
      vertex 9.48418 -11.5565 1.2
      vertex 8.72699 -11.767 1.5
      vertex 8.9057 -12.008 1.2
    endloop
  endfacet
  facet normal 0.435107 -0.557525 0.706999
    outer loop
      vertex 9.29386 -11.3246 1.5
      vertex 8.72699 -11.767 1.5
      vertex 9.48418 -11.5565 1.2
    endloop
  endfacet
endsolid OpenSCAD_Model
