solid OpenSCAD_Model
  facet normal 0.997292 0.073549 0
    outer loop
      vertex 1.99759 7.09813 2.2
      vertex 1.99037 7.19603 1
      vertex 1.99037 7.19603 2.2
    endloop
  endfacet
  facet normal 0.997292 0.073549 0
    outer loop
      vertex 1.99037 7.19603 1
      vertex 1.99759 7.09813 2.2
      vertex 1.99759 7.09813 1
    endloop
  endfacet
  facet normal 0.999699 0.0245519 0
    outer loop
      vertex 2 7 2.2
      vertex 1.99759 7.09813 1
      vertex 1.99759 7.09813 2.2
    endloop
  endfacet
  facet normal 0.999699 0.0245519 0
    outer loop
      vertex 1.99759 7.09813 1
      vertex 2 7 2.2
      vertex 2 7 1
    endloop
  endfacet
  facet normal 0.992476 0.122442 0
    outer loop
      vertex 1.99037 7.19603 2.2
      vertex 1.97835 7.29346 1
      vertex 1.97835 7.29346 2.2
    endloop
  endfacet
  facet normal 0.992476 0.122442 0
    outer loop
      vertex 1.97835 7.29346 1
      vertex 1.99037 7.19603 2.2
      vertex 1.99037 7.19603 1
    endloop
  endfacet
  facet normal 0.757196 0.653187 0
    outer loop
      vertex 1.54602 8.26879 2.2
      vertex 1.4819 8.34312 1
      vertex 1.4819 8.34312 2.2
    endloop
  endfacet
  facet normal 0.757196 0.653187 0
    outer loop
      vertex 1.4819 8.34312 1
      vertex 1.54602 8.26879 2.2
      vertex 1.54602 8.26879 1
    endloop
  endfacet
  facet normal 0.0245506 -0.999699 0
    outer loop
      vertex 0 5 1
      vertex 0.098135 5.00241 2.2
      vertex 0 5 2.2
    endloop
  endfacet
  facet normal 0.0245506 -0.999699 0
    outer loop
      vertex 0.098135 5.00241 2.2
      vertex 0 5 1
      vertex 0.098135 5.00241 1
    endloop
  endfacet
  facet normal 0.122445 -0.992475 0
    outer loop
      vertex 0.196033 5.00963 1
      vertex 0.293461 5.02165 2.2
      vertex 0.196033 5.00963 2.2
    endloop
  endfacet
  facet normal 0.122445 -0.992475 0
    outer loop
      vertex 0.293461 5.02165 2.2
      vertex 0.196033 5.00963 1
      vertex 0.293461 5.02165 1
    endloop
  endfacet
  facet normal -0.615195 0.788375 0
    outer loop
      vertex -1.1914 8.60641 1
      vertex -1.26879 8.54602 2.2
      vertex -1.1914 8.60641 2.2
    endloop
  endfacet
  facet normal -0.615195 0.788375 0
    outer loop
      vertex -1.26879 8.54602 2.2
      vertex -1.1914 8.60641 1
      vertex -1.26879 8.54602 1
    endloop
  endfacet
  facet normal 0.653187 0.757196 -0
    outer loop
      vertex 1.34312 8.4819 1
      vertex 1.26879 8.54602 2.2
      vertex 1.34312 8.4819 2.2
    endloop
  endfacet
  facet normal 0.653187 0.757196 0
    outer loop
      vertex 1.26879 8.54602 2.2
      vertex 1.34312 8.4819 1
      vertex 1.26879 8.54602 1
    endloop
  endfacet
  facet normal -0.3599 -0.932991 0
    outer loop
      vertex -0.765367 5.15224 1
      vertex -0.673779 5.11691 2.2
      vertex -0.765367 5.15224 2.2
    endloop
  endfacet
  facet normal -0.3599 -0.932991 -0
    outer loop
      vertex -0.673779 5.11691 2.2
      vertex -0.765367 5.15224 1
      vertex -0.673779 5.11691 1
    endloop
  endfacet
  facet normal 0.788375 -0.615195 0
    outer loop
      vertex 1.54602 5.73121 2.2
      vertex 1.60641 5.8086 1
      vertex 1.60641 5.8086 2.2
    endloop
  endfacet
  facet normal 0.788375 -0.615195 0
    outer loop
      vertex 1.60641 5.8086 1
      vertex 1.54602 5.73121 2.2
      vertex 1.54602 5.73121 1
    endloop
  endfacet
  facet normal 0.788375 0.615195 0
    outer loop
      vertex 1.60641 8.1914 2.2
      vertex 1.54602 8.26879 1
      vertex 1.54602 8.26879 2.2
    endloop
  endfacet
  facet normal 0.788375 0.615195 0
    outer loop
      vertex 1.54602 8.26879 1
      vertex 1.60641 8.1914 2.2
      vertex 1.60641 8.1914 1
    endloop
  endfacet
  facet normal -0.932993 -0.359894 0
    outer loop
      vertex -1.84776 6.23463 1
      vertex -1.88309 6.32622 2.2
      vertex -1.88309 6.32622 1
    endloop
  endfacet
  facet normal -0.932993 -0.359894 0
    outer loop
      vertex -1.88309 6.32622 2.2
      vertex -1.84776 6.23463 1
      vertex -1.84776 6.23463 2.2
    endloop
  endfacet
  facet normal 0.724213 -0.689576 0
    outer loop
      vertex 1.41421 5.58579 2.2
      vertex 1.4819 5.65688 1
      vertex 1.4819 5.65688 2.2
    endloop
  endfacet
  facet normal 0.724213 -0.689576 0
    outer loop
      vertex 1.4819 5.65688 1
      vertex 1.41421 5.58579 2.2
      vertex 1.41421 5.58579 1
    endloop
  endfacet
  facet normal 0.975698 -0.219119 0
    outer loop
      vertex 1.94006 6.51404 2.2
      vertex 1.96157 6.60982 1
      vertex 1.96157 6.60982 2.2
    endloop
  endfacet
  facet normal 0.975698 -0.219119 0
    outer loop
      vertex 1.96157 6.60982 1
      vertex 1.94006 6.51404 2.2
      vertex 1.94006 6.51404 1
    endloop
  endfacet
  facet normal 0.997291 -0.0735565 0
    outer loop
      vertex 1.99037 6.80397 2.2
      vertex 1.99759 6.90186 1
      vertex 1.99759 6.90186 2.2
    endloop
  endfacet
  facet normal 0.997291 -0.0735565 0
    outer loop
      vertex 1.99759 6.90186 1
      vertex 1.99037 6.80397 2.2
      vertex 1.99037 6.80397 1
    endloop
  endfacet
  facet normal 0.949536 0.313659 0
    outer loop
      vertex 1.91388 7.58057 2.2
      vertex 1.88309 7.67378 1
      vertex 1.88309 7.67378 2.2
    endloop
  endfacet
  facet normal 0.949536 0.313659 0
    outer loop
      vertex 1.88309 7.67378 1
      vertex 1.91388 7.58057 2.2
      vertex 1.91388 7.58057 1
    endloop
  endfacet
  facet normal 0.0735505 -0.997291 0
    outer loop
      vertex 0.098135 5.00241 1
      vertex 0.196033 5.00963 2.2
      vertex 0.098135 5.00241 2.2
    endloop
  endfacet
  facet normal 0.0735505 -0.997291 0
    outer loop
      vertex 0.196033 5.00963 2.2
      vertex 0.098135 5.00241 1
      vertex 0.196033 5.00963 1
    endloop
  endfacet
  facet normal 0.893201 -0.449657 0
    outer loop
      vertex 1.76384 6.05721 2.2
      vertex 1.80798 6.14489 1
      vertex 1.80798 6.14489 2.2
    endloop
  endfacet
  facet normal 0.893201 -0.449657 0
    outer loop
      vertex 1.80798 6.14489 1
      vertex 1.76384 6.05721 2.2
      vertex 1.76384 6.05721 1
    endloop
  endfacet
  facet normal 0.313659 -0.949536 0
    outer loop
      vertex 0.580569 5.08612 1
      vertex 0.673779 5.11691 2.2
      vertex 0.580569 5.08612 2.2
    endloop
  endfacet
  facet normal 0.313659 -0.949536 0
    outer loop
      vertex 0.673779 5.11691 2.2
      vertex 0.580569 5.08612 1
      vertex 0.673779 5.11691 1
    endloop
  endfacet
  facet normal 0.870105 0.492866 0
    outer loop
      vertex 1.76384 7.94279 2.2
      vertex 1.71546 8.0282 1
      vertex 1.71546 8.0282 2.2
    endloop
  endfacet
  facet normal 0.870105 0.492866 0
    outer loop
      vertex 1.71546 8.0282 1
      vertex 1.76384 7.94279 2.2
      vertex 1.76384 7.94279 1
    endloop
  endfacet
  facet normal 0.219122 -0.975698 0
    outer loop
      vertex 0.390181 5.03843 1
      vertex 0.48596 5.05994 2.2
      vertex 0.390181 5.03843 2.2
    endloop
  endfacet
  facet normal 0.219122 -0.975698 0
    outer loop
      vertex 0.48596 5.05994 2.2
      vertex 0.390181 5.03843 1
      vertex 0.48596 5.05994 1
    endloop
  endfacet
  facet normal 0.575839 0.817563 -0
    outer loop
      vertex 1.1914 8.60641 1
      vertex 1.11114 8.66294 2.2
      vertex 1.1914 8.60641 2.2
    endloop
  endfacet
  facet normal 0.575839 0.817563 0
    outer loop
      vertex 1.11114 8.66294 2.2
      vertex 1.1914 8.60641 1
      vertex 1.11114 8.66294 1
    endloop
  endfacet
  facet normal -0.992476 0.122442 0
    outer loop
      vertex -1.99037 7.19603 1
      vertex -1.97835 7.29346 2.2
      vertex -1.97835 7.29346 1
    endloop
  endfacet
  facet normal -0.992476 0.122442 0
    outer loop
      vertex -1.97835 7.29346 2.2
      vertex -1.99037 7.19603 1
      vertex -1.99037 7.19603 2.2
    endloop
  endfacet
  facet normal 0.84483 -0.535035 0
    outer loop
      vertex 1.66294 5.88886 2.2
      vertex 1.71546 5.97179 1
      vertex 1.71546 5.97179 2.2
    endloop
  endfacet
  facet normal 0.84483 -0.535035 0
    outer loop
      vertex 1.71546 5.97179 1
      vertex 1.66294 5.88886 2.2
      vertex 1.66294 5.88886 1
    endloop
  endfacet
  facet normal 0.844859 0.534989 0
    outer loop
      vertex 1.71546 8.0282 2.2
      vertex 1.66294 8.11114 1
      vertex 1.66294 8.11114 2.2
    endloop
  endfacet
  facet normal 0.844859 0.534989 0
    outer loop
      vertex 1.66294 8.11114 1
      vertex 1.71546 8.0282 2.2
      vertex 1.71546 8.0282 1
    endloop
  endfacet
  facet normal 0.893201 0.449657 0
    outer loop
      vertex 1.80798 7.85511 2.2
      vertex 1.76384 7.94279 1
      vertex 1.76384 7.94279 2.2
    endloop
  endfacet
  facet normal 0.893201 0.449657 0
    outer loop
      vertex 1.76384 7.94279 1
      vertex 1.80798 7.85511 2.2
      vertex 1.80798 7.85511 1
    endloop
  endfacet
  facet normal -0.844859 0.534989 0
    outer loop
      vertex -1.71546 8.0282 1
      vertex -1.66294 8.11114 2.2
      vertex -1.66294 8.11114 1
    endloop
  endfacet
  facet normal -0.844859 0.534989 0
    outer loop
      vertex -1.66294 8.11114 2.2
      vertex -1.71546 8.0282 1
      vertex -1.71546 8.0282 2.2
    endloop
  endfacet
  facet normal 0.449645 -0.893208 0
    outer loop
      vertex 0.85511 5.19202 1
      vertex 0.942793 5.23616 2.2
      vertex 0.85511 5.19202 2.2
    endloop
  endfacet
  facet normal 0.449645 -0.893208 0
    outer loop
      vertex 0.942793 5.23616 2.2
      vertex 0.85511 5.19202 1
      vertex 0.942793 5.23616 1
    endloop
  endfacet
  facet normal 0.534989 -0.844859 0
    outer loop
      vertex 1.0282 5.28454 1
      vertex 1.11114 5.33706 2.2
      vertex 1.0282 5.28454 2.2
    endloop
  endfacet
  facet normal 0.534989 -0.844859 0
    outer loop
      vertex 1.11114 5.33706 2.2
      vertex 1.0282 5.28454 1
      vertex 1.11114 5.33706 1
    endloop
  endfacet
  facet normal -0.999699 -0.0245494 0
    outer loop
      vertex -1.99759 6.90186 1
      vertex -2 7 2.2
      vertex -2 7 1
    endloop
  endfacet
  facet normal -0.999699 -0.0245494 0
    outer loop
      vertex -2 7 2.2
      vertex -1.99759 6.90186 1
      vertex -1.99759 6.90186 2.2
    endloop
  endfacet
  facet normal 0.963782 -0.266693 0
    outer loop
      vertex 1.91388 6.41943 2.2
      vertex 1.94006 6.51404 1
      vertex 1.94006 6.51404 2.2
    endloop
  endfacet
  facet normal 0.963782 -0.266693 0
    outer loop
      vertex 1.94006 6.51404 1
      vertex 1.91388 6.41943 2.2
      vertex 1.91388 6.41943 1
    endloop
  endfacet
  facet normal -0.122445 -0.992475 0
    outer loop
      vertex -0.293461 5.02165 1
      vertex -0.196033 5.00963 2.2
      vertex -0.293461 5.02165 2.2
    endloop
  endfacet
  facet normal -0.122445 -0.992475 -0
    outer loop
      vertex -0.196033 5.00963 2.2
      vertex -0.293461 5.02165 1
      vertex -0.196033 5.00963 1
    endloop
  endfacet
  facet normal -0.219122 0.975698 0
    outer loop
      vertex -0.390181 8.96157 1
      vertex -0.48596 8.94006 2.2
      vertex -0.390181 8.96157 2.2
    endloop
  endfacet
  facet normal -0.219122 0.975698 0
    outer loop
      vertex -0.48596 8.94006 2.2
      vertex -0.390181 8.96157 1
      vertex -0.48596 8.94006 1
    endloop
  endfacet
  facet normal -0.170937 -0.985282 0
    outer loop
      vertex -0.390181 5.03843 1
      vertex -0.293461 5.02165 2.2
      vertex -0.390181 5.03843 2.2
    endloop
  endfacet
  facet normal -0.170937 -0.985282 -0
    outer loop
      vertex -0.293461 5.02165 2.2
      vertex -0.390181 5.03843 1
      vertex -0.293461 5.02165 1
    endloop
  endfacet
  facet normal -0.985282 0.170937 0
    outer loop
      vertex -1.97835 7.29346 1
      vertex -1.96157 7.39018 2.2
      vertex -1.96157 7.39018 1
    endloop
  endfacet
  facet normal -0.985282 0.170937 0
    outer loop
      vertex -1.96157 7.39018 2.2
      vertex -1.97835 7.29346 1
      vertex -1.97835 7.29346 2.2
    endloop
  endfacet
  facet normal -0.992476 -0.122442 0
    outer loop
      vertex -1.97835 6.70654 1
      vertex -1.99037 6.80397 2.2
      vertex -1.99037 6.80397 1
    endloop
  endfacet
  facet normal -0.992476 -0.122442 0
    outer loop
      vertex -1.99037 6.80397 2.2
      vertex -1.97835 6.70654 1
      vertex -1.97835 6.70654 2.2
    endloop
  endfacet
  facet normal -0.724213 -0.689576 0
    outer loop
      vertex -1.41421 5.58579 1
      vertex -1.4819 5.65688 2.2
      vertex -1.4819 5.65688 1
    endloop
  endfacet
  facet normal -0.724213 -0.689576 0
    outer loop
      vertex -1.4819 5.65688 2.2
      vertex -1.41421 5.58579 1
      vertex -1.41421 5.58579 2.2
    endloop
  endfacet
  facet normal -0.914206 -0.40525 0
    outer loop
      vertex -1.80798 6.14489 1
      vertex -1.84776 6.23463 2.2
      vertex -1.84776 6.23463 1
    endloop
  endfacet
  facet normal -0.914206 -0.40525 0
    outer loop
      vertex -1.84776 6.23463 2.2
      vertex -1.80798 6.14489 1
      vertex -1.80798 6.14489 2.2
    endloop
  endfacet
  facet normal 0.992476 -0.122442 0
    outer loop
      vertex 1.97835 6.70654 2.2
      vertex 1.99037 6.80397 1
      vertex 1.99037 6.80397 2.2
    endloop
  endfacet
  facet normal 0.992476 -0.122442 0
    outer loop
      vertex 1.99037 6.80397 1
      vertex 1.97835 6.70654 2.2
      vertex 1.97835 6.70654 1
    endloop
  endfacet
  facet normal -0.219122 -0.975698 0
    outer loop
      vertex -0.48596 5.05994 1
      vertex -0.390181 5.03843 2.2
      vertex -0.48596 5.05994 2.2
    endloop
  endfacet
  facet normal -0.219122 -0.975698 -0
    outer loop
      vertex -0.390181 5.03843 2.2
      vertex -0.48596 5.05994 1
      vertex -0.390181 5.03843 1
    endloop
  endfacet
  facet normal 0.932993 0.359894 0
    outer loop
      vertex 1.88309 7.67378 2.2
      vertex 1.84776 7.76537 1
      vertex 1.84776 7.76537 2.2
    endloop
  endfacet
  facet normal 0.932993 0.359894 0
    outer loop
      vertex 1.84776 7.76537 1
      vertex 1.88309 7.67378 2.2
      vertex 1.88309 7.67378 1
    endloop
  endfacet
  facet normal -0.313659 -0.949536 0
    outer loop
      vertex -0.673779 5.11691 1
      vertex -0.580569 5.08612 2.2
      vertex -0.673779 5.11691 2.2
    endloop
  endfacet
  facet normal -0.313659 -0.949536 -0
    outer loop
      vertex -0.580569 5.08612 2.2
      vertex -0.673779 5.11691 1
      vertex -0.580569 5.08612 1
    endloop
  endfacet
  facet normal -0.689576 -0.724213 0
    outer loop
      vertex -1.41421 5.58579 1
      vertex -1.34312 5.5181 2.2
      vertex -1.41421 5.58579 2.2
    endloop
  endfacet
  facet normal -0.689576 -0.724213 -0
    outer loop
      vertex -1.34312 5.5181 2.2
      vertex -1.41421 5.58579 1
      vertex -1.34312 5.5181 1
    endloop
  endfacet
  facet normal 0.266695 0.963781 -0
    outer loop
      vertex 0.580569 8.91388 1
      vertex 0.48596 8.94006 2.2
      vertex 0.580569 8.91388 2.2
    endloop
  endfacet
  facet normal 0.266695 0.963781 0
    outer loop
      vertex 0.48596 8.94006 2.2
      vertex 0.580569 8.91388 1
      vertex 0.48596 8.94006 1
    endloop
  endfacet
  facet normal -0.817563 -0.575839 0
    outer loop
      vertex -1.60641 5.8086 1
      vertex -1.66294 5.88886 2.2
      vertex -1.66294 5.88886 1
    endloop
  endfacet
  facet normal -0.817563 -0.575839 0
    outer loop
      vertex -1.66294 5.88886 2.2
      vertex -1.60641 5.8086 1
      vertex -1.60641 5.8086 2.2
    endloop
  endfacet
  facet normal 0.757196 -0.653187 0
    outer loop
      vertex 1.4819 5.65688 2.2
      vertex 1.54602 5.73121 1
      vertex 1.54602 5.73121 2.2
    endloop
  endfacet
  facet normal 0.757196 -0.653187 0
    outer loop
      vertex 1.54602 5.73121 1
      vertex 1.4819 5.65688 2.2
      vertex 1.4819 5.65688 1
    endloop
  endfacet
  facet normal 0.0245506 0.999699 -0
    outer loop
      vertex 0.098135 8.99759 1
      vertex 0 9 2.2
      vertex 0.098135 8.99759 2.2
    endloop
  endfacet
  facet normal 0.0245506 0.999699 0
    outer loop
      vertex 0 9 2.2
      vertex 0.098135 8.99759 1
      vertex 0 9 1
    endloop
  endfacet
  facet normal 0.87013 -0.492822 0
    outer loop
      vertex 1.71546 5.97179 2.2
      vertex 1.76384 6.05721 1
      vertex 1.76384 6.05721 2.2
    endloop
  endfacet
  facet normal 0.87013 -0.492822 0
    outer loop
      vertex 1.76384 6.05721 1
      vertex 1.71546 5.97179 2.2
      vertex 1.71546 5.97179 1
    endloop
  endfacet
  facet normal -0.689576 0.724213 0
    outer loop
      vertex -1.34312 8.4819 1
      vertex -1.41421 8.41421 2.2
      vertex -1.34312 8.4819 2.2
    endloop
  endfacet
  facet normal -0.689576 0.724213 0
    outer loop
      vertex -1.41421 8.41421 2.2
      vertex -1.34312 8.4819 1
      vertex -1.41421 8.41421 1
    endloop
  endfacet
  facet normal 0.449645 0.893208 -0
    outer loop
      vertex 0.942793 8.76384 1
      vertex 0.85511 8.80798 2.2
      vertex 0.942793 8.76384 2.2
    endloop
  endfacet
  facet normal 0.449645 0.893208 0
    outer loop
      vertex 0.85511 8.80798 2.2
      vertex 0.942793 8.76384 1
      vertex 0.85511 8.80798 1
    endloop
  endfacet
  facet normal 0.0735505 0.997291 -0
    outer loop
      vertex 0.196033 8.99037 1
      vertex 0.098135 8.99759 2.2
      vertex 0.196033 8.99037 2.2
    endloop
  endfacet
  facet normal 0.0735505 0.997291 0
    outer loop
      vertex 0.098135 8.99759 2.2
      vertex 0.196033 8.99037 1
      vertex 0.098135 8.99759 1
    endloop
  endfacet
  facet normal 0.122445 0.992475 -0
    outer loop
      vertex 0.293461 8.97835 1
      vertex 0.196033 8.99037 2.2
      vertex 0.293461 8.97835 2.2
    endloop
  endfacet
  facet normal 0.122445 0.992475 0
    outer loop
      vertex 0.196033 8.99037 2.2
      vertex 0.293461 8.97835 1
      vertex 0.196033 8.99037 1
    endloop
  endfacet
  facet normal 0.575771 -0.817611 0
    outer loop
      vertex 1.11114 5.33706 1
      vertex 1.1914 5.39358 2.2
      vertex 1.11114 5.33706 2.2
    endloop
  endfacet
  facet normal 0.575771 -0.817611 0
    outer loop
      vertex 1.1914 5.39358 2.2
      vertex 1.11114 5.33706 1
      vertex 1.1914 5.39358 1
    endloop
  endfacet
  facet normal 0.266695 -0.963781 0
    outer loop
      vertex 0.48596 5.05994 1
      vertex 0.580569 5.08612 2.2
      vertex 0.48596 5.05994 2.2
    endloop
  endfacet
  facet normal 0.266695 -0.963781 0
    outer loop
      vertex 0.580569 5.08612 2.2
      vertex 0.48596 5.05994 1
      vertex 0.580569 5.08612 1
    endloop
  endfacet
  facet normal 0.949536 -0.313659 0
    outer loop
      vertex 1.88309 6.32622 2.2
      vertex 1.91388 6.41943 1
      vertex 1.91388 6.41943 2.2
    endloop
  endfacet
  facet normal 0.949536 -0.313659 0
    outer loop
      vertex 1.91388 6.41943 1
      vertex 1.88309 6.32622 2.2
      vertex 1.88309 6.32622 1
    endloop
  endfacet
  facet normal 0.313659 0.949536 -0
    outer loop
      vertex 0.673779 8.88309 1
      vertex 0.580569 8.91388 2.2
      vertex 0.673779 8.88309 2.2
    endloop
  endfacet
  facet normal 0.313659 0.949536 0
    outer loop
      vertex 0.580569 8.91388 2.2
      vertex 0.673779 8.88309 1
      vertex 0.580569 8.91388 1
    endloop
  endfacet
  facet normal 0.3599 0.932991 -0
    outer loop
      vertex 0.765367 8.84776 1
      vertex 0.673779 8.88309 2.2
      vertex 0.765367 8.84776 2.2
    endloop
  endfacet
  facet normal 0.3599 0.932991 0
    outer loop
      vertex 0.673779 8.88309 2.2
      vertex 0.765367 8.84776 1
      vertex 0.673779 8.88309 1
    endloop
  endfacet
  facet normal 0.689576 -0.724213 0
    outer loop
      vertex 1.34312 5.5181 1
      vertex 1.41421 5.58579 2.2
      vertex 1.34312 5.5181 2.2
    endloop
  endfacet
  facet normal 0.689576 -0.724213 0
    outer loop
      vertex 1.41421 5.58579 2.2
      vertex 1.34312 5.5181 1
      vertex 1.41421 5.58579 1
    endloop
  endfacet
  facet normal -0.3599 0.932991 0
    outer loop
      vertex -0.673779 8.88309 1
      vertex -0.765367 8.84776 2.2
      vertex -0.673779 8.88309 2.2
    endloop
  endfacet
  facet normal -0.3599 0.932991 0
    outer loop
      vertex -0.765367 8.84776 2.2
      vertex -0.673779 8.88309 1
      vertex -0.765367 8.84776 1
    endloop
  endfacet
  facet normal 0.492879 0.870098 -0
    outer loop
      vertex 1.0282 8.71546 1
      vertex 0.942793 8.76384 2.2
      vertex 1.0282 8.71546 2.2
    endloop
  endfacet
  facet normal 0.492879 0.870098 0
    outer loop
      vertex 0.942793 8.76384 2.2
      vertex 1.0282 8.71546 1
      vertex 0.942793 8.76384 1
    endloop
  endfacet
  facet normal -0.492879 0.870098 0
    outer loop
      vertex -0.942793 8.76384 1
      vertex -1.0282 8.71546 2.2
      vertex -0.942793 8.76384 2.2
    endloop
  endfacet
  facet normal -0.492879 0.870098 0
    outer loop
      vertex -1.0282 8.71546 2.2
      vertex -0.942793 8.76384 1
      vertex -1.0282 8.71546 1
    endloop
  endfacet
  facet normal -0.0245506 0.999699 0
    outer loop
      vertex 0 9 1
      vertex -0.098135 8.99759 2.2
      vertex 0 9 2.2
    endloop
  endfacet
  facet normal -0.0245506 0.999699 0
    outer loop
      vertex -0.098135 8.99759 2.2
      vertex 0 9 1
      vertex -0.098135 8.99759 1
    endloop
  endfacet
  facet normal -0.963782 0.266693 0
    outer loop
      vertex -1.94006 7.48596 1
      vertex -1.91388 7.58057 2.2
      vertex -1.91388 7.58057 1
    endloop
  endfacet
  facet normal -0.963782 0.266693 0
    outer loop
      vertex -1.91388 7.58057 2.2
      vertex -1.94006 7.48596 1
      vertex -1.94006 7.48596 2.2
    endloop
  endfacet
  facet normal -0.788375 -0.615195 0
    outer loop
      vertex -1.54602 5.73121 1
      vertex -1.60641 5.8086 2.2
      vertex -1.60641 5.8086 1
    endloop
  endfacet
  facet normal -0.788375 -0.615195 0
    outer loop
      vertex -1.60641 5.8086 2.2
      vertex -1.54602 5.73121 1
      vertex -1.54602 5.73121 2.2
    endloop
  endfacet
  facet normal 0.689576 0.724213 -0
    outer loop
      vertex 1.41421 8.41421 1
      vertex 1.34312 8.4819 2.2
      vertex 1.41421 8.41421 2.2
    endloop
  endfacet
  facet normal 0.689576 0.724213 0
    outer loop
      vertex 1.34312 8.4819 2.2
      vertex 1.41421 8.41421 1
      vertex 1.34312 8.4819 1
    endloop
  endfacet
  facet normal 0.170937 -0.985282 0
    outer loop
      vertex 0.293461 5.02165 1
      vertex 0.390181 5.03843 2.2
      vertex 0.293461 5.02165 2.2
    endloop
  endfacet
  facet normal 0.170937 -0.985282 0
    outer loop
      vertex 0.390181 5.03843 2.2
      vertex 0.293461 5.02165 1
      vertex 0.390181 5.03843 1
    endloop
  endfacet
  facet normal 0.817563 0.575839 0
    outer loop
      vertex 1.66294 8.11114 2.2
      vertex 1.60641 8.1914 1
      vertex 1.60641 8.1914 2.2
    endloop
  endfacet
  facet normal 0.817563 0.575839 0
    outer loop
      vertex 1.60641 8.1914 1
      vertex 1.66294 8.11114 2.2
      vertex 1.66294 8.11114 1
    endloop
  endfacet
  facet normal -0.985282 -0.170937 0
    outer loop
      vertex -1.96157 6.60982 1
      vertex -1.97835 6.70654 2.2
      vertex -1.97835 6.70654 1
    endloop
  endfacet
  facet normal -0.985282 -0.170937 0
    outer loop
      vertex -1.97835 6.70654 2.2
      vertex -1.96157 6.60982 1
      vertex -1.96157 6.60982 2.2
    endloop
  endfacet
  facet normal 0.653187 -0.757196 0
    outer loop
      vertex 1.26879 5.45398 1
      vertex 1.34312 5.5181 2.2
      vertex 1.26879 5.45398 2.2
    endloop
  endfacet
  facet normal 0.653187 -0.757196 0
    outer loop
      vertex 1.34312 5.5181 2.2
      vertex 1.26879 5.45398 1
      vertex 1.34312 5.5181 1
    endloop
  endfacet
  facet normal 0.405238 0.914211 -0
    outer loop
      vertex 0.85511 8.80798 1
      vertex 0.765367 8.84776 2.2
      vertex 0.85511 8.80798 2.2
    endloop
  endfacet
  facet normal 0.405238 0.914211 0
    outer loop
      vertex 0.765367 8.84776 2.2
      vertex 0.85511 8.80798 1
      vertex 0.765367 8.84776 1
    endloop
  endfacet
  facet normal -0.788375 0.615195 0
    outer loop
      vertex -1.60641 8.1914 1
      vertex -1.54602 8.26879 2.2
      vertex -1.54602 8.26879 1
    endloop
  endfacet
  facet normal -0.788375 0.615195 0
    outer loop
      vertex -1.54602 8.26879 2.2
      vertex -1.60641 8.1914 1
      vertex -1.60641 8.1914 2.2
    endloop
  endfacet
  facet normal -0.575839 0.817563 0
    outer loop
      vertex -1.11114 8.66294 1
      vertex -1.1914 8.60641 2.2
      vertex -1.11114 8.66294 2.2
    endloop
  endfacet
  facet normal -0.575839 0.817563 0
    outer loop
      vertex -1.1914 8.60641 2.2
      vertex -1.11114 8.66294 1
      vertex -1.1914 8.60641 1
    endloop
  endfacet
  facet normal -0.170937 0.985282 0
    outer loop
      vertex -0.293461 8.97835 1
      vertex -0.390181 8.96157 2.2
      vertex -0.293461 8.97835 2.2
    endloop
  endfacet
  facet normal -0.170937 0.985282 0
    outer loop
      vertex -0.390181 8.96157 2.2
      vertex -0.293461 8.97835 1
      vertex -0.390181 8.96157 1
    endloop
  endfacet
  facet normal 0.985282 0.170937 0
    outer loop
      vertex 1.97835 7.29346 2.2
      vertex 1.96157 7.39018 1
      vertex 1.96157 7.39018 2.2
    endloop
  endfacet
  facet normal 0.985282 0.170937 0
    outer loop
      vertex 1.96157 7.39018 1
      vertex 1.97835 7.29346 2.2
      vertex 1.97835 7.29346 1
    endloop
  endfacet
  facet normal 0.999699 -0.0245494 0
    outer loop
      vertex 1.99759 6.90186 2.2
      vertex 2 7 1
      vertex 2 7 2.2
    endloop
  endfacet
  facet normal 0.999699 -0.0245494 0
    outer loop
      vertex 2 7 1
      vertex 1.99759 6.90186 2.2
      vertex 1.99759 6.90186 1
    endloop
  endfacet
  facet normal -0.0735505 0.997291 0
    outer loop
      vertex -0.098135 8.99759 1
      vertex -0.196033 8.99037 2.2
      vertex -0.098135 8.99759 2.2
    endloop
  endfacet
  facet normal -0.0735505 0.997291 0
    outer loop
      vertex -0.196033 8.99037 2.2
      vertex -0.098135 8.99759 1
      vertex -0.196033 8.99037 1
    endloop
  endfacet
  facet normal -0.405238 0.914211 0
    outer loop
      vertex -0.765367 8.84776 1
      vertex -0.85511 8.80798 2.2
      vertex -0.765367 8.84776 2.2
    endloop
  endfacet
  facet normal -0.405238 0.914211 0
    outer loop
      vertex -0.85511 8.80798 2.2
      vertex -0.765367 8.84776 1
      vertex -0.85511 8.80798 1
    endloop
  endfacet
  facet normal 0.914206 0.40525 0
    outer loop
      vertex 1.84776 7.76537 2.2
      vertex 1.80798 7.85511 1
      vertex 1.80798 7.85511 2.2
    endloop
  endfacet
  facet normal 0.914206 0.40525 0
    outer loop
      vertex 1.80798 7.85511 1
      vertex 1.84776 7.76537 2.2
      vertex 1.84776 7.76537 1
    endloop
  endfacet
  facet normal 0.975698 0.219119 0
    outer loop
      vertex 1.96157 7.39018 2.2
      vertex 1.94006 7.48596 1
      vertex 1.94006 7.48596 2.2
    endloop
  endfacet
  facet normal 0.975698 0.219119 0
    outer loop
      vertex 1.94006 7.48596 1
      vertex 1.96157 7.39018 2.2
      vertex 1.96157 7.39018 1
    endloop
  endfacet
  facet normal 0.724213 0.689576 0
    outer loop
      vertex 1.4819 8.34312 2.2
      vertex 1.41421 8.41421 1
      vertex 1.41421 8.41421 2.2
    endloop
  endfacet
  facet normal 0.724213 0.689576 0
    outer loop
      vertex 1.41421 8.41421 1
      vertex 1.4819 8.34312 2.2
      vertex 1.4819 8.34312 1
    endloop
  endfacet
  facet normal 0.963782 0.266693 0
    outer loop
      vertex 1.94006 7.48596 2.2
      vertex 1.91388 7.58057 1
      vertex 1.91388 7.58057 2.2
    endloop
  endfacet
  facet normal 0.963782 0.266693 0
    outer loop
      vertex 1.91388 7.58057 1
      vertex 1.94006 7.48596 2.2
      vertex 1.94006 7.48596 1
    endloop
  endfacet
  facet normal 0.534989 0.844859 -0
    outer loop
      vertex 1.11114 8.66294 1
      vertex 1.0282 8.71546 2.2
      vertex 1.11114 8.66294 2.2
    endloop
  endfacet
  facet normal 0.534989 0.844859 0
    outer loop
      vertex 1.0282 8.71546 2.2
      vertex 1.11114 8.66294 1
      vertex 1.0282 8.71546 1
    endloop
  endfacet
  facet normal 0.817563 -0.575839 0
    outer loop
      vertex 1.60641 5.8086 2.2
      vertex 1.66294 5.88886 1
      vertex 1.66294 5.88886 2.2
    endloop
  endfacet
  facet normal 0.817563 -0.575839 0
    outer loop
      vertex 1.66294 5.88886 1
      vertex 1.60641 5.8086 2.2
      vertex 1.60641 5.8086 1
    endloop
  endfacet
  facet normal -0.534989 -0.844859 0
    outer loop
      vertex -1.11114 5.33706 1
      vertex -1.0282 5.28454 2.2
      vertex -1.11114 5.33706 2.2
    endloop
  endfacet
  facet normal -0.534989 -0.844859 -0
    outer loop
      vertex -1.0282 5.28454 2.2
      vertex -1.11114 5.33706 1
      vertex -1.0282 5.28454 1
    endloop
  endfacet
  facet normal 0.405238 -0.914211 0
    outer loop
      vertex 0.765367 5.15224 1
      vertex 0.85511 5.19202 2.2
      vertex 0.765367 5.15224 2.2
    endloop
  endfacet
  facet normal 0.405238 -0.914211 0
    outer loop
      vertex 0.85511 5.19202 2.2
      vertex 0.765367 5.15224 1
      vertex 0.85511 5.19202 1
    endloop
  endfacet
  facet normal -0.122445 0.992475 0
    outer loop
      vertex -0.196033 8.99037 1
      vertex -0.293461 8.97835 2.2
      vertex -0.196033 8.99037 2.2
    endloop
  endfacet
  facet normal -0.122445 0.992475 0
    outer loop
      vertex -0.293461 8.97835 2.2
      vertex -0.196033 8.99037 1
      vertex -0.293461 8.97835 1
    endloop
  endfacet
  facet normal -0.963782 -0.266693 0
    outer loop
      vertex -1.91388 6.41943 1
      vertex -1.94006 6.51404 2.2
      vertex -1.94006 6.51404 1
    endloop
  endfacet
  facet normal -0.963782 -0.266693 0
    outer loop
      vertex -1.94006 6.51404 2.2
      vertex -1.91388 6.41943 1
      vertex -1.91388 6.41943 2.2
    endloop
  endfacet
  facet normal 0.615195 0.788375 -0
    outer loop
      vertex 1.26879 8.54602 1
      vertex 1.1914 8.60641 2.2
      vertex 1.26879 8.54602 2.2
    endloop
  endfacet
  facet normal 0.615195 0.788375 0
    outer loop
      vertex 1.1914 8.60641 2.2
      vertex 1.26879 8.54602 1
      vertex 1.1914 8.60641 1
    endloop
  endfacet
  facet normal -0.449645 -0.893208 0
    outer loop
      vertex -0.942793 5.23616 1
      vertex -0.85511 5.19202 2.2
      vertex -0.942793 5.23616 2.2
    endloop
  endfacet
  facet normal -0.449645 -0.893208 -0
    outer loop
      vertex -0.85511 5.19202 2.2
      vertex -0.942793 5.23616 1
      vertex -0.85511 5.19202 1
    endloop
  endfacet
  facet normal 0 0 1
    outer loop
      vertex 1.99759 7.09813 2.2
      vertex 1.99759 6.90186 2.2
      vertex 2 7 2.2
    endloop
  endfacet
  facet normal 0 0 1
    outer loop
      vertex 1.99037 7.19603 2.2
      vertex 1.99759 6.90186 2.2
      vertex 1.99759 7.09813 2.2
    endloop
  endfacet
  facet normal 0 0 1
    outer loop
      vertex 1.99037 7.19603 2.2
      vertex 1.99037 6.80397 2.2
      vertex 1.99759 6.90186 2.2
    endloop
  endfacet
  facet normal 0 0 1
    outer loop
      vertex 1.97835 7.29346 2.2
      vertex 1.99037 6.80397 2.2
      vertex 1.99037 7.19603 2.2
    endloop
  endfacet
  facet normal 0 0 1
    outer loop
      vertex 1.97835 7.29346 2.2
      vertex 1.97835 6.70654 2.2
      vertex 1.99037 6.80397 2.2
    endloop
  endfacet
  facet normal 0 0 1
    outer loop
      vertex 1.96157 7.39018 2.2
      vertex 1.97835 6.70654 2.2
      vertex 1.97835 7.29346 2.2
    endloop
  endfacet
  facet normal 0 0 1
    outer loop
      vertex 1.96157 7.39018 2.2
      vertex 1.96157 6.60982 2.2
      vertex 1.97835 6.70654 2.2
    endloop
  endfacet
  facet normal 0 0 1
    outer loop
      vertex 1.94006 7.48596 2.2
      vertex 1.96157 6.60982 2.2
      vertex 1.96157 7.39018 2.2
    endloop
  endfacet
  facet normal 0 0 1
    outer loop
      vertex 1.94006 7.48596 2.2
      vertex 1.94006 6.51404 2.2
      vertex 1.96157 6.60982 2.2
    endloop
  endfacet
  facet normal 0 0 1
    outer loop
      vertex 1.91388 7.58057 2.2
      vertex 1.94006 6.51404 2.2
      vertex 1.94006 7.48596 2.2
    endloop
  endfacet
  facet normal 0 0 1
    outer loop
      vertex 1.91388 7.58057 2.2
      vertex 1.91388 6.41943 2.2
      vertex 1.94006 6.51404 2.2
    endloop
  endfacet
  facet normal 0 0 1
    outer loop
      vertex 1.88309 7.67378 2.2
      vertex 1.91388 6.41943 2.2
      vertex 1.91388 7.58057 2.2
    endloop
  endfacet
  facet normal 0 0 1
    outer loop
      vertex 1.88309 7.67378 2.2
      vertex 1.88309 6.32622 2.2
      vertex 1.91388 6.41943 2.2
    endloop
  endfacet
  facet normal 0 0 1
    outer loop
      vertex 1.84776 7.76537 2.2
      vertex 1.88309 6.32622 2.2
      vertex 1.88309 7.67378 2.2
    endloop
  endfacet
  facet normal 0 0 1
    outer loop
      vertex 1.84776 7.76537 2.2
      vertex 1.84776 6.23463 2.2
      vertex 1.88309 6.32622 2.2
    endloop
  endfacet
  facet normal 0 0 1
    outer loop
      vertex 1.80798 7.85511 2.2
      vertex 1.84776 6.23463 2.2
      vertex 1.84776 7.76537 2.2
    endloop
  endfacet
  facet normal 0 0 1
    outer loop
      vertex 1.80798 7.85511 2.2
      vertex 1.80798 6.14489 2.2
      vertex 1.84776 6.23463 2.2
    endloop
  endfacet
  facet normal 0 0 1
    outer loop
      vertex 1.76384 7.94279 2.2
      vertex 1.80798 6.14489 2.2
      vertex 1.80798 7.85511 2.2
    endloop
  endfacet
  facet normal 0 0 1
    outer loop
      vertex 1.76384 7.94279 2.2
      vertex 1.76384 6.05721 2.2
      vertex 1.80798 6.14489 2.2
    endloop
  endfacet
  facet normal 0 0 1
    outer loop
      vertex 1.71546 8.0282 2.2
      vertex 1.76384 6.05721 2.2
      vertex 1.76384 7.94279 2.2
    endloop
  endfacet
  facet normal 0 0 1
    outer loop
      vertex 1.71546 8.0282 2.2
      vertex 1.71546 5.97179 2.2
      vertex 1.76384 6.05721 2.2
    endloop
  endfacet
  facet normal 0 0 1
    outer loop
      vertex 1.66294 8.11114 2.2
      vertex 1.71546 5.97179 2.2
      vertex 1.71546 8.0282 2.2
    endloop
  endfacet
  facet normal 0 0 1
    outer loop
      vertex 1.66294 8.11114 2.2
      vertex 1.66294 5.88886 2.2
      vertex 1.71546 5.97179 2.2
    endloop
  endfacet
  facet normal 0 0 1
    outer loop
      vertex 1.60641 8.1914 2.2
      vertex 1.66294 5.88886 2.2
      vertex 1.66294 8.11114 2.2
    endloop
  endfacet
  facet normal 0 0 1
    outer loop
      vertex 1.60641 8.1914 2.2
      vertex 1.60641 5.8086 2.2
      vertex 1.66294 5.88886 2.2
    endloop
  endfacet
  facet normal 0 0 1
    outer loop
      vertex 1.54602 8.26879 2.2
      vertex 1.60641 5.8086 2.2
      vertex 1.60641 8.1914 2.2
    endloop
  endfacet
  facet normal 0 0 1
    outer loop
      vertex 1.54602 8.26879 2.2
      vertex 1.54602 5.73121 2.2
      vertex 1.60641 5.8086 2.2
    endloop
  endfacet
  facet normal 0 0 1
    outer loop
      vertex 1.4819 8.34312 2.2
      vertex 1.54602 5.73121 2.2
      vertex 1.54602 8.26879 2.2
    endloop
  endfacet
  facet normal 0 0 1
    outer loop
      vertex 1.4819 8.34312 2.2
      vertex 1.4819 5.65688 2.2
      vertex 1.54602 5.73121 2.2
    endloop
  endfacet
  facet normal 0 0 1
    outer loop
      vertex 1.41421 8.41421 2.2
      vertex 1.4819 5.65688 2.2
      vertex 1.4819 8.34312 2.2
    endloop
  endfacet
  facet normal 0 0 1
    outer loop
      vertex 1.41421 8.41421 2.2
      vertex 1.41421 5.58579 2.2
      vertex 1.4819 5.65688 2.2
    endloop
  endfacet
  facet normal 0 0 1
    outer loop
      vertex 1.34312 8.4819 2.2
      vertex 1.41421 5.58579 2.2
      vertex 1.41421 8.41421 2.2
    endloop
  endfacet
  facet normal 0 0 1
    outer loop
      vertex 1.34312 8.4819 2.2
      vertex 1.34312 5.5181 2.2
      vertex 1.41421 5.58579 2.2
    endloop
  endfacet
  facet normal 0 0 1
    outer loop
      vertex 1.26879 8.54602 2.2
      vertex 1.34312 5.5181 2.2
      vertex 1.34312 8.4819 2.2
    endloop
  endfacet
  facet normal 0 0 1
    outer loop
      vertex 1.26879 8.54602 2.2
      vertex 1.26879 5.45398 2.2
      vertex 1.34312 5.5181 2.2
    endloop
  endfacet
  facet normal 0 0 1
    outer loop
      vertex 1.1914 8.60641 2.2
      vertex 1.26879 5.45398 2.2
      vertex 1.26879 8.54602 2.2
    endloop
  endfacet
  facet normal 0 0 1
    outer loop
      vertex 1.1914 8.60641 2.2
      vertex 1.1914 5.39358 2.2
      vertex 1.26879 5.45398 2.2
    endloop
  endfacet
  facet normal 0 0 1
    outer loop
      vertex 1.11114 8.66294 2.2
      vertex 1.1914 5.39358 2.2
      vertex 1.1914 8.60641 2.2
    endloop
  endfacet
  facet normal 0 0 1
    outer loop
      vertex 1.11114 8.66294 2.2
      vertex 1.11114 5.33706 2.2
      vertex 1.1914 5.39358 2.2
    endloop
  endfacet
  facet normal 0 0 1
    outer loop
      vertex 1.0282 8.71546 2.2
      vertex 1.11114 5.33706 2.2
      vertex 1.11114 8.66294 2.2
    endloop
  endfacet
  facet normal 0 0 1
    outer loop
      vertex 1.0282 8.71546 2.2
      vertex 1.0282 5.28454 2.2
      vertex 1.11114 5.33706 2.2
    endloop
  endfacet
  facet normal 0 0 1
    outer loop
      vertex 0.942793 8.76384 2.2
      vertex 1.0282 5.28454 2.2
      vertex 1.0282 8.71546 2.2
    endloop
  endfacet
  facet normal 0 0 1
    outer loop
      vertex 0.942793 8.76384 2.2
      vertex 0.942793 5.23616 2.2
      vertex 1.0282 5.28454 2.2
    endloop
  endfacet
  facet normal 0 0 1
    outer loop
      vertex 0.85511 8.80798 2.2
      vertex 0.942793 5.23616 2.2
      vertex 0.942793 8.76384 2.2
    endloop
  endfacet
  facet normal 0 0 1
    outer loop
      vertex 0.85511 8.80798 2.2
      vertex 0.85511 5.19202 2.2
      vertex 0.942793 5.23616 2.2
    endloop
  endfacet
  facet normal 0 0 1
    outer loop
      vertex 0.765367 8.84776 2.2
      vertex 0.85511 5.19202 2.2
      vertex 0.85511 8.80798 2.2
    endloop
  endfacet
  facet normal 0 0 1
    outer loop
      vertex 0.765367 8.84776 2.2
      vertex 0.765367 5.15224 2.2
      vertex 0.85511 5.19202 2.2
    endloop
  endfacet
  facet normal 0 0 1
    outer loop
      vertex 0.673779 8.88309 2.2
      vertex 0.765367 5.15224 2.2
      vertex 0.765367 8.84776 2.2
    endloop
  endfacet
  facet normal 0 0 1
    outer loop
      vertex 0.673779 8.88309 2.2
      vertex 0.673779 5.11691 2.2
      vertex 0.765367 5.15224 2.2
    endloop
  endfacet
  facet normal 0 0 1
    outer loop
      vertex 0.580569 8.91388 2.2
      vertex 0.673779 5.11691 2.2
      vertex 0.673779 8.88309 2.2
    endloop
  endfacet
  facet normal 0 0 1
    outer loop
      vertex 0.580569 8.91388 2.2
      vertex 0.580569 5.08612 2.2
      vertex 0.673779 5.11691 2.2
    endloop
  endfacet
  facet normal 0 0 1
    outer loop
      vertex 0.48596 8.94006 2.2
      vertex 0.580569 5.08612 2.2
      vertex 0.580569 8.91388 2.2
    endloop
  endfacet
  facet normal 0 0 1
    outer loop
      vertex 0.48596 8.94006 2.2
      vertex 0.48596 5.05994 2.2
      vertex 0.580569 5.08612 2.2
    endloop
  endfacet
  facet normal 0 0 1
    outer loop
      vertex 0.390181 8.96157 2.2
      vertex 0.48596 5.05994 2.2
      vertex 0.48596 8.94006 2.2
    endloop
  endfacet
  facet normal 0 0 1
    outer loop
      vertex 0.390181 8.96157 2.2
      vertex 0.390181 5.03843 2.2
      vertex 0.48596 5.05994 2.2
    endloop
  endfacet
  facet normal 0 0 1
    outer loop
      vertex 0.293461 8.97835 2.2
      vertex 0.390181 5.03843 2.2
      vertex 0.390181 8.96157 2.2
    endloop
  endfacet
  facet normal 0 0 1
    outer loop
      vertex 0.293461 8.97835 2.2
      vertex 0.293461 5.02165 2.2
      vertex 0.390181 5.03843 2.2
    endloop
  endfacet
  facet normal 0 0 1
    outer loop
      vertex 0.196033 8.99037 2.2
      vertex 0.293461 5.02165 2.2
      vertex 0.293461 8.97835 2.2
    endloop
  endfacet
  facet normal 0 0 1
    outer loop
      vertex 0.196033 8.99037 2.2
      vertex 0.196033 5.00963 2.2
      vertex 0.293461 5.02165 2.2
    endloop
  endfacet
  facet normal 0 0 1
    outer loop
      vertex 0.098135 8.99759 2.2
      vertex 0.196033 5.00963 2.2
      vertex 0.196033 8.99037 2.2
    endloop
  endfacet
  facet normal 0 0 1
    outer loop
      vertex 0.098135 8.99759 2.2
      vertex 0.098135 5.00241 2.2
      vertex 0.196033 5.00963 2.2
    endloop
  endfacet
  facet normal 0 0 1
    outer loop
      vertex 0 9 2.2
      vertex 0.098135 5.00241 2.2
      vertex 0.098135 8.99759 2.2
    endloop
  endfacet
  facet normal 0 0 1
    outer loop
      vertex 0 9 2.2
      vertex 0 5 2.2
      vertex 0.098135 5.00241 2.2
    endloop
  endfacet
  facet normal -0 0 1
    outer loop
      vertex -0.098135 8.99759 2.2
      vertex 0 5 2.2
      vertex 0 9 2.2
    endloop
  endfacet
  facet normal 0 0 1
    outer loop
      vertex -0.098135 8.99759 2.2
      vertex -0.098135 5.00241 2.2
      vertex 0 5 2.2
    endloop
  endfacet
  facet normal -0 0 1
    outer loop
      vertex -0.196033 8.99037 2.2
      vertex -0.098135 5.00241 2.2
      vertex -0.098135 8.99759 2.2
    endloop
  endfacet
  facet normal 0 0 1
    outer loop
      vertex -0.196033 8.99037 2.2
      vertex -0.196033 5.00963 2.2
      vertex -0.098135 5.00241 2.2
    endloop
  endfacet
  facet normal -0 0 1
    outer loop
      vertex -0.293461 8.97835 2.2
      vertex -0.196033 5.00963 2.2
      vertex -0.196033 8.99037 2.2
    endloop
  endfacet
  facet normal 0 0 1
    outer loop
      vertex -0.293461 8.97835 2.2
      vertex -0.293461 5.02165 2.2
      vertex -0.196033 5.00963 2.2
    endloop
  endfacet
  facet normal -0 0 1
    outer loop
      vertex -0.390181 8.96157 2.2
      vertex -0.293461 5.02165 2.2
      vertex -0.293461 8.97835 2.2
    endloop
  endfacet
  facet normal 0 0 1
    outer loop
      vertex -0.390181 8.96157 2.2
      vertex -0.390181 5.03843 2.2
      vertex -0.293461 5.02165 2.2
    endloop
  endfacet
  facet normal -0 0 1
    outer loop
      vertex -0.48596 8.94006 2.2
      vertex -0.390181 5.03843 2.2
      vertex -0.390181 8.96157 2.2
    endloop
  endfacet
  facet normal 0 0 1
    outer loop
      vertex -0.48596 8.94006 2.2
      vertex -0.48596 5.05994 2.2
      vertex -0.390181 5.03843 2.2
    endloop
  endfacet
  facet normal -0 0 1
    outer loop
      vertex -0.580569 8.91388 2.2
      vertex -0.48596 5.05994 2.2
      vertex -0.48596 8.94006 2.2
    endloop
  endfacet
  facet normal 0 0 1
    outer loop
      vertex -0.580569 8.91388 2.2
      vertex -0.580569 5.08612 2.2
      vertex -0.48596 5.05994 2.2
    endloop
  endfacet
  facet normal -0 0 1
    outer loop
      vertex -0.673779 8.88309 2.2
      vertex -0.580569 5.08612 2.2
      vertex -0.580569 8.91388 2.2
    endloop
  endfacet
  facet normal 0 0 1
    outer loop
      vertex -0.673779 8.88309 2.2
      vertex -0.673779 5.11691 2.2
      vertex -0.580569 5.08612 2.2
    endloop
  endfacet
  facet normal -0 0 1
    outer loop
      vertex -0.765367 8.84776 2.2
      vertex -0.673779 5.11691 2.2
      vertex -0.673779 8.88309 2.2
    endloop
  endfacet
  facet normal 0 0 1
    outer loop
      vertex -0.765367 8.84776 2.2
      vertex -0.765367 5.15224 2.2
      vertex -0.673779 5.11691 2.2
    endloop
  endfacet
  facet normal -0 0 1
    outer loop
      vertex -0.85511 8.80798 2.2
      vertex -0.765367 5.15224 2.2
      vertex -0.765367 8.84776 2.2
    endloop
  endfacet
  facet normal 0 0 1
    outer loop
      vertex -0.85511 8.80798 2.2
      vertex -0.85511 5.19202 2.2
      vertex -0.765367 5.15224 2.2
    endloop
  endfacet
  facet normal -0 0 1
    outer loop
      vertex -0.942793 8.76384 2.2
      vertex -0.85511 5.19202 2.2
      vertex -0.85511 8.80798 2.2
    endloop
  endfacet
  facet normal 0 0 1
    outer loop
      vertex -0.942793 8.76384 2.2
      vertex -0.942793 5.23616 2.2
      vertex -0.85511 5.19202 2.2
    endloop
  endfacet
  facet normal -0 0 1
    outer loop
      vertex -1.0282 8.71546 2.2
      vertex -0.942793 5.23616 2.2
      vertex -0.942793 8.76384 2.2
    endloop
  endfacet
  facet normal 0 0 1
    outer loop
      vertex -1.0282 8.71546 2.2
      vertex -1.0282 5.28454 2.2
      vertex -0.942793 5.23616 2.2
    endloop
  endfacet
  facet normal -0 0 1
    outer loop
      vertex -1.11114 8.66294 2.2
      vertex -1.0282 5.28454 2.2
      vertex -1.0282 8.71546 2.2
    endloop
  endfacet
  facet normal 0 0 1
    outer loop
      vertex -1.11114 8.66294 2.2
      vertex -1.11114 5.33706 2.2
      vertex -1.0282 5.28454 2.2
    endloop
  endfacet
  facet normal -0 0 1
    outer loop
      vertex -1.1914 8.60641 2.2
      vertex -1.11114 5.33706 2.2
      vertex -1.11114 8.66294 2.2
    endloop
  endfacet
  facet normal 0 0 1
    outer loop
      vertex -1.1914 8.60641 2.2
      vertex -1.1914 5.39358 2.2
      vertex -1.11114 5.33706 2.2
    endloop
  endfacet
  facet normal -0 0 1
    outer loop
      vertex -1.26879 8.54602 2.2
      vertex -1.1914 5.39358 2.2
      vertex -1.1914 8.60641 2.2
    endloop
  endfacet
  facet normal 0 0 1
    outer loop
      vertex -1.26879 8.54602 2.2
      vertex -1.26879 5.45398 2.2
      vertex -1.1914 5.39358 2.2
    endloop
  endfacet
  facet normal -0 0 1
    outer loop
      vertex -1.34312 8.4819 2.2
      vertex -1.26879 5.45398 2.2
      vertex -1.26879 8.54602 2.2
    endloop
  endfacet
  facet normal 0 0 1
    outer loop
      vertex -1.34312 8.4819 2.2
      vertex -1.34312 5.5181 2.2
      vertex -1.26879 5.45398 2.2
    endloop
  endfacet
  facet normal -0 0 1
    outer loop
      vertex -1.41421 8.41421 2.2
      vertex -1.34312 5.5181 2.2
      vertex -1.34312 8.4819 2.2
    endloop
  endfacet
  facet normal 0 0 1
    outer loop
      vertex -1.41421 8.41421 2.2
      vertex -1.41421 5.58579 2.2
      vertex -1.34312 5.5181 2.2
    endloop
  endfacet
  facet normal -0 0 1
    outer loop
      vertex -1.4819 8.34312 2.2
      vertex -1.41421 5.58579 2.2
      vertex -1.41421 8.41421 2.2
    endloop
  endfacet
  facet normal 0 0 1
    outer loop
      vertex -1.4819 8.34312 2.2
      vertex -1.4819 5.65688 2.2
      vertex -1.41421 5.58579 2.2
    endloop
  endfacet
  facet normal -0 0 1
    outer loop
      vertex -1.54602 8.26879 2.2
      vertex -1.4819 5.65688 2.2
      vertex -1.4819 8.34312 2.2
    endloop
  endfacet
  facet normal 0 0 1
    outer loop
      vertex -1.54602 8.26879 2.2
      vertex -1.54602 5.73121 2.2
      vertex -1.4819 5.65688 2.2
    endloop
  endfacet
  facet normal -0 0 1
    outer loop
      vertex -1.60641 8.1914 2.2
      vertex -1.54602 5.73121 2.2
      vertex -1.54602 8.26879 2.2
    endloop
  endfacet
  facet normal 0 0 1
    outer loop
      vertex -1.60641 8.1914 2.2
      vertex -1.60641 5.8086 2.2
      vertex -1.54602 5.73121 2.2
    endloop
  endfacet
  facet normal -0 0 1
    outer loop
      vertex -1.66294 8.11114 2.2
      vertex -1.60641 5.8086 2.2
      vertex -1.60641 8.1914 2.2
    endloop
  endfacet
  facet normal 0 0 1
    outer loop
      vertex -1.66294 8.11114 2.2
      vertex -1.66294 5.88886 2.2
      vertex -1.60641 5.8086 2.2
    endloop
  endfacet
  facet normal -0 0 1
    outer loop
      vertex -1.71546 8.0282 2.2
      vertex -1.66294 5.88886 2.2
      vertex -1.66294 8.11114 2.2
    endloop
  endfacet
  facet normal 0 0 1
    outer loop
      vertex -1.71546 8.0282 2.2
      vertex -1.71546 5.97179 2.2
      vertex -1.66294 5.88886 2.2
    endloop
  endfacet
  facet normal -0 0 1
    outer loop
      vertex -1.76384 7.94279 2.2
      vertex -1.71546 5.97179 2.2
      vertex -1.71546 8.0282 2.2
    endloop
  endfacet
  facet normal 0 0 1
    outer loop
      vertex -1.76384 7.94279 2.2
      vertex -1.76384 6.05721 2.2
      vertex -1.71546 5.97179 2.2
    endloop
  endfacet
  facet normal -0 0 1
    outer loop
      vertex -1.80798 7.85511 2.2
      vertex -1.76384 6.05721 2.2
      vertex -1.76384 7.94279 2.2
    endloop
  endfacet
  facet normal 0 0 1
    outer loop
      vertex -1.80798 7.85511 2.2
      vertex -1.80798 6.14489 2.2
      vertex -1.76384 6.05721 2.2
    endloop
  endfacet
  facet normal -0 0 1
    outer loop
      vertex -1.84776 7.76537 2.2
      vertex -1.80798 6.14489 2.2
      vertex -1.80798 7.85511 2.2
    endloop
  endfacet
  facet normal 0 0 1
    outer loop
      vertex -1.84776 7.76537 2.2
      vertex -1.84776 6.23463 2.2
      vertex -1.80798 6.14489 2.2
    endloop
  endfacet
  facet normal -0 0 1
    outer loop
      vertex -1.88309 7.67378 2.2
      vertex -1.84776 6.23463 2.2
      vertex -1.84776 7.76537 2.2
    endloop
  endfacet
  facet normal 0 0 1
    outer loop
      vertex -1.88309 7.67378 2.2
      vertex -1.88309 6.32622 2.2
      vertex -1.84776 6.23463 2.2
    endloop
  endfacet
  facet normal -0 0 1
    outer loop
      vertex -1.91388 7.58057 2.2
      vertex -1.88309 6.32622 2.2
      vertex -1.88309 7.67378 2.2
    endloop
  endfacet
  facet normal 0 0 1
    outer loop
      vertex -1.91388 7.58057 2.2
      vertex -1.91388 6.41943 2.2
      vertex -1.88309 6.32622 2.2
    endloop
  endfacet
  facet normal -0 0 1
    outer loop
      vertex -1.94006 7.48596 2.2
      vertex -1.91388 6.41943 2.2
      vertex -1.91388 7.58057 2.2
    endloop
  endfacet
  facet normal 0 0 1
    outer loop
      vertex -1.94006 7.48596 2.2
      vertex -1.94006 6.51404 2.2
      vertex -1.91388 6.41943 2.2
    endloop
  endfacet
  facet normal -0 0 1
    outer loop
      vertex -1.96157 7.39018 2.2
      vertex -1.94006 6.51404 2.2
      vertex -1.94006 7.48596 2.2
    endloop
  endfacet
  facet normal 0 0 1
    outer loop
      vertex -1.96157 7.39018 2.2
      vertex -1.96157 6.60982 2.2
      vertex -1.94006 6.51404 2.2
    endloop
  endfacet
  facet normal -0 0 1
    outer loop
      vertex -1.97835 7.29346 2.2
      vertex -1.96157 6.60982 2.2
      vertex -1.96157 7.39018 2.2
    endloop
  endfacet
  facet normal 0 0 1
    outer loop
      vertex -1.97835 7.29346 2.2
      vertex -1.97835 6.70654 2.2
      vertex -1.96157 6.60982 2.2
    endloop
  endfacet
  facet normal -0 0 1
    outer loop
      vertex -1.99037 7.19603 2.2
      vertex -1.97835 6.70654 2.2
      vertex -1.97835 7.29346 2.2
    endloop
  endfacet
  facet normal 0 0 1
    outer loop
      vertex -1.99037 7.19603 2.2
      vertex -1.99037 6.80397 2.2
      vertex -1.97835 6.70654 2.2
    endloop
  endfacet
  facet normal -0 0 1
    outer loop
      vertex -1.99759 7.09813 2.2
      vertex -1.99037 6.80397 2.2
      vertex -1.99037 7.19603 2.2
    endloop
  endfacet
  facet normal 0 0 1
    outer loop
      vertex -1.99759 7.09813 2.2
      vertex -1.99759 6.90186 2.2
      vertex -1.99037 6.80397 2.2
    endloop
  endfacet
  facet normal 0 -0 1
    outer loop
      vertex -1.99759 6.90186 2.2
      vertex -1.99759 7.09813 2.2
      vertex -2 7 2.2
    endloop
  endfacet
  facet normal -0.266695 -0.963781 0
    outer loop
      vertex -0.580569 5.08612 1
      vertex -0.48596 5.05994 2.2
      vertex -0.580569 5.08612 2.2
    endloop
  endfacet
  facet normal -0.266695 -0.963781 -0
    outer loop
      vertex -0.48596 5.05994 2.2
      vertex -0.580569 5.08612 1
      vertex -0.48596 5.05994 1
    endloop
  endfacet
  facet normal -0.724213 0.689576 0
    outer loop
      vertex -1.4819 8.34312 1
      vertex -1.41421 8.41421 2.2
      vertex -1.41421 8.41421 1
    endloop
  endfacet
  facet normal -0.724213 0.689576 0
    outer loop
      vertex -1.41421 8.41421 2.2
      vertex -1.4819 8.34312 1
      vertex -1.4819 8.34312 2.2
    endloop
  endfacet
  facet normal 0.170937 0.985282 -0
    outer loop
      vertex 0.390181 8.96157 1
      vertex 0.293461 8.97835 2.2
      vertex 0.390181 8.96157 2.2
    endloop
  endfacet
  facet normal 0.170937 0.985282 0
    outer loop
      vertex 0.293461 8.97835 2.2
      vertex 0.390181 8.96157 1
      vertex 0.293461 8.97835 1
    endloop
  endfacet
  facet normal -0.997291 -0.0735565 0
    outer loop
      vertex -1.99037 6.80397 1
      vertex -1.99759 6.90186 2.2
      vertex -1.99759 6.90186 1
    endloop
  endfacet
  facet normal -0.997291 -0.0735565 0
    outer loop
      vertex -1.99759 6.90186 2.2
      vertex -1.99037 6.80397 1
      vertex -1.99037 6.80397 2.2
    endloop
  endfacet
  facet normal 0.492879 -0.870098 0
    outer loop
      vertex 0.942793 5.23616 1
      vertex 1.0282 5.28454 2.2
      vertex 0.942793 5.23616 2.2
    endloop
  endfacet
  facet normal 0.492879 -0.870098 0
    outer loop
      vertex 1.0282 5.28454 2.2
      vertex 0.942793 5.23616 1
      vertex 1.0282 5.28454 1
    endloop
  endfacet
  facet normal 0.615259 -0.788325 0
    outer loop
      vertex 1.1914 5.39358 1
      vertex 1.26879 5.45398 2.2
      vertex 1.1914 5.39358 2.2
    endloop
  endfacet
  facet normal 0.615259 -0.788325 0
    outer loop
      vertex 1.26879 5.45398 2.2
      vertex 1.1914 5.39358 1
      vertex 1.26879 5.45398 1
    endloop
  endfacet
  facet normal -0.84483 -0.535035 0
    outer loop
      vertex -1.66294 5.88886 1
      vertex -1.71546 5.97179 2.2
      vertex -1.71546 5.97179 1
    endloop
  endfacet
  facet normal -0.84483 -0.535035 0
    outer loop
      vertex -1.71546 5.97179 2.2
      vertex -1.66294 5.88886 1
      vertex -1.66294 5.88886 2.2
    endloop
  endfacet
  facet normal -0.817563 0.575839 0
    outer loop
      vertex -1.66294 8.11114 1
      vertex -1.60641 8.1914 2.2
      vertex -1.60641 8.1914 1
    endloop
  endfacet
  facet normal -0.817563 0.575839 0
    outer loop
      vertex -1.60641 8.1914 2.2
      vertex -1.66294 8.11114 1
      vertex -1.66294 8.11114 2.2
    endloop
  endfacet
  facet normal -0.949536 0.313659 0
    outer loop
      vertex -1.91388 7.58057 1
      vertex -1.88309 7.67378 2.2
      vertex -1.88309 7.67378 1
    endloop
  endfacet
  facet normal -0.949536 0.313659 0
    outer loop
      vertex -1.88309 7.67378 2.2
      vertex -1.91388 7.58057 1
      vertex -1.91388 7.58057 2.2
    endloop
  endfacet
  facet normal -0.405238 -0.914211 0
    outer loop
      vertex -0.85511 5.19202 1
      vertex -0.765367 5.15224 2.2
      vertex -0.85511 5.19202 2.2
    endloop
  endfacet
  facet normal -0.405238 -0.914211 -0
    outer loop
      vertex -0.765367 5.15224 2.2
      vertex -0.85511 5.19202 1
      vertex -0.765367 5.15224 1
    endloop
  endfacet
  facet normal -0.975698 -0.219119 0
    outer loop
      vertex -1.94006 6.51404 1
      vertex -1.96157 6.60982 2.2
      vertex -1.96157 6.60982 1
    endloop
  endfacet
  facet normal -0.975698 -0.219119 0
    outer loop
      vertex -1.96157 6.60982 2.2
      vertex -1.94006 6.51404 1
      vertex -1.94006 6.51404 2.2
    endloop
  endfacet
  facet normal -0.653187 0.757196 0
    outer loop
      vertex -1.26879 8.54602 1
      vertex -1.34312 8.4819 2.2
      vertex -1.26879 8.54602 2.2
    endloop
  endfacet
  facet normal -0.653187 0.757196 0
    outer loop
      vertex -1.34312 8.4819 2.2
      vertex -1.26879 8.54602 1
      vertex -1.34312 8.4819 1
    endloop
  endfacet
  facet normal -0.0245506 -0.999699 0
    outer loop
      vertex -0.098135 5.00241 1
      vertex 0 5 2.2
      vertex -0.098135 5.00241 2.2
    endloop
  endfacet
  facet normal -0.0245506 -0.999699 -0
    outer loop
      vertex 0 5 2.2
      vertex -0.098135 5.00241 1
      vertex 0 5 1
    endloop
  endfacet
  facet normal -0.893201 0.449657 0
    outer loop
      vertex -1.80798 7.85511 1
      vertex -1.76384 7.94279 2.2
      vertex -1.76384 7.94279 1
    endloop
  endfacet
  facet normal -0.893201 0.449657 0
    outer loop
      vertex -1.76384 7.94279 2.2
      vertex -1.80798 7.85511 1
      vertex -1.80798 7.85511 2.2
    endloop
  endfacet
  facet normal -0.0735505 -0.997291 0
    outer loop
      vertex -0.196033 5.00963 1
      vertex -0.098135 5.00241 2.2
      vertex -0.196033 5.00963 2.2
    endloop
  endfacet
  facet normal -0.0735505 -0.997291 -0
    outer loop
      vertex -0.098135 5.00241 2.2
      vertex -0.196033 5.00963 1
      vertex -0.098135 5.00241 1
    endloop
  endfacet
  facet normal 0.985282 -0.170937 0
    outer loop
      vertex 1.96157 6.60982 2.2
      vertex 1.97835 6.70654 1
      vertex 1.97835 6.70654 2.2
    endloop
  endfacet
  facet normal 0.985282 -0.170937 0
    outer loop
      vertex 1.97835 6.70654 1
      vertex 1.96157 6.60982 2.2
      vertex 1.96157 6.60982 1
    endloop
  endfacet
  facet normal -0.575771 -0.817611 0
    outer loop
      vertex -1.1914 5.39358 1
      vertex -1.11114 5.33706 2.2
      vertex -1.1914 5.39358 2.2
    endloop
  endfacet
  facet normal -0.575771 -0.817611 -0
    outer loop
      vertex -1.11114 5.33706 2.2
      vertex -1.1914 5.39358 1
      vertex -1.11114 5.33706 1
    endloop
  endfacet
  facet normal -0.975698 0.219119 0
    outer loop
      vertex -1.96157 7.39018 1
      vertex -1.94006 7.48596 2.2
      vertex -1.94006 7.48596 1
    endloop
  endfacet
  facet normal -0.975698 0.219119 0
    outer loop
      vertex -1.94006 7.48596 2.2
      vertex -1.96157 7.39018 1
      vertex -1.96157 7.39018 2.2
    endloop
  endfacet
  facet normal -0.870105 0.492866 0
    outer loop
      vertex -1.76384 7.94279 1
      vertex -1.71546 8.0282 2.2
      vertex -1.71546 8.0282 1
    endloop
  endfacet
  facet normal -0.870105 0.492866 0
    outer loop
      vertex -1.71546 8.0282 2.2
      vertex -1.76384 7.94279 1
      vertex -1.76384 7.94279 2.2
    endloop
  endfacet
  facet normal -0.266695 0.963781 0
    outer loop
      vertex -0.48596 8.94006 1
      vertex -0.580569 8.91388 2.2
      vertex -0.48596 8.94006 2.2
    endloop
  endfacet
  facet normal -0.266695 0.963781 0
    outer loop
      vertex -0.580569 8.91388 2.2
      vertex -0.48596 8.94006 1
      vertex -0.580569 8.91388 1
    endloop
  endfacet
  facet normal -0.999699 0.0245519 0
    outer loop
      vertex -2 7 1
      vertex -1.99759 7.09813 2.2
      vertex -1.99759 7.09813 1
    endloop
  endfacet
  facet normal -0.999699 0.0245519 0
    outer loop
      vertex -1.99759 7.09813 2.2
      vertex -2 7 1
      vertex -2 7 2.2
    endloop
  endfacet
  facet normal -0.757196 0.653187 0
    outer loop
      vertex -1.54602 8.26879 1
      vertex -1.4819 8.34312 2.2
      vertex -1.4819 8.34312 1
    endloop
  endfacet
  facet normal -0.757196 0.653187 0
    outer loop
      vertex -1.4819 8.34312 2.2
      vertex -1.54602 8.26879 1
      vertex -1.54602 8.26879 2.2
    endloop
  endfacet
  facet normal -0.534989 0.844859 0
    outer loop
      vertex -1.0282 8.71546 1
      vertex -1.11114 8.66294 2.2
      vertex -1.0282 8.71546 2.2
    endloop
  endfacet
  facet normal -0.534989 0.844859 0
    outer loop
      vertex -1.11114 8.66294 2.2
      vertex -1.0282 8.71546 1
      vertex -1.11114 8.66294 1
    endloop
  endfacet
  facet normal -0.653187 -0.757196 0
    outer loop
      vertex -1.34312 5.5181 1
      vertex -1.26879 5.45398 2.2
      vertex -1.34312 5.5181 2.2
    endloop
  endfacet
  facet normal -0.653187 -0.757196 -0
    outer loop
      vertex -1.26879 5.45398 2.2
      vertex -1.34312 5.5181 1
      vertex -1.26879 5.45398 1
    endloop
  endfacet
  facet normal -0.997292 0.073549 0
    outer loop
      vertex -1.99759 7.09813 1
      vertex -1.99037 7.19603 2.2
      vertex -1.99037 7.19603 1
    endloop
  endfacet
  facet normal -0.997292 0.073549 0
    outer loop
      vertex -1.99037 7.19603 2.2
      vertex -1.99759 7.09813 1
      vertex -1.99759 7.09813 2.2
    endloop
  endfacet
  facet normal 0.3599 -0.932991 0
    outer loop
      vertex 0.673779 5.11691 1
      vertex 0.765367 5.15224 2.2
      vertex 0.673779 5.11691 2.2
    endloop
  endfacet
  facet normal 0.3599 -0.932991 0
    outer loop
      vertex 0.765367 5.15224 2.2
      vertex 0.673779 5.11691 1
      vertex 0.765367 5.15224 1
    endloop
  endfacet
  facet normal -0.313659 0.949536 0
    outer loop
      vertex -0.580569 8.91388 1
      vertex -0.673779 8.88309 2.2
      vertex -0.580569 8.91388 2.2
    endloop
  endfacet
  facet normal -0.313659 0.949536 0
    outer loop
      vertex -0.673779 8.88309 2.2
      vertex -0.580569 8.91388 1
      vertex -0.673779 8.88309 1
    endloop
  endfacet
  facet normal -0.757196 -0.653187 0
    outer loop
      vertex -1.4819 5.65688 1
      vertex -1.54602 5.73121 2.2
      vertex -1.54602 5.73121 1
    endloop
  endfacet
  facet normal -0.757196 -0.653187 0
    outer loop
      vertex -1.54602 5.73121 2.2
      vertex -1.4819 5.65688 1
      vertex -1.4819 5.65688 2.2
    endloop
  endfacet
  facet normal 0.219122 0.975698 -0
    outer loop
      vertex 0.48596 8.94006 1
      vertex 0.390181 8.96157 2.2
      vertex 0.48596 8.94006 2.2
    endloop
  endfacet
  facet normal 0.219122 0.975698 0
    outer loop
      vertex 0.390181 8.96157 2.2
      vertex 0.48596 8.94006 1
      vertex 0.390181 8.96157 1
    endloop
  endfacet
  facet normal -0.932993 0.359894 0
    outer loop
      vertex -1.88309 7.67378 1
      vertex -1.84776 7.76537 2.2
      vertex -1.84776 7.76537 1
    endloop
  endfacet
  facet normal -0.932993 0.359894 0
    outer loop
      vertex -1.84776 7.76537 2.2
      vertex -1.88309 7.67378 1
      vertex -1.88309 7.67378 2.2
    endloop
  endfacet
  facet normal -0.615259 -0.788325 0
    outer loop
      vertex -1.26879 5.45398 1
      vertex -1.1914 5.39358 2.2
      vertex -1.26879 5.45398 2.2
    endloop
  endfacet
  facet normal -0.615259 -0.788325 -0
    outer loop
      vertex -1.1914 5.39358 2.2
      vertex -1.26879 5.45398 1
      vertex -1.1914 5.39358 1
    endloop
  endfacet
  facet normal -0.949536 -0.313659 0
    outer loop
      vertex -1.88309 6.32622 1
      vertex -1.91388 6.41943 2.2
      vertex -1.91388 6.41943 1
    endloop
  endfacet
  facet normal -0.949536 -0.313659 0
    outer loop
      vertex -1.91388 6.41943 2.2
      vertex -1.88309 6.32622 1
      vertex -1.88309 6.32622 2.2
    endloop
  endfacet
  facet normal 0.914206 -0.40525 0
    outer loop
      vertex 1.80798 6.14489 2.2
      vertex 1.84776 6.23463 1
      vertex 1.84776 6.23463 2.2
    endloop
  endfacet
  facet normal 0.914206 -0.40525 0
    outer loop
      vertex 1.84776 6.23463 1
      vertex 1.80798 6.14489 2.2
      vertex 1.80798 6.14489 1
    endloop
  endfacet
  facet normal 0.932993 -0.359894 0
    outer loop
      vertex 1.84776 6.23463 2.2
      vertex 1.88309 6.32622 1
      vertex 1.88309 6.32622 2.2
    endloop
  endfacet
  facet normal 0.932993 -0.359894 0
    outer loop
      vertex 1.88309 6.32622 1
      vertex 1.84776 6.23463 2.2
      vertex 1.84776 6.23463 1
    endloop
  endfacet
  facet normal -0.914206 0.40525 0
    outer loop
      vertex -1.84776 7.76537 1
      vertex -1.80798 7.85511 2.2
      vertex -1.80798 7.85511 1
    endloop
  endfacet
  facet normal -0.914206 0.40525 0
    outer loop
      vertex -1.80798 7.85511 2.2
      vertex -1.84776 7.76537 1
      vertex -1.84776 7.76537 2.2
    endloop
  endfacet
  facet normal -0.893201 -0.449657 0
    outer loop
      vertex -1.76384 6.05721 1
      vertex -1.80798 6.14489 2.2
      vertex -1.80798 6.14489 1
    endloop
  endfacet
  facet normal -0.893201 -0.449657 0
    outer loop
      vertex -1.80798 6.14489 2.2
      vertex -1.76384 6.05721 1
      vertex -1.76384 6.05721 2.2
    endloop
  endfacet
  facet normal -0.492879 -0.870098 0
    outer loop
      vertex -1.0282 5.28454 1
      vertex -0.942793 5.23616 2.2
      vertex -1.0282 5.28454 2.2
    endloop
  endfacet
  facet normal -0.492879 -0.870098 -0
    outer loop
      vertex -0.942793 5.23616 2.2
      vertex -1.0282 5.28454 1
      vertex -0.942793 5.23616 1
    endloop
  endfacet
  facet normal -0.449645 0.893208 0
    outer loop
      vertex -0.85511 8.80798 1
      vertex -0.942793 8.76384 2.2
      vertex -0.85511 8.80798 2.2
    endloop
  endfacet
  facet normal -0.449645 0.893208 0
    outer loop
      vertex -0.942793 8.76384 2.2
      vertex -0.85511 8.80798 1
      vertex -0.942793 8.76384 1
    endloop
  endfacet
  facet normal -0.87013 -0.492822 0
    outer loop
      vertex -1.71546 5.97179 1
      vertex -1.76384 6.05721 2.2
      vertex -1.76384 6.05721 1
    endloop
  endfacet
  facet normal -0.87013 -0.492822 0
    outer loop
      vertex -1.76384 6.05721 2.2
      vertex -1.71546 5.97179 1
      vertex -1.71546 5.97179 2.2
    endloop
  endfacet
  facet normal 0.997291 0.0735565 0
    outer loop
      vertex 1.99759 -6.90186 2.2
      vertex 1.99037 -6.80397 1
      vertex 1.99037 -6.80397 2.2
    endloop
  endfacet
  facet normal 0.997291 0.0735565 0
    outer loop
      vertex 1.99037 -6.80397 1
      vertex 1.99759 -6.90186 2.2
      vertex 1.99759 -6.90186 1
    endloop
  endfacet
  facet normal 0.999699 0.0245494 0
    outer loop
      vertex 2 -7 2.2
      vertex 1.99759 -6.90186 1
      vertex 1.99759 -6.90186 2.2
    endloop
  endfacet
  facet normal 0.999699 0.0245494 0
    outer loop
      vertex 1.99759 -6.90186 1
      vertex 2 -7 2.2
      vertex 2 -7 1
    endloop
  endfacet
  facet normal 0.992476 0.122442 0
    outer loop
      vertex 1.99037 -6.80397 2.2
      vertex 1.97835 -6.70654 1
      vertex 1.97835 -6.70654 2.2
    endloop
  endfacet
  facet normal 0.992476 0.122442 0
    outer loop
      vertex 1.97835 -6.70654 1
      vertex 1.99037 -6.80397 2.2
      vertex 1.99037 -6.80397 1
    endloop
  endfacet
  facet normal -0.788375 0.615195 0
    outer loop
      vertex -1.60641 -5.8086 1
      vertex -1.54602 -5.73121 2.2
      vertex -1.54602 -5.73121 1
    endloop
  endfacet
  facet normal -0.788375 0.615195 0
    outer loop
      vertex -1.54602 -5.73121 2.2
      vertex -1.60641 -5.8086 1
      vertex -1.60641 -5.8086 2.2
    endloop
  endfacet
  facet normal 0.0735505 -0.997291 0
    outer loop
      vertex 0.098135 -8.99759 1
      vertex 0.196033 -8.99037 2.2
      vertex 0.098135 -8.99759 2.2
    endloop
  endfacet
  facet normal 0.0735505 -0.997291 0
    outer loop
      vertex 0.196033 -8.99037 2.2
      vertex 0.098135 -8.99759 1
      vertex 0.196033 -8.99037 1
    endloop
  endfacet
  facet normal -0.757196 -0.653187 0
    outer loop
      vertex -1.4819 -8.34312 1
      vertex -1.54602 -8.26879 2.2
      vertex -1.54602 -8.26879 1
    endloop
  endfacet
  facet normal -0.757196 -0.653187 0
    outer loop
      vertex -1.54602 -8.26879 2.2
      vertex -1.4819 -8.34312 1
      vertex -1.4819 -8.34312 2.2
    endloop
  endfacet
  facet normal 0.653187 0.757196 -0
    outer loop
      vertex 1.34312 -5.5181 1
      vertex 1.26879 -5.45398 2.2
      vertex 1.34312 -5.5181 2.2
    endloop
  endfacet
  facet normal 0.653187 0.757196 0
    outer loop
      vertex 1.26879 -5.45398 2.2
      vertex 1.34312 -5.5181 1
      vertex 1.26879 -5.45398 1
    endloop
  endfacet
  facet normal 0.788375 -0.615195 0
    outer loop
      vertex 1.54602 -8.26879 2.2
      vertex 1.60641 -8.1914 1
      vertex 1.60641 -8.1914 2.2
    endloop
  endfacet
  facet normal 0.788375 -0.615195 0
    outer loop
      vertex 1.60641 -8.1914 1
      vertex 1.54602 -8.26879 2.2
      vertex 1.54602 -8.26879 1
    endloop
  endfacet
  facet normal 0.266695 -0.963781 0
    outer loop
      vertex 0.48596 -8.94006 1
      vertex 0.580569 -8.91388 2.2
      vertex 0.48596 -8.94006 2.2
    endloop
  endfacet
  facet normal 0.266695 -0.963781 0
    outer loop
      vertex 0.580569 -8.91388 2.2
      vertex 0.48596 -8.94006 1
      vertex 0.580569 -8.91388 1
    endloop
  endfacet
  facet normal 0.615195 -0.788375 0
    outer loop
      vertex 1.1914 -8.60641 1
      vertex 1.26879 -8.54602 2.2
      vertex 1.1914 -8.60641 2.2
    endloop
  endfacet
  facet normal 0.615195 -0.788375 0
    outer loop
      vertex 1.26879 -8.54602 2.2
      vertex 1.1914 -8.60641 1
      vertex 1.26879 -8.54602 1
    endloop
  endfacet
  facet normal -0.84483 0.535035 0
    outer loop
      vertex -1.71546 -5.97179 1
      vertex -1.66294 -5.88886 2.2
      vertex -1.66294 -5.88886 1
    endloop
  endfacet
  facet normal -0.84483 0.535035 0
    outer loop
      vertex -1.66294 -5.88886 2.2
      vertex -1.71546 -5.97179 1
      vertex -1.71546 -5.97179 2.2
    endloop
  endfacet
  facet normal 0 0 1
    outer loop
      vertex 1.99759 -6.90186 2.2
      vertex 1.99759 -7.09813 2.2
      vertex 2 -7 2.2
    endloop
  endfacet
  facet normal 0 0 1
    outer loop
      vertex 1.99037 -6.80397 2.2
      vertex 1.99759 -7.09813 2.2
      vertex 1.99759 -6.90186 2.2
    endloop
  endfacet
  facet normal 0 0 1
    outer loop
      vertex 1.99037 -6.80397 2.2
      vertex 1.99037 -7.19603 2.2
      vertex 1.99759 -7.09813 2.2
    endloop
  endfacet
  facet normal 0 0 1
    outer loop
      vertex 1.97835 -6.70654 2.2
      vertex 1.99037 -7.19603 2.2
      vertex 1.99037 -6.80397 2.2
    endloop
  endfacet
  facet normal 0 0 1
    outer loop
      vertex 1.97835 -6.70654 2.2
      vertex 1.97835 -7.29346 2.2
      vertex 1.99037 -7.19603 2.2
    endloop
  endfacet
  facet normal 0 0 1
    outer loop
      vertex 1.96157 -6.60982 2.2
      vertex 1.97835 -7.29346 2.2
      vertex 1.97835 -6.70654 2.2
    endloop
  endfacet
  facet normal 0 0 1
    outer loop
      vertex 1.96157 -6.60982 2.2
      vertex 1.96157 -7.39018 2.2
      vertex 1.97835 -7.29346 2.2
    endloop
  endfacet
  facet normal 0 0 1
    outer loop
      vertex 1.94006 -6.51404 2.2
      vertex 1.96157 -7.39018 2.2
      vertex 1.96157 -6.60982 2.2
    endloop
  endfacet
  facet normal 0 0 1
    outer loop
      vertex 1.94006 -6.51404 2.2
      vertex 1.94006 -7.48596 2.2
      vertex 1.96157 -7.39018 2.2
    endloop
  endfacet
  facet normal 0 0 1
    outer loop
      vertex 1.91388 -6.41943 2.2
      vertex 1.94006 -7.48596 2.2
      vertex 1.94006 -6.51404 2.2
    endloop
  endfacet
  facet normal 0 0 1
    outer loop
      vertex 1.91388 -6.41943 2.2
      vertex 1.91388 -7.58057 2.2
      vertex 1.94006 -7.48596 2.2
    endloop
  endfacet
  facet normal 0 0 1
    outer loop
      vertex 1.88309 -6.32622 2.2
      vertex 1.91388 -7.58057 2.2
      vertex 1.91388 -6.41943 2.2
    endloop
  endfacet
  facet normal 0 0 1
    outer loop
      vertex 1.88309 -6.32622 2.2
      vertex 1.88309 -7.67378 2.2
      vertex 1.91388 -7.58057 2.2
    endloop
  endfacet
  facet normal 0 0 1
    outer loop
      vertex 1.84776 -6.23463 2.2
      vertex 1.88309 -7.67378 2.2
      vertex 1.88309 -6.32622 2.2
    endloop
  endfacet
  facet normal 0 0 1
    outer loop
      vertex 1.84776 -6.23463 2.2
      vertex 1.84776 -7.76537 2.2
      vertex 1.88309 -7.67378 2.2
    endloop
  endfacet
  facet normal 0 0 1
    outer loop
      vertex 1.80798 -6.14489 2.2
      vertex 1.84776 -7.76537 2.2
      vertex 1.84776 -6.23463 2.2
    endloop
  endfacet
  facet normal 0 0 1
    outer loop
      vertex 1.80798 -6.14489 2.2
      vertex 1.80798 -7.85511 2.2
      vertex 1.84776 -7.76537 2.2
    endloop
  endfacet
  facet normal 0 0 1
    outer loop
      vertex 1.76384 -6.05721 2.2
      vertex 1.80798 -7.85511 2.2
      vertex 1.80798 -6.14489 2.2
    endloop
  endfacet
  facet normal 0 0 1
    outer loop
      vertex 1.76384 -6.05721 2.2
      vertex 1.76384 -7.94279 2.2
      vertex 1.80798 -7.85511 2.2
    endloop
  endfacet
  facet normal 0 0 1
    outer loop
      vertex 1.71546 -5.97179 2.2
      vertex 1.76384 -7.94279 2.2
      vertex 1.76384 -6.05721 2.2
    endloop
  endfacet
  facet normal 0 0 1
    outer loop
      vertex 1.71546 -5.97179 2.2
      vertex 1.71546 -8.0282 2.2
      vertex 1.76384 -7.94279 2.2
    endloop
  endfacet
  facet normal 0 0 1
    outer loop
      vertex 1.66294 -5.88886 2.2
      vertex 1.71546 -8.0282 2.2
      vertex 1.71546 -5.97179 2.2
    endloop
  endfacet
  facet normal 0 0 1
    outer loop
      vertex 1.66294 -5.88886 2.2
      vertex 1.66294 -8.11114 2.2
      vertex 1.71546 -8.0282 2.2
    endloop
  endfacet
  facet normal 0 0 1
    outer loop
      vertex 1.60641 -5.8086 2.2
      vertex 1.66294 -8.11114 2.2
      vertex 1.66294 -5.88886 2.2
    endloop
  endfacet
  facet normal 0 0 1
    outer loop
      vertex 1.60641 -5.8086 2.2
      vertex 1.60641 -8.1914 2.2
      vertex 1.66294 -8.11114 2.2
    endloop
  endfacet
  facet normal 0 0 1
    outer loop
      vertex 1.54602 -5.73121 2.2
      vertex 1.60641 -8.1914 2.2
      vertex 1.60641 -5.8086 2.2
    endloop
  endfacet
  facet normal 0 0 1
    outer loop
      vertex 1.54602 -5.73121 2.2
      vertex 1.54602 -8.26879 2.2
      vertex 1.60641 -8.1914 2.2
    endloop
  endfacet
  facet normal 0 0 1
    outer loop
      vertex 1.4819 -5.65688 2.2
      vertex 1.54602 -8.26879 2.2
      vertex 1.54602 -5.73121 2.2
    endloop
  endfacet
  facet normal 0 0 1
    outer loop
      vertex 1.4819 -5.65688 2.2
      vertex 1.4819 -8.34312 2.2
      vertex 1.54602 -8.26879 2.2
    endloop
  endfacet
  facet normal 0 0 1
    outer loop
      vertex 1.41421 -5.58579 2.2
      vertex 1.4819 -8.34312 2.2
      vertex 1.4819 -5.65688 2.2
    endloop
  endfacet
  facet normal 0 0 1
    outer loop
      vertex 1.41421 -5.58579 2.2
      vertex 1.41421 -8.41421 2.2
      vertex 1.4819 -8.34312 2.2
    endloop
  endfacet
  facet normal 0 0 1
    outer loop
      vertex 1.34312 -5.5181 2.2
      vertex 1.41421 -8.41421 2.2
      vertex 1.41421 -5.58579 2.2
    endloop
  endfacet
  facet normal 0 0 1
    outer loop
      vertex 1.34312 -5.5181 2.2
      vertex 1.34312 -8.4819 2.2
      vertex 1.41421 -8.41421 2.2
    endloop
  endfacet
  facet normal 0 0 1
    outer loop
      vertex 1.26879 -5.45398 2.2
      vertex 1.34312 -8.4819 2.2
      vertex 1.34312 -5.5181 2.2
    endloop
  endfacet
  facet normal 0 0 1
    outer loop
      vertex 1.26879 -5.45398 2.2
      vertex 1.26879 -8.54602 2.2
      vertex 1.34312 -8.4819 2.2
    endloop
  endfacet
  facet normal 0 0 1
    outer loop
      vertex 1.1914 -5.39358 2.2
      vertex 1.26879 -8.54602 2.2
      vertex 1.26879 -5.45398 2.2
    endloop
  endfacet
  facet normal 0 0 1
    outer loop
      vertex 1.1914 -5.39358 2.2
      vertex 1.1914 -8.60641 2.2
      vertex 1.26879 -8.54602 2.2
    endloop
  endfacet
  facet normal 0 0 1
    outer loop
      vertex 1.11114 -5.33706 2.2
      vertex 1.1914 -8.60641 2.2
      vertex 1.1914 -5.39358 2.2
    endloop
  endfacet
  facet normal 0 0 1
    outer loop
      vertex 1.11114 -5.33706 2.2
      vertex 1.11114 -8.66294 2.2
      vertex 1.1914 -8.60641 2.2
    endloop
  endfacet
  facet normal 0 0 1
    outer loop
      vertex 1.0282 -5.28454 2.2
      vertex 1.11114 -8.66294 2.2
      vertex 1.11114 -5.33706 2.2
    endloop
  endfacet
  facet normal 0 0 1
    outer loop
      vertex 1.0282 -5.28454 2.2
      vertex 1.0282 -8.71546 2.2
      vertex 1.11114 -8.66294 2.2
    endloop
  endfacet
  facet normal 0 0 1
    outer loop
      vertex 0.942793 -5.23616 2.2
      vertex 1.0282 -8.71546 2.2
      vertex 1.0282 -5.28454 2.2
    endloop
  endfacet
  facet normal 0 0 1
    outer loop
      vertex 0.942793 -5.23616 2.2
      vertex 0.942793 -8.76384 2.2
      vertex 1.0282 -8.71546 2.2
    endloop
  endfacet
  facet normal 0 0 1
    outer loop
      vertex 0.85511 -5.19202 2.2
      vertex 0.942793 -8.76384 2.2
      vertex 0.942793 -5.23616 2.2
    endloop
  endfacet
  facet normal 0 0 1
    outer loop
      vertex 0.85511 -5.19202 2.2
      vertex 0.85511 -8.80798 2.2
      vertex 0.942793 -8.76384 2.2
    endloop
  endfacet
  facet normal 0 0 1
    outer loop
      vertex 0.765367 -5.15224 2.2
      vertex 0.85511 -8.80798 2.2
      vertex 0.85511 -5.19202 2.2
    endloop
  endfacet
  facet normal 0 0 1
    outer loop
      vertex 0.765367 -5.15224 2.2
      vertex 0.765367 -8.84776 2.2
      vertex 0.85511 -8.80798 2.2
    endloop
  endfacet
  facet normal 0 0 1
    outer loop
      vertex 0.673779 -5.11691 2.2
      vertex 0.765367 -8.84776 2.2
      vertex 0.765367 -5.15224 2.2
    endloop
  endfacet
  facet normal 0 0 1
    outer loop
      vertex 0.673779 -5.11691 2.2
      vertex 0.673779 -8.88309 2.2
      vertex 0.765367 -8.84776 2.2
    endloop
  endfacet
  facet normal 0 0 1
    outer loop
      vertex 0.580569 -5.08612 2.2
      vertex 0.673779 -8.88309 2.2
      vertex 0.673779 -5.11691 2.2
    endloop
  endfacet
  facet normal 0 0 1
    outer loop
      vertex 0.580569 -5.08612 2.2
      vertex 0.580569 -8.91388 2.2
      vertex 0.673779 -8.88309 2.2
    endloop
  endfacet
  facet normal 0 0 1
    outer loop
      vertex 0.48596 -5.05994 2.2
      vertex 0.580569 -8.91388 2.2
      vertex 0.580569 -5.08612 2.2
    endloop
  endfacet
  facet normal 0 0 1
    outer loop
      vertex 0.48596 -5.05994 2.2
      vertex 0.48596 -8.94006 2.2
      vertex 0.580569 -8.91388 2.2
    endloop
  endfacet
  facet normal 0 0 1
    outer loop
      vertex 0.390181 -5.03843 2.2
      vertex 0.48596 -8.94006 2.2
      vertex 0.48596 -5.05994 2.2
    endloop
  endfacet
  facet normal 0 0 1
    outer loop
      vertex 0.390181 -5.03843 2.2
      vertex 0.390181 -8.96157 2.2
      vertex 0.48596 -8.94006 2.2
    endloop
  endfacet
  facet normal 0 0 1
    outer loop
      vertex 0.293461 -5.02165 2.2
      vertex 0.390181 -8.96157 2.2
      vertex 0.390181 -5.03843 2.2
    endloop
  endfacet
  facet normal 0 0 1
    outer loop
      vertex 0.293461 -5.02165 2.2
      vertex 0.293461 -8.97835 2.2
      vertex 0.390181 -8.96157 2.2
    endloop
  endfacet
  facet normal 0 0 1
    outer loop
      vertex 0.196033 -5.00963 2.2
      vertex 0.293461 -8.97835 2.2
      vertex 0.293461 -5.02165 2.2
    endloop
  endfacet
  facet normal 0 0 1
    outer loop
      vertex 0.196033 -5.00963 2.2
      vertex 0.196033 -8.99037 2.2
      vertex 0.293461 -8.97835 2.2
    endloop
  endfacet
  facet normal 0 0 1
    outer loop
      vertex 0.098135 -5.00241 2.2
      vertex 0.196033 -8.99037 2.2
      vertex 0.196033 -5.00963 2.2
    endloop
  endfacet
  facet normal 0 0 1
    outer loop
      vertex 0.098135 -5.00241 2.2
      vertex 0.098135 -8.99759 2.2
      vertex 0.196033 -8.99037 2.2
    endloop
  endfacet
  facet normal 0 0 1
    outer loop
      vertex 0 -5 2.2
      vertex 0.098135 -8.99759 2.2
      vertex 0.098135 -5.00241 2.2
    endloop
  endfacet
  facet normal 0 0 1
    outer loop
      vertex 0 -5 2.2
      vertex 0 -9 2.2
      vertex 0.098135 -8.99759 2.2
    endloop
  endfacet
  facet normal -0 0 1
    outer loop
      vertex -0.098135 -5.00241 2.2
      vertex 0 -9 2.2
      vertex 0 -5 2.2
    endloop
  endfacet
  facet normal 0 0 1
    outer loop
      vertex -0.098135 -5.00241 2.2
      vertex -0.098135 -8.99759 2.2
      vertex 0 -9 2.2
    endloop
  endfacet
  facet normal -0 0 1
    outer loop
      vertex -0.196033 -5.00963 2.2
      vertex -0.098135 -8.99759 2.2
      vertex -0.098135 -5.00241 2.2
    endloop
  endfacet
  facet normal 0 0 1
    outer loop
      vertex -0.196033 -5.00963 2.2
      vertex -0.196033 -8.99037 2.2
      vertex -0.098135 -8.99759 2.2
    endloop
  endfacet
  facet normal -0 0 1
    outer loop
      vertex -0.293461 -5.02165 2.2
      vertex -0.196033 -8.99037 2.2
      vertex -0.196033 -5.00963 2.2
    endloop
  endfacet
  facet normal 0 0 1
    outer loop
      vertex -0.293461 -5.02165 2.2
      vertex -0.293461 -8.97835 2.2
      vertex -0.196033 -8.99037 2.2
    endloop
  endfacet
  facet normal -0 0 1
    outer loop
      vertex -0.390181 -5.03843 2.2
      vertex -0.293461 -8.97835 2.2
      vertex -0.293461 -5.02165 2.2
    endloop
  endfacet
  facet normal 0 0 1
    outer loop
      vertex -0.390181 -5.03843 2.2
      vertex -0.390181 -8.96157 2.2
      vertex -0.293461 -8.97835 2.2
    endloop
  endfacet
  facet normal -0 0 1
    outer loop
      vertex -0.48596 -5.05994 2.2
      vertex -0.390181 -8.96157 2.2
      vertex -0.390181 -5.03843 2.2
    endloop
  endfacet
  facet normal 0 0 1
    outer loop
      vertex -0.48596 -5.05994 2.2
      vertex -0.48596 -8.94006 2.2
      vertex -0.390181 -8.96157 2.2
    endloop
  endfacet
  facet normal -0 0 1
    outer loop
      vertex -0.580569 -5.08612 2.2
      vertex -0.48596 -8.94006 2.2
      vertex -0.48596 -5.05994 2.2
    endloop
  endfacet
  facet normal 0 0 1
    outer loop
      vertex -0.580569 -5.08612 2.2
      vertex -0.580569 -8.91388 2.2
      vertex -0.48596 -8.94006 2.2
    endloop
  endfacet
  facet normal -0 0 1
    outer loop
      vertex -0.673779 -5.11691 2.2
      vertex -0.580569 -8.91388 2.2
      vertex -0.580569 -5.08612 2.2
    endloop
  endfacet
  facet normal 0 0 1
    outer loop
      vertex -0.673779 -5.11691 2.2
      vertex -0.673779 -8.88309 2.2
      vertex -0.580569 -8.91388 2.2
    endloop
  endfacet
  facet normal -0 0 1
    outer loop
      vertex -0.765367 -5.15224 2.2
      vertex -0.673779 -8.88309 2.2
      vertex -0.673779 -5.11691 2.2
    endloop
  endfacet
  facet normal 0 0 1
    outer loop
      vertex -0.765367 -5.15224 2.2
      vertex -0.765367 -8.84776 2.2
      vertex -0.673779 -8.88309 2.2
    endloop
  endfacet
  facet normal -0 0 1
    outer loop
      vertex -0.85511 -5.19202 2.2
      vertex -0.765367 -8.84776 2.2
      vertex -0.765367 -5.15224 2.2
    endloop
  endfacet
  facet normal 0 0 1
    outer loop
      vertex -0.85511 -5.19202 2.2
      vertex -0.85511 -8.80798 2.2
      vertex -0.765367 -8.84776 2.2
    endloop
  endfacet
  facet normal -0 0 1
    outer loop
      vertex -0.942793 -5.23616 2.2
      vertex -0.85511 -8.80798 2.2
      vertex -0.85511 -5.19202 2.2
    endloop
  endfacet
  facet normal 0 0 1
    outer loop
      vertex -0.942793 -5.23616 2.2
      vertex -0.942793 -8.76384 2.2
      vertex -0.85511 -8.80798 2.2
    endloop
  endfacet
  facet normal -0 0 1
    outer loop
      vertex -1.0282 -5.28454 2.2
      vertex -0.942793 -8.76384 2.2
      vertex -0.942793 -5.23616 2.2
    endloop
  endfacet
  facet normal 0 0 1
    outer loop
      vertex -1.0282 -5.28454 2.2
      vertex -1.0282 -8.71546 2.2
      vertex -0.942793 -8.76384 2.2
    endloop
  endfacet
  facet normal -0 0 1
    outer loop
      vertex -1.11114 -5.33706 2.2
      vertex -1.0282 -8.71546 2.2
      vertex -1.0282 -5.28454 2.2
    endloop
  endfacet
  facet normal 0 0 1
    outer loop
      vertex -1.11114 -5.33706 2.2
      vertex -1.11114 -8.66294 2.2
      vertex -1.0282 -8.71546 2.2
    endloop
  endfacet
  facet normal -0 0 1
    outer loop
      vertex -1.1914 -5.39358 2.2
      vertex -1.11114 -8.66294 2.2
      vertex -1.11114 -5.33706 2.2
    endloop
  endfacet
  facet normal 0 0 1
    outer loop
      vertex -1.1914 -5.39358 2.2
      vertex -1.1914 -8.60641 2.2
      vertex -1.11114 -8.66294 2.2
    endloop
  endfacet
  facet normal -0 0 1
    outer loop
      vertex -1.26879 -5.45398 2.2
      vertex -1.1914 -8.60641 2.2
      vertex -1.1914 -5.39358 2.2
    endloop
  endfacet
  facet normal 0 0 1
    outer loop
      vertex -1.26879 -5.45398 2.2
      vertex -1.26879 -8.54602 2.2
      vertex -1.1914 -8.60641 2.2
    endloop
  endfacet
  facet normal -0 0 1
    outer loop
      vertex -1.34312 -5.5181 2.2
      vertex -1.26879 -8.54602 2.2
      vertex -1.26879 -5.45398 2.2
    endloop
  endfacet
  facet normal 0 0 1
    outer loop
      vertex -1.34312 -5.5181 2.2
      vertex -1.34312 -8.4819 2.2
      vertex -1.26879 -8.54602 2.2
    endloop
  endfacet
  facet normal -0 0 1
    outer loop
      vertex -1.41421 -5.58579 2.2
      vertex -1.34312 -8.4819 2.2
      vertex -1.34312 -5.5181 2.2
    endloop
  endfacet
  facet normal 0 0 1
    outer loop
      vertex -1.41421 -5.58579 2.2
      vertex -1.41421 -8.41421 2.2
      vertex -1.34312 -8.4819 2.2
    endloop
  endfacet
  facet normal -0 0 1
    outer loop
      vertex -1.4819 -5.65688 2.2
      vertex -1.41421 -8.41421 2.2
      vertex -1.41421 -5.58579 2.2
    endloop
  endfacet
  facet normal 0 0 1
    outer loop
      vertex -1.4819 -5.65688 2.2
      vertex -1.4819 -8.34312 2.2
      vertex -1.41421 -8.41421 2.2
    endloop
  endfacet
  facet normal -0 0 1
    outer loop
      vertex -1.54602 -5.73121 2.2
      vertex -1.4819 -8.34312 2.2
      vertex -1.4819 -5.65688 2.2
    endloop
  endfacet
  facet normal 0 0 1
    outer loop
      vertex -1.54602 -5.73121 2.2
      vertex -1.54602 -8.26879 2.2
      vertex -1.4819 -8.34312 2.2
    endloop
  endfacet
  facet normal -0 0 1
    outer loop
      vertex -1.60641 -5.8086 2.2
      vertex -1.54602 -8.26879 2.2
      vertex -1.54602 -5.73121 2.2
    endloop
  endfacet
  facet normal 0 0 1
    outer loop
      vertex -1.60641 -5.8086 2.2
      vertex -1.60641 -8.1914 2.2
      vertex -1.54602 -8.26879 2.2
    endloop
  endfacet
  facet normal -0 0 1
    outer loop
      vertex -1.66294 -5.88886 2.2
      vertex -1.60641 -8.1914 2.2
      vertex -1.60641 -5.8086 2.2
    endloop
  endfacet
  facet normal 0 0 1
    outer loop
      vertex -1.66294 -5.88886 2.2
      vertex -1.66294 -8.11114 2.2
      vertex -1.60641 -8.1914 2.2
    endloop
  endfacet
  facet normal -0 0 1
    outer loop
      vertex -1.71546 -5.97179 2.2
      vertex -1.66294 -8.11114 2.2
      vertex -1.66294 -5.88886 2.2
    endloop
  endfacet
  facet normal 0 0 1
    outer loop
      vertex -1.71546 -5.97179 2.2
      vertex -1.71546 -8.0282 2.2
      vertex -1.66294 -8.11114 2.2
    endloop
  endfacet
  facet normal -0 0 1
    outer loop
      vertex -1.76384 -6.05721 2.2
      vertex -1.71546 -8.0282 2.2
      vertex -1.71546 -5.97179 2.2
    endloop
  endfacet
  facet normal 0 0 1
    outer loop
      vertex -1.76384 -6.05721 2.2
      vertex -1.76384 -7.94279 2.2
      vertex -1.71546 -8.0282 2.2
    endloop
  endfacet
  facet normal -0 0 1
    outer loop
      vertex -1.80798 -6.14489 2.2
      vertex -1.76384 -7.94279 2.2
      vertex -1.76384 -6.05721 2.2
    endloop
  endfacet
  facet normal 0 0 1
    outer loop
      vertex -1.80798 -6.14489 2.2
      vertex -1.80798 -7.85511 2.2
      vertex -1.76384 -7.94279 2.2
    endloop
  endfacet
  facet normal -0 0 1
    outer loop
      vertex -1.84776 -6.23463 2.2
      vertex -1.80798 -7.85511 2.2
      vertex -1.80798 -6.14489 2.2
    endloop
  endfacet
  facet normal 0 0 1
    outer loop
      vertex -1.84776 -6.23463 2.2
      vertex -1.84776 -7.76537 2.2
      vertex -1.80798 -7.85511 2.2
    endloop
  endfacet
  facet normal -0 0 1
    outer loop
      vertex -1.88309 -6.32622 2.2
      vertex -1.84776 -7.76537 2.2
      vertex -1.84776 -6.23463 2.2
    endloop
  endfacet
  facet normal 0 0 1
    outer loop
      vertex -1.88309 -6.32622 2.2
      vertex -1.88309 -7.67378 2.2
      vertex -1.84776 -7.76537 2.2
    endloop
  endfacet
  facet normal -0 0 1
    outer loop
      vertex -1.91388 -6.41943 2.2
      vertex -1.88309 -7.67378 2.2
      vertex -1.88309 -6.32622 2.2
    endloop
  endfacet
  facet normal 0 0 1
    outer loop
      vertex -1.91388 -6.41943 2.2
      vertex -1.91388 -7.58057 2.2
      vertex -1.88309 -7.67378 2.2
    endloop
  endfacet
  facet normal -0 0 1
    outer loop
      vertex -1.94006 -6.51404 2.2
      vertex -1.91388 -7.58057 2.2
      vertex -1.91388 -6.41943 2.2
    endloop
  endfacet
  facet normal 0 0 1
    outer loop
      vertex -1.94006 -6.51404 2.2
      vertex -1.94006 -7.48596 2.2
      vertex -1.91388 -7.58057 2.2
    endloop
  endfacet
  facet normal -0 0 1
    outer loop
      vertex -1.96157 -6.60982 2.2
      vertex -1.94006 -7.48596 2.2
      vertex -1.94006 -6.51404 2.2
    endloop
  endfacet
  facet normal 0 0 1
    outer loop
      vertex -1.96157 -6.60982 2.2
      vertex -1.96157 -7.39018 2.2
      vertex -1.94006 -7.48596 2.2
    endloop
  endfacet
  facet normal -0 0 1
    outer loop
      vertex -1.97835 -6.70654 2.2
      vertex -1.96157 -7.39018 2.2
      vertex -1.96157 -6.60982 2.2
    endloop
  endfacet
  facet normal 0 0 1
    outer loop
      vertex -1.97835 -6.70654 2.2
      vertex -1.97835 -7.29346 2.2
      vertex -1.96157 -7.39018 2.2
    endloop
  endfacet
  facet normal -0 0 1
    outer loop
      vertex -1.99037 -6.80397 2.2
      vertex -1.97835 -7.29346 2.2
      vertex -1.97835 -6.70654 2.2
    endloop
  endfacet
  facet normal 0 0 1
    outer loop
      vertex -1.99037 -6.80397 2.2
      vertex -1.99037 -7.19603 2.2
      vertex -1.97835 -7.29346 2.2
    endloop
  endfacet
  facet normal -0 0 1
    outer loop
      vertex -1.99759 -6.90186 2.2
      vertex -1.99037 -7.19603 2.2
      vertex -1.99037 -6.80397 2.2
    endloop
  endfacet
  facet normal 0 0 1
    outer loop
      vertex -1.99759 -6.90186 2.2
      vertex -1.99759 -7.09813 2.2
      vertex -1.99037 -7.19603 2.2
    endloop
  endfacet
  facet normal 0 -0 1
    outer loop
      vertex -1.99759 -7.09813 2.2
      vertex -1.99759 -6.90186 2.2
      vertex -2 -7 2.2
    endloop
  endfacet
  facet normal 0.975698 -0.219119 0
    outer loop
      vertex 1.94006 -7.48596 2.2
      vertex 1.96157 -7.39018 1
      vertex 1.96157 -7.39018 2.2
    endloop
  endfacet
  facet normal 0.975698 -0.219119 0
    outer loop
      vertex 1.96157 -7.39018 1
      vertex 1.94006 -7.48596 2.2
      vertex 1.94006 -7.48596 1
    endloop
  endfacet
  facet normal 0.997292 -0.073549 0
    outer loop
      vertex 1.99037 -7.19603 2.2
      vertex 1.99759 -7.09813 1
      vertex 1.99759 -7.09813 2.2
    endloop
  endfacet
  facet normal 0.997292 -0.073549 0
    outer loop
      vertex 1.99759 -7.09813 1
      vertex 1.99037 -7.19603 2.2
      vertex 1.99037 -7.19603 1
    endloop
  endfacet
  facet normal 0.949536 0.313659 0
    outer loop
      vertex 1.91388 -6.41943 2.2
      vertex 1.88309 -6.32622 1
      vertex 1.88309 -6.32622 2.2
    endloop
  endfacet
  facet normal 0.949536 0.313659 0
    outer loop
      vertex 1.88309 -6.32622 1
      vertex 1.91388 -6.41943 2.2
      vertex 1.91388 -6.41943 1
    endloop
  endfacet
  facet normal 0.0245506 -0.999699 0
    outer loop
      vertex 0 -9 1
      vertex 0.098135 -8.99759 2.2
      vertex 0 -9 2.2
    endloop
  endfacet
  facet normal 0.0245506 -0.999699 0
    outer loop
      vertex 0.098135 -8.99759 2.2
      vertex 0 -9 1
      vertex 0.098135 -8.99759 1
    endloop
  endfacet
  facet normal 0.893201 -0.449657 0
    outer loop
      vertex 1.76384 -7.94279 2.2
      vertex 1.80798 -7.85511 1
      vertex 1.80798 -7.85511 2.2
    endloop
  endfacet
  facet normal 0.893201 -0.449657 0
    outer loop
      vertex 1.80798 -7.85511 1
      vertex 1.76384 -7.94279 2.2
      vertex 1.76384 -7.94279 1
    endloop
  endfacet
  facet normal -0.219122 0.975698 0
    outer loop
      vertex -0.390181 -5.03843 1
      vertex -0.48596 -5.05994 2.2
      vertex -0.390181 -5.03843 2.2
    endloop
  endfacet
  facet normal -0.219122 0.975698 0
    outer loop
      vertex -0.48596 -5.05994 2.2
      vertex -0.390181 -5.03843 1
      vertex -0.48596 -5.05994 1
    endloop
  endfacet
  facet normal -0.975698 -0.219119 0
    outer loop
      vertex -1.94006 -7.48596 1
      vertex -1.96157 -7.39018 2.2
      vertex -1.96157 -7.39018 1
    endloop
  endfacet
  facet normal -0.975698 -0.219119 0
    outer loop
      vertex -1.96157 -7.39018 2.2
      vertex -1.94006 -7.48596 1
      vertex -1.94006 -7.48596 2.2
    endloop
  endfacet
  facet normal 0.87013 0.492822 0
    outer loop
      vertex 1.76384 -6.05721 2.2
      vertex 1.71546 -5.97179 1
      vertex 1.71546 -5.97179 2.2
    endloop
  endfacet
  facet normal 0.87013 0.492822 0
    outer loop
      vertex 1.71546 -5.97179 1
      vertex 1.76384 -6.05721 2.2
      vertex 1.76384 -6.05721 1
    endloop
  endfacet
  facet normal 0.534989 -0.844859 0
    outer loop
      vertex 1.0282 -8.71546 1
      vertex 1.11114 -8.66294 2.2
      vertex 1.0282 -8.71546 2.2
    endloop
  endfacet
  facet normal 0.534989 -0.844859 0
    outer loop
      vertex 1.11114 -8.66294 2.2
      vertex 1.0282 -8.71546 1
      vertex 1.11114 -8.66294 1
    endloop
  endfacet
  facet normal -0.724213 -0.689576 0
    outer loop
      vertex -1.41421 -8.41421 1
      vertex -1.4819 -8.34312 2.2
      vertex -1.4819 -8.34312 1
    endloop
  endfacet
  facet normal -0.724213 -0.689576 0
    outer loop
      vertex -1.4819 -8.34312 2.2
      vertex -1.41421 -8.41421 1
      vertex -1.41421 -8.41421 2.2
    endloop
  endfacet
  facet normal -0.999699 0.0245494 0
    outer loop
      vertex -2 -7 1
      vertex -1.99759 -6.90186 2.2
      vertex -1.99759 -6.90186 1
    endloop
  endfacet
  facet normal -0.999699 0.0245494 0
    outer loop
      vertex -1.99759 -6.90186 2.2
      vertex -2 -7 1
      vertex -2 -7 2.2
    endloop
  endfacet
  facet normal 0.575771 0.817611 -0
    outer loop
      vertex 1.1914 -5.39358 1
      vertex 1.11114 -5.33706 2.2
      vertex 1.1914 -5.39358 2.2
    endloop
  endfacet
  facet normal 0.575771 0.817611 0
    outer loop
      vertex 1.11114 -5.33706 2.2
      vertex 1.1914 -5.39358 1
      vertex 1.11114 -5.33706 1
    endloop
  endfacet
  facet normal -0.997291 0.0735565 0
    outer loop
      vertex -1.99759 -6.90186 1
      vertex -1.99037 -6.80397 2.2
      vertex -1.99037 -6.80397 1
    endloop
  endfacet
  facet normal -0.997291 0.0735565 0
    outer loop
      vertex -1.99037 -6.80397 2.2
      vertex -1.99759 -6.90186 1
      vertex -1.99759 -6.90186 2.2
    endloop
  endfacet
  facet normal 0.84483 0.535035 0
    outer loop
      vertex 1.71546 -5.97179 2.2
      vertex 1.66294 -5.88886 1
      vertex 1.66294 -5.88886 2.2
    endloop
  endfacet
  facet normal 0.84483 0.535035 0
    outer loop
      vertex 1.66294 -5.88886 1
      vertex 1.71546 -5.97179 2.2
      vertex 1.71546 -5.97179 1
    endloop
  endfacet
  facet normal 0.122445 0.992475 -0
    outer loop
      vertex 0.293461 -5.02165 1
      vertex 0.196033 -5.00963 2.2
      vertex 0.293461 -5.02165 2.2
    endloop
  endfacet
  facet normal 0.122445 0.992475 0
    outer loop
      vertex 0.196033 -5.00963 2.2
      vertex 0.293461 -5.02165 1
      vertex 0.196033 -5.00963 1
    endloop
  endfacet
  facet normal -0.492879 0.870098 0
    outer loop
      vertex -0.942793 -5.23616 1
      vertex -1.0282 -5.28454 2.2
      vertex -0.942793 -5.23616 2.2
    endloop
  endfacet
  facet normal -0.492879 0.870098 0
    outer loop
      vertex -1.0282 -5.28454 2.2
      vertex -0.942793 -5.23616 1
      vertex -1.0282 -5.28454 1
    endloop
  endfacet
  facet normal 0.893201 0.449657 0
    outer loop
      vertex 1.80798 -6.14489 2.2
      vertex 1.76384 -6.05721 1
      vertex 1.76384 -6.05721 2.2
    endloop
  endfacet
  facet normal 0.893201 0.449657 0
    outer loop
      vertex 1.76384 -6.05721 1
      vertex 1.80798 -6.14489 2.2
      vertex 1.80798 -6.14489 1
    endloop
  endfacet
  facet normal -0.893201 0.449657 0
    outer loop
      vertex -1.80798 -6.14489 1
      vertex -1.76384 -6.05721 2.2
      vertex -1.76384 -6.05721 1
    endloop
  endfacet
  facet normal -0.893201 0.449657 0
    outer loop
      vertex -1.76384 -6.05721 2.2
      vertex -1.80798 -6.14489 1
      vertex -1.80798 -6.14489 2.2
    endloop
  endfacet
  facet normal 0.985282 -0.170937 0
    outer loop
      vertex 1.96157 -7.39018 2.2
      vertex 1.97835 -7.29346 1
      vertex 1.97835 -7.29346 2.2
    endloop
  endfacet
  facet normal 0.985282 -0.170937 0
    outer loop
      vertex 1.97835 -7.29346 1
      vertex 1.96157 -7.39018 2.2
      vertex 1.96157 -7.39018 1
    endloop
  endfacet
  facet normal 0.963782 -0.266693 0
    outer loop
      vertex 1.91388 -7.58057 2.2
      vertex 1.94006 -7.48596 1
      vertex 1.94006 -7.48596 2.2
    endloop
  endfacet
  facet normal 0.963782 -0.266693 0
    outer loop
      vertex 1.94006 -7.48596 1
      vertex 1.91388 -7.58057 2.2
      vertex 1.91388 -7.58057 1
    endloop
  endfacet
  facet normal -0.219122 -0.975698 0
    outer loop
      vertex -0.48596 -8.94006 1
      vertex -0.390181 -8.96157 2.2
      vertex -0.48596 -8.94006 2.2
    endloop
  endfacet
  facet normal -0.219122 -0.975698 -0
    outer loop
      vertex -0.390181 -8.96157 2.2
      vertex -0.48596 -8.94006 1
      vertex -0.390181 -8.96157 1
    endloop
  endfacet
  facet normal -0.997292 -0.073549 0
    outer loop
      vertex -1.99037 -7.19603 1
      vertex -1.99759 -7.09813 2.2
      vertex -1.99759 -7.09813 1
    endloop
  endfacet
  facet normal -0.997292 -0.073549 0
    outer loop
      vertex -1.99759 -7.09813 2.2
      vertex -1.99037 -7.19603 1
      vertex -1.99037 -7.19603 2.2
    endloop
  endfacet
  facet normal 0.949536 -0.313659 0
    outer loop
      vertex 1.88309 -7.67378 2.2
      vertex 1.91388 -7.58057 1
      vertex 1.91388 -7.58057 2.2
    endloop
  endfacet
  facet normal 0.949536 -0.313659 0
    outer loop
      vertex 1.91388 -7.58057 1
      vertex 1.88309 -7.67378 2.2
      vertex 1.88309 -7.67378 1
    endloop
  endfacet
  facet normal 0.992476 -0.122442 0
    outer loop
      vertex 1.97835 -7.29346 2.2
      vertex 1.99037 -7.19603 1
      vertex 1.99037 -7.19603 2.2
    endloop
  endfacet
  facet normal 0.992476 -0.122442 0
    outer loop
      vertex 1.99037 -7.19603 1
      vertex 1.97835 -7.29346 2.2
      vertex 1.97835 -7.29346 1
    endloop
  endfacet
  facet normal 0.817563 -0.575839 0
    outer loop
      vertex 1.60641 -8.1914 2.2
      vertex 1.66294 -8.11114 1
      vertex 1.66294 -8.11114 2.2
    endloop
  endfacet
  facet normal 0.817563 -0.575839 0
    outer loop
      vertex 1.66294 -8.11114 1
      vertex 1.60641 -8.1914 2.2
      vertex 1.60641 -8.1914 1
    endloop
  endfacet
  facet normal 0.405238 -0.914211 0
    outer loop
      vertex 0.765367 -8.84776 1
      vertex 0.85511 -8.80798 2.2
      vertex 0.765367 -8.84776 2.2
    endloop
  endfacet
  facet normal 0.405238 -0.914211 0
    outer loop
      vertex 0.85511 -8.80798 2.2
      vertex 0.765367 -8.84776 1
      vertex 0.85511 -8.80798 1
    endloop
  endfacet
  facet normal 0.788375 0.615195 0
    outer loop
      vertex 1.60641 -5.8086 2.2
      vertex 1.54602 -5.73121 1
      vertex 1.54602 -5.73121 2.2
    endloop
  endfacet
  facet normal 0.788375 0.615195 0
    outer loop
      vertex 1.54602 -5.73121 1
      vertex 1.60641 -5.8086 2.2
      vertex 1.60641 -5.8086 1
    endloop
  endfacet
  facet normal -0.963782 0.266693 0
    outer loop
      vertex -1.94006 -6.51404 1
      vertex -1.91388 -6.41943 2.2
      vertex -1.91388 -6.41943 1
    endloop
  endfacet
  facet normal -0.963782 0.266693 0
    outer loop
      vertex -1.91388 -6.41943 2.2
      vertex -1.94006 -6.51404 1
      vertex -1.94006 -6.51404 2.2
    endloop
  endfacet
  facet normal -0.870105 -0.492866 0
    outer loop
      vertex -1.71546 -8.0282 1
      vertex -1.76384 -7.94279 2.2
      vertex -1.76384 -7.94279 1
    endloop
  endfacet
  facet normal -0.870105 -0.492866 0
    outer loop
      vertex -1.76384 -7.94279 2.2
      vertex -1.71546 -8.0282 1
      vertex -1.71546 -8.0282 2.2
    endloop
  endfacet
  facet normal -0.122445 0.992475 0
    outer loop
      vertex -0.196033 -5.00963 1
      vertex -0.293461 -5.02165 2.2
      vertex -0.196033 -5.00963 2.2
    endloop
  endfacet
  facet normal -0.122445 0.992475 0
    outer loop
      vertex -0.293461 -5.02165 2.2
      vertex -0.196033 -5.00963 1
      vertex -0.293461 -5.02165 1
    endloop
  endfacet
  facet normal 0.170937 -0.985282 0
    outer loop
      vertex 0.293461 -8.97835 1
      vertex 0.390181 -8.96157 2.2
      vertex 0.293461 -8.97835 2.2
    endloop
  endfacet
  facet normal 0.170937 -0.985282 0
    outer loop
      vertex 0.390181 -8.96157 2.2
      vertex 0.293461 -8.97835 1
      vertex 0.390181 -8.96157 1
    endloop
  endfacet
  facet normal 0.914206 -0.40525 0
    outer loop
      vertex 1.80798 -7.85511 2.2
      vertex 1.84776 -7.76537 1
      vertex 1.84776 -7.76537 2.2
    endloop
  endfacet
  facet normal 0.914206 -0.40525 0
    outer loop
      vertex 1.84776 -7.76537 1
      vertex 1.80798 -7.85511 2.2
      vertex 1.80798 -7.85511 1
    endloop
  endfacet
  facet normal 0.757196 -0.653187 0
    outer loop
      vertex 1.4819 -8.34312 2.2
      vertex 1.54602 -8.26879 1
      vertex 1.54602 -8.26879 2.2
    endloop
  endfacet
  facet normal 0.757196 -0.653187 0
    outer loop
      vertex 1.54602 -8.26879 1
      vertex 1.4819 -8.34312 2.2
      vertex 1.4819 -8.34312 1
    endloop
  endfacet
  facet normal -0.817563 -0.575839 0
    outer loop
      vertex -1.60641 -8.1914 1
      vertex -1.66294 -8.11114 2.2
      vertex -1.66294 -8.11114 1
    endloop
  endfacet
  facet normal -0.817563 -0.575839 0
    outer loop
      vertex -1.66294 -8.11114 2.2
      vertex -1.60641 -8.1914 1
      vertex -1.60641 -8.1914 2.2
    endloop
  endfacet
  facet normal -0.0245506 0.999699 0
    outer loop
      vertex 0 -5 1
      vertex -0.098135 -5.00241 2.2
      vertex 0 -5 2.2
    endloop
  endfacet
  facet normal -0.0245506 0.999699 0
    outer loop
      vertex -0.098135 -5.00241 2.2
      vertex 0 -5 1
      vertex -0.098135 -5.00241 1
    endloop
  endfacet
  facet normal -0.999699 -0.0245519 0
    outer loop
      vertex -1.99759 -7.09813 1
      vertex -2 -7 2.2
      vertex -2 -7 1
    endloop
  endfacet
  facet normal -0.999699 -0.0245519 0
    outer loop
      vertex -2 -7 2.2
      vertex -1.99759 -7.09813 1
      vertex -1.99759 -7.09813 2.2
    endloop
  endfacet
  facet normal 0.689576 -0.724213 0
    outer loop
      vertex 1.34312 -8.4819 1
      vertex 1.41421 -8.41421 2.2
      vertex 1.34312 -8.4819 2.2
    endloop
  endfacet
  facet normal 0.689576 -0.724213 0
    outer loop
      vertex 1.41421 -8.41421 2.2
      vertex 1.34312 -8.4819 1
      vertex 1.41421 -8.41421 1
    endloop
  endfacet
  facet normal 0.492879 0.870098 -0
    outer loop
      vertex 1.0282 -5.28454 1
      vertex 0.942793 -5.23616 2.2
      vertex 1.0282 -5.28454 2.2
    endloop
  endfacet
  facet normal 0.492879 0.870098 0
    outer loop
      vertex 0.942793 -5.23616 2.2
      vertex 1.0282 -5.28454 1
      vertex 0.942793 -5.23616 1
    endloop
  endfacet
  facet normal 0.219122 0.975698 -0
    outer loop
      vertex 0.48596 -5.05994 1
      vertex 0.390181 -5.03843 2.2
      vertex 0.48596 -5.05994 2.2
    endloop
  endfacet
  facet normal 0.219122 0.975698 0
    outer loop
      vertex 0.390181 -5.03843 2.2
      vertex 0.48596 -5.05994 1
      vertex 0.390181 -5.03843 1
    endloop
  endfacet
  facet normal 0.914206 0.40525 0
    outer loop
      vertex 1.84776 -6.23463 2.2
      vertex 1.80798 -6.14489 1
      vertex 1.80798 -6.14489 2.2
    endloop
  endfacet
  facet normal 0.914206 0.40525 0
    outer loop
      vertex 1.80798 -6.14489 1
      vertex 1.84776 -6.23463 2.2
      vertex 1.84776 -6.23463 1
    endloop
  endfacet
  facet normal -0.949536 -0.313659 0
    outer loop
      vertex -1.88309 -7.67378 1
      vertex -1.91388 -7.58057 2.2
      vertex -1.91388 -7.58057 1
    endloop
  endfacet
  facet normal -0.949536 -0.313659 0
    outer loop
      vertex -1.91388 -7.58057 2.2
      vertex -1.88309 -7.67378 1
      vertex -1.88309 -7.67378 2.2
    endloop
  endfacet
  facet normal -0.449645 -0.893208 0
    outer loop
      vertex -0.942793 -8.76384 1
      vertex -0.85511 -8.80798 2.2
      vertex -0.942793 -8.76384 2.2
    endloop
  endfacet
  facet normal -0.449645 -0.893208 -0
    outer loop
      vertex -0.85511 -8.80798 2.2
      vertex -0.942793 -8.76384 1
      vertex -0.85511 -8.80798 1
    endloop
  endfacet
  facet normal -0.992476 0.122442 0
    outer loop
      vertex -1.99037 -6.80397 1
      vertex -1.97835 -6.70654 2.2
      vertex -1.97835 -6.70654 1
    endloop
  endfacet
  facet normal -0.992476 0.122442 0
    outer loop
      vertex -1.97835 -6.70654 2.2
      vertex -1.99037 -6.80397 1
      vertex -1.99037 -6.80397 2.2
    endloop
  endfacet
  facet normal 0.575839 -0.817563 0
    outer loop
      vertex 1.11114 -8.66294 1
      vertex 1.1914 -8.60641 2.2
      vertex 1.11114 -8.66294 2.2
    endloop
  endfacet
  facet normal 0.575839 -0.817563 0
    outer loop
      vertex 1.1914 -8.60641 2.2
      vertex 1.11114 -8.66294 1
      vertex 1.1914 -8.60641 1
    endloop
  endfacet
  facet normal 0.3599 0.932991 -0
    outer loop
      vertex 0.765367 -5.15224 1
      vertex 0.673779 -5.11691 2.2
      vertex 0.765367 -5.15224 2.2
    endloop
  endfacet
  facet normal 0.3599 0.932991 0
    outer loop
      vertex 0.673779 -5.11691 2.2
      vertex 0.765367 -5.15224 1
      vertex 0.673779 -5.11691 1
    endloop
  endfacet
  facet normal -0.313659 -0.949536 0
    outer loop
      vertex -0.673779 -8.88309 1
      vertex -0.580569 -8.91388 2.2
      vertex -0.673779 -8.88309 2.2
    endloop
  endfacet
  facet normal -0.313659 -0.949536 -0
    outer loop
      vertex -0.580569 -8.91388 2.2
      vertex -0.673779 -8.88309 1
      vertex -0.580569 -8.91388 1
    endloop
  endfacet
  facet normal -0.266695 -0.963781 0
    outer loop
      vertex -0.580569 -8.91388 1
      vertex -0.48596 -8.94006 2.2
      vertex -0.580569 -8.91388 2.2
    endloop
  endfacet
  facet normal -0.266695 -0.963781 -0
    outer loop
      vertex -0.48596 -8.94006 2.2
      vertex -0.580569 -8.91388 1
      vertex -0.48596 -8.94006 1
    endloop
  endfacet
  facet normal -0.0735505 0.997291 0
    outer loop
      vertex -0.098135 -5.00241 1
      vertex -0.196033 -5.00963 2.2
      vertex -0.098135 -5.00241 2.2
    endloop
  endfacet
  facet normal -0.0735505 0.997291 0
    outer loop
      vertex -0.196033 -5.00963 2.2
      vertex -0.098135 -5.00241 1
      vertex -0.196033 -5.00963 1
    endloop
  endfacet
  facet normal 0.492879 -0.870098 0
    outer loop
      vertex 0.942793 -8.76384 1
      vertex 1.0282 -8.71546 2.2
      vertex 0.942793 -8.76384 2.2
    endloop
  endfacet
  facet normal 0.492879 -0.870098 0
    outer loop
      vertex 1.0282 -8.71546 2.2
      vertex 0.942793 -8.76384 1
      vertex 1.0282 -8.71546 1
    endloop
  endfacet
  facet normal -0.689576 -0.724213 0
    outer loop
      vertex -1.41421 -8.41421 1
      vertex -1.34312 -8.4819 2.2
      vertex -1.41421 -8.41421 2.2
    endloop
  endfacet
  facet normal -0.689576 -0.724213 -0
    outer loop
      vertex -1.34312 -8.4819 2.2
      vertex -1.41421 -8.41421 1
      vertex -1.34312 -8.4819 1
    endloop
  endfacet
  facet normal -0.170937 0.985282 0
    outer loop
      vertex -0.293461 -5.02165 1
      vertex -0.390181 -5.03843 2.2
      vertex -0.293461 -5.02165 2.2
    endloop
  endfacet
  facet normal -0.170937 0.985282 0
    outer loop
      vertex -0.390181 -5.03843 2.2
      vertex -0.293461 -5.02165 1
      vertex -0.390181 -5.03843 1
    endloop
  endfacet
  facet normal -0.405238 0.914211 0
    outer loop
      vertex -0.765367 -5.15224 1
      vertex -0.85511 -5.19202 2.2
      vertex -0.765367 -5.15224 2.2
    endloop
  endfacet
  facet normal -0.405238 0.914211 0
    outer loop
      vertex -0.85511 -5.19202 2.2
      vertex -0.765367 -5.15224 1
      vertex -0.85511 -5.19202 1
    endloop
  endfacet
  facet normal 0.817563 0.575839 0
    outer loop
      vertex 1.66294 -5.88886 2.2
      vertex 1.60641 -5.8086 1
      vertex 1.60641 -5.8086 2.2
    endloop
  endfacet
  facet normal 0.817563 0.575839 0
    outer loop
      vertex 1.60641 -5.8086 1
      vertex 1.66294 -5.88886 2.2
      vertex 1.66294 -5.88886 1
    endloop
  endfacet
  facet normal 0.653187 -0.757196 0
    outer loop
      vertex 1.26879 -8.54602 1
      vertex 1.34312 -8.4819 2.2
      vertex 1.26879 -8.54602 2.2
    endloop
  endfacet
  facet normal 0.653187 -0.757196 0
    outer loop
      vertex 1.34312 -8.4819 2.2
      vertex 1.26879 -8.54602 1
      vertex 1.34312 -8.4819 1
    endloop
  endfacet
  facet normal -0.914206 0.40525 0
    outer loop
      vertex -1.84776 -6.23463 1
      vertex -1.80798 -6.14489 2.2
      vertex -1.80798 -6.14489 1
    endloop
  endfacet
  facet normal -0.914206 0.40525 0
    outer loop
      vertex -1.80798 -6.14489 2.2
      vertex -1.84776 -6.23463 1
      vertex -1.84776 -6.23463 2.2
    endloop
  endfacet
  facet normal -0.985282 -0.170937 0
    outer loop
      vertex -1.96157 -7.39018 1
      vertex -1.97835 -7.29346 2.2
      vertex -1.97835 -7.29346 1
    endloop
  endfacet
  facet normal -0.985282 -0.170937 0
    outer loop
      vertex -1.97835 -7.29346 2.2
      vertex -1.96157 -7.39018 1
      vertex -1.96157 -7.39018 2.2
    endloop
  endfacet
  facet normal 0.0735505 0.997291 -0
    outer loop
      vertex 0.196033 -5.00963 1
      vertex 0.098135 -5.00241 2.2
      vertex 0.196033 -5.00963 2.2
    endloop
  endfacet
  facet normal 0.0735505 0.997291 0
    outer loop
      vertex 0.098135 -5.00241 2.2
      vertex 0.196033 -5.00963 1
      vertex 0.098135 -5.00241 1
    endloop
  endfacet
  facet normal 0.405238 0.914211 -0
    outer loop
      vertex 0.85511 -5.19202 1
      vertex 0.765367 -5.15224 2.2
      vertex 0.85511 -5.19202 2.2
    endloop
  endfacet
  facet normal 0.405238 0.914211 0
    outer loop
      vertex 0.765367 -5.15224 2.2
      vertex 0.85511 -5.19202 1
      vertex 0.765367 -5.15224 1
    endloop
  endfacet
  facet normal -0.492879 -0.870098 0
    outer loop
      vertex -1.0282 -8.71546 1
      vertex -0.942793 -8.76384 2.2
      vertex -1.0282 -8.71546 2.2
    endloop
  endfacet
  facet normal -0.492879 -0.870098 -0
    outer loop
      vertex -0.942793 -8.76384 2.2
      vertex -1.0282 -8.71546 1
      vertex -0.942793 -8.76384 1
    endloop
  endfacet
  facet normal 0.985282 0.170937 0
    outer loop
      vertex 1.97835 -6.70654 2.2
      vertex 1.96157 -6.60982 1
      vertex 1.96157 -6.60982 2.2
    endloop
  endfacet
  facet normal 0.985282 0.170937 0
    outer loop
      vertex 1.96157 -6.60982 1
      vertex 1.97835 -6.70654 2.2
      vertex 1.97835 -6.70654 1
    endloop
  endfacet
  facet normal 0.219122 -0.975698 0
    outer loop
      vertex 0.390181 -8.96157 1
      vertex 0.48596 -8.94006 2.2
      vertex 0.390181 -8.96157 2.2
    endloop
  endfacet
  facet normal 0.219122 -0.975698 0
    outer loop
      vertex 0.48596 -8.94006 2.2
      vertex 0.390181 -8.96157 1
      vertex 0.48596 -8.94006 1
    endloop
  endfacet
  facet normal -0.3599 -0.932991 0
    outer loop
      vertex -0.765367 -8.84776 1
      vertex -0.673779 -8.88309 2.2
      vertex -0.765367 -8.84776 2.2
    endloop
  endfacet
  facet normal -0.3599 -0.932991 -0
    outer loop
      vertex -0.673779 -8.88309 2.2
      vertex -0.765367 -8.84776 1
      vertex -0.673779 -8.88309 1
    endloop
  endfacet
  facet normal 0.999699 -0.0245519 0
    outer loop
      vertex 1.99759 -7.09813 2.2
      vertex 2 -7 1
      vertex 2 -7 2.2
    endloop
  endfacet
  facet normal 0.999699 -0.0245519 0
    outer loop
      vertex 2 -7 1
      vertex 1.99759 -7.09813 2.2
      vertex 1.99759 -7.09813 1
    endloop
  endfacet
  facet normal -0.724213 0.689576 0
    outer loop
      vertex -1.4819 -5.65688 1
      vertex -1.41421 -5.58579 2.2
      vertex -1.41421 -5.58579 1
    endloop
  endfacet
  facet normal -0.724213 0.689576 0
    outer loop
      vertex -1.41421 -5.58579 2.2
      vertex -1.4819 -5.65688 1
      vertex -1.4819 -5.65688 2.2
    endloop
  endfacet
  facet normal 0.975698 0.219119 0
    outer loop
      vertex 1.96157 -6.60982 2.2
      vertex 1.94006 -6.51404 1
      vertex 1.94006 -6.51404 2.2
    endloop
  endfacet
  facet normal 0.975698 0.219119 0
    outer loop
      vertex 1.94006 -6.51404 1
      vertex 1.96157 -6.60982 2.2
      vertex 1.96157 -6.60982 1
    endloop
  endfacet
  facet normal 0.724213 0.689576 0
    outer loop
      vertex 1.4819 -5.65688 2.2
      vertex 1.41421 -5.58579 1
      vertex 1.41421 -5.58579 2.2
    endloop
  endfacet
  facet normal 0.724213 0.689576 0
    outer loop
      vertex 1.41421 -5.58579 1
      vertex 1.4819 -5.65688 2.2
      vertex 1.4819 -5.65688 1
    endloop
  endfacet
  facet normal 0.963782 0.266693 0
    outer loop
      vertex 1.94006 -6.51404 2.2
      vertex 1.91388 -6.41943 1
      vertex 1.91388 -6.41943 2.2
    endloop
  endfacet
  facet normal 0.963782 0.266693 0
    outer loop
      vertex 1.91388 -6.41943 1
      vertex 1.94006 -6.51404 2.2
      vertex 1.94006 -6.51404 1
    endloop
  endfacet
  facet normal -0.932993 0.359894 0
    outer loop
      vertex -1.88309 -6.32622 1
      vertex -1.84776 -6.23463 2.2
      vertex -1.84776 -6.23463 1
    endloop
  endfacet
  facet normal -0.932993 0.359894 0
    outer loop
      vertex -1.84776 -6.23463 2.2
      vertex -1.88309 -6.32622 1
      vertex -1.88309 -6.32622 2.2
    endloop
  endfacet
  facet normal 0.534989 0.844859 -0
    outer loop
      vertex 1.11114 -5.33706 1
      vertex 1.0282 -5.28454 2.2
      vertex 1.11114 -5.33706 2.2
    endloop
  endfacet
  facet normal 0.534989 0.844859 0
    outer loop
      vertex 1.0282 -5.28454 2.2
      vertex 1.11114 -5.33706 1
      vertex 1.0282 -5.28454 1
    endloop
  endfacet
  facet normal -0.689576 0.724213 0
    outer loop
      vertex -1.34312 -5.5181 1
      vertex -1.41421 -5.58579 2.2
      vertex -1.34312 -5.5181 2.2
    endloop
  endfacet
  facet normal -0.689576 0.724213 0
    outer loop
      vertex -1.41421 -5.58579 2.2
      vertex -1.34312 -5.5181 1
      vertex -1.41421 -5.58579 1
    endloop
  endfacet
  facet normal -0.844859 -0.534989 0
    outer loop
      vertex -1.66294 -8.11114 1
      vertex -1.71546 -8.0282 2.2
      vertex -1.71546 -8.0282 1
    endloop
  endfacet
  facet normal -0.844859 -0.534989 0
    outer loop
      vertex -1.71546 -8.0282 2.2
      vertex -1.66294 -8.11114 1
      vertex -1.66294 -8.11114 2.2
    endloop
  endfacet
  facet normal -0.932993 -0.359894 0
    outer loop
      vertex -1.84776 -7.76537 1
      vertex -1.88309 -7.67378 2.2
      vertex -1.88309 -7.67378 1
    endloop
  endfacet
  facet normal -0.932993 -0.359894 0
    outer loop
      vertex -1.88309 -7.67378 2.2
      vertex -1.84776 -7.76537 1
      vertex -1.84776 -7.76537 2.2
    endloop
  endfacet
  facet normal -0.575771 0.817611 0
    outer loop
      vertex -1.11114 -5.33706 1
      vertex -1.1914 -5.39358 2.2
      vertex -1.11114 -5.33706 2.2
    endloop
  endfacet
  facet normal -0.575771 0.817611 0
    outer loop
      vertex -1.1914 -5.39358 2.2
      vertex -1.11114 -5.33706 1
      vertex -1.1914 -5.39358 1
    endloop
  endfacet
  facet normal -0.534989 0.844859 0
    outer loop
      vertex -1.0282 -5.28454 1
      vertex -1.11114 -5.33706 2.2
      vertex -1.0282 -5.28454 2.2
    endloop
  endfacet
  facet normal -0.534989 0.844859 0
    outer loop
      vertex -1.11114 -5.33706 2.2
      vertex -1.0282 -5.28454 1
      vertex -1.11114 -5.33706 1
    endloop
  endfacet
  facet normal -0.3599 0.932991 0
    outer loop
      vertex -0.673779 -5.11691 1
      vertex -0.765367 -5.15224 2.2
      vertex -0.673779 -5.11691 2.2
    endloop
  endfacet
  facet normal -0.3599 0.932991 0
    outer loop
      vertex -0.765367 -5.15224 2.2
      vertex -0.673779 -5.11691 1
      vertex -0.765367 -5.15224 1
    endloop
  endfacet
  facet normal -0.615259 0.788325 0
    outer loop
      vertex -1.1914 -5.39358 1
      vertex -1.26879 -5.45398 2.2
      vertex -1.1914 -5.39358 2.2
    endloop
  endfacet
  facet normal -0.615259 0.788325 0
    outer loop
      vertex -1.26879 -5.45398 2.2
      vertex -1.1914 -5.39358 1
      vertex -1.26879 -5.45398 1
    endloop
  endfacet
  facet normal -0.405238 -0.914211 0
    outer loop
      vertex -0.85511 -8.80798 1
      vertex -0.765367 -8.84776 2.2
      vertex -0.85511 -8.80798 2.2
    endloop
  endfacet
  facet normal -0.405238 -0.914211 -0
    outer loop
      vertex -0.765367 -8.84776 2.2
      vertex -0.85511 -8.80798 1
      vertex -0.765367 -8.84776 1
    endloop
  endfacet
  facet normal 0.615259 0.788325 -0
    outer loop
      vertex 1.26879 -5.45398 1
      vertex 1.1914 -5.39358 2.2
      vertex 1.26879 -5.45398 2.2
    endloop
  endfacet
  facet normal 0.615259 0.788325 0
    outer loop
      vertex 1.1914 -5.39358 2.2
      vertex 1.26879 -5.45398 1
      vertex 1.1914 -5.39358 1
    endloop
  endfacet
  facet normal -0.615195 -0.788375 0
    outer loop
      vertex -1.26879 -8.54602 1
      vertex -1.1914 -8.60641 2.2
      vertex -1.26879 -8.54602 2.2
    endloop
  endfacet
  facet normal -0.615195 -0.788375 -0
    outer loop
      vertex -1.1914 -8.60641 2.2
      vertex -1.26879 -8.54602 1
      vertex -1.1914 -8.60641 1
    endloop
  endfacet
  facet normal -0.788375 -0.615195 0
    outer loop
      vertex -1.54602 -8.26879 1
      vertex -1.60641 -8.1914 2.2
      vertex -1.60641 -8.1914 1
    endloop
  endfacet
  facet normal -0.788375 -0.615195 0
    outer loop
      vertex -1.60641 -8.1914 2.2
      vertex -1.54602 -8.26879 1
      vertex -1.54602 -8.26879 2.2
    endloop
  endfacet
  facet normal 0.724213 -0.689576 0
    outer loop
      vertex 1.41421 -8.41421 2.2
      vertex 1.4819 -8.34312 1
      vertex 1.4819 -8.34312 2.2
    endloop
  endfacet
  facet normal 0.724213 -0.689576 0
    outer loop
      vertex 1.4819 -8.34312 1
      vertex 1.41421 -8.41421 2.2
      vertex 1.41421 -8.41421 1
    endloop
  endfacet
  facet normal 0.932993 0.359894 0
    outer loop
      vertex 1.88309 -6.32622 2.2
      vertex 1.84776 -6.23463 1
      vertex 1.84776 -6.23463 2.2
    endloop
  endfacet
  facet normal 0.932993 0.359894 0
    outer loop
      vertex 1.84776 -6.23463 1
      vertex 1.88309 -6.32622 2.2
      vertex 1.88309 -6.32622 1
    endloop
  endfacet
  facet normal 0.870105 -0.492866 0
    outer loop
      vertex 1.71546 -8.0282 2.2
      vertex 1.76384 -7.94279 1
      vertex 1.76384 -7.94279 2.2
    endloop
  endfacet
  facet normal 0.870105 -0.492866 0
    outer loop
      vertex 1.76384 -7.94279 1
      vertex 1.71546 -8.0282 2.2
      vertex 1.71546 -8.0282 1
    endloop
  endfacet
  facet normal -0.992476 -0.122442 0
    outer loop
      vertex -1.97835 -7.29346 1
      vertex -1.99037 -7.19603 2.2
      vertex -1.99037 -7.19603 1
    endloop
  endfacet
  facet normal -0.992476 -0.122442 0
    outer loop
      vertex -1.99037 -7.19603 2.2
      vertex -1.97835 -7.29346 1
      vertex -1.97835 -7.29346 2.2
    endloop
  endfacet
  facet normal 0.844859 -0.534989 0
    outer loop
      vertex 1.66294 -8.11114 2.2
      vertex 1.71546 -8.0282 1
      vertex 1.71546 -8.0282 2.2
    endloop
  endfacet
  facet normal 0.844859 -0.534989 0
    outer loop
      vertex 1.71546 -8.0282 1
      vertex 1.66294 -8.11114 2.2
      vertex 1.66294 -8.11114 1
    endloop
  endfacet
  facet normal 0.122445 -0.992475 0
    outer loop
      vertex 0.196033 -8.99037 1
      vertex 0.293461 -8.97835 2.2
      vertex 0.196033 -8.99037 2.2
    endloop
  endfacet
  facet normal 0.122445 -0.992475 0
    outer loop
      vertex 0.293461 -8.97835 2.2
      vertex 0.196033 -8.99037 1
      vertex 0.293461 -8.97835 1
    endloop
  endfacet
  facet normal -0.949536 0.313659 0
    outer loop
      vertex -1.91388 -6.41943 1
      vertex -1.88309 -6.32622 2.2
      vertex -1.88309 -6.32622 1
    endloop
  endfacet
  facet normal -0.949536 0.313659 0
    outer loop
      vertex -1.88309 -6.32622 2.2
      vertex -1.91388 -6.41943 1
      vertex -1.91388 -6.41943 2.2
    endloop
  endfacet
  facet normal 0.313659 -0.949536 0
    outer loop
      vertex 0.580569 -8.91388 1
      vertex 0.673779 -8.88309 2.2
      vertex 0.580569 -8.91388 2.2
    endloop
  endfacet
  facet normal 0.313659 -0.949536 0
    outer loop
      vertex 0.673779 -8.88309 2.2
      vertex 0.580569 -8.91388 1
      vertex 0.673779 -8.88309 1
    endloop
  endfacet
  facet normal -0.817563 0.575839 0
    outer loop
      vertex -1.66294 -5.88886 1
      vertex -1.60641 -5.8086 2.2
      vertex -1.60641 -5.8086 1
    endloop
  endfacet
  facet normal -0.817563 0.575839 0
    outer loop
      vertex -1.60641 -5.8086 2.2
      vertex -1.66294 -5.88886 1
      vertex -1.66294 -5.88886 2.2
    endloop
  endfacet
  facet normal 0.449645 -0.893208 0
    outer loop
      vertex 0.85511 -8.80798 1
      vertex 0.942793 -8.76384 2.2
      vertex 0.85511 -8.80798 2.2
    endloop
  endfacet
  facet normal 0.449645 -0.893208 0
    outer loop
      vertex 0.942793 -8.76384 2.2
      vertex 0.85511 -8.80798 1
      vertex 0.942793 -8.76384 1
    endloop
  endfacet
  facet normal -0.985282 0.170937 0
    outer loop
      vertex -1.97835 -6.70654 1
      vertex -1.96157 -6.60982 2.2
      vertex -1.96157 -6.60982 1
    endloop
  endfacet
  facet normal -0.985282 0.170937 0
    outer loop
      vertex -1.96157 -6.60982 2.2
      vertex -1.97835 -6.70654 1
      vertex -1.97835 -6.70654 2.2
    endloop
  endfacet
  facet normal 0.689576 0.724213 -0
    outer loop
      vertex 1.41421 -5.58579 1
      vertex 1.34312 -5.5181 2.2
      vertex 1.41421 -5.58579 2.2
    endloop
  endfacet
  facet normal 0.689576 0.724213 0
    outer loop
      vertex 1.34312 -5.5181 2.2
      vertex 1.41421 -5.58579 1
      vertex 1.34312 -5.5181 1
    endloop
  endfacet
  facet normal -0.757196 0.653187 0
    outer loop
      vertex -1.54602 -5.73121 1
      vertex -1.4819 -5.65688 2.2
      vertex -1.4819 -5.65688 1
    endloop
  endfacet
  facet normal -0.757196 0.653187 0
    outer loop
      vertex -1.4819 -5.65688 2.2
      vertex -1.54602 -5.73121 1
      vertex -1.54602 -5.73121 2.2
    endloop
  endfacet
  facet normal 0.449645 0.893208 -0
    outer loop
      vertex 0.942793 -5.23616 1
      vertex 0.85511 -5.19202 2.2
      vertex 0.942793 -5.23616 2.2
    endloop
  endfacet
  facet normal 0.449645 0.893208 0
    outer loop
      vertex 0.85511 -5.19202 2.2
      vertex 0.942793 -5.23616 1
      vertex 0.85511 -5.19202 1
    endloop
  endfacet
  facet normal 0.0245506 0.999699 -0
    outer loop
      vertex 0.098135 -5.00241 1
      vertex 0 -5 2.2
      vertex 0.098135 -5.00241 2.2
    endloop
  endfacet
  facet normal 0.0245506 0.999699 0
    outer loop
      vertex 0 -5 2.2
      vertex 0.098135 -5.00241 1
      vertex 0 -5 1
    endloop
  endfacet
  facet normal 0.3599 -0.932991 0
    outer loop
      vertex 0.673779 -8.88309 1
      vertex 0.765367 -8.84776 2.2
      vertex 0.673779 -8.88309 2.2
    endloop
  endfacet
  facet normal 0.3599 -0.932991 0
    outer loop
      vertex 0.765367 -8.84776 2.2
      vertex 0.673779 -8.88309 1
      vertex 0.765367 -8.84776 1
    endloop
  endfacet
  facet normal -0.170937 -0.985282 0
    outer loop
      vertex -0.390181 -8.96157 1
      vertex -0.293461 -8.97835 2.2
      vertex -0.390181 -8.96157 2.2
    endloop
  endfacet
  facet normal -0.170937 -0.985282 -0
    outer loop
      vertex -0.293461 -8.97835 2.2
      vertex -0.390181 -8.96157 1
      vertex -0.293461 -8.97835 1
    endloop
  endfacet
  facet normal -0.653187 0.757196 0
    outer loop
      vertex -1.26879 -5.45398 1
      vertex -1.34312 -5.5181 2.2
      vertex -1.26879 -5.45398 2.2
    endloop
  endfacet
  facet normal -0.653187 0.757196 0
    outer loop
      vertex -1.34312 -5.5181 2.2
      vertex -1.26879 -5.45398 1
      vertex -1.34312 -5.5181 1
    endloop
  endfacet
  facet normal -0.975698 0.219119 0
    outer loop
      vertex -1.96157 -6.60982 1
      vertex -1.94006 -6.51404 2.2
      vertex -1.94006 -6.51404 1
    endloop
  endfacet
  facet normal -0.975698 0.219119 0
    outer loop
      vertex -1.94006 -6.51404 2.2
      vertex -1.96157 -6.60982 1
      vertex -1.96157 -6.60982 2.2
    endloop
  endfacet
  facet normal -0.266695 0.963781 0
    outer loop
      vertex -0.48596 -5.05994 1
      vertex -0.580569 -5.08612 2.2
      vertex -0.48596 -5.05994 2.2
    endloop
  endfacet
  facet normal -0.266695 0.963781 0
    outer loop
      vertex -0.580569 -5.08612 2.2
      vertex -0.48596 -5.05994 1
      vertex -0.580569 -5.08612 1
    endloop
  endfacet
  facet normal 0.313659 0.949536 -0
    outer loop
      vertex 0.673779 -5.11691 1
      vertex 0.580569 -5.08612 2.2
      vertex 0.673779 -5.11691 2.2
    endloop
  endfacet
  facet normal 0.313659 0.949536 0
    outer loop
      vertex 0.580569 -5.08612 2.2
      vertex 0.673779 -5.11691 1
      vertex 0.580569 -5.08612 1
    endloop
  endfacet
  facet normal -0.122445 -0.992475 0
    outer loop
      vertex -0.293461 -8.97835 1
      vertex -0.196033 -8.99037 2.2
      vertex -0.293461 -8.97835 2.2
    endloop
  endfacet
  facet normal -0.122445 -0.992475 -0
    outer loop
      vertex -0.196033 -8.99037 2.2
      vertex -0.293461 -8.97835 1
      vertex -0.196033 -8.99037 1
    endloop
  endfacet
  facet normal -0.313659 0.949536 0
    outer loop
      vertex -0.580569 -5.08612 1
      vertex -0.673779 -5.11691 2.2
      vertex -0.580569 -5.08612 2.2
    endloop
  endfacet
  facet normal -0.313659 0.949536 0
    outer loop
      vertex -0.673779 -5.11691 2.2
      vertex -0.580569 -5.08612 1
      vertex -0.673779 -5.11691 1
    endloop
  endfacet
  facet normal -0.0245506 -0.999699 0
    outer loop
      vertex -0.098135 -8.99759 1
      vertex 0 -9 2.2
      vertex -0.098135 -8.99759 2.2
    endloop
  endfacet
  facet normal -0.0245506 -0.999699 -0
    outer loop
      vertex 0 -9 2.2
      vertex -0.098135 -8.99759 1
      vertex 0 -9 1
    endloop
  endfacet
  facet normal -0.0735505 -0.997291 0
    outer loop
      vertex -0.196033 -8.99037 1
      vertex -0.098135 -8.99759 2.2
      vertex -0.196033 -8.99037 2.2
    endloop
  endfacet
  facet normal -0.0735505 -0.997291 -0
    outer loop
      vertex -0.098135 -8.99759 2.2
      vertex -0.196033 -8.99037 1
      vertex -0.098135 -8.99759 1
    endloop
  endfacet
  facet normal 0.266695 0.963781 -0
    outer loop
      vertex 0.580569 -5.08612 1
      vertex 0.48596 -5.05994 2.2
      vertex 0.580569 -5.08612 2.2
    endloop
  endfacet
  facet normal 0.266695 0.963781 0
    outer loop
      vertex 0.48596 -5.05994 2.2
      vertex 0.580569 -5.08612 1
      vertex 0.48596 -5.05994 1
    endloop
  endfacet
  facet normal 0.757196 0.653187 0
    outer loop
      vertex 1.54602 -5.73121 2.2
      vertex 1.4819 -5.65688 1
      vertex 1.4819 -5.65688 2.2
    endloop
  endfacet
  facet normal 0.757196 0.653187 0
    outer loop
      vertex 1.4819 -5.65688 1
      vertex 1.54602 -5.73121 2.2
      vertex 1.54602 -5.73121 1
    endloop
  endfacet
  facet normal -0.963782 -0.266693 0
    outer loop
      vertex -1.91388 -7.58057 1
      vertex -1.94006 -7.48596 2.2
      vertex -1.94006 -7.48596 1
    endloop
  endfacet
  facet normal -0.963782 -0.266693 0
    outer loop
      vertex -1.94006 -7.48596 2.2
      vertex -1.91388 -7.58057 1
      vertex -1.91388 -7.58057 2.2
    endloop
  endfacet
  facet normal 0.170937 0.985282 -0
    outer loop
      vertex 0.390181 -5.03843 1
      vertex 0.293461 -5.02165 2.2
      vertex 0.390181 -5.03843 2.2
    endloop
  endfacet
  facet normal 0.170937 0.985282 0
    outer loop
      vertex 0.293461 -5.02165 2.2
      vertex 0.390181 -5.03843 1
      vertex 0.293461 -5.02165 1
    endloop
  endfacet
  facet normal 0.932993 -0.359894 0
    outer loop
      vertex 1.84776 -7.76537 2.2
      vertex 1.88309 -7.67378 1
      vertex 1.88309 -7.67378 2.2
    endloop
  endfacet
  facet normal 0.932993 -0.359894 0
    outer loop
      vertex 1.88309 -7.67378 1
      vertex 1.84776 -7.76537 2.2
      vertex 1.84776 -7.76537 1
    endloop
  endfacet
  facet normal -0.653187 -0.757196 0
    outer loop
      vertex -1.34312 -8.4819 1
      vertex -1.26879 -8.54602 2.2
      vertex -1.34312 -8.4819 2.2
    endloop
  endfacet
  facet normal -0.653187 -0.757196 -0
    outer loop
      vertex -1.26879 -8.54602 2.2
      vertex -1.34312 -8.4819 1
      vertex -1.26879 -8.54602 1
    endloop
  endfacet
  facet normal -0.534989 -0.844859 0
    outer loop
      vertex -1.11114 -8.66294 1
      vertex -1.0282 -8.71546 2.2
      vertex -1.11114 -8.66294 2.2
    endloop
  endfacet
  facet normal -0.534989 -0.844859 -0
    outer loop
      vertex -1.0282 -8.71546 2.2
      vertex -1.11114 -8.66294 1
      vertex -1.0282 -8.71546 1
    endloop
  endfacet
  facet normal -0.87013 0.492822 0
    outer loop
      vertex -1.76384 -6.05721 1
      vertex -1.71546 -5.97179 2.2
      vertex -1.71546 -5.97179 1
    endloop
  endfacet
  facet normal -0.87013 0.492822 0
    outer loop
      vertex -1.71546 -5.97179 2.2
      vertex -1.76384 -6.05721 1
      vertex -1.76384 -6.05721 2.2
    endloop
  endfacet
  facet normal -0.449645 0.893208 0
    outer loop
      vertex -0.85511 -5.19202 1
      vertex -0.942793 -5.23616 2.2
      vertex -0.85511 -5.19202 2.2
    endloop
  endfacet
  facet normal -0.449645 0.893208 0
    outer loop
      vertex -0.942793 -5.23616 2.2
      vertex -0.85511 -5.19202 1
      vertex -0.942793 -5.23616 1
    endloop
  endfacet
  facet normal -0.914206 -0.40525 0
    outer loop
      vertex -1.80798 -7.85511 1
      vertex -1.84776 -7.76537 2.2
      vertex -1.84776 -7.76537 1
    endloop
  endfacet
  facet normal -0.914206 -0.40525 0
    outer loop
      vertex -1.84776 -7.76537 2.2
      vertex -1.80798 -7.85511 1
      vertex -1.80798 -7.85511 2.2
    endloop
  endfacet
  facet normal -0.575839 -0.817563 0
    outer loop
      vertex -1.1914 -8.60641 1
      vertex -1.11114 -8.66294 2.2
      vertex -1.1914 -8.60641 2.2
    endloop
  endfacet
  facet normal -0.575839 -0.817563 -0
    outer loop
      vertex -1.11114 -8.66294 2.2
      vertex -1.1914 -8.60641 1
      vertex -1.11114 -8.66294 1
    endloop
  endfacet
  facet normal -0.893201 -0.449657 0
    outer loop
      vertex -1.76384 -7.94279 1
      vertex -1.80798 -7.85511 2.2
      vertex -1.80798 -7.85511 1
    endloop
  endfacet
  facet normal -0.893201 -0.449657 0
    outer loop
      vertex -1.80798 -7.85511 2.2
      vertex -1.76384 -7.94279 1
      vertex -1.76384 -7.94279 2.2
    endloop
  endfacet
  facet normal 0.956948 0.290258 0
    outer loop
      vertex 10.9808 0.19509 2.5
      vertex 10.9239 0.382683 1
      vertex 10.9239 0.382683 2.5
    endloop
  endfacet
  facet normal 0.956948 0.290258 0
    outer loop
      vertex 10.9239 0.382683 1
      vertex 10.9808 0.19509 2.5
      vertex 10.9808 0.19509 1
    endloop
  endfacet
  facet normal 0.995192 0.0979429 0
    outer loop
      vertex 11 0 2.5
      vertex 10.9808 0.19509 1
      vertex 10.9808 0.19509 2.5
    endloop
  endfacet
  facet normal 0.995192 0.0979429 0
    outer loop
      vertex 10.9808 0.19509 1
      vertex 11 0 2.5
      vertex 11 0 1
    endloop
  endfacet
  facet normal 0.881943 0.471357 0
    outer loop
      vertex 10.9239 0.382683 2.5
      vertex 10.8315 0.55557 1
      vertex 10.8315 0.55557 2.5
    endloop
  endfacet
  facet normal 0.881943 0.471357 0
    outer loop
      vertex 10.8315 0.55557 1
      vertex 10.9239 0.382683 2.5
      vertex 10.9239 0.382683 1
    endloop
  endfacet
  facet normal -0.290286 0.95694 0
    outer loop
      vertex 9.80491 0.980784 1
      vertex 9.61732 0.923879 2.5
      vertex 9.80491 0.980784 2.5
    endloop
  endfacet
  facet normal -0.290286 0.95694 0
    outer loop
      vertex 9.61732 0.923879 2.5
      vertex 9.80491 0.980784 1
      vertex 9.61732 0.923879 1
    endloop
  endfacet
  facet normal 0.995192 -0.0979429 0
    outer loop
      vertex 10.9808 -0.19509 2.5
      vertex 11 0 1
      vertex 11 0 2.5
    endloop
  endfacet
  facet normal 0.995192 -0.0979429 0
    outer loop
      vertex 11 0 1
      vertex 10.9808 -0.19509 2.5
      vertex 10.9808 -0.19509 1
    endloop
  endfacet
  facet normal 0.471365 -0.881938 0
    outer loop
      vertex 10.3827 -0.923879 1
      vertex 10.5556 -0.83147 2.5
      vertex 10.3827 -0.923879 2.5
    endloop
  endfacet
  facet normal 0.471365 -0.881938 0
    outer loop
      vertex 10.5556 -0.83147 2.5
      vertex 10.3827 -0.923879 1
      vertex 10.5556 -0.83147 1
    endloop
  endfacet
  facet normal -0.634385 -0.773017 0
    outer loop
      vertex 9.29289 -0.707107 1
      vertex 9.44443 -0.83147 2.5
      vertex 9.29289 -0.707107 2.5
    endloop
  endfacet
  facet normal -0.634385 -0.773017 -0
    outer loop
      vertex 9.44443 -0.83147 2.5
      vertex 9.29289 -0.707107 1
      vertex 9.44443 -0.83147 1
    endloop
  endfacet
  facet normal 0 0 1
    outer loop
      vertex 10.9808 0.19509 2.5
      vertex 10.9808 -0.19509 2.5
      vertex 11 0 2.5
    endloop
  endfacet
  facet normal 0 0 1
    outer loop
      vertex 10.9239 0.382683 2.5
      vertex 10.9808 -0.19509 2.5
      vertex 10.9808 0.19509 2.5
    endloop
  endfacet
  facet normal 0 0 1
    outer loop
      vertex 10.9239 0.382683 2.5
      vertex 10.9239 -0.382683 2.5
      vertex 10.9808 -0.19509 2.5
    endloop
  endfacet
  facet normal 0 0 1
    outer loop
      vertex 10.8315 0.55557 2.5
      vertex 10.9239 -0.382683 2.5
      vertex 10.9239 0.382683 2.5
    endloop
  endfacet
  facet normal 0 0 1
    outer loop
      vertex 10.8315 0.55557 2.5
      vertex 10.8315 -0.55557 2.5
      vertex 10.9239 -0.382683 2.5
    endloop
  endfacet
  facet normal 0 0 1
    outer loop
      vertex 10.7071 0.707107 2.5
      vertex 10.8315 -0.55557 2.5
      vertex 10.8315 0.55557 2.5
    endloop
  endfacet
  facet normal 0 0 1
    outer loop
      vertex 10.7071 0.707107 2.5
      vertex 10.7071 -0.707107 2.5
      vertex 10.8315 -0.55557 2.5
    endloop
  endfacet
  facet normal 0 0 1
    outer loop
      vertex 10.5556 0.83147 2.5
      vertex 10.7071 -0.707107 2.5
      vertex 10.7071 0.707107 2.5
    endloop
  endfacet
  facet normal 0 0 1
    outer loop
      vertex 10.5556 0.83147 2.5
      vertex 10.5556 -0.83147 2.5
      vertex 10.7071 -0.707107 2.5
    endloop
  endfacet
  facet normal 0 0 1
    outer loop
      vertex 10.3827 0.923879 2.5
      vertex 10.5556 -0.83147 2.5
      vertex 10.5556 0.83147 2.5
    endloop
  endfacet
  facet normal 0 0 1
    outer loop
      vertex 10.3827 0.923879 2.5
      vertex 10.3827 -0.923879 2.5
      vertex 10.5556 -0.83147 2.5
    endloop
  endfacet
  facet normal 0 0 1
    outer loop
      vertex 10.1951 0.980784 2.5
      vertex 10.3827 -0.923879 2.5
      vertex 10.3827 0.923879 2.5
    endloop
  endfacet
  facet normal 0 0 1
    outer loop
      vertex 10.1951 0.980784 2.5
      vertex 10.1951 -0.980784 2.5
      vertex 10.3827 -0.923879 2.5
    endloop
  endfacet
  facet normal 0 0 1
    outer loop
      vertex 10 1 2.5
      vertex 10.1951 -0.980784 2.5
      vertex 10.1951 0.980784 2.5
    endloop
  endfacet
  facet normal 0 0 1
    outer loop
      vertex 10 1 2.5
      vertex 10 -1 2.5
      vertex 10.1951 -0.980784 2.5
    endloop
  endfacet
  facet normal -0 0 1
    outer loop
      vertex 9.80491 0.980784 2.5
      vertex 10 -1 2.5
      vertex 10 1 2.5
    endloop
  endfacet
  facet normal 0 0 1
    outer loop
      vertex 9.80491 0.980784 2.5
      vertex 9.80491 -0.980784 2.5
      vertex 10 -1 2.5
    endloop
  endfacet
  facet normal -0 0 1
    outer loop
      vertex 9.61732 0.923879 2.5
      vertex 9.80491 -0.980784 2.5
      vertex 9.80491 0.980784 2.5
    endloop
  endfacet
  facet normal 0 0 1
    outer loop
      vertex 9.61732 0.923879 2.5
      vertex 9.61732 -0.923879 2.5
      vertex 9.80491 -0.980784 2.5
    endloop
  endfacet
  facet normal -0 0 1
    outer loop
      vertex 9.44443 0.83147 2.5
      vertex 9.61732 -0.923879 2.5
      vertex 9.61732 0.923879 2.5
    endloop
  endfacet
  facet normal 0 0 1
    outer loop
      vertex 9.44443 0.83147 2.5
      vertex 9.44443 -0.83147 2.5
      vertex 9.61732 -0.923879 2.5
    endloop
  endfacet
  facet normal -0 0 1
    outer loop
      vertex 9.29289 0.707107 2.5
      vertex 9.44443 -0.83147 2.5
      vertex 9.44443 0.83147 2.5
    endloop
  endfacet
  facet normal 0 0 1
    outer loop
      vertex 9.29289 0.707107 2.5
      vertex 9.29289 -0.707107 2.5
      vertex 9.44443 -0.83147 2.5
    endloop
  endfacet
  facet normal -0 0 1
    outer loop
      vertex 9.16853 0.55557 2.5
      vertex 9.29289 -0.707107 2.5
      vertex 9.29289 0.707107 2.5
    endloop
  endfacet
  facet normal 0 0 1
    outer loop
      vertex 9.16853 0.55557 2.5
      vertex 9.16853 -0.55557 2.5
      vertex 9.29289 -0.707107 2.5
    endloop
  endfacet
  facet normal -0 0 1
    outer loop
      vertex 9.07612 0.382683 2.5
      vertex 9.16853 -0.55557 2.5
      vertex 9.16853 0.55557 2.5
    endloop
  endfacet
  facet normal 0 0 1
    outer loop
      vertex 9.07612 0.382683 2.5
      vertex 9.07612 -0.382683 2.5
      vertex 9.16853 -0.55557 2.5
    endloop
  endfacet
  facet normal -0 0 1
    outer loop
      vertex 9.01921 0.19509 2.5
      vertex 9.07612 -0.382683 2.5
      vertex 9.07612 0.382683 2.5
    endloop
  endfacet
  facet normal 0 0 1
    outer loop
      vertex 9.01921 0.19509 2.5
      vertex 9.01921 -0.19509 2.5
      vertex 9.07612 -0.382683 2.5
    endloop
  endfacet
  facet normal 0 -0 1
    outer loop
      vertex 9.01921 -0.19509 2.5
      vertex 9.01921 0.19509 2.5
      vertex 9 0 2.5
    endloop
  endfacet
  facet normal 0.772918 0.634505 0
    outer loop
      vertex 10.8315 0.55557 2.5
      vertex 10.7071 0.707107 1
      vertex 10.7071 0.707107 2.5
    endloop
  endfacet
  facet normal 0.772918 0.634505 0
    outer loop
      vertex 10.7071 0.707107 1
      vertex 10.8315 0.55557 2.5
      vertex 10.8315 0.55557 1
    endloop
  endfacet
  facet normal -0.995187 -0.0979935 0
    outer loop
      vertex 9.01921 -0.19509 1
      vertex 9 0 2.5
      vertex 9 0 1
    endloop
  endfacet
  facet normal -0.995187 -0.0979935 0
    outer loop
      vertex 9 0 2.5
      vertex 9.01921 -0.19509 1
      vertex 9.01921 -0.19509 2.5
    endloop
  endfacet
  facet normal -0.881921 -0.471397 0
    outer loop
      vertex 9.16853 -0.55557 1
      vertex 9.07612 -0.382683 2.5
      vertex 9.07612 -0.382683 1
    endloop
  endfacet
  facet normal -0.881921 -0.471397 0
    outer loop
      vertex 9.07612 -0.382683 2.5
      vertex 9.16853 -0.55557 1
      vertex 9.16853 -0.55557 2.5
    endloop
  endfacet
  facet normal -0.956934 -0.290305 0
    outer loop
      vertex 9.07612 -0.382683 1
      vertex 9.01921 -0.19509 2.5
      vertex 9.01921 -0.19509 1
    endloop
  endfacet
  facet normal -0.956934 -0.290305 0
    outer loop
      vertex 9.01921 -0.19509 2.5
      vertex 9.07612 -0.382683 1
      vertex 9.07612 -0.382683 2.5
    endloop
  endfacet
  facet normal 0.471365 0.881938 -0
    outer loop
      vertex 10.5556 0.83147 1
      vertex 10.3827 0.923879 2.5
      vertex 10.5556 0.83147 2.5
    endloop
  endfacet
  facet normal 0.471365 0.881938 0
    outer loop
      vertex 10.3827 0.923879 2.5
      vertex 10.5556 0.83147 1
      vertex 10.3827 0.923879 1
    endloop
  endfacet
  facet normal -0.290286 -0.95694 0
    outer loop
      vertex 9.61732 -0.923879 1
      vertex 9.80491 -0.980784 2.5
      vertex 9.61732 -0.923879 2.5
    endloop
  endfacet
  facet normal -0.290286 -0.95694 -0
    outer loop
      vertex 9.80491 -0.980784 2.5
      vertex 9.61732 -0.923879 1
      vertex 9.80491 -0.980784 1
    endloop
  endfacet
  facet normal 0.881943 -0.471357 0
    outer loop
      vertex 10.8315 -0.55557 2.5
      vertex 10.9239 -0.382683 1
      vertex 10.9239 -0.382683 2.5
    endloop
  endfacet
  facet normal 0.881943 -0.471357 0
    outer loop
      vertex 10.9239 -0.382683 1
      vertex 10.8315 -0.55557 2.5
      vertex 10.8315 -0.55557 1
    endloop
  endfacet
  facet normal 0.290271 0.956944 -0
    outer loop
      vertex 10.3827 0.923879 1
      vertex 10.1951 0.980784 2.5
      vertex 10.3827 0.923879 2.5
    endloop
  endfacet
  facet normal 0.290271 0.956944 0
    outer loop
      vertex 10.1951 0.980784 2.5
      vertex 10.3827 0.923879 1
      vertex 10.1951 0.980784 1
    endloop
  endfacet
  facet normal -0.881921 0.471397 0
    outer loop
      vertex 9.07612 0.382683 1
      vertex 9.16853 0.55557 2.5
      vertex 9.16853 0.55557 1
    endloop
  endfacet
  facet normal -0.881921 0.471397 0
    outer loop
      vertex 9.16853 0.55557 2.5
      vertex 9.07612 0.382683 1
      vertex 9.07612 0.382683 2.5
    endloop
  endfacet
  facet normal -0.471386 0.881927 0
    outer loop
      vertex 9.61732 0.923879 1
      vertex 9.44443 0.83147 2.5
      vertex 9.61732 0.923879 2.5
    endloop
  endfacet
  facet normal -0.471386 0.881927 0
    outer loop
      vertex 9.44443 0.83147 2.5
      vertex 9.61732 0.923879 1
      vertex 9.44443 0.83147 1
    endloop
  endfacet
  facet normal -0.634385 0.773017 0
    outer loop
      vertex 9.44443 0.83147 1
      vertex 9.29289 0.707107 2.5
      vertex 9.44443 0.83147 2.5
    endloop
  endfacet
  facet normal -0.634385 0.773017 0
    outer loop
      vertex 9.29289 0.707107 2.5
      vertex 9.44443 0.83147 1
      vertex 9.29289 0.707107 1
    endloop
  endfacet
  facet normal 0.0980188 0.995185 -0
    outer loop
      vertex 10.1951 0.980784 1
      vertex 10 1 2.5
      vertex 10.1951 0.980784 2.5
    endloop
  endfacet
  facet normal 0.0980188 0.995185 0
    outer loop
      vertex 10 1 2.5
      vertex 10.1951 0.980784 1
      vertex 10 1 1
    endloop
  endfacet
  facet normal 0.956948 -0.290258 0
    outer loop
      vertex 10.9239 -0.382683 2.5
      vertex 10.9808 -0.19509 1
      vertex 10.9808 -0.19509 2.5
    endloop
  endfacet
  facet normal 0.956948 -0.290258 0
    outer loop
      vertex 10.9808 -0.19509 1
      vertex 10.9239 -0.382683 2.5
      vertex 10.9239 -0.382683 1
    endloop
  endfacet
  facet normal -0.471386 -0.881927 0
    outer loop
      vertex 9.44443 -0.83147 1
      vertex 9.61732 -0.923879 2.5
      vertex 9.44443 -0.83147 2.5
    endloop
  endfacet
  facet normal -0.471386 -0.881927 -0
    outer loop
      vertex 9.61732 -0.923879 2.5
      vertex 9.44443 -0.83147 1
      vertex 9.61732 -0.923879 1
    endloop
  endfacet
  facet normal -0.0980238 -0.995184 0
    outer loop
      vertex 9.80491 -0.980784 1
      vertex 10 -1 2.5
      vertex 9.80491 -0.980784 2.5
    endloop
  endfacet
  facet normal -0.0980238 -0.995184 -0
    outer loop
      vertex 10 -1 2.5
      vertex 9.80491 -0.980784 1
      vertex 10 -1 1
    endloop
  endfacet
  facet normal 0.634485 0.772935 -0
    outer loop
      vertex 10.7071 0.707107 1
      vertex 10.5556 0.83147 2.5
      vertex 10.7071 0.707107 2.5
    endloop
  endfacet
  facet normal 0.634485 0.772935 0
    outer loop
      vertex 10.5556 0.83147 2.5
      vertex 10.7071 0.707107 1
      vertex 10.5556 0.83147 1
    endloop
  endfacet
  facet normal -0.773018 -0.634384 0
    outer loop
      vertex 9.29289 -0.707107 1
      vertex 9.16853 -0.55557 2.5
      vertex 9.16853 -0.55557 1
    endloop
  endfacet
  facet normal -0.773018 -0.634384 0
    outer loop
      vertex 9.16853 -0.55557 2.5
      vertex 9.29289 -0.707107 1
      vertex 9.29289 -0.707107 2.5
    endloop
  endfacet
  facet normal -0.773018 0.634384 0
    outer loop
      vertex 9.16853 0.55557 1
      vertex 9.29289 0.707107 2.5
      vertex 9.29289 0.707107 1
    endloop
  endfacet
  facet normal -0.773018 0.634384 0
    outer loop
      vertex 9.29289 0.707107 2.5
      vertex 9.16853 0.55557 1
      vertex 9.16853 0.55557 2.5
    endloop
  endfacet
  facet normal -0.995187 0.0979935 0
    outer loop
      vertex 9 0 1
      vertex 9.01921 0.19509 2.5
      vertex 9.01921 0.19509 1
    endloop
  endfacet
  facet normal -0.995187 0.0979935 0
    outer loop
      vertex 9.01921 0.19509 2.5
      vertex 9 0 1
      vertex 9 0 2.5
    endloop
  endfacet
  facet normal 0.0980188 -0.995185 0
    outer loop
      vertex 10 -1 1
      vertex 10.1951 -0.980784 2.5
      vertex 10 -1 2.5
    endloop
  endfacet
  facet normal 0.0980188 -0.995185 0
    outer loop
      vertex 10.1951 -0.980784 2.5
      vertex 10 -1 1
      vertex 10.1951 -0.980784 1
    endloop
  endfacet
  facet normal 0.634485 -0.772935 0
    outer loop
      vertex 10.5556 -0.83147 1
      vertex 10.7071 -0.707107 2.5
      vertex 10.5556 -0.83147 2.5
    endloop
  endfacet
  facet normal 0.634485 -0.772935 0
    outer loop
      vertex 10.7071 -0.707107 2.5
      vertex 10.5556 -0.83147 1
      vertex 10.7071 -0.707107 1
    endloop
  endfacet
  facet normal 0.772918 -0.634505 0
    outer loop
      vertex 10.7071 -0.707107 2.5
      vertex 10.8315 -0.55557 1
      vertex 10.8315 -0.55557 2.5
    endloop
  endfacet
  facet normal 0.772918 -0.634505 0
    outer loop
      vertex 10.8315 -0.55557 1
      vertex 10.7071 -0.707107 2.5
      vertex 10.7071 -0.707107 1
    endloop
  endfacet
  facet normal 0.290271 -0.956944 0
    outer loop
      vertex 10.1951 -0.980784 1
      vertex 10.3827 -0.923879 2.5
      vertex 10.1951 -0.980784 2.5
    endloop
  endfacet
  facet normal 0.290271 -0.956944 0
    outer loop
      vertex 10.3827 -0.923879 2.5
      vertex 10.1951 -0.980784 1
      vertex 10.3827 -0.923879 1
    endloop
  endfacet
  facet normal -0.0980238 0.995184 0
    outer loop
      vertex 10 1 1
      vertex 9.80491 0.980784 2.5
      vertex 10 1 2.5
    endloop
  endfacet
  facet normal -0.0980238 0.995184 0
    outer loop
      vertex 9.80491 0.980784 2.5
      vertex 10 1 1
      vertex 9.80491 0.980784 1
    endloop
  endfacet
  facet normal -0.956934 0.290305 0
    outer loop
      vertex 9.01921 0.19509 1
      vertex 9.07612 0.382683 2.5
      vertex 9.07612 0.382683 1
    endloop
  endfacet
  facet normal -0.956934 0.290305 0
    outer loop
      vertex 9.07612 0.382683 2.5
      vertex 9.01921 0.19509 1
      vertex 9.01921 0.19509 2.5
    endloop
  endfacet
  facet normal 0.0980238 0.995184 -0
    outer loop
      vertex -9.80491 0.980784 1
      vertex -10 1 2.5
      vertex -9.80491 0.980784 2.5
    endloop
  endfacet
  facet normal 0.0980238 0.995184 0
    outer loop
      vertex -10 1 2.5
      vertex -9.80491 0.980784 1
      vertex -10 1 1
    endloop
  endfacet
  facet normal 0.881921 -0.471397 0
    outer loop
      vertex -9.16853 -0.55557 2.5
      vertex -9.07612 -0.382683 1
      vertex -9.07612 -0.382683 2.5
    endloop
  endfacet
  facet normal 0.881921 -0.471397 0
    outer loop
      vertex -9.07612 -0.382683 1
      vertex -9.16853 -0.55557 2.5
      vertex -9.16853 -0.55557 1
    endloop
  endfacet
  facet normal 0.956934 0.290305 0
    outer loop
      vertex -9.01921 0.19509 2.5
      vertex -9.07612 0.382683 1
      vertex -9.07612 0.382683 2.5
    endloop
  endfacet
  facet normal 0.956934 0.290305 0
    outer loop
      vertex -9.07612 0.382683 1
      vertex -9.01921 0.19509 2.5
      vertex -9.01921 0.19509 1
    endloop
  endfacet
  facet normal 0.995187 0.0979935 0
    outer loop
      vertex -9 0 2.5
      vertex -9.01921 0.19509 1
      vertex -9.01921 0.19509 2.5
    endloop
  endfacet
  facet normal 0.995187 0.0979935 0
    outer loop
      vertex -9.01921 0.19509 1
      vertex -9 0 2.5
      vertex -9 0 1
    endloop
  endfacet
  facet normal 0.881921 0.471397 0
    outer loop
      vertex -9.07612 0.382683 2.5
      vertex -9.16853 0.55557 1
      vertex -9.16853 0.55557 2.5
    endloop
  endfacet
  facet normal 0.881921 0.471397 0
    outer loop
      vertex -9.16853 0.55557 1
      vertex -9.07612 0.382683 2.5
      vertex -9.07612 0.382683 1
    endloop
  endfacet
  facet normal 0.0980238 -0.995184 0
    outer loop
      vertex -10 -1 1
      vertex -9.80491 -0.980784 2.5
      vertex -10 -1 2.5
    endloop
  endfacet
  facet normal 0.0980238 -0.995184 0
    outer loop
      vertex -9.80491 -0.980784 2.5
      vertex -10 -1 1
      vertex -9.80491 -0.980784 1
    endloop
  endfacet
  facet normal 0.773018 0.634384 0
    outer loop
      vertex -9.16853 0.55557 2.5
      vertex -9.29289 0.707107 1
      vertex -9.29289 0.707107 2.5
    endloop
  endfacet
  facet normal 0.773018 0.634384 0
    outer loop
      vertex -9.29289 0.707107 1
      vertex -9.16853 0.55557 2.5
      vertex -9.16853 0.55557 1
    endloop
  endfacet
  facet normal -0.995192 0.0979429 0
    outer loop
      vertex -11 0 1
      vertex -10.9808 0.19509 2.5
      vertex -10.9808 0.19509 1
    endloop
  endfacet
  facet normal -0.995192 0.0979429 0
    outer loop
      vertex -10.9808 0.19509 2.5
      vertex -11 0 1
      vertex -11 0 2.5
    endloop
  endfacet
  facet normal -0.634485 -0.772935 0
    outer loop
      vertex -10.7071 -0.707107 1
      vertex -10.5556 -0.83147 2.5
      vertex -10.7071 -0.707107 2.5
    endloop
  endfacet
  facet normal -0.634485 -0.772935 -0
    outer loop
      vertex -10.5556 -0.83147 2.5
      vertex -10.7071 -0.707107 1
      vertex -10.5556 -0.83147 1
    endloop
  endfacet
  facet normal 0.290286 0.95694 -0
    outer loop
      vertex -9.61732 0.923879 1
      vertex -9.80491 0.980784 2.5
      vertex -9.61732 0.923879 2.5
    endloop
  endfacet
  facet normal 0.290286 0.95694 0
    outer loop
      vertex -9.80491 0.980784 2.5
      vertex -9.61732 0.923879 1
      vertex -9.80491 0.980784 1
    endloop
  endfacet
  facet normal -0.956948 0.290258 0
    outer loop
      vertex -10.9808 0.19509 1
      vertex -10.9239 0.382683 2.5
      vertex -10.9239 0.382683 1
    endloop
  endfacet
  facet normal -0.956948 0.290258 0
    outer loop
      vertex -10.9239 0.382683 2.5
      vertex -10.9808 0.19509 1
      vertex -10.9808 0.19509 2.5
    endloop
  endfacet
  facet normal 0.290286 -0.95694 0
    outer loop
      vertex -9.80491 -0.980784 1
      vertex -9.61732 -0.923879 2.5
      vertex -9.80491 -0.980784 2.5
    endloop
  endfacet
  facet normal 0.290286 -0.95694 0
    outer loop
      vertex -9.61732 -0.923879 2.5
      vertex -9.80491 -0.980784 1
      vertex -9.61732 -0.923879 1
    endloop
  endfacet
  facet normal 0.471386 0.881927 -0
    outer loop
      vertex -9.44443 0.83147 1
      vertex -9.61732 0.923879 2.5
      vertex -9.44443 0.83147 2.5
    endloop
  endfacet
  facet normal 0.471386 0.881927 0
    outer loop
      vertex -9.61732 0.923879 2.5
      vertex -9.44443 0.83147 1
      vertex -9.61732 0.923879 1
    endloop
  endfacet
  facet normal 0.956934 -0.290305 0
    outer loop
      vertex -9.07612 -0.382683 2.5
      vertex -9.01921 -0.19509 1
      vertex -9.01921 -0.19509 2.5
    endloop
  endfacet
  facet normal 0.956934 -0.290305 0
    outer loop
      vertex -9.01921 -0.19509 1
      vertex -9.07612 -0.382683 2.5
      vertex -9.07612 -0.382683 1
    endloop
  endfacet
  facet normal -0.772918 0.634505 0
    outer loop
      vertex -10.8315 0.55557 1
      vertex -10.7071 0.707107 2.5
      vertex -10.7071 0.707107 1
    endloop
  endfacet
  facet normal -0.772918 0.634505 0
    outer loop
      vertex -10.7071 0.707107 2.5
      vertex -10.8315 0.55557 1
      vertex -10.8315 0.55557 2.5
    endloop
  endfacet
  facet normal 0.634385 0.773017 -0
    outer loop
      vertex -9.29289 0.707107 1
      vertex -9.44443 0.83147 2.5
      vertex -9.29289 0.707107 2.5
    endloop
  endfacet
  facet normal 0.634385 0.773017 0
    outer loop
      vertex -9.44443 0.83147 2.5
      vertex -9.29289 0.707107 1
      vertex -9.44443 0.83147 1
    endloop
  endfacet
  facet normal -0.881943 -0.471357 0
    outer loop
      vertex -10.8315 -0.55557 1
      vertex -10.9239 -0.382683 2.5
      vertex -10.9239 -0.382683 1
    endloop
  endfacet
  facet normal -0.881943 -0.471357 0
    outer loop
      vertex -10.9239 -0.382683 2.5
      vertex -10.8315 -0.55557 1
      vertex -10.8315 -0.55557 2.5
    endloop
  endfacet
  facet normal -0.290271 0.956944 0
    outer loop
      vertex -10.1951 0.980784 1
      vertex -10.3827 0.923879 2.5
      vertex -10.1951 0.980784 2.5
    endloop
  endfacet
  facet normal -0.290271 0.956944 0
    outer loop
      vertex -10.3827 0.923879 2.5
      vertex -10.1951 0.980784 1
      vertex -10.3827 0.923879 1
    endloop
  endfacet
  facet normal 0.634385 -0.773017 0
    outer loop
      vertex -9.44443 -0.83147 1
      vertex -9.29289 -0.707107 2.5
      vertex -9.44443 -0.83147 2.5
    endloop
  endfacet
  facet normal 0.634385 -0.773017 0
    outer loop
      vertex -9.29289 -0.707107 2.5
      vertex -9.44443 -0.83147 1
      vertex -9.29289 -0.707107 1
    endloop
  endfacet
  facet normal -0.471365 0.881938 0
    outer loop
      vertex -10.3827 0.923879 1
      vertex -10.5556 0.83147 2.5
      vertex -10.3827 0.923879 2.5
    endloop
  endfacet
  facet normal -0.471365 0.881938 0
    outer loop
      vertex -10.5556 0.83147 2.5
      vertex -10.3827 0.923879 1
      vertex -10.5556 0.83147 1
    endloop
  endfacet
  facet normal -0.634485 0.772935 0
    outer loop
      vertex -10.5556 0.83147 1
      vertex -10.7071 0.707107 2.5
      vertex -10.5556 0.83147 2.5
    endloop
  endfacet
  facet normal -0.634485 0.772935 0
    outer loop
      vertex -10.7071 0.707107 2.5
      vertex -10.5556 0.83147 1
      vertex -10.7071 0.707107 1
    endloop
  endfacet
  facet normal 0.471386 -0.881927 0
    outer loop
      vertex -9.61732 -0.923879 1
      vertex -9.44443 -0.83147 2.5
      vertex -9.61732 -0.923879 2.5
    endloop
  endfacet
  facet normal 0.471386 -0.881927 0
    outer loop
      vertex -9.44443 -0.83147 2.5
      vertex -9.61732 -0.923879 1
      vertex -9.44443 -0.83147 1
    endloop
  endfacet
  facet normal 0.995187 -0.0979935 0
    outer loop
      vertex -9.01921 -0.19509 2.5
      vertex -9 0 1
      vertex -9 0 2.5
    endloop
  endfacet
  facet normal 0.995187 -0.0979935 0
    outer loop
      vertex -9 0 1
      vertex -9.01921 -0.19509 2.5
      vertex -9.01921 -0.19509 1
    endloop
  endfacet
  facet normal 0 0 1
    outer loop
      vertex -9.01921 0.19509 2.5
      vertex -9.01921 -0.19509 2.5
      vertex -9 0 2.5
    endloop
  endfacet
  facet normal 0 0 1
    outer loop
      vertex -9.07612 0.382683 2.5
      vertex -9.01921 -0.19509 2.5
      vertex -9.01921 0.19509 2.5
    endloop
  endfacet
  facet normal 0 0 1
    outer loop
      vertex -9.07612 0.382683 2.5
      vertex -9.07612 -0.382683 2.5
      vertex -9.01921 -0.19509 2.5
    endloop
  endfacet
  facet normal 0 0 1
    outer loop
      vertex -9.16853 0.55557 2.5
      vertex -9.07612 -0.382683 2.5
      vertex -9.07612 0.382683 2.5
    endloop
  endfacet
  facet normal 0 0 1
    outer loop
      vertex -9.16853 0.55557 2.5
      vertex -9.16853 -0.55557 2.5
      vertex -9.07612 -0.382683 2.5
    endloop
  endfacet
  facet normal 0 0 1
    outer loop
      vertex -9.29289 0.707107 2.5
      vertex -9.16853 -0.55557 2.5
      vertex -9.16853 0.55557 2.5
    endloop
  endfacet
  facet normal 0 0 1
    outer loop
      vertex -9.29289 0.707107 2.5
      vertex -9.29289 -0.707107 2.5
      vertex -9.16853 -0.55557 2.5
    endloop
  endfacet
  facet normal 0 0 1
    outer loop
      vertex -9.44443 0.83147 2.5
      vertex -9.29289 -0.707107 2.5
      vertex -9.29289 0.707107 2.5
    endloop
  endfacet
  facet normal 0 0 1
    outer loop
      vertex -9.44443 0.83147 2.5
      vertex -9.44443 -0.83147 2.5
      vertex -9.29289 -0.707107 2.5
    endloop
  endfacet
  facet normal 0 0 1
    outer loop
      vertex -9.61732 0.923879 2.5
      vertex -9.44443 -0.83147 2.5
      vertex -9.44443 0.83147 2.5
    endloop
  endfacet
  facet normal 0 0 1
    outer loop
      vertex -9.61732 0.923879 2.5
      vertex -9.61732 -0.923879 2.5
      vertex -9.44443 -0.83147 2.5
    endloop
  endfacet
  facet normal 0 0 1
    outer loop
      vertex -9.80491 0.980784 2.5
      vertex -9.61732 -0.923879 2.5
      vertex -9.61732 0.923879 2.5
    endloop
  endfacet
  facet normal 0 0 1
    outer loop
      vertex -9.80491 0.980784 2.5
      vertex -9.80491 -0.980784 2.5
      vertex -9.61732 -0.923879 2.5
    endloop
  endfacet
  facet normal 0 0 1
    outer loop
      vertex -10 1 2.5
      vertex -9.80491 -0.980784 2.5
      vertex -9.80491 0.980784 2.5
    endloop
  endfacet
  facet normal 0 0 1
    outer loop
      vertex -10 1 2.5
      vertex -10 -1 2.5
      vertex -9.80491 -0.980784 2.5
    endloop
  endfacet
  facet normal -0 0 1
    outer loop
      vertex -10.1951 0.980784 2.5
      vertex -10 -1 2.5
      vertex -10 1 2.5
    endloop
  endfacet
  facet normal 0 0 1
    outer loop
      vertex -10.1951 0.980784 2.5
      vertex -10.1951 -0.980784 2.5
      vertex -10 -1 2.5
    endloop
  endfacet
  facet normal -0 0 1
    outer loop
      vertex -10.3827 0.923879 2.5
      vertex -10.1951 -0.980784 2.5
      vertex -10.1951 0.980784 2.5
    endloop
  endfacet
  facet normal 0 0 1
    outer loop
      vertex -10.3827 0.923879 2.5
      vertex -10.3827 -0.923879 2.5
      vertex -10.1951 -0.980784 2.5
    endloop
  endfacet
  facet normal -0 0 1
    outer loop
      vertex -10.5556 0.83147 2.5
      vertex -10.3827 -0.923879 2.5
      vertex -10.3827 0.923879 2.5
    endloop
  endfacet
  facet normal 0 0 1
    outer loop
      vertex -10.5556 0.83147 2.5
      vertex -10.5556 -0.83147 2.5
      vertex -10.3827 -0.923879 2.5
    endloop
  endfacet
  facet normal -0 0 1
    outer loop
      vertex -10.7071 0.707107 2.5
      vertex -10.5556 -0.83147 2.5
      vertex -10.5556 0.83147 2.5
    endloop
  endfacet
  facet normal 0 0 1
    outer loop
      vertex -10.7071 0.707107 2.5
      vertex -10.7071 -0.707107 2.5
      vertex -10.5556 -0.83147 2.5
    endloop
  endfacet
  facet normal -0 0 1
    outer loop
      vertex -10.8315 0.55557 2.5
      vertex -10.7071 -0.707107 2.5
      vertex -10.7071 0.707107 2.5
    endloop
  endfacet
  facet normal 0 0 1
    outer loop
      vertex -10.8315 0.55557 2.5
      vertex -10.8315 -0.55557 2.5
      vertex -10.7071 -0.707107 2.5
    endloop
  endfacet
  facet normal -0 0 1
    outer loop
      vertex -10.9239 0.382683 2.5
      vertex -10.8315 -0.55557 2.5
      vertex -10.8315 0.55557 2.5
    endloop
  endfacet
  facet normal 0 0 1
    outer loop
      vertex -10.9239 0.382683 2.5
      vertex -10.9239 -0.382683 2.5
      vertex -10.8315 -0.55557 2.5
    endloop
  endfacet
  facet normal -0 0 1
    outer loop
      vertex -10.9808 0.19509 2.5
      vertex -10.9239 -0.382683 2.5
      vertex -10.9239 0.382683 2.5
    endloop
  endfacet
  facet normal 0 0 1
    outer loop
      vertex -10.9808 0.19509 2.5
      vertex -10.9808 -0.19509 2.5
      vertex -10.9239 -0.382683 2.5
    endloop
  endfacet
  facet normal 0 -0 1
    outer loop
      vertex -10.9808 -0.19509 2.5
      vertex -10.9808 0.19509 2.5
      vertex -11 0 2.5
    endloop
  endfacet
  facet normal -0.0980188 0.995185 0
    outer loop
      vertex -10 1 1
      vertex -10.1951 0.980784 2.5
      vertex -10 1 2.5
    endloop
  endfacet
  facet normal -0.0980188 0.995185 0
    outer loop
      vertex -10.1951 0.980784 2.5
      vertex -10 1 1
      vertex -10.1951 0.980784 1
    endloop
  endfacet
  facet normal -0.881943 0.471357 0
    outer loop
      vertex -10.9239 0.382683 1
      vertex -10.8315 0.55557 2.5
      vertex -10.8315 0.55557 1
    endloop
  endfacet
  facet normal -0.881943 0.471357 0
    outer loop
      vertex -10.8315 0.55557 2.5
      vertex -10.9239 0.382683 1
      vertex -10.9239 0.382683 2.5
    endloop
  endfacet
  facet normal 0.773018 -0.634384 0
    outer loop
      vertex -9.29289 -0.707107 2.5
      vertex -9.16853 -0.55557 1
      vertex -9.16853 -0.55557 2.5
    endloop
  endfacet
  facet normal 0.773018 -0.634384 0
    outer loop
      vertex -9.16853 -0.55557 1
      vertex -9.29289 -0.707107 2.5
      vertex -9.29289 -0.707107 1
    endloop
  endfacet
  facet normal -0.956948 -0.290258 0
    outer loop
      vertex -10.9239 -0.382683 1
      vertex -10.9808 -0.19509 2.5
      vertex -10.9808 -0.19509 1
    endloop
  endfacet
  facet normal -0.956948 -0.290258 0
    outer loop
      vertex -10.9808 -0.19509 2.5
      vertex -10.9239 -0.382683 1
      vertex -10.9239 -0.382683 2.5
    endloop
  endfacet
  facet normal -0.995192 -0.0979429 0
    outer loop
      vertex -10.9808 -0.19509 1
      vertex -11 0 2.5
      vertex -11 0 1
    endloop
  endfacet
  facet normal -0.995192 -0.0979429 0
    outer loop
      vertex -11 0 2.5
      vertex -10.9808 -0.19509 1
      vertex -10.9808 -0.19509 2.5
    endloop
  endfacet
  facet normal -0.772918 -0.634505 0
    outer loop
      vertex -10.7071 -0.707107 1
      vertex -10.8315 -0.55557 2.5
      vertex -10.8315 -0.55557 1
    endloop
  endfacet
  facet normal -0.772918 -0.634505 0
    outer loop
      vertex -10.8315 -0.55557 2.5
      vertex -10.7071 -0.707107 1
      vertex -10.7071 -0.707107 2.5
    endloop
  endfacet
  facet normal -0.471365 -0.881938 0
    outer loop
      vertex -10.5556 -0.83147 1
      vertex -10.3827 -0.923879 2.5
      vertex -10.5556 -0.83147 2.5
    endloop
  endfacet
  facet normal -0.471365 -0.881938 -0
    outer loop
      vertex -10.3827 -0.923879 2.5
      vertex -10.5556 -0.83147 1
      vertex -10.3827 -0.923879 1
    endloop
  endfacet
  facet normal -0.0980188 -0.995185 0
    outer loop
      vertex -10.1951 -0.980784 1
      vertex -10 -1 2.5
      vertex -10.1951 -0.980784 2.5
    endloop
  endfacet
  facet normal -0.0980188 -0.995185 -0
    outer loop
      vertex -10 -1 2.5
      vertex -10.1951 -0.980784 1
      vertex -10 -1 1
    endloop
  endfacet
  facet normal -0.290271 -0.956944 0
    outer loop
      vertex -10.3827 -0.923879 1
      vertex -10.1951 -0.980784 2.5
      vertex -10.3827 -0.923879 2.5
    endloop
  endfacet
  facet normal -0.290271 -0.956944 -0
    outer loop
      vertex -10.1951 -0.980784 2.5
      vertex -10.3827 -0.923879 1
      vertex -10.1951 -0.980784 1
    endloop
  endfacet
  facet normal 0.963754 -0.266793 0
    outer loop
      vertex 12.0574 -3.65759 1
      vertex 12.2224 -3.06155 0
      vertex 12.2224 -3.06155 1
    endloop
  endfacet
  facet normal 0.963754 -0.266793 0
    outer loop
      vertex 12.2224 -3.06155 0
      vertex 12.0574 -3.65759 1
      vertex 12.0574 -3.65759 0
    endloop
  endfacet
  facet normal -0.844827 -0.53504 0
    outer loop
      vertex -10.4765 -7.00018 0
      vertex -10.8074 -6.47769 1
      vertex -10.8074 -6.47769 0
    endloop
  endfacet
  facet normal -0.844827 -0.53504 0
    outer loop
      vertex -10.8074 -6.47769 1
      vertex -10.4765 -7.00018 0
      vertex -10.4765 -7.00018 1
    endloop
  endfacet
  facet normal -0.170914 -0.985286 0
    outer loop
      vertex -2.45814 -12.3579 0
      vertex -1.8488 -12.4636 1
      vertex -2.45814 -12.3579 1
    endloop
  endfacet
  facet normal -0.170914 -0.985286 -0
    outer loop
      vertex -1.8488 -12.4636 1
      vertex -2.45814 -12.3579 0
      vertex -1.8488 -12.4636 0
    endloop
  endfacet
  facet normal -0.99729 -0.0735717 0
    outer loop
      vertex -12.5393 -1.23502 0
      vertex -12.5848 -0.618252 1
      vertex -12.5848 -0.618252 0
    endloop
  endfacet
  facet normal -0.99729 -0.0735717 0
    outer loop
      vertex -12.5848 -0.618252 1
      vertex -12.5393 -1.23502 0
      vertex -12.5393 -1.23502 1
    endloop
  endfacet
  facet normal 0.99248 0.122407 0
    outer loop
      vertex 12.5393 1.23502 1
      vertex 12.4636 1.8488 0
      vertex 12.4636 1.8488 1
    endloop
  endfacet
  facet normal 0.99248 0.122407 0
    outer loop
      vertex 12.4636 1.8488 0
      vertex 12.5393 1.23502 1
      vertex 12.5393 1.23502 0
    endloop
  endfacet
  facet normal -0.757209 -0.653173 0
    outer loop
      vertex -9.33598 -8.46164 0
      vertex -9.73993 -7.99335 1
      vertex -9.73993 -7.99335 0
    endloop
  endfacet
  facet normal -0.757209 -0.653173 0
    outer loop
      vertex -9.73993 -7.99335 1
      vertex -9.33598 -8.46164 0
      vertex -9.33598 -8.46164 1
    endloop
  endfacet
  facet normal 0.99729 0.0735717 0
    outer loop
      vertex 12.5848 0.618252 1
      vertex 12.5393 1.23502 0
      vertex 12.5393 1.23502 1
    endloop
  endfacet
  facet normal 0.99729 0.0735717 0
    outer loop
      vertex 12.5393 1.23502 0
      vertex 12.5848 0.618252 1
      vertex 12.5848 0.618252 0
    endloop
  endfacet
  facet normal -0.932978 -0.359932 0
    outer loop
      vertex -11.6409 -4.82181 0
      vertex -11.8635 -4.24481 1
      vertex -11.8635 -4.24481 0
    endloop
  endfacet
  facet normal -0.932978 -0.359932 0
    outer loop
      vertex -11.8635 -4.24481 1
      vertex -11.6409 -4.82181 0
      vertex -11.6409 -4.82181 1
    endloop
  endfacet
  facet normal 0.949572 0.313549 0
    outer loop
      vertex 12.0574 3.65759 1
      vertex 11.8635 4.24481 0
      vertex 11.8635 4.24481 1
    endloop
  endfacet
  facet normal 0.949572 0.313549 0
    outer loop
      vertex 11.8635 4.24481 0
      vertex 12.0574 3.65759 1
      vertex 12.0574 3.65759 0
    endloop
  endfacet
  facet normal 0.40522 0.914219 -0
    outer loop
      vertex 5.38719 11.3903 0
      vertex 4.82181 11.6409 1
      vertex 5.38719 11.3903 1
    endloop
  endfacet
  facet normal 0.40522 0.914219 0
    outer loop
      vertex 4.82181 11.6409 1
      vertex 5.38719 11.3903 0
      vertex 4.82181 11.6409 0
    endloop
  endfacet
  facet normal -0.53504 -0.844827 0
    outer loop
      vertex -7.00018 -10.4765 0
      vertex -6.47769 -10.8074 1
      vertex -7.00018 -10.4765 1
    endloop
  endfacet
  facet normal -0.53504 -0.844827 -0
    outer loop
      vertex -6.47769 -10.8074 1
      vertex -7.00018 -10.4765 0
      vertex -6.47769 -10.8074 0
    endloop
  endfacet
  facet normal -0.870104 -0.492869 0
    outer loop
      vertex -10.8074 -6.47769 0
      vertex -11.1122 -5.9396 1
      vertex -11.1122 -5.9396 0
    endloop
  endfacet
  facet normal -0.870104 -0.492869 0
    outer loop
      vertex -11.1122 -5.9396 1
      vertex -10.8074 -6.47769 0
      vertex -10.8074 -6.47769 1
    endloop
  endfacet
  facet normal -0.985286 -0.170914 0
    outer loop
      vertex -12.3579 -2.45814 0
      vertex -12.4636 -1.8488 1
      vertex -12.4636 -1.8488 0
    endloop
  endfacet
  facet normal -0.985286 -0.170914 0
    outer loop
      vertex -12.4636 -1.8488 1
      vertex -12.3579 -2.45814 0
      vertex -12.3579 -2.45814 1
    endloop
  endfacet
  facet normal 0.99729 -0.0735717 0
    outer loop
      vertex 12.5393 -1.23502 1
      vertex 12.5848 -0.618252 0
      vertex 12.5848 -0.618252 1
    endloop
  endfacet
  facet normal 0.99729 -0.0735717 0
    outer loop
      vertex 12.5848 -0.618252 0
      vertex 12.5393 -1.23502 1
      vertex 12.5393 -1.23502 0
    endloop
  endfacet
  facet normal 0.985286 -0.170914 0
    outer loop
      vertex 12.3579 -2.45814 1
      vertex 12.4636 -1.8488 0
      vertex 12.4636 -1.8488 1
    endloop
  endfacet
  facet normal 0.985286 -0.170914 0
    outer loop
      vertex 12.4636 -1.8488 0
      vertex 12.3579 -2.45814 1
      vertex 12.3579 -2.45814 0
    endloop
  endfacet
  facet normal 0.914219 0.40522 0
    outer loop
      vertex 11.6409 4.82181 1
      vertex 11.3903 5.38719 0
      vertex 11.3903 5.38719 1
    endloop
  endfacet
  facet normal 0.914219 0.40522 0
    outer loop
      vertex 11.3903 5.38719 0
      vertex 11.6409 4.82181 1
      vertex 11.6409 4.82181 0
    endloop
  endfacet
  facet normal 0.844827 -0.53504 0
    outer loop
      vertex 10.4765 -7.00018 1
      vertex 10.8074 -6.47769 0
      vertex 10.8074 -6.47769 1
    endloop
  endfacet
  facet normal 0.844827 -0.53504 0
    outer loop
      vertex 10.8074 -6.47769 0
      vertex 10.4765 -7.00018 1
      vertex 10.4765 -7.00018 0
    endloop
  endfacet
  facet normal 0.817588 -0.575803 0
    outer loop
      vertex 10.1204 -7.50581 1
      vertex 10.4765 -7.00018 0
      vertex 10.4765 -7.00018 1
    endloop
  endfacet
  facet normal 0.817588 -0.575803 0
    outer loop
      vertex 10.4765 -7.00018 0
      vertex 10.1204 -7.50581 1
      vertex 10.1204 -7.50581 0
    endloop
  endfacet
  facet normal 0.893198 0.449663 0
    outer loop
      vertex 11.3903 5.38719 1
      vertex 11.1122 5.9396 0
      vertex 11.1122 5.9396 1
    endloop
  endfacet
  facet normal 0.893198 0.449663 0
    outer loop
      vertex 11.1122 5.9396 0
      vertex 11.3903 5.38719 1
      vertex 11.3903 5.38719 0
    endloop
  endfacet
  facet normal 0.359932 -0.932978 0
    outer loop
      vertex 4.24481 -11.8635 0
      vertex 4.82181 -11.6409 1
      vertex 4.24481 -11.8635 1
    endloop
  endfacet
  facet normal 0.359932 -0.932978 0
    outer loop
      vertex 4.82181 -11.6409 1
      vertex 4.24481 -11.8635 0
      vertex 4.82181 -11.6409 0
    endloop
  endfacet
  facet normal 0.0735717 0.99729 -0
    outer loop
      vertex 1.23502 12.5393 0
      vertex 0.618252 12.5848 1
      vertex 1.23502 12.5393 1
    endloop
  endfacet
  facet normal 0.0735717 0.99729 0
    outer loop
      vertex 0.618252 12.5848 1
      vertex 1.23502 12.5393 0
      vertex 0.618252 12.5848 0
    endloop
  endfacet
  facet normal -0.219101 -0.975702 0
    outer loop
      vertex -3.06155 -12.2224 0
      vertex -2.45814 -12.3579 1
      vertex -3.06155 -12.2224 1
    endloop
  endfacet
  facet normal -0.219101 -0.975702 -0
    outer loop
      vertex -2.45814 -12.3579 1
      vertex -3.06155 -12.2224 0
      vertex -2.45814 -12.3579 0
    endloop
  endfacet
  facet normal 0.999698 -0.024578 0
    outer loop
      vertex 12.5848 -0.618252 1
      vertex 12.6 0 0
      vertex 12.6 0 1
    endloop
  endfacet
  facet normal 0.999698 -0.024578 0
    outer loop
      vertex 12.6 0 0
      vertex 12.5848 -0.618252 1
      vertex 12.5848 -0.618252 0
    endloop
  endfacet
  facet normal -0.963754 0.266793 0
    outer loop
      vertex -12.2224 3.06155 0
      vertex -12.0574 3.65759 1
      vertex -12.0574 3.65759 0
    endloop
  endfacet
  facet normal -0.963754 0.266793 0
    outer loop
      vertex -12.0574 3.65759 1
      vertex -12.2224 3.06155 0
      vertex -12.2224 3.06155 1
    endloop
  endfacet
  facet normal 0.788354 -0.615222 0
    outer loop
      vertex 9.73993 -7.99335 1
      vertex 10.1204 -7.50581 0
      vertex 10.1204 -7.50581 1
    endloop
  endfacet
  facet normal 0.788354 -0.615222 0
    outer loop
      vertex 10.1204 -7.50581 0
      vertex 9.73993 -7.99335 1
      vertex 9.73993 -7.99335 0
    endloop
  endfacet
  facet normal -0.359932 -0.932978 0
    outer loop
      vertex -4.82181 -11.6409 0
      vertex -4.24481 -11.8635 1
      vertex -4.82181 -11.6409 1
    endloop
  endfacet
  facet normal -0.359932 -0.932978 -0
    outer loop
      vertex -4.24481 -11.8635 1
      vertex -4.82181 -11.6409 0
      vertex -4.24481 -11.8635 0
    endloop
  endfacet
  facet normal 0.0735717 -0.99729 0
    outer loop
      vertex 0.618252 -12.5848 0
      vertex 1.23502 -12.5393 1
      vertex 0.618252 -12.5848 1
    endloop
  endfacet
  facet normal 0.0735717 -0.99729 0
    outer loop
      vertex 1.23502 -12.5393 1
      vertex 0.618252 -12.5848 0
      vertex 1.23502 -12.5393 0
    endloop
  endfacet
  facet normal 0.122407 -0.99248 0
    outer loop
      vertex 1.23502 -12.5393 0
      vertex 1.8488 -12.4636 1
      vertex 1.23502 -12.5393 1
    endloop
  endfacet
  facet normal 0.122407 -0.99248 0
    outer loop
      vertex 1.8488 -12.4636 1
      vertex 1.23502 -12.5393 0
      vertex 1.8488 -12.4636 0
    endloop
  endfacet
  facet normal 0.999698 0.024578 0
    outer loop
      vertex 12.6 0 1
      vertex 12.5848 0.618252 0
      vertex 12.5848 0.618252 1
    endloop
  endfacet
  facet normal 0.999698 0.024578 0
    outer loop
      vertex 12.5848 0.618252 0
      vertex 12.6 0 1
      vertex 12.6 0 0
    endloop
  endfacet
  facet normal 0.932978 0.359932 0
    outer loop
      vertex 11.8635 4.24481 1
      vertex 11.6409 4.82181 0
      vertex 11.6409 4.82181 1
    endloop
  endfacet
  facet normal 0.932978 0.359932 0
    outer loop
      vertex 11.6409 4.82181 0
      vertex 11.8635 4.24481 1
      vertex 11.8635 4.24481 0
    endloop
  endfacet
  facet normal 0.817588 0.575803 0
    outer loop
      vertex 10.4765 7.00018 1
      vertex 10.1204 7.50581 0
      vertex 10.1204 7.50581 1
    endloop
  endfacet
  facet normal 0.817588 0.575803 0
    outer loop
      vertex 10.1204 7.50581 0
      vertex 10.4765 7.00018 1
      vertex 10.4765 7.00018 0
    endloop
  endfacet
  facet normal -0.653173 0.757209 0
    outer loop
      vertex -7.99335 9.73993 0
      vertex -8.46164 9.33598 1
      vertex -7.99335 9.73993 1
    endloop
  endfacet
  facet normal -0.653173 0.757209 0
    outer loop
      vertex -8.46164 9.33598 1
      vertex -7.99335 9.73993 0
      vertex -8.46164 9.33598 0
    endloop
  endfacet
  facet normal 0.844827 0.53504 0
    outer loop
      vertex 10.8074 6.47769 1
      vertex 10.4765 7.00018 0
      vertex 10.4765 7.00018 1
    endloop
  endfacet
  facet normal 0.844827 0.53504 0
    outer loop
      vertex 10.4765 7.00018 0
      vertex 10.8074 6.47769 1
      vertex 10.8074 6.47769 0
    endloop
  endfacet
  facet normal 0.313549 0.949572 -0
    outer loop
      vertex 4.24481 11.8635 0
      vertex 3.65759 12.0574 1
      vertex 4.24481 11.8635 1
    endloop
  endfacet
  facet normal 0.313549 0.949572 0
    outer loop
      vertex 3.65759 12.0574 1
      vertex 4.24481 11.8635 0
      vertex 3.65759 12.0574 0
    endloop
  endfacet
  facet normal -0.024578 -0.999698 0
    outer loop
      vertex -0.618252 -12.5848 0
      vertex 0 -12.6 1
      vertex -0.618252 -12.5848 1
    endloop
  endfacet
  facet normal -0.024578 -0.999698 -0
    outer loop
      vertex 0 -12.6 1
      vertex -0.618252 -12.5848 0
      vertex 0 -12.6 0
    endloop
  endfacet
  facet normal -0.817588 -0.575803 0
    outer loop
      vertex -10.1204 -7.50581 0
      vertex -10.4765 -7.00018 1
      vertex -10.4765 -7.00018 0
    endloop
  endfacet
  facet normal -0.817588 -0.575803 0
    outer loop
      vertex -10.4765 -7.00018 1
      vertex -10.1204 -7.50581 0
      vertex -10.1204 -7.50581 1
    endloop
  endfacet
  facet normal -0.870104 0.492869 0
    outer loop
      vertex -11.1122 5.9396 0
      vertex -10.8074 6.47769 1
      vertex -10.8074 6.47769 0
    endloop
  endfacet
  facet normal -0.870104 0.492869 0
    outer loop
      vertex -10.8074 6.47769 1
      vertex -11.1122 5.9396 0
      vertex -11.1122 5.9396 1
    endloop
  endfacet
  facet normal -0.40522 0.914219 0
    outer loop
      vertex -4.82181 11.6409 0
      vertex -5.38719 11.3903 1
      vertex -4.82181 11.6409 1
    endloop
  endfacet
  facet normal -0.40522 0.914219 0
    outer loop
      vertex -5.38719 11.3903 1
      vertex -4.82181 11.6409 0
      vertex -5.38719 11.3903 0
    endloop
  endfacet
  facet normal 0.575803 0.817588 -0
    outer loop
      vertex 7.50581 10.1204 0
      vertex 7.00018 10.4765 1
      vertex 7.50581 10.1204 1
    endloop
  endfacet
  facet normal 0.575803 0.817588 0
    outer loop
      vertex 7.00018 10.4765 1
      vertex 7.50581 10.1204 0
      vertex 7.00018 10.4765 0
    endloop
  endfacet
  facet normal -0.449663 -0.893198 0
    outer loop
      vertex -5.9396 -11.1122 0
      vertex -5.38719 -11.3903 1
      vertex -5.9396 -11.1122 1
    endloop
  endfacet
  facet normal -0.449663 -0.893198 -0
    outer loop
      vertex -5.38719 -11.3903 1
      vertex -5.9396 -11.1122 0
      vertex -5.38719 -11.3903 0
    endloop
  endfacet
  facet normal -0.788354 -0.615222 0
    outer loop
      vertex -9.73993 -7.99335 0
      vertex -10.1204 -7.50581 1
      vertex -10.1204 -7.50581 0
    endloop
  endfacet
  facet normal -0.788354 -0.615222 0
    outer loop
      vertex -10.1204 -7.50581 1
      vertex -9.73993 -7.99335 0
      vertex -9.73993 -7.99335 1
    endloop
  endfacet
  facet normal -0.99248 0.122407 0
    outer loop
      vertex -12.5393 1.23502 0
      vertex -12.4636 1.8488 1
      vertex -12.4636 1.8488 0
    endloop
  endfacet
  facet normal -0.99248 0.122407 0
    outer loop
      vertex -12.4636 1.8488 1
      vertex -12.5393 1.23502 0
      vertex -12.5393 1.23502 1
    endloop
  endfacet
  facet normal 0.724244 0.689544 0
    outer loop
      vertex 9.33598 8.46164 1
      vertex 8.90954 8.90954 0
      vertex 8.90954 8.90954 1
    endloop
  endfacet
  facet normal 0.724244 0.689544 0
    outer loop
      vertex 8.90954 8.90954 0
      vertex 9.33598 8.46164 1
      vertex 9.33598 8.46164 0
    endloop
  endfacet
  facet normal 0.615222 -0.788354 0
    outer loop
      vertex 7.50581 -10.1204 0
      vertex 7.99335 -9.73993 1
      vertex 7.50581 -10.1204 1
    endloop
  endfacet
  facet normal 0.615222 -0.788354 0
    outer loop
      vertex 7.99335 -9.73993 1
      vertex 7.50581 -10.1204 0
      vertex 7.99335 -9.73993 0
    endloop
  endfacet
  facet normal -0.615222 0.788354 0
    outer loop
      vertex -7.50581 10.1204 0
      vertex -7.99335 9.73993 1
      vertex -7.50581 10.1204 1
    endloop
  endfacet
  facet normal -0.615222 0.788354 0
    outer loop
      vertex -7.99335 9.73993 1
      vertex -7.50581 10.1204 0
      vertex -7.99335 9.73993 0
    endloop
  endfacet
  facet normal 0.170914 0.985286 -0
    outer loop
      vertex 2.45814 12.3579 0
      vertex 1.8488 12.4636 1
      vertex 2.45814 12.3579 1
    endloop
  endfacet
  facet normal 0.170914 0.985286 0
    outer loop
      vertex 1.8488 12.4636 1
      vertex 2.45814 12.3579 0
      vertex 1.8488 12.4636 0
    endloop
  endfacet
  facet normal -0.40522 -0.914219 0
    outer loop
      vertex -5.38719 -11.3903 0
      vertex -4.82181 -11.6409 1
      vertex -5.38719 -11.3903 1
    endloop
  endfacet
  facet normal -0.40522 -0.914219 -0
    outer loop
      vertex -4.82181 -11.6409 1
      vertex -5.38719 -11.3903 0
      vertex -4.82181 -11.6409 0
    endloop
  endfacet
  facet normal 0.893198 -0.449663 0
    outer loop
      vertex 11.1122 -5.9396 1
      vertex 11.3903 -5.38719 0
      vertex 11.3903 -5.38719 1
    endloop
  endfacet
  facet normal 0.893198 -0.449663 0
    outer loop
      vertex 11.3903 -5.38719 0
      vertex 11.1122 -5.9396 1
      vertex 11.1122 -5.9396 0
    endloop
  endfacet
  facet normal -0.53504 0.844827 0
    outer loop
      vertex -6.47769 10.8074 0
      vertex -7.00018 10.4765 1
      vertex -6.47769 10.8074 1
    endloop
  endfacet
  facet normal -0.53504 0.844827 0
    outer loop
      vertex -7.00018 10.4765 1
      vertex -6.47769 10.8074 0
      vertex -7.00018 10.4765 0
    endloop
  endfacet
  facet normal 0.615222 0.788354 -0
    outer loop
      vertex 7.99335 9.73993 0
      vertex 7.50581 10.1204 1
      vertex 7.99335 9.73993 1
    endloop
  endfacet
  facet normal 0.615222 0.788354 0
    outer loop
      vertex 7.50581 10.1204 1
      vertex 7.99335 9.73993 0
      vertex 7.50581 10.1204 0
    endloop
  endfacet
  facet normal -0.949572 0.313549 0
    outer loop
      vertex -12.0574 3.65759 0
      vertex -11.8635 4.24481 1
      vertex -11.8635 4.24481 0
    endloop
  endfacet
  facet normal -0.949572 0.313549 0
    outer loop
      vertex -11.8635 4.24481 1
      vertex -12.0574 3.65759 0
      vertex -12.0574 3.65759 1
    endloop
  endfacet
  facet normal 0.449663 0.893198 -0
    outer loop
      vertex 5.9396 11.1122 0
      vertex 5.38719 11.3903 1
      vertex 5.9396 11.1122 1
    endloop
  endfacet
  facet normal 0.449663 0.893198 0
    outer loop
      vertex 5.38719 11.3903 1
      vertex 5.9396 11.1122 0
      vertex 5.38719 11.3903 0
    endloop
  endfacet
  facet normal -0.689544 0.724244 0
    outer loop
      vertex -8.46164 9.33598 0
      vertex -8.90954 8.90954 1
      vertex -8.46164 9.33598 1
    endloop
  endfacet
  facet normal -0.689544 0.724244 0
    outer loop
      vertex -8.90954 8.90954 1
      vertex -8.46164 9.33598 0
      vertex -8.90954 8.90954 0
    endloop
  endfacet
  facet normal -0.492869 0.870104 0
    outer loop
      vertex -5.9396 11.1122 0
      vertex -6.47769 10.8074 1
      vertex -5.9396 11.1122 1
    endloop
  endfacet
  facet normal -0.492869 0.870104 0
    outer loop
      vertex -6.47769 10.8074 1
      vertex -5.9396 11.1122 0
      vertex -6.47769 10.8074 0
    endloop
  endfacet
  facet normal -0.999698 0.024578 0
    outer loop
      vertex -12.6 0 0
      vertex -12.5848 0.618252 1
      vertex -12.5848 0.618252 0
    endloop
  endfacet
  facet normal -0.999698 0.024578 0
    outer loop
      vertex -12.5848 0.618252 1
      vertex -12.6 0 0
      vertex -12.6 0 1
    endloop
  endfacet
  facet normal 0.40522 -0.914219 0
    outer loop
      vertex 4.82181 -11.6409 0
      vertex 5.38719 -11.3903 1
      vertex 4.82181 -11.6409 1
    endloop
  endfacet
  facet normal 0.40522 -0.914219 0
    outer loop
      vertex 5.38719 -11.3903 1
      vertex 4.82181 -11.6409 0
      vertex 5.38719 -11.3903 0
    endloop
  endfacet
  facet normal 0.653173 -0.757209 0
    outer loop
      vertex 7.99335 -9.73993 0
      vertex 8.46164 -9.33598 1
      vertex 7.99335 -9.73993 1
    endloop
  endfacet
  facet normal 0.653173 -0.757209 0
    outer loop
      vertex 8.46164 -9.33598 1
      vertex 7.99335 -9.73993 0
      vertex 8.46164 -9.33598 0
    endloop
  endfacet
  facet normal 0.575803 -0.817588 0
    outer loop
      vertex 7.00018 -10.4765 0
      vertex 7.50581 -10.1204 1
      vertex 7.00018 -10.4765 1
    endloop
  endfacet
  facet normal 0.575803 -0.817588 0
    outer loop
      vertex 7.50581 -10.1204 1
      vertex 7.00018 -10.4765 0
      vertex 7.50581 -10.1204 0
    endloop
  endfacet
  facet normal -0.653173 -0.757209 0
    outer loop
      vertex -8.46164 -9.33598 0
      vertex -7.99335 -9.73993 1
      vertex -8.46164 -9.33598 1
    endloop
  endfacet
  facet normal -0.653173 -0.757209 -0
    outer loop
      vertex -7.99335 -9.73993 1
      vertex -8.46164 -9.33598 0
      vertex -7.99335 -9.73993 0
    endloop
  endfacet
  facet normal -0.949572 -0.313549 0
    outer loop
      vertex -11.8635 -4.24481 0
      vertex -12.0574 -3.65759 1
      vertex -12.0574 -3.65759 0
    endloop
  endfacet
  facet normal -0.949572 -0.313549 0
    outer loop
      vertex -12.0574 -3.65759 1
      vertex -11.8635 -4.24481 0
      vertex -11.8635 -4.24481 1
    endloop
  endfacet
  facet normal -0.615222 -0.788354 0
    outer loop
      vertex -7.99335 -9.73993 0
      vertex -7.50581 -10.1204 1
      vertex -7.99335 -9.73993 1
    endloop
  endfacet
  facet normal -0.615222 -0.788354 -0
    outer loop
      vertex -7.50581 -10.1204 1
      vertex -7.99335 -9.73993 0
      vertex -7.50581 -10.1204 0
    endloop
  endfacet
  facet normal -0.985286 0.170914 0
    outer loop
      vertex -12.4636 1.8488 0
      vertex -12.3579 2.45814 1
      vertex -12.3579 2.45814 0
    endloop
  endfacet
  facet normal -0.985286 0.170914 0
    outer loop
      vertex -12.3579 2.45814 1
      vertex -12.4636 1.8488 0
      vertex -12.4636 1.8488 1
    endloop
  endfacet
  facet normal 0.99248 -0.122407 0
    outer loop
      vertex 12.4636 -1.8488 1
      vertex 12.5393 -1.23502 0
      vertex 12.5393 -1.23502 1
    endloop
  endfacet
  facet normal 0.99248 -0.122407 0
    outer loop
      vertex 12.5393 -1.23502 0
      vertex 12.4636 -1.8488 1
      vertex 12.4636 -1.8488 0
    endloop
  endfacet
  facet normal -0.024578 0.999698 0
    outer loop
      vertex 0 12.6 0
      vertex -0.618252 12.5848 1
      vertex 0 12.6 1
    endloop
  endfacet
  facet normal -0.024578 0.999698 0
    outer loop
      vertex -0.618252 12.5848 1
      vertex 0 12.6 0
      vertex -0.618252 12.5848 0
    endloop
  endfacet
  facet normal -0.575803 0.817588 0
    outer loop
      vertex -7.00018 10.4765 0
      vertex -7.50581 10.1204 1
      vertex -7.00018 10.4765 1
    endloop
  endfacet
  facet normal -0.575803 0.817588 0
    outer loop
      vertex -7.50581 10.1204 1
      vertex -7.00018 10.4765 0
      vertex -7.50581 10.1204 0
    endloop
  endfacet
  facet normal 0.914219 -0.40522 0
    outer loop
      vertex 11.3903 -5.38719 1
      vertex 11.6409 -4.82181 0
      vertex 11.6409 -4.82181 1
    endloop
  endfacet
  facet normal 0.914219 -0.40522 0
    outer loop
      vertex 11.6409 -4.82181 0
      vertex 11.3903 -5.38719 1
      vertex 11.3903 -5.38719 0
    endloop
  endfacet
  facet normal 0.313549 -0.949572 0
    outer loop
      vertex 3.65759 -12.0574 0
      vertex 4.24481 -11.8635 1
      vertex 3.65759 -12.0574 1
    endloop
  endfacet
  facet normal 0.313549 -0.949572 0
    outer loop
      vertex 4.24481 -11.8635 1
      vertex 3.65759 -12.0574 0
      vertex 4.24481 -11.8635 0
    endloop
  endfacet
  facet normal 0.932978 -0.359932 0
    outer loop
      vertex 11.6409 -4.82181 1
      vertex 11.8635 -4.24481 0
      vertex 11.8635 -4.24481 1
    endloop
  endfacet
  facet normal 0.932978 -0.359932 0
    outer loop
      vertex 11.8635 -4.24481 0
      vertex 11.6409 -4.82181 1
      vertex 11.6409 -4.82181 0
    endloop
  endfacet
  facet normal 0.963754 0.266793 0
    outer loop
      vertex 12.2224 3.06155 1
      vertex 12.0574 3.65759 0
      vertex 12.0574 3.65759 1
    endloop
  endfacet
  facet normal 0.963754 0.266793 0
    outer loop
      vertex 12.0574 3.65759 0
      vertex 12.2224 3.06155 1
      vertex 12.2224 3.06155 0
    endloop
  endfacet
  facet normal 0.975702 0.219101 0
    outer loop
      vertex 12.3579 2.45814 1
      vertex 12.2224 3.06155 0
      vertex 12.2224 3.06155 1
    endloop
  endfacet
  facet normal 0.975702 0.219101 0
    outer loop
      vertex 12.2224 3.06155 0
      vertex 12.3579 2.45814 1
      vertex 12.3579 2.45814 0
    endloop
  endfacet
  facet normal -0.575803 -0.817588 0
    outer loop
      vertex -7.50581 -10.1204 0
      vertex -7.00018 -10.4765 1
      vertex -7.50581 -10.1204 1
    endloop
  endfacet
  facet normal -0.575803 -0.817588 -0
    outer loop
      vertex -7.00018 -10.4765 1
      vertex -7.50581 -10.1204 0
      vertex -7.00018 -10.4765 0
    endloop
  endfacet
  facet normal 0.985286 0.170914 0
    outer loop
      vertex 12.4636 1.8488 1
      vertex 12.3579 2.45814 0
      vertex 12.3579 2.45814 1
    endloop
  endfacet
  facet normal 0.985286 0.170914 0
    outer loop
      vertex 12.3579 2.45814 0
      vertex 12.4636 1.8488 1
      vertex 12.4636 1.8488 0
    endloop
  endfacet
  facet normal -0.724244 -0.689544 0
    outer loop
      vertex -8.90954 -8.90954 0
      vertex -9.33598 -8.46164 1
      vertex -9.33598 -8.46164 0
    endloop
  endfacet
  facet normal -0.724244 -0.689544 0
    outer loop
      vertex -9.33598 -8.46164 1
      vertex -8.90954 -8.90954 0
      vertex -8.90954 -8.90954 1
    endloop
  endfacet
  facet normal 0.53504 -0.844827 0
    outer loop
      vertex 6.47769 -10.8074 0
      vertex 7.00018 -10.4765 1
      vertex 6.47769 -10.8074 1
    endloop
  endfacet
  facet normal 0.53504 -0.844827 0
    outer loop
      vertex 7.00018 -10.4765 1
      vertex 6.47769 -10.8074 0
      vertex 7.00018 -10.4765 0
    endloop
  endfacet
  facet normal 0.53504 0.844827 -0
    outer loop
      vertex 7.00018 10.4765 0
      vertex 6.47769 10.8074 1
      vertex 7.00018 10.4765 1
    endloop
  endfacet
  facet normal 0.53504 0.844827 0
    outer loop
      vertex 6.47769 10.8074 1
      vertex 7.00018 10.4765 0
      vertex 6.47769 10.8074 0
    endloop
  endfacet
  facet normal -0.914219 0.40522 0
    outer loop
      vertex -11.6409 4.82181 0
      vertex -11.3903 5.38719 1
      vertex -11.3903 5.38719 0
    endloop
  endfacet
  facet normal -0.914219 0.40522 0
    outer loop
      vertex -11.3903 5.38719 1
      vertex -11.6409 4.82181 0
      vertex -11.6409 4.82181 1
    endloop
  endfacet
  facet normal 0.870104 0.492869 0
    outer loop
      vertex 11.1122 5.9396 1
      vertex 10.8074 6.47769 0
      vertex 10.8074 6.47769 1
    endloop
  endfacet
  facet normal 0.870104 0.492869 0
    outer loop
      vertex 10.8074 6.47769 0
      vertex 11.1122 5.9396 1
      vertex 11.1122 5.9396 0
    endloop
  endfacet
  facet normal -0.449663 0.893198 0
    outer loop
      vertex -5.38719 11.3903 0
      vertex -5.9396 11.1122 1
      vertex -5.38719 11.3903 1
    endloop
  endfacet
  facet normal -0.449663 0.893198 0
    outer loop
      vertex -5.9396 11.1122 1
      vertex -5.38719 11.3903 0
      vertex -5.9396 11.1122 0
    endloop
  endfacet
  facet normal -0.170914 0.985286 0
    outer loop
      vertex -1.8488 12.4636 0
      vertex -2.45814 12.3579 1
      vertex -1.8488 12.4636 1
    endloop
  endfacet
  facet normal -0.170914 0.985286 0
    outer loop
      vertex -2.45814 12.3579 1
      vertex -1.8488 12.4636 0
      vertex -2.45814 12.3579 0
    endloop
  endfacet
  facet normal -0.219101 0.975702 0
    outer loop
      vertex -2.45814 12.3579 0
      vertex -3.06155 12.2224 1
      vertex -2.45814 12.3579 1
    endloop
  endfacet
  facet normal -0.219101 0.975702 0
    outer loop
      vertex -3.06155 12.2224 1
      vertex -2.45814 12.3579 0
      vertex -3.06155 12.2224 0
    endloop
  endfacet
  facet normal 0.359932 0.932978 -0
    outer loop
      vertex 4.82181 11.6409 0
      vertex 4.24481 11.8635 1
      vertex 4.82181 11.6409 1
    endloop
  endfacet
  facet normal 0.359932 0.932978 0
    outer loop
      vertex 4.24481 11.8635 1
      vertex 4.82181 11.6409 0
      vertex 4.24481 11.8635 0
    endloop
  endfacet
  facet normal -0.0735717 0.99729 0
    outer loop
      vertex -0.618252 12.5848 0
      vertex -1.23502 12.5393 1
      vertex -0.618252 12.5848 1
    endloop
  endfacet
  facet normal -0.0735717 0.99729 0
    outer loop
      vertex -1.23502 12.5393 1
      vertex -0.618252 12.5848 0
      vertex -1.23502 12.5393 0
    endloop
  endfacet
  facet normal -0.99248 -0.122407 0
    outer loop
      vertex -12.4636 -1.8488 0
      vertex -12.5393 -1.23502 1
      vertex -12.5393 -1.23502 0
    endloop
  endfacet
  facet normal -0.99248 -0.122407 0
    outer loop
      vertex -12.5393 -1.23502 1
      vertex -12.4636 -1.8488 0
      vertex -12.4636 -1.8488 1
    endloop
  endfacet
  facet normal 0.122407 0.99248 -0
    outer loop
      vertex 1.8488 12.4636 0
      vertex 1.23502 12.5393 1
      vertex 1.8488 12.4636 1
    endloop
  endfacet
  facet normal 0.122407 0.99248 0
    outer loop
      vertex 1.23502 12.5393 1
      vertex 1.8488 12.4636 0
      vertex 1.23502 12.5393 0
    endloop
  endfacet
  facet normal 0.975702 -0.219101 0
    outer loop
      vertex 12.2224 -3.06155 1
      vertex 12.3579 -2.45814 0
      vertex 12.3579 -2.45814 1
    endloop
  endfacet
  facet normal 0.975702 -0.219101 0
    outer loop
      vertex 12.3579 -2.45814 0
      vertex 12.2224 -3.06155 1
      vertex 12.2224 -3.06155 0
    endloop
  endfacet
  facet normal 0.653173 0.757209 -0
    outer loop
      vertex 8.46164 9.33598 0
      vertex 7.99335 9.73993 1
      vertex 8.46164 9.33598 1
    endloop
  endfacet
  facet normal 0.653173 0.757209 0
    outer loop
      vertex 7.99335 9.73993 1
      vertex 8.46164 9.33598 0
      vertex 7.99335 9.73993 0
    endloop
  endfacet
  facet normal 0.757209 0.653173 0
    outer loop
      vertex 9.73993 7.99335 1
      vertex 9.33598 8.46164 0
      vertex 9.33598 8.46164 1
    endloop
  endfacet
  facet normal 0.757209 0.653173 0
    outer loop
      vertex 9.33598 8.46164 0
      vertex 9.73993 7.99335 1
      vertex 9.73993 7.99335 0
    endloop
  endfacet
  facet normal -0.724244 0.689544 0
    outer loop
      vertex -9.33598 8.46164 0
      vertex -8.90954 8.90954 1
      vertex -8.90954 8.90954 0
    endloop
  endfacet
  facet normal -0.724244 0.689544 0
    outer loop
      vertex -8.90954 8.90954 1
      vertex -9.33598 8.46164 0
      vertex -9.33598 8.46164 1
    endloop
  endfacet
  facet normal -0.122407 0.99248 0
    outer loop
      vertex -1.23502 12.5393 0
      vertex -1.8488 12.4636 1
      vertex -1.23502 12.5393 1
    endloop
  endfacet
  facet normal -0.122407 0.99248 0
    outer loop
      vertex -1.8488 12.4636 1
      vertex -1.23502 12.5393 0
      vertex -1.8488 12.4636 0
    endloop
  endfacet
  facet normal -0.359932 0.932978 0
    outer loop
      vertex -4.24481 11.8635 0
      vertex -4.82181 11.6409 1
      vertex -4.24481 11.8635 1
    endloop
  endfacet
  facet normal -0.359932 0.932978 0
    outer loop
      vertex -4.82181 11.6409 1
      vertex -4.24481 11.8635 0
      vertex -4.82181 11.6409 0
    endloop
  endfacet
  facet normal 0 0 -1
    outer loop
      vertex 12.5848 -0.618252 0
      vertex 12.5848 0.618252 0
      vertex 12.6 0 0
    endloop
  endfacet
  facet normal 0 0 -1
    outer loop
      vertex 12.5393 -1.23502 0
      vertex 12.5848 0.618252 0
      vertex 12.5848 -0.618252 0
    endloop
  endfacet
  facet normal 0 0 -1
    outer loop
      vertex 12.5393 -1.23502 0
      vertex 12.5393 1.23502 0
      vertex 12.5848 0.618252 0
    endloop
  endfacet
  facet normal 0 0 -1
    outer loop
      vertex 12.4636 -1.8488 0
      vertex 12.5393 1.23502 0
      vertex 12.5393 -1.23502 0
    endloop
  endfacet
  facet normal 0 0 -1
    outer loop
      vertex 12.4636 -1.8488 0
      vertex 12.4636 1.8488 0
      vertex 12.5393 1.23502 0
    endloop
  endfacet
  facet normal 0 0 -1
    outer loop
      vertex 12.3579 -2.45814 0
      vertex 12.4636 1.8488 0
      vertex 12.4636 -1.8488 0
    endloop
  endfacet
  facet normal 0 0 -1
    outer loop
      vertex 12.3579 -2.45814 0
      vertex 12.3579 2.45814 0
      vertex 12.4636 1.8488 0
    endloop
  endfacet
  facet normal 0 0 -1
    outer loop
      vertex 12.2224 -3.06155 0
      vertex 12.3579 2.45814 0
      vertex 12.3579 -2.45814 0
    endloop
  endfacet
  facet normal 0 0 -1
    outer loop
      vertex 12.2224 -3.06155 0
      vertex 12.2224 3.06155 0
      vertex 12.3579 2.45814 0
    endloop
  endfacet
  facet normal 0 0 -1
    outer loop
      vertex 12.0574 -3.65759 0
      vertex 12.2224 3.06155 0
      vertex 12.2224 -3.06155 0
    endloop
  endfacet
  facet normal 0 0 -1
    outer loop
      vertex 12.0574 -3.65759 0
      vertex 12.0574 3.65759 0
      vertex 12.2224 3.06155 0
    endloop
  endfacet
  facet normal 0 0 -1
    outer loop
      vertex 11.8635 -4.24481 0
      vertex 12.0574 3.65759 0
      vertex 12.0574 -3.65759 0
    endloop
  endfacet
  facet normal 0 0 -1
    outer loop
      vertex 11.8635 -4.24481 0
      vertex 11.8635 4.24481 0
      vertex 12.0574 3.65759 0
    endloop
  endfacet
  facet normal 0 0 -1
    outer loop
      vertex 11.6409 -4.82181 0
      vertex 11.8635 4.24481 0
      vertex 11.8635 -4.24481 0
    endloop
  endfacet
  facet normal 0 0 -1
    outer loop
      vertex 11.6409 -4.82181 0
      vertex 11.6409 4.82181 0
      vertex 11.8635 4.24481 0
    endloop
  endfacet
  facet normal 0 0 -1
    outer loop
      vertex 11.3903 -5.38719 0
      vertex 11.6409 4.82181 0
      vertex 11.6409 -4.82181 0
    endloop
  endfacet
  facet normal 0 0 -1
    outer loop
      vertex 11.3903 -5.38719 0
      vertex 11.3903 5.38719 0
      vertex 11.6409 4.82181 0
    endloop
  endfacet
  facet normal 0 0 -1
    outer loop
      vertex 11.1122 -5.9396 0
      vertex 11.3903 5.38719 0
      vertex 11.3903 -5.38719 0
    endloop
  endfacet
  facet normal 0 0 -1
    outer loop
      vertex 11.1122 -5.9396 0
      vertex 11.1122 5.9396 0
      vertex 11.3903 5.38719 0
    endloop
  endfacet
  facet normal 0 0 -1
    outer loop
      vertex 10.8074 -6.47769 0
      vertex 11.1122 5.9396 0
      vertex 11.1122 -5.9396 0
    endloop
  endfacet
  facet normal 0 0 -1
    outer loop
      vertex 10.8074 -6.47769 0
      vertex 10.8074 6.47769 0
      vertex 11.1122 5.9396 0
    endloop
  endfacet
  facet normal 0 0 -1
    outer loop
      vertex 10.4765 -7.00018 0
      vertex 10.8074 6.47769 0
      vertex 10.8074 -6.47769 0
    endloop
  endfacet
  facet normal 0 0 -1
    outer loop
      vertex 10.4765 -7.00018 0
      vertex 10.4765 7.00018 0
      vertex 10.8074 6.47769 0
    endloop
  endfacet
  facet normal 0 0 -1
    outer loop
      vertex 10.1204 -7.50581 0
      vertex 10.4765 7.00018 0
      vertex 10.4765 -7.00018 0
    endloop
  endfacet
  facet normal 0 0 -1
    outer loop
      vertex 10.1204 -7.50581 0
      vertex 10.1204 7.50581 0
      vertex 10.4765 7.00018 0
    endloop
  endfacet
  facet normal 0 0 -1
    outer loop
      vertex 9.73993 -7.99335 0
      vertex 10.1204 7.50581 0
      vertex 10.1204 -7.50581 0
    endloop
  endfacet
  facet normal 0 0 -1
    outer loop
      vertex 9.73993 -7.99335 0
      vertex 9.73993 7.99335 0
      vertex 10.1204 7.50581 0
    endloop
  endfacet
  facet normal 0 0 -1
    outer loop
      vertex 9.33598 -8.46164 0
      vertex 9.73993 7.99335 0
      vertex 9.73993 -7.99335 0
    endloop
  endfacet
  facet normal 0 0 -1
    outer loop
      vertex 9.33598 -8.46164 0
      vertex 9.33598 8.46164 0
      vertex 9.73993 7.99335 0
    endloop
  endfacet
  facet normal 0 0 -1
    outer loop
      vertex 8.90954 -8.90954 0
      vertex 9.33598 8.46164 0
      vertex 9.33598 -8.46164 0
    endloop
  endfacet
  facet normal 0 0 -1
    outer loop
      vertex 8.90954 -8.90954 0
      vertex 8.90954 8.90954 0
      vertex 9.33598 8.46164 0
    endloop
  endfacet
  facet normal 0 0 -1
    outer loop
      vertex 8.46164 -9.33598 0
      vertex 8.90954 8.90954 0
      vertex 8.90954 -8.90954 0
    endloop
  endfacet
  facet normal 0 0 -1
    outer loop
      vertex 8.46164 -9.33598 0
      vertex 8.46164 9.33598 0
      vertex 8.90954 8.90954 0
    endloop
  endfacet
  facet normal 0 0 -1
    outer loop
      vertex 7.99335 -9.73993 0
      vertex 8.46164 9.33598 0
      vertex 8.46164 -9.33598 0
    endloop
  endfacet
  facet normal 0 0 -1
    outer loop
      vertex 7.99335 -9.73993 0
      vertex 7.99335 9.73993 0
      vertex 8.46164 9.33598 0
    endloop
  endfacet
  facet normal 0 0 -1
    outer loop
      vertex 7.50581 -10.1204 0
      vertex 7.99335 9.73993 0
      vertex 7.99335 -9.73993 0
    endloop
  endfacet
  facet normal 0 0 -1
    outer loop
      vertex 7.50581 -10.1204 0
      vertex 7.50581 10.1204 0
      vertex 7.99335 9.73993 0
    endloop
  endfacet
  facet normal 0 0 -1
    outer loop
      vertex 7.00018 -10.4765 0
      vertex 7.50581 10.1204 0
      vertex 7.50581 -10.1204 0
    endloop
  endfacet
  facet normal 0 0 -1
    outer loop
      vertex 7.00018 -10.4765 0
      vertex 7.00018 10.4765 0
      vertex 7.50581 10.1204 0
    endloop
  endfacet
  facet normal 0 0 -1
    outer loop
      vertex 6.47769 -10.8074 0
      vertex 7.00018 10.4765 0
      vertex 7.00018 -10.4765 0
    endloop
  endfacet
  facet normal 0 0 -1
    outer loop
      vertex 6.47769 -10.8074 0
      vertex 6.47769 10.8074 0
      vertex 7.00018 10.4765 0
    endloop
  endfacet
  facet normal 0 0 -1
    outer loop
      vertex 5.9396 -11.1122 0
      vertex 6.47769 10.8074 0
      vertex 6.47769 -10.8074 0
    endloop
  endfacet
  facet normal 0 0 -1
    outer loop
      vertex 5.9396 -11.1122 0
      vertex 5.9396 11.1122 0
      vertex 6.47769 10.8074 0
    endloop
  endfacet
  facet normal 0 0 -1
    outer loop
      vertex 5.38719 -11.3903 0
      vertex 5.9396 11.1122 0
      vertex 5.9396 -11.1122 0
    endloop
  endfacet
  facet normal 0 0 -1
    outer loop
      vertex 5.38719 -11.3903 0
      vertex 5.38719 11.3903 0
      vertex 5.9396 11.1122 0
    endloop
  endfacet
  facet normal 0 0 -1
    outer loop
      vertex 4.82181 -11.6409 0
      vertex 5.38719 11.3903 0
      vertex 5.38719 -11.3903 0
    endloop
  endfacet
  facet normal 0 0 -1
    outer loop
      vertex 4.82181 -11.6409 0
      vertex 4.82181 11.6409 0
      vertex 5.38719 11.3903 0
    endloop
  endfacet
  facet normal 0 0 -1
    outer loop
      vertex 4.24481 -11.8635 0
      vertex 4.82181 11.6409 0
      vertex 4.82181 -11.6409 0
    endloop
  endfacet
  facet normal 0 0 -1
    outer loop
      vertex 4.24481 -11.8635 0
      vertex 4.24481 11.8635 0
      vertex 4.82181 11.6409 0
    endloop
  endfacet
  facet normal 0 0 -1
    outer loop
      vertex 3.65759 -12.0574 0
      vertex 4.24481 11.8635 0
      vertex 4.24481 -11.8635 0
    endloop
  endfacet
  facet normal 0 0 -1
    outer loop
      vertex 3.65759 -12.0574 0
      vertex 3.65759 12.0574 0
      vertex 4.24481 11.8635 0
    endloop
  endfacet
  facet normal 0 0 -1
    outer loop
      vertex 3.06155 -12.2224 0
      vertex 3.65759 12.0574 0
      vertex 3.65759 -12.0574 0
    endloop
  endfacet
  facet normal 0 0 -1
    outer loop
      vertex 3.06155 -12.2224 0
      vertex 3.06155 12.2224 0
      vertex 3.65759 12.0574 0
    endloop
  endfacet
  facet normal 0 0 -1
    outer loop
      vertex 2.45814 -12.3579 0
      vertex 3.06155 12.2224 0
      vertex 3.06155 -12.2224 0
    endloop
  endfacet
  facet normal 0 0 -1
    outer loop
      vertex 2.45814 -12.3579 0
      vertex 2.45814 12.3579 0
      vertex 3.06155 12.2224 0
    endloop
  endfacet
  facet normal 0 0 -1
    outer loop
      vertex 1.8488 -12.4636 0
      vertex 2.45814 12.3579 0
      vertex 2.45814 -12.3579 0
    endloop
  endfacet
  facet normal 0 0 -1
    outer loop
      vertex 1.8488 -12.4636 0
      vertex 1.8488 12.4636 0
      vertex 2.45814 12.3579 0
    endloop
  endfacet
  facet normal 0 0 -1
    outer loop
      vertex 1.23502 -12.5393 0
      vertex 1.8488 12.4636 0
      vertex 1.8488 -12.4636 0
    endloop
  endfacet
  facet normal 0 0 -1
    outer loop
      vertex 1.23502 -12.5393 0
      vertex 1.23502 12.5393 0
      vertex 1.8488 12.4636 0
    endloop
  endfacet
  facet normal 0 0 -1
    outer loop
      vertex 0.618252 -12.5848 0
      vertex 1.23502 12.5393 0
      vertex 1.23502 -12.5393 0
    endloop
  endfacet
  facet normal 0 0 -1
    outer loop
      vertex 0.618252 -12.5848 0
      vertex 0.618252 12.5848 0
      vertex 1.23502 12.5393 0
    endloop
  endfacet
  facet normal 0 0 -1
    outer loop
      vertex 0 -12.6 0
      vertex 0.618252 12.5848 0
      vertex 0.618252 -12.5848 0
    endloop
  endfacet
  facet normal 0 0 -1
    outer loop
      vertex 0 -12.6 0
      vertex 0 12.6 0
      vertex 0.618252 12.5848 0
    endloop
  endfacet
  facet normal 0 0 -1
    outer loop
      vertex -0.618252 -12.5848 0
      vertex 0 12.6 0
      vertex 0 -12.6 0
    endloop
  endfacet
  facet normal 0 0 -1
    outer loop
      vertex -0.618252 -12.5848 0
      vertex -0.618252 12.5848 0
      vertex 0 12.6 0
    endloop
  endfacet
  facet normal 0 0 -1
    outer loop
      vertex -1.23502 -12.5393 0
      vertex -0.618252 12.5848 0
      vertex -0.618252 -12.5848 0
    endloop
  endfacet
  facet normal 0 0 -1
    outer loop
      vertex -1.23502 -12.5393 0
      vertex -1.23502 12.5393 0
      vertex -0.618252 12.5848 0
    endloop
  endfacet
  facet normal 0 0 -1
    outer loop
      vertex -1.8488 -12.4636 0
      vertex -1.23502 12.5393 0
      vertex -1.23502 -12.5393 0
    endloop
  endfacet
  facet normal 0 0 -1
    outer loop
      vertex -1.8488 -12.4636 0
      vertex -1.8488 12.4636 0
      vertex -1.23502 12.5393 0
    endloop
  endfacet
  facet normal 0 0 -1
    outer loop
      vertex -2.45814 -12.3579 0
      vertex -1.8488 12.4636 0
      vertex -1.8488 -12.4636 0
    endloop
  endfacet
  facet normal 0 0 -1
    outer loop
      vertex -2.45814 -12.3579 0
      vertex -2.45814 12.3579 0
      vertex -1.8488 12.4636 0
    endloop
  endfacet
  facet normal 0 0 -1
    outer loop
      vertex -3.06155 -12.2224 0
      vertex -2.45814 12.3579 0
      vertex -2.45814 -12.3579 0
    endloop
  endfacet
  facet normal 0 0 -1
    outer loop
      vertex -3.06155 -12.2224 0
      vertex -3.06155 12.2224 0
      vertex -2.45814 12.3579 0
    endloop
  endfacet
  facet normal 0 0 -1
    outer loop
      vertex -3.65759 -12.0574 0
      vertex -3.06155 12.2224 0
      vertex -3.06155 -12.2224 0
    endloop
  endfacet
  facet normal 0 0 -1
    outer loop
      vertex -3.65759 -12.0574 0
      vertex -3.65759 12.0574 0
      vertex -3.06155 12.2224 0
    endloop
  endfacet
  facet normal 0 0 -1
    outer loop
      vertex -4.24481 -11.8635 0
      vertex -3.65759 12.0574 0
      vertex -3.65759 -12.0574 0
    endloop
  endfacet
  facet normal 0 0 -1
    outer loop
      vertex -4.24481 -11.8635 0
      vertex -4.24481 11.8635 0
      vertex -3.65759 12.0574 0
    endloop
  endfacet
  facet normal 0 0 -1
    outer loop
      vertex -4.82181 -11.6409 0
      vertex -4.24481 11.8635 0
      vertex -4.24481 -11.8635 0
    endloop
  endfacet
  facet normal 0 0 -1
    outer loop
      vertex -4.82181 -11.6409 0
      vertex -4.82181 11.6409 0
      vertex -4.24481 11.8635 0
    endloop
  endfacet
  facet normal 0 0 -1
    outer loop
      vertex -5.38719 -11.3903 0
      vertex -4.82181 11.6409 0
      vertex -4.82181 -11.6409 0
    endloop
  endfacet
  facet normal 0 0 -1
    outer loop
      vertex -5.38719 -11.3903 0
      vertex -5.38719 11.3903 0
      vertex -4.82181 11.6409 0
    endloop
  endfacet
  facet normal 0 0 -1
    outer loop
      vertex -5.9396 -11.1122 0
      vertex -5.38719 11.3903 0
      vertex -5.38719 -11.3903 0
    endloop
  endfacet
  facet normal 0 0 -1
    outer loop
      vertex -5.9396 -11.1122 0
      vertex -5.9396 11.1122 0
      vertex -5.38719 11.3903 0
    endloop
  endfacet
  facet normal 0 0 -1
    outer loop
      vertex -6.47769 -10.8074 0
      vertex -5.9396 11.1122 0
      vertex -5.9396 -11.1122 0
    endloop
  endfacet
  facet normal 0 0 -1
    outer loop
      vertex -6.47769 -10.8074 0
      vertex -6.47769 10.8074 0
      vertex -5.9396 11.1122 0
    endloop
  endfacet
  facet normal 0 0 -1
    outer loop
      vertex -7.00018 -10.4765 0
      vertex -6.47769 10.8074 0
      vertex -6.47769 -10.8074 0
    endloop
  endfacet
  facet normal 0 0 -1
    outer loop
      vertex -7.00018 -10.4765 0
      vertex -7.00018 10.4765 0
      vertex -6.47769 10.8074 0
    endloop
  endfacet
  facet normal 0 0 -1
    outer loop
      vertex -7.50581 -10.1204 0
      vertex -7.00018 10.4765 0
      vertex -7.00018 -10.4765 0
    endloop
  endfacet
  facet normal 0 0 -1
    outer loop
      vertex -7.50581 -10.1204 0
      vertex -7.50581 10.1204 0
      vertex -7.00018 10.4765 0
    endloop
  endfacet
  facet normal 0 0 -1
    outer loop
      vertex -7.99335 -9.73993 0
      vertex -7.50581 10.1204 0
      vertex -7.50581 -10.1204 0
    endloop
  endfacet
  facet normal 0 0 -1
    outer loop
      vertex -7.99335 -9.73993 0
      vertex -7.99335 9.73993 0
      vertex -7.50581 10.1204 0
    endloop
  endfacet
  facet normal 0 0 -1
    outer loop
      vertex -8.46164 -9.33598 0
      vertex -7.99335 9.73993 0
      vertex -7.99335 -9.73993 0
    endloop
  endfacet
  facet normal 0 0 -1
    outer loop
      vertex -8.46164 -9.33598 0
      vertex -8.46164 9.33598 0
      vertex -7.99335 9.73993 0
    endloop
  endfacet
  facet normal 0 0 -1
    outer loop
      vertex -8.90954 -8.90954 0
      vertex -8.46164 9.33598 0
      vertex -8.46164 -9.33598 0
    endloop
  endfacet
  facet normal 0 0 -1
    outer loop
      vertex -8.90954 -8.90954 0
      vertex -8.90954 8.90954 0
      vertex -8.46164 9.33598 0
    endloop
  endfacet
  facet normal 0 0 -1
    outer loop
      vertex -9.33598 -8.46164 0
      vertex -8.90954 8.90954 0
      vertex -8.90954 -8.90954 0
    endloop
  endfacet
  facet normal 0 0 -1
    outer loop
      vertex -9.33598 -8.46164 0
      vertex -9.33598 8.46164 0
      vertex -8.90954 8.90954 0
    endloop
  endfacet
  facet normal 0 0 -1
    outer loop
      vertex -9.73993 -7.99335 0
      vertex -9.33598 8.46164 0
      vertex -9.33598 -8.46164 0
    endloop
  endfacet
  facet normal 0 0 -1
    outer loop
      vertex -9.73993 -7.99335 0
      vertex -9.73993 7.99335 0
      vertex -9.33598 8.46164 0
    endloop
  endfacet
  facet normal 0 0 -1
    outer loop
      vertex -10.1204 -7.50581 0
      vertex -9.73993 7.99335 0
      vertex -9.73993 -7.99335 0
    endloop
  endfacet
  facet normal 0 0 -1
    outer loop
      vertex -10.1204 -7.50581 0
      vertex -10.1204 7.50581 0
      vertex -9.73993 7.99335 0
    endloop
  endfacet
  facet normal 0 0 -1
    outer loop
      vertex -10.4765 -7.00018 0
      vertex -10.1204 7.50581 0
      vertex -10.1204 -7.50581 0
    endloop
  endfacet
  facet normal 0 0 -1
    outer loop
      vertex -10.4765 -7.00018 0
      vertex -10.4765 7.00018 0
      vertex -10.1204 7.50581 0
    endloop
  endfacet
  facet normal 0 0 -1
    outer loop
      vertex -10.8074 -6.47769 0
      vertex -10.4765 7.00018 0
      vertex -10.4765 -7.00018 0
    endloop
  endfacet
  facet normal 0 0 -1
    outer loop
      vertex -10.8074 -6.47769 0
      vertex -10.8074 6.47769 0
      vertex -10.4765 7.00018 0
    endloop
  endfacet
  facet normal 0 0 -1
    outer loop
      vertex -11.1122 -5.9396 0
      vertex -10.8074 6.47769 0
      vertex -10.8074 -6.47769 0
    endloop
  endfacet
  facet normal 0 0 -1
    outer loop
      vertex -11.1122 -5.9396 0
      vertex -11.1122 5.9396 0
      vertex -10.8074 6.47769 0
    endloop
  endfacet
  facet normal 0 0 -1
    outer loop
      vertex -11.3903 -5.38719 0
      vertex -11.1122 5.9396 0
      vertex -11.1122 -5.9396 0
    endloop
  endfacet
  facet normal 0 0 -1
    outer loop
      vertex -11.3903 -5.38719 0
      vertex -11.3903 5.38719 0
      vertex -11.1122 5.9396 0
    endloop
  endfacet
  facet normal 0 0 -1
    outer loop
      vertex -11.6409 -4.82181 0
      vertex -11.3903 5.38719 0
      vertex -11.3903 -5.38719 0
    endloop
  endfacet
  facet normal 0 0 -1
    outer loop
      vertex -11.6409 -4.82181 0
      vertex -11.6409 4.82181 0
      vertex -11.3903 5.38719 0
    endloop
  endfacet
  facet normal 0 0 -1
    outer loop
      vertex -11.8635 -4.24481 0
      vertex -11.6409 4.82181 0
      vertex -11.6409 -4.82181 0
    endloop
  endfacet
  facet normal 0 0 -1
    outer loop
      vertex -11.8635 -4.24481 0
      vertex -11.8635 4.24481 0
      vertex -11.6409 4.82181 0
    endloop
  endfacet
  facet normal 0 0 -1
    outer loop
      vertex -12.0574 -3.65759 0
      vertex -11.8635 4.24481 0
      vertex -11.8635 -4.24481 0
    endloop
  endfacet
  facet normal 0 0 -1
    outer loop
      vertex -12.0574 -3.65759 0
      vertex -12.0574 3.65759 0
      vertex -11.8635 4.24481 0
    endloop
  endfacet
  facet normal 0 0 -1
    outer loop
      vertex -12.2224 -3.06155 0
      vertex -12.0574 3.65759 0
      vertex -12.0574 -3.65759 0
    endloop
  endfacet
  facet normal 0 0 -1
    outer loop
      vertex -12.2224 -3.06155 0
      vertex -12.2224 3.06155 0
      vertex -12.0574 3.65759 0
    endloop
  endfacet
  facet normal 0 0 -1
    outer loop
      vertex -12.3579 -2.45814 0
      vertex -12.2224 3.06155 0
      vertex -12.2224 -3.06155 0
    endloop
  endfacet
  facet normal 0 0 -1
    outer loop
      vertex -12.3579 -2.45814 0
      vertex -12.3579 2.45814 0
      vertex -12.2224 3.06155 0
    endloop
  endfacet
  facet normal 0 0 -1
    outer loop
      vertex -12.4636 -1.8488 0
      vertex -12.3579 2.45814 0
      vertex -12.3579 -2.45814 0
    endloop
  endfacet
  facet normal 0 0 -1
    outer loop
      vertex -12.4636 -1.8488 0
      vertex -12.4636 1.8488 0
      vertex -12.3579 2.45814 0
    endloop
  endfacet
  facet normal 0 0 -1
    outer loop
      vertex -12.5393 -1.23502 0
      vertex -12.4636 1.8488 0
      vertex -12.4636 -1.8488 0
    endloop
  endfacet
  facet normal 0 0 -1
    outer loop
      vertex -12.5393 -1.23502 0
      vertex -12.5393 1.23502 0
      vertex -12.4636 1.8488 0
    endloop
  endfacet
  facet normal 0 0 -1
    outer loop
      vertex -12.5848 -0.618252 0
      vertex -12.5393 1.23502 0
      vertex -12.5393 -1.23502 0
    endloop
  endfacet
  facet normal 0 0 -1
    outer loop
      vertex -12.5848 -0.618252 0
      vertex -12.5848 0.618252 0
      vertex -12.5393 1.23502 0
    endloop
  endfacet
  facet normal 0 -0 -1
    outer loop
      vertex -12.5848 0.618252 0
      vertex -12.5848 -0.618252 0
      vertex -12.6 0 0
    endloop
  endfacet
  facet normal 0.024578 -0.999698 0
    outer loop
      vertex 0 -12.6 0
      vertex 0.618252 -12.5848 1
      vertex 0 -12.6 1
    endloop
  endfacet
  facet normal 0.024578 -0.999698 0
    outer loop
      vertex 0.618252 -12.5848 1
      vertex 0 -12.6 0
      vertex 0.618252 -12.5848 0
    endloop
  endfacet
  facet normal 0.689544 -0.724244 0
    outer loop
      vertex 8.46164 -9.33598 0
      vertex 8.90954 -8.90954 1
      vertex 8.46164 -9.33598 1
    endloop
  endfacet
  facet normal 0.689544 -0.724244 0
    outer loop
      vertex 8.90954 -8.90954 1
      vertex 8.46164 -9.33598 0
      vertex 8.90954 -8.90954 0
    endloop
  endfacet
  facet normal 0.266793 0.963754 -0
    outer loop
      vertex 3.65759 12.0574 0
      vertex 3.06155 12.2224 1
      vertex 3.65759 12.0574 1
    endloop
  endfacet
  facet normal 0.266793 0.963754 0
    outer loop
      vertex 3.06155 12.2224 1
      vertex 3.65759 12.0574 0
      vertex 3.06155 12.2224 0
    endloop
  endfacet
  facet normal -0.844827 0.53504 0
    outer loop
      vertex -10.8074 6.47769 0
      vertex -10.4765 7.00018 1
      vertex -10.4765 7.00018 0
    endloop
  endfacet
  facet normal -0.844827 0.53504 0
    outer loop
      vertex -10.4765 7.00018 1
      vertex -10.8074 6.47769 0
      vertex -10.8074 6.47769 1
    endloop
  endfacet
  facet normal -0.122407 -0.99248 0
    outer loop
      vertex -1.8488 -12.4636 0
      vertex -1.23502 -12.5393 1
      vertex -1.8488 -12.4636 1
    endloop
  endfacet
  facet normal -0.122407 -0.99248 -0
    outer loop
      vertex -1.23502 -12.5393 1
      vertex -1.8488 -12.4636 0
      vertex -1.23502 -12.5393 0
    endloop
  endfacet
  facet normal 0.949572 -0.313549 0
    outer loop
      vertex 11.8635 -4.24481 1
      vertex 12.0574 -3.65759 0
      vertex 12.0574 -3.65759 1
    endloop
  endfacet
  facet normal 0.949572 -0.313549 0
    outer loop
      vertex 12.0574 -3.65759 0
      vertex 11.8635 -4.24481 1
      vertex 11.8635 -4.24481 0
    endloop
  endfacet
  facet normal -0.757209 0.653173 0
    outer loop
      vertex -9.73993 7.99335 0
      vertex -9.33598 8.46164 1
      vertex -9.33598 8.46164 0
    endloop
  endfacet
  facet normal -0.757209 0.653173 0
    outer loop
      vertex -9.33598 8.46164 1
      vertex -9.73993 7.99335 0
      vertex -9.73993 7.99335 1
    endloop
  endfacet
  facet normal -0.266793 -0.963754 0
    outer loop
      vertex -3.65759 -12.0574 0
      vertex -3.06155 -12.2224 1
      vertex -3.65759 -12.0574 1
    endloop
  endfacet
  facet normal -0.266793 -0.963754 -0
    outer loop
      vertex -3.06155 -12.2224 1
      vertex -3.65759 -12.0574 0
      vertex -3.06155 -12.2224 0
    endloop
  endfacet
  facet normal 0.689544 0.724244 -0
    outer loop
      vertex 8.90954 8.90954 0
      vertex 8.46164 9.33598 1
      vertex 8.90954 8.90954 1
    endloop
  endfacet
  facet normal 0.689544 0.724244 0
    outer loop
      vertex 8.46164 9.33598 1
      vertex 8.90954 8.90954 0
      vertex 8.46164 9.33598 0
    endloop
  endfacet
  facet normal -0.99729 0.0735717 0
    outer loop
      vertex -12.5848 0.618252 0
      vertex -12.5393 1.23502 1
      vertex -12.5393 1.23502 0
    endloop
  endfacet
  facet normal -0.99729 0.0735717 0
    outer loop
      vertex -12.5393 1.23502 1
      vertex -12.5848 0.618252 0
      vertex -12.5848 0.618252 1
    endloop
  endfacet
  facet normal 0.757209 -0.653173 0
    outer loop
      vertex 9.33598 -8.46164 1
      vertex 9.73993 -7.99335 0
      vertex 9.73993 -7.99335 1
    endloop
  endfacet
  facet normal 0.757209 -0.653173 0
    outer loop
      vertex 9.73993 -7.99335 0
      vertex 9.33598 -8.46164 1
      vertex 9.33598 -8.46164 0
    endloop
  endfacet
  facet normal -0.999698 -0.024578 0
    outer loop
      vertex -12.5848 -0.618252 0
      vertex -12.6 0 1
      vertex -12.6 0 0
    endloop
  endfacet
  facet normal -0.999698 -0.024578 0
    outer loop
      vertex -12.6 0 1
      vertex -12.5848 -0.618252 0
      vertex -12.5848 -0.618252 1
    endloop
  endfacet
  facet normal 0.492869 0.870104 -0
    outer loop
      vertex 6.47769 10.8074 0
      vertex 5.9396 11.1122 1
      vertex 6.47769 10.8074 1
    endloop
  endfacet
  facet normal 0.492869 0.870104 0
    outer loop
      vertex 5.9396 11.1122 1
      vertex 6.47769 10.8074 0
      vertex 5.9396 11.1122 0
    endloop
  endfacet
  facet normal -0.893198 -0.449663 0
    outer loop
      vertex -11.1122 -5.9396 0
      vertex -11.3903 -5.38719 1
      vertex -11.3903 -5.38719 0
    endloop
  endfacet
  facet normal -0.893198 -0.449663 0
    outer loop
      vertex -11.3903 -5.38719 1
      vertex -11.1122 -5.9396 0
      vertex -11.1122 -5.9396 1
    endloop
  endfacet
  facet normal 0.492869 -0.870104 0
    outer loop
      vertex 5.9396 -11.1122 0
      vertex 6.47769 -10.8074 1
      vertex 5.9396 -11.1122 1
    endloop
  endfacet
  facet normal 0.492869 -0.870104 0
    outer loop
      vertex 6.47769 -10.8074 1
      vertex 5.9396 -11.1122 0
      vertex 6.47769 -10.8074 0
    endloop
  endfacet
  facet normal -0.932978 0.359932 0
    outer loop
      vertex -11.8635 4.24481 0
      vertex -11.6409 4.82181 1
      vertex -11.6409 4.82181 0
    endloop
  endfacet
  facet normal -0.932978 0.359932 0
    outer loop
      vertex -11.6409 4.82181 1
      vertex -11.8635 4.24481 0
      vertex -11.8635 4.24481 1
    endloop
  endfacet
  facet normal 0.219101 -0.975702 0
    outer loop
      vertex 2.45814 -12.3579 0
      vertex 3.06155 -12.2224 1
      vertex 2.45814 -12.3579 1
    endloop
  endfacet
  facet normal 0.219101 -0.975702 0
    outer loop
      vertex 3.06155 -12.2224 1
      vertex 2.45814 -12.3579 0
      vertex 3.06155 -12.2224 0
    endloop
  endfacet
  facet normal 0.170914 -0.985286 0
    outer loop
      vertex 1.8488 -12.4636 0
      vertex 2.45814 -12.3579 1
      vertex 1.8488 -12.4636 1
    endloop
  endfacet
  facet normal 0.170914 -0.985286 0
    outer loop
      vertex 2.45814 -12.3579 1
      vertex 1.8488 -12.4636 0
      vertex 2.45814 -12.3579 0
    endloop
  endfacet
  facet normal -0.975702 0.219101 0
    outer loop
      vertex -12.3579 2.45814 0
      vertex -12.2224 3.06155 1
      vertex -12.2224 3.06155 0
    endloop
  endfacet
  facet normal -0.975702 0.219101 0
    outer loop
      vertex -12.2224 3.06155 1
      vertex -12.3579 2.45814 0
      vertex -12.3579 2.45814 1
    endloop
  endfacet
  facet normal 0.788354 0.615222 0
    outer loop
      vertex 10.1204 7.50581 1
      vertex 9.73993 7.99335 0
      vertex 9.73993 7.99335 1
    endloop
  endfacet
  facet normal 0.788354 0.615222 0
    outer loop
      vertex 9.73993 7.99335 0
      vertex 10.1204 7.50581 1
      vertex 10.1204 7.50581 0
    endloop
  endfacet
  facet normal -0.689544 -0.724244 0
    outer loop
      vertex -8.90954 -8.90954 0
      vertex -8.46164 -9.33598 1
      vertex -8.90954 -8.90954 1
    endloop
  endfacet
  facet normal -0.689544 -0.724244 -0
    outer loop
      vertex -8.46164 -9.33598 1
      vertex -8.90954 -8.90954 0
      vertex -8.46164 -9.33598 0
    endloop
  endfacet
  facet normal -0.914219 -0.40522 0
    outer loop
      vertex -11.3903 -5.38719 0
      vertex -11.6409 -4.82181 1
      vertex -11.6409 -4.82181 0
    endloop
  endfacet
  facet normal -0.914219 -0.40522 0
    outer loop
      vertex -11.6409 -4.82181 1
      vertex -11.3903 -5.38719 0
      vertex -11.3903 -5.38719 1
    endloop
  endfacet
  facet normal 0.024578 0.999698 -0
    outer loop
      vertex 0.618252 12.5848 0
      vertex 0 12.6 1
      vertex 0.618252 12.5848 1
    endloop
  endfacet
  facet normal 0.024578 0.999698 0
    outer loop
      vertex 0 12.6 1
      vertex 0.618252 12.5848 0
      vertex 0 12.6 0
    endloop
  endfacet
  facet normal -0.893198 0.449663 0
    outer loop
      vertex -11.3903 5.38719 0
      vertex -11.1122 5.9396 1
      vertex -11.1122 5.9396 0
    endloop
  endfacet
  facet normal -0.893198 0.449663 0
    outer loop
      vertex -11.1122 5.9396 1
      vertex -11.3903 5.38719 0
      vertex -11.3903 5.38719 1
    endloop
  endfacet
  facet normal -0.313549 0.949572 0
    outer loop
      vertex -3.65759 12.0574 0
      vertex -4.24481 11.8635 1
      vertex -3.65759 12.0574 1
    endloop
  endfacet
  facet normal -0.313549 0.949572 0
    outer loop
      vertex -4.24481 11.8635 1
      vertex -3.65759 12.0574 0
      vertex -4.24481 11.8635 0
    endloop
  endfacet
  facet normal -0.266793 0.963754 0
    outer loop
      vertex -3.06155 12.2224 0
      vertex -3.65759 12.0574 1
      vertex -3.06155 12.2224 1
    endloop
  endfacet
  facet normal -0.266793 0.963754 0
    outer loop
      vertex -3.65759 12.0574 1
      vertex -3.06155 12.2224 0
      vertex -3.65759 12.0574 0
    endloop
  endfacet
  facet normal -0.492869 -0.870104 0
    outer loop
      vertex -6.47769 -10.8074 0
      vertex -5.9396 -11.1122 1
      vertex -6.47769 -10.8074 1
    endloop
  endfacet
  facet normal -0.492869 -0.870104 -0
    outer loop
      vertex -5.9396 -11.1122 1
      vertex -6.47769 -10.8074 0
      vertex -5.9396 -11.1122 0
    endloop
  endfacet
  facet normal 0.266793 -0.963754 0
    outer loop
      vertex 3.06155 -12.2224 0
      vertex 3.65759 -12.0574 1
      vertex 3.06155 -12.2224 1
    endloop
  endfacet
  facet normal 0.266793 -0.963754 0
    outer loop
      vertex 3.65759 -12.0574 1
      vertex 3.06155 -12.2224 0
      vertex 3.65759 -12.0574 0
    endloop
  endfacet
  facet normal 0.870104 -0.492869 0
    outer loop
      vertex 10.8074 -6.47769 1
      vertex 11.1122 -5.9396 0
      vertex 11.1122 -5.9396 1
    endloop
  endfacet
  facet normal 0.870104 -0.492869 0
    outer loop
      vertex 11.1122 -5.9396 0
      vertex 10.8074 -6.47769 1
      vertex 10.8074 -6.47769 0
    endloop
  endfacet
  facet normal -0.0735717 -0.99729 0
    outer loop
      vertex -1.23502 -12.5393 0
      vertex -0.618252 -12.5848 1
      vertex -1.23502 -12.5393 1
    endloop
  endfacet
  facet normal -0.0735717 -0.99729 -0
    outer loop
      vertex -0.618252 -12.5848 1
      vertex -1.23502 -12.5393 0
      vertex -0.618252 -12.5848 0
    endloop
  endfacet
  facet normal 0 0 1
    outer loop
      vertex -1.76384 -6.05721 1
      vertex -9.29289 -0.707107 1
      vertex -1.80798 -6.14489 1
    endloop
  endfacet
  facet normal 0 0 1
    outer loop
      vertex -1.80798 -6.14489 1
      vertex -9.29289 -0.707107 1
      vertex -1.84776 -6.23463 1
    endloop
  endfacet
  facet normal 0 0 1
    outer loop
      vertex -1.84776 -6.23463 1
      vertex -9.29289 -0.707107 1
      vertex -1.88309 -6.32622 1
    endloop
  endfacet
  facet normal 0 0 1
    outer loop
      vertex -10.1204 -7.50581 1
      vertex -1.88309 -6.32622 1
      vertex -9.29289 -0.707107 1
    endloop
  endfacet
  facet normal 0 0 1
    outer loop
      vertex -1.88309 -6.32622 1
      vertex -9.33598 -8.46164 1
      vertex -8.90954 -8.90954 1
    endloop
  endfacet
  facet normal 0 0 1
    outer loop
      vertex -10.1204 -7.50581 1
      vertex -9.29289 -0.707107 1
      vertex -9.44443 -0.83147 1
    endloop
  endfacet
  facet normal 0 0 1
    outer loop
      vertex -11.1122 -5.9396 1
      vertex -9.44443 -0.83147 1
      vertex -9.61732 -0.923879 1
    endloop
  endfacet
  facet normal 0 0 1
    outer loop
      vertex -1.88309 -6.32622 1
      vertex -9.73993 -7.99335 1
      vertex -9.33598 -8.46164 1
    endloop
  endfacet
  facet normal 0 0 1
    outer loop
      vertex -11.6409 -4.82181 1
      vertex -9.61732 -0.923879 1
      vertex -9.80491 -0.980784 1
    endloop
  endfacet
  facet normal 0 0 1
    outer loop
      vertex -11.8635 -4.24481 1
      vertex -9.80491 -0.980784 1
      vertex -10 -1 1
    endloop
  endfacet
  facet normal 0 0 1
    outer loop
      vertex -1.88309 -6.32622 1
      vertex -10.1204 -7.50581 1
      vertex -9.73993 -7.99335 1
    endloop
  endfacet
  facet normal 0 0 1
    outer loop
      vertex -12.0574 -3.65759 1
      vertex -10 -1 1
      vertex -10.1951 -0.980784 1
    endloop
  endfacet
  facet normal 0 0 1
    outer loop
      vertex -12.2224 -3.06155 1
      vertex -10.1951 -0.980784 1
      vertex -10.3827 -0.923879 1
    endloop
  endfacet
  facet normal 0 0 1
    outer loop
      vertex -9.44443 -0.83147 1
      vertex -10.4765 -7.00018 1
      vertex -10.1204 -7.50581 1
    endloop
  endfacet
  facet normal 0 0 1
    outer loop
      vertex -12.3579 -2.45814 1
      vertex -10.3827 -0.923879 1
      vertex -10.5556 -0.83147 1
    endloop
  endfacet
  facet normal 0 0 1
    outer loop
      vertex -12.4636 -1.8488 1
      vertex -10.5556 -0.83147 1
      vertex -10.7071 -0.707107 1
    endloop
  endfacet
  facet normal 0 0 1
    outer loop
      vertex -9.44443 -0.83147 1
      vertex -10.8074 -6.47769 1
      vertex -10.4765 -7.00018 1
    endloop
  endfacet
  facet normal 0 0 1
    outer loop
      vertex -12.5393 -1.23502 1
      vertex -10.7071 -0.707107 1
      vertex -10.8315 -0.55557 1
    endloop
  endfacet
  facet normal 0 0 1
    outer loop
      vertex -12.5393 -1.23502 1
      vertex -10.8315 -0.55557 1
      vertex -10.9239 -0.382683 1
    endloop
  endfacet
  facet normal 0 0 1
    outer loop
      vertex -12.5848 -0.618252 1
      vertex -10.9239 -0.382683 1
      vertex -10.9808 -0.19509 1
    endloop
  endfacet
  facet normal -0 0 1
    outer loop
      vertex -12.6 0 1
      vertex -10.9808 -0.19509 1
      vertex -11 0 1
    endloop
  endfacet
  facet normal 0 0 1
    outer loop
      vertex -9.44443 -0.83147 1
      vertex -11.1122 -5.9396 1
      vertex -10.8074 -6.47769 1
    endloop
  endfacet
  facet normal 0 0 1
    outer loop
      vertex -10.3827 0.923879 1
      vertex -12.3579 2.45814 1
      vertex -10.5556 0.83147 1
    endloop
  endfacet
  facet normal -0 0 1
    outer loop
      vertex -12.4636 1.8488 1
      vertex -10.5556 0.83147 1
      vertex -12.3579 2.45814 1
    endloop
  endfacet
  facet normal 0 0 1
    outer loop
      vertex -9.61732 -0.923879 1
      vertex -11.3903 -5.38719 1
      vertex -11.1122 -5.9396 1
    endloop
  endfacet
  facet normal 0 0 1
    outer loop
      vertex -10.5556 0.83147 1
      vertex -12.4636 1.8488 1
      vertex -10.7071 0.707107 1
    endloop
  endfacet
  facet normal 0 0 1
    outer loop
      vertex -9.61732 -0.923879 1
      vertex -11.6409 -4.82181 1
      vertex -11.3903 -5.38719 1
    endloop
  endfacet
  facet normal -0 0 1
    outer loop
      vertex -12.5393 1.23502 1
      vertex -10.7071 0.707107 1
      vertex -12.4636 1.8488 1
    endloop
  endfacet
  facet normal 0 0 1
    outer loop
      vertex -9.80491 -0.980784 1
      vertex -11.8635 -4.24481 1
      vertex -11.6409 -4.82181 1
    endloop
  endfacet
  facet normal 0 0 1
    outer loop
      vertex -10.7071 0.707107 1
      vertex -12.5393 1.23502 1
      vertex -10.8315 0.55557 1
    endloop
  endfacet
  facet normal 0 0 1
    outer loop
      vertex -10 -1 1
      vertex -12.0574 -3.65759 1
      vertex -11.8635 -4.24481 1
    endloop
  endfacet
  facet normal 0 0 1
    outer loop
      vertex -10.8315 0.55557 1
      vertex -12.5393 1.23502 1
      vertex -10.9239 0.382683 1
    endloop
  endfacet
  facet normal 0 0 1
    outer loop
      vertex -10.1951 -0.980784 1
      vertex -12.2224 -3.06155 1
      vertex -12.0574 -3.65759 1
    endloop
  endfacet
  facet normal -0 0 1
    outer loop
      vertex -12.5848 0.618252 1
      vertex -10.9239 0.382683 1
      vertex -12.5393 1.23502 1
    endloop
  endfacet
  facet normal 0 0 1
    outer loop
      vertex -10.3827 -0.923879 1
      vertex -12.3579 -2.45814 1
      vertex -12.2224 -3.06155 1
    endloop
  endfacet
  facet normal 0 0 1
    outer loop
      vertex -10.9239 0.382683 1
      vertex -12.5848 0.618252 1
      vertex -10.9808 0.19509 1
    endloop
  endfacet
  facet normal 0 0 1
    outer loop
      vertex -10.5556 -0.83147 1
      vertex -12.4636 -1.8488 1
      vertex -12.3579 -2.45814 1
    endloop
  endfacet
  facet normal 0 0 1
    outer loop
      vertex -12.6 0 1
      vertex -10.9808 0.19509 1
      vertex -12.5848 0.618252 1
    endloop
  endfacet
  facet normal 0 0 1
    outer loop
      vertex -10.7071 -0.707107 1
      vertex -12.5393 -1.23502 1
      vertex -12.4636 -1.8488 1
    endloop
  endfacet
  facet normal 0 0 1
    outer loop
      vertex -10.9808 0.19509 1
      vertex -12.6 0 1
      vertex -11 0 1
    endloop
  endfacet
  facet normal 0 0 1
    outer loop
      vertex -10.9239 -0.382683 1
      vertex -12.5848 -0.618252 1
      vertex -12.5393 -1.23502 1
    endloop
  endfacet
  facet normal 0 0 1
    outer loop
      vertex -10.9808 -0.19509 1
      vertex -12.6 0 1
      vertex -12.5848 -0.618252 1
    endloop
  endfacet
  facet normal 0 0 1
    outer loop
      vertex 10.1204 7.50581 1
      vertex 1.88309 6.32622 1
      vertex 9.44443 0.83147 1
    endloop
  endfacet
  facet normal 0 0 1
    outer loop
      vertex 9 0 1
      vertex 1.99759 -6.90186 1
      vertex 2 -7 1
    endloop
  endfacet
  facet normal -0 0 1
    outer loop
      vertex 1.84776 6.23463 1
      vertex 9.44443 0.83147 1
      vertex 1.88309 6.32622 1
    endloop
  endfacet
  facet normal 0 0 1
    outer loop
      vertex 9 0 1
      vertex 1.99037 -6.80397 1
      vertex 1.99759 -6.90186 1
    endloop
  endfacet
  facet normal 0 0 1
    outer loop
      vertex 9.44443 0.83147 1
      vertex 1.84776 6.23463 1
      vertex 9.29289 0.707107 1
    endloop
  endfacet
  facet normal 0 0 1
    outer loop
      vertex 9 0 1
      vertex 1.97835 -6.70654 1
      vertex 1.99037 -6.80397 1
    endloop
  endfacet
  facet normal -0 0 1
    outer loop
      vertex 1.80798 6.14489 1
      vertex 9.29289 0.707107 1
      vertex 1.84776 6.23463 1
    endloop
  endfacet
  facet normal 0 0 1
    outer loop
      vertex 9 0 1
      vertex 1.96157 -6.60982 1
      vertex 1.97835 -6.70654 1
    endloop
  endfacet
  facet normal -0 0 1
    outer loop
      vertex 1.76384 6.05721 1
      vertex 9.29289 0.707107 1
      vertex 1.80798 6.14489 1
    endloop
  endfacet
  facet normal 0 0 1
    outer loop
      vertex 9 0 1
      vertex 1.94006 -6.51404 1
      vertex 1.96157 -6.60982 1
    endloop
  endfacet
  facet normal -0 0 1
    outer loop
      vertex 1.71546 5.97179 1
      vertex 9.29289 0.707107 1
      vertex 1.76384 6.05721 1
    endloop
  endfacet
  facet normal 0 0 1
    outer loop
      vertex 9 0 1
      vertex 1.91388 -6.41943 1
      vertex 1.94006 -6.51404 1
    endloop
  endfacet
  facet normal 0 0 1
    outer loop
      vertex 9.29289 0.707107 1
      vertex 1.71546 5.97179 1
      vertex 9.16853 0.55557 1
    endloop
  endfacet
  facet normal 0 0 1
    outer loop
      vertex 9 0 1
      vertex 1.88309 -6.32622 1
      vertex 1.91388 -6.41943 1
    endloop
  endfacet
  facet normal -0 0 1
    outer loop
      vertex 1.66294 5.88886 1
      vertex 9.16853 0.55557 1
      vertex 1.71546 5.97179 1
    endloop
  endfacet
  facet normal 0 0 1
    outer loop
      vertex 9 0 1
      vertex 1.84776 -6.23463 1
      vertex 1.88309 -6.32622 1
    endloop
  endfacet
  facet normal -0 0 1
    outer loop
      vertex 1.60641 5.8086 1
      vertex 9.16853 0.55557 1
      vertex 1.66294 5.88886 1
    endloop
  endfacet
  facet normal 0 0 1
    outer loop
      vertex 9 0 1
      vertex 1.80798 -6.14489 1
      vertex 1.84776 -6.23463 1
    endloop
  endfacet
  facet normal -0 0 1
    outer loop
      vertex 1.54602 5.73121 1
      vertex 9.16853 0.55557 1
      vertex 1.60641 5.8086 1
    endloop
  endfacet
  facet normal 0 0 1
    outer loop
      vertex 9 0 1
      vertex 1.76384 -6.05721 1
      vertex 1.80798 -6.14489 1
    endloop
  endfacet
  facet normal 0 0 1
    outer loop
      vertex 9.16853 0.55557 1
      vertex 1.54602 5.73121 1
      vertex 9.07612 0.382683 1
    endloop
  endfacet
  facet normal 0 0 1
    outer loop
      vertex 9 0 1
      vertex 1.71546 -5.97179 1
      vertex 1.76384 -6.05721 1
    endloop
  endfacet
  facet normal -0 0 1
    outer loop
      vertex 1.4819 5.65688 1
      vertex 9.07612 0.382683 1
      vertex 1.54602 5.73121 1
    endloop
  endfacet
  facet normal 0 0 1
    outer loop
      vertex 9 0 1
      vertex 1.66294 -5.88886 1
      vertex 1.71546 -5.97179 1
    endloop
  endfacet
  facet normal -0 0 1
    outer loop
      vertex 1.41421 5.58579 1
      vertex 9.07612 0.382683 1
      vertex 1.4819 5.65688 1
    endloop
  endfacet
  facet normal 0 0 1
    outer loop
      vertex 9 0 1
      vertex 1.60641 -5.8086 1
      vertex 1.66294 -5.88886 1
    endloop
  endfacet
  facet normal -0 0 1
    outer loop
      vertex 1.34312 5.5181 1
      vertex 9.07612 0.382683 1
      vertex 1.41421 5.58579 1
    endloop
  endfacet
  facet normal 0 0 1
    outer loop
      vertex 9 0 1
      vertex 1.54602 -5.73121 1
      vertex 1.60641 -5.8086 1
    endloop
  endfacet
  facet normal -0 0 1
    outer loop
      vertex 1.26879 5.45398 1
      vertex 9.07612 0.382683 1
      vertex 1.34312 5.5181 1
    endloop
  endfacet
  facet normal 0 0 1
    outer loop
      vertex 9 0 1
      vertex 1.4819 -5.65688 1
      vertex 1.54602 -5.73121 1
    endloop
  endfacet
  facet normal 0 0 1
    outer loop
      vertex 9.07612 0.382683 1
      vertex 1.26879 5.45398 1
      vertex 9.01921 0.19509 1
    endloop
  endfacet
  facet normal 0 0 1
    outer loop
      vertex 9 0 1
      vertex 1.41421 -5.58579 1
      vertex 1.4819 -5.65688 1
    endloop
  endfacet
  facet normal -0 0 1
    outer loop
      vertex 1.1914 5.39358 1
      vertex 9.01921 0.19509 1
      vertex 1.26879 5.45398 1
    endloop
  endfacet
  facet normal 0 0 1
    outer loop
      vertex 9 0 1
      vertex 1.34312 -5.5181 1
      vertex 1.41421 -5.58579 1
    endloop
  endfacet
  facet normal -0 0 1
    outer loop
      vertex 1.11114 5.33706 1
      vertex 9.01921 0.19509 1
      vertex 1.1914 5.39358 1
    endloop
  endfacet
  facet normal 0 0 1
    outer loop
      vertex 9 0 1
      vertex 1.26879 -5.45398 1
      vertex 1.34312 -5.5181 1
    endloop
  endfacet
  facet normal -0 0 1
    outer loop
      vertex 1.0282 5.28454 1
      vertex 9.01921 0.19509 1
      vertex 1.11114 5.33706 1
    endloop
  endfacet
  facet normal 0 0 1
    outer loop
      vertex 9 0 1
      vertex 1.1914 -5.39358 1
      vertex 1.26879 -5.45398 1
    endloop
  endfacet
  facet normal 0 0 1
    outer loop
      vertex 9.01921 0.19509 1
      vertex 1.0282 5.28454 1
      vertex 9 0 1
    endloop
  endfacet
  facet normal 0 0 1
    outer loop
      vertex 9 0 1
      vertex 1.11114 -5.33706 1
      vertex 1.1914 -5.39358 1
    endloop
  endfacet
  facet normal -0 0 1
    outer loop
      vertex 0.942793 5.23616 1
      vertex 9 0 1
      vertex 1.0282 5.28454 1
    endloop
  endfacet
  facet normal 0 0 1
    outer loop
      vertex 9 0 1
      vertex 1.0282 -5.28454 1
      vertex 1.11114 -5.33706 1
    endloop
  endfacet
  facet normal -0 0 1
    outer loop
      vertex 0.85511 5.19202 1
      vertex 9 0 1
      vertex 0.942793 5.23616 1
    endloop
  endfacet
  facet normal 0 0 1
    outer loop
      vertex 9 0 1
      vertex 0.942793 -5.23616 1
      vertex 1.0282 -5.28454 1
    endloop
  endfacet
  facet normal 0 0 1
    outer loop
      vertex 0.85511 -5.19202 1
      vertex 9 0 1
      vertex 0.85511 5.19202 1
    endloop
  endfacet
  facet normal 0 0 1
    outer loop
      vertex 9 0 1
      vertex 0.85511 -5.19202 1
      vertex 0.942793 -5.23616 1
    endloop
  endfacet
  facet normal -0 0 1
    outer loop
      vertex 0.765367 5.15224 1
      vertex 0.85511 -5.19202 1
      vertex 0.85511 5.19202 1
    endloop
  endfacet
  facet normal 0 0 1
    outer loop
      vertex 0.765367 5.15224 1
      vertex 0.765367 -5.15224 1
      vertex 0.85511 -5.19202 1
    endloop
  endfacet
  facet normal -0 0 1
    outer loop
      vertex 0.673779 5.11691 1
      vertex 0.765367 -5.15224 1
      vertex 0.765367 5.15224 1
    endloop
  endfacet
  facet normal 0 0 1
    outer loop
      vertex 0.673779 5.11691 1
      vertex 0.673779 -5.11691 1
      vertex 0.765367 -5.15224 1
    endloop
  endfacet
  facet normal -0 0 1
    outer loop
      vertex 0.580569 5.08612 1
      vertex 0.673779 -5.11691 1
      vertex 0.673779 5.11691 1
    endloop
  endfacet
  facet normal 0 0 1
    outer loop
      vertex 0.580569 5.08612 1
      vertex 0.580569 -5.08612 1
      vertex 0.673779 -5.11691 1
    endloop
  endfacet
  facet normal -0 0 1
    outer loop
      vertex 0.48596 5.05994 1
      vertex 0.580569 -5.08612 1
      vertex 0.580569 5.08612 1
    endloop
  endfacet
  facet normal 0 0 1
    outer loop
      vertex 0.48596 5.05994 1
      vertex 0.48596 -5.05994 1
      vertex 0.580569 -5.08612 1
    endloop
  endfacet
  facet normal -0 0 1
    outer loop
      vertex 0.390181 5.03843 1
      vertex 0.48596 -5.05994 1
      vertex 0.48596 5.05994 1
    endloop
  endfacet
  facet normal 0 0 1
    outer loop
      vertex 0.390181 5.03843 1
      vertex 0.390181 -5.03843 1
      vertex 0.48596 -5.05994 1
    endloop
  endfacet
  facet normal -0 0 1
    outer loop
      vertex 0.293461 5.02165 1
      vertex 0.390181 -5.03843 1
      vertex 0.390181 5.03843 1
    endloop
  endfacet
  facet normal 0 0 1
    outer loop
      vertex 0.293461 5.02165 1
      vertex 0.293461 -5.02165 1
      vertex 0.390181 -5.03843 1
    endloop
  endfacet
  facet normal -0 0 1
    outer loop
      vertex 0.196033 5.00963 1
      vertex 0.293461 -5.02165 1
      vertex 0.293461 5.02165 1
    endloop
  endfacet
  facet normal 0 0 1
    outer loop
      vertex 0.196033 5.00963 1
      vertex 0.196033 -5.00963 1
      vertex 0.293461 -5.02165 1
    endloop
  endfacet
  facet normal -0 0 1
    outer loop
      vertex 0.098135 5.00241 1
      vertex 0.196033 -5.00963 1
      vertex 0.196033 5.00963 1
    endloop
  endfacet
  facet normal 0 0 1
    outer loop
      vertex 0.098135 5.00241 1
      vertex 0.098135 -5.00241 1
      vertex 0.196033 -5.00963 1
    endloop
  endfacet
  facet normal -0 0 1
    outer loop
      vertex 0 5 1
      vertex 0.098135 -5.00241 1
      vertex 0.098135 5.00241 1
    endloop
  endfacet
  facet normal 0 0 1
    outer loop
      vertex 0 5 1
      vertex 0 -5 1
      vertex 0.098135 -5.00241 1
    endloop
  endfacet
  facet normal 0 0 1
    outer loop
      vertex -0.098135 5.00241 1
      vertex 0 -5 1
      vertex 0 5 1
    endloop
  endfacet
  facet normal 0 0 1
    outer loop
      vertex -0.098135 5.00241 1
      vertex -0.098135 -5.00241 1
      vertex 0 -5 1
    endloop
  endfacet
  facet normal 0 0 1
    outer loop
      vertex -0.196033 5.00963 1
      vertex -0.098135 -5.00241 1
      vertex -0.098135 5.00241 1
    endloop
  endfacet
  facet normal 0 0 1
    outer loop
      vertex -0.196033 5.00963 1
      vertex -0.196033 -5.00963 1
      vertex -0.098135 -5.00241 1
    endloop
  endfacet
  facet normal 0 0 1
    outer loop
      vertex -0.293461 5.02165 1
      vertex -0.196033 -5.00963 1
      vertex -0.196033 5.00963 1
    endloop
  endfacet
  facet normal 0 0 1
    outer loop
      vertex -0.293461 5.02165 1
      vertex -0.293461 -5.02165 1
      vertex -0.196033 -5.00963 1
    endloop
  endfacet
  facet normal 0 0 1
    outer loop
      vertex -0.390181 5.03843 1
      vertex -0.293461 -5.02165 1
      vertex -0.293461 5.02165 1
    endloop
  endfacet
  facet normal 0 0 1
    outer loop
      vertex -0.390181 5.03843 1
      vertex -0.390181 -5.03843 1
      vertex -0.293461 -5.02165 1
    endloop
  endfacet
  facet normal 0 0 1
    outer loop
      vertex -0.48596 5.05994 1
      vertex -0.390181 -5.03843 1
      vertex -0.390181 5.03843 1
    endloop
  endfacet
  facet normal 0 0 1
    outer loop
      vertex -0.48596 5.05994 1
      vertex -0.48596 -5.05994 1
      vertex -0.390181 -5.03843 1
    endloop
  endfacet
  facet normal 0 0 1
    outer loop
      vertex -0.580569 5.08612 1
      vertex -0.48596 -5.05994 1
      vertex -0.48596 5.05994 1
    endloop
  endfacet
  facet normal 0 0 1
    outer loop
      vertex -0.580569 5.08612 1
      vertex -0.580569 -5.08612 1
      vertex -0.48596 -5.05994 1
    endloop
  endfacet
  facet normal 0 0 1
    outer loop
      vertex -0.673779 5.11691 1
      vertex -0.580569 -5.08612 1
      vertex -0.580569 5.08612 1
    endloop
  endfacet
  facet normal 0 0 1
    outer loop
      vertex -0.673779 5.11691 1
      vertex -0.673779 -5.11691 1
      vertex -0.580569 -5.08612 1
    endloop
  endfacet
  facet normal 0 0 1
    outer loop
      vertex -0.765367 5.15224 1
      vertex -0.673779 -5.11691 1
      vertex -0.673779 5.11691 1
    endloop
  endfacet
  facet normal 0 0 1
    outer loop
      vertex -0.765367 5.15224 1
      vertex -0.765367 -5.15224 1
      vertex -0.673779 -5.11691 1
    endloop
  endfacet
  facet normal 0 0 1
    outer loop
      vertex -0.85511 5.19202 1
      vertex -0.765367 -5.15224 1
      vertex -0.765367 5.15224 1
    endloop
  endfacet
  facet normal 0 0 1
    outer loop
      vertex -0.85511 5.19202 1
      vertex -0.85511 -5.19202 1
      vertex -0.765367 -5.15224 1
    endloop
  endfacet
  facet normal 0 0 1
    outer loop
      vertex -9 0 1
      vertex -0.85511 5.19202 1
      vertex -0.942793 5.23616 1
    endloop
  endfacet
  facet normal 0 0 1
    outer loop
      vertex -0.85511 5.19202 1
      vertex -9 0 1
      vertex -0.85511 -5.19202 1
    endloop
  endfacet
  facet normal 0 0 1
    outer loop
      vertex -9 0 1
      vertex -0.942793 5.23616 1
      vertex -1.0282 5.28454 1
    endloop
  endfacet
  facet normal 0 0 1
    outer loop
      vertex -0.85511 -5.19202 1
      vertex -9 0 1
      vertex -0.942793 -5.23616 1
    endloop
  endfacet
  facet normal 0 0 1
    outer loop
      vertex -9.01921 0.19509 1
      vertex -1.0282 5.28454 1
      vertex -1.11114 5.33706 1
    endloop
  endfacet
  facet normal 0 0 1
    outer loop
      vertex -0.942793 -5.23616 1
      vertex -9 0 1
      vertex -1.0282 -5.28454 1
    endloop
  endfacet
  facet normal 0 0 1
    outer loop
      vertex -9.01921 0.19509 1
      vertex -1.11114 5.33706 1
      vertex -1.1914 5.39358 1
    endloop
  endfacet
  facet normal -0 0 1
    outer loop
      vertex -9.01921 -0.19509 1
      vertex -1.0282 -5.28454 1
      vertex -9 0 1
    endloop
  endfacet
  facet normal 0 0 1
    outer loop
      vertex -9.01921 0.19509 1
      vertex -1.1914 5.39358 1
      vertex -1.26879 5.45398 1
    endloop
  endfacet
  facet normal 0 0 1
    outer loop
      vertex -1.0282 -5.28454 1
      vertex -9.01921 -0.19509 1
      vertex -1.11114 -5.33706 1
    endloop
  endfacet
  facet normal 0 0 1
    outer loop
      vertex -9.01921 0.19509 1
      vertex -1.26879 5.45398 1
      vertex -1.34312 5.5181 1
    endloop
  endfacet
  facet normal 0 0 1
    outer loop
      vertex -1.11114 -5.33706 1
      vertex -9.01921 -0.19509 1
      vertex -1.1914 -5.39358 1
    endloop
  endfacet
  facet normal 0 0 1
    outer loop
      vertex -9.01921 0.19509 1
      vertex -1.34312 5.5181 1
      vertex -1.41421 5.58579 1
    endloop
  endfacet
  facet normal 0 0 1
    outer loop
      vertex -1.1914 -5.39358 1
      vertex -9.01921 -0.19509 1
      vertex -1.26879 -5.45398 1
    endloop
  endfacet
  facet normal 0 0 1
    outer loop
      vertex -9.01921 0.19509 1
      vertex -1.41421 5.58579 1
      vertex -1.4819 5.65688 1
    endloop
  endfacet
  facet normal -0 0 1
    outer loop
      vertex -9.07612 -0.382683 1
      vertex -1.26879 -5.45398 1
      vertex -9.01921 -0.19509 1
    endloop
  endfacet
  facet normal 0 0 1
    outer loop
      vertex -9.01921 0.19509 1
      vertex -1.4819 5.65688 1
      vertex -1.54602 5.73121 1
    endloop
  endfacet
  facet normal 0 0 1
    outer loop
      vertex -1.26879 -5.45398 1
      vertex -9.07612 -0.382683 1
      vertex -1.34312 -5.5181 1
    endloop
  endfacet
  facet normal 0 0 1
    outer loop
      vertex -9.01921 0.19509 1
      vertex -1.54602 5.73121 1
      vertex -1.60641 5.8086 1
    endloop
  endfacet
  facet normal 0 0 1
    outer loop
      vertex -1.34312 -5.5181 1
      vertex -9.07612 -0.382683 1
      vertex -1.41421 -5.58579 1
    endloop
  endfacet
  facet normal 0 0 1
    outer loop
      vertex -9.01921 0.19509 1
      vertex -1.60641 5.8086 1
      vertex -1.66294 5.88886 1
    endloop
  endfacet
  facet normal 0 0 1
    outer loop
      vertex -1.41421 -5.58579 1
      vertex -9.07612 -0.382683 1
      vertex -1.4819 -5.65688 1
    endloop
  endfacet
  facet normal 0 0 1
    outer loop
      vertex -9.01921 0.19509 1
      vertex -1.66294 5.88886 1
      vertex -1.71546 5.97179 1
    endloop
  endfacet
  facet normal 0 0 1
    outer loop
      vertex -1.4819 -5.65688 1
      vertex -9.07612 -0.382683 1
      vertex -1.54602 -5.73121 1
    endloop
  endfacet
  facet normal 0 0 1
    outer loop
      vertex -9.01921 0.19509 1
      vertex -1.71546 5.97179 1
      vertex -1.76384 6.05721 1
    endloop
  endfacet
  facet normal -0 0 1
    outer loop
      vertex -9.16853 -0.55557 1
      vertex -1.54602 -5.73121 1
      vertex -9.07612 -0.382683 1
    endloop
  endfacet
  facet normal 0 0 1
    outer loop
      vertex -9.01921 0.19509 1
      vertex -1.76384 6.05721 1
      vertex -1.80798 6.14489 1
    endloop
  endfacet
  facet normal 0 0 1
    outer loop
      vertex -1.54602 -5.73121 1
      vertex -9.16853 -0.55557 1
      vertex -1.60641 -5.8086 1
    endloop
  endfacet
  facet normal 0 0 1
    outer loop
      vertex -9.01921 0.19509 1
      vertex -1.80798 6.14489 1
      vertex -1.84776 6.23463 1
    endloop
  endfacet
  facet normal 0 0 1
    outer loop
      vertex -1.60641 -5.8086 1
      vertex -9.16853 -0.55557 1
      vertex -1.66294 -5.88886 1
    endloop
  endfacet
  facet normal 0 0 1
    outer loop
      vertex -9.01921 0.19509 1
      vertex -1.84776 6.23463 1
      vertex -1.88309 6.32622 1
    endloop
  endfacet
  facet normal 0 0 1
    outer loop
      vertex -1.66294 -5.88886 1
      vertex -9.16853 -0.55557 1
      vertex -1.71546 -5.97179 1
    endloop
  endfacet
  facet normal 0 0 1
    outer loop
      vertex -9.01921 0.19509 1
      vertex -1.88309 6.32622 1
      vertex -1.91388 6.41943 1
    endloop
  endfacet
  facet normal -0 0 1
    outer loop
      vertex -9.29289 -0.707107 1
      vertex -1.71546 -5.97179 1
      vertex -9.16853 -0.55557 1
    endloop
  endfacet
  facet normal 0 0 1
    outer loop
      vertex -9.01921 0.19509 1
      vertex -1.91388 6.41943 1
      vertex -1.94006 6.51404 1
    endloop
  endfacet
  facet normal 0 0 1
    outer loop
      vertex -1.71546 -5.97179 1
      vertex -9.29289 -0.707107 1
      vertex -1.76384 -6.05721 1
    endloop
  endfacet
  facet normal 0 0 1
    outer loop
      vertex -9.01921 0.19509 1
      vertex -1.94006 6.51404 1
      vertex -1.96157 6.60982 1
    endloop
  endfacet
  facet normal 0 0 1
    outer loop
      vertex -1.88309 -6.32622 1
      vertex -8.90954 -8.90954 1
      vertex -1.91388 -6.41943 1
    endloop
  endfacet
  facet normal 0 0 1
    outer loop
      vertex -9.01921 0.19509 1
      vertex -1.96157 6.60982 1
      vertex -1.97835 6.70654 1
    endloop
  endfacet
  facet normal 0 0 1
    outer loop
      vertex -1.91388 -6.41943 1
      vertex -8.90954 -8.90954 1
      vertex -1.94006 -6.51404 1
    endloop
  endfacet
  facet normal 0 0 1
    outer loop
      vertex -9.01921 0.19509 1
      vertex -1.97835 6.70654 1
      vertex -1.99037 6.80397 1
    endloop
  endfacet
  facet normal 0 0 1
    outer loop
      vertex -1.94006 -6.51404 1
      vertex -8.90954 -8.90954 1
      vertex -1.96157 -6.60982 1
    endloop
  endfacet
  facet normal 0 0 1
    outer loop
      vertex -9.01921 0.19509 1
      vertex -1.99037 6.80397 1
      vertex -1.99759 6.90186 1
    endloop
  endfacet
  facet normal 0 0 1
    outer loop
      vertex -1.96157 -6.60982 1
      vertex -8.90954 -8.90954 1
      vertex -1.97835 -6.70654 1
    endloop
  endfacet
  facet normal 0 0 1
    outer loop
      vertex -9.01921 0.19509 1
      vertex -1.99759 6.90186 1
      vertex -2 7 1
    endloop
  endfacet
  facet normal 0 0 1
    outer loop
      vertex -1.97835 -6.70654 1
      vertex -8.90954 -8.90954 1
      vertex -1.99037 -6.80397 1
    endloop
  endfacet
  facet normal 0 0 1
    outer loop
      vertex 6.47769 -10.8074 1
      vertex 1.91388 -7.58057 1
      vertex 5.9396 -11.1122 1
    endloop
  endfacet
  facet normal -0 0 1
    outer loop
      vertex 1.88309 -7.67378 1
      vertex 5.9396 -11.1122 1
      vertex 1.91388 -7.58057 1
    endloop
  endfacet
  facet normal -0 0 1
    outer loop
      vertex 1.84776 -7.76537 1
      vertex 5.9396 -11.1122 1
      vertex 1.88309 -7.67378 1
    endloop
  endfacet
  facet normal 0 0 1
    outer loop
      vertex 5.9396 -11.1122 1
      vertex 1.84776 -7.76537 1
      vertex 5.38719 -11.3903 1
    endloop
  endfacet
  facet normal -0 0 1
    outer loop
      vertex 1.80798 -7.85511 1
      vertex 5.38719 -11.3903 1
      vertex 1.84776 -7.76537 1
    endloop
  endfacet
  facet normal -0 0 1
    outer loop
      vertex 1.76384 -7.94279 1
      vertex 5.38719 -11.3903 1
      vertex 1.80798 -7.85511 1
    endloop
  endfacet
  facet normal 0 0 1
    outer loop
      vertex 5.38719 -11.3903 1
      vertex 1.76384 -7.94279 1
      vertex 4.82181 -11.6409 1
    endloop
  endfacet
  facet normal -0 0 1
    outer loop
      vertex 1.71546 -8.0282 1
      vertex 4.82181 -11.6409 1
      vertex 1.76384 -7.94279 1
    endloop
  endfacet
  facet normal -0 0 1
    outer loop
      vertex 1.66294 -8.11114 1
      vertex 4.82181 -11.6409 1
      vertex 1.71546 -8.0282 1
    endloop
  endfacet
  facet normal 0 0 1
    outer loop
      vertex 4.82181 -11.6409 1
      vertex 1.66294 -8.11114 1
      vertex 4.24481 -11.8635 1
    endloop
  endfacet
  facet normal -0 0 1
    outer loop
      vertex 1.60641 -8.1914 1
      vertex 4.24481 -11.8635 1
      vertex 1.66294 -8.11114 1
    endloop
  endfacet
  facet normal -0 0 1
    outer loop
      vertex 1.54602 -8.26879 1
      vertex 4.24481 -11.8635 1
      vertex 1.60641 -8.1914 1
    endloop
  endfacet
  facet normal 0 0 1
    outer loop
      vertex 4.24481 -11.8635 1
      vertex 1.54602 -8.26879 1
      vertex 3.65759 -12.0574 1
    endloop
  endfacet
  facet normal -0 0 1
    outer loop
      vertex 1.4819 -8.34312 1
      vertex 3.65759 -12.0574 1
      vertex 1.54602 -8.26879 1
    endloop
  endfacet
  facet normal -0 0 1
    outer loop
      vertex 1.41421 -8.41421 1
      vertex 3.65759 -12.0574 1
      vertex 1.4819 -8.34312 1
    endloop
  endfacet
  facet normal -0 0 1
    outer loop
      vertex 1.34312 -8.4819 1
      vertex 3.65759 -12.0574 1
      vertex 1.41421 -8.41421 1
    endloop
  endfacet
  facet normal 0 0 1
    outer loop
      vertex 3.65759 -12.0574 1
      vertex 1.34312 -8.4819 1
      vertex 3.06155 -12.2224 1
    endloop
  endfacet
  facet normal -0 0 1
    outer loop
      vertex 1.26879 -8.54602 1
      vertex 3.06155 -12.2224 1
      vertex 1.34312 -8.4819 1
    endloop
  endfacet
  facet normal -0 0 1
    outer loop
      vertex 1.1914 -8.60641 1
      vertex 3.06155 -12.2224 1
      vertex 1.26879 -8.54602 1
    endloop
  endfacet
  facet normal 0 0 1
    outer loop
      vertex 3.06155 -12.2224 1
      vertex 1.1914 -8.60641 1
      vertex 2.45814 -12.3579 1
    endloop
  endfacet
  facet normal -0 0 1
    outer loop
      vertex 1.11114 -8.66294 1
      vertex 2.45814 -12.3579 1
      vertex 1.1914 -8.60641 1
    endloop
  endfacet
  facet normal -0 0 1
    outer loop
      vertex 1.0282 -8.71546 1
      vertex 2.45814 -12.3579 1
      vertex 1.11114 -8.66294 1
    endloop
  endfacet
  facet normal -0 0 1
    outer loop
      vertex 0.942793 -8.76384 1
      vertex 2.45814 -12.3579 1
      vertex 1.0282 -8.71546 1
    endloop
  endfacet
  facet normal 0 0 1
    outer loop
      vertex 2.45814 -12.3579 1
      vertex 0.942793 -8.76384 1
      vertex 1.8488 -12.4636 1
    endloop
  endfacet
  facet normal -0 0 1
    outer loop
      vertex 0.85511 -8.80798 1
      vertex 1.8488 -12.4636 1
      vertex 0.942793 -8.76384 1
    endloop
  endfacet
  facet normal -0 0 1
    outer loop
      vertex 0.765367 -8.84776 1
      vertex 1.8488 -12.4636 1
      vertex 0.85511 -8.80798 1
    endloop
  endfacet
  facet normal -0 0 1
    outer loop
      vertex 0.673779 -8.88309 1
      vertex 1.8488 -12.4636 1
      vertex 0.765367 -8.84776 1
    endloop
  endfacet
  facet normal 0 0 1
    outer loop
      vertex 1.8488 -12.4636 1
      vertex 0.673779 -8.88309 1
      vertex 1.23502 -12.5393 1
    endloop
  endfacet
  facet normal -0 0 1
    outer loop
      vertex 0.580569 -8.91388 1
      vertex 1.23502 -12.5393 1
      vertex 0.673779 -8.88309 1
    endloop
  endfacet
  facet normal -0 0 1
    outer loop
      vertex 0.48596 -8.94006 1
      vertex 1.23502 -12.5393 1
      vertex 0.580569 -8.91388 1
    endloop
  endfacet
  facet normal -0 0 1
    outer loop
      vertex 0.390181 -8.96157 1
      vertex 1.23502 -12.5393 1
      vertex 0.48596 -8.94006 1
    endloop
  endfacet
  facet normal 0 0 1
    outer loop
      vertex 1.23502 -12.5393 1
      vertex 0.390181 -8.96157 1
      vertex 0.618252 -12.5848 1
    endloop
  endfacet
  facet normal -0 0 1
    outer loop
      vertex 0.293461 -8.97835 1
      vertex 0.618252 -12.5848 1
      vertex 0.390181 -8.96157 1
    endloop
  endfacet
  facet normal -0 0 1
    outer loop
      vertex 0.196033 -8.99037 1
      vertex 0.618252 -12.5848 1
      vertex 0.293461 -8.97835 1
    endloop
  endfacet
  facet normal -0 0 1
    outer loop
      vertex 0.098135 -8.99759 1
      vertex 0.618252 -12.5848 1
      vertex 0.196033 -8.99037 1
    endloop
  endfacet
  facet normal 0 0 1
    outer loop
      vertex 0 -12.6 1
      vertex 0.098135 -8.99759 1
      vertex 0 -9 1
    endloop
  endfacet
  facet normal 0 0 1
    outer loop
      vertex 0.098135 -8.99759 1
      vertex 0 -12.6 1
      vertex 0.618252 -12.5848 1
    endloop
  endfacet
  facet normal 0 0 1
    outer loop
      vertex -0.098135 -8.99759 1
      vertex 0 -12.6 1
      vertex 0 -9 1
    endloop
  endfacet
  facet normal 0 0 1
    outer loop
      vertex -0.196033 -8.99037 1
      vertex 0 -12.6 1
      vertex -0.098135 -8.99759 1
    endloop
  endfacet
  facet normal 0 0 1
    outer loop
      vertex -0.618252 -12.5848 1
      vertex -0.196033 -8.99037 1
      vertex -0.293461 -8.97835 1
    endloop
  endfacet
  facet normal 0 0 1
    outer loop
      vertex -0.618252 -12.5848 1
      vertex -0.293461 -8.97835 1
      vertex -0.390181 -8.96157 1
    endloop
  endfacet
  facet normal 0 0 1
    outer loop
      vertex -1.23502 -12.5393 1
      vertex -0.390181 -8.96157 1
      vertex -0.48596 -8.94006 1
    endloop
  endfacet
  facet normal 0 0 1
    outer loop
      vertex -1.23502 -12.5393 1
      vertex -0.48596 -8.94006 1
      vertex -0.580569 -8.91388 1
    endloop
  endfacet
  facet normal 0 0 1
    outer loop
      vertex -0.196033 -8.99037 1
      vertex -0.618252 -12.5848 1
      vertex 0 -12.6 1
    endloop
  endfacet
  facet normal 0 0 1
    outer loop
      vertex -1.23502 -12.5393 1
      vertex -0.580569 -8.91388 1
      vertex -0.673779 -8.88309 1
    endloop
  endfacet
  facet normal 0 0 1
    outer loop
      vertex -1.8488 -12.4636 1
      vertex -0.673779 -8.88309 1
      vertex -0.765367 -8.84776 1
    endloop
  endfacet
  facet normal 0 0 1
    outer loop
      vertex -1.8488 -12.4636 1
      vertex -0.765367 -8.84776 1
      vertex -0.85511 -8.80798 1
    endloop
  endfacet
  facet normal 0 0 1
    outer loop
      vertex -1.8488 -12.4636 1
      vertex -0.85511 -8.80798 1
      vertex -0.942793 -8.76384 1
    endloop
  endfacet
  facet normal 0 0 1
    outer loop
      vertex -2.45814 -12.3579 1
      vertex -0.942793 -8.76384 1
      vertex -1.0282 -8.71546 1
    endloop
  endfacet
  facet normal 0 0 1
    outer loop
      vertex -2.45814 -12.3579 1
      vertex -1.0282 -8.71546 1
      vertex -1.11114 -8.66294 1
    endloop
  endfacet
  facet normal 0 0 1
    outer loop
      vertex -2.45814 -12.3579 1
      vertex -1.11114 -8.66294 1
      vertex -1.1914 -8.60641 1
    endloop
  endfacet
  facet normal 0 0 1
    outer loop
      vertex -0.390181 -8.96157 1
      vertex -1.23502 -12.5393 1
      vertex -0.618252 -12.5848 1
    endloop
  endfacet
  facet normal 0 0 1
    outer loop
      vertex -3.06155 -12.2224 1
      vertex -1.1914 -8.60641 1
      vertex -1.26879 -8.54602 1
    endloop
  endfacet
  facet normal 0 0 1
    outer loop
      vertex -3.06155 -12.2224 1
      vertex -1.26879 -8.54602 1
      vertex -1.34312 -8.4819 1
    endloop
  endfacet
  facet normal 0 0 1
    outer loop
      vertex -3.65759 -12.0574 1
      vertex -1.34312 -8.4819 1
      vertex -1.41421 -8.41421 1
    endloop
  endfacet
  facet normal 0 0 1
    outer loop
      vertex -3.65759 -12.0574 1
      vertex -1.41421 -8.41421 1
      vertex -1.4819 -8.34312 1
    endloop
  endfacet
  facet normal 0 0 1
    outer loop
      vertex -3.65759 -12.0574 1
      vertex -1.4819 -8.34312 1
      vertex -1.54602 -8.26879 1
    endloop
  endfacet
  facet normal 0 0 1
    outer loop
      vertex -4.24481 -11.8635 1
      vertex -1.54602 -8.26879 1
      vertex -1.60641 -8.1914 1
    endloop
  endfacet
  facet normal 0 0 1
    outer loop
      vertex -4.24481 -11.8635 1
      vertex -1.60641 -8.1914 1
      vertex -1.66294 -8.11114 1
    endloop
  endfacet
  facet normal 0 0 1
    outer loop
      vertex -4.82181 -11.6409 1
      vertex -1.66294 -8.11114 1
      vertex -1.71546 -8.0282 1
    endloop
  endfacet
  facet normal 0 0 1
    outer loop
      vertex -4.82181 -11.6409 1
      vertex -1.71546 -8.0282 1
      vertex -1.76384 -7.94279 1
    endloop
  endfacet
  facet normal 0 0 1
    outer loop
      vertex -5.38719 -11.3903 1
      vertex -1.76384 -7.94279 1
      vertex -1.80798 -7.85511 1
    endloop
  endfacet
  facet normal 0 0 1
    outer loop
      vertex -5.38719 -11.3903 1
      vertex -1.80798 -7.85511 1
      vertex -1.84776 -7.76537 1
    endloop
  endfacet
  facet normal 0 0 1
    outer loop
      vertex -0.673779 -8.88309 1
      vertex -1.8488 -12.4636 1
      vertex -1.23502 -12.5393 1
    endloop
  endfacet
  facet normal 0 0 1
    outer loop
      vertex -5.9396 -11.1122 1
      vertex -1.84776 -7.76537 1
      vertex -1.88309 -7.67378 1
    endloop
  endfacet
  facet normal 0 0 1
    outer loop
      vertex -5.9396 -11.1122 1
      vertex -1.88309 -7.67378 1
      vertex -1.91388 -7.58057 1
    endloop
  endfacet
  facet normal 0 0 1
    outer loop
      vertex -6.47769 -10.8074 1
      vertex -1.91388 -7.58057 1
      vertex -1.94006 -7.48596 1
    endloop
  endfacet
  facet normal 0 0 1
    outer loop
      vertex -6.47769 -10.8074 1
      vertex -1.94006 -7.48596 1
      vertex -1.96157 -7.39018 1
    endloop
  endfacet
  facet normal 0 0 1
    outer loop
      vertex -7.00018 -10.4765 1
      vertex -1.96157 -7.39018 1
      vertex -1.97835 -7.29346 1
    endloop
  endfacet
  facet normal 0 0 1
    outer loop
      vertex -7.00018 -10.4765 1
      vertex -1.97835 -7.29346 1
      vertex -1.99037 -7.19603 1
    endloop
  endfacet
  facet normal 0 0 1
    outer loop
      vertex -7.50581 -10.1204 1
      vertex -1.99037 -7.19603 1
      vertex -1.99759 -7.09813 1
    endloop
  endfacet
  facet normal 0 0 1
    outer loop
      vertex -0.942793 -8.76384 1
      vertex -2.45814 -12.3579 1
      vertex -1.8488 -12.4636 1
    endloop
  endfacet
  facet normal 0 0 1
    outer loop
      vertex -7.50581 -10.1204 1
      vertex -1.99759 -7.09813 1
      vertex -2 -7 1
    endloop
  endfacet
  facet normal 0 0 1
    outer loop
      vertex -1.0282 5.28454 1
      vertex -9.01921 0.19509 1
      vertex -9 0 1
    endloop
  endfacet
  facet normal 0 0 1
    outer loop
      vertex -9.07612 0.382683 1
      vertex -2.45814 12.3579 1
      vertex -3.06155 12.2224 1
    endloop
  endfacet
  facet normal 0 0 1
    outer loop
      vertex -1.99037 -6.80397 1
      vertex -8.46164 -9.33598 1
      vertex -1.99759 -6.90186 1
    endloop
  endfacet
  facet normal 0 0 1
    outer loop
      vertex -9.07612 0.382683 1
      vertex -3.06155 12.2224 1
      vertex -3.65759 12.0574 1
    endloop
  endfacet
  facet normal 0 0 1
    outer loop
      vertex -1.1914 -8.60641 1
      vertex -3.06155 -12.2224 1
      vertex -2.45814 -12.3579 1
    endloop
  endfacet
  facet normal 0 0 1
    outer loop
      vertex -9.07612 0.382683 1
      vertex -3.65759 12.0574 1
      vertex -4.24481 11.8635 1
    endloop
  endfacet
  facet normal 0 0 1
    outer loop
      vertex -1.34312 -8.4819 1
      vertex -3.65759 -12.0574 1
      vertex -3.06155 -12.2224 1
    endloop
  endfacet
  facet normal 0 0 1
    outer loop
      vertex -9.07612 0.382683 1
      vertex -4.24481 11.8635 1
      vertex -4.82181 11.6409 1
    endloop
  endfacet
  facet normal 0 0 1
    outer loop
      vertex -1.54602 -8.26879 1
      vertex -4.24481 -11.8635 1
      vertex -3.65759 -12.0574 1
    endloop
  endfacet
  facet normal 0 0 1
    outer loop
      vertex -9.07612 0.382683 1
      vertex -4.82181 11.6409 1
      vertex -5.38719 11.3903 1
    endloop
  endfacet
  facet normal 0 0 1
    outer loop
      vertex -1.66294 -8.11114 1
      vertex -4.82181 -11.6409 1
      vertex -4.24481 -11.8635 1
    endloop
  endfacet
  facet normal 0 0 1
    outer loop
      vertex -9.07612 0.382683 1
      vertex -5.38719 11.3903 1
      vertex -5.9396 11.1122 1
    endloop
  endfacet
  facet normal 0 0 1
    outer loop
      vertex -1.76384 -7.94279 1
      vertex -5.38719 -11.3903 1
      vertex -4.82181 -11.6409 1
    endloop
  endfacet
  facet normal 0 0 1
    outer loop
      vertex -9.16853 0.55557 1
      vertex -5.9396 11.1122 1
      vertex -6.47769 10.8074 1
    endloop
  endfacet
  facet normal 0 0 1
    outer loop
      vertex -1.84776 -7.76537 1
      vertex -5.9396 -11.1122 1
      vertex -5.38719 -11.3903 1
    endloop
  endfacet
  facet normal 0 0 1
    outer loop
      vertex -9.16853 0.55557 1
      vertex -6.47769 10.8074 1
      vertex -7.00018 10.4765 1
    endloop
  endfacet
  facet normal 0 0 1
    outer loop
      vertex -1.91388 -7.58057 1
      vertex -6.47769 -10.8074 1
      vertex -5.9396 -11.1122 1
    endloop
  endfacet
  facet normal 0 0 1
    outer loop
      vertex -9.16853 0.55557 1
      vertex -7.00018 10.4765 1
      vertex -7.50581 10.1204 1
    endloop
  endfacet
  facet normal 0 0 1
    outer loop
      vertex -1.96157 -7.39018 1
      vertex -7.00018 -10.4765 1
      vertex -6.47769 -10.8074 1
    endloop
  endfacet
  facet normal 0 0 1
    outer loop
      vertex -9.16853 0.55557 1
      vertex -7.50581 10.1204 1
      vertex -7.99335 9.73993 1
    endloop
  endfacet
  facet normal 0 0 1
    outer loop
      vertex -1.99037 -7.19603 1
      vertex -7.50581 -10.1204 1
      vertex -7.00018 -10.4765 1
    endloop
  endfacet
  facet normal 0 0 1
    outer loop
      vertex -9.16853 0.55557 1
      vertex -7.99335 9.73993 1
      vertex -8.46164 9.33598 1
    endloop
  endfacet
  facet normal 0 0 1
    outer loop
      vertex -2 -7 1
      vertex -7.99335 -9.73993 1
      vertex -7.50581 -10.1204 1
    endloop
  endfacet
  facet normal 0 0 1
    outer loop
      vertex -9.16853 0.55557 1
      vertex -8.46164 9.33598 1
      vertex -8.90954 8.90954 1
    endloop
  endfacet
  facet normal 0 0 1
    outer loop
      vertex -1.99759 -6.90186 1
      vertex -7.99335 -9.73993 1
      vertex -2 -7 1
    endloop
  endfacet
  facet normal 0 -0 1
    outer loop
      vertex -7.99335 -9.73993 1
      vertex -1.99759 -6.90186 1
      vertex -8.46164 -9.33598 1
    endloop
  endfacet
  facet normal 0 -0 1
    outer loop
      vertex -8.46164 -9.33598 1
      vertex -1.99037 -6.80397 1
      vertex -8.90954 -8.90954 1
    endloop
  endfacet
  facet normal 0 0 1
    outer loop
      vertex -2.45814 12.3579 1
      vertex -9.07612 0.382683 1
      vertex -9.01921 0.19509 1
    endloop
  endfacet
  facet normal 0 0 1
    outer loop
      vertex -5.9396 11.1122 1
      vertex -9.16853 0.55557 1
      vertex -9.07612 0.382683 1
    endloop
  endfacet
  facet normal 0 0 1
    outer loop
      vertex -8.90954 8.90954 1
      vertex -9.29289 0.707107 1
      vertex -9.16853 0.55557 1
    endloop
  endfacet
  facet normal -0 0 1
    outer loop
      vertex -9.33598 8.46164 1
      vertex -9.29289 0.707107 1
      vertex -8.90954 8.90954 1
    endloop
  endfacet
  facet normal -0 0 1
    outer loop
      vertex -9.73993 7.99335 1
      vertex -9.29289 0.707107 1
      vertex -9.33598 8.46164 1
    endloop
  endfacet
  facet normal -0 0 1
    outer loop
      vertex -10.1204 7.50581 1
      vertex -9.29289 0.707107 1
      vertex -9.73993 7.99335 1
    endloop
  endfacet
  facet normal 0 0 1
    outer loop
      vertex -9.29289 0.707107 1
      vertex -10.1204 7.50581 1
      vertex -9.44443 0.83147 1
    endloop
  endfacet
  facet normal -0 0 1
    outer loop
      vertex -10.4765 7.00018 1
      vertex -9.44443 0.83147 1
      vertex -10.1204 7.50581 1
    endloop
  endfacet
  facet normal -0 0 1
    outer loop
      vertex -10.8074 6.47769 1
      vertex -9.44443 0.83147 1
      vertex -10.4765 7.00018 1
    endloop
  endfacet
  facet normal -0 0 1
    outer loop
      vertex -11.1122 5.9396 1
      vertex -9.44443 0.83147 1
      vertex -10.8074 6.47769 1
    endloop
  endfacet
  facet normal 0 0 1
    outer loop
      vertex -9.44443 0.83147 1
      vertex -11.1122 5.9396 1
      vertex -9.61732 0.923879 1
    endloop
  endfacet
  facet normal -0 0 1
    outer loop
      vertex -11.3903 5.38719 1
      vertex -9.61732 0.923879 1
      vertex -11.1122 5.9396 1
    endloop
  endfacet
  facet normal -0 0 1
    outer loop
      vertex -11.6409 4.82181 1
      vertex -9.61732 0.923879 1
      vertex -11.3903 5.38719 1
    endloop
  endfacet
  facet normal 0 0 1
    outer loop
      vertex -9.61732 0.923879 1
      vertex -11.6409 4.82181 1
      vertex -9.80491 0.980784 1
    endloop
  endfacet
  facet normal -0 0 1
    outer loop
      vertex -11.8635 4.24481 1
      vertex -9.80491 0.980784 1
      vertex -11.6409 4.82181 1
    endloop
  endfacet
  facet normal 0 0 1
    outer loop
      vertex -9.80491 0.980784 1
      vertex -11.8635 4.24481 1
      vertex -10 1 1
    endloop
  endfacet
  facet normal -0 0 1
    outer loop
      vertex -12.0574 3.65759 1
      vertex -10 1 1
      vertex -11.8635 4.24481 1
    endloop
  endfacet
  facet normal 0 0 1
    outer loop
      vertex -10 1 1
      vertex -12.0574 3.65759 1
      vertex -10.1951 0.980784 1
    endloop
  endfacet
  facet normal -0 0 1
    outer loop
      vertex -12.2224 3.06155 1
      vertex -10.1951 0.980784 1
      vertex -12.0574 3.65759 1
    endloop
  endfacet
  facet normal 0 0 1
    outer loop
      vertex -10.1951 0.980784 1
      vertex -12.2224 3.06155 1
      vertex -10.3827 0.923879 1
    endloop
  endfacet
  facet normal -0 0 1
    outer loop
      vertex -12.3579 2.45814 1
      vertex -10.3827 0.923879 1
      vertex -12.2224 3.06155 1
    endloop
  endfacet
  facet normal -0 0 1
    outer loop
      vertex 10.9808 0.19509 1
      vertex 12.6 0 1
      vertex 12.5848 0.618252 1
    endloop
  endfacet
  facet normal 0 0 1
    outer loop
      vertex 10.9239 0.382683 1
      vertex 12.5848 0.618252 1
      vertex 12.5393 1.23502 1
    endloop
  endfacet
  facet normal 0 0 1
    outer loop
      vertex 12.6 0 1
      vertex 10.9808 0.19509 1
      vertex 11 0 1
    endloop
  endfacet
  facet normal 0 0 1
    outer loop
      vertex 10.7071 0.707107 1
      vertex 12.5393 1.23502 1
      vertex 12.4636 1.8488 1
    endloop
  endfacet
  facet normal 0 0 1
    outer loop
      vertex 10.9808 -0.19509 1
      vertex 12.6 0 1
      vertex 11 0 1
    endloop
  endfacet
  facet normal 0 0 1
    outer loop
      vertex 10.5556 0.83147 1
      vertex 12.4636 1.8488 1
      vertex 12.3579 2.45814 1
    endloop
  endfacet
  facet normal -0 0 1
    outer loop
      vertex 10.9239 -0.382683 1
      vertex 12.5848 -0.618252 1
      vertex 10.9808 -0.19509 1
    endloop
  endfacet
  facet normal 0 0 1
    outer loop
      vertex 10.3827 0.923879 1
      vertex 12.3579 2.45814 1
      vertex 12.2224 3.06155 1
    endloop
  endfacet
  facet normal 0 0 1
    outer loop
      vertex 12.5848 -0.618252 1
      vertex 10.9239 -0.382683 1
      vertex 12.5393 -1.23502 1
    endloop
  endfacet
  facet normal 0 0 1
    outer loop
      vertex 10.1951 0.980784 1
      vertex 12.2224 3.06155 1
      vertex 12.0574 3.65759 1
    endloop
  endfacet
  facet normal -0 0 1
    outer loop
      vertex 10.8315 -0.55557 1
      vertex 12.5393 -1.23502 1
      vertex 10.9239 -0.382683 1
    endloop
  endfacet
  facet normal 0 0 1
    outer loop
      vertex 10 1 1
      vertex 12.0574 3.65759 1
      vertex 11.8635 4.24481 1
    endloop
  endfacet
  facet normal -0 0 1
    outer loop
      vertex 10.7071 -0.707107 1
      vertex 12.5393 -1.23502 1
      vertex 10.8315 -0.55557 1
    endloop
  endfacet
  facet normal 0 0 1
    outer loop
      vertex 9.80491 0.980784 1
      vertex 11.8635 4.24481 1
      vertex 11.6409 4.82181 1
    endloop
  endfacet
  facet normal 0 0 1
    outer loop
      vertex 12.5393 -1.23502 1
      vertex 10.7071 -0.707107 1
      vertex 12.4636 -1.8488 1
    endloop
  endfacet
  facet normal 0 0 1
    outer loop
      vertex 9.61732 0.923879 1
      vertex 11.6409 4.82181 1
      vertex 11.3903 5.38719 1
    endloop
  endfacet
  facet normal -0 0 1
    outer loop
      vertex 10.5556 -0.83147 1
      vertex 12.4636 -1.8488 1
      vertex 10.7071 -0.707107 1
    endloop
  endfacet
  facet normal 0 0 1
    outer loop
      vertex 9.61732 0.923879 1
      vertex 11.3903 5.38719 1
      vertex 11.1122 5.9396 1
    endloop
  endfacet
  facet normal 0 0 1
    outer loop
      vertex 12.4636 -1.8488 1
      vertex 10.5556 -0.83147 1
      vertex 12.3579 -2.45814 1
    endloop
  endfacet
  facet normal -0 0 1
    outer loop
      vertex 10.3827 -0.923879 1
      vertex 12.3579 -2.45814 1
      vertex 10.5556 -0.83147 1
    endloop
  endfacet
  facet normal 0 0 1
    outer loop
      vertex 12.6 0 1
      vertex 10.9808 -0.19509 1
      vertex 12.5848 -0.618252 1
    endloop
  endfacet
  facet normal 0 0 1
    outer loop
      vertex 12.5848 0.618252 1
      vertex 10.9239 0.382683 1
      vertex 10.9808 0.19509 1
    endloop
  endfacet
  facet normal 0 0 1
    outer loop
      vertex 12.5393 1.23502 1
      vertex 10.8315 0.55557 1
      vertex 10.9239 0.382683 1
    endloop
  endfacet
  facet normal 0 0 1
    outer loop
      vertex 9.44443 0.83147 1
      vertex 11.1122 5.9396 1
      vertex 10.8074 6.47769 1
    endloop
  endfacet
  facet normal 0 0 1
    outer loop
      vertex 12.5393 1.23502 1
      vertex 10.7071 0.707107 1
      vertex 10.8315 0.55557 1
    endloop
  endfacet
  facet normal 0 0 1
    outer loop
      vertex 12.4636 1.8488 1
      vertex 10.5556 0.83147 1
      vertex 10.7071 0.707107 1
    endloop
  endfacet
  facet normal 0 0 1
    outer loop
      vertex 9.44443 0.83147 1
      vertex 10.8074 6.47769 1
      vertex 10.4765 7.00018 1
    endloop
  endfacet
  facet normal 0 0 1
    outer loop
      vertex 12.3579 2.45814 1
      vertex 10.3827 0.923879 1
      vertex 10.5556 0.83147 1
    endloop
  endfacet
  facet normal 0 0 1
    outer loop
      vertex 12.2224 3.06155 1
      vertex 10.1951 0.980784 1
      vertex 10.3827 0.923879 1
    endloop
  endfacet
  facet normal 0 0 1
    outer loop
      vertex 9.44443 0.83147 1
      vertex 10.4765 7.00018 1
      vertex 10.1204 7.50581 1
    endloop
  endfacet
  facet normal 0 0 1
    outer loop
      vertex 12.0574 3.65759 1
      vertex 10 1 1
      vertex 10.1951 0.980784 1
    endloop
  endfacet
  facet normal 0 0 1
    outer loop
      vertex 11.8635 4.24481 1
      vertex 9.80491 0.980784 1
      vertex 10 1 1
    endloop
  endfacet
  facet normal 0 0 1
    outer loop
      vertex 1.97835 6.70654 1
      vertex 8.90954 8.90954 1
      vertex 1.99037 6.80397 1
    endloop
  endfacet
  facet normal 0 0 1
    outer loop
      vertex 11.6409 4.82181 1
      vertex 9.61732 0.923879 1
      vertex 9.80491 0.980784 1
    endloop
  endfacet
  facet normal 0 0 1
    outer loop
      vertex 11.1122 5.9396 1
      vertex 9.44443 0.83147 1
      vertex 9.61732 0.923879 1
    endloop
  endfacet
  facet normal 0 0 1
    outer loop
      vertex 8.46164 9.33598 1
      vertex 1.99037 6.80397 1
      vertex 8.90954 8.90954 1
    endloop
  endfacet
  facet normal 0 0 1
    outer loop
      vertex 1.96157 6.60982 1
      vertex 8.90954 8.90954 1
      vertex 1.97835 6.70654 1
    endloop
  endfacet
  facet normal 0 0 1
    outer loop
      vertex 8.90954 8.90954 1
      vertex 1.96157 6.60982 1
      vertex 9.33598 8.46164 1
    endloop
  endfacet
  facet normal 0 0 1
    outer loop
      vertex 1.94006 6.51404 1
      vertex 9.33598 8.46164 1
      vertex 1.96157 6.60982 1
    endloop
  endfacet
  facet normal 0 0 1
    outer loop
      vertex 9.33598 8.46164 1
      vertex 1.94006 6.51404 1
      vertex 9.73993 7.99335 1
    endloop
  endfacet
  facet normal 0 0 1
    outer loop
      vertex 1.91388 6.41943 1
      vertex 9.73993 7.99335 1
      vertex 1.94006 6.51404 1
    endloop
  endfacet
  facet normal 0 0 1
    outer loop
      vertex 1.99037 6.80397 1
      vertex 8.46164 9.33598 1
      vertex 1.99759 6.90186 1
    endloop
  endfacet
  facet normal 0 0 1
    outer loop
      vertex 12.3579 -2.45814 1
      vertex 10.3827 -0.923879 1
      vertex 12.2224 -3.06155 1
    endloop
  endfacet
  facet normal -0 0 1
    outer loop
      vertex 10.1951 -0.980784 1
      vertex 12.2224 -3.06155 1
      vertex 10.3827 -0.923879 1
    endloop
  endfacet
  facet normal 0 0 1
    outer loop
      vertex 12.2224 -3.06155 1
      vertex 10.1951 -0.980784 1
      vertex 12.0574 -3.65759 1
    endloop
  endfacet
  facet normal -0 0 1
    outer loop
      vertex 10 -1 1
      vertex 12.0574 -3.65759 1
      vertex 10.1951 -0.980784 1
    endloop
  endfacet
  facet normal 0 0 1
    outer loop
      vertex 12.0574 -3.65759 1
      vertex 10 -1 1
      vertex 11.8635 -4.24481 1
    endloop
  endfacet
  facet normal 0 0 1
    outer loop
      vertex 9.80491 -0.980784 1
      vertex 11.8635 -4.24481 1
      vertex 10 -1 1
    endloop
  endfacet
  facet normal 0 0 1
    outer loop
      vertex 11.8635 -4.24481 1
      vertex 9.80491 -0.980784 1
      vertex 11.6409 -4.82181 1
    endloop
  endfacet
  facet normal 0 0 1
    outer loop
      vertex 9.61732 -0.923879 1
      vertex 11.6409 -4.82181 1
      vertex 9.80491 -0.980784 1
    endloop
  endfacet
  facet normal 0 0 1
    outer loop
      vertex 11.6409 -4.82181 1
      vertex 9.61732 -0.923879 1
      vertex 11.3903 -5.38719 1
    endloop
  endfacet
  facet normal 0 0 1
    outer loop
      vertex 11.3903 -5.38719 1
      vertex 9.61732 -0.923879 1
      vertex 11.1122 -5.9396 1
    endloop
  endfacet
  facet normal 0 0 1
    outer loop
      vertex 9.44443 -0.83147 1
      vertex 11.1122 -5.9396 1
      vertex 9.61732 -0.923879 1
    endloop
  endfacet
  facet normal 0 0 1
    outer loop
      vertex 11.1122 -5.9396 1
      vertex 9.44443 -0.83147 1
      vertex 10.8074 -6.47769 1
    endloop
  endfacet
  facet normal 0 0 1
    outer loop
      vertex 10.8074 -6.47769 1
      vertex 9.44443 -0.83147 1
      vertex 10.4765 -7.00018 1
    endloop
  endfacet
  facet normal 0 0 1
    outer loop
      vertex 10.4765 -7.00018 1
      vertex 9.44443 -0.83147 1
      vertex 10.1204 -7.50581 1
    endloop
  endfacet
  facet normal 0 0 1
    outer loop
      vertex 9.29289 -0.707107 1
      vertex 10.1204 -7.50581 1
      vertex 9.44443 -0.83147 1
    endloop
  endfacet
  facet normal -0 0 1
    outer loop
      vertex 2 -7 1
      vertex 10.1204 -7.50581 1
      vertex 9.29289 -0.707107 1
    endloop
  endfacet
  facet normal 0 0 1
    outer loop
      vertex 10.1204 -7.50581 1
      vertex 2 -7 1
      vertex 9.73993 -7.99335 1
    endloop
  endfacet
  facet normal 0 0 1
    outer loop
      vertex 2 -7 1
      vertex 9.29289 -0.707107 1
      vertex 9.16853 -0.55557 1
    endloop
  endfacet
  facet normal 0 0 1
    outer loop
      vertex 2 -7 1
      vertex 9.16853 -0.55557 1
      vertex 9.07612 -0.382683 1
    endloop
  endfacet
  facet normal 0 0 1
    outer loop
      vertex 2 -7 1
      vertex 9.07612 -0.382683 1
      vertex 9.01921 -0.19509 1
    endloop
  endfacet
  facet normal 0 0 1
    outer loop
      vertex 1.88309 6.32622 1
      vertex 10.1204 7.50581 1
      vertex 1.91388 6.41943 1
    endloop
  endfacet
  facet normal 0 0 1
    outer loop
      vertex 9.73993 -7.99335 1
      vertex 2 -7 1
      vertex 9.33598 -8.46164 1
    endloop
  endfacet
  facet normal 0 0 1
    outer loop
      vertex 9.73993 7.99335 1
      vertex 1.91388 6.41943 1
      vertex 10.1204 7.50581 1
    endloop
  endfacet
  facet normal 0 0 1
    outer loop
      vertex 7.99335 9.73993 1
      vertex 1.99759 6.90186 1
      vertex 8.46164 9.33598 1
    endloop
  endfacet
  facet normal 0 0 1
    outer loop
      vertex 9 0 1
      vertex 2 -7 1
      vertex 9.01921 -0.19509 1
    endloop
  endfacet
  facet normal 0 0 1
    outer loop
      vertex 1.99759 6.90186 1
      vertex 7.99335 9.73993 1
      vertex 2 7 1
    endloop
  endfacet
  facet normal 0 0 1
    outer loop
      vertex 9.33598 -8.46164 1
      vertex 2 -7 1
      vertex 8.90954 -8.90954 1
    endloop
  endfacet
  facet normal 0 0 1
    outer loop
      vertex 2 7 1
      vertex 7.99335 9.73993 1
      vertex 7.50581 10.1204 1
    endloop
  endfacet
  facet normal 0 0 1
    outer loop
      vertex 8.90954 -8.90954 1
      vertex 2 -7 1
      vertex 8.46164 -9.33598 1
    endloop
  endfacet
  facet normal 0 0 1
    outer loop
      vertex 1.99037 7.19603 1
      vertex 7.50581 10.1204 1
      vertex 7.00018 10.4765 1
    endloop
  endfacet
  facet normal 0 0 1
    outer loop
      vertex 8.46164 -9.33598 1
      vertex 2 -7 1
      vertex 7.99335 -9.73993 1
    endloop
  endfacet
  facet normal 0 0 1
    outer loop
      vertex 1.96157 7.39018 1
      vertex 7.00018 10.4765 1
      vertex 6.47769 10.8074 1
    endloop
  endfacet
  facet normal 0 0 1
    outer loop
      vertex 7.99335 -9.73993 1
      vertex 2 -7 1
      vertex 7.50581 -10.1204 1
    endloop
  endfacet
  facet normal 0 0 1
    outer loop
      vertex 1.91388 7.58057 1
      vertex 6.47769 10.8074 1
      vertex 5.9396 11.1122 1
    endloop
  endfacet
  facet normal -0 0 1
    outer loop
      vertex 1.99759 -7.09813 1
      vertex 7.50581 -10.1204 1
      vertex 2 -7 1
    endloop
  endfacet
  facet normal 0 0 1
    outer loop
      vertex 1.84776 7.76537 1
      vertex 5.9396 11.1122 1
      vertex 5.38719 11.3903 1
    endloop
  endfacet
  facet normal -0 0 1
    outer loop
      vertex 1.99037 -7.19603 1
      vertex 7.50581 -10.1204 1
      vertex 1.99759 -7.09813 1
    endloop
  endfacet
  facet normal 0 0 1
    outer loop
      vertex 1.76384 7.94279 1
      vertex 5.38719 11.3903 1
      vertex 4.82181 11.6409 1
    endloop
  endfacet
  facet normal 0 0 1
    outer loop
      vertex 7.50581 -10.1204 1
      vertex 1.99037 -7.19603 1
      vertex 7.00018 -10.4765 1
    endloop
  endfacet
  facet normal 0 0 1
    outer loop
      vertex 1.66294 8.11114 1
      vertex 4.82181 11.6409 1
      vertex 4.24481 11.8635 1
    endloop
  endfacet
  facet normal -0 0 1
    outer loop
      vertex 1.97835 -7.29346 1
      vertex 7.00018 -10.4765 1
      vertex 1.99037 -7.19603 1
    endloop
  endfacet
  facet normal 0 0 1
    outer loop
      vertex 1.54602 8.26879 1
      vertex 4.24481 11.8635 1
      vertex 3.65759 12.0574 1
    endloop
  endfacet
  facet normal -0 0 1
    outer loop
      vertex 1.96157 -7.39018 1
      vertex 7.00018 -10.4765 1
      vertex 1.97835 -7.29346 1
    endloop
  endfacet
  facet normal 0 0 1
    outer loop
      vertex 1.34312 8.4819 1
      vertex 3.65759 12.0574 1
      vertex 3.06155 12.2224 1
    endloop
  endfacet
  facet normal 0 0 1
    outer loop
      vertex 7.00018 -10.4765 1
      vertex 1.96157 -7.39018 1
      vertex 6.47769 -10.8074 1
    endloop
  endfacet
  facet normal 0 0 1
    outer loop
      vertex 1.1914 8.60641 1
      vertex 3.06155 12.2224 1
      vertex 2.45814 12.3579 1
    endloop
  endfacet
  facet normal -0 0 1
    outer loop
      vertex 1.94006 -7.48596 1
      vertex 6.47769 -10.8074 1
      vertex 1.96157 -7.39018 1
    endloop
  endfacet
  facet normal -0 0 1
    outer loop
      vertex 1.91388 -7.58057 1
      vertex 6.47769 -10.8074 1
      vertex 1.94006 -7.48596 1
    endloop
  endfacet
  facet normal 0 0 1
    outer loop
      vertex 7.50581 10.1204 1
      vertex 1.99759 7.09813 1
      vertex 2 7 1
    endloop
  endfacet
  facet normal 0 0 1
    outer loop
      vertex 7.50581 10.1204 1
      vertex 1.99037 7.19603 1
      vertex 1.99759 7.09813 1
    endloop
  endfacet
  facet normal 0 0 1
    outer loop
      vertex 7.00018 10.4765 1
      vertex 1.97835 7.29346 1
      vertex 1.99037 7.19603 1
    endloop
  endfacet
  facet normal 0 0 1
    outer loop
      vertex 7.00018 10.4765 1
      vertex 1.96157 7.39018 1
      vertex 1.97835 7.29346 1
    endloop
  endfacet
  facet normal 0 0 1
    outer loop
      vertex 6.47769 10.8074 1
      vertex 1.94006 7.48596 1
      vertex 1.96157 7.39018 1
    endloop
  endfacet
  facet normal 0 0 1
    outer loop
      vertex 6.47769 10.8074 1
      vertex 1.91388 7.58057 1
      vertex 1.94006 7.48596 1
    endloop
  endfacet
  facet normal 0 0 1
    outer loop
      vertex 5.9396 11.1122 1
      vertex 1.88309 7.67378 1
      vertex 1.91388 7.58057 1
    endloop
  endfacet
  facet normal 0 0 1
    outer loop
      vertex 0.942793 8.76384 1
      vertex 2.45814 12.3579 1
      vertex 1.8488 12.4636 1
    endloop
  endfacet
  facet normal 0 0 1
    outer loop
      vertex 5.9396 11.1122 1
      vertex 1.84776 7.76537 1
      vertex 1.88309 7.67378 1
    endloop
  endfacet
  facet normal 0 0 1
    outer loop
      vertex 5.38719 11.3903 1
      vertex 1.80798 7.85511 1
      vertex 1.84776 7.76537 1
    endloop
  endfacet
  facet normal 0 0 1
    outer loop
      vertex 5.38719 11.3903 1
      vertex 1.76384 7.94279 1
      vertex 1.80798 7.85511 1
    endloop
  endfacet
  facet normal 0 0 1
    outer loop
      vertex 4.82181 11.6409 1
      vertex 1.71546 8.0282 1
      vertex 1.76384 7.94279 1
    endloop
  endfacet
  facet normal 0 0 1
    outer loop
      vertex 4.82181 11.6409 1
      vertex 1.66294 8.11114 1
      vertex 1.71546 8.0282 1
    endloop
  endfacet
  facet normal 0 0 1
    outer loop
      vertex 4.24481 11.8635 1
      vertex 1.60641 8.1914 1
      vertex 1.66294 8.11114 1
    endloop
  endfacet
  facet normal 0 0 1
    outer loop
      vertex 4.24481 11.8635 1
      vertex 1.54602 8.26879 1
      vertex 1.60641 8.1914 1
    endloop
  endfacet
  facet normal 0 0 1
    outer loop
      vertex 3.65759 12.0574 1
      vertex 1.4819 8.34312 1
      vertex 1.54602 8.26879 1
    endloop
  endfacet
  facet normal 0 0 1
    outer loop
      vertex 3.65759 12.0574 1
      vertex 1.41421 8.41421 1
      vertex 1.4819 8.34312 1
    endloop
  endfacet
  facet normal 0 0 1
    outer loop
      vertex 3.65759 12.0574 1
      vertex 1.34312 8.4819 1
      vertex 1.41421 8.41421 1
    endloop
  endfacet
  facet normal 0 0 1
    outer loop
      vertex 3.06155 12.2224 1
      vertex 1.26879 8.54602 1
      vertex 1.34312 8.4819 1
    endloop
  endfacet
  facet normal 0 0 1
    outer loop
      vertex 0.673779 8.88309 1
      vertex 1.8488 12.4636 1
      vertex 1.23502 12.5393 1
    endloop
  endfacet
  facet normal 0 0 1
    outer loop
      vertex 3.06155 12.2224 1
      vertex 1.1914 8.60641 1
      vertex 1.26879 8.54602 1
    endloop
  endfacet
  facet normal 0 0 1
    outer loop
      vertex 2.45814 12.3579 1
      vertex 1.11114 8.66294 1
      vertex 1.1914 8.60641 1
    endloop
  endfacet
  facet normal 0 0 1
    outer loop
      vertex 2.45814 12.3579 1
      vertex 1.0282 8.71546 1
      vertex 1.11114 8.66294 1
    endloop
  endfacet
  facet normal 0 0 1
    outer loop
      vertex 2.45814 12.3579 1
      vertex 0.942793 8.76384 1
      vertex 1.0282 8.71546 1
    endloop
  endfacet
  facet normal 0 0 1
    outer loop
      vertex 1.8488 12.4636 1
      vertex 0.85511 8.80798 1
      vertex 0.942793 8.76384 1
    endloop
  endfacet
  facet normal 0 0 1
    outer loop
      vertex 1.8488 12.4636 1
      vertex 0.765367 8.84776 1
      vertex 0.85511 8.80798 1
    endloop
  endfacet
  facet normal 0 0 1
    outer loop
      vertex 1.8488 12.4636 1
      vertex 0.673779 8.88309 1
      vertex 0.765367 8.84776 1
    endloop
  endfacet
  facet normal 0 0 1
    outer loop
      vertex 0.390181 8.96157 1
      vertex 1.23502 12.5393 1
      vertex 0.618252 12.5848 1
    endloop
  endfacet
  facet normal 0 0 1
    outer loop
      vertex 1.23502 12.5393 1
      vertex 0.580569 8.91388 1
      vertex 0.673779 8.88309 1
    endloop
  endfacet
  facet normal 0 0 1
    outer loop
      vertex 1.23502 12.5393 1
      vertex 0.48596 8.94006 1
      vertex 0.580569 8.91388 1
    endloop
  endfacet
  facet normal 0 0 1
    outer loop
      vertex 1.23502 12.5393 1
      vertex 0.390181 8.96157 1
      vertex 0.48596 8.94006 1
    endloop
  endfacet
  facet normal 0 0 1
    outer loop
      vertex 0.618252 12.5848 1
      vertex 0.293461 8.97835 1
      vertex 0.390181 8.96157 1
    endloop
  endfacet
  facet normal 0 0 1
    outer loop
      vertex 0.618252 12.5848 1
      vertex 0.196033 8.99037 1
      vertex 0.293461 8.97835 1
    endloop
  endfacet
  facet normal 0 0 1
    outer loop
      vertex 0.618252 12.5848 1
      vertex 0.098135 8.99759 1
      vertex 0.196033 8.99037 1
    endloop
  endfacet
  facet normal 0 0 1
    outer loop
      vertex 0 12.6 1
      vertex 0.098135 8.99759 1
      vertex 0.618252 12.5848 1
    endloop
  endfacet
  facet normal 0 0 1
    outer loop
      vertex 0 12.6 1
      vertex 0 9 1
      vertex 0.098135 8.99759 1
    endloop
  endfacet
  facet normal 0 0 1
    outer loop
      vertex 0 12.6 1
      vertex -0.098135 8.99759 1
      vertex 0 9 1
    endloop
  endfacet
  facet normal 0 0 1
    outer loop
      vertex 0 12.6 1
      vertex -0.196033 8.99037 1
      vertex -0.098135 8.99759 1
    endloop
  endfacet
  facet normal -0 0 1
    outer loop
      vertex -0.618252 12.5848 1
      vertex -0.196033 8.99037 1
      vertex 0 12.6 1
    endloop
  endfacet
  facet normal 0 0 1
    outer loop
      vertex -0.196033 8.99037 1
      vertex -0.618252 12.5848 1
      vertex -0.293461 8.97835 1
    endloop
  endfacet
  facet normal 0 0 1
    outer loop
      vertex -0.293461 8.97835 1
      vertex -0.618252 12.5848 1
      vertex -0.390181 8.96157 1
    endloop
  endfacet
  facet normal -0 0 1
    outer loop
      vertex -1.23502 12.5393 1
      vertex -0.390181 8.96157 1
      vertex -0.618252 12.5848 1
    endloop
  endfacet
  facet normal 0 0 1
    outer loop
      vertex -0.390181 8.96157 1
      vertex -1.23502 12.5393 1
      vertex -0.48596 8.94006 1
    endloop
  endfacet
  facet normal 0 0 1
    outer loop
      vertex -0.48596 8.94006 1
      vertex -1.23502 12.5393 1
      vertex -0.580569 8.91388 1
    endloop
  endfacet
  facet normal 0 0 1
    outer loop
      vertex -0.580569 8.91388 1
      vertex -1.23502 12.5393 1
      vertex -0.673779 8.88309 1
    endloop
  endfacet
  facet normal -0 0 1
    outer loop
      vertex -1.8488 12.4636 1
      vertex -0.673779 8.88309 1
      vertex -1.23502 12.5393 1
    endloop
  endfacet
  facet normal 0 0 1
    outer loop
      vertex -0.673779 8.88309 1
      vertex -1.8488 12.4636 1
      vertex -0.765367 8.84776 1
    endloop
  endfacet
  facet normal 0 0 1
    outer loop
      vertex -0.765367 8.84776 1
      vertex -1.8488 12.4636 1
      vertex -0.85511 8.80798 1
    endloop
  endfacet
  facet normal 0 0 1
    outer loop
      vertex -0.85511 8.80798 1
      vertex -1.8488 12.4636 1
      vertex -0.942793 8.76384 1
    endloop
  endfacet
  facet normal -0 0 1
    outer loop
      vertex -2.45814 12.3579 1
      vertex -0.942793 8.76384 1
      vertex -1.8488 12.4636 1
    endloop
  endfacet
  facet normal 0 0 1
    outer loop
      vertex -0.942793 8.76384 1
      vertex -2.45814 12.3579 1
      vertex -1.0282 8.71546 1
    endloop
  endfacet
  facet normal 0 0 1
    outer loop
      vertex -1.0282 8.71546 1
      vertex -2.45814 12.3579 1
      vertex -1.11114 8.66294 1
    endloop
  endfacet
  facet normal 0 0 1
    outer loop
      vertex -1.11114 8.66294 1
      vertex -2.45814 12.3579 1
      vertex -1.1914 8.60641 1
    endloop
  endfacet
  facet normal 0 0 1
    outer loop
      vertex -1.1914 8.60641 1
      vertex -2.45814 12.3579 1
      vertex -1.26879 8.54602 1
    endloop
  endfacet
  facet normal 0 0 1
    outer loop
      vertex -1.26879 8.54602 1
      vertex -2.45814 12.3579 1
      vertex -1.34312 8.4819 1
    endloop
  endfacet
  facet normal 0 0 1
    outer loop
      vertex -1.34312 8.4819 1
      vertex -2.45814 12.3579 1
      vertex -1.41421 8.41421 1
    endloop
  endfacet
  facet normal 0 0 1
    outer loop
      vertex -1.41421 8.41421 1
      vertex -2.45814 12.3579 1
      vertex -1.4819 8.34312 1
    endloop
  endfacet
  facet normal 0 0 1
    outer loop
      vertex -1.4819 8.34312 1
      vertex -2.45814 12.3579 1
      vertex -1.54602 8.26879 1
    endloop
  endfacet
  facet normal 0 0 1
    outer loop
      vertex -1.54602 8.26879 1
      vertex -2.45814 12.3579 1
      vertex -1.60641 8.1914 1
    endloop
  endfacet
  facet normal 0 0 1
    outer loop
      vertex -1.60641 8.1914 1
      vertex -2.45814 12.3579 1
      vertex -1.66294 8.11114 1
    endloop
  endfacet
  facet normal 0 0 1
    outer loop
      vertex -1.66294 8.11114 1
      vertex -2.45814 12.3579 1
      vertex -1.71546 8.0282 1
    endloop
  endfacet
  facet normal 0 0 1
    outer loop
      vertex -1.71546 8.0282 1
      vertex -2.45814 12.3579 1
      vertex -1.76384 7.94279 1
    endloop
  endfacet
  facet normal 0 0 1
    outer loop
      vertex -1.76384 7.94279 1
      vertex -2.45814 12.3579 1
      vertex -1.80798 7.85511 1
    endloop
  endfacet
  facet normal 0 0 1
    outer loop
      vertex -1.80798 7.85511 1
      vertex -2.45814 12.3579 1
      vertex -1.84776 7.76537 1
    endloop
  endfacet
  facet normal 0 0 1
    outer loop
      vertex -1.84776 7.76537 1
      vertex -2.45814 12.3579 1
      vertex -1.88309 7.67378 1
    endloop
  endfacet
  facet normal 0 0 1
    outer loop
      vertex -1.88309 7.67378 1
      vertex -2.45814 12.3579 1
      vertex -1.91388 7.58057 1
    endloop
  endfacet
  facet normal 0 0 1
    outer loop
      vertex -1.91388 7.58057 1
      vertex -2.45814 12.3579 1
      vertex -1.94006 7.48596 1
    endloop
  endfacet
  facet normal 0 0 1
    outer loop
      vertex -1.94006 7.48596 1
      vertex -2.45814 12.3579 1
      vertex -1.96157 7.39018 1
    endloop
  endfacet
  facet normal 0 0 1
    outer loop
      vertex -9.01921 0.19509 1
      vertex -1.96157 7.39018 1
      vertex -2.45814 12.3579 1
    endloop
  endfacet
  facet normal 0 0 1
    outer loop
      vertex -1.96157 7.39018 1
      vertex -9.01921 0.19509 1
      vertex -1.97835 7.29346 1
    endloop
  endfacet
  facet normal 0 0 1
    outer loop
      vertex -1.99759 7.09813 1
      vertex -9.01921 0.19509 1
      vertex -2 7 1
    endloop
  endfacet
  facet normal 0 0 1
    outer loop
      vertex -1.99037 7.19603 1
      vertex -9.01921 0.19509 1
      vertex -1.99759 7.09813 1
    endloop
  endfacet
  facet normal 0 0 1
    outer loop
      vertex -1.97835 7.29346 1
      vertex -9.01921 0.19509 1
      vertex -1.99037 7.19603 1
    endloop
  endfacet
  facet normal 0.724244 -0.689544 0
    outer loop
      vertex 8.90954 -8.90954 1
      vertex 9.33598 -8.46164 0
      vertex 9.33598 -8.46164 1
    endloop
  endfacet
  facet normal 0.724244 -0.689544 0
    outer loop
      vertex 9.33598 -8.46164 0
      vertex 8.90954 -8.90954 1
      vertex 8.90954 -8.90954 0
    endloop
  endfacet
  facet normal 0.449663 -0.893198 0
    outer loop
      vertex 5.38719 -11.3903 0
      vertex 5.9396 -11.1122 1
      vertex 5.38719 -11.3903 1
    endloop
  endfacet
  facet normal 0.449663 -0.893198 0
    outer loop
      vertex 5.9396 -11.1122 1
      vertex 5.38719 -11.3903 0
      vertex 5.9396 -11.1122 0
    endloop
  endfacet
  facet normal -0.817588 0.575803 0
    outer loop
      vertex -10.4765 7.00018 0
      vertex -10.1204 7.50581 1
      vertex -10.1204 7.50581 0
    endloop
  endfacet
  facet normal -0.817588 0.575803 0
    outer loop
      vertex -10.1204 7.50581 1
      vertex -10.4765 7.00018 0
      vertex -10.4765 7.00018 1
    endloop
  endfacet
  facet normal -0.963754 -0.266793 0
    outer loop
      vertex -12.0574 -3.65759 0
      vertex -12.2224 -3.06155 1
      vertex -12.2224 -3.06155 0
    endloop
  endfacet
  facet normal -0.963754 -0.266793 0
    outer loop
      vertex -12.2224 -3.06155 1
      vertex -12.0574 -3.65759 0
      vertex -12.0574 -3.65759 1
    endloop
  endfacet
  facet normal -0.975702 -0.219101 0
    outer loop
      vertex -12.2224 -3.06155 0
      vertex -12.3579 -2.45814 1
      vertex -12.3579 -2.45814 0
    endloop
  endfacet
  facet normal -0.975702 -0.219101 0
    outer loop
      vertex -12.3579 -2.45814 1
      vertex -12.2224 -3.06155 0
      vertex -12.2224 -3.06155 1
    endloop
  endfacet
  facet normal 0.219101 0.975702 -0
    outer loop
      vertex 3.06155 12.2224 0
      vertex 2.45814 12.3579 1
      vertex 3.06155 12.2224 1
    endloop
  endfacet
  facet normal 0.219101 0.975702 0
    outer loop
      vertex 2.45814 12.3579 1
      vertex 3.06155 12.2224 0
      vertex 2.45814 12.3579 0
    endloop
  endfacet
  facet normal -0.788354 0.615222 0
    outer loop
      vertex -10.1204 7.50581 0
      vertex -9.73993 7.99335 1
      vertex -9.73993 7.99335 0
    endloop
  endfacet
  facet normal -0.788354 0.615222 0
    outer loop
      vertex -9.73993 7.99335 1
      vertex -10.1204 7.50581 0
      vertex -10.1204 7.50581 1
    endloop
  endfacet
  facet normal -0.313549 -0.949572 0
    outer loop
      vertex -4.24481 -11.8635 0
      vertex -3.65759 -12.0574 1
      vertex -4.24481 -11.8635 1
    endloop
  endfacet
  facet normal -0.313549 -0.949572 -0
    outer loop
      vertex -3.65759 -12.0574 1
      vertex -4.24481 -11.8635 0
      vertex -3.65759 -12.0574 0
    endloop
  endfacet
endsolid OpenSCAD_Model
