solid OpenSCAD_Model
  facet normal 0.615234 0.788345 -0
    outer loop
      vertex -3.39549 2.42172 0
      vertex -3.61604 2.59384 0.589999
      vertex -3.39549 2.42172 0.589999
    endloop
  endfacet
  facet normal 0.615234 0.788345 0
    outer loop
      vertex -3.61604 2.59384 0.589999
      vertex -3.39549 2.42172 0
      vertex -3.61604 2.59384 0
    endloop
  endfacet
  facet normal -0.997291 -0.073561 0
    outer loop
      vertex 5.69313 7.27969 0
      vertex 5.67255 7.5587 0.589999
      vertex 5.67255 7.5587 0
    endloop
  endfacet
  facet normal -0.997291 -0.073561 0
    outer loop
      vertex 5.67255 7.5587 0.589999
      vertex 5.69313 7.27969 0
      vertex 5.69313 7.27969 0.589999
    endloop
  endfacet
  facet normal -0.999698 -0.0245555 0
    outer loop
      vertex 5.7 7 0
      vertex 5.69313 7.27969 0.589999
      vertex 5.69313 7.27969 0
    endloop
  endfacet
  facet normal -0.999698 -0.0245555 0
    outer loop
      vertex 5.69313 7.27969 0.589999
      vertex 5.7 7 0
      vertex 5.7 7 0.589999
    endloop
  endfacet
  facet normal -0.992482 -0.122389 0
    outer loop
      vertex 5.67255 7.5587 0
      vertex 5.63831 7.83636 0.589999
      vertex 5.63831 7.83636 0
    endloop
  endfacet
  facet normal -0.992482 -0.122389 0
    outer loop
      vertex 5.63831 7.83636 0.589999
      vertex 5.67255 7.5587 0
      vertex 5.67255 7.5587 0.589999
    endloop
  endfacet
  facet normal 0.61519 -0.788379 0
    outer loop
      vertex -3.61604 11.4062 0
      vertex -3.39549 11.5783 0.589999
      vertex -3.61604 11.4062 0.589999
    endloop
  endfacet
  facet normal 0.61519 -0.788379 0
    outer loop
      vertex -3.39549 11.5783 0.589999
      vertex -3.61604 11.4062 0
      vertex -3.39549 11.5783 0
    endloop
  endfacet
  facet normal -0.0735604 0.997291 0
    outer loop
      vertex 0.558697 1.32745 0
      vertex 0.279685 1.30687 0.589999
      vertex 0.558697 1.32745 0.589999
    endloop
  endfacet
  facet normal -0.0735604 0.997291 0
    outer loop
      vertex 0.279685 1.30687 0.589999
      vertex 0.558697 1.32745 0
      vertex 0.279685 1.30687 0
    endloop
  endfacet
  facet normal -0.724214 -0.689576 0
    outer loop
      vertex 4.22342 10.8279 0
      vertex 4.03051 11.0305 0.589999
      vertex 4.03051 11.0305 0
    endloop
  endfacet
  facet normal -0.724214 -0.689576 0
    outer loop
      vertex 4.03051 11.0305 0.589999
      vertex 4.22342 10.8279 0
      vertex 4.22342 10.8279 0.589999
    endloop
  endfacet
  facet normal 0.073276 -0.997312 0
    outer loop
      vertex -0.558697 12.6726 0
      vertex -0.279685 12.6931 0.589999
      vertex -0.558697 12.6726 0.589999
    endloop
  endfacet
  facet normal 0.073276 -0.997312 0
    outer loop
      vertex -0.279685 12.6931 0.589999
      vertex -0.558697 12.6726 0
      vertex -0.279685 12.6931 0
    endloop
  endfacet
  facet normal -0.788345 0.615234 0
    outer loop
      vertex 4.40616 3.38396 0
      vertex 4.57828 3.60451 0.589999
      vertex 4.57828 3.60451 0
    endloop
  endfacet
  facet normal -0.788345 0.615234 0
    outer loop
      vertex 4.57828 3.60451 0.589999
      vertex 4.40616 3.38396 0
      vertex 4.40616 3.38396 0.589999
    endloop
  endfacet
  facet normal -0.575816 -0.81758 0
    outer loop
      vertex 3.16675 11.7394 0
      vertex 3.39549 11.5783 0.589999
      vertex 3.16675 11.7394 0.589999
    endloop
  endfacet
  facet normal -0.575816 -0.81758 -0
    outer loop
      vertex 3.39549 11.5783 0.589999
      vertex 3.16675 11.7394 0
      vertex 3.39549 11.5783 0
    endloop
  endfacet
  facet normal -0.492894 0.870089 0
    outer loop
      vertex 2.93039 2.11095 0
      vertex 2.68696 1.97305 0.589999
      vertex 2.93039 2.11095 0.589999
    endloop
  endfacet
  facet normal -0.492894 0.870089 0
    outer loop
      vertex 2.68696 1.97305 0.589999
      vertex 2.93039 2.11095 0
      vertex 2.68696 1.97305 0
    endloop
  endfacet
  facet normal -0.914211 -0.405239 0
    outer loop
      vertex 5.26611 9.1813 0
      vertex 5.15274 9.43706 0.589999
      vertex 5.15274 9.43706 0
    endloop
  endfacet
  facet normal -0.914211 -0.405239 0
    outer loop
      vertex 5.15274 9.43706 0.589999
      vertex 5.26611 9.1813 0
      vertex 5.26611 9.1813 0.589999
    endloop
  endfacet
  facet normal -0.975702 0.219102 0
    outer loop
      vertex 5.52918 5.61501 0
      vertex 5.59048 5.88799 0.589999
      vertex 5.59048 5.88799 0
    endloop
  endfacet
  facet normal -0.975702 0.219102 0
    outer loop
      vertex 5.59048 5.88799 0.589999
      vertex 5.52918 5.61501 0
      vertex 5.52918 5.61501 0.589999
    endloop
  endfacet
  facet normal 0.689521 -0.724265 0
    outer loop
      vertex -4.03051 11.0305 0
      vertex -3.82789 11.2234 0.589999
      vertex -4.03051 11.0305 0.589999
    endloop
  endfacet
  facet normal 0.689521 -0.724265 0
    outer loop
      vertex -3.82789 11.2234 0.589999
      vertex -4.03051 11.0305 0
      vertex -3.82789 11.2234 0
    endloop
  endfacet
  facet normal -0.997291 0.073561 0
    outer loop
      vertex 5.67255 6.4413 0
      vertex 5.69313 6.72031 0.589999
      vertex 5.69313 6.72031 0
    endloop
  endfacet
  facet normal -0.997291 0.073561 0
    outer loop
      vertex 5.69313 6.72031 0.589999
      vertex 5.67255 6.4413 0
      vertex 5.67255 6.4413 0.589999
    endloop
  endfacet
  facet normal -0.949527 -0.313685 0
    outer loop
      vertex 5.45456 8.65462 0
      vertex 5.3668 8.92027 0.589999
      vertex 5.3668 8.92027 0
    endloop
  endfacet
  facet normal -0.949527 -0.313685 0
    outer loop
      vertex 5.3668 8.92027 0.589999
      vertex 5.45456 8.65462 0
      vertex 5.45456 8.65462 0.589999
    endloop
  endfacet
  facet normal -0.0245559 0.999698 0
    outer loop
      vertex 0.279685 1.30687 0
      vertex 0 1.3 0.589999
      vertex 0.279685 1.30687 0.589999
    endloop
  endfacet
  facet normal -0.0245559 0.999698 0
    outer loop
      vertex 0 1.3 0.589999
      vertex 0.279685 1.30687 0
      vertex 0 1.3 0
    endloop
  endfacet
  facet normal -0.893223 0.449614 0
    outer loop
      vertex 5.02695 4.31304 0
      vertex 5.15274 4.56294 0.589999
      vertex 5.15274 4.56294 0
    endloop
  endfacet
  facet normal -0.893223 0.449614 0
    outer loop
      vertex 5.15274 4.56294 0.589999
      vertex 5.02695 4.31304 0
      vertex 5.02695 4.31304 0.589999
    endloop
  endfacet
  facet normal -0.653289 -0.757108 0
    outer loop
      vertex 3.61604 11.4062 0
      vertex 3.82789 11.2234 0.589999
      vertex 3.61604 11.4062 0.589999
    endloop
  endfacet
  facet normal -0.653289 -0.757108 -0
    outer loop
      vertex 3.82789 11.2234 0.589999
      vertex 3.61604 11.4062 0
      vertex 3.82789 11.2234 0
    endloop
  endfacet
  facet normal -0.17086 -0.985295 0
    outer loop
      vertex 0.836363 12.6383 0
      vertex 1.11201 12.5905 0.589999
      vertex 0.836363 12.6383 0.589999
    endloop
  endfacet
  facet normal -0.17086 -0.985295 -0
    outer loop
      vertex 1.11201 12.5905 0.589999
      vertex 0.836363 12.6383 0
      vertex 1.11201 12.5905 0
    endloop
  endfacet
  facet normal -0.870089 -0.492894 0
    outer loop
      vertex 5.02695 9.68696 0
      vertex 4.88905 9.93039 0.589999
      vertex 4.88905 9.93039 0
    endloop
  endfacet
  facet normal -0.870089 -0.492894 0
    outer loop
      vertex 4.88905 9.93039 0.589999
      vertex 5.02695 9.68696 0
      vertex 5.02695 9.68696 0.589999
    endloop
  endfacet
  facet normal 0.653289 -0.757108 0
    outer loop
      vertex -3.82789 11.2234 0
      vertex -3.61604 11.4062 0.589999
      vertex -3.82789 11.2234 0.589999
    endloop
  endfacet
  facet normal 0.653289 -0.757108 0
    outer loop
      vertex -3.61604 11.4062 0.589999
      vertex -3.82789 11.2234 0
      vertex -3.61604 11.4062 0
    endloop
  endfacet
  facet normal -0.81758 0.575816 0
    outer loop
      vertex 4.57828 3.60451 0
      vertex 4.73938 3.83325 0.589999
      vertex 4.73938 3.83325 0
    endloop
  endfacet
  facet normal -0.81758 0.575816 0
    outer loop
      vertex 4.73938 3.83325 0.589999
      vertex 4.57828 3.60451 0
      vertex 4.57828 3.60451 0.589999
    endloop
  endfacet
  facet normal -0.68954 0.724248 0
    outer loop
      vertex 4.03051 2.96949 0
      vertex 3.82789 2.77658 0.589999
      vertex 4.03051 2.96949 0.589999
    endloop
  endfacet
  facet normal -0.68954 0.724248 0
    outer loop
      vertex 3.82789 2.77658 0.589999
      vertex 4.03051 2.96949 0
      vertex 3.82789 2.77658 0
    endloop
  endfacet
  facet normal -0.492894 -0.870089 0
    outer loop
      vertex 2.68696 12.027 0
      vertex 2.93039 11.8891 0.589999
      vertex 2.68696 12.027 0.589999
    endloop
  endfacet
  facet normal -0.492894 -0.870089 -0
    outer loop
      vertex 2.93039 11.8891 0.589999
      vertex 2.68696 12.027 0
      vertex 2.93039 11.8891 0
    endloop
  endfacet
  facet normal -0.653167 0.757214 0
    outer loop
      vertex 3.82789 2.77658 0
      vertex 3.61604 2.59384 0.589999
      vertex 3.82789 2.77658 0.589999
    endloop
  endfacet
  facet normal -0.653167 0.757214 0
    outer loop
      vertex 3.61604 2.59384 0.589999
      vertex 3.82789 2.77658 0
      vertex 3.61604 2.59384 0
    endloop
  endfacet
  facet normal -0.844808 -0.53507 0
    outer loop
      vertex 4.88905 9.93039 0
      vertex 4.73938 10.1667 0.589999
      vertex 4.73938 10.1667 0
    endloop
  endfacet
  facet normal -0.844808 -0.53507 0
    outer loop
      vertex 4.73938 10.1667 0.589999
      vertex 4.88905 9.93039 0
      vertex 4.88905 9.93039 0.589999
    endloop
  endfacet
  facet normal -0.893223 -0.449614 0
    outer loop
      vertex 5.15274 9.43706 0
      vertex 5.02695 9.68696 0.589999
      vertex 5.02695 9.68696 0
    endloop
  endfacet
  facet normal -0.893223 -0.449614 0
    outer loop
      vertex 5.02695 9.68696 0.589999
      vertex 5.15274 9.43706 0
      vertex 5.15274 9.43706 0.589999
    endloop
  endfacet
  facet normal 0.17086 -0.985295 0
    outer loop
      vertex -1.11201 12.5905 0
      vertex -0.836363 12.6383 0.589999
      vertex -1.11201 12.5905 0.589999
    endloop
  endfacet
  facet normal 0.17086 -0.985295 0
    outer loop
      vertex -0.836363 12.6383 0.589999
      vertex -1.11201 12.5905 0
      vertex -0.836363 12.6383 0
    endloop
  endfacet
  facet normal -0.219102 0.975702 0
    outer loop
      vertex 1.38499 1.47082 0
      vertex 1.11201 1.40952 0.589999
      vertex 1.38499 1.47082 0.589999
    endloop
  endfacet
  facet normal -0.219102 0.975702 0
    outer loop
      vertex 1.11201 1.40952 0.589999
      vertex 1.38499 1.47082 0
      vertex 1.11201 1.40952 0
    endloop
  endfacet
  facet normal -0.963773 0.266724 0
    outer loop
      vertex 5.45456 5.34538 0
      vertex 5.52918 5.61501 0.589999
      vertex 5.52918 5.61501 0
    endloop
  endfacet
  facet normal -0.963773 0.266724 0
    outer loop
      vertex 5.52918 5.61501 0.589999
      vertex 5.45456 5.34538 0
      vertex 5.45456 5.34538 0.589999
    endloop
  endfacet
  facet normal -0.535066 -0.84481 0
    outer loop
      vertex 2.93039 11.8891 0
      vertex 3.16675 11.7394 0.589999
      vertex 2.93039 11.8891 0.589999
    endloop
  endfacet
  facet normal -0.535066 -0.84481 -0
    outer loop
      vertex 3.16675 11.7394 0.589999
      vertex 2.93039 11.8891 0
      vertex 3.16675 11.7394 0
    endloop
  endfacet
  facet normal -0.914211 0.405239 0
    outer loop
      vertex 5.15274 4.56294 0
      vertex 5.26611 4.8187 0.589999
      vertex 5.26611 4.8187 0
    endloop
  endfacet
  facet normal -0.914211 0.405239 0
    outer loop
      vertex 5.26611 4.8187 0.589999
      vertex 5.15274 4.56294 0
      vertex 5.15274 4.56294 0.589999
    endloop
  endfacet
  facet normal 0.122387 0.992483 -0
    outer loop
      vertex -0.558697 1.32745 0
      vertex -0.836363 1.36169 0.589999
      vertex -0.558697 1.32745 0.589999
    endloop
  endfacet
  facet normal 0.122387 0.992483 0
    outer loop
      vertex -0.836363 1.36169 0.589999
      vertex -0.558697 1.32745 0
      vertex -0.836363 1.36169 0
    endloop
  endfacet
  facet normal 0.992482 -0.122389 0
    outer loop
      vertex -5.67255 7.5587 0.589999
      vertex -5.63831 7.83636 0
      vertex -5.63831 7.83636 0.589999
    endloop
  endfacet
  facet normal 0.992482 -0.122389 0
    outer loop
      vertex -5.63831 7.83636 0
      vertex -5.67255 7.5587 0.589999
      vertex -5.67255 7.5587 0
    endloop
  endfacet
  facet normal -0.870089 0.492894 0
    outer loop
      vertex 4.88905 4.06961 0
      vertex 5.02695 4.31304 0.589999
      vertex 5.02695 4.31304 0
    endloop
  endfacet
  facet normal -0.870089 0.492894 0
    outer loop
      vertex 5.02695 4.31304 0.589999
      vertex 4.88905 4.06961 0
      vertex 4.88905 4.06961 0.589999
    endloop
  endfacet
  facet normal -0.992482 0.122389 0
    outer loop
      vertex 5.63831 6.16364 0
      vertex 5.67255 6.4413 0.589999
      vertex 5.67255 6.4413 0
    endloop
  endfacet
  facet normal -0.992482 0.122389 0
    outer loop
      vertex 5.67255 6.4413 0.589999
      vertex 5.63831 6.16364 0
      vertex 5.63831 6.16364 0.589999
    endloop
  endfacet
  facet normal 0.0246631 -0.999696 0
    outer loop
      vertex -0.279685 12.6931 0
      vertex 0 12.7 0.589999
      vertex -0.279685 12.6931 0.589999
    endloop
  endfacet
  facet normal 0.0246631 -0.999696 0
    outer loop
      vertex 0 12.7 0.589999
      vertex -0.279685 12.6931 0
      vertex 0 12.7 0
    endloop
  endfacet
  facet normal 0.870089 0.492894 0
    outer loop
      vertex -4.88905 4.06961 0.589999
      vertex -5.02695 4.31304 0
      vertex -5.02695 4.31304 0.589999
    endloop
  endfacet
  facet normal 0.870089 0.492894 0
    outer loop
      vertex -5.02695 4.31304 0
      vertex -4.88905 4.06961 0.589999
      vertex -4.88905 4.06961 0
    endloop
  endfacet
  facet normal 0.963773 -0.266724 0
    outer loop
      vertex -5.52918 8.38499 0.589999
      vertex -5.45456 8.65462 0
      vertex -5.45456 8.65462 0.589999
    endloop
  endfacet
  facet normal 0.963773 -0.266724 0
    outer loop
      vertex -5.45456 8.65462 0
      vertex -5.52918 8.38499 0.589999
      vertex -5.52918 8.38499 0
    endloop
  endfacet
  facet normal -0.170964 0.985277 0
    outer loop
      vertex 1.11201 1.40952 0
      vertex 0.836363 1.36169 0.589999
      vertex 1.11201 1.40952 0.589999
    endloop
  endfacet
  facet normal -0.170964 0.985277 0
    outer loop
      vertex 0.836363 1.36169 0.589999
      vertex 1.11201 1.40952 0
      vertex 0.836363 1.36169 0
    endloop
  endfacet
  facet normal 0.997291 0.073561 0
    outer loop
      vertex -5.67255 6.4413 0.589999
      vertex -5.69313 6.72031 0
      vertex -5.69313 6.72031 0.589999
    endloop
  endfacet
  facet normal 0.997291 0.073561 0
    outer loop
      vertex -5.69313 6.72031 0
      vertex -5.67255 6.4413 0.589999
      vertex -5.67255 6.4413 0
    endloop
  endfacet
  facet normal -0.757214 0.653167 0
    outer loop
      vertex 4.22342 3.17211 0
      vertex 4.40616 3.38396 0.589999
      vertex 4.40616 3.38396 0
    endloop
  endfacet
  facet normal -0.757214 0.653167 0
    outer loop
      vertex 4.40616 3.38396 0.589999
      vertex 4.22342 3.17211 0
      vertex 4.22342 3.17211 0.589999
    endloop
  endfacet
  facet normal 0.757214 0.653167 0
    outer loop
      vertex -4.22342 3.17211 0.589999
      vertex -4.40616 3.38396 0
      vertex -4.40616 3.38396 0.589999
    endloop
  endfacet
  facet normal 0.757214 0.653167 0
    outer loop
      vertex -4.40616 3.38396 0
      vertex -4.22342 3.17211 0.589999
      vertex -4.22342 3.17211 0
    endloop
  endfacet
  facet normal -0.61519 -0.788379 0
    outer loop
      vertex 3.39549 11.5783 0
      vertex 3.61604 11.4062 0.589999
      vertex 3.39549 11.5783 0.589999
    endloop
  endfacet
  facet normal -0.61519 -0.788379 -0
    outer loop
      vertex 3.61604 11.4062 0.589999
      vertex 3.39549 11.5783 0
      vertex 3.61604 11.4062 0
    endloop
  endfacet
  facet normal -0.0246631 -0.999696 0
    outer loop
      vertex 0 12.7 0
      vertex 0.279685 12.6931 0.589999
      vertex 0 12.7 0.589999
    endloop
  endfacet
  facet normal -0.0246631 -0.999696 -0
    outer loop
      vertex 0.279685 12.6931 0.589999
      vertex 0 12.7 0
      vertex 0.279685 12.6931 0
    endloop
  endfacet
  facet normal 0.992482 0.122389 0
    outer loop
      vertex -5.63831 6.16364 0.589999
      vertex -5.67255 6.4413 0
      vertex -5.67255 6.4413 0.589999
    endloop
  endfacet
  facet normal 0.992482 0.122389 0
    outer loop
      vertex -5.67255 6.4413 0
      vertex -5.63831 6.16364 0.589999
      vertex -5.63831 6.16364 0
    endloop
  endfacet
  facet normal -0.932993 -0.359894 0
    outer loop
      vertex 5.3668 8.92027 0
      vertex 5.26611 9.1813 0.589999
      vertex 5.26611 9.1813 0
    endloop
  endfacet
  facet normal -0.932993 -0.359894 0
    outer loop
      vertex 5.26611 9.1813 0.589999
      vertex 5.3668 8.92027 0
      vertex 5.3668 8.92027 0.589999
    endloop
  endfacet
  facet normal 0.914211 0.405239 0
    outer loop
      vertex -5.15274 4.56294 0.589999
      vertex -5.26611 4.8187 0
      vertex -5.26611 4.8187 0.589999
    endloop
  endfacet
  facet normal 0.914211 0.405239 0
    outer loop
      vertex -5.26611 4.8187 0
      vertex -5.15274 4.56294 0.589999
      vertex -5.15274 4.56294 0
    endloop
  endfacet
  facet normal -0.932993 0.359894 0
    outer loop
      vertex 5.26611 4.8187 0
      vertex 5.3668 5.07973 0.589999
      vertex 5.3668 5.07973 0
    endloop
  endfacet
  facet normal -0.932993 0.359894 0
    outer loop
      vertex 5.3668 5.07973 0.589999
      vertex 5.26611 4.8187 0
      vertex 5.26611 4.8187 0.589999
    endloop
  endfacet
  facet normal -0.949527 0.313685 0
    outer loop
      vertex 5.3668 5.07973 0
      vertex 5.45456 5.34538 0.589999
      vertex 5.45456 5.34538 0
    endloop
  endfacet
  facet normal -0.949527 0.313685 0
    outer loop
      vertex 5.45456 5.34538 0.589999
      vertex 5.3668 5.07973 0
      vertex 5.3668 5.07973 0.589999
    endloop
  endfacet
  facet normal 0.932993 -0.359894 0
    outer loop
      vertex -5.3668 8.92027 0.589999
      vertex -5.26611 9.1813 0
      vertex -5.26611 9.1813 0.589999
    endloop
  endfacet
  facet normal 0.932993 -0.359894 0
    outer loop
      vertex -5.26611 9.1813 0
      vertex -5.3668 8.92027 0.589999
      vertex -5.3668 8.92027 0
    endloop
  endfacet
  facet normal 0.949527 -0.313685 0
    outer loop
      vertex -5.45456 8.65462 0.589999
      vertex -5.3668 8.92027 0
      vertex -5.3668 8.92027 0.589999
    endloop
  endfacet
  facet normal 0.949527 -0.313685 0
    outer loop
      vertex -5.3668 8.92027 0
      vertex -5.45456 8.65462 0.589999
      vertex -5.45456 8.65462 0
    endloop
  endfacet
  facet normal 0.313814 -0.949484 0
    outer loop
      vertex -1.92027 12.3668 0
      vertex -1.65462 12.4546 0.589999
      vertex -1.92027 12.3668 0.589999
    endloop
  endfacet
  facet normal 0.313814 -0.949484 0
    outer loop
      vertex -1.65462 12.4546 0.589999
      vertex -1.92027 12.3668 0
      vertex -1.65462 12.4546 0
    endloop
  endfacet
  facet normal -0.405329 -0.914171 0
    outer loop
      vertex 2.1813 12.2661 0
      vertex 2.43706 12.1527 0.589999
      vertex 2.1813 12.2661 0.589999
    endloop
  endfacet
  facet normal -0.405329 -0.914171 -0
    outer loop
      vertex 2.43706 12.1527 0.589999
      vertex 2.1813 12.2661 0
      vertex 2.43706 12.1527 0
    endloop
  endfacet
  facet normal 0.535066 -0.84481 0
    outer loop
      vertex -3.16675 11.7394 0
      vertex -2.93039 11.8891 0.589999
      vertex -3.16675 11.7394 0.589999
    endloop
  endfacet
  facet normal 0.535066 -0.84481 0
    outer loop
      vertex -2.93039 11.8891 0.589999
      vertex -3.16675 11.7394 0
      vertex -2.93039 11.8891 0
    endloop
  endfacet
  facet normal 0.68954 0.724248 -0
    outer loop
      vertex -3.82789 2.77658 0
      vertex -4.03051 2.96949 0.589999
      vertex -3.82789 2.77658 0.589999
    endloop
  endfacet
  facet normal 0.68954 0.724248 0
    outer loop
      vertex -4.03051 2.96949 0.589999
      vertex -3.82789 2.77658 0
      vertex -4.03051 2.96949 0
    endloop
  endfacet
  facet normal 0.219102 -0.975702 0
    outer loop
      vertex -1.38499 12.5292 0
      vertex -1.11201 12.5905 0.589999
      vertex -1.38499 12.5292 0.589999
    endloop
  endfacet
  facet normal 0.219102 -0.975702 0
    outer loop
      vertex -1.11201 12.5905 0.589999
      vertex -1.38499 12.5292 0
      vertex -1.11201 12.5905 0
    endloop
  endfacet
  facet normal 0.313685 0.949527 -0
    outer loop
      vertex -1.65462 1.54544 0
      vertex -1.92027 1.6332 0.589999
      vertex -1.65462 1.54544 0.589999
    endloop
  endfacet
  facet normal 0.313685 0.949527 0
    outer loop
      vertex -1.92027 1.6332 0.589999
      vertex -1.65462 1.54544 0
      vertex -1.92027 1.6332 0
    endloop
  endfacet
  facet normal -0.817651 -0.575715 0
    outer loop
      vertex 4.73938 10.1667 0
      vertex 4.57828 10.3955 0.589999
      vertex 4.57828 10.3955 0
    endloop
  endfacet
  facet normal -0.817651 -0.575715 0
    outer loop
      vertex 4.57828 10.3955 0.589999
      vertex 4.73938 10.1667 0
      vertex 4.73938 10.1667 0.589999
    endloop
  endfacet
  facet normal -0.75729 -0.653078 0
    outer loop
      vertex 4.40616 10.616 0
      vertex 4.22342 10.8279 0.589999
      vertex 4.22342 10.8279 0
    endloop
  endfacet
  facet normal -0.75729 -0.653078 0
    outer loop
      vertex 4.22342 10.8279 0.589999
      vertex 4.40616 10.616 0
      vertex 4.40616 10.616 0.589999
    endloop
  endfacet
  facet normal 0.985278 0.170963 0
    outer loop
      vertex -5.59048 5.88799 0.589999
      vertex -5.63831 6.16364 0
      vertex -5.63831 6.16364 0.589999
    endloop
  endfacet
  facet normal 0.985278 0.170963 0
    outer loop
      vertex -5.63831 6.16364 0
      vertex -5.59048 5.88799 0.589999
      vertex -5.59048 5.88799 0
    endloop
  endfacet
  facet normal 0.219102 0.975702 -0
    outer loop
      vertex -1.11201 1.40952 0
      vertex -1.38499 1.47082 0.589999
      vertex -1.11201 1.40952 0.589999
    endloop
  endfacet
  facet normal 0.219102 0.975702 0
    outer loop
      vertex -1.38499 1.47082 0.589999
      vertex -1.11201 1.40952 0
      vertex -1.38499 1.47082 0
    endloop
  endfacet
  facet normal -0.449357 -0.893352 0
    outer loop
      vertex 2.43706 12.1527 0
      vertex 2.68696 12.027 0.589999
      vertex 2.43706 12.1527 0.589999
    endloop
  endfacet
  facet normal -0.449357 -0.893352 -0
    outer loop
      vertex 2.68696 12.027 0.589999
      vertex 2.43706 12.1527 0
      vertex 2.68696 12.027 0
    endloop
  endfacet
  facet normal 0.975702 -0.219102 0
    outer loop
      vertex -5.59048 8.11201 0.589999
      vertex -5.52918 8.38499 0
      vertex -5.52918 8.38499 0.589999
    endloop
  endfacet
  facet normal 0.975702 -0.219102 0
    outer loop
      vertex -5.52918 8.38499 0
      vertex -5.59048 8.11201 0.589999
      vertex -5.59048 8.11201 0
    endloop
  endfacet
  facet normal -0.359925 -0.932981 0
    outer loop
      vertex 1.92027 12.3668 0
      vertex 2.1813 12.2661 0.589999
      vertex 1.92027 12.3668 0.589999
    endloop
  endfacet
  facet normal -0.359925 -0.932981 -0
    outer loop
      vertex 2.1813 12.2661 0.589999
      vertex 1.92027 12.3668 0
      vertex 2.1813 12.2661 0
    endloop
  endfacet
  facet normal 0.75729 -0.653078 0
    outer loop
      vertex -4.40616 10.616 0.589999
      vertex -4.22342 10.8279 0
      vertex -4.22342 10.8279 0.589999
    endloop
  endfacet
  facet normal 0.75729 -0.653078 0
    outer loop
      vertex -4.22342 10.8279 0
      vertex -4.40616 10.616 0.589999
      vertex -4.40616 10.616 0
    endloop
  endfacet
  facet normal -0.985278 -0.170963 0
    outer loop
      vertex 5.63831 7.83636 0
      vertex 5.59048 8.11201 0.589999
      vertex 5.59048 8.11201 0
    endloop
  endfacet
  facet normal -0.985278 -0.170963 0
    outer loop
      vertex 5.59048 8.11201 0.589999
      vertex 5.63831 7.83636 0
      vertex 5.63831 7.83636 0.589999
    endloop
  endfacet
  facet normal 0.999698 0.0245555 0
    outer loop
      vertex -5.69313 6.72031 0.589999
      vertex -5.7 7 0
      vertex -5.7 7 0.589999
    endloop
  endfacet
  facet normal 0.999698 0.0245555 0
    outer loop
      vertex -5.7 7 0
      vertex -5.69313 6.72031 0.589999
      vertex -5.69313 6.72031 0
    endloop
  endfacet
  facet normal 0.359894 0.932993 -0
    outer loop
      vertex -1.92027 1.6332 0
      vertex -2.1813 1.73389 0.589999
      vertex -1.92027 1.6332 0.589999
    endloop
  endfacet
  facet normal 0.359894 0.932993 0
    outer loop
      vertex -2.1813 1.73389 0.589999
      vertex -1.92027 1.6332 0
      vertex -2.1813 1.73389 0
    endloop
  endfacet
  facet normal 0.405239 0.914211 -0
    outer loop
      vertex -2.1813 1.73389 0
      vertex -2.43706 1.84726 0.589999
      vertex -2.1813 1.73389 0.589999
    endloop
  endfacet
  facet normal 0.405239 0.914211 0
    outer loop
      vertex -2.43706 1.84726 0.589999
      vertex -2.1813 1.73389 0
      vertex -2.43706 1.84726 0
    endloop
  endfacet
  facet normal -0.999698 0.0245555 0
    outer loop
      vertex 5.69313 6.72031 0
      vertex 5.7 7 0.589999
      vertex 5.7 7 0
    endloop
  endfacet
  facet normal -0.999698 0.0245555 0
    outer loop
      vertex 5.7 7 0.589999
      vertex 5.69313 6.72031 0
      vertex 5.69313 6.72031 0.589999
    endloop
  endfacet
  facet normal 0.844859 0.534989 0
    outer loop
      vertex -4.73938 3.83325 0.589999
      vertex -4.88905 4.06961 0
      vertex -4.88905 4.06961 0.589999
    endloop
  endfacet
  facet normal 0.844859 0.534989 0
    outer loop
      vertex -4.88905 4.06961 0
      vertex -4.73938 3.83325 0.589999
      vertex -4.73938 3.83325 0
    endloop
  endfacet
  facet normal 0.359925 -0.932981 0
    outer loop
      vertex -2.1813 12.2661 0
      vertex -1.92027 12.3668 0.589999
      vertex -2.1813 12.2661 0.589999
    endloop
  endfacet
  facet normal 0.359925 -0.932981 0
    outer loop
      vertex -1.92027 12.3668 0.589999
      vertex -2.1813 12.2661 0
      vertex -1.92027 12.3668 0
    endloop
  endfacet
  facet normal -0.689521 -0.724265 0
    outer loop
      vertex 3.82789 11.2234 0
      vertex 4.03051 11.0305 0.589999
      vertex 3.82789 11.2234 0.589999
    endloop
  endfacet
  facet normal -0.689521 -0.724265 -0
    outer loop
      vertex 4.03051 11.0305 0.589999
      vertex 3.82789 11.2234 0
      vertex 4.03051 11.0305 0
    endloop
  endfacet
  facet normal 0.575816 -0.81758 0
    outer loop
      vertex -3.39549 11.5783 0
      vertex -3.16675 11.7394 0.589999
      vertex -3.39549 11.5783 0.589999
    endloop
  endfacet
  facet normal 0.575816 -0.81758 0
    outer loop
      vertex -3.16675 11.7394 0.589999
      vertex -3.39549 11.5783 0
      vertex -3.16675 11.7394 0
    endloop
  endfacet
  facet normal 0.975702 0.219102 0
    outer loop
      vertex -5.52918 5.61501 0.589999
      vertex -5.59048 5.88799 0
      vertex -5.59048 5.88799 0.589999
    endloop
  endfacet
  facet normal 0.975702 0.219102 0
    outer loop
      vertex -5.59048 5.88799 0
      vertex -5.52918 5.61501 0.589999
      vertex -5.52918 5.61501 0
    endloop
  endfacet
  facet normal -0.122598 -0.992456 0
    outer loop
      vertex 0.558697 12.6726 0
      vertex 0.836363 12.6383 0.589999
      vertex 0.558697 12.6726 0.589999
    endloop
  endfacet
  facet normal -0.122598 -0.992456 -0
    outer loop
      vertex 0.836363 12.6383 0.589999
      vertex 0.558697 12.6726 0
      vertex 0.836363 12.6383 0
    endloop
  endfacet
  facet normal 0.724214 -0.689576 0
    outer loop
      vertex -4.22342 10.8279 0.589999
      vertex -4.03051 11.0305 0
      vertex -4.03051 11.0305 0.589999
    endloop
  endfacet
  facet normal 0.724214 -0.689576 0
    outer loop
      vertex -4.03051 11.0305 0
      vertex -4.22342 10.8279 0.589999
      vertex -4.22342 10.8279 0
    endloop
  endfacet
  facet normal -0.975702 -0.219102 0
    outer loop
      vertex 5.59048 8.11201 0
      vertex 5.52918 8.38499 0.589999
      vertex 5.52918 8.38499 0
    endloop
  endfacet
  facet normal -0.975702 -0.219102 0
    outer loop
      vertex 5.52918 8.38499 0.589999
      vertex 5.59048 8.11201 0
      vertex 5.59048 8.11201 0.589999
    endloop
  endfacet
  facet normal 0.492894 0.870089 -0
    outer loop
      vertex -2.68696 1.97305 0
      vertex -2.93039 2.11095 0.589999
      vertex -2.68696 1.97305 0.589999
    endloop
  endfacet
  facet normal 0.492894 0.870089 0
    outer loop
      vertex -2.93039 2.11095 0.589999
      vertex -2.68696 1.97305 0
      vertex -2.93039 2.11095 0
    endloop
  endfacet
  facet normal -0.963773 -0.266724 0
    outer loop
      vertex 5.52918 8.38499 0
      vertex 5.45456 8.65462 0.589999
      vertex 5.45456 8.65462 0
    endloop
  endfacet
  facet normal -0.963773 -0.266724 0
    outer loop
      vertex 5.45456 8.65462 0.589999
      vertex 5.52918 8.38499 0
      vertex 5.52918 8.38499 0.589999
    endloop
  endfacet
  facet normal 0.122598 -0.992456 0
    outer loop
      vertex -0.836363 12.6383 0
      vertex -0.558697 12.6726 0.589999
      vertex -0.836363 12.6383 0.589999
    endloop
  endfacet
  facet normal 0.122598 -0.992456 0
    outer loop
      vertex -0.558697 12.6726 0.589999
      vertex -0.836363 12.6383 0
      vertex -0.558697 12.6726 0
    endloop
  endfacet
  facet normal 0.492894 -0.870089 0
    outer loop
      vertex -2.93039 11.8891 0
      vertex -2.68696 12.027 0.589999
      vertex -2.93039 11.8891 0.589999
    endloop
  endfacet
  facet normal 0.492894 -0.870089 0
    outer loop
      vertex -2.68696 12.027 0.589999
      vertex -2.93039 11.8891 0
      vertex -2.68696 12.027 0
    endloop
  endfacet
  facet normal -0.724248 0.68954 0
    outer loop
      vertex 4.03051 2.96949 0
      vertex 4.22342 3.17211 0.589999
      vertex 4.22342 3.17211 0
    endloop
  endfacet
  facet normal -0.724248 0.68954 0
    outer loop
      vertex 4.22342 3.17211 0.589999
      vertex 4.03051 2.96949 0
      vertex 4.03051 2.96949 0.589999
    endloop
  endfacet
  facet normal 0.724248 0.68954 0
    outer loop
      vertex -4.03051 2.96949 0.589999
      vertex -4.22342 3.17211 0
      vertex -4.22342 3.17211 0.589999
    endloop
  endfacet
  facet normal 0.724248 0.68954 0
    outer loop
      vertex -4.22342 3.17211 0
      vertex -4.03051 2.96949 0.589999
      vertex -4.03051 2.96949 0
    endloop
  endfacet
  facet normal -0.359894 0.932993 0
    outer loop
      vertex 2.1813 1.73389 0
      vertex 1.92027 1.6332 0.589999
      vertex 2.1813 1.73389 0.589999
    endloop
  endfacet
  facet normal -0.359894 0.932993 0
    outer loop
      vertex 1.92027 1.6332 0.589999
      vertex 2.1813 1.73389 0
      vertex 1.92027 1.6332 0
    endloop
  endfacet
  facet normal 0.999698 -0.0245555 0
    outer loop
      vertex -5.7 7 0.589999
      vertex -5.69313 7.27969 0
      vertex -5.69313 7.27969 0.589999
    endloop
  endfacet
  facet normal 0.999698 -0.0245555 0
    outer loop
      vertex -5.69313 7.27969 0
      vertex -5.7 7 0.589999
      vertex -5.7 7 0
    endloop
  endfacet
  facet normal 0.0735604 0.997291 -0
    outer loop
      vertex -0.279685 1.30687 0
      vertex -0.558697 1.32745 0.589999
      vertex -0.279685 1.30687 0.589999
    endloop
  endfacet
  facet normal 0.0735604 0.997291 0
    outer loop
      vertex -0.558697 1.32745 0.589999
      vertex -0.279685 1.30687 0
      vertex -0.558697 1.32745 0
    endloop
  endfacet
  facet normal 0.932993 0.359894 0
    outer loop
      vertex -5.26611 4.8187 0.589999
      vertex -5.3668 5.07973 0
      vertex -5.3668 5.07973 0.589999
    endloop
  endfacet
  facet normal 0.932993 0.359894 0
    outer loop
      vertex -5.3668 5.07973 0
      vertex -5.26611 4.8187 0.589999
      vertex -5.26611 4.8187 0
    endloop
  endfacet
  facet normal 0.949527 0.313685 0
    outer loop
      vertex -5.3668 5.07973 0.589999
      vertex -5.45456 5.34538 0
      vertex -5.45456 5.34538 0.589999
    endloop
  endfacet
  facet normal 0.949527 0.313685 0
    outer loop
      vertex -5.45456 5.34538 0
      vertex -5.3668 5.07973 0.589999
      vertex -5.3668 5.07973 0
    endloop
  endfacet
  facet normal 0.81758 0.575816 0
    outer loop
      vertex -4.57828 3.60451 0.589999
      vertex -4.73938 3.83325 0
      vertex -4.73938 3.83325 0.589999
    endloop
  endfacet
  facet normal 0.81758 0.575816 0
    outer loop
      vertex -4.73938 3.83325 0
      vertex -4.57828 3.60451 0.589999
      vertex -4.57828 3.60451 0
    endloop
  endfacet
  facet normal 0.449614 0.893223 -0
    outer loop
      vertex -2.43706 1.84726 0
      vertex -2.68696 1.97305 0.589999
      vertex -2.43706 1.84726 0.589999
    endloop
  endfacet
  facet normal 0.449614 0.893223 0
    outer loop
      vertex -2.68696 1.97305 0.589999
      vertex -2.43706 1.84726 0
      vertex -2.68696 1.97305 0
    endloop
  endfacet
  facet normal -0.788277 -0.615321 0
    outer loop
      vertex 4.57828 10.3955 0
      vertex 4.40616 10.616 0.589999
      vertex 4.40616 10.616 0
    endloop
  endfacet
  facet normal -0.788277 -0.615321 0
    outer loop
      vertex 4.40616 10.616 0.589999
      vertex 4.57828 10.3955 0
      vertex 4.57828 10.3955 0.589999
    endloop
  endfacet
  facet normal 0.817651 -0.575715 0
    outer loop
      vertex -4.73938 10.1667 0.589999
      vertex -4.57828 10.3955 0
      vertex -4.57828 10.3955 0.589999
    endloop
  endfacet
  facet normal 0.817651 -0.575715 0
    outer loop
      vertex -4.57828 10.3955 0
      vertex -4.73938 10.1667 0.589999
      vertex -4.73938 10.1667 0
    endloop
  endfacet
  facet normal -0.449614 0.893223 0
    outer loop
      vertex 2.68696 1.97305 0
      vertex 2.43706 1.84726 0.589999
      vertex 2.68696 1.97305 0.589999
    endloop
  endfacet
  facet normal -0.449614 0.893223 0
    outer loop
      vertex 2.43706 1.84726 0.589999
      vertex 2.68696 1.97305 0
      vertex 2.43706 1.84726 0
    endloop
  endfacet
  facet normal 0.534989 0.844859 -0
    outer loop
      vertex -2.93039 2.11095 0
      vertex -3.16675 2.26062 0.589999
      vertex -2.93039 2.11095 0.589999
    endloop
  endfacet
  facet normal 0.534989 0.844859 0
    outer loop
      vertex -3.16675 2.26062 0.589999
      vertex -2.93039 2.11095 0
      vertex -3.16675 2.26062 0
    endloop
  endfacet
  facet normal -0.844859 0.534989 0
    outer loop
      vertex 4.73938 3.83325 0
      vertex 4.88905 4.06961 0.589999
      vertex 4.88905 4.06961 0
    endloop
  endfacet
  facet normal -0.844859 0.534989 0
    outer loop
      vertex 4.88905 4.06961 0.589999
      vertex 4.73938 3.83325 0
      vertex 4.73938 3.83325 0.589999
    endloop
  endfacet
  facet normal -0.122387 0.992483 0
    outer loop
      vertex 0.836363 1.36169 0
      vertex 0.558697 1.32745 0.589999
      vertex 0.836363 1.36169 0.589999
    endloop
  endfacet
  facet normal -0.122387 0.992483 0
    outer loop
      vertex 0.558697 1.32745 0.589999
      vertex 0.836363 1.36169 0
      vertex 0.558697 1.32745 0
    endloop
  endfacet
  facet normal 0.0245559 0.999698 -0
    outer loop
      vertex 0 1.3 0
      vertex -0.279685 1.30687 0.589999
      vertex 0 1.3 0.589999
    endloop
  endfacet
  facet normal 0.0245559 0.999698 0
    outer loop
      vertex -0.279685 1.30687 0.589999
      vertex 0 1.3 0
      vertex -0.279685 1.30687 0
    endloop
  endfacet
  facet normal 0.844808 -0.53507 0
    outer loop
      vertex -4.88905 9.93039 0.589999
      vertex -4.73938 10.1667 0
      vertex -4.73938 10.1667 0.589999
    endloop
  endfacet
  facet normal 0.844808 -0.53507 0
    outer loop
      vertex -4.73938 10.1667 0
      vertex -4.88905 9.93039 0.589999
      vertex -4.88905 9.93039 0
    endloop
  endfacet
  facet normal -0.615234 0.788345 0
    outer loop
      vertex 3.61604 2.59384 0
      vertex 3.39549 2.42172 0.589999
      vertex 3.61604 2.59384 0.589999
    endloop
  endfacet
  facet normal -0.615234 0.788345 0
    outer loop
      vertex 3.39549 2.42172 0.589999
      vertex 3.61604 2.59384 0
      vertex 3.39549 2.42172 0
    endloop
  endfacet
  facet normal -0.266724 0.963773 0
    outer loop
      vertex 1.65462 1.54544 0
      vertex 1.38499 1.47082 0.589999
      vertex 1.65462 1.54544 0.589999
    endloop
  endfacet
  facet normal -0.266724 0.963773 0
    outer loop
      vertex 1.38499 1.47082 0.589999
      vertex 1.65462 1.54544 0
      vertex 1.38499 1.47082 0
    endloop
  endfacet
  facet normal -0.405239 0.914211 0
    outer loop
      vertex 2.43706 1.84726 0
      vertex 2.1813 1.73389 0.589999
      vertex 2.43706 1.84726 0.589999
    endloop
  endfacet
  facet normal -0.405239 0.914211 0
    outer loop
      vertex 2.1813 1.73389 0.589999
      vertex 2.43706 1.84726 0
      vertex 2.1813 1.73389 0
    endloop
  endfacet
  facet normal 0.893223 0.449614 0
    outer loop
      vertex -5.02695 4.31304 0.589999
      vertex -5.15274 4.56294 0
      vertex -5.15274 4.56294 0.589999
    endloop
  endfacet
  facet normal 0.893223 0.449614 0
    outer loop
      vertex -5.15274 4.56294 0
      vertex -5.02695 4.31304 0.589999
      vertex -5.02695 4.31304 0
    endloop
  endfacet
  facet normal -0.985278 0.170963 0
    outer loop
      vertex 5.59048 5.88799 0
      vertex 5.63831 6.16364 0.589999
      vertex 5.63831 6.16364 0
    endloop
  endfacet
  facet normal -0.985278 0.170963 0
    outer loop
      vertex 5.63831 6.16364 0.589999
      vertex 5.59048 5.88799 0
      vertex 5.59048 5.88799 0.589999
    endloop
  endfacet
  facet normal 0.449357 -0.893352 0
    outer loop
      vertex -2.68696 12.027 0
      vertex -2.43706 12.1527 0.589999
      vertex -2.68696 12.027 0.589999
    endloop
  endfacet
  facet normal 0.449357 -0.893352 0
    outer loop
      vertex -2.43706 12.1527 0.589999
      vertex -2.68696 12.027 0
      vertex -2.43706 12.1527 0
    endloop
  endfacet
  facet normal 0.266724 0.963773 -0
    outer loop
      vertex -1.38499 1.47082 0
      vertex -1.65462 1.54544 0.589999
      vertex -1.38499 1.47082 0.589999
    endloop
  endfacet
  facet normal 0.266724 0.963773 0
    outer loop
      vertex -1.65462 1.54544 0.589999
      vertex -1.38499 1.47082 0
      vertex -1.65462 1.54544 0
    endloop
  endfacet
  facet normal 0.788277 -0.615321 0
    outer loop
      vertex -4.57828 10.3955 0.589999
      vertex -4.40616 10.616 0
      vertex -4.40616 10.616 0.589999
    endloop
  endfacet
  facet normal 0.788277 -0.615321 0
    outer loop
      vertex -4.40616 10.616 0
      vertex -4.57828 10.3955 0.589999
      vertex -4.57828 10.3955 0
    endloop
  endfacet
  facet normal -0.266657 -0.963791 0
    outer loop
      vertex 1.38499 12.5292 0
      vertex 1.65462 12.4546 0.589999
      vertex 1.38499 12.5292 0.589999
    endloop
  endfacet
  facet normal -0.266657 -0.963791 -0
    outer loop
      vertex 1.65462 12.4546 0.589999
      vertex 1.38499 12.5292 0
      vertex 1.65462 12.4546 0
    endloop
  endfacet
  facet normal -0.073276 -0.997312 0
    outer loop
      vertex 0.279685 12.6931 0
      vertex 0.558697 12.6726 0.589999
      vertex 0.279685 12.6931 0.589999
    endloop
  endfacet
  facet normal -0.073276 -0.997312 -0
    outer loop
      vertex 0.558697 12.6726 0.589999
      vertex 0.279685 12.6931 0
      vertex 0.558697 12.6726 0
    endloop
  endfacet
  facet normal -0.534989 0.844859 0
    outer loop
      vertex 3.16675 2.26062 0
      vertex 2.93039 2.11095 0.589999
      vertex 3.16675 2.26062 0.589999
    endloop
  endfacet
  facet normal -0.534989 0.844859 0
    outer loop
      vertex 2.93039 2.11095 0.589999
      vertex 3.16675 2.26062 0
      vertex 2.93039 2.11095 0
    endloop
  endfacet
  facet normal -0.575816 0.81758 0
    outer loop
      vertex 3.39549 2.42172 0
      vertex 3.16675 2.26062 0.589999
      vertex 3.39549 2.42172 0.589999
    endloop
  endfacet
  facet normal -0.575816 0.81758 0
    outer loop
      vertex 3.16675 2.26062 0.589999
      vertex 3.39549 2.42172 0
      vertex 3.16675 2.26062 0
    endloop
  endfacet
  facet normal 0.997291 -0.073561 0
    outer loop
      vertex -5.69313 7.27969 0.589999
      vertex -5.67255 7.5587 0
      vertex -5.67255 7.5587 0.589999
    endloop
  endfacet
  facet normal 0.997291 -0.073561 0
    outer loop
      vertex -5.67255 7.5587 0
      vertex -5.69313 7.27969 0.589999
      vertex -5.69313 7.27969 0
    endloop
  endfacet
  facet normal 0.985278 -0.170963 0
    outer loop
      vertex -5.63831 7.83636 0.589999
      vertex -5.59048 8.11201 0
      vertex -5.59048 8.11201 0.589999
    endloop
  endfacet
  facet normal 0.985278 -0.170963 0
    outer loop
      vertex -5.59048 8.11201 0
      vertex -5.63831 7.83636 0.589999
      vertex -5.63831 7.83636 0
    endloop
  endfacet
  facet normal 0.170964 0.985277 -0
    outer loop
      vertex -0.836363 1.36169 0
      vertex -1.11201 1.40952 0.589999
      vertex -0.836363 1.36169 0.589999
    endloop
  endfacet
  facet normal 0.170964 0.985277 0
    outer loop
      vertex -1.11201 1.40952 0.589999
      vertex -0.836363 1.36169 0
      vertex -1.11201 1.40952 0
    endloop
  endfacet
  facet normal -0.313685 0.949527 0
    outer loop
      vertex 1.92027 1.6332 0
      vertex 1.65462 1.54544 0.589999
      vertex 1.92027 1.6332 0.589999
    endloop
  endfacet
  facet normal -0.313685 0.949527 0
    outer loop
      vertex 1.65462 1.54544 0.589999
      vertex 1.92027 1.6332 0
      vertex 1.65462 1.54544 0
    endloop
  endfacet
  facet normal 0.266657 -0.963791 0
    outer loop
      vertex -1.65462 12.4546 0
      vertex -1.38499 12.5292 0.589999
      vertex -1.65462 12.4546 0.589999
    endloop
  endfacet
  facet normal 0.266657 -0.963791 0
    outer loop
      vertex -1.38499 12.5292 0.589999
      vertex -1.65462 12.4546 0
      vertex -1.38499 12.5292 0
    endloop
  endfacet
  facet normal 0.788345 0.615234 0
    outer loop
      vertex -4.40616 3.38396 0.589999
      vertex -4.57828 3.60451 0
      vertex -4.57828 3.60451 0.589999
    endloop
  endfacet
  facet normal 0.788345 0.615234 0
    outer loop
      vertex -4.57828 3.60451 0
      vertex -4.40616 3.38396 0.589999
      vertex -4.40616 3.38396 0
    endloop
  endfacet
  facet normal 0.914211 -0.405239 0
    outer loop
      vertex -5.26611 9.1813 0.589999
      vertex -5.15274 9.43706 0
      vertex -5.15274 9.43706 0.589999
    endloop
  endfacet
  facet normal 0.914211 -0.405239 0
    outer loop
      vertex -5.15274 9.43706 0
      vertex -5.26611 9.1813 0.589999
      vertex -5.26611 9.1813 0
    endloop
  endfacet
  facet normal 0.893223 -0.449614 0
    outer loop
      vertex -5.15274 9.43706 0.589999
      vertex -5.02695 9.68696 0
      vertex -5.02695 9.68696 0.589999
    endloop
  endfacet
  facet normal 0.893223 -0.449614 0
    outer loop
      vertex -5.02695 9.68696 0
      vertex -5.15274 9.43706 0.589999
      vertex -5.15274 9.43706 0
    endloop
  endfacet
  facet normal -0.313814 -0.949484 0
    outer loop
      vertex 1.65462 12.4546 0
      vertex 1.92027 12.3668 0.589999
      vertex 1.65462 12.4546 0.589999
    endloop
  endfacet
  facet normal -0.313814 -0.949484 -0
    outer loop
      vertex 1.92027 12.3668 0.589999
      vertex 1.65462 12.4546 0
      vertex 1.92027 12.3668 0
    endloop
  endfacet
  facet normal -0.219102 -0.975702 0
    outer loop
      vertex 1.11201 12.5905 0
      vertex 1.38499 12.5292 0.589999
      vertex 1.11201 12.5905 0.589999
    endloop
  endfacet
  facet normal -0.219102 -0.975702 -0
    outer loop
      vertex 1.38499 12.5292 0.589999
      vertex 1.11201 12.5905 0
      vertex 1.38499 12.5292 0
    endloop
  endfacet
  facet normal 0.963773 0.266724 0
    outer loop
      vertex -5.45456 5.34538 0.589999
      vertex -5.52918 5.61501 0
      vertex -5.52918 5.61501 0.589999
    endloop
  endfacet
  facet normal 0.963773 0.266724 0
    outer loop
      vertex -5.52918 5.61501 0
      vertex -5.45456 5.34538 0.589999
      vertex -5.45456 5.34538 0
    endloop
  endfacet
  facet normal 0.653167 0.757214 -0
    outer loop
      vertex -3.61604 2.59384 0
      vertex -3.82789 2.77658 0.589999
      vertex -3.61604 2.59384 0.589999
    endloop
  endfacet
  facet normal 0.653167 0.757214 0
    outer loop
      vertex -3.82789 2.77658 0.589999
      vertex -3.61604 2.59384 0
      vertex -3.82789 2.77658 0
    endloop
  endfacet
  facet normal 0.870089 -0.492894 0
    outer loop
      vertex -5.02695 9.68696 0.589999
      vertex -4.88905 9.93039 0
      vertex -4.88905 9.93039 0.589999
    endloop
  endfacet
  facet normal 0.870089 -0.492894 0
    outer loop
      vertex -4.88905 9.93039 0
      vertex -5.02695 9.68696 0.589999
      vertex -5.02695 9.68696 0
    endloop
  endfacet
  facet normal 0.405329 -0.914171 0
    outer loop
      vertex -2.43706 12.1527 0
      vertex -2.1813 12.2661 0.589999
      vertex -2.43706 12.1527 0.589999
    endloop
  endfacet
  facet normal 0.405329 -0.914171 0
    outer loop
      vertex -2.1813 12.2661 0.589999
      vertex -2.43706 12.1527 0
      vertex -2.1813 12.2661 0
    endloop
  endfacet
  facet normal 0.575816 0.81758 -0
    outer loop
      vertex -3.16675 2.26062 0
      vertex -3.39549 2.42172 0.589999
      vertex -3.16675 2.26062 0.589999
    endloop
  endfacet
  facet normal 0.575816 0.81758 0
    outer loop
      vertex -3.39549 2.42172 0.589999
      vertex -3.16675 2.26062 0
      vertex -3.39549 2.42172 0
    endloop
  endfacet
  facet normal -0.438535 -0.692398 0.57295
    outer loop
      vertex 3.16675 11.7394 0.589999
      vertex 3.71124 12.5613 2
      vertex 2.93039 11.8891 0.589999
    endloop
  endfacet
  facet normal -0.439068 -0.692055 0.572956
    outer loop
      vertex 3.71124 12.5613 2
      vertex 3.16675 11.7394 0.589999
      vertex 3.71455 12.5592 2
    endloop
  endfacet
  facet normal -0.0601043 0.817376 0.57296
    outer loop
      vertex 0.558697 1.32745 0.589999
      vertex 0.651441 0.345894 2
      vertex 0.655344 0.346181 2
    endloop
  endfacet
  facet normal -0.0602888 0.817361 0.572962
    outer loop
      vertex 0.651441 0.345894 2
      vertex 0.558697 1.32745 0.589999
      vertex 0.279685 1.30687 0.589999
    endloop
  endfacet
  facet normal 0.817321 -0.0607752 0.572968
    outer loop
      vertex -6.65411 7.65144 2
      vertex -5.67255 7.5587 0.589999
      vertex -6.65382 7.65534 2
    endloop
  endfacet
  facet normal 0.81736 -0.0602891 0.572964
    outer loop
      vertex -5.67255 7.5587 0.589999
      vertex -6.65411 7.65144 2
      vertex -5.69313 7.27969 0.589999
    endloop
  endfacet
  facet normal -0.819337 -0.0200948 0.57296
    outer loop
      vertex 6.68601 7 2
      vertex 6.67806 7.32415 2
      vertex 5.7 7 0.589999
    endloop
  endfacet
  facet normal -0.819309 -0.0209007 0.572972
    outer loop
      vertex 5.69313 7.27969 0.589999
      vertex 6.67806 7.32415 2
      vertex 6.67796 7.32807 2
    endloop
  endfacet
  facet normal -0.819333 -0.0201252 0.572964
    outer loop
      vertex 6.67806 7.32415 2
      vertex 5.69313 7.27969 0.589999
      vertex 5.7 7 0.589999
    endloop
  endfacet
  facet normal -0.81736 0.0602891 0.572964
    outer loop
      vertex 5.67255 6.4413 0.589999
      vertex 6.65411 6.34856 2
      vertex 5.69313 6.72031 0.589999
    endloop
  endfacet
  facet normal -0.817321 0.0607752 0.572968
    outer loop
      vertex 6.65411 6.34856 2
      vertex 5.67255 6.4413 0.589999
      vertex 6.65382 6.34466 2
    endloop
  endfacet
  facet normal 0.0199682 -0.819342 0.572958
    outer loop
      vertex 0 12.7 0.589999
      vertex 0 13.686 2
      vertex -0.324155 13.6781 2
    endloop
  endfacet
  facet normal 0.764557 -0.29535 0.572905
    outer loop
      vertex -6.29518 9.25245 2
      vertex -5.26611 9.1813 0.589999
      vertex -6.29377 9.2561 2
    endloop
  endfacet
  facet normal 0.764664 -0.294962 0.572963
    outer loop
      vertex -5.26611 9.1813 0.589999
      vertex -6.29518 9.25245 2
      vertex -5.3668 8.92027 0.589999
    endloop
  endfacet
  facet normal -0.29496 0.764665 0.572962
    outer loop
      vertex 2.2561 0.706232 2
      vertex 2.55863 0.822929 2
      vertex 2.1813 1.73389 0.589999
    endloop
  endfacet
  facet normal -0.692433 0.438469 0.572959
    outer loop
      vertex 4.73938 3.83325 0.589999
      vertex 5.56131 3.28876 2
      vertex 4.88905 4.06961 0.589999
    endloop
  endfacet
  facet normal -0.693005 0.437577 0.572949
    outer loop
      vertex 5.56131 3.28876 2
      vertex 4.73938 3.83325 0.589999
      vertex 5.55922 3.28545 2
    endloop
  endfacet
  facet normal -0.778214 0.25709 0.572963
    outer loop
      vertex 5.3668 5.07973 0.589999
      vertex 6.39812 5.05915 2
      vertex 5.45456 5.34538 0.589999
    endloop
  endfacet
  facet normal -0.778025 0.257944 0.572837
    outer loop
      vertex 6.39812 5.05915 2
      vertex 5.3668 5.07973 0.589999
      vertex 6.39689 5.05544 2
    endloop
  endfacet
  facet normal 0.692415 0.438491 0.572963
    outer loop
      vertex -5.56131 3.28876 2
      vertex -4.88905 4.06961 0.589999
      vertex -5.73479 3.5627 2
    endloop
  endfacet
  facet normal -0.764664 0.294962 0.572963
    outer loop
      vertex 5.26611 4.8187 0.589999
      vertex 6.29518 4.74755 2
      vertex 5.3668 5.07973 0.589999
    endloop
  endfacet
  facet normal -0.764557 0.29535 0.572905
    outer loop
      vertex 6.29518 4.74755 2
      vertex 5.26611 4.8187 0.589999
      vertex 6.29377 4.7439 2
    endloop
  endfacet
  facet normal 0.819333 0.0201252 0.572964
    outer loop
      vertex -6.67806 6.67585 2
      vertex -5.69313 6.72031 0.589999
      vertex -5.7 7 0.589999
    endloop
  endfacet
  facet normal 0.819309 0.0209007 0.572972
    outer loop
      vertex -5.69313 6.72031 0.589999
      vertex -6.67806 6.67585 2
      vertex -6.67796 6.67193 2
    endloop
  endfacet
  facet normal -0.140278 -0.807505 0.572938
    outer loop
      vertex 1.11201 12.5905 0.589999
      vertex 1.30438 13.5575 2
      vertex 0.984896 13.613 2
    endloop
  endfacet
  facet normal -0.0604075 -0.817334 0.572989
    outer loop
      vertex 0.651441 13.6541 2
      vertex 0.328066 13.678 2
      vertex 0.279685 12.6931 0.589999
    endloop
  endfacet
  facet normal 0.403968 0.713111 0.57296
    outer loop
      vertex -2.93039 2.11095 0.589999
      vertex -3.43389 1.26329 2
      vertex -2.68696 1.97305 0.589999
    endloop
  endfacet
  facet normal 0.402116 0.714175 0.572938
    outer loop
      vertex -3.43389 1.26329 2
      vertex -2.93039 2.11095 0.589999
      vertex -3.4373 1.26521 2
    endloop
  endfacet
  facet normal -0.593587 0.565126 0.572963
    outer loop
      vertex 4.72773 2.27227 2
      vertex 4.95131 2.50711 2
      vertex 4.03051 2.96949 0.589999
    endloop
  endfacet
  facet normal 0.565155 -0.593565 0.572958
    outer loop
      vertex -4.03051 11.0305 0.589999
      vertex -4.49289 11.9513 2
      vertex -4.72773 11.7277 2
    endloop
  endfacet
  facet normal 0.732523 -0.367311 0.573142
    outer loop
      vertex -6.04408 9.85864 2
      vertex -5.02695 9.68696 0.589999
      vertex -6.04233 9.86213 2
    endloop
  endfacet
  facet normal 0.732071 -0.368496 0.57296
    outer loop
      vertex -5.02695 9.68696 0.589999
      vertex -6.04408 9.85864 2
      vertex -5.15274 9.43706 0.589999
    endloop
  endfacet
  facet normal 0.293451 -0.765068 0.573199
    outer loop
      vertex -2.1813 12.2661 0.589999
      vertex -2.25245 13.2952 2
      vertex -2.2561 13.2938 2
    endloop
  endfacet
  facet normal 0.294986 -0.764649 0.57297
    outer loop
      vertex -2.25245 13.2952 2
      vertex -2.1813 12.2661 0.589999
      vertex -1.92027 12.3668 0.589999
    endloop
  endfacet
  facet normal -0.813413 0.10037 0.572962
    outer loop
      vertex 5.67255 6.4413 0.589999
      vertex 6.65334 6.34077 2
      vertex 6.65382 6.34466 2
    endloop
  endfacet
  facet normal -0.81342 0.100308 0.572963
    outer loop
      vertex 6.65334 6.34077 2
      vertex 5.67255 6.4413 0.589999
      vertex 5.63831 6.16364 0.589999
    endloop
  endfacet
  facet normal -0.646088 -0.504257 0.572971
    outer loop
      vertex 5.37026 10.9829 2
      vertex 5.17077 11.2385 2
      vertex 4.57828 10.3955 0.589999
    endloop
  endfacet
  facet normal -0.732523 -0.367311 0.573142
    outer loop
      vertex 5.02695 9.68696 0.589999
      vertex 6.04408 9.85864 2
      vertex 6.04233 9.86213 2
    endloop
  endfacet
  facet normal -0.732071 -0.368496 0.57296
    outer loop
      vertex 6.04408 9.85864 2
      vertex 5.02695 9.68696 0.589999
      vertex 5.15274 9.43706 0.589999
    endloop
  endfacet
  facet normal -0.807516 0.14013 0.572959
    outer loop
      vertex 6.55754 5.69562 2
      vertex 6.61298 6.0151 2
      vertex 5.59048 5.88799 0.589999
    endloop
  endfacet
  facet normal -0.590348 -0.569264 0.572213
    outer loop
      vertex 4.03051 11.0305 0.589999
      vertex 4.95401 11.4901 2
      vertex 4.95131 11.4929 2
    endloop
  endfacet
  facet normal -0.593548 -0.56516 0.572971
    outer loop
      vertex 4.95401 11.4901 2
      vertex 4.03051 11.0305 0.589999
      vertex 4.22342 10.8279 0.589999
    endloop
  endfacet
  facet normal 0.438491 0.692415 0.572963
    outer loop
      vertex -3.4373 1.26521 2
      vertex -2.93039 2.11095 0.589999
      vertex -3.71124 1.43869 2
    endloop
  endfacet
  facet normal -0.799568 -0.180007 0.572965
    outer loop
      vertex 5.52918 8.38499 0.589999
      vertex 6.4865 8.62075 2
      vertex 6.48564 8.62457 2
    endloop
  endfacet
  facet normal -0.799669 -0.179572 0.57296
    outer loop
      vertex 6.4865 8.62075 2
      vertex 5.52918 8.38499 0.589999
      vertex 5.59048 8.11201 0.589999
    endloop
  endfacet
  facet normal 0.0602932 0.817361 0.572963
    outer loop
      vertex -0.328066 0.32204 2
      vertex -0.279685 1.30687 0.589999
      vertex -0.651441 0.345894 2
    endloop
  endfacet
  facet normal -0.565155 -0.593565 0.572958
    outer loop
      vertex 4.72773 11.7277 2
      vertex 4.49289 11.9513 2
      vertex 4.03051 11.0305 0.589999
    endloop
  endfacet
  facet normal -0.670074 0.471928 0.572961
    outer loop
      vertex 4.57828 3.60451 0.589999
      vertex 5.55922 3.28545 2
      vertex 4.73938 3.83325 0.589999
    endloop
  endfacet
  facet normal -0.669545 0.472866 0.572806
    outer loop
      vertex 5.55922 3.28545 2
      vertex 4.57828 3.60451 0.589999
      vertex 5.55696 3.28225 2
    endloop
  endfacet
  facet normal 0.778214 0.25709 0.572963
    outer loop
      vertex -6.39812 5.05915 2
      vertex -5.3668 5.07973 0.589999
      vertex -5.45456 5.34538 0.589999
    endloop
  endfacet
  facet normal 0.778025 0.257944 0.572837
    outer loop
      vertex -5.3668 5.07973 0.589999
      vertex -6.39812 5.05915 2
      vertex -6.39689 5.05544 2
    endloop
  endfacet
  facet normal -0.799672 0.179564 0.572959
    outer loop
      vertex 6.4865 5.37925 2
      vertex 6.55754 5.69562 2
      vertex 5.59048 5.88799 0.589999
    endloop
  endfacet
  facet normal -0.807516 0.140118 0.572961
    outer loop
      vertex 5.59048 5.88799 0.589999
      vertex 6.61365 6.01896 2
      vertex 5.63831 6.16364 0.589999
    endloop
  endfacet
  facet normal -0.807513 0.140164 0.572954
    outer loop
      vertex 6.61365 6.01896 2
      vertex 5.59048 5.88799 0.589999
      vertex 6.61298 6.0151 2
    endloop
  endfacet
  facet normal 0.819337 0.0200948 0.57296
    outer loop
      vertex -6.67806 6.67585 2
      vertex -5.7 7 0.589999
      vertex -6.68601 7 2
    endloop
  endfacet
  facet normal -0.670083 0.471915 0.572962
    outer loop
      vertex 5.37026 3.01715 2
      vertex 5.55696 3.28225 2
      vertex 4.57828 3.60451 0.589999
    endloop
  endfacet
  facet normal -0.646122 0.504224 0.572962
    outer loop
      vertex 5.17077 2.76152 2
      vertex 5.37026 3.01715 2
      vertex 4.57828 3.60451 0.589999
    endloop
  endfacet
  facet normal 0.81342 -0.100322 0.572961
    outer loop
      vertex -5.63831 7.83636 0.589999
      vertex -6.61365 7.98104 2
      vertex -6.65334 7.65923 2
    endloop
  endfacet
  facet normal -0.778218 0.257081 0.572963
    outer loop
      vertex 6.29518 4.74755 2
      vertex 6.39689 5.05544 2
      vertex 5.3668 5.07973 0.589999
    endloop
  endfacet
  facet normal 0.692387 -0.438537 0.572963
    outer loop
      vertex -4.88905 9.93039 0.589999
      vertex -5.56131 10.7112 2
      vertex -5.73479 10.4373 2
    endloop
  endfacet
  facet normal -0.764663 0.294966 0.572962
    outer loop
      vertex 6.17707 4.44137 2
      vertex 6.29377 4.7439 2
      vertex 5.26611 4.8187 0.589999
    endloop
  endfacet
  facet normal -0.438491 0.692415 0.572963
    outer loop
      vertex 3.4373 1.26521 2
      vertex 3.71124 1.43869 2
      vertex 2.93039 2.11095 0.589999
    endloop
  endfacet
  facet normal 0.593587 0.565126 0.572963
    outer loop
      vertex -4.72773 2.27227 2
      vertex -4.03051 2.96949 0.589999
      vertex -4.95131 2.50711 2
    endloop
  endfacet
  facet normal -0.257085 0.778217 0.572962
    outer loop
      vertex 1.94456 0.603111 2
      vertex 2.25245 0.704823 2
      vertex 1.92027 1.6332 0.589999
    endloop
  endfacet
  facet normal 0.817361 0.0602841 0.572963
    outer loop
      vertex -6.65411 6.34856 2
      vertex -5.69313 6.72031 0.589999
      vertex -6.67796 6.67193 2
    endloop
  endfacet
  facet normal -0.749027 -0.332668 0.572967
    outer loop
      vertex 5.15274 9.43706 0.589999
      vertex 6.04567 9.85506 2
      vertex 6.04408 9.85864 2
    endloop
  endfacet
  facet normal -0.749271 -0.332127 0.572961
    outer loop
      vertex 6.04567 9.85506 2
      vertex 5.15274 9.43706 0.589999
      vertex 5.26611 9.1813 0.589999
    endloop
  endfacet
  facet normal 0.819309 -0.0209007 0.572972
    outer loop
      vertex -6.67806 7.32415 2
      vertex -5.69313 7.27969 0.589999
      vertex -6.67796 7.32807 2
    endloop
  endfacet
  facet normal 0.819333 -0.0201252 0.572964
    outer loop
      vertex -5.69313 7.27969 0.589999
      vertex -6.67806 7.32415 2
      vertex -5.7 7 0.589999
    endloop
  endfacet
  facet normal -0.257056 -0.77822 0.57297
    outer loop
      vertex 2.25245 13.2952 2
      vertex 1.94456 13.3969 2
      vertex 1.92027 12.3668 0.589999
    endloop
  endfacet
  facet normal -0.789897 0.218586 0.57296
    outer loop
      vertex 6.39916 5.06292 2
      vertex 6.48564 5.37543 2
      vertex 5.52918 5.61501 0.589999
    endloop
  endfacet
  facet normal -0.778218 -0.257081 0.572963
    outer loop
      vertex 6.39689 8.94456 2
      vertex 6.29518 9.25245 2
      vertex 5.3668 8.92027 0.589999
    endloop
  endfacet
  facet normal 0.749027 -0.332668 0.572967
    outer loop
      vertex -6.04567 9.85506 2
      vertex -5.15274 9.43706 0.589999
      vertex -6.04408 9.85864 2
    endloop
  endfacet
  facet normal 0.749271 -0.332127 0.572961
    outer loop
      vertex -5.15274 9.43706 0.589999
      vertex -6.04567 9.85506 2
      vertex -5.26611 9.1813 0.589999
    endloop
  endfacet
  facet normal 0.368488 0.732073 0.572962
    outer loop
      vertex -2.86213 0.957675 2
      vertex -2.68696 1.97305 0.589999
      vertex -3.15176 1.10346 2
    endloop
  endfacet
  facet normal -0.789891 0.218602 0.572962
    outer loop
      vertex 5.45456 5.34538 0.589999
      vertex 6.39916 5.06292 2
      vertex 5.52918 5.61501 0.589999
    endloop
  endfacet
  facet normal -0.790075 0.217952 0.572955
    outer loop
      vertex 6.39916 5.06292 2
      vertex 5.45456 5.34538 0.589999
      vertex 6.39812 5.05915 2
    endloop
  endfacet
  facet normal 0.4638 -0.674618 0.574264
    outer loop
      vertex -3.39549 11.5783 0.589999
      vertex -3.71455 12.5592 2
      vertex -3.71775 12.557 2
    endloop
  endfacet
  facet normal 0.471934 -0.670081 0.572948
    outer loop
      vertex -3.71455 12.5592 2
      vertex -3.39549 11.5783 0.589999
      vertex -3.16675 11.7394 0.589999
    endloop
  endfacet
  facet normal -0.819333 0.0201252 0.572964
    outer loop
      vertex 5.69313 6.72031 0.589999
      vertex 6.67806 6.67585 2
      vertex 5.7 7 0.589999
    endloop
  endfacet
  facet normal -0.819309 0.0209007 0.572972
    outer loop
      vertex 6.67806 6.67585 2
      vertex 5.69313 6.72031 0.589999
      vertex 6.67796 6.67193 2
    endloop
  endfacet
  facet normal -0.819337 0.0200948 0.57296
    outer loop
      vertex 6.67806 6.67585 2
      vertex 6.68601 7 2
      vertex 5.7 7 0.589999
    endloop
  endfacet
  facet normal 0.749271 0.332127 0.572961
    outer loop
      vertex -6.04567 4.14494 2
      vertex -5.15274 4.56294 0.589999
      vertex -5.26611 4.8187 0.589999
    endloop
  endfacet
  facet normal 0.749027 0.332668 0.572967
    outer loop
      vertex -5.15274 4.56294 0.589999
      vertex -6.04567 4.14494 2
      vertex -6.04408 4.14136 2
    endloop
  endfacet
  facet normal 0.565126 0.593587 0.572963
    outer loop
      vertex -4.49289 2.04869 2
      vertex -4.03051 2.96949 0.589999
      vertex -4.72773 2.27227 2
    endloop
  endfacet
  facet normal 0.100482 -0.813424 0.572926
    outer loop
      vertex -0.558697 12.6726 0.589999
      vertex -0.659227 13.6533 2
      vertex -0.836363 12.6383 0.589999
    endloop
  endfacet
  facet normal 0.104678 -0.812928 0.57288
    outer loop
      vertex -0.659227 13.6533 2
      vertex -0.558697 12.6726 0.589999
      vertex -0.655344 13.6538 2
    endloop
  endfacet
  facet normal 0.0209483 -0.819288 0.573
    outer loop
      vertex -0.279685 12.6931 0.589999
      vertex -0.324155 13.6781 2
      vertex -0.328066 13.678 2
    endloop
  endfacet
  facet normal 0.0202129 -0.819311 0.572993
    outer loop
      vertex -0.324155 13.6781 2
      vertex -0.279685 12.6931 0.589999
      vertex 0 12.7 0.589999
    endloop
  endfacet
  facet normal 0.334401 -0.748223 0.573008
    outer loop
      vertex -2.43706 12.1527 0.589999
      vertex -2.85506 13.0457 2
      vertex -2.85864 13.0441 2
    endloop
  endfacet
  facet normal 0.332193 -0.749222 0.572987
    outer loop
      vertex -2.85506 13.0457 2
      vertex -2.43706 12.1527 0.589999
      vertex -2.1813 12.2661 0.589999
    endloop
  endfacet
  facet normal -0.368895 0.731917 0.5729
    outer loop
      vertex 2.68696 1.97305 0.589999
      vertex 2.85864 0.955916 2
      vertex 2.86213 0.957675 2
    endloop
  endfacet
  facet normal -0.368496 0.73207 0.572962
    outer loop
      vertex 2.85864 0.955916 2
      vertex 2.68696 1.97305 0.589999
      vertex 2.43706 1.84726 0.589999
    endloop
  endfacet
  facet normal -0.140118 0.807517 0.57296
    outer loop
      vertex 1.30438 0.442457 2
      vertex 1.11201 1.40952 0.589999
      vertex 0.984896 0.387021 2
    endloop
  endfacet
  facet normal 0.670074 0.471928 0.572961
    outer loop
      vertex -5.55922 3.28545 2
      vertex -4.57828 3.60451 0.589999
      vertex -4.73938 3.83325 0.589999
    endloop
  endfacet
  facet normal 0.669545 0.472866 0.572806
    outer loop
      vertex -4.57828 3.60451 0.589999
      vertex -5.55922 3.28545 2
      vertex -5.55696 3.28225 2
    endloop
  endfacet
  facet normal -0.620599 0.535324 0.572962
    outer loop
      vertex 4.22342 3.17211 0.589999
      vertex 5.16836 2.75844 2
      vertex 4.40616 3.38396 0.589999
    endloop
  endfacet
  facet normal -0.620772 0.535077 0.573005
    outer loop
      vertex 5.16836 2.75844 2
      vertex 4.22342 3.17211 0.589999
      vertex 5.1658 2.75547 2
    endloop
  endfacet
  facet normal 0.140118 0.807517 0.57296
    outer loop
      vertex -0.984896 0.387021 2
      vertex -1.11201 1.40952 0.589999
      vertex -1.30438 0.442457 2
    endloop
  endfacet
  facet normal 0.646122 0.504224 0.572962
    outer loop
      vertex -5.17077 2.76152 2
      vertex -4.57828 3.60451 0.589999
      vertex -5.37026 3.01715 2
    endloop
  endfacet
  facet normal 0.252072 -0.779321 0.573689
    outer loop
      vertex -1.92027 12.3668 0.589999
      vertex -1.94085 13.3981 2
      vertex -1.94456 13.3969 2
    endloop
  endfacet
  facet normal 0.257201 -0.778195 0.57294
    outer loop
      vertex -1.94085 13.3981 2
      vertex -1.92027 12.3668 0.589999
      vertex -1.65462 12.4546 0.589999
    endloop
  endfacet
  facet normal -0.403934 -0.713153 0.572932
    outer loop
      vertex 3.43389 12.7367 2
      vertex 3.15176 12.8965 2
      vertex 2.68696 12.027 0.589999
    endloop
  endfacet
  facet normal -0.817361 0.0602841 0.572963
    outer loop
      vertex 6.65411 6.34856 2
      vertex 6.67796 6.67193 2
      vertex 5.69313 6.72031 0.589999
    endloop
  endfacet
  facet normal 0.100342 0.813416 0.572962
    outer loop
      vertex -0.558697 1.32745 0.589999
      vertex -0.659227 0.34666 2
      vertex -0.655344 0.346181 2
    endloop
  endfacet
  facet normal 0.100306 0.81342 0.572963
    outer loop
      vertex -0.659227 0.34666 2
      vertex -0.558697 1.32745 0.589999
      vertex -0.836363 1.36169 0.589999
    endloop
  endfacet
  facet normal -0.692415 0.438491 0.572963
    outer loop
      vertex 5.56131 3.28876 2
      vertex 5.73479 3.5627 2
      vertex 4.88905 4.06961 0.589999
    endloop
  endfacet
  facet normal 0.403934 -0.713153 0.572932
    outer loop
      vertex -2.68696 12.027 0.589999
      vertex -3.15176 12.8965 2
      vertex -3.43389 12.7367 2
    endloop
  endfacet
  facet normal -0.698299 -0.429248 0.572821
    outer loop
      vertex 4.73938 10.1667 0.589999
      vertex 5.56131 10.7112 2
      vertex 5.55922 10.7146 2
    endloop
  endfacet
  facet normal -0.692389 -0.438534 0.572962
    outer loop
      vertex 5.56131 10.7112 2
      vertex 4.73938 10.1667 0.589999
      vertex 4.88905 9.93039 0.589999
    endloop
  endfacet
  facet normal -0.0202129 -0.819311 0.572993
    outer loop
      vertex 0.279685 12.6931 0.589999
      vertex 0.324155 13.6781 2
      vertex 0 12.7 0.589999
    endloop
  endfacet
  facet normal -0.0209483 -0.819288 0.573
    outer loop
      vertex 0.324155 13.6781 2
      vertex 0.279685 12.6931 0.589999
      vertex 0.328066 13.678 2
    endloop
  endfacet
  facet normal -0.0602932 0.817361 0.572963
    outer loop
      vertex 0.328066 0.32204 2
      vertex 0.651441 0.345894 2
      vertex 0.279685 1.30687 0.589999
    endloop
  endfacet
  facet normal -0.472866 0.669545 0.572806
    outer loop
      vertex 3.39549 2.42172 0.589999
      vertex 3.71455 1.44078 2
      vertex 3.71775 1.44304 2
    endloop
  endfacet
  facet normal -0.471928 0.670074 0.572961
    outer loop
      vertex 3.71455 1.44078 2
      vertex 3.39549 2.42172 0.589999
      vertex 3.16675 2.26062 0.589999
    endloop
  endfacet
  facet normal -0.402116 0.714175 0.572938
    outer loop
      vertex 2.93039 2.11095 0.589999
      vertex 3.43389 1.26329 2
      vertex 3.4373 1.26521 2
    endloop
  endfacet
  facet normal -0.403968 0.713111 0.57296
    outer loop
      vertex 3.43389 1.26329 2
      vertex 2.93039 2.11095 0.589999
      vertex 2.68696 1.97305 0.589999
    endloop
  endfacet
  facet normal -0.100326 0.81342 0.57296
    outer loop
      vertex 0.981041 0.386352 2
      vertex 0.836363 1.36169 0.589999
      vertex 0.659227 0.34666 2
    endloop
  endfacet
  facet normal -0.535425 -0.620513 0.57296
    outer loop
      vertex 3.82789 11.2234 0.589999
      vertex 4.24156 12.1684 2
      vertex 3.61604 11.4062 0.589999
    endloop
  endfacet
  facet normal -0.541367 -0.616325 0.571896
    outer loop
      vertex 4.24156 12.1684 2
      vertex 3.82789 11.2234 0.589999
      vertex 4.24452 12.1658 2
    endloop
  endfacet
  facet normal 0.332127 0.749271 0.572961
    outer loop
      vertex -2.43706 1.84726 0.589999
      vertex -2.85506 0.95433 2
      vertex -2.1813 1.73389 0.589999
    endloop
  endfacet
  facet normal 0.331971 0.749342 0.572959
    outer loop
      vertex -2.85506 0.95433 2
      vertex -2.43706 1.84726 0.589999
      vertex -2.85864 0.955916 2
    endloop
  endfacet
  facet normal -0.471934 -0.670081 0.572948
    outer loop
      vertex 3.39549 11.5783 0.589999
      vertex 3.71455 12.5592 2
      vertex 3.16675 11.7394 0.589999
    endloop
  endfacet
  facet normal -0.4638 -0.674618 0.574264
    outer loop
      vertex 3.71455 12.5592 2
      vertex 3.39549 11.5783 0.589999
      vertex 3.71775 12.557 2
    endloop
  endfacet
  facet normal 0.100347 -0.813427 0.572945
    outer loop
      vertex -0.836363 12.6383 0.589999
      vertex -0.659227 13.6533 2
      vertex -0.981041 13.6136 2
    endloop
  endfacet
  facet normal -0.799669 0.179572 0.57296
    outer loop
      vertex 5.52918 5.61501 0.589999
      vertex 6.4865 5.37925 2
      vertex 5.59048 5.88799 0.589999
    endloop
  endfacet
  facet normal -0.799568 0.180007 0.572965
    outer loop
      vertex 6.4865 5.37925 2
      vertex 5.52918 5.61501 0.589999
      vertex 6.48564 5.37543 2
    endloop
  endfacet
  facet normal -0.0201115 0.819335 0.572963
    outer loop
      vertex 0.279685 1.30687 0.589999
      vertex 0.324155 0.321944 2
      vertex 0.328066 0.32204 2
    endloop
  endfacet
  facet normal -0.0201256 0.819334 0.572963
    outer loop
      vertex 0.324155 0.321944 2
      vertex 0.279685 1.30687 0.589999
      vertex 0 1.3 0.589999
    endloop
  endfacet
  facet normal -0.732071 0.368496 0.57296
    outer loop
      vertex 5.02695 4.31304 0.589999
      vertex 6.04408 4.14136 2
      vertex 5.15274 4.56294 0.589999
    endloop
  endfacet
  facet normal -0.732523 0.367311 0.573142
    outer loop
      vertex 6.04408 4.14136 2
      vertex 5.02695 4.31304 0.589999
      vertex 6.04233 4.13787 2
    endloop
  endfacet
  facet normal -0.81342 0.100322 0.572961
    outer loop
      vertex 6.61365 6.01896 2
      vertex 6.65334 6.34077 2
      vertex 5.63831 6.16364 0.589999
    endloop
  endfacet
  facet normal 0.187941 -0.797704 0.573015
    outer loop
      vertex -1.38499 12.5292 0.589999
      vertex -1.62075 13.4865 2
      vertex -1.62457 13.4856 2
    endloop
  endfacet
  facet normal 0.179574 -0.799674 0.572953
    outer loop
      vertex -1.62075 13.4865 2
      vertex -1.38499 12.5292 0.589999
      vertex -1.11201 12.5905 0.589999
    endloop
  endfacet
  facet normal 0.0201147 0.819335 0.572961
    outer loop
      vertex 0 0.313986 2
      vertex 0 1.3 0.589999
      vertex -0.324155 0.321944 2
    endloop
  endfacet
  facet normal 0.799568 -0.180007 0.572965
    outer loop
      vertex -6.4865 8.62075 2
      vertex -5.52918 8.38499 0.589999
      vertex -6.48564 8.62457 2
    endloop
  endfacet
  facet normal 0.799669 -0.179572 0.57296
    outer loop
      vertex -5.52918 8.38499 0.589999
      vertex -6.4865 8.62075 2
      vertex -5.59048 8.11201 0.589999
    endloop
  endfacet
  facet normal 0.799672 0.179564 0.572959
    outer loop
      vertex -6.4865 5.37925 2
      vertex -5.59048 5.88799 0.589999
      vertex -6.55754 5.69562 2
    endloop
  endfacet
  facet normal 0.647051 -0.50303 0.572963
    outer loop
      vertex -5.17077 11.2385 2
      vertex -4.40616 10.616 0.589999
      vertex -5.16836 11.2416 2
    endloop
  endfacet
  facet normal 0.646048 -0.504298 0.572979
    outer loop
      vertex -4.40616 10.616 0.589999
      vertex -5.17077 11.2385 2
      vertex -4.57828 10.3955 0.589999
    endloop
  endfacet
  facet normal -0.749268 0.332132 0.572962
    outer loop
      vertex 6.04567 4.14494 2
      vertex 6.17707 4.44137 2
      vertex 5.26611 4.8187 0.589999
    endloop
  endfacet
  facet normal -0.179573 0.799669 0.57296
    outer loop
      vertex 1.30438 0.442457 2
      vertex 1.62075 0.513501 2
      vertex 1.11201 1.40952 0.589999
    endloop
  endfacet
  facet normal 0.807516 -0.14013 0.572959
    outer loop
      vertex -5.59048 8.11201 0.589999
      vertex -6.55754 8.30438 2
      vertex -6.61298 7.9849 2
    endloop
  endfacet
  facet normal -0.0201147 0.819335 0.572961
    outer loop
      vertex 0.324155 0.321944 2
      vertex 0 1.3 0.589999
      vertex 0 0.313986 2
    endloop
  endfacet
  facet normal 0.564666 -0.593945 0.573046
    outer loop
      vertex -4.03051 11.0305 0.589999
      vertex -4.49005 11.954 2
      vertex -4.49289 11.9513 2
    endloop
  endfacet
  facet normal 0.565119 -0.593594 0.572963
    outer loop
      vertex -4.49005 11.954 2
      vertex -4.03051 11.0305 0.589999
      vertex -3.82789 11.2234 0.589999
    endloop
  endfacet
  facet normal 0.749268 -0.332132 0.572962
    outer loop
      vertex -5.26611 9.1813 0.589999
      vertex -6.04567 9.85506 2
      vertex -6.17707 9.55863 2
    endloop
  endfacet
  facet normal 0.813413 -0.10037 0.572962
    outer loop
      vertex -5.67255 7.5587 0.589999
      vertex -6.65334 7.65923 2
      vertex -6.65382 7.65534 2
    endloop
  endfacet
  facet normal 0.81342 -0.100308 0.572963
    outer loop
      vertex -6.65334 7.65923 2
      vertex -5.67255 7.5587 0.589999
      vertex -5.63831 7.83636 0.589999
    endloop
  endfacet
  facet normal -0.0600569 -0.817395 0.572938
    outer loop
      vertex 0.558697 12.6726 0.589999
      vertex 0.651441 13.6541 2
      vertex 0.279685 12.6931 0.589999
    endloop
  endfacet
  facet normal -0.062811 -0.817171 0.572963
    outer loop
      vertex 0.651441 13.6541 2
      vertex 0.558697 12.6726 0.589999
      vertex 0.655344 13.6538 2
    endloop
  endfacet
  facet normal 0.713102 0.403981 0.572962
    outer loop
      vertex -5.73671 3.56611 2
      vertex -5.02695 4.31304 0.589999
      vertex -5.89654 3.84824 2
    endloop
  endfacet
  facet normal 0.257091 0.778215 0.572962
    outer loop
      vertex -1.92027 1.6332 0.589999
      vertex -1.94085 0.601884 2
      vertex -1.65462 1.54544 0.589999
    endloop
  endfacet
  facet normal 0.257358 0.778156 0.572922
    outer loop
      vertex -1.94085 0.601884 2
      vertex -1.92027 1.6332 0.589999
      vertex -1.94456 0.603111 2
    endloop
  endfacet
  facet normal -0.100347 -0.813427 0.572945
    outer loop
      vertex 0.836363 12.6383 0.589999
      vertex 0.981041 13.6136 2
      vertex 0.659227 13.6533 2
    endloop
  endfacet
  facet normal 0.368528 -0.732077 0.572931
    outer loop
      vertex -2.68696 12.027 0.589999
      vertex -2.86213 13.0423 2
      vertex -3.15176 12.8965 2
    endloop
  endfacet
  facet normal -0.179574 -0.799674 0.572953
    outer loop
      vertex 1.38499 12.5292 0.589999
      vertex 1.62075 13.4865 2
      vertex 1.11201 12.5905 0.589999
    endloop
  endfacet
  facet normal -0.187941 -0.797704 0.573015
    outer loop
      vertex 1.62075 13.4865 2
      vertex 1.38499 12.5292 0.589999
      vertex 1.62457 13.4856 2
    endloop
  endfacet
  facet normal 0.218591 0.789895 0.57296
    outer loop
      vertex -1.62457 0.514358 2
      vertex -1.38499 1.47082 0.589999
      vertex -1.93708 0.60084 2
    endloop
  endfacet
  facet normal 0.179573 0.799669 0.57296
    outer loop
      vertex -1.38499 1.47082 0.589999
      vertex -1.62075 0.513501 2
      vertex -1.11201 1.40952 0.589999
    endloop
  endfacet
  facet normal 0.179411 0.799706 0.572958
    outer loop
      vertex -1.62075 0.513501 2
      vertex -1.38499 1.47082 0.589999
      vertex -1.62457 0.514358 2
    endloop
  endfacet
  facet normal 0.100326 0.81342 0.57296
    outer loop
      vertex -0.659227 0.34666 2
      vertex -0.836363 1.36169 0.589999
      vertex -0.981041 0.386352 2
    endloop
  endfacet
  facet normal -0.713111 0.403968 0.57296
    outer loop
      vertex 4.88905 4.06961 0.589999
      vertex 5.73671 3.56611 2
      vertex 5.02695 4.31304 0.589999
    endloop
  endfacet
  facet normal -0.714175 0.402116 0.572938
    outer loop
      vertex 5.73671 3.56611 2
      vertex 4.88905 4.06961 0.589999
      vertex 5.73479 3.5627 2
    endloop
  endfacet
  facet normal 0.817361 -0.0602841 0.572963
    outer loop
      vertex -5.69313 7.27969 0.589999
      vertex -6.65411 7.65144 2
      vertex -6.67796 7.32807 2
    endloop
  endfacet
  facet normal -0.646112 0.504234 0.572964
    outer loop
      vertex 4.40616 3.38396 0.589999
      vertex 5.17077 2.76152 2
      vertex 4.57828 3.60451 0.589999
    endloop
  endfacet
  facet normal -0.645463 0.505054 0.572973
    outer loop
      vertex 5.17077 2.76152 2
      vertex 4.40616 3.38396 0.589999
      vertex 5.16836 2.75844 2
    endloop
  endfacet
  facet normal 0.403981 0.713102 0.572962
    outer loop
      vertex -3.15176 1.10346 2
      vertex -2.68696 1.97305 0.589999
      vertex -3.43389 1.26329 2
    endloop
  endfacet
  facet normal 0.778025 -0.257944 0.572837
    outer loop
      vertex -6.39812 8.94085 2
      vertex -5.3668 8.92027 0.589999
      vertex -6.39689 8.94456 2
    endloop
  endfacet
  facet normal 0.778214 -0.25709 0.572963
    outer loop
      vertex -5.3668 8.92027 0.589999
      vertex -6.39812 8.94085 2
      vertex -5.45456 8.65462 0.589999
    endloop
  endfacet
  facet normal 0.692433 0.438469 0.572959
    outer loop
      vertex -5.56131 3.28876 2
      vertex -4.73938 3.83325 0.589999
      vertex -4.88905 4.06961 0.589999
    endloop
  endfacet
  facet normal 0.693005 0.437577 0.572949
    outer loop
      vertex -4.73938 3.83325 0.589999
      vertex -5.56131 3.28876 2
      vertex -5.55922 3.28545 2
    endloop
  endfacet
  facet normal 0.294962 0.764664 0.572962
    outer loop
      vertex -2.1813 1.73389 0.589999
      vertex -2.25245 0.704823 2
      vertex -1.92027 1.6332 0.589999
    endloop
  endfacet
  facet normal 0.29516 0.76461 0.572933
    outer loop
      vertex -2.25245 0.704823 2
      vertex -2.1813 1.73389 0.589999
      vertex -2.2561 0.706232 2
    endloop
  endfacet
  facet normal -0.713102 0.403981 0.572962
    outer loop
      vertex 5.73671 3.56611 2
      vertex 5.89654 3.84824 2
      vertex 5.02695 4.31304 0.589999
    endloop
  endfacet
  facet normal -0.218729 0.789855 0.572963
    outer loop
      vertex 1.65462 1.54544 0.589999
      vertex 1.93708 0.60084 2
      vertex 1.94085 0.601884 2
    endloop
  endfacet
  facet normal -0.218602 0.789891 0.572962
    outer loop
      vertex 1.93708 0.60084 2
      vertex 1.65462 1.54544 0.589999
      vertex 1.38499 1.47082 0.589999
    endloop
  endfacet
  facet normal 0.778218 0.257081 0.572963
    outer loop
      vertex -6.29518 4.74755 2
      vertex -5.3668 5.07973 0.589999
      vertex -6.39689 5.05544 2
    endloop
  endfacet
  facet normal -0.179471 -0.799708 0.572937
    outer loop
      vertex 1.62075 13.4865 2
      vertex 1.30438 13.5575 2
      vertex 1.11201 12.5905 0.589999
    endloop
  endfacet
  facet normal -0.368488 0.732073 0.572962
    outer loop
      vertex 2.86213 0.957675 2
      vertex 3.15176 1.10346 2
      vertex 2.68696 1.97305 0.589999
    endloop
  endfacet
  facet normal 0.819337 -0.0200948 0.57296
    outer loop
      vertex -5.7 7 0.589999
      vertex -6.67806 7.32415 2
      vertex -6.68601 7 2
    endloop
  endfacet
  facet normal 0.439068 -0.692055 0.572956
    outer loop
      vertex -3.16675 11.7394 0.589999
      vertex -3.71124 12.5613 2
      vertex -3.71455 12.5592 2
    endloop
  endfacet
  facet normal 0.438535 -0.692398 0.57295
    outer loop
      vertex -3.71124 12.5613 2
      vertex -3.16675 11.7394 0.589999
      vertex -2.93039 11.8891 0.589999
    endloop
  endfacet
  facet normal -0.535334 -0.620588 0.572963
    outer loop
      vertex 4.49005 11.954 2
      vertex 4.24452 12.1658 2
      vertex 3.82789 11.2234 0.589999
    endloop
  endfacet
  facet normal 0.807516 0.14013 0.572959
    outer loop
      vertex -6.55754 5.69562 2
      vertex -5.59048 5.88799 0.589999
      vertex -6.61298 6.0151 2
    endloop
  endfacet
  facet normal 0.294963 -0.764653 0.572977
    outer loop
      vertex -2.1813 12.2661 0.589999
      vertex -2.2561 13.2938 2
      vertex -2.55863 13.1771 2
    endloop
  endfacet
  facet normal 0.807513 0.140164 0.572954
    outer loop
      vertex -5.59048 5.88799 0.589999
      vertex -6.61365 6.01896 2
      vertex -6.61298 6.0151 2
    endloop
  endfacet
  facet normal 0.807516 0.140118 0.572961
    outer loop
      vertex -6.61365 6.01896 2
      vertex -5.59048 5.88799 0.589999
      vertex -5.63831 6.16364 0.589999
    endloop
  endfacet
  facet normal -0.0199682 -0.819342 0.572958
    outer loop
      vertex 0.324155 13.6781 2
      vertex 0 13.686 2
      vertex 0 12.7 0.589999
    endloop
  endfacet
  facet normal -0.331971 0.749342 0.572959
    outer loop
      vertex 2.43706 1.84726 0.589999
      vertex 2.85506 0.95433 2
      vertex 2.85864 0.955916 2
    endloop
  endfacet
  facet normal -0.332127 0.749271 0.572961
    outer loop
      vertex 2.85506 0.95433 2
      vertex 2.43706 1.84726 0.589999
      vertex 2.1813 1.73389 0.589999
    endloop
  endfacet
  facet normal 0.732068 0.368498 0.572962
    outer loop
      vertex -5.89654 3.84824 2
      vertex -5.02695 4.31304 0.589999
      vertex -6.04233 4.13787 2
    endloop
  endfacet
  facet normal -0.670163 -0.471793 0.572969
    outer loop
      vertex 5.55696 10.7177 2
      vertex 5.37026 10.9829 2
      vertex 4.57828 10.3955 0.589999
    endloop
  endfacet
  facet normal 0.218602 0.789891 0.572962
    outer loop
      vertex -1.65462 1.54544 0.589999
      vertex -1.93708 0.60084 2
      vertex -1.38499 1.47082 0.589999
    endloop
  endfacet
  facet normal 0.218729 0.789855 0.572963
    outer loop
      vertex -1.93708 0.60084 2
      vertex -1.65462 1.54544 0.589999
      vertex -1.94085 0.601884 2
    endloop
  endfacet
  facet normal -0.140137 0.807516 0.572957
    outer loop
      vertex 1.11201 1.40952 0.589999
      vertex 0.981041 0.386352 2
      vertex 0.984896 0.387021 2
    endloop
  endfacet
  facet normal -0.14012 0.807517 0.57296
    outer loop
      vertex 0.981041 0.386352 2
      vertex 1.11201 1.40952 0.589999
      vertex 0.836363 1.36169 0.589999
    endloop
  endfacet
  facet normal -0.593581 0.565135 0.57296
    outer loop
      vertex 4.03051 2.96949 0.589999
      vertex 4.95401 2.50995 2
      vertex 4.22342 3.17211 0.589999
    endloop
  endfacet
  facet normal -0.593945 0.564666 0.573046
    outer loop
      vertex 4.95401 2.50995 2
      vertex 4.03051 2.96949 0.589999
      vertex 4.95131 2.50711 2
    endloop
  endfacet
  facet normal 0.257085 0.778217 0.572962
    outer loop
      vertex -1.94456 0.603111 2
      vertex -1.92027 1.6332 0.589999
      vertex -2.25245 0.704823 2
    endloop
  endfacet
  facet normal -0.749271 0.332127 0.572961
    outer loop
      vertex 5.15274 4.56294 0.589999
      vertex 6.04567 4.14494 2
      vertex 5.26611 4.8187 0.589999
    endloop
  endfacet
  facet normal -0.749027 0.332668 0.572967
    outer loop
      vertex 6.04567 4.14494 2
      vertex 5.15274 4.56294 0.589999
      vertex 6.04408 4.14136 2
    endloop
  endfacet
  facet normal -0.332134 0.749267 0.572962
    outer loop
      vertex 2.55863 0.822929 2
      vertex 2.85506 0.95433 2
      vertex 2.1813 1.73389 0.589999
    endloop
  endfacet
  facet normal -0.564666 0.593945 0.573046
    outer loop
      vertex 4.03051 2.96949 0.589999
      vertex 4.49005 2.04599 2
      vertex 4.49289 2.04869 2
    endloop
  endfacet
  facet normal -0.565135 0.593581 0.57296
    outer loop
      vertex 4.49005 2.04599 2
      vertex 4.03051 2.96949 0.589999
      vertex 3.82789 2.77658 0.589999
    endloop
  endfacet
  facet normal -0.620592 0.535334 0.57296
    outer loop
      vertex 4.95401 2.50995 2
      vertex 5.1658 2.75547 2
      vertex 4.22342 3.17211 0.589999
    endloop
  endfacet
  facet normal 0.749268 0.332132 0.572962
    outer loop
      vertex -6.04567 4.14494 2
      vertex -5.26611 4.8187 0.589999
      vertex -6.17707 4.44137 2
    endloop
  endfacet
  facet normal 0.670083 0.471915 0.572962
    outer loop
      vertex -5.37026 3.01715 2
      vertex -4.57828 3.60451 0.589999
      vertex -5.55696 3.28225 2
    endloop
  endfacet
  facet normal 0.593542 -0.565179 0.572958
    outer loop
      vertex -4.03051 11.0305 0.589999
      vertex -4.72773 11.7277 2
      vertex -4.95131 11.4929 2
    endloop
  endfacet
  facet normal 0.789897 -0.218586 0.57296
    outer loop
      vertex -5.52918 8.38499 0.589999
      vertex -6.39916 8.93708 2
      vertex -6.48564 8.62457 2
    endloop
  endfacet
  facet normal 0.593581 0.565135 0.57296
    outer loop
      vertex -4.95401 2.50995 2
      vertex -4.03051 2.96949 0.589999
      vertex -4.22342 3.17211 0.589999
    endloop
  endfacet
  facet normal 0.593945 0.564666 0.573046
    outer loop
      vertex -4.03051 2.96949 0.589999
      vertex -4.95401 2.50995 2
      vertex -4.95131 2.50711 2
    endloop
  endfacet
  facet normal 0.229549 -0.786726 0.573035
    outer loop
      vertex -1.65462 12.4546 0.589999
      vertex -1.93708 13.3992 2
      vertex -1.94085 13.3981 2
    endloop
  endfacet
  facet normal 0.218548 -0.789906 0.572962
    outer loop
      vertex -1.93708 13.3992 2
      vertex -1.65462 12.4546 0.589999
      vertex -1.38499 12.5292 0.589999
    endloop
  endfacet
  facet normal -0.29516 0.76461 0.572933
    outer loop
      vertex 2.1813 1.73389 0.589999
      vertex 2.25245 0.704823 2
      vertex 2.2561 0.706232 2
    endloop
  endfacet
  facet normal -0.294962 0.764664 0.572962
    outer loop
      vertex 2.25245 0.704823 2
      vertex 2.1813 1.73389 0.589999
      vertex 1.92027 1.6332 0.589999
    endloop
  endfacet
  facet normal 0.646112 0.504234 0.572964
    outer loop
      vertex -5.17077 2.76152 2
      vertex -4.40616 3.38396 0.589999
      vertex -4.57828 3.60451 0.589999
    endloop
  endfacet
  facet normal 0.645463 0.505054 0.572973
    outer loop
      vertex -4.40616 3.38396 0.589999
      vertex -5.17077 2.76152 2
      vertex -5.16836 2.75844 2
    endloop
  endfacet
  facet normal -0.535321 0.620603 0.57296
    outer loop
      vertex 4.24452 1.8342 2
      vertex 4.49005 2.04599 2
      vertex 3.82789 2.77658 0.589999
    endloop
  endfacet
  facet normal 0.789891 0.218602 0.572962
    outer loop
      vertex -6.39916 5.06292 2
      vertex -5.45456 5.34538 0.589999
      vertex -5.52918 5.61501 0.589999
    endloop
  endfacet
  facet normal 0.790075 0.217952 0.572955
    outer loop
      vertex -5.45456 5.34538 0.589999
      vertex -6.39916 5.06292 2
      vertex -6.39812 5.05915 2
    endloop
  endfacet
  facet normal 0.125831 -0.808465 0.574936
    outer loop
      vertex -1.11201 12.5905 0.589999
      vertex -0.981041 13.6136 2
      vertex -0.984896 13.613 2
    endloop
  endfacet
  facet normal 0.140036 -0.807541 0.572946
    outer loop
      vertex -0.981041 13.6136 2
      vertex -1.11201 12.5905 0.589999
      vertex -0.836363 12.6383 0.589999
    endloop
  endfacet
  facet normal -0.593542 -0.565179 0.572958
    outer loop
      vertex 4.95131 11.4929 2
      vertex 4.72773 11.7277 2
      vertex 4.03051 11.0305 0.589999
    endloop
  endfacet
  facet normal 0.81342 0.100322 0.572961
    outer loop
      vertex -6.61365 6.01896 2
      vertex -5.63831 6.16364 0.589999
      vertex -6.65334 6.34077 2
    endloop
  endfacet
  facet normal 0.813413 0.10037 0.572962
    outer loop
      vertex -6.65334 6.34077 2
      vertex -5.67255 6.4413 0.589999
      vertex -6.65382 6.34466 2
    endloop
  endfacet
  facet normal 0.81342 0.100308 0.572963
    outer loop
      vertex -5.67255 6.4413 0.589999
      vertex -6.65334 6.34077 2
      vertex -5.63831 6.16364 0.589999
    endloop
  endfacet
  facet normal 0.0604075 -0.817334 0.572989
    outer loop
      vertex -0.279685 12.6931 0.589999
      vertex -0.328066 13.678 2
      vertex -0.651441 13.6541 2
    endloop
  endfacet
  facet normal 0.504234 0.646112 0.572964
    outer loop
      vertex -3.61604 2.59384 0.589999
      vertex -4.23848 1.82923 2
      vertex -3.39549 2.42172 0.589999
    endloop
  endfacet
  facet normal 0.505054 0.645463 0.572973
    outer loop
      vertex -4.23848 1.82923 2
      vertex -3.61604 2.59384 0.589999
      vertex -4.24156 1.83164 2
    endloop
  endfacet
  facet normal 0.14012 0.807517 0.57296
    outer loop
      vertex -1.11201 1.40952 0.589999
      vertex -0.981041 0.386352 2
      vertex -0.836363 1.36169 0.589999
    endloop
  endfacet
  facet normal 0.140137 0.807516 0.572957
    outer loop
      vertex -0.981041 0.386352 2
      vertex -1.11201 1.40952 0.589999
      vertex -0.984896 0.387021 2
    endloop
  endfacet
  facet normal -0.257358 0.778156 0.572922
    outer loop
      vertex 1.92027 1.6332 0.589999
      vertex 1.94085 0.601884 2
      vertex 1.94456 0.603111 2
    endloop
  endfacet
  facet normal -0.257091 0.778215 0.572962
    outer loop
      vertex 1.94085 0.601884 2
      vertex 1.92027 1.6332 0.589999
      vertex 1.65462 1.54544 0.589999
    endloop
  endfacet
  facet normal -0.620673 -0.53523 0.572969
    outer loop
      vertex 5.1658 11.2445 2
      vertex 4.95401 11.4901 2
      vertex 4.22342 10.8279 0.589999
    endloop
  endfacet
  facet normal 0.81736 0.0602891 0.572964
    outer loop
      vertex -6.65411 6.34856 2
      vertex -5.67255 6.4413 0.589999
      vertex -5.69313 6.72031 0.589999
    endloop
  endfacet
  facet normal 0.817321 0.0607752 0.572968
    outer loop
      vertex -5.67255 6.4413 0.589999
      vertex -6.65411 6.34856 2
      vertex -6.65382 6.34466 2
    endloop
  endfacet
  facet normal -0.790075 -0.217952 0.572955
    outer loop
      vertex 5.45456 8.65462 0.589999
      vertex 6.39916 8.93708 2
      vertex 6.39812 8.94085 2
    endloop
  endfacet
  facet normal -0.789891 -0.218602 0.572962
    outer loop
      vertex 6.39916 8.93708 2
      vertex 5.45456 8.65462 0.589999
      vertex 5.52918 8.38499 0.589999
    endloop
  endfacet
  facet normal 0.713661 -0.403009 0.57295
    outer loop
      vertex -5.73671 10.4339 2
      vertex -4.88905 9.93039 0.589999
      vertex -5.73479 10.4373 2
    endloop
  endfacet
  facet normal 0.71311 -0.403968 0.572961
    outer loop
      vertex -4.88905 9.93039 0.589999
      vertex -5.73671 10.4339 2
      vertex -5.02695 9.68696 0.589999
    endloop
  endfacet
  facet normal 0.646088 -0.504257 0.572971
    outer loop
      vertex -4.57828 10.3955 0.589999
      vertex -5.17077 11.2385 2
      vertex -5.37026 10.9829 2
    endloop
  endfacet
  facet normal 0.140278 -0.807505 0.572938
    outer loop
      vertex -1.11201 12.5905 0.589999
      vertex -0.984896 13.613 2
      vertex -1.30438 13.5575 2
    endloop
  endfacet
  facet normal 0.713079 -0.404011 0.572969
    outer loop
      vertex -5.02695 9.68696 0.589999
      vertex -5.73671 10.4339 2
      vertex -5.89654 10.1518 2
    endloop
  endfacet
  facet normal 0.29496 0.764665 0.572962
    outer loop
      vertex -2.2561 0.706232 2
      vertex -2.1813 1.73389 0.589999
      vertex -2.55863 0.822929 2
    endloop
  endfacet
  facet normal 0.807513 -0.140164 0.572954
    outer loop
      vertex -6.61365 7.98104 2
      vertex -5.59048 8.11201 0.589999
      vertex -6.61298 7.9849 2
    endloop
  endfacet
  facet normal 0.807516 -0.140118 0.572961
    outer loop
      vertex -5.59048 8.11201 0.589999
      vertex -6.61365 7.98104 2
      vertex -5.63831 7.83636 0.589999
    endloop
  endfacet
  facet normal 0.504237 -0.646106 0.572968
    outer loop
      vertex -3.39549 11.5783 0.589999
      vertex -3.98285 12.3703 2
      vertex -4.23848 12.1708 2
    endloop
  endfacet
  facet normal 0.799672 -0.179564 0.572959
    outer loop
      vertex -5.59048 8.11201 0.589999
      vertex -6.4865 8.62075 2
      vertex -6.55754 8.30438 2
    endloop
  endfacet
  facet normal -0.663391 -0.483633 0.570974
    outer loop
      vertex 4.57828 10.3955 0.589999
      vertex 5.55922 10.7146 2
      vertex 5.55696 10.7177 2
    endloop
  endfacet
  facet normal -0.670119 -0.471836 0.572985
    outer loop
      vertex 5.55922 10.7146 2
      vertex 4.57828 10.3955 0.589999
      vertex 4.73938 10.1667 0.589999
    endloop
  endfacet
  facet normal -0.294986 -0.764649 0.57297
    outer loop
      vertex 2.1813 12.2661 0.589999
      vertex 2.25245 13.2952 2
      vertex 1.92027 12.3668 0.589999
    endloop
  endfacet
  facet normal -0.293451 -0.765068 0.573199
    outer loop
      vertex 2.25245 13.2952 2
      vertex 2.1813 12.2661 0.589999
      vertex 2.2561 13.2938 2
    endloop
  endfacet
  facet normal 0.332128 -0.749259 0.572976
    outer loop
      vertex -2.1813 12.2661 0.589999
      vertex -2.55863 13.1771 2
      vertex -2.85506 13.0457 2
    endloop
  endfacet
  facet normal -0.615151 -0.54303 0.571583
    outer loop
      vertex 4.22342 10.8279 0.589999
      vertex 5.16836 11.2416 2
      vertex 5.1658 11.2445 2
    endloop
  endfacet
  facet normal -0.62065 -0.535241 0.572983
    outer loop
      vertex 5.16836 11.2416 2
      vertex 4.22342 10.8279 0.589999
      vertex 4.40616 10.616 0.589999
    endloop
  endfacet
  facet normal -0.504224 0.646122 0.572962
    outer loop
      vertex 3.98285 1.62974 2
      vertex 4.23848 1.82923 2
      vertex 3.39549 2.42172 0.589999
    endloop
  endfacet
  facet normal 0.620592 0.535334 0.57296
    outer loop
      vertex -4.95401 2.50995 2
      vertex -4.22342 3.17211 0.589999
      vertex -5.1658 2.75547 2
    endloop
  endfacet
  facet normal -0.565126 0.593587 0.572963
    outer loop
      vertex 4.49289 2.04869 2
      vertex 4.72773 2.27227 2
      vertex 4.03051 2.96949 0.589999
    endloop
  endfacet
  facet normal -0.505054 0.645463 0.572973
    outer loop
      vertex 3.61604 2.59384 0.589999
      vertex 4.23848 1.82923 2
      vertex 4.24156 1.83164 2
    endloop
  endfacet
  facet normal -0.504234 0.646112 0.572964
    outer loop
      vertex 4.23848 1.82923 2
      vertex 3.61604 2.59384 0.589999
      vertex 3.39549 2.42172 0.589999
    endloop
  endfacet
  facet normal -0.218591 0.789895 0.57296
    outer loop
      vertex 1.62457 0.514358 2
      vertex 1.93708 0.60084 2
      vertex 1.38499 1.47082 0.589999
    endloop
  endfacet
  facet normal 0.257056 -0.77822 0.57297
    outer loop
      vertex -1.92027 12.3668 0.589999
      vertex -1.94456 13.3969 2
      vertex -2.25245 13.2952 2
    endloop
  endfacet
  facet normal 0.590348 -0.569264 0.572213
    outer loop
      vertex -4.95401 11.4901 2
      vertex -4.03051 11.0305 0.589999
      vertex -4.95131 11.4929 2
    endloop
  endfacet
  facet normal 0.593548 -0.56516 0.572971
    outer loop
      vertex -4.03051 11.0305 0.589999
      vertex -4.95401 11.4901 2
      vertex -4.22342 10.8279 0.589999
    endloop
  endfacet
  facet normal -0.471915 0.670083 0.572962
    outer loop
      vertex 3.71775 1.44304 2
      vertex 3.98285 1.62974 2
      vertex 3.39549 2.42172 0.589999
    endloop
  endfacet
  facet normal -0.789897 -0.218586 0.57296
    outer loop
      vertex 6.48564 8.62457 2
      vertex 6.39916 8.93708 2
      vertex 5.52918 8.38499 0.589999
    endloop
  endfacet
  facet normal 0.565135 0.593581 0.57296
    outer loop
      vertex -4.03051 2.96949 0.589999
      vertex -4.49005 2.04599 2
      vertex -3.82789 2.77658 0.589999
    endloop
  endfacet
  facet normal 0.564666 0.593945 0.573046
    outer loop
      vertex -4.49005 2.04599 2
      vertex -4.03051 2.96949 0.589999
      vertex -4.49289 2.04869 2
    endloop
  endfacet
  facet normal 0.0201256 0.819334 0.572963
    outer loop
      vertex -0.279685 1.30687 0.589999
      vertex -0.324155 0.321944 2
      vertex 0 1.3 0.589999
    endloop
  endfacet
  facet normal 0.0201115 0.819335 0.572963
    outer loop
      vertex -0.324155 0.321944 2
      vertex -0.279685 1.30687 0.589999
      vertex -0.328066 0.32204 2
    endloop
  endfacet
  facet normal -0.100306 0.81342 0.572963
    outer loop
      vertex 0.558697 1.32745 0.589999
      vertex 0.659227 0.34666 2
      vertex 0.836363 1.36169 0.589999
    endloop
  endfacet
  facet normal -0.100342 0.813416 0.572962
    outer loop
      vertex 0.659227 0.34666 2
      vertex 0.558697 1.32745 0.589999
      vertex 0.655344 0.346181 2
    endloop
  endfacet
  facet normal 0.062811 -0.817171 0.572963
    outer loop
      vertex -0.558697 12.6726 0.589999
      vertex -0.651441 13.6541 2
      vertex -0.655344 13.6538 2
    endloop
  endfacet
  facet normal 0.0600569 -0.817395 0.572938
    outer loop
      vertex -0.651441 13.6541 2
      vertex -0.558697 12.6726 0.589999
      vertex -0.279685 12.6931 0.589999
    endloop
  endfacet
  facet normal -0.403981 0.713102 0.572962
    outer loop
      vertex 3.15176 1.10346 2
      vertex 3.43389 1.26329 2
      vertex 2.68696 1.97305 0.589999
    endloop
  endfacet
  facet normal -0.368278 -0.732162 0.572984
    outer loop
      vertex 2.68696 12.027 0.589999
      vertex 2.85864 13.0441 2
      vertex 2.43706 12.1527 0.589999
    endloop
  endfacet
  facet normal -0.376067 -0.729152 0.571761
    outer loop
      vertex 2.85864 13.0441 2
      vertex 2.68696 12.027 0.589999
      vertex 2.86213 13.0423 2
    endloop
  endfacet
  facet normal -0.732068 0.368498 0.572962
    outer loop
      vertex 5.89654 3.84824 2
      vertex 6.04233 4.13787 2
      vertex 5.02695 4.31304 0.589999
    endloop
  endfacet
  facet normal -0.504237 -0.646106 0.572968
    outer loop
      vertex 4.23848 12.1708 2
      vertex 3.98285 12.3703 2
      vertex 3.39549 11.5783 0.589999
    endloop
  endfacet
  facet normal 0.535334 -0.620588 0.572963
    outer loop
      vertex -3.82789 11.2234 0.589999
      vertex -4.24452 12.1658 2
      vertex -4.49005 11.954 2
    endloop
  endfacet
  facet normal -0.332128 -0.749259 0.572976
    outer loop
      vertex 2.85506 13.0457 2
      vertex 2.55863 13.1771 2
      vertex 2.1813 12.2661 0.589999
    endloop
  endfacet
  facet normal 0.778218 -0.257081 0.572963
    outer loop
      vertex -5.3668 8.92027 0.589999
      vertex -6.29518 9.25245 2
      vertex -6.39689 8.94456 2
    endloop
  endfacet
  facet normal -0.438532 -0.6924 0.57295
    outer loop
      vertex 3.71124 12.5613 2
      vertex 3.4373 12.7348 2
      vertex 2.93039 11.8891 0.589999
    endloop
  endfacet
  facet normal 0.179573 0.799669 0.57296
    outer loop
      vertex -1.30438 0.442457 2
      vertex -1.11201 1.40952 0.589999
      vertex -1.62075 0.513501 2
    endloop
  endfacet
  facet normal -0.368528 -0.732077 0.572931
    outer loop
      vertex 3.15176 12.8965 2
      vertex 2.86213 13.0423 2
      vertex 2.68696 12.027 0.589999
    endloop
  endfacet
  facet normal -0.179411 0.799706 0.572958
    outer loop
      vertex 1.38499 1.47082 0.589999
      vertex 1.62075 0.513501 2
      vertex 1.62457 0.514358 2
    endloop
  endfacet
  facet normal -0.179573 0.799669 0.57296
    outer loop
      vertex 1.62075 0.513501 2
      vertex 1.38499 1.47082 0.589999
      vertex 1.11201 1.40952 0.589999
    endloop
  endfacet
  facet normal 0.332134 0.749267 0.572962
    outer loop
      vertex -2.55863 0.822929 2
      vertex -2.1813 1.73389 0.589999
      vertex -2.85506 0.95433 2
    endloop
  endfacet
  facet normal 0.799669 0.179572 0.57296
    outer loop
      vertex -6.4865 5.37925 2
      vertex -5.52918 5.61501 0.589999
      vertex -5.59048 5.88799 0.589999
    endloop
  endfacet
  facet normal 0.799568 0.180007 0.572965
    outer loop
      vertex -5.52918 5.61501 0.589999
      vertex -6.4865 5.37925 2
      vertex -6.48564 5.37543 2
    endloop
  endfacet
  facet normal 0.438469 0.692433 0.572959
    outer loop
      vertex -3.16675 2.26062 0.589999
      vertex -3.71124 1.43869 2
      vertex -2.93039 2.11095 0.589999
    endloop
  endfacet
  facet normal 0.437577 0.693005 0.572949
    outer loop
      vertex -3.71124 1.43869 2
      vertex -3.16675 2.26062 0.589999
      vertex -3.71455 1.44078 2
    endloop
  endfacet
  facet normal 0.764664 0.294962 0.572963
    outer loop
      vertex -6.29518 4.74755 2
      vertex -5.26611 4.8187 0.589999
      vertex -5.3668 5.07973 0.589999
    endloop
  endfacet
  facet normal 0.764557 0.29535 0.572905
    outer loop
      vertex -5.26611 4.8187 0.589999
      vertex -6.29518 4.74755 2
      vertex -6.29377 4.7439 2
    endloop
  endfacet
  facet normal 0.764663 0.294966 0.572962
    outer loop
      vertex -6.17707 4.44137 2
      vertex -5.26611 4.8187 0.589999
      vertex -6.29377 4.7439 2
    endloop
  endfacet
  facet normal 0.504224 0.646122 0.572962
    outer loop
      vertex -3.98285 1.62974 2
      vertex -3.39549 2.42172 0.589999
      vertex -4.23848 1.82923 2
    endloop
  endfacet
  facet normal 0.0602888 0.817361 0.572962
    outer loop
      vertex -0.558697 1.32745 0.589999
      vertex -0.651441 0.345894 2
      vertex -0.279685 1.30687 0.589999
    endloop
  endfacet
  facet normal 0.0601043 0.817376 0.57296
    outer loop
      vertex -0.651441 0.345894 2
      vertex -0.558697 1.32745 0.589999
      vertex -0.655344 0.346181 2
    endloop
  endfacet
  facet normal -0.294963 -0.764653 0.572977
    outer loop
      vertex 2.55863 13.1771 2
      vertex 2.2561 13.2938 2
      vertex 2.1813 12.2661 0.589999
    endloop
  endfacet
  facet normal 0.620673 -0.53523 0.572969
    outer loop
      vertex -4.22342 10.8279 0.589999
      vertex -4.95401 11.4901 2
      vertex -5.1658 11.2445 2
    endloop
  endfacet
  facet normal 0.615151 -0.54303 0.571583
    outer loop
      vertex -5.16836 11.2416 2
      vertex -4.22342 10.8279 0.589999
      vertex -5.1658 11.2445 2
    endloop
  endfacet
  facet normal 0.62065 -0.535241 0.572983
    outer loop
      vertex -4.22342 10.8279 0.589999
      vertex -5.16836 11.2416 2
      vertex -4.40616 10.616 0.589999
    endloop
  endfacet
  facet normal 0.368496 0.73207 0.572962
    outer loop
      vertex -2.68696 1.97305 0.589999
      vertex -2.85864 0.955916 2
      vertex -2.43706 1.84726 0.589999
    endloop
  endfacet
  facet normal 0.368895 0.731917 0.5729
    outer loop
      vertex -2.85864 0.955916 2
      vertex -2.68696 1.97305 0.589999
      vertex -2.86213 0.957675 2
    endloop
  endfacet
  facet normal -0.471912 -0.67008 0.572968
    outer loop
      vertex 3.98285 12.3703 2
      vertex 3.71775 12.557 2
      vertex 3.39549 11.5783 0.589999
    endloop
  endfacet
  facet normal 0.471915 0.670083 0.572962
    outer loop
      vertex -3.71775 1.44304 2
      vertex -3.39549 2.42172 0.589999
      vertex -3.98285 1.62974 2
    endloop
  endfacet
  facet normal 0.535324 0.620599 0.572962
    outer loop
      vertex -3.82789 2.77658 0.589999
      vertex -4.24156 1.83164 2
      vertex -3.61604 2.59384 0.589999
    endloop
  endfacet
  facet normal 0.536202 0.619984 0.572807
    outer loop
      vertex -4.24156 1.83164 2
      vertex -3.82789 2.77658 0.589999
      vertex -4.24452 1.8342 2
    endloop
  endfacet
  facet normal 0.535321 0.620603 0.57296
    outer loop
      vertex -4.24452 1.8342 2
      vertex -3.82789 2.77658 0.589999
      vertex -4.49005 2.04599 2
    endloop
  endfacet
  facet normal -0.713079 -0.404011 0.572969
    outer loop
      vertex 5.89654 10.1518 2
      vertex 5.73671 10.4339 2
      vertex 5.02695 9.68696 0.589999
    endloop
  endfacet
  facet normal 0.789897 0.218586 0.57296
    outer loop
      vertex -6.39916 5.06292 2
      vertex -5.52918 5.61501 0.589999
      vertex -6.48564 5.37543 2
    endloop
  endfacet
  facet normal -0.140036 -0.807541 0.572946
    outer loop
      vertex 1.11201 12.5905 0.589999
      vertex 0.981041 13.6136 2
      vertex 0.836363 12.6383 0.589999
    endloop
  endfacet
  facet normal -0.125831 -0.808465 0.574936
    outer loop
      vertex 0.981041 13.6136 2
      vertex 1.11201 12.5905 0.589999
      vertex 0.984896 13.613 2
    endloop
  endfacet
  facet normal -0.104678 -0.812928 0.57288
    outer loop
      vertex 0.558697 12.6726 0.589999
      vertex 0.659227 13.6533 2
      vertex 0.655344 13.6538 2
    endloop
  endfacet
  facet normal -0.100482 -0.813424 0.572926
    outer loop
      vertex 0.659227 13.6533 2
      vertex 0.558697 12.6726 0.589999
      vertex 0.836363 12.6383 0.589999
    endloop
  endfacet
  facet normal -0.218402 -0.789963 0.572939
    outer loop
      vertex 1.93708 13.3992 2
      vertex 1.62457 13.4856 2
      vertex 1.38499 12.5292 0.589999
    endloop
  endfacet
  facet normal -0.764663 -0.294966 0.572962
    outer loop
      vertex 6.29377 9.2561 2
      vertex 6.17707 9.55863 2
      vertex 5.26611 9.1813 0.589999
    endloop
  endfacet
  facet normal -0.536202 0.619984 0.572807
    outer loop
      vertex 3.82789 2.77658 0.589999
      vertex 4.24156 1.83164 2
      vertex 4.24452 1.8342 2
    endloop
  endfacet
  facet normal -0.535324 0.620599 0.572962
    outer loop
      vertex 4.24156 1.83164 2
      vertex 3.82789 2.77658 0.589999
      vertex 3.61604 2.59384 0.589999
    endloop
  endfacet
  facet normal 0.764663 -0.294966 0.572962
    outer loop
      vertex -5.26611 9.1813 0.589999
      vertex -6.17707 9.55863 2
      vertex -6.29377 9.2561 2
    endloop
  endfacet
  facet normal 0.179471 -0.799708 0.572937
    outer loop
      vertex -1.11201 12.5905 0.589999
      vertex -1.30438 13.5575 2
      vertex -1.62075 13.4865 2
    endloop
  endfacet
  facet normal -0.332193 -0.749222 0.572987
    outer loop
      vertex 2.43706 12.1527 0.589999
      vertex 2.85506 13.0457 2
      vertex 2.1813 12.2661 0.589999
    endloop
  endfacet
  facet normal -0.334401 -0.748223 0.573008
    outer loop
      vertex 2.85506 13.0457 2
      vertex 2.43706 12.1527 0.589999
      vertex 2.85864 13.0441 2
    endloop
  endfacet
  facet normal -0.504199 -0.646142 0.57296
    outer loop
      vertex 3.61604 11.4062 0.589999
      vertex 4.23848 12.1708 2
      vertex 3.39549 11.5783 0.589999
    endloop
  endfacet
  facet normal -0.503759 -0.646491 0.572954
    outer loop
      vertex 4.23848 12.1708 2
      vertex 3.61604 11.4062 0.589999
      vertex 4.24156 12.1684 2
    endloop
  endfacet
  facet normal 0.471928 0.670074 0.572961
    outer loop
      vertex -3.39549 2.42172 0.589999
      vertex -3.71455 1.44078 2
      vertex -3.16675 2.26062 0.589999
    endloop
  endfacet
  facet normal 0.472866 0.669545 0.572806
    outer loop
      vertex -3.71455 1.44078 2
      vertex -3.39549 2.42172 0.589999
      vertex -3.71775 1.44304 2
    endloop
  endfacet
  facet normal 0.471912 -0.67008 0.572968
    outer loop
      vertex -3.39549 11.5783 0.589999
      vertex -3.71775 12.557 2
      vertex -3.98285 12.3703 2
    endloop
  endfacet
  facet normal 0.620599 0.535324 0.572962
    outer loop
      vertex -5.16836 2.75844 2
      vertex -4.22342 3.17211 0.589999
      vertex -4.40616 3.38396 0.589999
    endloop
  endfacet
  facet normal 0.620772 0.535077 0.573005
    outer loop
      vertex -4.22342 3.17211 0.589999
      vertex -5.16836 2.75844 2
      vertex -5.1658 2.75547 2
    endloop
  endfacet
  facet normal 0.670163 -0.471793 0.572969
    outer loop
      vertex -4.57828 10.3955 0.589999
      vertex -5.37026 10.9829 2
      vertex -5.55696 10.7177 2
    endloop
  endfacet
  facet normal 0.218402 -0.789963 0.572939
    outer loop
      vertex -1.38499 12.5292 0.589999
      vertex -1.62457 13.4856 2
      vertex -1.93708 13.3992 2
    endloop
  endfacet
  facet normal -0.437577 0.693005 0.572949
    outer loop
      vertex 3.16675 2.26062 0.589999
      vertex 3.71124 1.43869 2
      vertex 3.71455 1.44078 2
    endloop
  endfacet
  facet normal -0.438469 0.692433 0.572959
    outer loop
      vertex 3.71124 1.43869 2
      vertex 3.16675 2.26062 0.589999
      vertex 2.93039 2.11095 0.589999
    endloop
  endfacet
  facet normal 0.732084 -0.368456 0.572969
    outer loop
      vertex -5.02695 9.68696 0.589999
      vertex -5.89654 10.1518 2
      vertex -6.04233 9.86213 2
    endloop
  endfacet
  facet normal 0.713111 0.403968 0.57296
    outer loop
      vertex -5.73671 3.56611 2
      vertex -4.88905 4.06961 0.589999
      vertex -5.02695 4.31304 0.589999
    endloop
  endfacet
  facet normal 0.714175 0.402116 0.572938
    outer loop
      vertex -4.88905 4.06961 0.589999
      vertex -5.73671 3.56611 2
      vertex -5.73479 3.5627 2
    endloop
  endfacet
  facet normal -0.778025 -0.257944 0.572837
    outer loop
      vertex 5.3668 8.92027 0.589999
      vertex 6.39812 8.94085 2
      vertex 6.39689 8.94456 2
    endloop
  endfacet
  facet normal -0.778214 -0.25709 0.572963
    outer loop
      vertex 6.39812 8.94085 2
      vertex 5.3668 8.92027 0.589999
      vertex 5.45456 8.65462 0.589999
    endloop
  endfacet
  facet normal 0.503759 -0.646491 0.572954
    outer loop
      vertex -3.61604 11.4062 0.589999
      vertex -4.23848 12.1708 2
      vertex -4.24156 12.1684 2
    endloop
  endfacet
  facet normal 0.504199 -0.646142 0.57296
    outer loop
      vertex -4.23848 12.1708 2
      vertex -3.61604 11.4062 0.589999
      vertex -3.39549 11.5783 0.589999
    endloop
  endfacet
  facet normal 0.541367 -0.616325 0.571896
    outer loop
      vertex -3.82789 11.2234 0.589999
      vertex -4.24156 12.1684 2
      vertex -4.24452 12.1658 2
    endloop
  endfacet
  facet normal 0.535425 -0.620513 0.57296
    outer loop
      vertex -4.24156 12.1684 2
      vertex -3.82789 11.2234 0.589999
      vertex -3.61604 11.4062 0.589999
    endloop
  endfacet
  facet normal 0.376067 -0.729152 0.571761
    outer loop
      vertex -2.68696 12.027 0.589999
      vertex -2.85864 13.0441 2
      vertex -2.86213 13.0423 2
    endloop
  endfacet
  facet normal 0.368278 -0.732162 0.572984
    outer loop
      vertex -2.85864 13.0441 2
      vertex -2.68696 12.027 0.589999
      vertex -2.43706 12.1527 0.589999
    endloop
  endfacet
  facet normal -0.732084 -0.368456 0.572969
    outer loop
      vertex 6.04233 9.86213 2
      vertex 5.89654 10.1518 2
      vertex 5.02695 9.68696 0.589999
    endloop
  endfacet
  facet normal 0.732071 0.368496 0.57296
    outer loop
      vertex -6.04408 4.14136 2
      vertex -5.02695 4.31304 0.589999
      vertex -5.15274 4.56294 0.589999
    endloop
  endfacet
  facet normal 0.732523 0.367311 0.573142
    outer loop
      vertex -5.02695 4.31304 0.589999
      vertex -6.04408 4.14136 2
      vertex -6.04233 4.13787 2
    endloop
  endfacet
  facet normal -0.565119 -0.593594 0.572963
    outer loop
      vertex 4.03051 11.0305 0.589999
      vertex 4.49005 11.954 2
      vertex 3.82789 11.2234 0.589999
    endloop
  endfacet
  facet normal -0.564666 -0.593945 0.573046
    outer loop
      vertex 4.49005 11.954 2
      vertex 4.03051 11.0305 0.589999
      vertex 4.49289 11.9513 2
    endloop
  endfacet
  facet normal -0.403975 -0.713123 0.572939
    outer loop
      vertex 2.93039 11.8891 0.589999
      vertex 3.43389 12.7367 2
      vertex 2.68696 12.027 0.589999
    endloop
  endfacet
  facet normal -0.398945 -0.716002 0.572873
    outer loop
      vertex 3.43389 12.7367 2
      vertex 2.93039 11.8891 0.589999
      vertex 3.4373 12.7348 2
    endloop
  endfacet
  facet normal -0.257201 -0.778195 0.57294
    outer loop
      vertex 1.92027 12.3668 0.589999
      vertex 1.94085 13.3981 2
      vertex 1.65462 12.4546 0.589999
    endloop
  endfacet
  facet normal -0.252072 -0.779321 0.573689
    outer loop
      vertex 1.94085 13.3981 2
      vertex 1.92027 12.3668 0.589999
      vertex 1.94456 13.3969 2
    endloop
  endfacet
  facet normal -0.218548 -0.789906 0.572962
    outer loop
      vertex 1.65462 12.4546 0.589999
      vertex 1.93708 13.3992 2
      vertex 1.38499 12.5292 0.589999
    endloop
  endfacet
  facet normal -0.229549 -0.786726 0.573035
    outer loop
      vertex 1.93708 13.3992 2
      vertex 1.65462 12.4546 0.589999
      vertex 1.94085 13.3981 2
    endloop
  endfacet
  facet normal 0.790075 -0.217952 0.572955
    outer loop
      vertex -6.39916 8.93708 2
      vertex -5.45456 8.65462 0.589999
      vertex -6.39812 8.94085 2
    endloop
  endfacet
  facet normal 0.789891 -0.218602 0.572962
    outer loop
      vertex -5.45456 8.65462 0.589999
      vertex -6.39916 8.93708 2
      vertex -5.52918 8.38499 0.589999
    endloop
  endfacet
  facet normal 0.698299 -0.429248 0.572821
    outer loop
      vertex -5.56131 10.7112 2
      vertex -4.73938 10.1667 0.589999
      vertex -5.55922 10.7146 2
    endloop
  endfacet
  facet normal 0.692389 -0.438534 0.572962
    outer loop
      vertex -4.73938 10.1667 0.589999
      vertex -5.56131 10.7112 2
      vertex -4.88905 9.93039 0.589999
    endloop
  endfacet
  facet normal -0.799672 -0.179564 0.572959
    outer loop
      vertex 6.55754 8.30438 2
      vertex 6.4865 8.62075 2
      vertex 5.59048 8.11201 0.589999
    endloop
  endfacet
  facet normal 0.663391 -0.483633 0.570974
    outer loop
      vertex -5.55922 10.7146 2
      vertex -4.57828 10.3955 0.589999
      vertex -5.55696 10.7177 2
    endloop
  endfacet
  facet normal 0.670119 -0.471836 0.572985
    outer loop
      vertex -4.57828 10.3955 0.589999
      vertex -5.55922 10.7146 2
      vertex -4.73938 10.1667 0.589999
    endloop
  endfacet
  facet normal -0.764557 -0.29535 0.572905
    outer loop
      vertex 5.26611 9.1813 0.589999
      vertex 6.29518 9.25245 2
      vertex 6.29377 9.2561 2
    endloop
  endfacet
  facet normal -0.764664 -0.294962 0.572963
    outer loop
      vertex 6.29518 9.25245 2
      vertex 5.26611 9.1813 0.589999
      vertex 5.3668 8.92027 0.589999
    endloop
  endfacet
  facet normal -0.81342 -0.100322 0.572961
    outer loop
      vertex 6.65334 7.65923 2
      vertex 6.61365 7.98104 2
      vertex 5.63831 7.83636 0.589999
    endloop
  endfacet
  facet normal -0.817361 -0.0602841 0.572963
    outer loop
      vertex 6.67796 7.32807 2
      vertex 6.65411 7.65144 2
      vertex 5.69313 7.27969 0.589999
    endloop
  endfacet
  facet normal -0.692387 -0.438537 0.572963
    outer loop
      vertex 5.73479 10.4373 2
      vertex 5.56131 10.7112 2
      vertex 4.88905 9.93039 0.589999
    endloop
  endfacet
  facet normal -0.647051 -0.50303 0.572963
    outer loop
      vertex 4.40616 10.616 0.589999
      vertex 5.17077 11.2385 2
      vertex 5.16836 11.2416 2
    endloop
  endfacet
  facet normal -0.646048 -0.504298 0.572979
    outer loop
      vertex 5.17077 11.2385 2
      vertex 4.40616 10.616 0.589999
      vertex 4.57828 10.3955 0.589999
    endloop
  endfacet
  facet normal -0.713661 -0.403009 0.57295
    outer loop
      vertex 4.88905 9.93039 0.589999
      vertex 5.73671 10.4339 2
      vertex 5.73479 10.4373 2
    endloop
  endfacet
  facet normal -0.71311 -0.403968 0.572961
    outer loop
      vertex 5.73671 10.4339 2
      vertex 4.88905 9.93039 0.589999
      vertex 5.02695 9.68696 0.589999
    endloop
  endfacet
  facet normal -0.749268 -0.332132 0.572962
    outer loop
      vertex 6.17707 9.55863 2
      vertex 6.04567 9.85506 2
      vertex 5.26611 9.1813 0.589999
    endloop
  endfacet
  facet normal -0.807516 -0.14013 0.572959
    outer loop
      vertex 6.61298 7.9849 2
      vertex 6.55754 8.30438 2
      vertex 5.59048 8.11201 0.589999
    endloop
  endfacet
  facet normal 0.438532 -0.6924 0.57295
    outer loop
      vertex -2.93039 11.8891 0.589999
      vertex -3.4373 12.7348 2
      vertex -3.71124 12.5613 2
    endloop
  endfacet
  facet normal 0.398945 -0.716002 0.572873
    outer loop
      vertex -2.93039 11.8891 0.589999
      vertex -3.43389 12.7367 2
      vertex -3.4373 12.7348 2
    endloop
  endfacet
  facet normal 0.403975 -0.713123 0.572939
    outer loop
      vertex -3.43389 12.7367 2
      vertex -2.93039 11.8891 0.589999
      vertex -2.68696 12.027 0.589999
    endloop
  endfacet
  facet normal -0.807513 -0.140164 0.572954
    outer loop
      vertex 5.59048 8.11201 0.589999
      vertex 6.61365 7.98104 2
      vertex 6.61298 7.9849 2
    endloop
  endfacet
  facet normal -0.807516 -0.140118 0.572961
    outer loop
      vertex 6.61365 7.98104 2
      vertex 5.59048 8.11201 0.589999
      vertex 5.63831 7.83636 0.589999
    endloop
  endfacet
  facet normal -0.81342 -0.100308 0.572963
    outer loop
      vertex 5.67255 7.5587 0.589999
      vertex 6.65334 7.65923 2
      vertex 5.63831 7.83636 0.589999
    endloop
  endfacet
  facet normal -0.813413 -0.10037 0.572962
    outer loop
      vertex 6.65334 7.65923 2
      vertex 5.67255 7.5587 0.589999
      vertex 6.65382 7.65534 2
    endloop
  endfacet
  facet normal -0.817321 -0.0607752 0.572968
    outer loop
      vertex 5.67255 7.5587 0.589999
      vertex 6.65411 7.65144 2
      vertex 6.65382 7.65534 2
    endloop
  endfacet
  facet normal -0.81736 -0.0602891 0.572964
    outer loop
      vertex 6.65411 7.65144 2
      vertex 5.67255 7.5587 0.589999
      vertex 5.69313 7.27969 0.589999
    endloop
  endfacet
  facet normal -0.999698 0.0245555 0
    outer loop
      vertex 5.69313 -7.27969 0
      vertex 5.7 -7 0.589999
      vertex 5.7 -7 0
    endloop
  endfacet
  facet normal -0.999698 0.0245555 0
    outer loop
      vertex 5.7 -7 0.589999
      vertex 5.69313 -7.27969 0
      vertex 5.69313 -7.27969 0.589999
    endloop
  endfacet
  facet normal -0.949527 -0.313685 0
    outer loop
      vertex 5.45456 -5.34538 0
      vertex 5.3668 -5.07973 0.589999
      vertex 5.3668 -5.07973 0
    endloop
  endfacet
  facet normal -0.949527 -0.313685 0
    outer loop
      vertex 5.3668 -5.07973 0.589999
      vertex 5.45456 -5.34538 0
      vertex 5.45456 -5.34538 0.589999
    endloop
  endfacet
  facet normal -0.81758 -0.575816 0
    outer loop
      vertex 4.73938 -3.83325 0
      vertex 4.57828 -3.60451 0.589999
      vertex 4.57828 -3.60451 0
    endloop
  endfacet
  facet normal -0.81758 -0.575816 0
    outer loop
      vertex 4.57828 -3.60451 0.589999
      vertex 4.73938 -3.83325 0
      vertex 4.73938 -3.83325 0.589999
    endloop
  endfacet
  facet normal -0.492894 -0.870089 0
    outer loop
      vertex 2.68696 -1.97305 0
      vertex 2.93039 -2.11095 0.589999
      vertex 2.68696 -1.97305 0.589999
    endloop
  endfacet
  facet normal -0.492894 -0.870089 -0
    outer loop
      vertex 2.93039 -2.11095 0.589999
      vertex 2.68696 -1.97305 0
      vertex 2.93039 -2.11095 0
    endloop
  endfacet
  facet normal 0.575816 -0.81758 0
    outer loop
      vertex -3.39549 -2.42172 0
      vertex -3.16675 -2.26062 0.589999
      vertex -3.39549 -2.42172 0.589999
    endloop
  endfacet
  facet normal 0.575816 -0.81758 0
    outer loop
      vertex -3.16675 -2.26062 0.589999
      vertex -3.39549 -2.42172 0
      vertex -3.16675 -2.26062 0
    endloop
  endfacet
  facet normal -0.359894 -0.932993 0
    outer loop
      vertex 1.92027 -1.6332 0
      vertex 2.1813 -1.73389 0.589999
      vertex 1.92027 -1.6332 0.589999
    endloop
  endfacet
  facet normal -0.359894 -0.932993 -0
    outer loop
      vertex 2.1813 -1.73389 0.589999
      vertex 1.92027 -1.6332 0
      vertex 2.1813 -1.73389 0
    endloop
  endfacet
  facet normal -0.266657 0.963791 0
    outer loop
      vertex 1.65462 -12.4546 0
      vertex 1.38499 -12.5292 0.589999
      vertex 1.65462 -12.4546 0.589999
    endloop
  endfacet
  facet normal -0.266657 0.963791 0
    outer loop
      vertex 1.38499 -12.5292 0.589999
      vertex 1.65462 -12.4546 0
      vertex 1.38499 -12.5292 0
    endloop
  endfacet
  facet normal -0.999698 -0.0245555 0
    outer loop
      vertex 5.7 -7 0
      vertex 5.69313 -6.72031 0.589999
      vertex 5.69313 -6.72031 0
    endloop
  endfacet
  facet normal -0.999698 -0.0245555 0
    outer loop
      vertex 5.69313 -6.72031 0.589999
      vertex 5.7 -7 0
      vertex 5.7 -7 0.589999
    endloop
  endfacet
  facet normal -0.932993 0.359894 0
    outer loop
      vertex 5.26611 -9.1813 0
      vertex 5.3668 -8.92027 0.589999
      vertex 5.3668 -8.92027 0
    endloop
  endfacet
  facet normal -0.932993 0.359894 0
    outer loop
      vertex 5.3668 -8.92027 0.589999
      vertex 5.26611 -9.1813 0
      vertex 5.26611 -9.1813 0.589999
    endloop
  endfacet
  facet normal 0.870089 -0.492894 0
    outer loop
      vertex -5.02695 -4.31304 0.589999
      vertex -4.88905 -4.06961 0
      vertex -4.88905 -4.06961 0.589999
    endloop
  endfacet
  facet normal 0.870089 -0.492894 0
    outer loop
      vertex -4.88905 -4.06961 0
      vertex -5.02695 -4.31304 0.589999
      vertex -5.02695 -4.31304 0
    endloop
  endfacet
  facet normal -0.963773 -0.266724 0
    outer loop
      vertex 5.52918 -5.61501 0
      vertex 5.45456 -5.34538 0.589999
      vertex 5.45456 -5.34538 0
    endloop
  endfacet
  facet normal -0.963773 -0.266724 0
    outer loop
      vertex 5.45456 -5.34538 0.589999
      vertex 5.52918 -5.61501 0
      vertex 5.52918 -5.61501 0.589999
    endloop
  endfacet
  facet normal 0.68954 -0.724248 0
    outer loop
      vertex -4.03051 -2.96949 0
      vertex -3.82789 -2.77658 0.589999
      vertex -4.03051 -2.96949 0.589999
    endloop
  endfacet
  facet normal 0.68954 -0.724248 0
    outer loop
      vertex -3.82789 -2.77658 0.589999
      vertex -4.03051 -2.96949 0
      vertex -3.82789 -2.77658 0
    endloop
  endfacet
  facet normal -0.0246631 0.999696 0
    outer loop
      vertex 0.279685 -12.6931 0
      vertex 0 -12.7 0.589999
      vertex 0.279685 -12.6931 0.589999
    endloop
  endfacet
  facet normal -0.0246631 0.999696 0
    outer loop
      vertex 0 -12.7 0.589999
      vertex 0.279685 -12.6931 0
      vertex 0 -12.7 0
    endloop
  endfacet
  facet normal -0.75729 0.653078 0
    outer loop
      vertex 4.22342 -10.8279 0
      vertex 4.40616 -10.616 0.589999
      vertex 4.40616 -10.616 0
    endloop
  endfacet
  facet normal -0.75729 0.653078 0
    outer loop
      vertex 4.40616 -10.616 0.589999
      vertex 4.22342 -10.8279 0
      vertex 4.22342 -10.8279 0.589999
    endloop
  endfacet
  facet normal 0.535066 0.84481 -0
    outer loop
      vertex -2.93039 -11.8891 0
      vertex -3.16675 -11.7394 0.589999
      vertex -2.93039 -11.8891 0.589999
    endloop
  endfacet
  facet normal 0.535066 0.84481 0
    outer loop
      vertex -3.16675 -11.7394 0.589999
      vertex -2.93039 -11.8891 0
      vertex -3.16675 -11.7394 0
    endloop
  endfacet
  facet normal -0.575816 -0.81758 0
    outer loop
      vertex 3.16675 -2.26062 0
      vertex 3.39549 -2.42172 0.589999
      vertex 3.16675 -2.26062 0.589999
    endloop
  endfacet
  facet normal -0.575816 -0.81758 -0
    outer loop
      vertex 3.39549 -2.42172 0.589999
      vertex 3.16675 -2.26062 0
      vertex 3.39549 -2.42172 0
    endloop
  endfacet
  facet normal 0.975702 0.219102 0
    outer loop
      vertex -5.52918 -8.38499 0.589999
      vertex -5.59048 -8.11201 0
      vertex -5.59048 -8.11201 0.589999
    endloop
  endfacet
  facet normal 0.975702 0.219102 0
    outer loop
      vertex -5.59048 -8.11201 0
      vertex -5.52918 -8.38499 0.589999
      vertex -5.52918 -8.38499 0
    endloop
  endfacet
  facet normal 0.313685 -0.949527 0
    outer loop
      vertex -1.92027 -1.6332 0
      vertex -1.65462 -1.54544 0.589999
      vertex -1.92027 -1.6332 0.589999
    endloop
  endfacet
  facet normal 0.313685 -0.949527 0
    outer loop
      vertex -1.65462 -1.54544 0.589999
      vertex -1.92027 -1.6332 0
      vertex -1.65462 -1.54544 0
    endloop
  endfacet
  facet normal -0.914211 0.405239 0
    outer loop
      vertex 5.15274 -9.43706 0
      vertex 5.26611 -9.1813 0.589999
      vertex 5.26611 -9.1813 0
    endloop
  endfacet
  facet normal -0.914211 0.405239 0
    outer loop
      vertex 5.26611 -9.1813 0.589999
      vertex 5.15274 -9.43706 0
      vertex 5.15274 -9.43706 0.589999
    endloop
  endfacet
  facet normal 0.999698 0.0245555 0
    outer loop
      vertex -5.69313 -7.27969 0.589999
      vertex -5.7 -7 0
      vertex -5.7 -7 0.589999
    endloop
  endfacet
  facet normal 0.999698 0.0245555 0
    outer loop
      vertex -5.7 -7 0
      vertex -5.69313 -7.27969 0.589999
      vertex -5.69313 -7.27969 0
    endloop
  endfacet
  facet normal -0.219102 0.975702 0
    outer loop
      vertex 1.38499 -12.5292 0
      vertex 1.11201 -12.5905 0.589999
      vertex 1.38499 -12.5292 0.589999
    endloop
  endfacet
  facet normal -0.219102 0.975702 0
    outer loop
      vertex 1.11201 -12.5905 0.589999
      vertex 1.38499 -12.5292 0
      vertex 1.11201 -12.5905 0
    endloop
  endfacet
  facet normal 0.449614 -0.893223 0
    outer loop
      vertex -2.68696 -1.97305 0
      vertex -2.43706 -1.84726 0.589999
      vertex -2.68696 -1.97305 0.589999
    endloop
  endfacet
  facet normal 0.449614 -0.893223 0
    outer loop
      vertex -2.43706 -1.84726 0.589999
      vertex -2.68696 -1.97305 0
      vertex -2.43706 -1.84726 0
    endloop
  endfacet
  facet normal -0.844859 -0.534989 0
    outer loop
      vertex 4.88905 -4.06961 0
      vertex 4.73938 -3.83325 0.589999
      vertex 4.73938 -3.83325 0
    endloop
  endfacet
  facet normal -0.844859 -0.534989 0
    outer loop
      vertex 4.73938 -3.83325 0.589999
      vertex 4.88905 -4.06961 0
      vertex 4.88905 -4.06961 0.589999
    endloop
  endfacet
  facet normal -0.997291 -0.073561 0
    outer loop
      vertex 5.69313 -6.72031 0
      vertex 5.67255 -6.4413 0.589999
      vertex 5.67255 -6.4413 0
    endloop
  endfacet
  facet normal -0.997291 -0.073561 0
    outer loop
      vertex 5.67255 -6.4413 0.589999
      vertex 5.69313 -6.72031 0
      vertex 5.69313 -6.72031 0.589999
    endloop
  endfacet
  facet normal -0.788277 0.615321 0
    outer loop
      vertex 4.40616 -10.616 0
      vertex 4.57828 -10.3955 0.589999
      vertex 4.57828 -10.3955 0
    endloop
  endfacet
  facet normal -0.788277 0.615321 0
    outer loop
      vertex 4.57828 -10.3955 0.589999
      vertex 4.40616 -10.616 0
      vertex 4.40616 -10.616 0.589999
    endloop
  endfacet
  facet normal 0.653167 -0.757214 0
    outer loop
      vertex -3.82789 -2.77658 0
      vertex -3.61604 -2.59384 0.589999
      vertex -3.82789 -2.77658 0.589999
    endloop
  endfacet
  facet normal 0.653167 -0.757214 0
    outer loop
      vertex -3.61604 -2.59384 0.589999
      vertex -3.82789 -2.77658 0
      vertex -3.61604 -2.59384 0
    endloop
  endfacet
  facet normal -0.992482 0.122389 0
    outer loop
      vertex 5.63831 -7.83636 0
      vertex 5.67255 -7.5587 0.589999
      vertex 5.67255 -7.5587 0
    endloop
  endfacet
  facet normal -0.992482 0.122389 0
    outer loop
      vertex 5.67255 -7.5587 0.589999
      vertex 5.63831 -7.83636 0
      vertex 5.63831 -7.83636 0.589999
    endloop
  endfacet
  facet normal -0.615234 -0.788345 0
    outer loop
      vertex 3.39549 -2.42172 0
      vertex 3.61604 -2.59384 0.589999
      vertex 3.39549 -2.42172 0.589999
    endloop
  endfacet
  facet normal -0.615234 -0.788345 -0
    outer loop
      vertex 3.61604 -2.59384 0.589999
      vertex 3.39549 -2.42172 0
      vertex 3.61604 -2.59384 0
    endloop
  endfacet
  facet normal -0.992482 -0.122389 0
    outer loop
      vertex 5.67255 -6.4413 0
      vertex 5.63831 -6.16364 0.589999
      vertex 5.63831 -6.16364 0
    endloop
  endfacet
  facet normal -0.992482 -0.122389 0
    outer loop
      vertex 5.63831 -6.16364 0.589999
      vertex 5.67255 -6.4413 0
      vertex 5.67255 -6.4413 0.589999
    endloop
  endfacet
  facet normal -0.893223 0.449614 0
    outer loop
      vertex 5.02695 -9.68696 0
      vertex 5.15274 -9.43706 0.589999
      vertex 5.15274 -9.43706 0
    endloop
  endfacet
  facet normal -0.893223 0.449614 0
    outer loop
      vertex 5.15274 -9.43706 0.589999
      vertex 5.02695 -9.68696 0
      vertex 5.02695 -9.68696 0.589999
    endloop
  endfacet
  facet normal -0.073276 0.997312 0
    outer loop
      vertex 0.558697 -12.6726 0
      vertex 0.279685 -12.6931 0.589999
      vertex 0.558697 -12.6726 0.589999
    endloop
  endfacet
  facet normal -0.073276 0.997312 0
    outer loop
      vertex 0.279685 -12.6931 0.589999
      vertex 0.558697 -12.6726 0
      vertex 0.279685 -12.6931 0
    endloop
  endfacet
  facet normal -0.61519 0.788379 0
    outer loop
      vertex 3.61604 -11.4062 0
      vertex 3.39549 -11.5783 0.589999
      vertex 3.61604 -11.4062 0.589999
    endloop
  endfacet
  facet normal -0.61519 0.788379 0
    outer loop
      vertex 3.39549 -11.5783 0.589999
      vertex 3.61604 -11.4062 0
      vertex 3.39549 -11.5783 0
    endloop
  endfacet
  facet normal -0.653289 0.757108 0
    outer loop
      vertex 3.82789 -11.2234 0
      vertex 3.61604 -11.4062 0.589999
      vertex 3.82789 -11.2234 0.589999
    endloop
  endfacet
  facet normal -0.653289 0.757108 0
    outer loop
      vertex 3.61604 -11.4062 0.589999
      vertex 3.82789 -11.2234 0
      vertex 3.61604 -11.4062 0
    endloop
  endfacet
  facet normal -0.893223 -0.449614 0
    outer loop
      vertex 5.15274 -4.56294 0
      vertex 5.02695 -4.31304 0.589999
      vertex 5.02695 -4.31304 0
    endloop
  endfacet
  facet normal -0.893223 -0.449614 0
    outer loop
      vertex 5.02695 -4.31304 0.589999
      vertex 5.15274 -4.56294 0
      vertex 5.15274 -4.56294 0.589999
    endloop
  endfacet
  facet normal -0.870089 -0.492894 0
    outer loop
      vertex 5.02695 -4.31304 0
      vertex 4.88905 -4.06961 0.589999
      vertex 4.88905 -4.06961 0
    endloop
  endfacet
  facet normal -0.870089 -0.492894 0
    outer loop
      vertex 4.88905 -4.06961 0.589999
      vertex 5.02695 -4.31304 0
      vertex 5.02695 -4.31304 0.589999
    endloop
  endfacet
  facet normal 0.724214 0.689576 0
    outer loop
      vertex -4.03051 -11.0305 0.589999
      vertex -4.22342 -10.8279 0
      vertex -4.22342 -10.8279 0.589999
    endloop
  endfacet
  facet normal 0.724214 0.689576 0
    outer loop
      vertex -4.22342 -10.8279 0
      vertex -4.03051 -11.0305 0.589999
      vertex -4.03051 -11.0305 0
    endloop
  endfacet
  facet normal -0.997291 0.073561 0
    outer loop
      vertex 5.67255 -7.5587 0
      vertex 5.69313 -7.27969 0.589999
      vertex 5.69313 -7.27969 0
    endloop
  endfacet
  facet normal -0.997291 0.073561 0
    outer loop
      vertex 5.69313 -7.27969 0.589999
      vertex 5.67255 -7.5587 0
      vertex 5.67255 -7.5587 0.589999
    endloop
  endfacet
  facet normal 0.170964 -0.985277 0
    outer loop
      vertex -1.11201 -1.40952 0
      vertex -0.836363 -1.36169 0.589999
      vertex -1.11201 -1.40952 0.589999
    endloop
  endfacet
  facet normal 0.170964 -0.985277 0
    outer loop
      vertex -0.836363 -1.36169 0.589999
      vertex -1.11201 -1.40952 0
      vertex -0.836363 -1.36169 0
    endloop
  endfacet
  facet normal -0.844808 0.53507 0
    outer loop
      vertex 4.73938 -10.1667 0
      vertex 4.88905 -9.93039 0.589999
      vertex 4.88905 -9.93039 0
    endloop
  endfacet
  facet normal -0.844808 0.53507 0
    outer loop
      vertex 4.88905 -9.93039 0.589999
      vertex 4.73938 -10.1667 0
      vertex 4.73938 -10.1667 0.589999
    endloop
  endfacet
  facet normal -0.0735604 -0.997291 0
    outer loop
      vertex 0.279685 -1.30687 0
      vertex 0.558697 -1.32745 0.589999
      vertex 0.279685 -1.30687 0.589999
    endloop
  endfacet
  facet normal -0.0735604 -0.997291 -0
    outer loop
      vertex 0.558697 -1.32745 0.589999
      vertex 0.279685 -1.30687 0
      vertex 0.558697 -1.32745 0
    endloop
  endfacet
  facet normal -0.963773 0.266724 0
    outer loop
      vertex 5.45456 -8.65462 0
      vertex 5.52918 -8.38499 0.589999
      vertex 5.52918 -8.38499 0
    endloop
  endfacet
  facet normal -0.963773 0.266724 0
    outer loop
      vertex 5.52918 -8.38499 0.589999
      vertex 5.45456 -8.65462 0
      vertex 5.45456 -8.65462 0.589999
    endloop
  endfacet
  facet normal -0.68954 -0.724248 0
    outer loop
      vertex 3.82789 -2.77658 0
      vertex 4.03051 -2.96949 0.589999
      vertex 3.82789 -2.77658 0.589999
    endloop
  endfacet
  facet normal -0.68954 -0.724248 -0
    outer loop
      vertex 4.03051 -2.96949 0.589999
      vertex 3.82789 -2.77658 0
      vertex 4.03051 -2.96949 0
    endloop
  endfacet
  facet normal 0.122387 -0.992483 0
    outer loop
      vertex -0.836363 -1.36169 0
      vertex -0.558697 -1.32745 0.589999
      vertex -0.836363 -1.36169 0.589999
    endloop
  endfacet
  facet normal 0.122387 -0.992483 0
    outer loop
      vertex -0.558697 -1.32745 0.589999
      vertex -0.836363 -1.36169 0
      vertex -0.558697 -1.32745 0
    endloop
  endfacet
  facet normal -0.985278 -0.170963 0
    outer loop
      vertex 5.63831 -6.16364 0
      vertex 5.59048 -5.88799 0.589999
      vertex 5.59048 -5.88799 0
    endloop
  endfacet
  facet normal -0.985278 -0.170963 0
    outer loop
      vertex 5.59048 -5.88799 0.589999
      vertex 5.63831 -6.16364 0
      vertex 5.63831 -6.16364 0.589999
    endloop
  endfacet
  facet normal 0.0245559 -0.999698 0
    outer loop
      vertex -0.279685 -1.30687 0
      vertex 0 -1.3 0.589999
      vertex -0.279685 -1.30687 0.589999
    endloop
  endfacet
  facet normal 0.0245559 -0.999698 0
    outer loop
      vertex 0 -1.3 0.589999
      vertex -0.279685 -1.30687 0
      vertex 0 -1.3 0
    endloop
  endfacet
  facet normal 0.615234 -0.788345 0
    outer loop
      vertex -3.61604 -2.59384 0
      vertex -3.39549 -2.42172 0.589999
      vertex -3.61604 -2.59384 0.589999
    endloop
  endfacet
  facet normal 0.615234 -0.788345 0
    outer loop
      vertex -3.39549 -2.42172 0.589999
      vertex -3.61604 -2.59384 0
      vertex -3.39549 -2.42172 0
    endloop
  endfacet
  facet normal -0.975702 -0.219102 0
    outer loop
      vertex 5.59048 -5.88799 0
      vertex 5.52918 -5.61501 0.589999
      vertex 5.52918 -5.61501 0
    endloop
  endfacet
  facet normal -0.975702 -0.219102 0
    outer loop
      vertex 5.52918 -5.61501 0.589999
      vertex 5.59048 -5.88799 0
      vertex 5.59048 -5.88799 0.589999
    endloop
  endfacet
  facet normal 0.17086 0.985295 -0
    outer loop
      vertex -0.836363 -12.6383 0
      vertex -1.11201 -12.5905 0.589999
      vertex -0.836363 -12.6383 0.589999
    endloop
  endfacet
  facet normal 0.17086 0.985295 0
    outer loop
      vertex -1.11201 -12.5905 0.589999
      vertex -0.836363 -12.6383 0
      vertex -1.11201 -12.5905 0
    endloop
  endfacet
  facet normal 0.61519 0.788379 -0
    outer loop
      vertex -3.39549 -11.5783 0
      vertex -3.61604 -11.4062 0.589999
      vertex -3.39549 -11.5783 0.589999
    endloop
  endfacet
  facet normal 0.61519 0.788379 0
    outer loop
      vertex -3.61604 -11.4062 0.589999
      vertex -3.39549 -11.5783 0
      vertex -3.61604 -11.4062 0
    endloop
  endfacet
  facet normal -0.313814 0.949484 0
    outer loop
      vertex 1.92027 -12.3668 0
      vertex 1.65462 -12.4546 0.589999
      vertex 1.92027 -12.3668 0.589999
    endloop
  endfacet
  facet normal -0.313814 0.949484 0
    outer loop
      vertex 1.65462 -12.4546 0.589999
      vertex 1.92027 -12.3668 0
      vertex 1.65462 -12.4546 0
    endloop
  endfacet
  facet normal -0.170964 -0.985277 0
    outer loop
      vertex 0.836363 -1.36169 0
      vertex 1.11201 -1.40952 0.589999
      vertex 0.836363 -1.36169 0.589999
    endloop
  endfacet
  facet normal -0.170964 -0.985277 -0
    outer loop
      vertex 1.11201 -1.40952 0.589999
      vertex 0.836363 -1.36169 0
      vertex 1.11201 -1.40952 0
    endloop
  endfacet
  facet normal 0.81758 -0.575816 0
    outer loop
      vertex -4.73938 -3.83325 0.589999
      vertex -4.57828 -3.60451 0
      vertex -4.57828 -3.60451 0.589999
    endloop
  endfacet
  facet normal 0.81758 -0.575816 0
    outer loop
      vertex -4.57828 -3.60451 0
      vertex -4.73938 -3.83325 0.589999
      vertex -4.73938 -3.83325 0
    endloop
  endfacet
  facet normal 0.534989 -0.844859 0
    outer loop
      vertex -3.16675 -2.26062 0
      vertex -2.93039 -2.11095 0.589999
      vertex -3.16675 -2.26062 0.589999
    endloop
  endfacet
  facet normal 0.534989 -0.844859 0
    outer loop
      vertex -2.93039 -2.11095 0.589999
      vertex -3.16675 -2.26062 0
      vertex -2.93039 -2.11095 0
    endloop
  endfacet
  facet normal -0.17086 0.985295 0
    outer loop
      vertex 1.11201 -12.5905 0
      vertex 0.836363 -12.6383 0.589999
      vertex 1.11201 -12.5905 0.589999
    endloop
  endfacet
  facet normal -0.17086 0.985295 0
    outer loop
      vertex 0.836363 -12.6383 0.589999
      vertex 1.11201 -12.5905 0
      vertex 0.836363 -12.6383 0
    endloop
  endfacet
  facet normal 0.788277 0.615321 0
    outer loop
      vertex -4.40616 -10.616 0.589999
      vertex -4.57828 -10.3955 0
      vertex -4.57828 -10.3955 0.589999
    endloop
  endfacet
  facet normal 0.788277 0.615321 0
    outer loop
      vertex -4.57828 -10.3955 0
      vertex -4.40616 -10.616 0.589999
      vertex -4.40616 -10.616 0
    endloop
  endfacet
  facet normal -0.975702 0.219102 0
    outer loop
      vertex 5.52918 -8.38499 0
      vertex 5.59048 -8.11201 0.589999
      vertex 5.59048 -8.11201 0
    endloop
  endfacet
  facet normal -0.975702 0.219102 0
    outer loop
      vertex 5.59048 -8.11201 0.589999
      vertex 5.52918 -8.38499 0
      vertex 5.52918 -8.38499 0.589999
    endloop
  endfacet
  facet normal 0.817651 0.575715 0
    outer loop
      vertex -4.57828 -10.3955 0.589999
      vertex -4.73938 -10.1667 0
      vertex -4.73938 -10.1667 0.589999
    endloop
  endfacet
  facet normal 0.817651 0.575715 0
    outer loop
      vertex -4.73938 -10.1667 0
      vertex -4.57828 -10.3955 0.589999
      vertex -4.57828 -10.3955 0
    endloop
  endfacet
  facet normal -0.449614 -0.893223 0
    outer loop
      vertex 2.43706 -1.84726 0
      vertex 2.68696 -1.97305 0.589999
      vertex 2.43706 -1.84726 0.589999
    endloop
  endfacet
  facet normal -0.449614 -0.893223 -0
    outer loop
      vertex 2.68696 -1.97305 0.589999
      vertex 2.43706 -1.84726 0
      vertex 2.68696 -1.97305 0
    endloop
  endfacet
  facet normal 0.689521 0.724265 -0
    outer loop
      vertex -3.82789 -11.2234 0
      vertex -4.03051 -11.0305 0.589999
      vertex -3.82789 -11.2234 0.589999
    endloop
  endfacet
  facet normal 0.689521 0.724265 0
    outer loop
      vertex -4.03051 -11.0305 0.589999
      vertex -3.82789 -11.2234 0
      vertex -4.03051 -11.0305 0
    endloop
  endfacet
  facet normal -0.122598 0.992456 0
    outer loop
      vertex 0.836363 -12.6383 0
      vertex 0.558697 -12.6726 0.589999
      vertex 0.836363 -12.6383 0.589999
    endloop
  endfacet
  facet normal -0.122598 0.992456 0
    outer loop
      vertex 0.558697 -12.6726 0.589999
      vertex 0.836363 -12.6383 0
      vertex 0.558697 -12.6726 0
    endloop
  endfacet
  facet normal -0.492894 0.870089 0
    outer loop
      vertex 2.93039 -11.8891 0
      vertex 2.68696 -12.027 0.589999
      vertex 2.93039 -11.8891 0.589999
    endloop
  endfacet
  facet normal -0.492894 0.870089 0
    outer loop
      vertex 2.68696 -12.027 0.589999
      vertex 2.93039 -11.8891 0
      vertex 2.68696 -12.027 0
    endloop
  endfacet
  facet normal -0.535066 0.84481 0
    outer loop
      vertex 3.16675 -11.7394 0
      vertex 2.93039 -11.8891 0.589999
      vertex 3.16675 -11.7394 0.589999
    endloop
  endfacet
  facet normal -0.535066 0.84481 0
    outer loop
      vertex 2.93039 -11.8891 0.589999
      vertex 3.16675 -11.7394 0
      vertex 2.93039 -11.8891 0
    endloop
  endfacet
  facet normal -0.914211 -0.405239 0
    outer loop
      vertex 5.26611 -4.8187 0
      vertex 5.15274 -4.56294 0.589999
      vertex 5.15274 -4.56294 0
    endloop
  endfacet
  facet normal -0.914211 -0.405239 0
    outer loop
      vertex 5.15274 -4.56294 0.589999
      vertex 5.26611 -4.8187 0
      vertex 5.26611 -4.8187 0.589999
    endloop
  endfacet
  facet normal 0.949527 0.313685 0
    outer loop
      vertex -5.3668 -8.92027 0.589999
      vertex -5.45456 -8.65462 0
      vertex -5.45456 -8.65462 0.589999
    endloop
  endfacet
  facet normal 0.949527 0.313685 0
    outer loop
      vertex -5.45456 -8.65462 0
      vertex -5.3668 -8.92027 0.589999
      vertex -5.3668 -8.92027 0
    endloop
  endfacet
  facet normal -0.405239 -0.914211 0
    outer loop
      vertex 2.1813 -1.73389 0
      vertex 2.43706 -1.84726 0.589999
      vertex 2.1813 -1.73389 0.589999
    endloop
  endfacet
  facet normal -0.405239 -0.914211 -0
    outer loop
      vertex 2.43706 -1.84726 0.589999
      vertex 2.1813 -1.73389 0
      vertex 2.43706 -1.84726 0
    endloop
  endfacet
  facet normal 0.932993 0.359894 0
    outer loop
      vertex -5.26611 -9.1813 0.589999
      vertex -5.3668 -8.92027 0
      vertex -5.3668 -8.92027 0.589999
    endloop
  endfacet
  facet normal 0.932993 0.359894 0
    outer loop
      vertex -5.3668 -8.92027 0
      vertex -5.26611 -9.1813 0.589999
      vertex -5.26611 -9.1813 0
    endloop
  endfacet
  facet normal 0.122598 0.992456 -0
    outer loop
      vertex -0.558697 -12.6726 0
      vertex -0.836363 -12.6383 0.589999
      vertex -0.558697 -12.6726 0.589999
    endloop
  endfacet
  facet normal 0.122598 0.992456 0
    outer loop
      vertex -0.836363 -12.6383 0.589999
      vertex -0.558697 -12.6726 0
      vertex -0.836363 -12.6383 0
    endloop
  endfacet
  facet normal 0.359894 -0.932993 0
    outer loop
      vertex -2.1813 -1.73389 0
      vertex -1.92027 -1.6332 0.589999
      vertex -2.1813 -1.73389 0.589999
    endloop
  endfacet
  facet normal 0.359894 -0.932993 0
    outer loop
      vertex -1.92027 -1.6332 0.589999
      vertex -2.1813 -1.73389 0
      vertex -1.92027 -1.6332 0
    endloop
  endfacet
  facet normal -0.949527 0.313685 0
    outer loop
      vertex 5.3668 -8.92027 0
      vertex 5.45456 -8.65462 0.589999
      vertex 5.45456 -8.65462 0
    endloop
  endfacet
  facet normal -0.949527 0.313685 0
    outer loop
      vertex 5.45456 -8.65462 0.589999
      vertex 5.3668 -8.92027 0
      vertex 5.3668 -8.92027 0.589999
    endloop
  endfacet
  facet normal -0.689521 0.724265 0
    outer loop
      vertex 4.03051 -11.0305 0
      vertex 3.82789 -11.2234 0.589999
      vertex 4.03051 -11.0305 0.589999
    endloop
  endfacet
  facet normal -0.689521 0.724265 0
    outer loop
      vertex 3.82789 -11.2234 0.589999
      vertex 4.03051 -11.0305 0
      vertex 3.82789 -11.2234 0
    endloop
  endfacet
  facet normal 0.975702 -0.219102 0
    outer loop
      vertex -5.59048 -5.88799 0.589999
      vertex -5.52918 -5.61501 0
      vertex -5.52918 -5.61501 0.589999
    endloop
  endfacet
  facet normal 0.975702 -0.219102 0
    outer loop
      vertex -5.52918 -5.61501 0
      vertex -5.59048 -5.88799 0.589999
      vertex -5.59048 -5.88799 0
    endloop
  endfacet
  facet normal 0.219102 -0.975702 0
    outer loop
      vertex -1.38499 -1.47082 0
      vertex -1.11201 -1.40952 0.589999
      vertex -1.38499 -1.47082 0.589999
    endloop
  endfacet
  facet normal 0.219102 -0.975702 0
    outer loop
      vertex -1.11201 -1.40952 0.589999
      vertex -1.38499 -1.47082 0
      vertex -1.11201 -1.40952 0
    endloop
  endfacet
  facet normal 0.073276 0.997312 -0
    outer loop
      vertex -0.279685 -12.6931 0
      vertex -0.558697 -12.6726 0.589999
      vertex -0.279685 -12.6931 0.589999
    endloop
  endfacet
  facet normal 0.073276 0.997312 0
    outer loop
      vertex -0.558697 -12.6726 0.589999
      vertex -0.279685 -12.6931 0
      vertex -0.558697 -12.6726 0
    endloop
  endfacet
  facet normal -0.0245559 -0.999698 0
    outer loop
      vertex 0 -1.3 0
      vertex 0.279685 -1.30687 0.589999
      vertex 0 -1.3 0.589999
    endloop
  endfacet
  facet normal -0.0245559 -0.999698 -0
    outer loop
      vertex 0.279685 -1.30687 0.589999
      vertex 0 -1.3 0
      vertex 0.279685 -1.30687 0
    endloop
  endfacet
  facet normal -0.932993 -0.359894 0
    outer loop
      vertex 5.3668 -5.07973 0
      vertex 5.26611 -4.8187 0.589999
      vertex 5.26611 -4.8187 0
    endloop
  endfacet
  facet normal -0.932993 -0.359894 0
    outer loop
      vertex 5.26611 -4.8187 0.589999
      vertex 5.3668 -5.07973 0
      vertex 5.3668 -5.07973 0.589999
    endloop
  endfacet
  facet normal 0.997291 -0.073561 0
    outer loop
      vertex -5.69313 -6.72031 0.589999
      vertex -5.67255 -6.4413 0
      vertex -5.67255 -6.4413 0.589999
    endloop
  endfacet
  facet normal 0.997291 -0.073561 0
    outer loop
      vertex -5.67255 -6.4413 0
      vertex -5.69313 -6.72031 0.589999
      vertex -5.69313 -6.72031 0
    endloop
  endfacet
  facet normal -0.724214 0.689576 0
    outer loop
      vertex 4.03051 -11.0305 0
      vertex 4.22342 -10.8279 0.589999
      vertex 4.22342 -10.8279 0
    endloop
  endfacet
  facet normal -0.724214 0.689576 0
    outer loop
      vertex 4.22342 -10.8279 0.589999
      vertex 4.03051 -11.0305 0
      vertex 4.03051 -11.0305 0.589999
    endloop
  endfacet
  facet normal 0.985278 -0.170963 0
    outer loop
      vertex -5.63831 -6.16364 0.589999
      vertex -5.59048 -5.88799 0
      vertex -5.59048 -5.88799 0.589999
    endloop
  endfacet
  facet normal 0.985278 -0.170963 0
    outer loop
      vertex -5.59048 -5.88799 0
      vertex -5.63831 -6.16364 0.589999
      vertex -5.63831 -6.16364 0
    endloop
  endfacet
  facet normal -0.534989 -0.844859 0
    outer loop
      vertex 2.93039 -2.11095 0
      vertex 3.16675 -2.26062 0.589999
      vertex 2.93039 -2.11095 0.589999
    endloop
  endfacet
  facet normal -0.534989 -0.844859 -0
    outer loop
      vertex 3.16675 -2.26062 0.589999
      vertex 2.93039 -2.11095 0
      vertex 3.16675 -2.26062 0
    endloop
  endfacet
  facet normal 0.0735604 -0.997291 0
    outer loop
      vertex -0.558697 -1.32745 0
      vertex -0.279685 -1.30687 0.589999
      vertex -0.558697 -1.32745 0.589999
    endloop
  endfacet
  facet normal 0.0735604 -0.997291 0
    outer loop
      vertex -0.279685 -1.30687 0.589999
      vertex -0.558697 -1.32745 0
      vertex -0.279685 -1.30687 0
    endloop
  endfacet
  facet normal -0.653167 -0.757214 0
    outer loop
      vertex 3.61604 -2.59384 0
      vertex 3.82789 -2.77658 0.589999
      vertex 3.61604 -2.59384 0.589999
    endloop
  endfacet
  facet normal -0.653167 -0.757214 -0
    outer loop
      vertex 3.82789 -2.77658 0.589999
      vertex 3.61604 -2.59384 0
      vertex 3.82789 -2.77658 0
    endloop
  endfacet
  facet normal -0.757214 -0.653167 0
    outer loop
      vertex 4.40616 -3.38396 0
      vertex 4.22342 -3.17211 0.589999
      vertex 4.22342 -3.17211 0
    endloop
  endfacet
  facet normal -0.757214 -0.653167 0
    outer loop
      vertex 4.22342 -3.17211 0.589999
      vertex 4.40616 -3.38396 0
      vertex 4.40616 -3.38396 0.589999
    endloop
  endfacet
  facet normal 0.893223 0.449614 0
    outer loop
      vertex -5.02695 -9.68696 0.589999
      vertex -5.15274 -9.43706 0
      vertex -5.15274 -9.43706 0.589999
    endloop
  endfacet
  facet normal 0.893223 0.449614 0
    outer loop
      vertex -5.15274 -9.43706 0
      vertex -5.02695 -9.68696 0.589999
      vertex -5.02695 -9.68696 0
    endloop
  endfacet
  facet normal 0.788345 -0.615234 0
    outer loop
      vertex -4.57828 -3.60451 0.589999
      vertex -4.40616 -3.38396 0
      vertex -4.40616 -3.38396 0.589999
    endloop
  endfacet
  facet normal 0.788345 -0.615234 0
    outer loop
      vertex -4.40616 -3.38396 0
      vertex -4.57828 -3.60451 0.589999
      vertex -4.57828 -3.60451 0
    endloop
  endfacet
  facet normal 0.75729 0.653078 0
    outer loop
      vertex -4.22342 -10.8279 0.589999
      vertex -4.40616 -10.616 0
      vertex -4.40616 -10.616 0.589999
    endloop
  endfacet
  facet normal 0.75729 0.653078 0
    outer loop
      vertex -4.40616 -10.616 0
      vertex -4.22342 -10.8279 0.589999
      vertex -4.22342 -10.8279 0
    endloop
  endfacet
  facet normal 0.653289 0.757108 -0
    outer loop
      vertex -3.61604 -11.4062 0
      vertex -3.82789 -11.2234 0.589999
      vertex -3.61604 -11.4062 0.589999
    endloop
  endfacet
  facet normal 0.653289 0.757108 0
    outer loop
      vertex -3.82789 -11.2234 0.589999
      vertex -3.61604 -11.4062 0
      vertex -3.82789 -11.2234 0
    endloop
  endfacet
  facet normal -0.449357 0.893352 0
    outer loop
      vertex 2.68696 -12.027 0
      vertex 2.43706 -12.1527 0.589999
      vertex 2.68696 -12.027 0.589999
    endloop
  endfacet
  facet normal -0.449357 0.893352 0
    outer loop
      vertex 2.43706 -12.1527 0.589999
      vertex 2.68696 -12.027 0
      vertex 2.43706 -12.1527 0
    endloop
  endfacet
  facet normal 0.949527 -0.313685 0
    outer loop
      vertex -5.45456 -5.34538 0.589999
      vertex -5.3668 -5.07973 0
      vertex -5.3668 -5.07973 0.589999
    endloop
  endfacet
  facet normal 0.949527 -0.313685 0
    outer loop
      vertex -5.3668 -5.07973 0
      vertex -5.45456 -5.34538 0.589999
      vertex -5.45456 -5.34538 0
    endloop
  endfacet
  facet normal -0.266724 -0.963773 0
    outer loop
      vertex 1.38499 -1.47082 0
      vertex 1.65462 -1.54544 0.589999
      vertex 1.38499 -1.47082 0.589999
    endloop
  endfacet
  facet normal -0.266724 -0.963773 -0
    outer loop
      vertex 1.65462 -1.54544 0.589999
      vertex 1.38499 -1.47082 0
      vertex 1.65462 -1.54544 0
    endloop
  endfacet
  facet normal 0.492894 0.870089 -0
    outer loop
      vertex -2.68696 -12.027 0
      vertex -2.93039 -11.8891 0.589999
      vertex -2.68696 -12.027 0.589999
    endloop
  endfacet
  facet normal 0.492894 0.870089 0
    outer loop
      vertex -2.93039 -11.8891 0.589999
      vertex -2.68696 -12.027 0
      vertex -2.93039 -11.8891 0
    endloop
  endfacet
  facet normal 0.405239 -0.914211 0
    outer loop
      vertex -2.43706 -1.84726 0
      vertex -2.1813 -1.73389 0.589999
      vertex -2.43706 -1.84726 0.589999
    endloop
  endfacet
  facet normal 0.405239 -0.914211 0
    outer loop
      vertex -2.1813 -1.73389 0.589999
      vertex -2.43706 -1.84726 0
      vertex -2.1813 -1.73389 0
    endloop
  endfacet
  facet normal 0.914211 -0.405239 0
    outer loop
      vertex -5.26611 -4.8187 0.589999
      vertex -5.15274 -4.56294 0
      vertex -5.15274 -4.56294 0.589999
    endloop
  endfacet
  facet normal 0.914211 -0.405239 0
    outer loop
      vertex -5.15274 -4.56294 0
      vertex -5.26611 -4.8187 0.589999
      vertex -5.26611 -4.8187 0
    endloop
  endfacet
  facet normal -0.817651 0.575715 0
    outer loop
      vertex 4.57828 -10.3955 0
      vertex 4.73938 -10.1667 0.589999
      vertex 4.73938 -10.1667 0
    endloop
  endfacet
  facet normal -0.817651 0.575715 0
    outer loop
      vertex 4.73938 -10.1667 0.589999
      vertex 4.57828 -10.3955 0
      vertex 4.57828 -10.3955 0.589999
    endloop
  endfacet
  facet normal -0.405329 0.914171 0
    outer loop
      vertex 2.43706 -12.1527 0
      vertex 2.1813 -12.2661 0.589999
      vertex 2.43706 -12.1527 0.589999
    endloop
  endfacet
  facet normal -0.405329 0.914171 0
    outer loop
      vertex 2.1813 -12.2661 0.589999
      vertex 2.43706 -12.1527 0
      vertex 2.1813 -12.2661 0
    endloop
  endfacet
  facet normal 0.893223 -0.449614 0
    outer loop
      vertex -5.15274 -4.56294 0.589999
      vertex -5.02695 -4.31304 0
      vertex -5.02695 -4.31304 0.589999
    endloop
  endfacet
  facet normal 0.893223 -0.449614 0
    outer loop
      vertex -5.02695 -4.31304 0
      vertex -5.15274 -4.56294 0.589999
      vertex -5.15274 -4.56294 0
    endloop
  endfacet
  facet normal 0.985278 0.170963 0
    outer loop
      vertex -5.59048 -8.11201 0.589999
      vertex -5.63831 -7.83636 0
      vertex -5.63831 -7.83636 0.589999
    endloop
  endfacet
  facet normal 0.985278 0.170963 0
    outer loop
      vertex -5.63831 -7.83636 0
      vertex -5.59048 -8.11201 0.589999
      vertex -5.59048 -8.11201 0
    endloop
  endfacet
  facet normal 0.992482 0.122389 0
    outer loop
      vertex -5.63831 -7.83636 0.589999
      vertex -5.67255 -7.5587 0
      vertex -5.67255 -7.5587 0.589999
    endloop
  endfacet
  facet normal 0.992482 0.122389 0
    outer loop
      vertex -5.67255 -7.5587 0
      vertex -5.63831 -7.83636 0.589999
      vertex -5.63831 -7.83636 0
    endloop
  endfacet
  facet normal 0.999698 -0.0245555 0
    outer loop
      vertex -5.7 -7 0.589999
      vertex -5.69313 -6.72031 0
      vertex -5.69313 -6.72031 0.589999
    endloop
  endfacet
  facet normal 0.999698 -0.0245555 0
    outer loop
      vertex -5.69313 -6.72031 0
      vertex -5.7 -7 0.589999
      vertex -5.7 -7 0
    endloop
  endfacet
  facet normal -0.985278 0.170963 0
    outer loop
      vertex 5.59048 -8.11201 0
      vertex 5.63831 -7.83636 0.589999
      vertex 5.63831 -7.83636 0
    endloop
  endfacet
  facet normal -0.985278 0.170963 0
    outer loop
      vertex 5.63831 -7.83636 0.589999
      vertex 5.59048 -8.11201 0
      vertex 5.59048 -8.11201 0.589999
    endloop
  endfacet
  facet normal 0.492894 -0.870089 0
    outer loop
      vertex -2.93039 -2.11095 0
      vertex -2.68696 -1.97305 0.589999
      vertex -2.93039 -2.11095 0.589999
    endloop
  endfacet
  facet normal 0.492894 -0.870089 0
    outer loop
      vertex -2.68696 -1.97305 0.589999
      vertex -2.93039 -2.11095 0
      vertex -2.68696 -1.97305 0
    endloop
  endfacet
  facet normal 0.997291 0.073561 0
    outer loop
      vertex -5.67255 -7.5587 0.589999
      vertex -5.69313 -7.27969 0
      vertex -5.69313 -7.27969 0.589999
    endloop
  endfacet
  facet normal 0.997291 0.073561 0
    outer loop
      vertex -5.69313 -7.27969 0
      vertex -5.67255 -7.5587 0.589999
      vertex -5.67255 -7.5587 0
    endloop
  endfacet
  facet normal -0.313685 -0.949527 0
    outer loop
      vertex 1.65462 -1.54544 0
      vertex 1.92027 -1.6332 0.589999
      vertex 1.65462 -1.54544 0.589999
    endloop
  endfacet
  facet normal -0.313685 -0.949527 -0
    outer loop
      vertex 1.92027 -1.6332 0.589999
      vertex 1.65462 -1.54544 0
      vertex 1.92027 -1.6332 0
    endloop
  endfacet
  facet normal -0.575816 0.81758 0
    outer loop
      vertex 3.39549 -11.5783 0
      vertex 3.16675 -11.7394 0.589999
      vertex 3.39549 -11.5783 0.589999
    endloop
  endfacet
  facet normal -0.575816 0.81758 0
    outer loop
      vertex 3.16675 -11.7394 0.589999
      vertex 3.39549 -11.5783 0
      vertex 3.16675 -11.7394 0
    endloop
  endfacet
  facet normal -0.788345 -0.615234 0
    outer loop
      vertex 4.57828 -3.60451 0
      vertex 4.40616 -3.38396 0.589999
      vertex 4.40616 -3.38396 0
    endloop
  endfacet
  facet normal -0.788345 -0.615234 0
    outer loop
      vertex 4.40616 -3.38396 0.589999
      vertex 4.57828 -3.60451 0
      vertex 4.57828 -3.60451 0.589999
    endloop
  endfacet
  facet normal 0.963773 -0.266724 0
    outer loop
      vertex -5.52918 -5.61501 0.589999
      vertex -5.45456 -5.34538 0
      vertex -5.45456 -5.34538 0.589999
    endloop
  endfacet
  facet normal 0.963773 -0.266724 0
    outer loop
      vertex -5.45456 -5.34538 0
      vertex -5.52918 -5.61501 0.589999
      vertex -5.52918 -5.61501 0
    endloop
  endfacet
  facet normal 0.575816 0.81758 -0
    outer loop
      vertex -3.16675 -11.7394 0
      vertex -3.39549 -11.5783 0.589999
      vertex -3.16675 -11.7394 0.589999
    endloop
  endfacet
  facet normal 0.575816 0.81758 0
    outer loop
      vertex -3.39549 -11.5783 0.589999
      vertex -3.16675 -11.7394 0
      vertex -3.39549 -11.5783 0
    endloop
  endfacet
  facet normal -0.122387 -0.992483 0
    outer loop
      vertex 0.558697 -1.32745 0
      vertex 0.836363 -1.36169 0.589999
      vertex 0.558697 -1.32745 0.589999
    endloop
  endfacet
  facet normal -0.122387 -0.992483 -0
    outer loop
      vertex 0.836363 -1.36169 0.589999
      vertex 0.558697 -1.32745 0
      vertex 0.836363 -1.36169 0
    endloop
  endfacet
  facet normal -0.724248 -0.68954 0
    outer loop
      vertex 4.22342 -3.17211 0
      vertex 4.03051 -2.96949 0.589999
      vertex 4.03051 -2.96949 0
    endloop
  endfacet
  facet normal -0.724248 -0.68954 0
    outer loop
      vertex 4.03051 -2.96949 0.589999
      vertex 4.22342 -3.17211 0
      vertex 4.22342 -3.17211 0.589999
    endloop
  endfacet
  facet normal -0.359925 0.932981 0
    outer loop
      vertex 2.1813 -12.2661 0
      vertex 1.92027 -12.3668 0.589999
      vertex 2.1813 -12.2661 0.589999
    endloop
  endfacet
  facet normal -0.359925 0.932981 0
    outer loop
      vertex 1.92027 -12.3668 0.589999
      vertex 2.1813 -12.2661 0
      vertex 1.92027 -12.3668 0
    endloop
  endfacet
  facet normal 0.844808 0.53507 0
    outer loop
      vertex -4.73938 -10.1667 0.589999
      vertex -4.88905 -9.93039 0
      vertex -4.88905 -9.93039 0.589999
    endloop
  endfacet
  facet normal 0.844808 0.53507 0
    outer loop
      vertex -4.88905 -9.93039 0
      vertex -4.73938 -10.1667 0.589999
      vertex -4.73938 -10.1667 0
    endloop
  endfacet
  facet normal 0.992482 -0.122389 0
    outer loop
      vertex -5.67255 -6.4413 0.589999
      vertex -5.63831 -6.16364 0
      vertex -5.63831 -6.16364 0.589999
    endloop
  endfacet
  facet normal 0.992482 -0.122389 0
    outer loop
      vertex -5.63831 -6.16364 0
      vertex -5.67255 -6.4413 0.589999
      vertex -5.67255 -6.4413 0
    endloop
  endfacet
  facet normal 0.757214 -0.653167 0
    outer loop
      vertex -4.40616 -3.38396 0.589999
      vertex -4.22342 -3.17211 0
      vertex -4.22342 -3.17211 0.589999
    endloop
  endfacet
  facet normal 0.757214 -0.653167 0
    outer loop
      vertex -4.22342 -3.17211 0
      vertex -4.40616 -3.38396 0.589999
      vertex -4.40616 -3.38396 0
    endloop
  endfacet
  facet normal 0.932993 -0.359894 0
    outer loop
      vertex -5.3668 -5.07973 0.589999
      vertex -5.26611 -4.8187 0
      vertex -5.26611 -4.8187 0.589999
    endloop
  endfacet
  facet normal 0.932993 -0.359894 0
    outer loop
      vertex -5.26611 -4.8187 0
      vertex -5.3668 -5.07973 0.589999
      vertex -5.3668 -5.07973 0
    endloop
  endfacet
  facet normal 0.870089 0.492894 0
    outer loop
      vertex -4.88905 -9.93039 0.589999
      vertex -5.02695 -9.68696 0
      vertex -5.02695 -9.68696 0.589999
    endloop
  endfacet
  facet normal 0.870089 0.492894 0
    outer loop
      vertex -5.02695 -9.68696 0
      vertex -4.88905 -9.93039 0.589999
      vertex -4.88905 -9.93039 0
    endloop
  endfacet
  facet normal -0.219102 -0.975702 0
    outer loop
      vertex 1.11201 -1.40952 0
      vertex 1.38499 -1.47082 0.589999
      vertex 1.11201 -1.40952 0.589999
    endloop
  endfacet
  facet normal -0.219102 -0.975702 -0
    outer loop
      vertex 1.38499 -1.47082 0.589999
      vertex 1.11201 -1.40952 0
      vertex 1.38499 -1.47082 0
    endloop
  endfacet
  facet normal 0.266724 -0.963773 0
    outer loop
      vertex -1.65462 -1.54544 0
      vertex -1.38499 -1.47082 0.589999
      vertex -1.65462 -1.54544 0.589999
    endloop
  endfacet
  facet normal 0.266724 -0.963773 0
    outer loop
      vertex -1.38499 -1.47082 0.589999
      vertex -1.65462 -1.54544 0
      vertex -1.38499 -1.47082 0
    endloop
  endfacet
  facet normal 0.359925 0.932981 -0
    outer loop
      vertex -1.92027 -12.3668 0
      vertex -2.1813 -12.2661 0.589999
      vertex -1.92027 -12.3668 0.589999
    endloop
  endfacet
  facet normal 0.359925 0.932981 0
    outer loop
      vertex -2.1813 -12.2661 0.589999
      vertex -1.92027 -12.3668 0
      vertex -2.1813 -12.2661 0
    endloop
  endfacet
  facet normal 0.313814 0.949484 -0
    outer loop
      vertex -1.65462 -12.4546 0
      vertex -1.92027 -12.3668 0.589999
      vertex -1.65462 -12.4546 0.589999
    endloop
  endfacet
  facet normal 0.313814 0.949484 0
    outer loop
      vertex -1.92027 -12.3668 0.589999
      vertex -1.65462 -12.4546 0
      vertex -1.92027 -12.3668 0
    endloop
  endfacet
  facet normal 0.266657 0.963791 -0
    outer loop
      vertex -1.38499 -12.5292 0
      vertex -1.65462 -12.4546 0.589999
      vertex -1.38499 -12.5292 0.589999
    endloop
  endfacet
  facet normal 0.266657 0.963791 0
    outer loop
      vertex -1.65462 -12.4546 0.589999
      vertex -1.38499 -12.5292 0
      vertex -1.65462 -12.4546 0
    endloop
  endfacet
  facet normal 0.219102 0.975702 -0
    outer loop
      vertex -1.11201 -12.5905 0
      vertex -1.38499 -12.5292 0.589999
      vertex -1.11201 -12.5905 0.589999
    endloop
  endfacet
  facet normal 0.219102 0.975702 0
    outer loop
      vertex -1.38499 -12.5292 0.589999
      vertex -1.11201 -12.5905 0
      vertex -1.38499 -12.5292 0
    endloop
  endfacet
  facet normal -0.870089 0.492894 0
    outer loop
      vertex 4.88905 -9.93039 0
      vertex 5.02695 -9.68696 0.589999
      vertex 5.02695 -9.68696 0
    endloop
  endfacet
  facet normal -0.870089 0.492894 0
    outer loop
      vertex 5.02695 -9.68696 0.589999
      vertex 4.88905 -9.93039 0
      vertex 4.88905 -9.93039 0.589999
    endloop
  endfacet
  facet normal 0.0246631 0.999696 -0
    outer loop
      vertex 0 -12.7 0
      vertex -0.279685 -12.6931 0.589999
      vertex 0 -12.7 0.589999
    endloop
  endfacet
  facet normal 0.0246631 0.999696 0
    outer loop
      vertex -0.279685 -12.6931 0.589999
      vertex 0 -12.7 0
      vertex -0.279685 -12.6931 0
    endloop
  endfacet
  facet normal 0.963773 0.266724 0
    outer loop
      vertex -5.45456 -8.65462 0.589999
      vertex -5.52918 -8.38499 0
      vertex -5.52918 -8.38499 0.589999
    endloop
  endfacet
  facet normal 0.963773 0.266724 0
    outer loop
      vertex -5.52918 -8.38499 0
      vertex -5.45456 -8.65462 0.589999
      vertex -5.45456 -8.65462 0
    endloop
  endfacet
  facet normal 0.724248 -0.68954 0
    outer loop
      vertex -4.22342 -3.17211 0.589999
      vertex -4.03051 -2.96949 0
      vertex -4.03051 -2.96949 0.589999
    endloop
  endfacet
  facet normal 0.724248 -0.68954 0
    outer loop
      vertex -4.03051 -2.96949 0
      vertex -4.22342 -3.17211 0.589999
      vertex -4.22342 -3.17211 0
    endloop
  endfacet
  facet normal 0.449357 0.893352 -0
    outer loop
      vertex -2.43706 -12.1527 0
      vertex -2.68696 -12.027 0.589999
      vertex -2.43706 -12.1527 0.589999
    endloop
  endfacet
  facet normal 0.449357 0.893352 0
    outer loop
      vertex -2.68696 -12.027 0.589999
      vertex -2.43706 -12.1527 0
      vertex -2.68696 -12.027 0
    endloop
  endfacet
  facet normal 0.914211 0.405239 0
    outer loop
      vertex -5.15274 -9.43706 0.589999
      vertex -5.26611 -9.1813 0
      vertex -5.26611 -9.1813 0.589999
    endloop
  endfacet
  facet normal 0.914211 0.405239 0
    outer loop
      vertex -5.26611 -9.1813 0
      vertex -5.15274 -9.43706 0.589999
      vertex -5.15274 -9.43706 0
    endloop
  endfacet
  facet normal 0.405329 0.914171 -0
    outer loop
      vertex -2.1813 -12.2661 0
      vertex -2.43706 -12.1527 0.589999
      vertex -2.1813 -12.2661 0.589999
    endloop
  endfacet
  facet normal 0.405329 0.914171 0
    outer loop
      vertex -2.43706 -12.1527 0.589999
      vertex -2.1813 -12.2661 0
      vertex -2.43706 -12.1527 0
    endloop
  endfacet
  facet normal 0.844859 -0.534989 0
    outer loop
      vertex -4.88905 -4.06961 0.589999
      vertex -4.73938 -3.83325 0
      vertex -4.73938 -3.83325 0.589999
    endloop
  endfacet
  facet normal 0.844859 -0.534989 0
    outer loop
      vertex -4.73938 -3.83325 0
      vertex -4.88905 -4.06961 0.589999
      vertex -4.88905 -4.06961 0
    endloop
  endfacet
  facet normal -0.438469 -0.692433 0.572959
    outer loop
      vertex 3.16675 -2.26062 0.589999
      vertex 3.71124 -1.43869 2
      vertex 2.93039 -2.11095 0.589999
    endloop
  endfacet
  facet normal -0.437577 -0.693005 0.572949
    outer loop
      vertex 3.71124 -1.43869 2
      vertex 3.16675 -2.26062 0.589999
      vertex 3.71455 -1.44078 2
    endloop
  endfacet
  facet normal -0.062811 0.817171 0.572963
    outer loop
      vertex 0.558697 -12.6726 0.589999
      vertex 0.651441 -13.6541 2
      vertex 0.655344 -13.6538 2
    endloop
  endfacet
  facet normal -0.0600569 0.817395 0.572938
    outer loop
      vertex 0.651441 -13.6541 2
      vertex 0.558697 -12.6726 0.589999
      vertex 0.279685 -12.6931 0.589999
    endloop
  endfacet
  facet normal 0.817321 -0.0607752 0.572968
    outer loop
      vertex -6.65411 -6.34856 2
      vertex -5.67255 -6.4413 0.589999
      vertex -6.65382 -6.34466 2
    endloop
  endfacet
  facet normal 0.81736 -0.0602891 0.572964
    outer loop
      vertex -5.67255 -6.4413 0.589999
      vertex -6.65411 -6.34856 2
      vertex -5.69313 -6.72031 0.589999
    endloop
  endfacet
  facet normal -0.819337 -0.0200948 0.57296
    outer loop
      vertex 6.68601 -7 2
      vertex 6.67806 -6.67585 2
      vertex 5.7 -7 0.589999
    endloop
  endfacet
  facet normal -0.819309 -0.0209007 0.572972
    outer loop
      vertex 5.69313 -6.72031 0.589999
      vertex 6.67806 -6.67585 2
      vertex 6.67796 -6.67193 2
    endloop
  endfacet
  facet normal -0.819333 -0.0201252 0.572964
    outer loop
      vertex 6.67806 -6.67585 2
      vertex 5.69313 -6.72031 0.589999
      vertex 5.7 -7 0.589999
    endloop
  endfacet
  facet normal -0.81736 0.0602891 0.572964
    outer loop
      vertex 5.67255 -7.5587 0.589999
      vertex 6.65411 -7.65144 2
      vertex 5.69313 -7.27969 0.589999
    endloop
  endfacet
  facet normal -0.817321 0.0607752 0.572968
    outer loop
      vertex 6.65411 -7.65144 2
      vertex 5.67255 -7.5587 0.589999
      vertex 6.65382 -7.65534 2
    endloop
  endfacet
  facet normal 0.0201147 -0.819335 0.572961
    outer loop
      vertex 0 -1.3 0.589999
      vertex 0 -0.313986 2
      vertex -0.324155 -0.321944 2
    endloop
  endfacet
  facet normal 0.764557 -0.29535 0.572905
    outer loop
      vertex -6.29518 -4.74755 2
      vertex -5.26611 -4.8187 0.589999
      vertex -6.29377 -4.7439 2
    endloop
  endfacet
  facet normal 0.764664 -0.294962 0.572963
    outer loop
      vertex -5.26611 -4.8187 0.589999
      vertex -6.29518 -4.74755 2
      vertex -5.3668 -5.07973 0.589999
    endloop
  endfacet
  facet normal -0.294963 0.764653 0.572977
    outer loop
      vertex 2.2561 -13.2938 2
      vertex 2.55863 -13.1771 2
      vertex 2.1813 -12.2661 0.589999
    endloop
  endfacet
  facet normal -0.692389 0.438534 0.572962
    outer loop
      vertex 4.73938 -10.1667 0.589999
      vertex 5.56131 -10.7112 2
      vertex 4.88905 -9.93039 0.589999
    endloop
  endfacet
  facet normal -0.698299 0.429248 0.572821
    outer loop
      vertex 5.56131 -10.7112 2
      vertex 4.73938 -10.1667 0.589999
      vertex 5.55922 -10.7146 2
    endloop
  endfacet
  facet normal -0.778214 0.25709 0.572963
    outer loop
      vertex 5.3668 -8.92027 0.589999
      vertex 6.39812 -8.94085 2
      vertex 5.45456 -8.65462 0.589999
    endloop
  endfacet
  facet normal -0.778025 0.257944 0.572837
    outer loop
      vertex 6.39812 -8.94085 2
      vertex 5.3668 -8.92027 0.589999
      vertex 6.39689 -8.94456 2
    endloop
  endfacet
  facet normal 0.749027 -0.332668 0.572967
    outer loop
      vertex -6.04567 -4.14494 2
      vertex -5.15274 -4.56294 0.589999
      vertex -6.04408 -4.14136 2
    endloop
  endfacet
  facet normal 0.749271 -0.332127 0.572961
    outer loop
      vertex -5.15274 -4.56294 0.589999
      vertex -6.04567 -4.14494 2
      vertex -5.26611 -4.8187 0.589999
    endloop
  endfacet
  facet normal -0.669545 -0.472866 0.572806
    outer loop
      vertex 4.57828 -3.60451 0.589999
      vertex 5.55922 -3.28545 2
      vertex 5.55696 -3.28225 2
    endloop
  endfacet
  facet normal -0.670074 -0.471928 0.572961
    outer loop
      vertex 5.55922 -3.28545 2
      vertex 4.57828 -3.60451 0.589999
      vertex 4.73938 -3.83325 0.589999
    endloop
  endfacet
  facet normal -0.764664 0.294962 0.572963
    outer loop
      vertex 5.26611 -9.1813 0.589999
      vertex 6.29518 -9.25245 2
      vertex 5.3668 -8.92027 0.589999
    endloop
  endfacet
  facet normal -0.764557 0.29535 0.572905
    outer loop
      vertex 6.29518 -9.25245 2
      vertex 5.26611 -9.1813 0.589999
      vertex 6.29377 -9.2561 2
    endloop
  endfacet
  facet normal 0.819333 0.0201252 0.572964
    outer loop
      vertex -6.67806 -7.32415 2
      vertex -5.69313 -7.27969 0.589999
      vertex -5.7 -7 0.589999
    endloop
  endfacet
  facet normal 0.819309 0.0209007 0.572972
    outer loop
      vertex -5.69313 -7.27969 0.589999
      vertex -6.67806 -7.32415 2
      vertex -6.67796 -7.32807 2
    endloop
  endfacet
  facet normal -0.140118 -0.807517 0.57296
    outer loop
      vertex 1.11201 -1.40952 0.589999
      vertex 1.30438 -0.442457 2
      vertex 0.984896 -0.387021 2
    endloop
  endfacet
  facet normal -0.0602932 -0.817361 0.572963
    outer loop
      vertex 0.651441 -0.345894 2
      vertex 0.328066 -0.32204 2
      vertex 0.279685 -1.30687 0.589999
    endloop
  endfacet
  facet normal 0.403975 0.713123 0.572939
    outer loop
      vertex -2.93039 -11.8891 0.589999
      vertex -3.43389 -12.7367 2
      vertex -2.68696 -12.027 0.589999
    endloop
  endfacet
  facet normal 0.398945 0.716002 0.572873
    outer loop
      vertex -3.43389 -12.7367 2
      vertex -2.93039 -11.8891 0.589999
      vertex -3.4373 -12.7348 2
    endloop
  endfacet
  facet normal -0.593542 0.565179 0.572958
    outer loop
      vertex 4.72773 -11.7277 2
      vertex 4.95131 -11.4929 2
      vertex 4.03051 -11.0305 0.589999
    endloop
  endfacet
  facet normal 0.438491 -0.692415 0.572963
    outer loop
      vertex -2.93039 -2.11095 0.589999
      vertex -3.4373 -1.26521 2
      vertex -3.71124 -1.43869 2
    endloop
  endfacet
  facet normal 0.29516 -0.76461 0.572933
    outer loop
      vertex -2.1813 -1.73389 0.589999
      vertex -2.25245 -0.704823 2
      vertex -2.2561 -0.706232 2
    endloop
  endfacet
  facet normal 0.294962 -0.764664 0.572962
    outer loop
      vertex -2.25245 -0.704823 2
      vertex -2.1813 -1.73389 0.589999
      vertex -1.92027 -1.6332 0.589999
    endloop
  endfacet
  facet normal -0.813413 0.10037 0.572962
    outer loop
      vertex 5.67255 -7.5587 0.589999
      vertex 6.65334 -7.65923 2
      vertex 6.65382 -7.65534 2
    endloop
  endfacet
  facet normal -0.81342 0.100308 0.572963
    outer loop
      vertex 6.65334 -7.65923 2
      vertex 5.67255 -7.5587 0.589999
      vertex 5.63831 -7.83636 0.589999
    endloop
  endfacet
  facet normal -0.646122 -0.504224 0.572962
    outer loop
      vertex 5.37026 -3.01715 2
      vertex 5.17077 -2.76152 2
      vertex 4.57828 -3.60451 0.589999
    endloop
  endfacet
  facet normal -0.732523 -0.367311 0.573142
    outer loop
      vertex 5.02695 -4.31304 0.589999
      vertex 6.04408 -4.14136 2
      vertex 6.04233 -4.13787 2
    endloop
  endfacet
  facet normal -0.732071 -0.368496 0.57296
    outer loop
      vertex 6.04408 -4.14136 2
      vertex 5.02695 -4.31304 0.589999
      vertex 5.15274 -4.56294 0.589999
    endloop
  endfacet
  facet normal -0.807516 0.14013 0.572959
    outer loop
      vertex 6.55754 -8.30438 2
      vertex 6.61298 -7.9849 2
      vertex 5.59048 -8.11201 0.589999
    endloop
  endfacet
  facet normal 0.565119 0.593594 0.572963
    outer loop
      vertex -4.03051 -11.0305 0.589999
      vertex -4.49005 -11.954 2
      vertex -3.82789 -11.2234 0.589999
    endloop
  endfacet
  facet normal 0.564666 0.593945 0.573046
    outer loop
      vertex -4.49005 -11.954 2
      vertex -4.03051 -11.0305 0.589999
      vertex -4.49289 -11.9513 2
    endloop
  endfacet
  facet normal 0.438532 0.6924 0.57295
    outer loop
      vertex -3.4373 -12.7348 2
      vertex -2.93039 -11.8891 0.589999
      vertex -3.71124 -12.5613 2
    endloop
  endfacet
  facet normal 0.0604075 0.817334 0.572989
    outer loop
      vertex -0.328066 -13.678 2
      vertex -0.279685 -12.6931 0.589999
      vertex -0.651441 -13.6541 2
    endloop
  endfacet
  facet normal -0.670119 0.471836 0.572985
    outer loop
      vertex 4.57828 -10.3955 0.589999
      vertex 5.55922 -10.7146 2
      vertex 4.73938 -10.1667 0.589999
    endloop
  endfacet
  facet normal -0.663391 0.483633 0.570974
    outer loop
      vertex 5.55922 -10.7146 2
      vertex 4.57828 -10.3955 0.589999
      vertex 5.55696 -10.7177 2
    endloop
  endfacet
  facet normal 0.778214 0.25709 0.572963
    outer loop
      vertex -6.39812 -8.94085 2
      vertex -5.3668 -8.92027 0.589999
      vertex -5.45456 -8.65462 0.589999
    endloop
  endfacet
  facet normal 0.778025 0.257944 0.572837
    outer loop
      vertex -5.3668 -8.92027 0.589999
      vertex -6.39812 -8.94085 2
      vertex -6.39689 -8.94456 2
    endloop
  endfacet
  facet normal -0.799672 0.179564 0.572959
    outer loop
      vertex 6.4865 -8.62075 2
      vertex 6.55754 -8.30438 2
      vertex 5.59048 -8.11201 0.589999
    endloop
  endfacet
  facet normal 0.565155 0.593565 0.572958
    outer loop
      vertex -4.49289 -11.9513 2
      vertex -4.03051 -11.0305 0.589999
      vertex -4.72773 -11.7277 2
    endloop
  endfacet
  facet normal -0.807516 0.140118 0.572961
    outer loop
      vertex 5.59048 -8.11201 0.589999
      vertex 6.61365 -7.98104 2
      vertex 5.63831 -7.83636 0.589999
    endloop
  endfacet
  facet normal -0.807513 0.140164 0.572954
    outer loop
      vertex 6.61365 -7.98104 2
      vertex 5.59048 -8.11201 0.589999
      vertex 6.61298 -7.9849 2
    endloop
  endfacet
  facet normal 0.819337 0.0200948 0.57296
    outer loop
      vertex -6.67806 -7.32415 2
      vertex -5.7 -7 0.589999
      vertex -6.68601 -7 2
    endloop
  endfacet
  facet normal -0.670163 0.471793 0.572969
    outer loop
      vertex 5.37026 -10.9829 2
      vertex 5.55696 -10.7177 2
      vertex 4.57828 -10.3955 0.589999
    endloop
  endfacet
  facet normal -0.646088 0.504257 0.572971
    outer loop
      vertex 5.17077 -11.2385 2
      vertex 5.37026 -10.9829 2
      vertex 4.57828 -10.3955 0.589999
    endloop
  endfacet
  facet normal 0.81342 -0.100322 0.572961
    outer loop
      vertex -5.63831 -6.16364 0.589999
      vertex -6.61365 -6.01896 2
      vertex -6.65334 -6.34077 2
    endloop
  endfacet
  facet normal -0.778218 0.257081 0.572963
    outer loop
      vertex 6.29518 -9.25245 2
      vertex 6.39689 -8.94456 2
      vertex 5.3668 -8.92027 0.589999
    endloop
  endfacet
  facet normal 0.692415 -0.438491 0.572963
    outer loop
      vertex -4.88905 -4.06961 0.589999
      vertex -5.56131 -3.28876 2
      vertex -5.73479 -3.5627 2
    endloop
  endfacet
  facet normal -0.764663 0.294966 0.572962
    outer loop
      vertex 6.17707 -9.55863 2
      vertex 6.29377 -9.2561 2
      vertex 5.26611 -9.1813 0.589999
    endloop
  endfacet
  facet normal -0.438532 0.6924 0.57295
    outer loop
      vertex 3.4373 -12.7348 2
      vertex 3.71124 -12.5613 2
      vertex 2.93039 -11.8891 0.589999
    endloop
  endfacet
  facet normal -0.257056 0.77822 0.57297
    outer loop
      vertex 1.94456 -13.3969 2
      vertex 2.25245 -13.2952 2
      vertex 1.92027 -12.3668 0.589999
    endloop
  endfacet
  facet normal 0.817361 0.0602841 0.572963
    outer loop
      vertex -6.65411 -7.65144 2
      vertex -5.69313 -7.27969 0.589999
      vertex -6.67796 -7.32807 2
    endloop
  endfacet
  facet normal 0.819309 -0.0209007 0.572972
    outer loop
      vertex -6.67806 -6.67585 2
      vertex -5.69313 -6.72031 0.589999
      vertex -6.67796 -6.67193 2
    endloop
  endfacet
  facet normal 0.819333 -0.0201252 0.572964
    outer loop
      vertex -5.69313 -6.72031 0.589999
      vertex -6.67806 -6.67585 2
      vertex -5.7 -7 0.589999
    endloop
  endfacet
  facet normal -0.257085 -0.778217 0.572962
    outer loop
      vertex 2.25245 -0.704823 2
      vertex 1.94456 -0.603111 2
      vertex 1.92027 -1.6332 0.589999
    endloop
  endfacet
  facet normal -0.789897 0.218586 0.57296
    outer loop
      vertex 6.39916 -8.93708 2
      vertex 6.48564 -8.62457 2
      vertex 5.52918 -8.38499 0.589999
    endloop
  endfacet
  facet normal -0.778218 -0.257081 0.572963
    outer loop
      vertex 6.39689 -5.05544 2
      vertex 6.29518 -4.74755 2
      vertex 5.3668 -5.07973 0.589999
    endloop
  endfacet
  facet normal 0.368278 0.732162 0.572984
    outer loop
      vertex -2.68696 -12.027 0.589999
      vertex -2.85864 -13.0441 2
      vertex -2.43706 -12.1527 0.589999
    endloop
  endfacet
  facet normal 0.376067 0.729152 0.571761
    outer loop
      vertex -2.85864 -13.0441 2
      vertex -2.68696 -12.027 0.589999
      vertex -2.86213 -13.0423 2
    endloop
  endfacet
  facet normal 0.368528 0.732077 0.572931
    outer loop
      vertex -2.86213 -13.0423 2
      vertex -2.68696 -12.027 0.589999
      vertex -3.15176 -12.8965 2
    endloop
  endfacet
  facet normal -0.789891 0.218602 0.572962
    outer loop
      vertex 5.45456 -8.65462 0.589999
      vertex 6.39916 -8.93708 2
      vertex 5.52918 -8.38499 0.589999
    endloop
  endfacet
  facet normal -0.790075 0.217952 0.572955
    outer loop
      vertex 6.39916 -8.93708 2
      vertex 5.45456 -8.65462 0.589999
      vertex 6.39812 -8.94085 2
    endloop
  endfacet
  facet normal 0.472866 -0.669545 0.572806
    outer loop
      vertex -3.39549 -2.42172 0.589999
      vertex -3.71455 -1.44078 2
      vertex -3.71775 -1.44304 2
    endloop
  endfacet
  facet normal 0.471928 -0.670074 0.572961
    outer loop
      vertex -3.71455 -1.44078 2
      vertex -3.39549 -2.42172 0.589999
      vertex -3.16675 -2.26062 0.589999
    endloop
  endfacet
  facet normal -0.819333 0.0201252 0.572964
    outer loop
      vertex 5.69313 -7.27969 0.589999
      vertex 6.67806 -7.32415 2
      vertex 5.7 -7 0.589999
    endloop
  endfacet
  facet normal -0.819309 0.0209007 0.572972
    outer loop
      vertex 6.67806 -7.32415 2
      vertex 5.69313 -7.27969 0.589999
      vertex 6.67796 -7.32807 2
    endloop
  endfacet
  facet normal -0.819337 0.0200948 0.57296
    outer loop
      vertex 6.67806 -7.32415 2
      vertex 6.68601 -7 2
      vertex 5.7 -7 0.589999
    endloop
  endfacet
  facet normal 0.749271 0.332127 0.572961
    outer loop
      vertex -6.04567 -9.85506 2
      vertex -5.15274 -9.43706 0.589999
      vertex -5.26611 -9.1813 0.589999
    endloop
  endfacet
  facet normal 0.749027 0.332668 0.572967
    outer loop
      vertex -5.15274 -9.43706 0.589999
      vertex -6.04567 -9.85506 2
      vertex -6.04408 -9.85864 2
    endloop
  endfacet
  facet normal 0.593542 0.565179 0.572958
    outer loop
      vertex -4.72773 -11.7277 2
      vertex -4.03051 -11.0305 0.589999
      vertex -4.95131 -11.4929 2
    endloop
  endfacet
  facet normal 0.100306 -0.81342 0.572963
    outer loop
      vertex -0.558697 -1.32745 0.589999
      vertex -0.659227 -0.34666 2
      vertex -0.836363 -1.36169 0.589999
    endloop
  endfacet
  facet normal 0.100342 -0.813416 0.572962
    outer loop
      vertex -0.659227 -0.34666 2
      vertex -0.558697 -1.32745 0.589999
      vertex -0.655344 -0.346181 2
    endloop
  endfacet
  facet normal 0.0201115 -0.819335 0.572963
    outer loop
      vertex -0.279685 -1.30687 0.589999
      vertex -0.324155 -0.321944 2
      vertex -0.328066 -0.32204 2
    endloop
  endfacet
  facet normal 0.0201256 -0.819334 0.572963
    outer loop
      vertex -0.324155 -0.321944 2
      vertex -0.279685 -1.30687 0.589999
      vertex 0 -1.3 0.589999
    endloop
  endfacet
  facet normal 0.331971 -0.749342 0.572959
    outer loop
      vertex -2.43706 -1.84726 0.589999
      vertex -2.85506 -0.95433 2
      vertex -2.85864 -0.955916 2
    endloop
  endfacet
  facet normal 0.332127 -0.749271 0.572961
    outer loop
      vertex -2.85506 -0.95433 2
      vertex -2.43706 -1.84726 0.589999
      vertex -2.1813 -1.73389 0.589999
    endloop
  endfacet
  facet normal -0.376067 0.729152 0.571761
    outer loop
      vertex 2.68696 -12.027 0.589999
      vertex 2.85864 -13.0441 2
      vertex 2.86213 -13.0423 2
    endloop
  endfacet
  facet normal -0.368278 0.732162 0.572984
    outer loop
      vertex 2.85864 -13.0441 2
      vertex 2.68696 -12.027 0.589999
      vertex 2.43706 -12.1527 0.589999
    endloop
  endfacet
  facet normal -0.140278 0.807505 0.572938
    outer loop
      vertex 1.30438 -13.5575 2
      vertex 1.11201 -12.5905 0.589999
      vertex 0.984896 -13.613 2
    endloop
  endfacet
  facet normal 0.670119 0.471836 0.572985
    outer loop
      vertex -5.55922 -10.7146 2
      vertex -4.57828 -10.3955 0.589999
      vertex -4.73938 -10.1667 0.589999
    endloop
  endfacet
  facet normal 0.663391 0.483633 0.570974
    outer loop
      vertex -4.57828 -10.3955 0.589999
      vertex -5.55922 -10.7146 2
      vertex -5.55696 -10.7177 2
    endloop
  endfacet
  facet normal -0.62065 0.535241 0.572983
    outer loop
      vertex 4.22342 -10.8279 0.589999
      vertex 5.16836 -11.2416 2
      vertex 4.40616 -10.616 0.589999
    endloop
  endfacet
  facet normal -0.615151 0.54303 0.571583
    outer loop
      vertex 5.16836 -11.2416 2
      vertex 4.22342 -10.8279 0.589999
      vertex 5.1658 -11.2445 2
    endloop
  endfacet
  facet normal 0.140278 0.807505 0.572938
    outer loop
      vertex -0.984896 -13.613 2
      vertex -1.11201 -12.5905 0.589999
      vertex -1.30438 -13.5575 2
    endloop
  endfacet
  facet normal 0.646088 0.504257 0.572971
    outer loop
      vertex -5.17077 -11.2385 2
      vertex -4.57828 -10.3955 0.589999
      vertex -5.37026 -10.9829 2
    endloop
  endfacet
  facet normal 0.257358 -0.778156 0.572922
    outer loop
      vertex -1.92027 -1.6332 0.589999
      vertex -1.94085 -0.601884 2
      vertex -1.94456 -0.603111 2
    endloop
  endfacet
  facet normal 0.257091 -0.778215 0.572962
    outer loop
      vertex -1.94085 -0.601884 2
      vertex -1.92027 -1.6332 0.589999
      vertex -1.65462 -1.54544 0.589999
    endloop
  endfacet
  facet normal -0.403981 -0.713102 0.572962
    outer loop
      vertex 3.43389 -1.26329 2
      vertex 3.15176 -1.10346 2
      vertex 2.68696 -1.97305 0.589999
    endloop
  endfacet
  facet normal -0.817361 0.0602841 0.572963
    outer loop
      vertex 6.65411 -7.65144 2
      vertex 6.67796 -7.32807 2
      vertex 5.69313 -7.27969 0.589999
    endloop
  endfacet
  facet normal 0.104678 0.812928 0.57288
    outer loop
      vertex -0.558697 -12.6726 0.589999
      vertex -0.659227 -13.6533 2
      vertex -0.655344 -13.6538 2
    endloop
  endfacet
  facet normal 0.100482 0.813424 0.572926
    outer loop
      vertex -0.659227 -13.6533 2
      vertex -0.558697 -12.6726 0.589999
      vertex -0.836363 -12.6383 0.589999
    endloop
  endfacet
  facet normal -0.692387 0.438537 0.572963
    outer loop
      vertex 5.56131 -10.7112 2
      vertex 5.73479 -10.4373 2
      vertex 4.88905 -9.93039 0.589999
    endloop
  endfacet
  facet normal -0.0201256 -0.819334 0.572963
    outer loop
      vertex 0.279685 -1.30687 0.589999
      vertex 0.324155 -0.321944 2
      vertex 0 -1.3 0.589999
    endloop
  endfacet
  facet normal -0.0201115 -0.819335 0.572963
    outer loop
      vertex 0.324155 -0.321944 2
      vertex 0.279685 -1.30687 0.589999
      vertex 0.328066 -0.32204 2
    endloop
  endfacet
  facet normal -0.0604075 0.817334 0.572989
    outer loop
      vertex 0.328066 -13.678 2
      vertex 0.651441 -13.6541 2
      vertex 0.279685 -12.6931 0.589999
    endloop
  endfacet
  facet normal -0.4638 0.674618 0.574264
    outer loop
      vertex 3.39549 -11.5783 0.589999
      vertex 3.71455 -12.5592 2
      vertex 3.71775 -12.557 2
    endloop
  endfacet
  facet normal -0.471934 0.670081 0.572948
    outer loop
      vertex 3.71455 -12.5592 2
      vertex 3.39549 -11.5783 0.589999
      vertex 3.16675 -11.7394 0.589999
    endloop
  endfacet
  facet normal -0.398945 0.716002 0.572873
    outer loop
      vertex 2.93039 -11.8891 0.589999
      vertex 3.43389 -12.7367 2
      vertex 3.4373 -12.7348 2
    endloop
  endfacet
  facet normal -0.403975 0.713123 0.572939
    outer loop
      vertex 3.43389 -12.7367 2
      vertex 2.93039 -11.8891 0.589999
      vertex 2.68696 -12.027 0.589999
    endloop
  endfacet
  facet normal -0.100347 0.813427 0.572945
    outer loop
      vertex 0.981041 -13.6136 2
      vertex 0.836363 -12.6383 0.589999
      vertex 0.659227 -13.6533 2
    endloop
  endfacet
  facet normal -0.535324 -0.620599 0.572962
    outer loop
      vertex 3.82789 -2.77658 0.589999
      vertex 4.24156 -1.83164 2
      vertex 3.61604 -2.59384 0.589999
    endloop
  endfacet
  facet normal -0.536202 -0.619984 0.572807
    outer loop
      vertex 4.24156 -1.83164 2
      vertex 3.82789 -2.77658 0.589999
      vertex 4.24452 -1.8342 2
    endloop
  endfacet
  facet normal 0.403981 -0.713102 0.572962
    outer loop
      vertex -2.68696 -1.97305 0.589999
      vertex -3.15176 -1.10346 2
      vertex -3.43389 -1.26329 2
    endloop
  endfacet
  facet normal -0.471928 -0.670074 0.572961
    outer loop
      vertex 3.39549 -2.42172 0.589999
      vertex 3.71455 -1.44078 2
      vertex 3.16675 -2.26062 0.589999
    endloop
  endfacet
  facet normal -0.472866 -0.669545 0.572806
    outer loop
      vertex 3.71455 -1.44078 2
      vertex 3.39549 -2.42172 0.589999
      vertex 3.71775 -1.44304 2
    endloop
  endfacet
  facet normal 0.100326 -0.81342 0.57296
    outer loop
      vertex -0.836363 -1.36169 0.589999
      vertex -0.659227 -0.34666 2
      vertex -0.981041 -0.386352 2
    endloop
  endfacet
  facet normal 0.714175 -0.402116 0.572938
    outer loop
      vertex -5.73671 -3.56611 2
      vertex -4.88905 -4.06961 0.589999
      vertex -5.73479 -3.5627 2
    endloop
  endfacet
  facet normal 0.713111 -0.403968 0.57296
    outer loop
      vertex -4.88905 -4.06961 0.589999
      vertex -5.73671 -3.56611 2
      vertex -5.02695 -4.31304 0.589999
    endloop
  endfacet
  facet normal -0.799669 0.179572 0.57296
    outer loop
      vertex 5.52918 -8.38499 0.589999
      vertex 6.4865 -8.62075 2
      vertex 5.59048 -8.11201 0.589999
    endloop
  endfacet
  facet normal -0.799568 0.180007 0.572965
    outer loop
      vertex 6.4865 -8.62075 2
      vertex 5.52918 -8.38499 0.589999
      vertex 6.48564 -8.62457 2
    endloop
  endfacet
  facet normal -0.0209483 0.819288 0.573
    outer loop
      vertex 0.279685 -12.6931 0.589999
      vertex 0.324155 -13.6781 2
      vertex 0.328066 -13.678 2
    endloop
  endfacet
  facet normal -0.0202129 0.819311 0.572993
    outer loop
      vertex 0.324155 -13.6781 2
      vertex 0.279685 -12.6931 0.589999
      vertex 0 -12.7 0.589999
    endloop
  endfacet
  facet normal 0.593587 -0.565126 0.572963
    outer loop
      vertex -4.03051 -2.96949 0.589999
      vertex -4.72773 -2.27227 2
      vertex -4.95131 -2.50711 2
    endloop
  endfacet
  facet normal -0.732071 0.368496 0.57296
    outer loop
      vertex 5.02695 -9.68696 0.589999
      vertex 6.04408 -9.85864 2
      vertex 5.15274 -9.43706 0.589999
    endloop
  endfacet
  facet normal -0.732523 0.367311 0.573142
    outer loop
      vertex 6.04408 -9.85864 2
      vertex 5.02695 -9.68696 0.589999
      vertex 6.04233 -9.86213 2
    endloop
  endfacet
  facet normal -0.81342 0.100322 0.572961
    outer loop
      vertex 6.61365 -7.98104 2
      vertex 6.65334 -7.65923 2
      vertex 5.63831 -7.83636 0.589999
    endloop
  endfacet
  facet normal 0.179411 -0.799706 0.572958
    outer loop
      vertex -1.38499 -1.47082 0.589999
      vertex -1.62075 -0.513501 2
      vertex -1.62457 -0.514358 2
    endloop
  endfacet
  facet normal 0.179573 -0.799669 0.57296
    outer loop
      vertex -1.62075 -0.513501 2
      vertex -1.38499 -1.47082 0.589999
      vertex -1.11201 -1.40952 0.589999
    endloop
  endfacet
  facet normal 0.0199682 0.819342 0.572958
    outer loop
      vertex 0 -13.686 2
      vertex 0 -12.7 0.589999
      vertex -0.324155 -13.6781 2
    endloop
  endfacet
  facet normal 0.799568 -0.180007 0.572965
    outer loop
      vertex -6.4865 -5.37925 2
      vertex -5.52918 -5.61501 0.589999
      vertex -6.48564 -5.37543 2
    endloop
  endfacet
  facet normal 0.799669 -0.179572 0.57296
    outer loop
      vertex -5.52918 -5.61501 0.589999
      vertex -6.4865 -5.37925 2
      vertex -5.59048 -5.88799 0.589999
    endloop
  endfacet
  facet normal 0.799672 0.179564 0.572959
    outer loop
      vertex -6.4865 -8.62075 2
      vertex -5.59048 -8.11201 0.589999
      vertex -6.55754 -8.30438 2
    endloop
  endfacet
  facet normal 0.645463 -0.505054 0.572973
    outer loop
      vertex -5.17077 -2.76152 2
      vertex -4.40616 -3.38396 0.589999
      vertex -5.16836 -2.75844 2
    endloop
  endfacet
  facet normal 0.646112 -0.504234 0.572964
    outer loop
      vertex -4.40616 -3.38396 0.589999
      vertex -5.17077 -2.76152 2
      vertex -4.57828 -3.60451 0.589999
    endloop
  endfacet
  facet normal -0.749268 0.332132 0.572962
    outer loop
      vertex 6.04567 -9.85506 2
      vertex 6.17707 -9.55863 2
      vertex 5.26611 -9.1813 0.589999
    endloop
  endfacet
  facet normal -0.179471 0.799708 0.572937
    outer loop
      vertex 1.30438 -13.5575 2
      vertex 1.62075 -13.4865 2
      vertex 1.11201 -12.5905 0.589999
    endloop
  endfacet
  facet normal 0.807516 -0.14013 0.572959
    outer loop
      vertex -5.59048 -5.88799 0.589999
      vertex -6.55754 -5.69562 2
      vertex -6.61298 -6.0151 2
    endloop
  endfacet
  facet normal -0.0199682 0.819342 0.572958
    outer loop
      vertex 0.324155 -13.6781 2
      vertex 0 -12.7 0.589999
      vertex 0 -13.686 2
    endloop
  endfacet
  facet normal 0.749268 -0.332132 0.572962
    outer loop
      vertex -5.26611 -4.8187 0.589999
      vertex -6.04567 -4.14494 2
      vertex -6.17707 -4.44137 2
    endloop
  endfacet
  facet normal 0.813413 -0.10037 0.572962
    outer loop
      vertex -5.67255 -6.4413 0.589999
      vertex -6.65334 -6.34077 2
      vertex -6.65382 -6.34466 2
    endloop
  endfacet
  facet normal 0.81342 -0.100308 0.572963
    outer loop
      vertex -6.65334 -6.34077 2
      vertex -5.67255 -6.4413 0.589999
      vertex -5.63831 -6.16364 0.589999
    endloop
  endfacet
  facet normal -0.0602888 -0.817361 0.572962
    outer loop
      vertex 0.558697 -1.32745 0.589999
      vertex 0.651441 -0.345894 2
      vertex 0.279685 -1.30687 0.589999
    endloop
  endfacet
  facet normal -0.0601043 -0.817376 0.57296
    outer loop
      vertex 0.651441 -0.345894 2
      vertex 0.558697 -1.32745 0.589999
      vertex 0.655344 -0.346181 2
    endloop
  endfacet
  facet normal 0.713079 0.404011 0.572969
    outer loop
      vertex -5.73671 -10.4339 2
      vertex -5.02695 -9.68696 0.589999
      vertex -5.89654 -10.1518 2
    endloop
  endfacet
  facet normal 0.257201 0.778195 0.57294
    outer loop
      vertex -1.92027 -12.3668 0.589999
      vertex -1.94085 -13.3981 2
      vertex -1.65462 -12.4546 0.589999
    endloop
  endfacet
  facet normal 0.252072 0.779321 0.573689
    outer loop
      vertex -1.94085 -13.3981 2
      vertex -1.92027 -12.3668 0.589999
      vertex -1.94456 -13.3969 2
    endloop
  endfacet
  facet normal -0.100326 -0.81342 0.57296
    outer loop
      vertex 0.836363 -1.36169 0.589999
      vertex 0.981041 -0.386352 2
      vertex 0.659227 -0.34666 2
    endloop
  endfacet
  facet normal -0.179573 -0.799669 0.57296
    outer loop
      vertex 1.38499 -1.47082 0.589999
      vertex 1.62075 -0.513501 2
      vertex 1.11201 -1.40952 0.589999
    endloop
  endfacet
  facet normal -0.179411 -0.799706 0.572958
    outer loop
      vertex 1.62075 -0.513501 2
      vertex 1.38499 -1.47082 0.589999
      vertex 1.62457 -0.514358 2
    endloop
  endfacet
  facet normal 0.218402 0.789963 0.572939
    outer loop
      vertex -1.62457 -13.4856 2
      vertex -1.38499 -12.5292 0.589999
      vertex -1.93708 -13.3992 2
    endloop
  endfacet
  facet normal 0.179574 0.799674 0.572953
    outer loop
      vertex -1.38499 -12.5292 0.589999
      vertex -1.62075 -13.4865 2
      vertex -1.11201 -12.5905 0.589999
    endloop
  endfacet
  facet normal 0.187941 0.797704 0.573015
    outer loop
      vertex -1.62075 -13.4865 2
      vertex -1.38499 -12.5292 0.589999
      vertex -1.62457 -13.4856 2
    endloop
  endfacet
  facet normal 0.100347 0.813427 0.572945
    outer loop
      vertex -0.659227 -13.6533 2
      vertex -0.836363 -12.6383 0.589999
      vertex -0.981041 -13.6136 2
    endloop
  endfacet
  facet normal -0.71311 0.403968 0.572961
    outer loop
      vertex 4.88905 -9.93039 0.589999
      vertex 5.73671 -10.4339 2
      vertex 5.02695 -9.68696 0.589999
    endloop
  endfacet
  facet normal -0.713661 0.403009 0.57295
    outer loop
      vertex 5.73671 -10.4339 2
      vertex 4.88905 -9.93039 0.589999
      vertex 5.73479 -10.4373 2
    endloop
  endfacet
  facet normal -0.749027 -0.332668 0.572967
    outer loop
      vertex 5.15274 -4.56294 0.589999
      vertex 6.04567 -4.14494 2
      vertex 6.04408 -4.14136 2
    endloop
  endfacet
  facet normal -0.749271 -0.332127 0.572961
    outer loop
      vertex 6.04567 -4.14494 2
      vertex 5.15274 -4.56294 0.589999
      vertex 5.26611 -4.8187 0.589999
    endloop
  endfacet
  facet normal 0.817361 -0.0602841 0.572963
    outer loop
      vertex -5.69313 -6.72031 0.589999
      vertex -6.65411 -6.34856 2
      vertex -6.67796 -6.67193 2
    endloop
  endfacet
  facet normal -0.646048 0.504298 0.572979
    outer loop
      vertex 4.40616 -10.616 0.589999
      vertex 5.17077 -11.2385 2
      vertex 4.57828 -10.3955 0.589999
    endloop
  endfacet
  facet normal -0.647051 0.50303 0.572963
    outer loop
      vertex 5.17077 -11.2385 2
      vertex 4.40616 -10.616 0.589999
      vertex 5.16836 -11.2416 2
    endloop
  endfacet
  facet normal 0.403934 0.713153 0.572932
    outer loop
      vertex -3.15176 -12.8965 2
      vertex -2.68696 -12.027 0.589999
      vertex -3.43389 -12.7367 2
    endloop
  endfacet
  facet normal 0.778025 -0.257944 0.572837
    outer loop
      vertex -6.39812 -5.05915 2
      vertex -5.3668 -5.07973 0.589999
      vertex -6.39689 -5.05544 2
    endloop
  endfacet
  facet normal 0.778214 -0.25709 0.572963
    outer loop
      vertex -5.3668 -5.07973 0.589999
      vertex -6.39812 -5.05915 2
      vertex -5.45456 -5.34538 0.589999
    endloop
  endfacet
  facet normal 0.294986 0.764649 0.57297
    outer loop
      vertex -2.1813 -12.2661 0.589999
      vertex -2.25245 -13.2952 2
      vertex -1.92027 -12.3668 0.589999
    endloop
  endfacet
  facet normal 0.293451 0.765068 0.573199
    outer loop
      vertex -2.25245 -13.2952 2
      vertex -2.1813 -12.2661 0.589999
      vertex -2.2561 -13.2938 2
    endloop
  endfacet
  facet normal -0.692415 -0.438491 0.572963
    outer loop
      vertex 5.73479 -3.5627 2
      vertex 5.56131 -3.28876 2
      vertex 4.88905 -4.06961 0.589999
    endloop
  endfacet
  facet normal -0.713079 0.404011 0.572969
    outer loop
      vertex 5.73671 -10.4339 2
      vertex 5.89654 -10.1518 2
      vertex 5.02695 -9.68696 0.589999
    endloop
  endfacet
  facet normal -0.229549 0.786726 0.573035
    outer loop
      vertex 1.65462 -12.4546 0.589999
      vertex 1.93708 -13.3992 2
      vertex 1.94085 -13.3981 2
    endloop
  endfacet
  facet normal -0.218548 0.789906 0.572962
    outer loop
      vertex 1.93708 -13.3992 2
      vertex 1.65462 -12.4546 0.589999
      vertex 1.38499 -12.5292 0.589999
    endloop
  endfacet
  facet normal 0.778218 0.257081 0.572963
    outer loop
      vertex -6.29518 -9.25245 2
      vertex -5.3668 -8.92027 0.589999
      vertex -6.39689 -8.94456 2
    endloop
  endfacet
  facet normal -0.179573 -0.799669 0.57296
    outer loop
      vertex 1.62075 -0.513501 2
      vertex 1.30438 -0.442457 2
      vertex 1.11201 -1.40952 0.589999
    endloop
  endfacet
  facet normal -0.368528 0.732077 0.572931
    outer loop
      vertex 2.86213 -13.0423 2
      vertex 3.15176 -12.8965 2
      vertex 2.68696 -12.027 0.589999
    endloop
  endfacet
  facet normal 0.819337 -0.0200948 0.57296
    outer loop
      vertex -5.7 -7 0.589999
      vertex -6.67806 -6.67585 2
      vertex -6.68601 -7 2
    endloop
  endfacet
  facet normal -0.535321 -0.620603 0.57296
    outer loop
      vertex 4.49005 -2.04599 2
      vertex 4.24452 -1.8342 2
      vertex 3.82789 -2.77658 0.589999
    endloop
  endfacet
  facet normal 0.807516 0.14013 0.572959
    outer loop
      vertex -6.55754 -8.30438 2
      vertex -5.59048 -8.11201 0.589999
      vertex -6.61298 -7.9849 2
    endloop
  endfacet
  facet normal 0.29496 -0.764665 0.572962
    outer loop
      vertex -2.1813 -1.73389 0.589999
      vertex -2.2561 -0.706232 2
      vertex -2.55863 -0.822929 2
    endloop
  endfacet
  facet normal 0.807513 0.140164 0.572954
    outer loop
      vertex -5.59048 -8.11201 0.589999
      vertex -6.61365 -7.98104 2
      vertex -6.61298 -7.9849 2
    endloop
  endfacet
  facet normal 0.807516 0.140118 0.572961
    outer loop
      vertex -6.61365 -7.98104 2
      vertex -5.59048 -8.11201 0.589999
      vertex -5.63831 -7.83636 0.589999
    endloop
  endfacet
  facet normal -0.0201147 -0.819335 0.572961
    outer loop
      vertex 0.324155 -0.321944 2
      vertex 0 -0.313986 2
      vertex 0 -1.3 0.589999
    endloop
  endfacet
  facet normal -0.334401 0.748223 0.573008
    outer loop
      vertex 2.43706 -12.1527 0.589999
      vertex 2.85506 -13.0457 2
      vertex 2.85864 -13.0441 2
    endloop
  endfacet
  facet normal -0.332193 0.749222 0.572987
    outer loop
      vertex 2.85506 -13.0457 2
      vertex 2.43706 -12.1527 0.589999
      vertex 2.1813 -12.2661 0.589999
    endloop
  endfacet
  facet normal 0.732084 0.368456 0.572969
    outer loop
      vertex -5.89654 -10.1518 2
      vertex -5.02695 -9.68696 0.589999
      vertex -6.04233 -9.86213 2
    endloop
  endfacet
  facet normal 0.437577 -0.693005 0.572949
    outer loop
      vertex -3.16675 -2.26062 0.589999
      vertex -3.71124 -1.43869 2
      vertex -3.71455 -1.44078 2
    endloop
  endfacet
  facet normal 0.438469 -0.692433 0.572959
    outer loop
      vertex -3.71124 -1.43869 2
      vertex -3.16675 -2.26062 0.589999
      vertex -2.93039 -2.11095 0.589999
    endloop
  endfacet
  facet normal -0.670083 -0.471915 0.572962
    outer loop
      vertex 5.55696 -3.28225 2
      vertex 5.37026 -3.01715 2
      vertex 4.57828 -3.60451 0.589999
    endloop
  endfacet
  facet normal 0.218548 0.789906 0.572962
    outer loop
      vertex -1.65462 -12.4546 0.589999
      vertex -1.93708 -13.3992 2
      vertex -1.38499 -12.5292 0.589999
    endloop
  endfacet
  facet normal 0.229549 0.786726 0.573035
    outer loop
      vertex -1.93708 -13.3992 2
      vertex -1.65462 -12.4546 0.589999
      vertex -1.94085 -13.3981 2
    endloop
  endfacet
  facet normal -0.125831 0.808465 0.574936
    outer loop
      vertex 1.11201 -12.5905 0.589999
      vertex 0.981041 -13.6136 2
      vertex 0.984896 -13.613 2
    endloop
  endfacet
  facet normal -0.140036 0.807541 0.572946
    outer loop
      vertex 0.981041 -13.6136 2
      vertex 1.11201 -12.5905 0.589999
      vertex 0.836363 -12.6383 0.589999
    endloop
  endfacet
  facet normal -0.593548 0.56516 0.572971
    outer loop
      vertex 4.03051 -11.0305 0.589999
      vertex 4.95401 -11.4901 2
      vertex 4.22342 -10.8279 0.589999
    endloop
  endfacet
  facet normal -0.590348 0.569264 0.572213
    outer loop
      vertex 4.95401 -11.4901 2
      vertex 4.03051 -11.0305 0.589999
      vertex 4.95131 -11.4929 2
    endloop
  endfacet
  facet normal 0.257056 0.77822 0.57297
    outer loop
      vertex -1.94456 -13.3969 2
      vertex -1.92027 -12.3668 0.589999
      vertex -2.25245 -13.2952 2
    endloop
  endfacet
  facet normal -0.749271 0.332127 0.572961
    outer loop
      vertex 5.15274 -9.43706 0.589999
      vertex 6.04567 -9.85506 2
      vertex 5.26611 -9.1813 0.589999
    endloop
  endfacet
  facet normal -0.749027 0.332668 0.572967
    outer loop
      vertex 6.04567 -9.85506 2
      vertex 5.15274 -9.43706 0.589999
      vertex 6.04408 -9.85864 2
    endloop
  endfacet
  facet normal -0.332128 0.749259 0.572976
    outer loop
      vertex 2.55863 -13.1771 2
      vertex 2.85506 -13.0457 2
      vertex 2.1813 -12.2661 0.589999
    endloop
  endfacet
  facet normal -0.564666 0.593945 0.573046
    outer loop
      vertex 4.03051 -11.0305 0.589999
      vertex 4.49005 -11.954 2
      vertex 4.49289 -11.9513 2
    endloop
  endfacet
  facet normal -0.565119 0.593594 0.572963
    outer loop
      vertex 4.49005 -11.954 2
      vertex 4.03051 -11.0305 0.589999
      vertex 3.82789 -11.2234 0.589999
    endloop
  endfacet
  facet normal -0.593587 -0.565126 0.572963
    outer loop
      vertex 4.95131 -2.50711 2
      vertex 4.72773 -2.27227 2
      vertex 4.03051 -2.96949 0.589999
    endloop
  endfacet
  facet normal -0.620673 0.53523 0.572969
    outer loop
      vertex 4.95401 -11.4901 2
      vertex 5.1658 -11.2445 2
      vertex 4.22342 -10.8279 0.589999
    endloop
  endfacet
  facet normal 0.749268 0.332132 0.572962
    outer loop
      vertex -6.04567 -9.85506 2
      vertex -5.26611 -9.1813 0.589999
      vertex -6.17707 -9.55863 2
    endloop
  endfacet
  facet normal 0.670163 0.471793 0.572969
    outer loop
      vertex -5.37026 -10.9829 2
      vertex -4.57828 -10.3955 0.589999
      vertex -5.55696 -10.7177 2
    endloop
  endfacet
  facet normal 0.789897 -0.218586 0.57296
    outer loop
      vertex -5.52918 -5.61501 0.589999
      vertex -6.39916 -5.06292 2
      vertex -6.48564 -5.37543 2
    endloop
  endfacet
  facet normal 0.332193 0.749222 0.572987
    outer loop
      vertex -2.43706 -12.1527 0.589999
      vertex -2.85506 -13.0457 2
      vertex -2.1813 -12.2661 0.589999
    endloop
  endfacet
  facet normal 0.334401 0.748223 0.573008
    outer loop
      vertex -2.85506 -13.0457 2
      vertex -2.43706 -12.1527 0.589999
      vertex -2.85864 -13.0441 2
    endloop
  endfacet
  facet normal 0.218729 -0.789855 0.572963
    outer loop
      vertex -1.65462 -1.54544 0.589999
      vertex -1.93708 -0.60084 2
      vertex -1.94085 -0.601884 2
    endloop
  endfacet
  facet normal 0.218602 -0.789891 0.572962
    outer loop
      vertex -1.93708 -0.60084 2
      vertex -1.65462 -1.54544 0.589999
      vertex -1.38499 -1.47082 0.589999
    endloop
  endfacet
  facet normal -0.293451 0.765068 0.573199
    outer loop
      vertex 2.1813 -12.2661 0.589999
      vertex 2.25245 -13.2952 2
      vertex 2.2561 -13.2938 2
    endloop
  endfacet
  facet normal -0.294986 0.764649 0.57297
    outer loop
      vertex 2.25245 -13.2952 2
      vertex 2.1813 -12.2661 0.589999
      vertex 1.92027 -12.3668 0.589999
    endloop
  endfacet
  facet normal -0.535334 0.620588 0.572963
    outer loop
      vertex 4.24452 -12.1658 2
      vertex 4.49005 -11.954 2
      vertex 3.82789 -11.2234 0.589999
    endloop
  endfacet
  facet normal 0.789891 0.218602 0.572962
    outer loop
      vertex -6.39916 -8.93708 2
      vertex -5.45456 -8.65462 0.589999
      vertex -5.52918 -8.38499 0.589999
    endloop
  endfacet
  facet normal 0.790075 0.217952 0.572955
    outer loop
      vertex -5.45456 -8.65462 0.589999
      vertex -6.39916 -8.93708 2
      vertex -6.39812 -8.94085 2
    endloop
  endfacet
  facet normal 0.140137 -0.807516 0.572957
    outer loop
      vertex -1.11201 -1.40952 0.589999
      vertex -0.981041 -0.386352 2
      vertex -0.984896 -0.387021 2
    endloop
  endfacet
  facet normal 0.14012 -0.807517 0.57296
    outer loop
      vertex -0.981041 -0.386352 2
      vertex -1.11201 -1.40952 0.589999
      vertex -0.836363 -1.36169 0.589999
    endloop
  endfacet
  facet normal 0.81342 0.100322 0.572961
    outer loop
      vertex -6.61365 -7.98104 2
      vertex -5.63831 -7.83636 0.589999
      vertex -6.65334 -7.65923 2
    endloop
  endfacet
  facet normal 0.813413 0.10037 0.572962
    outer loop
      vertex -6.65334 -7.65923 2
      vertex -5.67255 -7.5587 0.589999
      vertex -6.65382 -7.65534 2
    endloop
  endfacet
  facet normal 0.81342 0.100308 0.572963
    outer loop
      vertex -5.67255 -7.5587 0.589999
      vertex -6.65334 -7.65923 2
      vertex -5.63831 -7.83636 0.589999
    endloop
  endfacet
  facet normal -0.799568 -0.180007 0.572965
    outer loop
      vertex 5.52918 -5.61501 0.589999
      vertex 6.4865 -5.37925 2
      vertex 6.48564 -5.37543 2
    endloop
  endfacet
  facet normal -0.799669 -0.179572 0.57296
    outer loop
      vertex 6.4865 -5.37925 2
      vertex 5.52918 -5.61501 0.589999
      vertex 5.59048 -5.88799 0.589999
    endloop
  endfacet
  facet normal 0.0602932 -0.817361 0.572963
    outer loop
      vertex -0.279685 -1.30687 0.589999
      vertex -0.328066 -0.32204 2
      vertex -0.651441 -0.345894 2
    endloop
  endfacet
  facet normal -0.799672 -0.179564 0.572959
    outer loop
      vertex 6.55754 -5.69562 2
      vertex 6.4865 -5.37925 2
      vertex 5.59048 -5.88799 0.589999
    endloop
  endfacet
  facet normal -0.565126 -0.593587 0.572963
    outer loop
      vertex 4.72773 -2.27227 2
      vertex 4.49289 -2.04869 2
      vertex 4.03051 -2.96949 0.589999
    endloop
  endfacet
  facet normal 0.504199 0.646142 0.57296
    outer loop
      vertex -3.61604 -11.4062 0.589999
      vertex -4.23848 -12.1708 2
      vertex -3.39549 -11.5783 0.589999
    endloop
  endfacet
  facet normal 0.503759 0.646491 0.572954
    outer loop
      vertex -4.23848 -12.1708 2
      vertex -3.61604 -11.4062 0.589999
      vertex -4.24156 -12.1684 2
    endloop
  endfacet
  facet normal 0.564666 -0.593945 0.573046
    outer loop
      vertex -4.03051 -2.96949 0.589999
      vertex -4.49005 -2.04599 2
      vertex -4.49289 -2.04869 2
    endloop
  endfacet
  facet normal 0.565135 -0.593581 0.57296
    outer loop
      vertex -4.49005 -2.04599 2
      vertex -4.03051 -2.96949 0.589999
      vertex -3.82789 -2.77658 0.589999
    endloop
  endfacet
  facet normal 0.140036 0.807541 0.572946
    outer loop
      vertex -1.11201 -12.5905 0.589999
      vertex -0.981041 -13.6136 2
      vertex -0.836363 -12.6383 0.589999
    endloop
  endfacet
  facet normal 0.125831 0.808465 0.574936
    outer loop
      vertex -0.981041 -13.6136 2
      vertex -1.11201 -12.5905 0.589999
      vertex -0.984896 -13.613 2
    endloop
  endfacet
  facet normal -0.252072 0.779321 0.573689
    outer loop
      vertex 1.92027 -12.3668 0.589999
      vertex 1.94085 -13.3981 2
      vertex 1.94456 -13.3969 2
    endloop
  endfacet
  facet normal -0.257201 0.778195 0.57294
    outer loop
      vertex 1.94085 -13.3981 2
      vertex 1.92027 -12.3668 0.589999
      vertex 1.65462 -12.4546 0.589999
    endloop
  endfacet
  facet normal -0.620592 -0.535334 0.57296
    outer loop
      vertex 5.1658 -2.75547 2
      vertex 4.95401 -2.50995 2
      vertex 4.22342 -3.17211 0.589999
    endloop
  endfacet
  facet normal 0.81736 0.0602891 0.572964
    outer loop
      vertex -6.65411 -7.65144 2
      vertex -5.67255 -7.5587 0.589999
      vertex -5.69313 -7.27969 0.589999
    endloop
  endfacet
  facet normal 0.817321 0.0607752 0.572968
    outer loop
      vertex -5.67255 -7.5587 0.589999
      vertex -6.65411 -7.65144 2
      vertex -6.65382 -7.65534 2
    endloop
  endfacet
  facet normal 0.368895 -0.731917 0.5729
    outer loop
      vertex -2.68696 -1.97305 0.589999
      vertex -2.85864 -0.955916 2
      vertex -2.86213 -0.957675 2
    endloop
  endfacet
  facet normal 0.368496 -0.73207 0.572962
    outer loop
      vertex -2.85864 -0.955916 2
      vertex -2.68696 -1.97305 0.589999
      vertex -2.43706 -1.84726 0.589999
    endloop
  endfacet
  facet normal -0.807513 -0.140164 0.572954
    outer loop
      vertex 5.59048 -5.88799 0.589999
      vertex 6.61365 -6.01896 2
      vertex 6.61298 -6.0151 2
    endloop
  endfacet
  facet normal -0.807516 -0.140118 0.572961
    outer loop
      vertex 6.61365 -6.01896 2
      vertex 5.59048 -5.88799 0.589999
      vertex 5.63831 -6.16364 0.589999
    endloop
  endfacet
  facet normal -0.332127 -0.749271 0.572961
    outer loop
      vertex 2.43706 -1.84726 0.589999
      vertex 2.85506 -0.95433 2
      vertex 2.1813 -1.73389 0.589999
    endloop
  endfacet
  facet normal -0.331971 -0.749342 0.572959
    outer loop
      vertex 2.85506 -0.95433 2
      vertex 2.43706 -1.84726 0.589999
      vertex 2.85864 -0.955916 2
    endloop
  endfacet
  facet normal 0.646122 -0.504224 0.572962
    outer loop
      vertex -4.57828 -3.60451 0.589999
      vertex -5.17077 -2.76152 2
      vertex -5.37026 -3.01715 2
    endloop
  endfacet
  facet normal 0.140118 -0.807517 0.57296
    outer loop
      vertex -1.11201 -1.40952 0.589999
      vertex -0.984896 -0.387021 2
      vertex -1.30438 -0.442457 2
    endloop
  endfacet
  facet normal 0.294963 0.764653 0.572977
    outer loop
      vertex -2.2561 -13.2938 2
      vertex -2.1813 -12.2661 0.589999
      vertex -2.55863 -13.1771 2
    endloop
  endfacet
  facet normal 0.807513 -0.140164 0.572954
    outer loop
      vertex -6.61365 -6.01896 2
      vertex -5.59048 -5.88799 0.589999
      vertex -6.61298 -6.0151 2
    endloop
  endfacet
  facet normal 0.807516 -0.140118 0.572961
    outer loop
      vertex -5.59048 -5.88799 0.589999
      vertex -6.61365 -6.01896 2
      vertex -5.63831 -6.16364 0.589999
    endloop
  endfacet
  facet normal 0.504224 -0.646122 0.572962
    outer loop
      vertex -3.39549 -2.42172 0.589999
      vertex -3.98285 -1.62974 2
      vertex -4.23848 -1.82923 2
    endloop
  endfacet
  facet normal 0.799672 -0.179564 0.572959
    outer loop
      vertex -5.59048 -5.88799 0.589999
      vertex -6.4865 -5.37925 2
      vertex -6.55754 -5.69562 2
    endloop
  endfacet
  facet normal -0.749268 -0.332132 0.572962
    outer loop
      vertex 6.17707 -4.44137 2
      vertex 6.04567 -4.14494 2
      vertex 5.26611 -4.8187 0.589999
    endloop
  endfacet
  facet normal -0.294962 -0.764664 0.572962
    outer loop
      vertex 2.1813 -1.73389 0.589999
      vertex 2.25245 -0.704823 2
      vertex 1.92027 -1.6332 0.589999
    endloop
  endfacet
  facet normal -0.29516 -0.76461 0.572933
    outer loop
      vertex 2.25245 -0.704823 2
      vertex 2.1813 -1.73389 0.589999
      vertex 2.2561 -0.706232 2
    endloop
  endfacet
  facet normal 0.332134 -0.749267 0.572962
    outer loop
      vertex -2.1813 -1.73389 0.589999
      vertex -2.55863 -0.822929 2
      vertex -2.85506 -0.95433 2
    endloop
  endfacet
  facet normal 0.71311 0.403968 0.572961
    outer loop
      vertex -5.73671 -10.4339 2
      vertex -4.88905 -9.93039 0.589999
      vertex -5.02695 -9.68696 0.589999
    endloop
  endfacet
  facet normal 0.713661 0.403009 0.57295
    outer loop
      vertex -4.88905 -9.93039 0.589999
      vertex -5.73671 -10.4339 2
      vertex -5.73479 -10.4373 2
    endloop
  endfacet
  facet normal -0.504237 0.646106 0.572968
    outer loop
      vertex 3.98285 -12.3703 2
      vertex 4.23848 -12.1708 2
      vertex 3.39549 -11.5783 0.589999
    endloop
  endfacet
  facet normal 0.620673 0.53523 0.572969
    outer loop
      vertex -4.95401 -11.4901 2
      vertex -4.22342 -10.8279 0.589999
      vertex -5.1658 -11.2445 2
    endloop
  endfacet
  facet normal -0.565155 0.593565 0.572958
    outer loop
      vertex 4.49289 -11.9513 2
      vertex 4.72773 -11.7277 2
      vertex 4.03051 -11.0305 0.589999
    endloop
  endfacet
  facet normal -0.503759 0.646491 0.572954
    outer loop
      vertex 3.61604 -11.4062 0.589999
      vertex 4.23848 -12.1708 2
      vertex 4.24156 -12.1684 2
    endloop
  endfacet
  facet normal -0.504199 0.646142 0.57296
    outer loop
      vertex 4.23848 -12.1708 2
      vertex 3.61604 -11.4062 0.589999
      vertex 3.39549 -11.5783 0.589999
    endloop
  endfacet
  facet normal -0.218402 0.789963 0.572939
    outer loop
      vertex 1.62457 -13.4856 2
      vertex 1.93708 -13.3992 2
      vertex 1.38499 -12.5292 0.589999
    endloop
  endfacet
  facet normal 0.257085 -0.778217 0.572962
    outer loop
      vertex -1.92027 -1.6332 0.589999
      vertex -1.94456 -0.603111 2
      vertex -2.25245 -0.704823 2
    endloop
  endfacet
  facet normal -0.807516 -0.14013 0.572959
    outer loop
      vertex 6.61298 -6.0151 2
      vertex 6.55754 -5.69562 2
      vertex 5.59048 -5.88799 0.589999
    endloop
  endfacet
  facet normal -0.471912 0.67008 0.572968
    outer loop
      vertex 3.71775 -12.557 2
      vertex 3.98285 -12.3703 2
      vertex 3.39549 -11.5783 0.589999
    endloop
  endfacet
  facet normal -0.789897 -0.218586 0.57296
    outer loop
      vertex 6.48564 -5.37543 2
      vertex 6.39916 -5.06292 2
      vertex 5.52918 -5.61501 0.589999
    endloop
  endfacet
  facet normal -0.620772 -0.535077 0.573005
    outer loop
      vertex 4.22342 -3.17211 0.589999
      vertex 5.16836 -2.75844 2
      vertex 5.1658 -2.75547 2
    endloop
  endfacet
  facet normal -0.620599 -0.535324 0.572962
    outer loop
      vertex 5.16836 -2.75844 2
      vertex 4.22342 -3.17211 0.589999
      vertex 4.40616 -3.38396 0.589999
    endloop
  endfacet
  facet normal 0.0202129 0.819311 0.572993
    outer loop
      vertex -0.279685 -12.6931 0.589999
      vertex -0.324155 -13.6781 2
      vertex 0 -12.7 0.589999
    endloop
  endfacet
  facet normal 0.0209483 0.819288 0.573
    outer loop
      vertex -0.324155 -13.6781 2
      vertex -0.279685 -12.6931 0.589999
      vertex -0.328066 -13.678 2
    endloop
  endfacet
  facet normal -0.100482 0.813424 0.572926
    outer loop
      vertex 0.558697 -12.6726 0.589999
      vertex 0.659227 -13.6533 2
      vertex 0.836363 -12.6383 0.589999
    endloop
  endfacet
  facet normal -0.104678 0.812928 0.57288
    outer loop
      vertex 0.659227 -13.6533 2
      vertex 0.558697 -12.6726 0.589999
      vertex 0.655344 -13.6538 2
    endloop
  endfacet
  facet normal 0.0601043 -0.817376 0.57296
    outer loop
      vertex -0.558697 -1.32745 0.589999
      vertex -0.651441 -0.345894 2
      vertex -0.655344 -0.346181 2
    endloop
  endfacet
  facet normal 0.0602888 -0.817361 0.572962
    outer loop
      vertex -0.651441 -0.345894 2
      vertex -0.558697 -1.32745 0.589999
      vertex -0.279685 -1.30687 0.589999
    endloop
  endfacet
  facet normal -0.693005 -0.437577 0.572949
    outer loop
      vertex 4.73938 -3.83325 0.589999
      vertex 5.56131 -3.28876 2
      vertex 5.55922 -3.28545 2
    endloop
  endfacet
  facet normal -0.692433 -0.438469 0.572959
    outer loop
      vertex 5.56131 -3.28876 2
      vertex 4.73938 -3.83325 0.589999
      vertex 4.88905 -4.06961 0.589999
    endloop
  endfacet
  facet normal -0.403934 0.713153 0.572932
    outer loop
      vertex 3.15176 -12.8965 2
      vertex 3.43389 -12.7367 2
      vertex 2.68696 -12.027 0.589999
    endloop
  endfacet
  facet normal -0.368496 -0.73207 0.572962
    outer loop
      vertex 2.68696 -1.97305 0.589999
      vertex 2.85864 -0.955916 2
      vertex 2.43706 -1.84726 0.589999
    endloop
  endfacet
  facet normal -0.368895 -0.731917 0.5729
    outer loop
      vertex 2.85864 -0.955916 2
      vertex 2.68696 -1.97305 0.589999
      vertex 2.86213 -0.957675 2
    endloop
  endfacet
  facet normal -0.732084 0.368456 0.572969
    outer loop
      vertex 5.89654 -10.1518 2
      vertex 6.04233 -9.86213 2
      vertex 5.02695 -9.68696 0.589999
    endloop
  endfacet
  facet normal -0.504224 -0.646122 0.572962
    outer loop
      vertex 4.23848 -1.82923 2
      vertex 3.98285 -1.62974 2
      vertex 3.39549 -2.42172 0.589999
    endloop
  endfacet
  facet normal -0.778025 -0.257944 0.572837
    outer loop
      vertex 5.3668 -5.07973 0.589999
      vertex 6.39812 -5.05915 2
      vertex 6.39689 -5.05544 2
    endloop
  endfacet
  facet normal -0.778214 -0.25709 0.572963
    outer loop
      vertex 6.39812 -5.05915 2
      vertex 5.3668 -5.07973 0.589999
      vertex 5.45456 -5.34538 0.589999
    endloop
  endfacet
  facet normal -0.714175 -0.402116 0.572938
    outer loop
      vertex 4.88905 -4.06961 0.589999
      vertex 5.73671 -3.56611 2
      vertex 5.73479 -3.5627 2
    endloop
  endfacet
  facet normal -0.713111 -0.403968 0.57296
    outer loop
      vertex 5.73671 -3.56611 2
      vertex 4.88905 -4.06961 0.589999
      vertex 5.02695 -4.31304 0.589999
    endloop
  endfacet
  facet normal 0.535321 -0.620603 0.57296
    outer loop
      vertex -3.82789 -2.77658 0.589999
      vertex -4.24452 -1.8342 2
      vertex -4.49005 -2.04599 2
    endloop
  endfacet
  facet normal -0.332134 -0.749267 0.572962
    outer loop
      vertex 2.85506 -0.95433 2
      vertex 2.55863 -0.822929 2
      vertex 2.1813 -1.73389 0.589999
    endloop
  endfacet
  facet normal 0.778218 -0.257081 0.572963
    outer loop
      vertex -5.3668 -5.07973 0.589999
      vertex -6.29518 -4.74755 2
      vertex -6.39689 -5.05544 2
    endloop
  endfacet
  facet normal -0.438491 -0.692415 0.572963
    outer loop
      vertex 3.71124 -1.43869 2
      vertex 3.4373 -1.26521 2
      vertex 2.93039 -2.11095 0.589999
    endloop
  endfacet
  facet normal 0.179471 0.799708 0.572937
    outer loop
      vertex -1.30438 -13.5575 2
      vertex -1.11201 -12.5905 0.589999
      vertex -1.62075 -13.4865 2
    endloop
  endfacet
  facet normal -0.368488 -0.732073 0.572962
    outer loop
      vertex 3.15176 -1.10346 2
      vertex 2.86213 -0.957675 2
      vertex 2.68696 -1.97305 0.589999
    endloop
  endfacet
  facet normal -0.187941 0.797704 0.573015
    outer loop
      vertex 1.38499 -12.5292 0.589999
      vertex 1.62075 -13.4865 2
      vertex 1.62457 -13.4856 2
    endloop
  endfacet
  facet normal -0.179574 0.799674 0.572953
    outer loop
      vertex 1.62075 -13.4865 2
      vertex 1.38499 -12.5292 0.589999
      vertex 1.11201 -12.5905 0.589999
    endloop
  endfacet
  facet normal 0.332128 0.749259 0.572976
    outer loop
      vertex -2.55863 -13.1771 2
      vertex -2.1813 -12.2661 0.589999
      vertex -2.85506 -13.0457 2
    endloop
  endfacet
  facet normal 0.799669 0.179572 0.57296
    outer loop
      vertex -6.4865 -8.62075 2
      vertex -5.52918 -8.38499 0.589999
      vertex -5.59048 -8.11201 0.589999
    endloop
  endfacet
  facet normal 0.799568 0.180007 0.572965
    outer loop
      vertex -5.52918 -8.38499 0.589999
      vertex -6.4865 -8.62075 2
      vertex -6.48564 -8.62457 2
    endloop
  endfacet
  facet normal 0.438535 0.692398 0.57295
    outer loop
      vertex -3.16675 -11.7394 0.589999
      vertex -3.71124 -12.5613 2
      vertex -2.93039 -11.8891 0.589999
    endloop
  endfacet
  facet normal 0.439068 0.692055 0.572956
    outer loop
      vertex -3.71124 -12.5613 2
      vertex -3.16675 -11.7394 0.589999
      vertex -3.71455 -12.5592 2
    endloop
  endfacet
  facet normal 0.764664 0.294962 0.572963
    outer loop
      vertex -6.29518 -9.25245 2
      vertex -5.26611 -9.1813 0.589999
      vertex -5.3668 -8.92027 0.589999
    endloop
  endfacet
  facet normal 0.764557 0.29535 0.572905
    outer loop
      vertex -5.26611 -9.1813 0.589999
      vertex -6.29518 -9.25245 2
      vertex -6.29377 -9.2561 2
    endloop
  endfacet
  facet normal 0.764663 0.294966 0.572962
    outer loop
      vertex -6.17707 -9.55863 2
      vertex -5.26611 -9.1813 0.589999
      vertex -6.29377 -9.2561 2
    endloop
  endfacet
  facet normal 0.504237 0.646106 0.572968
    outer loop
      vertex -3.98285 -12.3703 2
      vertex -3.39549 -11.5783 0.589999
      vertex -4.23848 -12.1708 2
    endloop
  endfacet
  facet normal 0.0600569 0.817395 0.572938
    outer loop
      vertex -0.558697 -12.6726 0.589999
      vertex -0.651441 -13.6541 2
      vertex -0.279685 -12.6931 0.589999
    endloop
  endfacet
  facet normal 0.062811 0.817171 0.572963
    outer loop
      vertex -0.651441 -13.6541 2
      vertex -0.558697 -12.6726 0.589999
      vertex -0.655344 -13.6538 2
    endloop
  endfacet
  facet normal -0.29496 -0.764665 0.572962
    outer loop
      vertex 2.55863 -0.822929 2
      vertex 2.2561 -0.706232 2
      vertex 2.1813 -1.73389 0.589999
    endloop
  endfacet
  facet normal 0.620592 -0.535334 0.57296
    outer loop
      vertex -4.22342 -3.17211 0.589999
      vertex -4.95401 -2.50995 2
      vertex -5.1658 -2.75547 2
    endloop
  endfacet
  facet normal 0.620772 -0.535077 0.573005
    outer loop
      vertex -5.16836 -2.75844 2
      vertex -4.22342 -3.17211 0.589999
      vertex -5.1658 -2.75547 2
    endloop
  endfacet
  facet normal 0.620599 -0.535324 0.572962
    outer loop
      vertex -4.22342 -3.17211 0.589999
      vertex -5.16836 -2.75844 2
      vertex -4.40616 -3.38396 0.589999
    endloop
  endfacet
  facet normal 0.692389 0.438534 0.572962
    outer loop
      vertex -5.56131 -10.7112 2
      vertex -4.73938 -10.1667 0.589999
      vertex -4.88905 -9.93039 0.589999
    endloop
  endfacet
  facet normal 0.698299 0.429248 0.572821
    outer loop
      vertex -4.73938 -10.1667 0.589999
      vertex -5.56131 -10.7112 2
      vertex -5.55922 -10.7146 2
    endloop
  endfacet
  facet normal -0.471915 -0.670083 0.572962
    outer loop
      vertex 3.98285 -1.62974 2
      vertex 3.71775 -1.44304 2
      vertex 3.39549 -2.42172 0.589999
    endloop
  endfacet
  facet normal 0.646048 0.504298 0.572979
    outer loop
      vertex -5.17077 -11.2385 2
      vertex -4.40616 -10.616 0.589999
      vertex -4.57828 -10.3955 0.589999
    endloop
  endfacet
  facet normal 0.647051 0.50303 0.572963
    outer loop
      vertex -4.40616 -10.616 0.589999
      vertex -5.17077 -11.2385 2
      vertex -5.16836 -11.2416 2
    endloop
  endfacet
  facet normal 0.471912 0.67008 0.572968
    outer loop
      vertex -3.71775 -12.557 2
      vertex -3.39549 -11.5783 0.589999
      vertex -3.98285 -12.3703 2
    endloop
  endfacet
  facet normal 0.368488 -0.732073 0.572962
    outer loop
      vertex -2.68696 -1.97305 0.589999
      vertex -2.86213 -0.957675 2
      vertex -3.15176 -1.10346 2
    endloop
  endfacet
  facet normal 0.535425 0.620513 0.57296
    outer loop
      vertex -3.82789 -11.2234 0.589999
      vertex -4.24156 -12.1684 2
      vertex -3.61604 -11.4062 0.589999
    endloop
  endfacet
  facet normal 0.541367 0.616325 0.571896
    outer loop
      vertex -4.24156 -12.1684 2
      vertex -3.82789 -11.2234 0.589999
      vertex -4.24452 -12.1658 2
    endloop
  endfacet
  facet normal 0.535334 0.620588 0.572963
    outer loop
      vertex -4.24452 -12.1658 2
      vertex -3.82789 -11.2234 0.589999
      vertex -4.49005 -11.954 2
    endloop
  endfacet
  facet normal -0.713102 -0.403981 0.572962
    outer loop
      vertex 5.89654 -3.84824 2
      vertex 5.73671 -3.56611 2
      vertex 5.02695 -4.31304 0.589999
    endloop
  endfacet
  facet normal 0.789897 0.218586 0.57296
    outer loop
      vertex -6.39916 -8.93708 2
      vertex -5.52918 -8.38499 0.589999
      vertex -6.48564 -8.62457 2
    endloop
  endfacet
  facet normal -0.14012 -0.807517 0.57296
    outer loop
      vertex 1.11201 -1.40952 0.589999
      vertex 0.981041 -0.386352 2
      vertex 0.836363 -1.36169 0.589999
    endloop
  endfacet
  facet normal -0.140137 -0.807516 0.572957
    outer loop
      vertex 0.981041 -0.386352 2
      vertex 1.11201 -1.40952 0.589999
      vertex 0.984896 -0.387021 2
    endloop
  endfacet
  facet normal -0.100342 -0.813416 0.572962
    outer loop
      vertex 0.558697 -1.32745 0.589999
      vertex 0.659227 -0.34666 2
      vertex 0.655344 -0.346181 2
    endloop
  endfacet
  facet normal -0.100306 -0.81342 0.572963
    outer loop
      vertex 0.659227 -0.34666 2
      vertex 0.558697 -1.32745 0.589999
      vertex 0.836363 -1.36169 0.589999
    endloop
  endfacet
  facet normal -0.218591 -0.789895 0.57296
    outer loop
      vertex 1.93708 -0.60084 2
      vertex 1.62457 -0.514358 2
      vertex 1.38499 -1.47082 0.589999
    endloop
  endfacet
  facet normal 0.402116 -0.714175 0.572938
    outer loop
      vertex -2.93039 -2.11095 0.589999
      vertex -3.43389 -1.26329 2
      vertex -3.4373 -1.26521 2
    endloop
  endfacet
  facet normal 0.403968 -0.713111 0.57296
    outer loop
      vertex -3.43389 -1.26329 2
      vertex -2.93039 -2.11095 0.589999
      vertex -2.68696 -1.97305 0.589999
    endloop
  endfacet
  facet normal -0.541367 0.616325 0.571896
    outer loop
      vertex 3.82789 -11.2234 0.589999
      vertex 4.24156 -12.1684 2
      vertex 4.24452 -12.1658 2
    endloop
  endfacet
  facet normal -0.535425 0.620513 0.57296
    outer loop
      vertex 4.24156 -12.1684 2
      vertex 3.82789 -11.2234 0.589999
      vertex 3.61604 -11.4062 0.589999
    endloop
  endfacet
  facet normal 0.764663 -0.294966 0.572962
    outer loop
      vertex -5.26611 -4.8187 0.589999
      vertex -6.17707 -4.44137 2
      vertex -6.29377 -4.7439 2
    endloop
  endfacet
  facet normal 0.179573 -0.799669 0.57296
    outer loop
      vertex -1.11201 -1.40952 0.589999
      vertex -1.30438 -0.442457 2
      vertex -1.62075 -0.513501 2
    endloop
  endfacet
  facet normal -0.764663 -0.294966 0.572962
    outer loop
      vertex 6.29377 -4.7439 2
      vertex 6.17707 -4.44137 2
      vertex 5.26611 -4.8187 0.589999
    endloop
  endfacet
  facet normal -0.504234 -0.646112 0.572964
    outer loop
      vertex 3.61604 -2.59384 0.589999
      vertex 4.23848 -1.82923 2
      vertex 3.39549 -2.42172 0.589999
    endloop
  endfacet
  facet normal -0.505054 -0.645463 0.572973
    outer loop
      vertex 4.23848 -1.82923 2
      vertex 3.61604 -2.59384 0.589999
      vertex 4.24156 -1.83164 2
    endloop
  endfacet
  facet normal 0.471934 0.670081 0.572948
    outer loop
      vertex -3.39549 -11.5783 0.589999
      vertex -3.71455 -12.5592 2
      vertex -3.16675 -11.7394 0.589999
    endloop
  endfacet
  facet normal 0.4638 0.674618 0.574264
    outer loop
      vertex -3.71455 -12.5592 2
      vertex -3.39549 -11.5783 0.589999
      vertex -3.71775 -12.557 2
    endloop
  endfacet
  facet normal 0.471915 -0.670083 0.572962
    outer loop
      vertex -3.39549 -2.42172 0.589999
      vertex -3.71775 -1.44304 2
      vertex -3.98285 -1.62974 2
    endloop
  endfacet
  facet normal -0.817321 -0.0607752 0.572968
    outer loop
      vertex 5.67255 -6.4413 0.589999
      vertex 6.65411 -6.34856 2
      vertex 6.65382 -6.34466 2
    endloop
  endfacet
  facet normal -0.81736 -0.0602891 0.572964
    outer loop
      vertex 6.65411 -6.34856 2
      vertex 5.67255 -6.4413 0.589999
      vertex 5.69313 -6.72031 0.589999
    endloop
  endfacet
  facet normal 0.62065 0.535241 0.572983
    outer loop
      vertex -5.16836 -11.2416 2
      vertex -4.22342 -10.8279 0.589999
      vertex -4.40616 -10.616 0.589999
    endloop
  endfacet
  facet normal 0.615151 0.54303 0.571583
    outer loop
      vertex -4.22342 -10.8279 0.589999
      vertex -5.16836 -11.2416 2
      vertex -5.1658 -11.2445 2
    endloop
  endfacet
  facet normal 0.670083 -0.471915 0.572962
    outer loop
      vertex -4.57828 -3.60451 0.589999
      vertex -5.37026 -3.01715 2
      vertex -5.55696 -3.28225 2
    endloop
  endfacet
  facet normal 0.593548 0.56516 0.572971
    outer loop
      vertex -4.95401 -11.4901 2
      vertex -4.03051 -11.0305 0.589999
      vertex -4.22342 -10.8279 0.589999
    endloop
  endfacet
  facet normal 0.590348 0.569264 0.572213
    outer loop
      vertex -4.03051 -11.0305 0.589999
      vertex -4.95401 -11.4901 2
      vertex -4.95131 -11.4929 2
    endloop
  endfacet
  facet normal 0.693005 -0.437577 0.572949
    outer loop
      vertex -5.56131 -3.28876 2
      vertex -4.73938 -3.83325 0.589999
      vertex -5.55922 -3.28545 2
    endloop
  endfacet
  facet normal 0.692433 -0.438469 0.572959
    outer loop
      vertex -4.73938 -3.83325 0.589999
      vertex -5.56131 -3.28876 2
      vertex -4.88905 -4.06961 0.589999
    endloop
  endfacet
  facet normal 0.218591 -0.789895 0.57296
    outer loop
      vertex -1.38499 -1.47082 0.589999
      vertex -1.62457 -0.514358 2
      vertex -1.93708 -0.60084 2
    endloop
  endfacet
  facet normal -0.439068 0.692055 0.572956
    outer loop
      vertex 3.16675 -11.7394 0.589999
      vertex 3.71124 -12.5613 2
      vertex 3.71455 -12.5592 2
    endloop
  endfacet
  facet normal -0.438535 0.692398 0.57295
    outer loop
      vertex 3.71124 -12.5613 2
      vertex 3.16675 -11.7394 0.589999
      vertex 2.93039 -11.8891 0.589999
    endloop
  endfacet
  facet normal -0.645463 -0.505054 0.572973
    outer loop
      vertex 4.40616 -3.38396 0.589999
      vertex 5.17077 -2.76152 2
      vertex 5.16836 -2.75844 2
    endloop
  endfacet
  facet normal -0.646112 -0.504234 0.572964
    outer loop
      vertex 5.17077 -2.76152 2
      vertex 4.40616 -3.38396 0.589999
      vertex 4.57828 -3.60451 0.589999
    endloop
  endfacet
  facet normal -0.593945 -0.564666 0.573046
    outer loop
      vertex 4.03051 -2.96949 0.589999
      vertex 4.95401 -2.50995 2
      vertex 4.95131 -2.50711 2
    endloop
  endfacet
  facet normal -0.593581 -0.565135 0.57296
    outer loop
      vertex 4.95401 -2.50995 2
      vertex 4.03051 -2.96949 0.589999
      vertex 4.22342 -3.17211 0.589999
    endloop
  endfacet
  facet normal 0.536202 -0.619984 0.572807
    outer loop
      vertex -3.82789 -2.77658 0.589999
      vertex -4.24156 -1.83164 2
      vertex -4.24452 -1.8342 2
    endloop
  endfacet
  facet normal 0.535324 -0.620599 0.572962
    outer loop
      vertex -4.24156 -1.83164 2
      vertex -3.82789 -2.77658 0.589999
      vertex -3.61604 -2.59384 0.589999
    endloop
  endfacet
  facet normal -0.790075 -0.217952 0.572955
    outer loop
      vertex 5.45456 -5.34538 0.589999
      vertex 6.39916 -5.06292 2
      vertex 6.39812 -5.05915 2
    endloop
  endfacet
  facet normal -0.789891 -0.218602 0.572962
    outer loop
      vertex 6.39916 -5.06292 2
      vertex 5.45456 -5.34538 0.589999
      vertex 5.52918 -5.61501 0.589999
    endloop
  endfacet
  facet normal 0.732068 -0.368498 0.572962
    outer loop
      vertex -5.02695 -4.31304 0.589999
      vertex -5.89654 -3.84824 2
      vertex -6.04233 -4.13787 2
    endloop
  endfacet
  facet normal -0.732068 -0.368498 0.572962
    outer loop
      vertex 6.04233 -4.13787 2
      vertex 5.89654 -3.84824 2
      vertex 5.02695 -4.31304 0.589999
    endloop
  endfacet
  facet normal 0.732071 0.368496 0.57296
    outer loop
      vertex -6.04408 -9.85864 2
      vertex -5.02695 -9.68696 0.589999
      vertex -5.15274 -9.43706 0.589999
    endloop
  endfacet
  facet normal 0.732523 0.367311 0.573142
    outer loop
      vertex -5.02695 -9.68696 0.589999
      vertex -6.04408 -9.85864 2
      vertex -6.04233 -9.86213 2
    endloop
  endfacet
  facet normal -0.565135 -0.593581 0.57296
    outer loop
      vertex 4.03051 -2.96949 0.589999
      vertex 4.49005 -2.04599 2
      vertex 3.82789 -2.77658 0.589999
    endloop
  endfacet
  facet normal -0.564666 -0.593945 0.573046
    outer loop
      vertex 4.49005 -2.04599 2
      vertex 4.03051 -2.96949 0.589999
      vertex 4.49289 -2.04869 2
    endloop
  endfacet
  facet normal -0.403968 -0.713111 0.57296
    outer loop
      vertex 2.93039 -2.11095 0.589999
      vertex 3.43389 -1.26329 2
      vertex 2.68696 -1.97305 0.589999
    endloop
  endfacet
  facet normal -0.402116 -0.714175 0.572938
    outer loop
      vertex 3.43389 -1.26329 2
      vertex 2.93039 -2.11095 0.589999
      vertex 3.4373 -1.26521 2
    endloop
  endfacet
  facet normal 0.669545 -0.472866 0.572806
    outer loop
      vertex -5.55922 -3.28545 2
      vertex -4.57828 -3.60451 0.589999
      vertex -5.55696 -3.28225 2
    endloop
  endfacet
  facet normal 0.670074 -0.471928 0.572961
    outer loop
      vertex -4.57828 -3.60451 0.589999
      vertex -5.55922 -3.28545 2
      vertex -4.73938 -3.83325 0.589999
    endloop
  endfacet
  facet normal -0.257091 -0.778215 0.572962
    outer loop
      vertex 1.92027 -1.6332 0.589999
      vertex 1.94085 -0.601884 2
      vertex 1.65462 -1.54544 0.589999
    endloop
  endfacet
  facet normal -0.257358 -0.778156 0.572922
    outer loop
      vertex 1.94085 -0.601884 2
      vertex 1.92027 -1.6332 0.589999
      vertex 1.94456 -0.603111 2
    endloop
  endfacet
  facet normal -0.218602 -0.789891 0.572962
    outer loop
      vertex 1.65462 -1.54544 0.589999
      vertex 1.93708 -0.60084 2
      vertex 1.38499 -1.47082 0.589999
    endloop
  endfacet
  facet normal -0.218729 -0.789855 0.572963
    outer loop
      vertex 1.93708 -0.60084 2
      vertex 1.65462 -1.54544 0.589999
      vertex 1.94085 -0.601884 2
    endloop
  endfacet
  facet normal 0.713102 -0.403981 0.572962
    outer loop
      vertex -5.02695 -4.31304 0.589999
      vertex -5.73671 -3.56611 2
      vertex -5.89654 -3.84824 2
    endloop
  endfacet
  facet normal 0.790075 -0.217952 0.572955
    outer loop
      vertex -6.39916 -5.06292 2
      vertex -5.45456 -5.34538 0.589999
      vertex -6.39812 -5.05915 2
    endloop
  endfacet
  facet normal 0.789891 -0.218602 0.572962
    outer loop
      vertex -5.45456 -5.34538 0.589999
      vertex -6.39916 -5.06292 2
      vertex -5.52918 -5.61501 0.589999
    endloop
  endfacet
  facet normal -0.764557 -0.29535 0.572905
    outer loop
      vertex 5.26611 -4.8187 0.589999
      vertex 6.29518 -4.74755 2
      vertex 6.29377 -4.7439 2
    endloop
  endfacet
  facet normal -0.764664 -0.294962 0.572963
    outer loop
      vertex 6.29518 -4.74755 2
      vertex 5.26611 -4.8187 0.589999
      vertex 5.3668 -5.07973 0.589999
    endloop
  endfacet
  facet normal 0.732523 -0.367311 0.573142
    outer loop
      vertex -6.04408 -4.14136 2
      vertex -5.02695 -4.31304 0.589999
      vertex -6.04233 -4.13787 2
    endloop
  endfacet
  facet normal 0.732071 -0.368496 0.57296
    outer loop
      vertex -5.02695 -4.31304 0.589999
      vertex -6.04408 -4.14136 2
      vertex -5.15274 -4.56294 0.589999
    endloop
  endfacet
  facet normal -0.81342 -0.100322 0.572961
    outer loop
      vertex 6.65334 -6.34077 2
      vertex 6.61365 -6.01896 2
      vertex 5.63831 -6.16364 0.589999
    endloop
  endfacet
  facet normal -0.817361 -0.0602841 0.572963
    outer loop
      vertex 6.67796 -6.67193 2
      vertex 6.65411 -6.34856 2
      vertex 5.69313 -6.72031 0.589999
    endloop
  endfacet
  facet normal 0.505054 -0.645463 0.572973
    outer loop
      vertex -3.61604 -2.59384 0.589999
      vertex -4.23848 -1.82923 2
      vertex -4.24156 -1.83164 2
    endloop
  endfacet
  facet normal 0.504234 -0.646112 0.572964
    outer loop
      vertex -4.23848 -1.82923 2
      vertex -3.61604 -2.59384 0.589999
      vertex -3.39549 -2.42172 0.589999
    endloop
  endfacet
  facet normal 0.692387 0.438537 0.572963
    outer loop
      vertex -5.56131 -10.7112 2
      vertex -4.88905 -9.93039 0.589999
      vertex -5.73479 -10.4373 2
    endloop
  endfacet
  facet normal 0.593945 -0.564666 0.573046
    outer loop
      vertex -4.95401 -2.50995 2
      vertex -4.03051 -2.96949 0.589999
      vertex -4.95131 -2.50711 2
    endloop
  endfacet
  facet normal 0.593581 -0.565135 0.57296
    outer loop
      vertex -4.03051 -2.96949 0.589999
      vertex -4.95401 -2.50995 2
      vertex -4.22342 -3.17211 0.589999
    endloop
  endfacet
  facet normal 0.565126 -0.593587 0.572963
    outer loop
      vertex -4.03051 -2.96949 0.589999
      vertex -4.49289 -2.04869 2
      vertex -4.72773 -2.27227 2
    endloop
  endfacet
  facet normal -0.81342 -0.100308 0.572963
    outer loop
      vertex 5.67255 -6.4413 0.589999
      vertex 6.65334 -6.34077 2
      vertex 5.63831 -6.16364 0.589999
    endloop
  endfacet
  facet normal -0.813413 -0.10037 0.572962
    outer loop
      vertex 6.65334 -6.34077 2
      vertex 5.67255 -6.4413 0.589999
      vertex 6.65382 -6.34466 2
    endloop
  endfacet
  facet normal -0.997289 -0.0735856 0
    outer loop
      vertex -9.60205 0.083415 0
      vertex -9.60819 0.166629 0.289999
      vertex -9.60819 0.166629 0
    endloop
  endfacet
  facet normal -0.997289 -0.0735856 0
    outer loop
      vertex -9.60819 0.166629 0.289999
      vertex -9.60205 0.083415 0
      vertex -9.60205 0.083415 0.289999
    endloop
  endfacet
  facet normal -0.999698 -0.0245685 0
    outer loop
      vertex -9.6 0 0
      vertex -9.60205 0.083415 0.289999
      vertex -9.60205 0.083415 0
    endloop
  endfacet
  facet normal -0.999698 -0.0245685 0
    outer loop
      vertex -9.60205 0.083415 0.289999
      vertex -9.6 0 0
      vertex -9.6 0 0.289999
    endloop
  endfacet
  facet normal -0.992485 -0.122365 0
    outer loop
      vertex -9.60819 0.166629 0
      vertex -9.6184 0.249441 0.289999
      vertex -9.6184 0.249441 0
    endloop
  endfacet
  facet normal -0.992485 -0.122365 0
    outer loop
      vertex -9.6184 0.249441 0.289999
      vertex -9.60819 0.166629 0
      vertex -9.60819 0.166629 0.289999
    endloop
  endfacet
  facet normal 0.985207 -0.171367 0
    outer loop
      vertex -12.9816 0.249441 0.289999
      vertex -12.9673 0.331653 0
      vertex -12.9673 0.331653 0.289999
    endloop
  endfacet
  facet normal 0.985207 -0.171367 0
    outer loop
      vertex -12.9673 0.331653 0
      vertex -12.9816 0.249441 0.289999
      vertex -12.9816 0.249441 0
    endloop
  endfacet
  facet normal 0.122382 0.992483 -0
    outer loop
      vertex -11.4666 -1.69181 0
      vertex -11.5494 -1.6816 0.289999
      vertex -11.4666 -1.69181 0.289999
    endloop
  endfacet
  facet normal 0.122382 0.992483 0
    outer loop
      vertex -11.5494 -1.6816 0.289999
      vertex -11.4666 -1.69181 0
      vertex -11.5494 -1.6816 0
    endloop
  endfacet
  facet normal -0.757087 0.653314 0
    outer loop
      vertex -10.0404 -1.14165 0
      vertex -9.98588 -1.07847 0.289999
      vertex -9.98588 -1.07847 0
    endloop
  endfacet
  facet normal -0.757087 0.653314 0
    outer loop
      vertex -9.98588 -1.07847 0.289999
      vertex -10.0404 -1.14165 0
      vertex -10.0404 -1.14165 0.289999
    endloop
  endfacet
  facet normal 0.219113 -0.9757 0
    outer loop
      vertex -11.7131 1.64905 0
      vertex -11.6317 1.66733 0.289999
      vertex -11.7131 1.64905 0.289999
    endloop
  endfacet
  facet normal 0.219113 -0.9757 0
    outer loop
      vertex -11.6317 1.66733 0.289999
      vertex -11.7131 1.64905 0
      vertex -11.6317 1.66733 0
    endloop
  endfacet
  facet normal 0.963636 -0.267217 0
    outer loop
      vertex -12.9491 0.413066 0.289999
      vertex -12.9268 0.493484 0
      vertex -12.9268 0.493484 0.289999
    endloop
  endfacet
  facet normal 0.963636 -0.267217 0
    outer loop
      vertex -12.9268 0.493484 0
      vertex -12.9491 0.413066 0.289999
      vertex -12.9491 0.413066 0
    endloop
  endfacet
  facet normal 0.91427 0.405106 0
    outer loop
      vertex -12.8368 -0.726843 0.289999
      vertex -12.8706 -0.650561 0
      vertex -12.8706 -0.650561 0.289999
    endloop
  endfacet
  facet normal 0.91427 0.405106 0
    outer loop
      vertex -12.8706 -0.650561 0
      vertex -12.8368 -0.726843 0.289999
      vertex -12.8368 -0.726843 0
    endloop
  endfacet
  facet normal -0.949505 -0.313753 0
    outer loop
      vertex -9.6732 0.493484 0
      vertex -9.69938 0.572712 0.289999
      vertex -9.69938 0.572712 0
    endloop
  endfacet
  facet normal -0.949505 -0.313753 0
    outer loop
      vertex -9.69938 0.572712 0.289999
      vertex -9.6732 0.493484 0
      vertex -9.6732 0.493484 0.289999
    endloop
  endfacet
  facet normal -0.985268 0.171018 0
    outer loop
      vertex -9.63267 -0.331653 0
      vertex -9.6184 -0.249441 0.289999
      vertex -9.6184 -0.249441 0
    endloop
  endfacet
  facet normal -0.985268 0.171018 0
    outer loop
      vertex -9.6184 -0.249441 0.289999
      vertex -9.63267 -0.331653 0
      vertex -9.63267 -0.331653 0.289999
    endloop
  endfacet
  facet normal -0.975707 0.21908 0
    outer loop
      vertex -9.65095 -0.413066 0
      vertex -9.63267 -0.331653 0.289999
      vertex -9.63267 -0.331653 0
    endloop
  endfacet
  facet normal -0.975707 0.21908 0
    outer loop
      vertex -9.63267 -0.331653 0.289999
      vertex -9.65095 -0.413066 0
      vertex -9.65095 -0.413066 0.289999
    endloop
  endfacet
  facet normal -0.653058 0.757308 0
    outer loop
      vertex -10.1583 -1.25962 0
      vertex -10.2215 -1.31412 0.289999
      vertex -10.1583 -1.25962 0.289999
    endloop
  endfacet
  facet normal -0.653058 0.757308 0
    outer loop
      vertex -10.2215 -1.31412 0.289999
      vertex -10.1583 -1.25962 0
      vertex -10.2215 -1.31412 0
    endloop
  endfacet
  facet normal 0.689757 -0.724041 0
    outer loop
      vertex -12.5021 1.20208 0
      vertex -12.4417 1.25962 0.289999
      vertex -12.5021 1.20208 0.289999
    endloop
  endfacet
  facet normal 0.689757 -0.724041 0
    outer loop
      vertex -12.4417 1.25962 0.289999
      vertex -12.5021 1.20208 0
      vertex -12.4417 1.25962 0
    endloop
  endfacet
  facet normal 0.757206 0.653177 0
    outer loop
      vertex -12.5596 -1.14165 0.289999
      vertex -12.6141 -1.07847 0
      vertex -12.6141 -1.07847 0.289999
    endloop
  endfacet
  facet normal 0.757206 0.653177 0
    outer loop
      vertex -12.6141 -1.07847 0
      vertex -12.5596 -1.14165 0.289999
      vertex -12.5596 -1.14165 0
    endloop
  endfacet
  facet normal -0.985268 -0.171018 0
    outer loop
      vertex -9.6184 0.249441 0
      vertex -9.63267 0.331653 0.289999
      vertex -9.63267 0.331653 0
    endloop
  endfacet
  facet normal -0.985268 -0.171018 0
    outer loop
      vertex -9.63267 0.331653 0.289999
      vertex -9.6184 0.249441 0
      vertex -9.6184 0.249441 0.289999
    endloop
  endfacet
  facet normal -0.949505 0.313753 0
    outer loop
      vertex -9.69938 -0.572712 0
      vertex -9.6732 -0.493484 0.289999
      vertex -9.6732 -0.493484 0
    endloop
  endfacet
  facet normal -0.949505 0.313753 0
    outer loop
      vertex -9.6732 -0.493484 0.289999
      vertex -9.69938 -0.572712 0
      vertex -9.69938 -0.572712 0.289999
    endloop
  endfacet
  facet normal 0.575954 -0.817482 0
    outer loop
      vertex -12.3127 1.36545 0
      vertex -12.2445 1.4135 0.289999
      vertex -12.3127 1.36545 0.289999
    endloop
  endfacet
  facet normal 0.575954 -0.817482 0
    outer loop
      vertex -12.2445 1.4135 0.289999
      vertex -12.3127 1.36545 0
      vertex -12.2445 1.4135 0
    endloop
  endfacet
  facet normal -0.575954 0.817482 0
    outer loop
      vertex -10.2873 -1.36545 0
      vertex -10.3555 -1.4135 0.289999
      vertex -10.2873 -1.36545 0.289999
    endloop
  endfacet
  facet normal -0.575954 0.817482 0
    outer loop
      vertex -10.3555 -1.4135 0.289999
      vertex -10.2873 -1.36545 0
      vertex -10.3555 -1.4135 0
    endloop
  endfacet
  facet normal -0.405571 -0.914064 0
    outer loop
      vertex -10.6494 1.57059 0
      vertex -10.5732 1.53678 0.289999
      vertex -10.6494 1.57059 0.289999
    endloop
  endfacet
  facet normal -0.405571 -0.914064 -0
    outer loop
      vertex -10.5732 1.53678 0.289999
      vertex -10.6494 1.57059 0
      vertex -10.5732 1.53678 0
    endloop
  endfacet
  facet normal -0.219113 -0.9757 0
    outer loop
      vertex -10.9683 1.66733 0
      vertex -10.8869 1.64905 0.289999
      vertex -10.9683 1.66733 0.289999
    endloop
  endfacet
  facet normal -0.219113 -0.9757 -0
    outer loop
      vertex -10.8869 1.64905 0.289999
      vertex -10.9683 1.66733 0
      vertex -10.8869 1.64905 0
    endloop
  endfacet
  facet normal -0.999698 0.0245685 0
    outer loop
      vertex -9.60205 -0.083415 0
      vertex -9.6 0 0.289999
      vertex -9.6 0 0
    endloop
  endfacet
  facet normal -0.999698 0.0245685 0
    outer loop
      vertex -9.6 0 0.289999
      vertex -9.60205 -0.083415 0
      vertex -9.60205 -0.083415 0.289999
    endloop
  endfacet
  facet normal -0.844853 0.534999 0
    outer loop
      vertex -9.8865 -0.944468 0
      vertex -9.84186 -0.873974 0.289999
      vertex -9.84186 -0.873974 0
    endloop
  endfacet
  facet normal -0.844853 0.534999 0
    outer loop
      vertex -9.84186 -0.873974 0.289999
      vertex -9.8865 -0.944468 0
      vertex -9.8865 -0.944468 0.289999
    endloop
  endfacet
  facet normal 0.405571 0.914064 -0
    outer loop
      vertex -11.9506 -1.57059 0
      vertex -12.0268 -1.53678 0.289999
      vertex -11.9506 -1.57059 0.289999
    endloop
  endfacet
  facet normal 0.405571 0.914064 0
    outer loop
      vertex -12.0268 -1.53678 0.289999
      vertex -11.9506 -1.57059 0
      vertex -12.0268 -1.53678 0
    endloop
  endfacet
  facet normal 0.963636 0.267217 0
    outer loop
      vertex -12.9268 -0.493484 0.289999
      vertex -12.9491 -0.413066 0
      vertex -12.9491 -0.413066 0.289999
    endloop
  endfacet
  facet normal 0.963636 0.267217 0
    outer loop
      vertex -12.9491 -0.413066 0
      vertex -12.9268 -0.493484 0.289999
      vertex -12.9268 -0.493484 0
    endloop
  endfacet
  facet normal 0.985207 0.171367 0
    outer loop
      vertex -12.9673 -0.331653 0.289999
      vertex -12.9816 -0.249441 0
      vertex -12.9816 -0.249441 0.289999
    endloop
  endfacet
  facet normal 0.985207 0.171367 0
    outer loop
      vertex -12.9816 -0.249441 0
      vertex -12.9673 -0.331653 0.289999
      vertex -12.9673 -0.331653 0
    endloop
  endfacet
  facet normal -0.219113 0.9757 0
    outer loop
      vertex -10.8869 -1.64905 0
      vertex -10.9683 -1.66733 0.289999
      vertex -10.8869 -1.64905 0.289999
    endloop
  endfacet
  facet normal -0.219113 0.9757 0
    outer loop
      vertex -10.9683 -1.66733 0.289999
      vertex -10.8869 -1.64905 0
      vertex -10.9683 -1.66733 0
    endloop
  endfacet
  facet normal 0.9925 -0.122247 0
    outer loop
      vertex -12.9918 0.166629 0.289999
      vertex -12.9816 0.249441 0
      vertex -12.9816 0.249441 0.289999
    endloop
  endfacet
  facet normal 0.9925 -0.122247 0
    outer loop
      vertex -12.9816 0.249441 0
      vertex -12.9918 0.166629 0.289999
      vertex -12.9918 0.166629 0
    endloop
  endfacet
  facet normal 0.534967 -0.844873 0
    outer loop
      vertex -12.2445 1.4135 0
      vertex -12.174 1.45814 0.289999
      vertex -12.2445 1.4135 0.289999
    endloop
  endfacet
  facet normal 0.534967 -0.844873 0
    outer loop
      vertex -12.174 1.45814 0.289999
      vertex -12.2445 1.4135 0
      vertex -12.174 1.45814 0
    endloop
  endfacet
  facet normal -0.0735979 0.997288 0
    outer loop
      vertex -11.1334 -1.69181 0
      vertex -11.2166 -1.69795 0.289999
      vertex -11.1334 -1.69181 0.289999
    endloop
  endfacet
  facet normal -0.0735979 0.997288 0
    outer loop
      vertex -11.2166 -1.69795 0.289999
      vertex -11.1334 -1.69181 0
      vertex -11.2166 -1.69795 0
    endloop
  endfacet
  facet normal -0.914225 0.405206 0
    outer loop
      vertex -9.76322 -0.726843 0
      vertex -9.72941 -0.650561 0.289999
      vertex -9.72941 -0.650561 0
    endloop
  endfacet
  facet normal -0.914225 0.405206 0
    outer loop
      vertex -9.72941 -0.650561 0.289999
      vertex -9.76322 -0.726843 0
      vertex -9.76322 -0.726843 0.289999
    endloop
  endfacet
  facet normal 0.869714 -0.493557 0
    outer loop
      vertex -12.7993 0.801374 0.289999
      vertex -12.7581 0.873974 0
      vertex -12.7581 0.873974 0.289999
    endloop
  endfacet
  facet normal 0.869714 -0.493557 0
    outer loop
      vertex -12.7581 0.873974 0
      vertex -12.7993 0.801374 0.289999
      vertex -12.7993 0.801374 0
    endloop
  endfacet
  facet normal -0.313853 -0.949472 0
    outer loop
      vertex -10.8065 1.6268 0
      vertex -10.7273 1.60062 0.289999
      vertex -10.8065 1.6268 0.289999
    endloop
  endfacet
  facet normal -0.313853 -0.949472 -0
    outer loop
      vertex -10.7273 1.60062 0.289999
      vertex -10.8065 1.6268 0
      vertex -10.7273 1.60062 0
    endloop
  endfacet
  facet normal -0.689757 -0.724041 0
    outer loop
      vertex -10.1583 1.25962 0
      vertex -10.0979 1.20208 0.289999
      vertex -10.1583 1.25962 0.289999
    endloop
  endfacet
  facet normal -0.689757 -0.724041 -0
    outer loop
      vertex -10.0979 1.20208 0.289999
      vertex -10.1583 1.25962 0
      vertex -10.0979 1.20208 0
    endloop
  endfacet
  facet normal 0.724451 -0.689326 0
    outer loop
      vertex -12.5596 1.14165 0.289999
      vertex -12.5021 1.20208 0
      vertex -12.5021 1.20208 0.289999
    endloop
  endfacet
  facet normal 0.724451 -0.689326 0
    outer loop
      vertex -12.5021 1.20208 0
      vertex -12.5596 1.14165 0.289999
      vertex -12.5596 1.14165 0
    endloop
  endfacet
  facet normal -0.405571 0.914064 0
    outer loop
      vertex -10.5732 -1.53678 0
      vertex -10.6494 -1.57059 0.289999
      vertex -10.5732 -1.53678 0.289999
    endloop
  endfacet
  facet normal -0.405571 0.914064 0
    outer loop
      vertex -10.6494 -1.57059 0.289999
      vertex -10.5732 -1.53678 0
      vertex -10.6494 -1.57059 0
    endloop
  endfacet
  facet normal 0.405571 -0.914064 0
    outer loop
      vertex -12.0268 1.53678 0
      vertex -11.9506 1.57059 0.289999
      vertex -12.0268 1.53678 0.289999
    endloop
  endfacet
  facet normal 0.405571 -0.914064 0
    outer loop
      vertex -11.9506 1.57059 0.289999
      vertex -12.0268 1.53678 0
      vertex -11.9506 1.57059 0
    endloop
  endfacet
  facet normal -0.653058 -0.757308 0
    outer loop
      vertex -10.2215 1.31412 0
      vertex -10.1583 1.25962 0.289999
      vertex -10.2215 1.31412 0.289999
    endloop
  endfacet
  facet normal -0.653058 -0.757308 -0
    outer loop
      vertex -10.1583 1.25962 0.289999
      vertex -10.2215 1.31412 0
      vertex -10.1583 1.25962 0
    endloop
  endfacet
  facet normal -0.870074 0.492922 0
    outer loop
      vertex -9.84186 -0.873974 0
      vertex -9.80073 -0.801374 0.289999
      vertex -9.80073 -0.801374 0
    endloop
  endfacet
  facet normal -0.870074 0.492922 0
    outer loop
      vertex -9.80073 -0.801374 0.289999
      vertex -9.84186 -0.873974 0
      vertex -9.84186 -0.873974 0.289999
    endloop
  endfacet
  facet normal 0.78797 0.615714 0
    outer loop
      vertex -12.6141 -1.07847 0.289999
      vertex -12.6655 -1.01269 0
      vertex -12.6655 -1.01269 0.289999
    endloop
  endfacet
  facet normal 0.78797 0.615714 0
    outer loop
      vertex -12.6655 -1.01269 0
      vertex -12.6141 -1.07847 0.289999
      vertex -12.6141 -1.07847 0
    endloop
  endfacet
  facet normal -0.96379 0.266661 0
    outer loop
      vertex -9.6732 -0.493484 0
      vertex -9.65095 -0.413066 0.289999
      vertex -9.65095 -0.413066 0
    endloop
  endfacet
  facet normal -0.96379 0.266661 0
    outer loop
      vertex -9.65095 -0.413066 0.289999
      vertex -9.6732 -0.493484 0
      vertex -9.6732 -0.493484 0.289999
    endloop
  endfacet
  facet normal -0.788377 -0.615193 0
    outer loop
      vertex -9.93455 1.01269 0
      vertex -9.98588 1.07847 0.289999
      vertex -9.98588 1.07847 0
    endloop
  endfacet
  facet normal -0.788377 -0.615193 0
    outer loop
      vertex -9.98588 1.07847 0.289999
      vertex -9.93455 1.01269 0
      vertex -9.93455 1.01269 0.289999
    endloop
  endfacet
  facet normal 0.78797 -0.615714 0
    outer loop
      vertex -12.6655 1.01269 0.289999
      vertex -12.6141 1.07847 0
      vertex -12.6141 1.07847 0.289999
    endloop
  endfacet
  facet normal 0.78797 -0.615714 0
    outer loop
      vertex -12.6141 1.07847 0
      vertex -12.6655 1.01269 0.289999
      vertex -12.6655 1.01269 0
    endloop
  endfacet
  facet normal 0.266716 0.963775 -0
    outer loop
      vertex -11.7131 -1.64905 0
      vertex -11.7935 -1.6268 0.289999
      vertex -11.7131 -1.64905 0.289999
    endloop
  endfacet
  facet normal 0.266716 0.963775 0
    outer loop
      vertex -11.7935 -1.6268 0.289999
      vertex -11.7131 -1.64905 0
      vertex -11.7935 -1.6268 0
    endloop
  endfacet
  facet normal -0.0245729 0.999698 0
    outer loop
      vertex -11.2166 -1.69795 0
      vertex -11.3 -1.7 0.289999
      vertex -11.2166 -1.69795 0.289999
    endloop
  endfacet
  facet normal -0.0245729 0.999698 0
    outer loop
      vertex -11.3 -1.7 0.289999
      vertex -11.2166 -1.69795 0
      vertex -11.3 -1.7 0
    endloop
  endfacet
  facet normal -0.170841 -0.985299 0
    outer loop
      vertex -11.0506 1.6816 0
      vertex -10.9683 1.66733 0.289999
      vertex -11.0506 1.6816 0.289999
    endloop
  endfacet
  facet normal -0.170841 -0.985299 -0
    outer loop
      vertex -10.9683 1.66733 0.289999
      vertex -11.0506 1.6816 0
      vertex -10.9683 1.66733 0
    endloop
  endfacet
  facet normal 0.997236 0.0743007 0
    outer loop
      vertex -12.9918 -0.166629 0.289999
      vertex -12.998 -0.083415 0
      vertex -12.998 -0.083415 0.289999
    endloop
  endfacet
  facet normal 0.997236 0.0743007 0
    outer loop
      vertex -12.998 -0.083415 0
      vertex -12.9918 -0.166629 0.289999
      vertex -12.9918 -0.166629 0
    endloop
  endfacet
  facet normal 0.0735979 -0.997288 0
    outer loop
      vertex -11.4666 1.69181 0
      vertex -11.3834 1.69795 0.289999
      vertex -11.4666 1.69181 0.289999
    endloop
  endfacet
  facet normal 0.0735979 -0.997288 0
    outer loop
      vertex -11.3834 1.69795 0.289999
      vertex -11.4666 1.69181 0
      vertex -11.3834 1.69795 0
    endloop
  endfacet
  facet normal 0.999713 -0.0239696 0
    outer loop
      vertex -13 0 0.289999
      vertex -12.998 0.083415 0
      vertex -12.998 0.083415 0.289999
    endloop
  endfacet
  facet normal 0.999713 -0.0239696 0
    outer loop
      vertex -12.998 0.083415 0
      vertex -13 0 0.289999
      vertex -13 0 0
    endloop
  endfacet
  facet normal 0.869714 0.493557 0
    outer loop
      vertex -12.7581 -0.873974 0.289999
      vertex -12.7993 -0.801374 0
      vertex -12.7993 -0.801374 0.289999
    endloop
  endfacet
  facet normal 0.869714 0.493557 0
    outer loop
      vertex -12.7993 -0.801374 0
      vertex -12.7581 -0.873974 0.289999
      vertex -12.7581 -0.873974 0
    endloop
  endfacet
  facet normal -0.975707 -0.21908 0
    outer loop
      vertex -9.63267 0.331653 0
      vertex -9.65095 0.413066 0.289999
      vertex -9.65095 0.413066 0
    endloop
  endfacet
  facet normal -0.975707 -0.21908 0
    outer loop
      vertex -9.65095 0.413066 0.289999
      vertex -9.63267 0.331653 0
      vertex -9.63267 0.331653 0.289999
    endloop
  endfacet
  facet normal -0.81757 -0.575829 0
    outer loop
      vertex -9.8865 0.944468 0
      vertex -9.93455 1.01269 0.289999
      vertex -9.93455 1.01269 0
    endloop
  endfacet
  facet normal -0.81757 -0.575829 0
    outer loop
      vertex -9.93455 1.01269 0.289999
      vertex -9.8865 0.944468 0
      vertex -9.8865 0.944468 0.289999
    endloop
  endfacet
  facet normal -0.449224 0.893419 0
    outer loop
      vertex -10.4986 -1.49927 0
      vertex -10.5732 -1.53678 0.289999
      vertex -10.4986 -1.49927 0.289999
    endloop
  endfacet
  facet normal -0.449224 0.893419 0
    outer loop
      vertex -10.5732 -1.53678 0.289999
      vertex -10.4986 -1.49927 0
      vertex -10.5732 -1.53678 0
    endloop
  endfacet
  facet normal 0.0245729 0.999698 -0
    outer loop
      vertex -11.3 -1.7 0
      vertex -11.3834 -1.69795 0.289999
      vertex -11.3 -1.7 0.289999
    endloop
  endfacet
  facet normal 0.0245729 0.999698 0
    outer loop
      vertex -11.3834 -1.69795 0.289999
      vertex -11.3 -1.7 0
      vertex -11.3834 -1.69795 0
    endloop
  endfacet
  facet normal 0.0245729 -0.999698 0
    outer loop
      vertex -11.3834 1.69795 0
      vertex -11.3 1.7 0.289999
      vertex -11.3834 1.69795 0.289999
    endloop
  endfacet
  facet normal 0.0245729 -0.999698 0
    outer loop
      vertex -11.3 1.7 0.289999
      vertex -11.3834 1.69795 0
      vertex -11.3 1.7 0
    endloop
  endfacet
  facet normal 0.997236 -0.0743007 0
    outer loop
      vertex -12.998 0.083415 0.289999
      vertex -12.9918 0.166629 0
      vertex -12.9918 0.166629 0.289999
    endloop
  endfacet
  facet normal 0.997236 -0.0743007 0
    outer loop
      vertex -12.9918 0.166629 0
      vertex -12.998 0.083415 0.289999
      vertex -12.998 0.083415 0
    endloop
  endfacet
  facet normal -0.492922 -0.870074 0
    outer loop
      vertex -10.4986 1.49927 0
      vertex -10.426 1.45814 0.289999
      vertex -10.4986 1.49927 0.289999
    endloop
  endfacet
  facet normal -0.492922 -0.870074 -0
    outer loop
      vertex -10.426 1.45814 0.289999
      vertex -10.4986 1.49927 0
      vertex -10.426 1.45814 0
    endloop
  endfacet
  facet normal 0.449224 0.893419 -0
    outer loop
      vertex -12.0268 -1.53678 0
      vertex -12.1014 -1.49927 0.289999
      vertex -12.0268 -1.53678 0.289999
    endloop
  endfacet
  facet normal 0.449224 0.893419 0
    outer loop
      vertex -12.1014 -1.49927 0.289999
      vertex -12.0268 -1.53678 0
      vertex -12.1014 -1.49927 0
    endloop
  endfacet
  facet normal 0.492922 -0.870074 0
    outer loop
      vertex -12.174 1.45814 0
      vertex -12.1014 1.49927 0.289999
      vertex -12.174 1.45814 0.289999
    endloop
  endfacet
  facet normal 0.492922 -0.870074 0
    outer loop
      vertex -12.1014 1.49927 0.289999
      vertex -12.174 1.45814 0
      vertex -12.1014 1.49927 0
    endloop
  endfacet
  facet normal -0.870074 -0.492922 0
    outer loop
      vertex -9.80073 0.801374 0
      vertex -9.84186 0.873974 0.289999
      vertex -9.84186 0.873974 0
    endloop
  endfacet
  facet normal -0.870074 -0.492922 0
    outer loop
      vertex -9.84186 0.873974 0.289999
      vertex -9.80073 0.801374 0
      vertex -9.80073 0.801374 0.289999
    endloop
  endfacet
  facet normal -0.615076 -0.788467 0
    outer loop
      vertex -10.2873 1.36545 0
      vertex -10.2215 1.31412 0.289999
      vertex -10.2873 1.36545 0.289999
    endloop
  endfacet
  facet normal -0.615076 -0.788467 -0
    outer loop
      vertex -10.2215 1.31412 0.289999
      vertex -10.2873 1.36545 0
      vertex -10.2215 1.31412 0
    endloop
  endfacet
  facet normal -0.534967 -0.844873 0
    outer loop
      vertex -10.426 1.45814 0
      vertex -10.3555 1.4135 0.289999
      vertex -10.426 1.45814 0.289999
    endloop
  endfacet
  facet normal -0.534967 -0.844873 -0
    outer loop
      vertex -10.3555 1.4135 0.289999
      vertex -10.426 1.45814 0
      vertex -10.3555 1.4135 0
    endloop
  endfacet
  facet normal 0.933112 -0.359585 0
    outer loop
      vertex -12.9006 0.572712 0.289999
      vertex -12.8706 0.650561 0
      vertex -12.8706 0.650561 0.289999
    endloop
  endfacet
  facet normal 0.933112 -0.359585 0
    outer loop
      vertex -12.8706 0.650561 0
      vertex -12.9006 0.572712 0.289999
      vertex -12.9006 0.572712 0
    endloop
  endfacet
  facet normal 0.0735979 0.997288 -0
    outer loop
      vertex -11.3834 -1.69795 0
      vertex -11.4666 -1.69181 0.289999
      vertex -11.3834 -1.69795 0.289999
    endloop
  endfacet
  facet normal 0.0735979 0.997288 0
    outer loop
      vertex -11.4666 -1.69181 0.289999
      vertex -11.3834 -1.69795 0
      vertex -11.4666 -1.69181 0
    endloop
  endfacet
  facet normal -0.893252 -0.449556 0
    outer loop
      vertex -9.76322 0.726843 0
      vertex -9.80073 0.801374 0.289999
      vertex -9.80073 0.801374 0
    endloop
  endfacet
  facet normal -0.893252 -0.449556 0
    outer loop
      vertex -9.80073 0.801374 0.289999
      vertex -9.76322 0.726843 0
      vertex -9.76322 0.726843 0.289999
    endloop
  endfacet
  facet normal 0.653058 -0.757308 0
    outer loop
      vertex -12.4417 1.25962 0
      vertex -12.3785 1.31412 0.289999
      vertex -12.4417 1.25962 0.289999
    endloop
  endfacet
  facet normal 0.653058 -0.757308 0
    outer loop
      vertex -12.3785 1.31412 0.289999
      vertex -12.4417 1.25962 0
      vertex -12.3785 1.31412 0
    endloop
  endfacet
  facet normal -0.844853 -0.534999 0
    outer loop
      vertex -9.84186 0.873974 0
      vertex -9.8865 0.944468 0.289999
      vertex -9.8865 0.944468 0
    endloop
  endfacet
  facet normal -0.844853 -0.534999 0
    outer loop
      vertex -9.8865 0.944468 0.289999
      vertex -9.84186 0.873974 0
      vertex -9.84186 0.873974 0.289999
    endloop
  endfacet
  facet normal 0.757206 -0.653177 0
    outer loop
      vertex -12.6141 1.07847 0.289999
      vertex -12.5596 1.14165 0
      vertex -12.5596 1.14165 0.289999
    endloop
  endfacet
  facet normal 0.757206 -0.653177 0
    outer loop
      vertex -12.5596 1.14165 0
      vertex -12.6141 1.07847 0.289999
      vertex -12.6141 1.07847 0
    endloop
  endfacet
  facet normal 0.170841 0.985299 -0
    outer loop
      vertex -11.5494 -1.6816 0
      vertex -11.6317 -1.66733 0.289999
      vertex -11.5494 -1.6816 0.289999
    endloop
  endfacet
  facet normal 0.170841 0.985299 0
    outer loop
      vertex -11.6317 -1.66733 0.289999
      vertex -11.5494 -1.6816 0
      vertex -11.6317 -1.66733 0
    endloop
  endfacet
  facet normal -0.359693 0.933071 0
    outer loop
      vertex -10.6494 -1.57059 0
      vertex -10.7273 -1.60062 0.289999
      vertex -10.6494 -1.57059 0.289999
    endloop
  endfacet
  facet normal -0.359693 0.933071 0
    outer loop
      vertex -10.7273 -1.60062 0.289999
      vertex -10.6494 -1.57059 0
      vertex -10.7273 -1.60062 0
    endloop
  endfacet
  facet normal -0.997289 0.0735856 0
    outer loop
      vertex -9.60819 -0.166629 0
      vertex -9.60205 -0.083415 0.289999
      vertex -9.60205 -0.083415 0
    endloop
  endfacet
  facet normal -0.997289 0.0735856 0
    outer loop
      vertex -9.60205 -0.083415 0.289999
      vertex -9.60819 -0.166629 0
      vertex -9.60819 -0.166629 0.289999
    endloop
  endfacet
  facet normal -0.359693 -0.933071 0
    outer loop
      vertex -10.7273 1.60062 0
      vertex -10.6494 1.57059 0.289999
      vertex -10.7273 1.60062 0.289999
    endloop
  endfacet
  facet normal -0.359693 -0.933071 -0
    outer loop
      vertex -10.6494 1.57059 0.289999
      vertex -10.7273 1.60062 0
      vertex -10.6494 1.57059 0
    endloop
  endfacet
  facet normal -0.96379 -0.266661 0
    outer loop
      vertex -9.65095 0.413066 0
      vertex -9.6732 0.493484 0.289999
      vertex -9.6732 0.493484 0
    endloop
  endfacet
  facet normal -0.96379 -0.266661 0
    outer loop
      vertex -9.6732 0.493484 0.289999
      vertex -9.65095 0.413066 0
      vertex -9.65095 0.413066 0.289999
    endloop
  endfacet
  facet normal -0.81757 0.575829 0
    outer loop
      vertex -9.93455 -1.01269 0
      vertex -9.8865 -0.944468 0.289999
      vertex -9.8865 -0.944468 0
    endloop
  endfacet
  facet normal -0.81757 0.575829 0
    outer loop
      vertex -9.8865 -0.944468 0.289999
      vertex -9.93455 -1.01269 0
      vertex -9.93455 -1.01269 0.289999
    endloop
  endfacet
  facet normal -0.992485 0.122365 0
    outer loop
      vertex -9.6184 -0.249441 0
      vertex -9.60819 -0.166629 0.289999
      vertex -9.60819 -0.166629 0
    endloop
  endfacet
  facet normal -0.992485 0.122365 0
    outer loop
      vertex -9.60819 -0.166629 0.289999
      vertex -9.6184 -0.249441 0
      vertex -9.6184 -0.249441 0.289999
    endloop
  endfacet
  facet normal 0.313853 0.949472 -0
    outer loop
      vertex -11.7935 -1.6268 0
      vertex -11.8727 -1.60062 0.289999
      vertex -11.7935 -1.6268 0.289999
    endloop
  endfacet
  facet normal 0.313853 0.949472 0
    outer loop
      vertex -11.8727 -1.60062 0.289999
      vertex -11.7935 -1.6268 0
      vertex -11.8727 -1.60062 0
    endloop
  endfacet
  facet normal -0.0245729 -0.999698 0
    outer loop
      vertex -11.3 1.7 0
      vertex -11.2166 1.69795 0.289999
      vertex -11.3 1.7 0.289999
    endloop
  endfacet
  facet normal -0.0245729 -0.999698 -0
    outer loop
      vertex -11.2166 1.69795 0.289999
      vertex -11.3 1.7 0
      vertex -11.2166 1.69795 0
    endloop
  endfacet
  facet normal -0.575954 -0.817482 0
    outer loop
      vertex -10.3555 1.4135 0
      vertex -10.2873 1.36545 0.289999
      vertex -10.3555 1.4135 0.289999
    endloop
  endfacet
  facet normal -0.575954 -0.817482 -0
    outer loop
      vertex -10.2873 1.36545 0.289999
      vertex -10.3555 1.4135 0
      vertex -10.2873 1.36545 0
    endloop
  endfacet
  facet normal 0.359693 -0.933071 0
    outer loop
      vertex -11.9506 1.57059 0
      vertex -11.8727 1.60062 0.289999
      vertex -11.9506 1.57059 0.289999
    endloop
  endfacet
  facet normal 0.359693 -0.933071 0
    outer loop
      vertex -11.8727 1.60062 0.289999
      vertex -11.9506 1.57059 0
      vertex -11.8727 1.60062 0
    endloop
  endfacet
  facet normal 0.359693 0.933071 -0
    outer loop
      vertex -11.8727 -1.60062 0
      vertex -11.9506 -1.57059 0.289999
      vertex -11.8727 -1.60062 0.289999
    endloop
  endfacet
  facet normal 0.359693 0.933071 0
    outer loop
      vertex -11.9506 -1.57059 0.289999
      vertex -11.8727 -1.60062 0
      vertex -11.9506 -1.57059 0
    endloop
  endfacet
  facet normal 0.845069 0.534657 0
    outer loop
      vertex -12.7135 -0.944468 0.289999
      vertex -12.7581 -0.873974 0
      vertex -12.7581 -0.873974 0.289999
    endloop
  endfacet
  facet normal 0.845069 0.534657 0
    outer loop
      vertex -12.7581 -0.873974 0
      vertex -12.7135 -0.944468 0.289999
      vertex -12.7135 -0.944468 0
    endloop
  endfacet
  facet normal -0.932991 0.359898 0
    outer loop
      vertex -9.72941 -0.650561 0
      vertex -9.69938 -0.572712 0.289999
      vertex -9.69938 -0.572712 0
    endloop
  endfacet
  facet normal -0.932991 0.359898 0
    outer loop
      vertex -9.69938 -0.572712 0.289999
      vertex -9.72941 -0.650561 0
      vertex -9.72941 -0.650561 0.289999
    endloop
  endfacet
  facet normal -0.724451 -0.689326 0
    outer loop
      vertex -10.0404 1.14165 0
      vertex -10.0979 1.20208 0.289999
      vertex -10.0979 1.20208 0
    endloop
  endfacet
  facet normal -0.724451 -0.689326 0
    outer loop
      vertex -10.0979 1.20208 0.289999
      vertex -10.0404 1.14165 0
      vertex -10.0404 1.14165 0.289999
    endloop
  endfacet
  facet normal 0.170841 -0.985299 0
    outer loop
      vertex -11.6317 1.66733 0
      vertex -11.5494 1.6816 0.289999
      vertex -11.6317 1.66733 0.289999
    endloop
  endfacet
  facet normal 0.170841 -0.985299 0
    outer loop
      vertex -11.5494 1.6816 0.289999
      vertex -11.6317 1.66733 0
      vertex -11.5494 1.6816 0
    endloop
  endfacet
  facet normal -0.757087 -0.653314 0
    outer loop
      vertex -9.98588 1.07847 0
      vertex -10.0404 1.14165 0.289999
      vertex -10.0404 1.14165 0
    endloop
  endfacet
  facet normal -0.757087 -0.653314 0
    outer loop
      vertex -10.0404 1.14165 0.289999
      vertex -9.98588 1.07847 0
      vertex -9.98588 1.07847 0.289999
    endloop
  endfacet
  facet normal 0.9925 0.122247 0
    outer loop
      vertex -12.9816 -0.249441 0.289999
      vertex -12.9918 -0.166629 0
      vertex -12.9918 -0.166629 0.289999
    endloop
  endfacet
  facet normal 0.9925 0.122247 0
    outer loop
      vertex -12.9918 -0.166629 0
      vertex -12.9816 -0.249441 0.289999
      vertex -12.9816 -0.249441 0
    endloop
  endfacet
  facet normal 0.845069 -0.534657 0
    outer loop
      vertex -12.7581 0.873974 0.289999
      vertex -12.7135 0.944468 0
      vertex -12.7135 0.944468 0.289999
    endloop
  endfacet
  facet normal 0.845069 -0.534657 0
    outer loop
      vertex -12.7135 0.944468 0
      vertex -12.7581 0.873974 0.289999
      vertex -12.7581 0.873974 0
    endloop
  endfacet
  facet normal -0.170841 0.985299 0
    outer loop
      vertex -10.9683 -1.66733 0
      vertex -11.0506 -1.6816 0.289999
      vertex -10.9683 -1.66733 0.289999
    endloop
  endfacet
  facet normal -0.170841 0.985299 0
    outer loop
      vertex -11.0506 -1.6816 0.289999
      vertex -10.9683 -1.66733 0
      vertex -11.0506 -1.6816 0
    endloop
  endfacet
  facet normal -0.122382 -0.992483 0
    outer loop
      vertex -11.1334 1.69181 0
      vertex -11.0506 1.6816 0.289999
      vertex -11.1334 1.69181 0.289999
    endloop
  endfacet
  facet normal -0.122382 -0.992483 -0
    outer loop
      vertex -11.0506 1.6816 0.289999
      vertex -11.1334 1.69181 0
      vertex -11.0506 1.6816 0
    endloop
  endfacet
  facet normal 0.492922 0.870074 -0
    outer loop
      vertex -12.1014 -1.49927 0
      vertex -12.174 -1.45814 0.289999
      vertex -12.1014 -1.49927 0.289999
    endloop
  endfacet
  facet normal 0.492922 0.870074 0
    outer loop
      vertex -12.174 -1.45814 0.289999
      vertex -12.1014 -1.49927 0
      vertex -12.174 -1.45814 0
    endloop
  endfacet
  facet normal 0.999713 0.0239696 0
    outer loop
      vertex -12.998 -0.083415 0.289999
      vertex -13 0 0
      vertex -13 0 0.289999
    endloop
  endfacet
  facet normal 0.999713 0.0239696 0
    outer loop
      vertex -13 0 0
      vertex -12.998 -0.083415 0.289999
      vertex -12.998 -0.083415 0
    endloop
  endfacet
  facet normal -0.788377 0.615193 0
    outer loop
      vertex -9.98588 -1.07847 0
      vertex -9.93455 -1.01269 0.289999
      vertex -9.93455 -1.01269 0
    endloop
  endfacet
  facet normal -0.788377 0.615193 0
    outer loop
      vertex -9.93455 -1.01269 0.289999
      vertex -9.98588 -1.07847 0
      vertex -9.98588 -1.07847 0.289999
    endloop
  endfacet
  facet normal 0.122382 -0.992483 0
    outer loop
      vertex -11.5494 1.6816 0
      vertex -11.4666 1.69181 0.289999
      vertex -11.5494 1.6816 0.289999
    endloop
  endfacet
  facet normal 0.122382 -0.992483 0
    outer loop
      vertex -11.4666 1.69181 0.289999
      vertex -11.5494 1.6816 0
      vertex -11.4666 1.69181 0
    endloop
  endfacet
  facet normal -0.914225 -0.405206 0
    outer loop
      vertex -9.72941 0.650561 0
      vertex -9.76322 0.726843 0.289999
      vertex -9.76322 0.726843 0
    endloop
  endfacet
  facet normal -0.914225 -0.405206 0
    outer loop
      vertex -9.76322 0.726843 0.289999
      vertex -9.72941 0.650561 0
      vertex -9.72941 0.650561 0.289999
    endloop
  endfacet
  facet normal -0.932991 -0.359898 0
    outer loop
      vertex -9.69938 0.572712 0
      vertex -9.72941 0.650561 0.289999
      vertex -9.72941 0.650561 0
    endloop
  endfacet
  facet normal -0.932991 -0.359898 0
    outer loop
      vertex -9.72941 0.650561 0.289999
      vertex -9.69938 0.572712 0
      vertex -9.69938 0.572712 0.289999
    endloop
  endfacet
  facet normal -0.492922 0.870074 0
    outer loop
      vertex -10.426 -1.45814 0
      vertex -10.4986 -1.49927 0.289999
      vertex -10.426 -1.45814 0.289999
    endloop
  endfacet
  facet normal -0.492922 0.870074 0
    outer loop
      vertex -10.4986 -1.49927 0.289999
      vertex -10.426 -1.45814 0
      vertex -10.4986 -1.49927 0
    endloop
  endfacet
  facet normal -0.449224 -0.893419 0
    outer loop
      vertex -10.5732 1.53678 0
      vertex -10.4986 1.49927 0.289999
      vertex -10.5732 1.53678 0.289999
    endloop
  endfacet
  facet normal -0.449224 -0.893419 -0
    outer loop
      vertex -10.4986 1.49927 0.289999
      vertex -10.5732 1.53678 0
      vertex -10.4986 1.49927 0
    endloop
  endfacet
  facet normal -0.615076 0.788467 0
    outer loop
      vertex -10.2215 -1.31412 0
      vertex -10.2873 -1.36545 0.289999
      vertex -10.2215 -1.31412 0.289999
    endloop
  endfacet
  facet normal -0.615076 0.788467 0
    outer loop
      vertex -10.2873 -1.36545 0.289999
      vertex -10.2215 -1.31412 0
      vertex -10.2873 -1.36545 0
    endloop
  endfacet
  facet normal 0.975912 -0.218167 0
    outer loop
      vertex -12.9673 0.331653 0.289999
      vertex -12.9491 0.413066 0
      vertex -12.9491 0.413066 0.289999
    endloop
  endfacet
  facet normal 0.975912 -0.218167 0
    outer loop
      vertex -12.9491 0.413066 0
      vertex -12.9673 0.331653 0.289999
      vertex -12.9673 0.331653 0
    endloop
  endfacet
  facet normal 0.975912 0.218167 0
    outer loop
      vertex -12.9491 -0.413066 0.289999
      vertex -12.9673 -0.331653 0
      vertex -12.9673 -0.331653 0.289999
    endloop
  endfacet
  facet normal 0.975912 0.218167 0
    outer loop
      vertex -12.9673 -0.331653 0
      vertex -12.9491 -0.413066 0.289999
      vertex -12.9491 -0.413066 0
    endloop
  endfacet
  facet normal -0.534967 0.844873 0
    outer loop
      vertex -10.3555 -1.4135 0
      vertex -10.426 -1.45814 0.289999
      vertex -10.3555 -1.4135 0.289999
    endloop
  endfacet
  facet normal -0.534967 0.844873 0
    outer loop
      vertex -10.426 -1.45814 0.289999
      vertex -10.3555 -1.4135 0
      vertex -10.426 -1.45814 0
    endloop
  endfacet
  facet normal 0.817852 0.575429 0
    outer loop
      vertex -12.6655 -1.01269 0.289999
      vertex -12.7135 -0.944468 0
      vertex -12.7135 -0.944468 0.289999
    endloop
  endfacet
  facet normal 0.817852 0.575429 0
    outer loop
      vertex -12.7135 -0.944468 0
      vertex -12.6655 -1.01269 0.289999
      vertex -12.6655 -1.01269 0
    endloop
  endfacet
  facet normal 0.266716 -0.963775 0
    outer loop
      vertex -11.7935 1.6268 0
      vertex -11.7131 1.64905 0.289999
      vertex -11.7935 1.6268 0.289999
    endloop
  endfacet
  facet normal 0.266716 -0.963775 0
    outer loop
      vertex -11.7131 1.64905 0.289999
      vertex -11.7935 1.6268 0
      vertex -11.7131 1.64905 0
    endloop
  endfacet
  facet normal 0.575954 0.817482 -0
    outer loop
      vertex -12.2445 -1.4135 0
      vertex -12.3127 -1.36545 0.289999
      vertex -12.2445 -1.4135 0.289999
    endloop
  endfacet
  facet normal 0.575954 0.817482 0
    outer loop
      vertex -12.3127 -1.36545 0.289999
      vertex -12.2445 -1.4135 0
      vertex -12.3127 -1.36545 0
    endloop
  endfacet
  facet normal 0.724451 0.689326 0
    outer loop
      vertex -12.5021 -1.20208 0.289999
      vertex -12.5596 -1.14165 0
      vertex -12.5596 -1.14165 0.289999
    endloop
  endfacet
  facet normal 0.724451 0.689326 0
    outer loop
      vertex -12.5596 -1.14165 0
      vertex -12.5021 -1.20208 0.289999
      vertex -12.5021 -1.20208 0
    endloop
  endfacet
  facet normal 0.689757 0.724041 -0
    outer loop
      vertex -12.4417 -1.25962 0
      vertex -12.5021 -1.20208 0.289999
      vertex -12.4417 -1.25962 0.289999
    endloop
  endfacet
  facet normal 0.689757 0.724041 0
    outer loop
      vertex -12.5021 -1.20208 0.289999
      vertex -12.4417 -1.25962 0
      vertex -12.5021 -1.20208 0
    endloop
  endfacet
  facet normal -0.122382 0.992483 0
    outer loop
      vertex -11.0506 -1.6816 0
      vertex -11.1334 -1.69181 0.289999
      vertex -11.0506 -1.6816 0.289999
    endloop
  endfacet
  facet normal -0.122382 0.992483 0
    outer loop
      vertex -11.1334 -1.69181 0.289999
      vertex -11.0506 -1.6816 0
      vertex -11.1334 -1.69181 0
    endloop
  endfacet
  facet normal 0.653058 0.757308 -0
    outer loop
      vertex -12.3785 -1.31412 0
      vertex -12.4417 -1.25962 0.289999
      vertex -12.3785 -1.31412 0.289999
    endloop
  endfacet
  facet normal 0.653058 0.757308 0
    outer loop
      vertex -12.4417 -1.25962 0.289999
      vertex -12.3785 -1.31412 0
      vertex -12.4417 -1.25962 0
    endloop
  endfacet
  facet normal 0.615076 0.788467 -0
    outer loop
      vertex -12.3127 -1.36545 0
      vertex -12.3785 -1.31412 0.289999
      vertex -12.3127 -1.36545 0.289999
    endloop
  endfacet
  facet normal 0.615076 0.788467 0
    outer loop
      vertex -12.3785 -1.31412 0.289999
      vertex -12.3127 -1.36545 0
      vertex -12.3785 -1.31412 0
    endloop
  endfacet
  facet normal -0.893252 0.449556 0
    outer loop
      vertex -9.80073 -0.801374 0
      vertex -9.76322 -0.726843 0.289999
      vertex -9.76322 -0.726843 0
    endloop
  endfacet
  facet normal -0.893252 0.449556 0
    outer loop
      vertex -9.76322 -0.726843 0.289999
      vertex -9.80073 -0.801374 0
      vertex -9.80073 -0.801374 0.289999
    endloop
  endfacet
  facet normal -0.0735979 -0.997288 0
    outer loop
      vertex -11.2166 1.69795 0
      vertex -11.1334 1.69181 0.289999
      vertex -11.2166 1.69795 0.289999
    endloop
  endfacet
  facet normal -0.0735979 -0.997288 -0
    outer loop
      vertex -11.1334 1.69181 0.289999
      vertex -11.2166 1.69795 0
      vertex -11.1334 1.69181 0
    endloop
  endfacet
  facet normal 0.615076 -0.788467 0
    outer loop
      vertex -12.3785 1.31412 0
      vertex -12.3127 1.36545 0.289999
      vertex -12.3785 1.31412 0.289999
    endloop
  endfacet
  facet normal 0.615076 -0.788467 0
    outer loop
      vertex -12.3127 1.36545 0.289999
      vertex -12.3785 1.31412 0
      vertex -12.3127 1.36545 0
    endloop
  endfacet
  facet normal -0.313853 0.949472 0
    outer loop
      vertex -10.7273 -1.60062 0
      vertex -10.8065 -1.6268 0.289999
      vertex -10.7273 -1.60062 0.289999
    endloop
  endfacet
  facet normal -0.313853 0.949472 0
    outer loop
      vertex -10.8065 -1.6268 0.289999
      vertex -10.7273 -1.60062 0
      vertex -10.8065 -1.6268 0
    endloop
  endfacet
  facet normal 0.933112 0.359585 0
    outer loop
      vertex -12.8706 -0.650561 0.289999
      vertex -12.9006 -0.572712 0
      vertex -12.9006 -0.572712 0.289999
    endloop
  endfacet
  facet normal 0.933112 0.359585 0
    outer loop
      vertex -12.9006 -0.572712 0
      vertex -12.8706 -0.650561 0.289999
      vertex -12.8706 -0.650561 0
    endloop
  endfacet
  facet normal 0.949433 -0.313969 0
    outer loop
      vertex -12.9268 0.493484 0.289999
      vertex -12.9006 0.572712 0
      vertex -12.9006 0.572712 0.289999
    endloop
  endfacet
  facet normal 0.949433 -0.313969 0
    outer loop
      vertex -12.9006 0.572712 0
      vertex -12.9268 0.493484 0.289999
      vertex -12.9268 0.493484 0
    endloop
  endfacet
  facet normal 0.313853 -0.949472 0
    outer loop
      vertex -11.8727 1.60062 0
      vertex -11.7935 1.6268 0.289999
      vertex -11.8727 1.60062 0.289999
    endloop
  endfacet
  facet normal 0.313853 -0.949472 0
    outer loop
      vertex -11.7935 1.6268 0.289999
      vertex -11.8727 1.60062 0
      vertex -11.7935 1.6268 0
    endloop
  endfacet
  facet normal 0.219113 0.9757 -0
    outer loop
      vertex -11.6317 -1.66733 0
      vertex -11.7131 -1.64905 0.289999
      vertex -11.6317 -1.66733 0.289999
    endloop
  endfacet
  facet normal 0.219113 0.9757 0
    outer loop
      vertex -11.7131 -1.64905 0.289999
      vertex -11.6317 -1.66733 0
      vertex -11.7131 -1.64905 0
    endloop
  endfacet
  facet normal -0.266716 -0.963775 0
    outer loop
      vertex -10.8869 1.64905 0
      vertex -10.8065 1.6268 0.289999
      vertex -10.8869 1.64905 0.289999
    endloop
  endfacet
  facet normal -0.266716 -0.963775 -0
    outer loop
      vertex -10.8065 1.6268 0.289999
      vertex -10.8869 1.64905 0
      vertex -10.8065 1.6268 0
    endloop
  endfacet
  facet normal 0.817852 -0.575429 0
    outer loop
      vertex -12.7135 0.944468 0.289999
      vertex -12.6655 1.01269 0
      vertex -12.6655 1.01269 0.289999
    endloop
  endfacet
  facet normal 0.817852 -0.575429 0
    outer loop
      vertex -12.6655 1.01269 0
      vertex -12.7135 0.944468 0.289999
      vertex -12.7135 0.944468 0
    endloop
  endfacet
  facet normal -0.724451 0.689326 0
    outer loop
      vertex -10.0979 -1.20208 0
      vertex -10.0404 -1.14165 0.289999
      vertex -10.0404 -1.14165 0
    endloop
  endfacet
  facet normal -0.724451 0.689326 0
    outer loop
      vertex -10.0404 -1.14165 0.289999
      vertex -10.0979 -1.20208 0
      vertex -10.0979 -1.20208 0.289999
    endloop
  endfacet
  facet normal 0.534967 0.844873 -0
    outer loop
      vertex -12.174 -1.45814 0
      vertex -12.2445 -1.4135 0.289999
      vertex -12.174 -1.45814 0.289999
    endloop
  endfacet
  facet normal 0.534967 0.844873 0
    outer loop
      vertex -12.2445 -1.4135 0.289999
      vertex -12.174 -1.45814 0
      vertex -12.2445 -1.4135 0
    endloop
  endfacet
  facet normal -0.266716 0.963775 0
    outer loop
      vertex -10.8065 -1.6268 0
      vertex -10.8869 -1.64905 0.289999
      vertex -10.8065 -1.6268 0.289999
    endloop
  endfacet
  facet normal -0.266716 0.963775 0
    outer loop
      vertex -10.8869 -1.64905 0.289999
      vertex -10.8065 -1.6268 0
      vertex -10.8869 -1.64905 0
    endloop
  endfacet
  facet normal 0.91427 -0.405106 0
    outer loop
      vertex -12.8706 0.650561 0.289999
      vertex -12.8368 0.726843 0
      vertex -12.8368 0.726843 0.289999
    endloop
  endfacet
  facet normal 0.91427 -0.405106 0
    outer loop
      vertex -12.8368 0.726843 0
      vertex -12.8706 0.650561 0.289999
      vertex -12.8706 0.650561 0
    endloop
  endfacet
  facet normal -0.689757 0.724041 0
    outer loop
      vertex -10.0979 -1.20208 0
      vertex -10.1583 -1.25962 0.289999
      vertex -10.0979 -1.20208 0.289999
    endloop
  endfacet
  facet normal -0.689757 0.724041 0
    outer loop
      vertex -10.1583 -1.25962 0.289999
      vertex -10.0979 -1.20208 0
      vertex -10.1583 -1.25962 0
    endloop
  endfacet
  facet normal 0.949433 0.313969 0
    outer loop
      vertex -12.9006 -0.572712 0.289999
      vertex -12.9268 -0.493484 0
      vertex -12.9268 -0.493484 0.289999
    endloop
  endfacet
  facet normal 0.949433 0.313969 0
    outer loop
      vertex -12.9268 -0.493484 0
      vertex -12.9006 -0.572712 0.289999
      vertex -12.9006 -0.572712 0
    endloop
  endfacet
  facet normal 0.8933 0.449461 0
    outer loop
      vertex -12.7993 -0.801374 0.289999
      vertex -12.8368 -0.726843 0
      vertex -12.8368 -0.726843 0.289999
    endloop
  endfacet
  facet normal 0.8933 0.449461 0
    outer loop
      vertex -12.8368 -0.726843 0
      vertex -12.7993 -0.801374 0.289999
      vertex -12.7993 -0.801374 0
    endloop
  endfacet
  facet normal 0.449224 -0.893419 0
    outer loop
      vertex -12.1014 1.49927 0
      vertex -12.0268 1.53678 0.289999
      vertex -12.1014 1.49927 0.289999
    endloop
  endfacet
  facet normal 0.449224 -0.893419 0
    outer loop
      vertex -12.0268 1.53678 0.289999
      vertex -12.1014 1.49927 0
      vertex -12.0268 1.53678 0
    endloop
  endfacet
  facet normal 0.8933 -0.449461 0
    outer loop
      vertex -12.8368 0.726843 0.289999
      vertex -12.7993 0.801374 0
      vertex -12.7993 0.801374 0.289999
    endloop
  endfacet
  facet normal 0.8933 -0.449461 0
    outer loop
      vertex -12.7993 0.801374 0
      vertex -12.8368 0.726843 0.289999
      vertex -12.8368 0.726843 0
    endloop
  endfacet
  facet normal -0.797615 -0.0196021 0.602848
    outer loop
      vertex -9.6 0 0.289999
      vertex -8.30757 0.000484947 2
      vertex -9.60205 0.083415 0.289999
    endloop
  endfacet
  facet normal -0.797661 -0.0164484 0.602882
    outer loop
      vertex -8.30757 0.000484947 2
      vertex -9.6 0 0.289999
      vertex -8.30756 0 2
    endloop
  endfacet
  facet normal 0.791872 -0.0975594 0.602844
    outer loop
      vertex -12.9918 0.166629 0.289999
      vertex -14.2601 0.438601 2
      vertex -14.278 0.29331 2
    endloop
  endfacet
  facet normal -0.323584 -0.729284 0.602858
    outer loop
      vertex -10.5732 1.53678 0.289999
      vertex -10.021 2.70533 2
      vertex -10.6494 1.57059 0.289999
    endloop
  endfacet
  facet normal -0.342287 -0.720605 0.602967
    outer loop
      vertex -10.021 2.70533 2
      vertex -10.5732 1.53678 0.289999
      vertex -10.0206 2.70514 2
    endloop
  endfacet
  facet normal 0.0196056 -0.797615 0.602848
    outer loop
      vertex -11.3 1.7 0.289999
      vertex -11.3005 2.99243 2
      vertex -11.3834 1.69795 0.289999
    endloop
  endfacet
  facet normal 0.0159533 -0.797667 0.602887
    outer loop
      vertex -11.3005 2.99243 2
      vertex -11.3 1.7 0.289999
      vertex -11.3 2.99244 2
    endloop
  endfacet
  facet normal 0.712712 0.358645 0.602839
    outer loop
      vertex -13.9391 -1.41063 2
      vertex -12.7993 -0.801374 0.289999
      vertex -14.0049 -1.27987 2
    endloop
  endfacet
  facet normal 0.13645 0.786102 0.602847
    outer loop
      vertex -11.7396 -2.95997 2
      vertex -11.6317 -1.66733 0.289999
      vertex -11.8838 -2.93494 2
    endloop
  endfacet
  facet normal -0.797615 0.0195661 0.60285
    outer loop
      vertex -8.31116 -0.146832 2
      vertex -8.30757 -0.000484947 2
      vertex -9.60205 -0.083415 0.289999
    endloop
  endfacet
  facet normal -0.744391 0.287146 0.602851
    outer loop
      vertex -9.72941 -0.650561 0.289999
      vertex -8.48248 -1.00812 2
      vertex -9.69938 -0.572712 0.289999
    endloop
  endfacet
  facet normal -0.743115 0.290784 0.602681
    outer loop
      vertex -8.48248 -1.00812 2
      vertex -9.72941 -0.650561 0.289999
      vertex -8.48266 -1.00858 2
    endloop
  endfacet
  facet normal 0.323584 0.729284 0.602858
    outer loop
      vertex -12.0268 -1.53678 0.289999
      vertex -12.579 -2.70533 2
      vertex -11.9506 -1.57059 0.289999
    endloop
  endfacet
  facet normal 0.342287 0.720605 0.602967
    outer loop
      vertex -12.579 -2.70533 2
      vertex -12.0268 -1.53678 0.289999
      vertex -12.5794 -2.70514 2
    endloop
  endfacet
  facet normal -0.757584 -0.250275 0.602851
    outer loop
      vertex -8.43656 0.86912 2
      vertex -8.48248 1.00812 2
      vertex -9.69938 0.572712 0.289999
    endloop
  endfacet
  facet normal 0.393218 -0.694235 0.602841
    outer loop
      vertex -12.1014 1.49927 0.289999
      vertex -12.7106 2.6391 2
      vertex -12.838 2.56694 2
    endloop
  endfacet
  facet normal 0.797633 -0.019621 0.602824
    outer loop
      vertex -12.998 0.083415 0.289999
      vertex -14.2888 0.146832 2
      vertex -14.2924 0.000484947 2
    endloop
  endfacet
  facet normal -0.521946 0.6035 0.602793
    outer loop
      vertex -10.1583 -1.25962 0.289999
      vertex -9.40162 -2.31319 2
      vertex -9.40125 -2.31287 2
    endloop
  endfacet
  facet normal -0.521049 0.604226 0.602843
    outer loop
      vertex -9.40162 -2.31319 2
      vertex -10.1583 -1.25962 0.289999
      vertex -10.2215 -1.31412 0.289999
    endloop
  endfacet
  facet normal 0.0587204 0.79569 0.602851
    outer loop
      vertex -11.4666 -1.69181 0.289999
      vertex -11.5928 -2.97807 2
      vertex -11.3834 -1.69795 0.289999
    endloop
  endfacet
  facet normal 0.063622 0.795276 0.6029
    outer loop
      vertex -11.5928 -2.97807 2
      vertex -11.4666 -1.69181 0.289999
      vertex -11.5933 -2.97803 2
    endloop
  endfacet
  facet normal -0.539258 0.588281 0.6026
    outer loop
      vertex -10.0979 -1.20208 0.289999
      vertex -9.18438 -2.11631 2
      vertex -9.18402 -2.11598 2
    endloop
  endfacet
  facet normal -0.550327 0.577681 0.602847
    outer loop
      vertex -9.18438 -2.11631 2
      vertex -10.0979 -1.20208 0.289999
      vertex -10.1583 -1.25962 0.289999
    endloop
  endfacet
  facet normal -0.058696 -0.795693 0.60285
    outer loop
      vertex -11.0072 2.97807 2
      vertex -11.1532 2.98884 2
      vertex -11.2166 1.69795 0.289999
    endloop
  endfacet
  facet normal 0.410452 -0.684086 0.602956
    outer loop
      vertex -12.174 1.45814 0.289999
      vertex -12.838 2.56694 2
      vertex -12.8384 2.5667 2
    endloop
  endfacet
  facet normal 0.393282 -0.694196 0.602844
    outer loop
      vertex -12.838 2.56694 2
      vertex -12.174 1.45814 0.289999
      vertex -12.1014 1.49927 0.289999
    endloop
  endfacet
  facet normal 0.200804 -0.772323 0.602656
    outer loop
      vertex -11.7935 1.6268 0.289999
      vertex -12.1682 2.86372 2
      vertex -12.1687 2.86359 2
    endloop
  endfacet
  facet normal 0.212801 -0.768954 0.602848
    outer loop
      vertex -12.1682 2.86372 2
      vertex -11.7935 1.6268 0.289999
      vertex -11.7131 1.64905 0.289999
    endloop
  endfacet
  facet normal 0.782799 -0.16207 0.600799
    outer loop
      vertex -14.2781 0.292827 2
      vertex -12.9918 0.166629 0.289999
      vertex -14.278 0.29331 2
    endloop
  endfacet
  facet normal 0.795635 -0.0592801 0.602869
    outer loop
      vertex -12.9918 0.166629 0.289999
      vertex -14.2781 0.292827 2
      vertex -12.998 0.083415 0.289999
    endloop
  endfacet
  facet normal 0.797778 -0 0.602952
    outer loop
      vertex -14.2924 -0.000484947 2
      vertex -13 0 0.289999
      vertex -14.2924 0 2
    endloop
  endfacet
  facet normal 0.797629 0.0191244 0.602845
    outer loop
      vertex -13 0 0.289999
      vertex -14.2924 -0.000484947 2
      vertex -12.998 -0.083415 0.289999
    endloop
  endfacet
  facet normal 0.694104 -0.393454 0.602838
    outer loop
      vertex -12.7993 0.801374 0.289999
      vertex -13.8669 1.538 2
      vertex -13.9391 1.41063 2
    endloop
  endfacet
  facet normal -0.174828 0.778468 0.602846
    outer loop
      vertex -10.7162 -2.93494 2
      vertex -10.5734 -2.90287 2
      vertex -10.9683 -1.66733 0.289999
    endloop
  endfacet
  facet normal 0.729247 -0.323674 0.602855
    outer loop
      vertex -12.8706 0.650561 0.289999
      vertex -14.0053 1.27899 2
      vertex -14.0647 1.14516 2
    endloop
  endfacet
  facet normal -0.786106 0.136417 0.602849
    outer loop
      vertex -8.36506 -0.583796 2
      vertex -8.34003 -0.43956 2
      vertex -9.63267 -0.331653 0.289999
    endloop
  endfacet
  facet normal -0.21276 0.768967 0.602846
    outer loop
      vertex -10.5729 -2.90276 2
      vertex -10.4318 -2.86372 2
      vertex -10.8869 -1.64905 0.289999
    endloop
  endfacet
  facet normal 0.250275 0.757584 0.60285
    outer loop
      vertex -12.1691 -2.86344 2
      vertex -11.8727 -1.60062 0.289999
      vertex -12.3081 -2.81752 2
    endloop
  endfacet
  facet normal 0.393218 0.694235 0.602841
    outer loop
      vertex -12.7106 -2.6391 2
      vertex -12.1014 -1.49927 0.289999
      vertex -12.838 -2.56694 2
    endloop
  endfacet
  facet normal 0.342287 -0.720605 0.602967
    outer loop
      vertex -12.0268 1.53678 0.289999
      vertex -12.579 2.70533 2
      vertex -12.5794 2.70514 2
    endloop
  endfacet
  facet normal 0.323584 -0.729284 0.602858
    outer loop
      vertex -12.579 2.70533 2
      vertex -12.0268 1.53678 0.289999
      vertex -11.9506 1.57059 0.289999
    endloop
  endfacet
  facet normal 0.604189 0.521069 0.602862
    outer loop
      vertex -13.5173 -2.0096 2
      vertex -12.5596 -1.14165 0.289999
      vertex -13.6129 -1.89875 2
    endloop
  endfacet
  facet normal -0.768966 0.212757 0.602848
    outer loop
      vertex -9.6732 -0.493484 0.289999
      vertex -8.43628 -0.868192 2
      vertex -9.65095 -0.413066 0.289999
    endloop
  endfacet
  facet normal -0.76862 0.213963 0.602862
    outer loop
      vertex -8.43628 -0.868192 2
      vertex -9.6732 -0.493484 0.289999
      vertex -8.43641 -0.868659 2
    endloop
  endfacet
  facet normal -0.76896 0.212776 0.602849
    outer loop
      vertex -8.43628 -0.868192 2
      vertex -8.39724 -0.727104 2
      vertex -9.65095 -0.413066 0.289999
    endloop
  endfacet
  facet normal 0.058696 -0.795693 0.60285
    outer loop
      vertex -11.3834 1.69795 0.289999
      vertex -11.4468 2.98884 2
      vertex -11.5928 2.97807 2
    endloop
  endfacet
  facet normal -0.0159533 -0.797667 0.602887
    outer loop
      vertex -11.3 1.7 0.289999
      vertex -11.2995 2.99243 2
      vertex -11.3 2.99244 2
    endloop
  endfacet
  facet normal -0.0196056 -0.797615 0.602848
    outer loop
      vertex -11.2995 2.99243 2
      vertex -11.3 1.7 0.289999
      vertex -11.2166 1.69795 0.289999
    endloop
  endfacet
  facet normal 0.78197 -0.163592 0.601465
    outer loop
      vertex -14.2601 0.439082 2
      vertex -12.9673 0.331653 0.289999
      vertex -14.26 0.43956 2
    endloop
  endfacet
  facet normal 0.786046 -0.136725 0.602858
    outer loop
      vertex -12.9673 0.331653 0.289999
      vertex -14.2601 0.439082 2
      vertex -12.9816 0.249441 0.289999
    endloop
  endfacet
  facet normal 0.323417 -0.729365 0.60285
    outer loop
      vertex -11.9506 1.57059 0.289999
      vertex -12.4452 2.76466 2
      vertex -12.579 2.70533 2
    endloop
  endfacet
  facet normal -0.174828 -0.778468 0.602846
    outer loop
      vertex -10.5734 2.90287 2
      vertex -10.7162 2.93494 2
      vertex -10.9683 1.66733 0.289999
    endloop
  endfacet
  facet normal 0.768881 -0.213081 0.602842
    outer loop
      vertex -12.9491 0.413066 0.289999
      vertex -14.1637 0.868192 2
      vertex -14.2028 0.727104 2
    endloop
  endfacet
  facet normal 0.323417 0.729365 0.60285
    outer loop
      vertex -12.4452 -2.76466 2
      vertex -11.9506 -1.57059 0.289999
      vertex -12.579 -2.70533 2
    endloop
  endfacet
  facet normal -0.7444 0.287121 0.602851
    outer loop
      vertex -8.53534 -1.14516 2
      vertex -8.48266 -1.00858 2
      vertex -9.72941 -0.650561 0.289999
    endloop
  endfacet
  facet normal -0.795692 -0.058698 0.60285
    outer loop
      vertex -8.31116 0.146832 2
      vertex -8.32193 0.292827 2
      vertex -9.60205 0.083415 0.289999
    endloop
  endfacet
  facet normal -0.712662 0.358729 0.602848
    outer loop
      vertex -8.6609 -1.41063 2
      vertex -8.59508 -1.27987 2
      vertex -9.80073 -0.801374 0.289999
    endloop
  endfacet
  facet normal -0.791855 0.0976664 0.602849
    outer loop
      vertex -8.33989 -0.438601 2
      vertex -8.32197 -0.29331 2
      vertex -9.60819 -0.166629 0.289999
    endloop
  endfacet
  facet normal -0.395837 0.692715 0.602876
    outer loop
      vertex -10.426 -1.45814 0.289999
      vertex -9.762 -2.56694 2
      vertex -9.76158 -2.5667 2
    endloop
  endfacet
  facet normal -0.393282 0.694196 0.602844
    outer loop
      vertex -9.762 -2.56694 2
      vertex -10.426 -1.45814 0.289999
      vertex -10.4986 -1.49927 0.289999
    endloop
  endfacet
  facet normal 0.795737 -0.0583197 0.602828
    outer loop
      vertex -12.998 0.083415 0.289999
      vertex -14.2781 0.292827 2
      vertex -14.2888 0.146832 2
    endloop
  endfacet
  facet normal 0.604189 -0.521069 0.602862
    outer loop
      vertex -12.5596 1.14165 0.289999
      vertex -13.5173 2.0096 2
      vertex -13.6129 1.89875 2
    endloop
  endfacet
  facet normal -0.426855 0.674074 0.602843
    outer loop
      vertex -9.76158 -2.5667 2
      vertex -9.6379 -2.48838 2
      vertex -10.426 -1.45814 0.289999
    endloop
  endfacet
  facet normal -0.713563 -0.356781 0.602939
    outer loop
      vertex -9.80073 0.801374 0.289999
      vertex -8.59486 1.27943 2
      vertex -8.59508 1.27987 2
    endloop
  endfacet
  facet normal -0.712685 -0.35868 0.60285
    outer loop
      vertex -8.59486 1.27943 2
      vertex -9.80073 0.801374 0.289999
      vertex -9.76322 0.726843 0.289999
    endloop
  endfacet
  facet normal -0.13645 -0.786102 0.602847
    outer loop
      vertex -10.7162 2.93494 2
      vertex -10.8604 2.95997 2
      vertex -10.9683 1.66733 0.289999
    endloop
  endfacet
  facet normal 0.786046 0.136725 0.602858
    outer loop
      vertex -14.2601 -0.439082 2
      vertex -12.9673 -0.331653 0.289999
      vertex -12.9816 -0.249441 0.289999
    endloop
  endfacet
  facet normal 0.78197 0.163592 0.601465
    outer loop
      vertex -12.9673 -0.331653 0.289999
      vertex -14.2601 -0.439082 2
      vertex -14.26 -0.43956 2
    endloop
  endfacet
  facet normal -0.171436 0.779256 0.602802
    outer loop
      vertex -10.8869 -1.64905 0.289999
      vertex -10.5734 -2.90287 2
      vertex -10.5729 -2.90276 2
    endloop
  endfacet
  facet normal -0.174821 0.778469 0.602846
    outer loop
      vertex -10.5734 -2.90287 2
      vertex -10.8869 -1.64905 0.289999
      vertex -10.9683 -1.66733 0.289999
    endloop
  endfacet
  facet normal 0.674113 0.426771 0.602858
    outer loop
      vertex -13.7884 -1.6621 2
      vertex -12.7581 -0.873974 0.289999
      vertex -13.8667 -1.53842 2
    endloop
  endfacet
  facet normal -0.250409 -0.757541 0.602849
    outer loop
      vertex -10.7273 1.60062 0.289999
      vertex -10.4313 2.86359 2
      vertex -10.8065 1.6268 0.289999
    endloop
  endfacet
  facet normal -0.280584 -0.748225 0.601192
    outer loop
      vertex -10.4313 2.86359 2
      vertex -10.7273 1.60062 0.289999
      vertex -10.4309 2.86344 2
    endloop
  endfacet
  facet normal 0.604138 0.521138 0.602854
    outer loop
      vertex -13.6132 -1.89838 2
      vertex -12.5596 -1.14165 0.289999
      vertex -12.6141 -1.07847 0.289999
    endloop
  endfacet
  facet normal 0.619229 0.502077 0.603717
    outer loop
      vertex -12.5596 -1.14165 0.289999
      vertex -13.6132 -1.89838 2
      vertex -13.6129 -1.89875 2
    endloop
  endfacet
  facet normal -0.323417 0.729365 0.60285
    outer loop
      vertex -10.1548 -2.76466 2
      vertex -10.021 -2.70533 2
      vertex -10.6494 -1.57059 0.289999
    endloop
  endfacet
  facet normal 0.744544 -0.286741 0.602855
    outer loop
      vertex -12.8706 0.650561 0.289999
      vertex -14.0647 1.14516 2
      vertex -14.1173 1.00858 2
    endloop
  endfacet
  facet normal -0.578012 0.549986 0.602841
    outer loop
      vertex -10.0979 -1.20208 0.289999
      vertex -9.18369 -2.11562 2
      vertex -10.0404 -1.14165 0.289999
    endloop
  endfacet
  facet normal -0.588281 0.539258 0.6026
    outer loop
      vertex -9.18369 -2.11562 2
      vertex -10.0979 -1.20208 0.289999
      vertex -9.18402 -2.11598 2
    endloop
  endfacet
  facet normal -0.521144 0.604149 0.602837
    outer loop
      vertex -9.40125 -2.31287 2
      vertex -9.2904 -2.21725 2
      vertex -10.1583 -1.25962 0.289999
    endloop
  endfacet
  facet normal -0.126004 0.787525 0.603264
    outer loop
      vertex -10.9683 -1.66733 0.289999
      vertex -10.8609 -2.96005 2
      vertex -10.8604 -2.95997 2
    endloop
  endfacet
  facet normal -0.136306 0.786124 0.602852
    outer loop
      vertex -10.8609 -2.96005 2
      vertex -10.9683 -1.66733 0.289999
      vertex -11.0506 -1.6816 0.289999
    endloop
  endfacet
  facet normal -0.757568 0.25033 0.602848
    outer loop
      vertex -9.69938 -0.572712 0.289999
      vertex -8.43641 -0.868659 2
      vertex -9.6732 -0.493484 0.289999
    endloop
  endfacet
  facet normal -0.758594 0.246831 0.603
    outer loop
      vertex -8.43641 -0.868659 2
      vertex -9.69938 -0.572712 0.289999
      vertex -8.43656 -0.86912 2
    endloop
  endfacet
  facet normal -0.757584 0.250275 0.602851
    outer loop
      vertex -8.48248 -1.00812 2
      vertex -8.43656 -0.86912 2
      vertex -9.69938 -0.572712 0.289999
    endloop
  endfacet
  facet normal -0.0976603 -0.791855 0.60285
    outer loop
      vertex -10.8614 2.96011 2
      vertex -11.0067 2.97803 2
      vertex -11.1334 1.69181 0.289999
    endloop
  endfacet
  facet normal 0.426807 0.674106 0.60284
    outer loop
      vertex -12.8384 -2.5667 2
      vertex -12.174 -1.45814 0.289999
      vertex -12.9621 -2.48838 2
    endloop
  endfacet
  facet normal -0.0587204 -0.79569 0.602851
    outer loop
      vertex -11.1334 1.69181 0.289999
      vertex -11.0072 2.97807 2
      vertex -11.2166 1.69795 0.289999
    endloop
  endfacet
  facet normal -0.063622 -0.795276 0.6029
    outer loop
      vertex -11.0072 2.97807 2
      vertex -11.1334 1.69181 0.289999
      vertex -11.0067 2.97803 2
    endloop
  endfacet
  facet normal -0.652285 -0.459455 0.602848
    outer loop
      vertex -8.81215 1.66291 2
      vertex -8.89645 1.78259 2
      vertex -9.93455 1.01269 0.289999
    endloop
  endfacet
  facet normal 0.136306 0.786124 0.602852
    outer loop
      vertex -11.6317 -1.66733 0.289999
      vertex -11.7391 -2.96005 2
      vertex -11.5494 -1.6816 0.289999
    endloop
  endfacet
  facet normal 0.126004 0.787525 0.603264
    outer loop
      vertex -11.7391 -2.96005 2
      vertex -11.6317 -1.66733 0.289999
      vertex -11.7396 -2.95997 2
    endloop
  endfacet
  facet normal 0.781072 -0.167253 0.601625
    outer loop
      vertex -14.1637 0.868192 2
      vertex -12.9268 0.493484 0.289999
      vertex -14.1636 0.868659 2
    endloop
  endfacet
  facet normal 0.768843 -0.213201 0.602848
    outer loop
      vertex -12.9268 0.493484 0.289999
      vertex -14.1637 0.868192 2
      vertex -12.9491 0.413066 0.289999
    endloop
  endfacet
  facet normal 0.287085 -0.744415 0.602851
    outer loop
      vertex -11.9506 1.57059 0.289999
      vertex -12.3086 2.81734 2
      vertex -12.4452 2.76466 2
    endloop
  endfacet
  facet normal -0.777159 -0.180353 0.602906
    outer loop
      vertex -9.65095 0.413066 0.289999
      vertex -8.39713 0.72663 2
      vertex -8.39724 0.727104 2
    endloop
  endfacet
  facet normal -0.778473 -0.174794 0.60285
    outer loop
      vertex -8.39713 0.72663 2
      vertex -9.65095 0.413066 0.289999
      vertex -9.63267 0.331653 0.289999
    endloop
  endfacet
  facet normal -0.604141 0.521137 0.602851
    outer loop
      vertex -9.08275 -2.0096 2
      vertex -8.98713 -1.89875 2
      vertex -10.0404 -1.14165 0.289999
    endloop
  endfacet
  facet normal -0.694191 0.393286 0.602848
    outer loop
      vertex -8.73306 -1.538 2
      vertex -8.6609 -1.41063 2
      vertex -9.80073 -0.801374 0.289999
    endloop
  endfacet
  facet normal -0.287085 0.744415 0.602851
    outer loop
      vertex -10.2914 -2.81734 2
      vertex -10.1548 -2.76466 2
      vertex -10.6494 -1.57059 0.289999
    endloop
  endfacet
  facet normal -0.786103 0.136448 0.602847
    outer loop
      vertex -9.63267 -0.331653 0.289999
      vertex -8.33995 -0.439082 2
      vertex -9.6184 -0.249441 0.289999
    endloop
  endfacet
  facet normal -0.786763 0.131676 0.603047
    outer loop
      vertex -8.33995 -0.439082 2
      vertex -9.63267 -0.331653 0.289999
      vertex -8.34003 -0.43956 2
    endloop
  endfacet
  facet normal -0.778474 0.174788 0.602849
    outer loop
      vertex -8.39713 -0.72663 2
      vertex -8.36506 -0.583796 2
      vertex -9.63267 -0.331653 0.289999
    endloop
  endfacet
  facet normal -0.342287 0.720605 0.602967
    outer loop
      vertex -10.5732 -1.53678 0.289999
      vertex -10.021 -2.70533 2
      vertex -10.0206 -2.70514 2
    endloop
  endfacet
  facet normal -0.323584 0.729284 0.602858
    outer loop
      vertex -10.021 -2.70533 2
      vertex -10.5732 -1.53678 0.289999
      vertex -10.6494 -1.57059 0.289999
    endloop
  endfacet
  facet normal 0.174821 0.778469 0.602846
    outer loop
      vertex -11.7131 -1.64905 0.289999
      vertex -12.0266 -2.90287 2
      vertex -11.6317 -1.66733 0.289999
    endloop
  endfacet
  facet normal 0.171436 0.779256 0.602802
    outer loop
      vertex -12.0266 -2.90287 2
      vertex -11.7131 -1.64905 0.289999
      vertex -12.0271 -2.90276 2
    endloop
  endfacet
  facet normal -0.786106 -0.136417 0.602849
    outer loop
      vertex -8.34003 0.43956 2
      vertex -8.36506 0.583796 2
      vertex -9.63267 0.331653 0.289999
    endloop
  endfacet
  facet normal -0.0976433 -0.791858 0.602849
    outer loop
      vertex -11.0506 1.6816 0.289999
      vertex -10.8614 2.96011 2
      vertex -11.1334 1.69181 0.289999
    endloop
  endfacet
  facet normal -0.0950636 -0.792196 0.602817
    outer loop
      vertex -10.8614 2.96011 2
      vertex -11.0506 1.6816 0.289999
      vertex -10.8609 2.96005 2
    endloop
  endfacet
  facet normal -0.797615 -0.0195661 0.60285
    outer loop
      vertex -8.30757 0.000484947 2
      vertex -8.31116 0.146832 2
      vertex -9.60205 0.083415 0.289999
    endloop
  endfacet
  facet normal -0.797661 0.0164484 0.602882
    outer loop
      vertex -9.6 0 0.289999
      vertex -8.30757 -0.000484947 2
      vertex -8.30756 0 2
    endloop
  endfacet
  facet normal -0.797615 0.0196021 0.602848
    outer loop
      vertex -8.30757 -0.000484947 2
      vertex -9.6 0 0.289999
      vertex -9.60205 -0.083415 0.289999
    endloop
  endfacet
  facet normal -0.795692 0.058698 0.60285
    outer loop
      vertex -8.32193 -0.292827 2
      vertex -8.31116 -0.146832 2
      vertex -9.60205 -0.083415 0.289999
    endloop
  endfacet
  facet normal -0.200804 0.772323 0.602656
    outer loop
      vertex -10.8065 -1.6268 0.289999
      vertex -10.4318 -2.86372 2
      vertex -10.4313 -2.86359 2
    endloop
  endfacet
  facet normal -0.212801 0.768954 0.602848
    outer loop
      vertex -10.4318 -2.86372 2
      vertex -10.8065 -1.6268 0.289999
      vertex -10.8869 -1.64905 0.289999
    endloop
  endfacet
  facet normal 0.628901 0.49098 0.602846
    outer loop
      vertex -13.6135 -1.898 2
      vertex -12.6655 -1.01269 0.289999
      vertex -13.7036 -1.78259 2
    endloop
  endfacet
  facet normal -0.652285 0.459455 0.602848
    outer loop
      vertex -8.89645 -1.78259 2
      vertex -8.81215 -1.66291 2
      vertex -9.93455 -1.01269 0.289999
    endloop
  endfacet
  facet normal -0.729391 0.323356 0.602851
    outer loop
      vertex -8.59467 -1.27899 2
      vertex -8.53534 -1.14516 2
      vertex -9.72941 -0.650561 0.289999
    endloop
  endfacet
  facet normal -0.174821 -0.778469 0.602846
    outer loop
      vertex -10.8869 1.64905 0.289999
      vertex -10.5734 2.90287 2
      vertex -10.9683 1.66733 0.289999
    endloop
  endfacet
  facet normal -0.171436 -0.779256 0.602802
    outer loop
      vertex -10.5734 2.90287 2
      vertex -10.8869 1.64905 0.289999
      vertex -10.5729 2.90276 2
    endloop
  endfacet
  facet normal 0.786041 -0.136787 0.602851
    outer loop
      vertex -12.9673 0.331653 0.289999
      vertex -14.2349 0.583796 2
      vertex -14.26 0.43956 2
    endloop
  endfacet
  facet normal 0.521047 0.604223 0.602846
    outer loop
      vertex -12.4417 -1.25962 0.289999
      vertex -13.1984 -2.31319 2
      vertex -12.3785 -1.31412 0.289999
    endloop
  endfacet
  facet normal 0.497946 0.622433 0.603843
    outer loop
      vertex -13.1984 -2.31319 2
      vertex -12.4417 -1.25962 0.289999
      vertex -13.1988 -2.31287 2
    endloop
  endfacet
  facet normal -0.743115 -0.290784 0.602681
    outer loop
      vertex -9.72941 0.650561 0.289999
      vertex -8.48248 1.00812 2
      vertex -8.48266 1.00858 2
    endloop
  endfacet
  facet normal -0.744391 -0.287146 0.602851
    outer loop
      vertex -8.48248 1.00812 2
      vertex -9.72941 0.650561 0.289999
      vertex -9.69938 0.572712 0.289999
    endloop
  endfacet
  facet normal 0.434791 -0.668909 0.602925
    outer loop
      vertex -12.2445 1.4135 0.289999
      vertex -12.9621 2.48838 2
      vertex -12.9625 2.48812 2
    endloop
  endfacet
  facet normal 0.426829 -0.674091 0.602842
    outer loop
      vertex -12.9621 2.48838 2
      vertex -12.2445 1.4135 0.289999
      vertex -12.174 1.45814 0.289999
    endloop
  endfacet
  facet normal 0.459532 0.652239 0.602838
    outer loop
      vertex -12.3127 -1.36545 0.289999
      vertex -12.9625 -2.48812 2
      vertex -12.2445 -1.4135 0.289999
    endloop
  endfacet
  facet normal 0.446125 0.660927 0.603447
    outer loop
      vertex -12.9625 -2.48812 2
      vertex -12.3127 -1.36545 0.289999
      vertex -12.9629 -2.48785 2
    endloop
  endfacet
  facet normal 0.55033 -0.577683 0.602843
    outer loop
      vertex -13.4156 2.11631 2
      vertex -12.5021 1.20208 0.289999
      vertex -12.4417 1.25962 0.289999
    endloop
  endfacet
  facet normal 0.508528 -0.616398 0.60121
    outer loop
      vertex -12.5021 1.20208 0.289999
      vertex -13.4156 2.11631 2
      vertex -13.416 2.11598 2
    endloop
  endfacet
  facet normal 0.490746 0.629088 0.602841
    outer loop
      vertex -12.3785 -1.31412 0.289999
      vertex -13.198 -2.31349 2
      vertex -12.3127 -1.36545 0.289999
    endloop
  endfacet
  facet normal 0.478829 0.638438 0.602594
    outer loop
      vertex -13.198 -2.31349 2
      vertex -12.3785 -1.31412 0.289999
      vertex -13.1984 -2.31319 2
    endloop
  endfacet
  facet normal 0.693902 0.393785 0.602855
    outer loop
      vertex -13.8669 -1.538 2
      vertex -12.7581 -0.873974 0.289999
      vertex -12.7993 -0.801374 0.289999
    endloop
  endfacet
  facet normal 0.721462 0.343553 0.601219
    outer loop
      vertex -12.7581 -0.873974 0.289999
      vertex -13.8669 -1.538 2
      vertex -13.8667 -1.53842 2
    endloop
  endfacet
  facet normal -0.0976603 0.791855 0.60285
    outer loop
      vertex -11.0067 -2.97803 2
      vertex -10.8614 -2.96011 2
      vertex -11.1334 -1.69181 0.289999
    endloop
  endfacet
  facet normal -0.629012 0.490836 0.602847
    outer loop
      vertex -9.98588 -1.07847 0.289999
      vertex -8.98651 -1.898 2
      vertex -9.93455 -1.01269 0.289999
    endloop
  endfacet
  facet normal -0.626196 0.494365 0.602894
    outer loop
      vertex -8.98651 -1.898 2
      vertex -9.98588 -1.07847 0.289999
      vertex -8.98681 -1.89838 2
    endloop
  endfacet
  facet normal -0.674071 -0.426853 0.602847
    outer loop
      vertex -8.7333 1.53842 2
      vertex -8.81162 1.6621 2
      vertex -9.84186 0.873974 0.289999
    endloop
  endfacet
  facet normal -0.521049 -0.604226 0.602843
    outer loop
      vertex -10.1583 1.25962 0.289999
      vertex -9.40162 2.31319 2
      vertex -10.2215 1.31412 0.289999
    endloop
  endfacet
  facet normal -0.521946 -0.6035 0.602793
    outer loop
      vertex -9.40162 2.31319 2
      vertex -10.1583 1.25962 0.289999
      vertex -9.40125 2.31287 2
    endloop
  endfacet
  facet normal 0.358862 0.7126 0.602843
    outer loop
      vertex -12.5799 -2.70492 2
      vertex -12.1014 -1.49927 0.289999
      vertex -12.7106 -2.6391 2
    endloop
  endfacet
  facet normal 0.778554 0.174424 0.602851
    outer loop
      vertex -14.2029 -0.72663 2
      vertex -12.9673 -0.331653 0.289999
      vertex -14.2349 -0.583796 2
    endloop
  endfacet
  facet normal 0.577674 -0.550321 0.602859
    outer loop
      vertex -12.5596 1.14165 0.289999
      vertex -13.4163 2.11562 2
      vertex -13.5173 2.0096 2
    endloop
  endfacet
  facet normal 0.778554 -0.174424 0.602851
    outer loop
      vertex -12.9673 0.331653 0.289999
      vertex -14.2029 0.72663 2
      vertex -14.2349 0.583796 2
    endloop
  endfacet
  facet normal 0.0195724 -0.797615 0.60285
    outer loop
      vertex -11.3834 1.69795 0.289999
      vertex -11.3005 2.99243 2
      vertex -11.4468 2.98884 2
    endloop
  endfacet
  facet normal -0.13645 0.786102 0.602847
    outer loop
      vertex -10.8604 -2.95997 2
      vertex -10.7162 -2.93494 2
      vertex -10.9683 -1.66733 0.289999
    endloop
  endfacet
  facet normal -0.778473 0.174794 0.60285
    outer loop
      vertex -9.65095 -0.413066 0.289999
      vertex -8.39713 -0.72663 2
      vertex -9.63267 -0.331653 0.289999
    endloop
  endfacet
  facet normal -0.777159 0.180353 0.602906
    outer loop
      vertex -8.39713 -0.72663 2
      vertex -9.65095 -0.413066 0.289999
      vertex -8.39724 -0.727104 2
    endloop
  endfacet
  facet normal -0.0196056 0.797615 0.602848
    outer loop
      vertex -11.3 -1.7 0.289999
      vertex -11.2995 -2.99243 2
      vertex -11.2166 -1.69795 0.289999
    endloop
  endfacet
  facet normal -0.0159533 0.797667 0.602887
    outer loop
      vertex -11.2995 -2.99243 2
      vertex -11.3 -1.7 0.289999
      vertex -11.3 -2.99244 2
    endloop
  endfacet
  facet normal -0.588281 -0.539258 0.6026
    outer loop
      vertex -10.0979 1.20208 0.289999
      vertex -9.18369 2.11562 2
      vertex -9.18402 2.11598 2
    endloop
  endfacet
  facet normal -0.578012 -0.549986 0.602841
    outer loop
      vertex -9.18369 2.11562 2
      vertex -10.0979 1.20208 0.289999
      vertex -10.0404 1.14165 0.289999
    endloop
  endfacet
  facet normal -0.287085 -0.744415 0.602851
    outer loop
      vertex -10.1548 2.76466 2
      vertex -10.2914 2.81734 2
      vertex -10.6494 1.57059 0.289999
    endloop
  endfacet
  facet normal 0.058696 0.795693 0.60285
    outer loop
      vertex -11.4468 -2.98884 2
      vertex -11.3834 -1.69795 0.289999
      vertex -11.5928 -2.97807 2
    endloop
  endfacet
  facet normal 0.0976603 -0.791855 0.60285
    outer loop
      vertex -11.4666 1.69181 0.289999
      vertex -11.5933 2.97803 2
      vertex -11.7386 2.96011 2
    endloop
  endfacet
  facet normal -0.674071 0.426853 0.602847
    outer loop
      vertex -8.81162 -1.6621 2
      vertex -8.7333 -1.53842 2
      vertex -9.84186 -0.873974 0.289999
    endloop
  endfacet
  facet normal -0.692712 -0.395836 0.60288
    outer loop
      vertex -9.84186 0.873974 0.289999
      vertex -8.73306 1.538 2
      vertex -8.7333 1.53842 2
    endloop
  endfacet
  facet normal -0.694194 -0.393281 0.602848
    outer loop
      vertex -8.73306 1.538 2
      vertex -9.84186 0.873974 0.289999
      vertex -9.80073 0.801374 0.289999
    endloop
  endfacet
  facet normal -0.712662 -0.358729 0.602848
    outer loop
      vertex -8.59508 1.27987 2
      vertex -8.6609 1.41063 2
      vertex -9.80073 0.801374 0.289999
    endloop
  endfacet
  facet normal -0.212801 -0.768954 0.602848
    outer loop
      vertex -10.8065 1.6268 0.289999
      vertex -10.4318 2.86372 2
      vertex -10.8869 1.64905 0.289999
    endloop
  endfacet
  facet normal -0.200804 -0.772323 0.602656
    outer loop
      vertex -10.4318 2.86372 2
      vertex -10.8065 1.6268 0.289999
      vertex -10.4313 2.86359 2
    endloop
  endfacet
  facet normal -0.21276 -0.768967 0.602846
    outer loop
      vertex -10.4318 2.86372 2
      vertex -10.5729 2.90276 2
      vertex -10.8869 1.64905 0.289999
    endloop
  endfacet
  facet normal -0.758594 -0.246831 0.603
    outer loop
      vertex -9.69938 0.572712 0.289999
      vertex -8.43641 0.868659 2
      vertex -8.43656 0.86912 2
    endloop
  endfacet
  facet normal -0.757568 -0.25033 0.602848
    outer loop
      vertex -8.43641 0.868659 2
      vertex -9.69938 0.572712 0.289999
      vertex -9.6732 0.493484 0.289999
    endloop
  endfacet
  facet normal 0.795635 0.0592801 0.602869
    outer loop
      vertex -14.2781 -0.292827 2
      vertex -12.9918 -0.166629 0.289999
      vertex -12.998 -0.083415 0.289999
    endloop
  endfacet
  facet normal 0.782799 0.16207 0.600799
    outer loop
      vertex -12.9918 -0.166629 0.289999
      vertex -14.2781 -0.292827 2
      vertex -14.278 -0.29331 2
    endloop
  endfacet
  facet normal -0.494368 0.6262 0.602888
    outer loop
      vertex -10.2215 -1.31412 0.289999
      vertex -9.402 -2.31349 2
      vertex -9.40162 -2.31319 2
    endloop
  endfacet
  facet normal -0.490746 0.629088 0.602841
    outer loop
      vertex -9.402 -2.31349 2
      vertex -10.2215 -1.31412 0.289999
      vertex -10.2873 -1.36545 0.289999
    endloop
  endfacet
  facet normal -0.427286 0.673796 0.602848
    outer loop
      vertex -10.3555 -1.4135 0.289999
      vertex -9.6379 -2.48838 2
      vertex -9.63749 -2.48812 2
    endloop
  endfacet
  facet normal -0.426829 0.674091 0.602842
    outer loop
      vertex -9.6379 -2.48838 2
      vertex -10.3555 -1.4135 0.289999
      vertex -10.426 -1.45814 0.289999
    endloop
  endfacet
  facet normal 0.757511 0.250502 0.602848
    outer loop
      vertex -14.1636 -0.868659 2
      vertex -12.9006 -0.572712 0.289999
      vertex -12.9268 -0.493484 0.289999
    endloop
  endfacet
  facet normal 0.735157 0.31894 0.598182
    outer loop
      vertex -12.9006 -0.572712 0.289999
      vertex -14.1636 -0.868659 2
      vertex -14.1634 -0.86912 2
    endloop
  endfacet
  facet normal -0.791711 -0.0987581 0.60286
    outer loop
      vertex -9.6184 0.249441 0.289999
      vertex -8.33989 0.438601 2
      vertex -8.33995 0.439082 2
    endloop
  endfacet
  facet normal -0.791861 -0.0976296 0.602847
    outer loop
      vertex -8.33989 0.438601 2
      vertex -9.6184 0.249441 0.289999
      vertex -9.60819 0.166629 0.289999
    endloop
  endfacet
  facet normal 0.13645 -0.786102 0.602847
    outer loop
      vertex -11.6317 1.66733 0.289999
      vertex -11.7396 2.95997 2
      vertex -11.8838 2.93494 2
    endloop
  endfacet
  facet normal 0.735157 -0.31894 0.598182
    outer loop
      vertex -14.1636 0.868659 2
      vertex -12.9006 0.572712 0.289999
      vertex -14.1634 0.86912 2
    endloop
  endfacet
  facet normal 0.757511 -0.250502 0.602848
    outer loop
      vertex -12.9006 0.572712 0.289999
      vertex -14.1636 0.868659 2
      vertex -12.9268 0.493484 0.289999
    endloop
  endfacet
  facet normal 0.726302 -0.330137 0.602905
    outer loop
      vertex -14.0053 1.27899 2
      vertex -12.8368 0.726843 0.289999
      vertex -14.0051 1.27943 2
    endloop
  endfacet
  facet normal 0.729466 -0.323221 0.602834
    outer loop
      vertex -12.8368 0.726843 0.289999
      vertex -14.0053 1.27899 2
      vertex -12.8706 0.650561 0.289999
    endloop
  endfacet
  facet normal -0.286982 -0.744453 0.602852
    outer loop
      vertex -10.6494 1.57059 0.289999
      vertex -10.2919 2.81752 2
      vertex -10.7273 1.60062 0.289999
    endloop
  endfacet
  facet normal -0.270077 -0.750215 0.603519
    outer loop
      vertex -10.2919 2.81752 2
      vertex -10.6494 1.57059 0.289999
      vertex -10.2914 2.81734 2
    endloop
  endfacet
  facet normal -0.673793 -0.427283 0.602853
    outer loop
      vertex -9.8865 0.944468 0.289999
      vertex -8.81162 1.6621 2
      vertex -8.81188 1.66251 2
    endloop
  endfacet
  facet normal -0.674071 -0.426853 0.602847
    outer loop
      vertex -8.81162 1.6621 2
      vertex -9.8865 0.944468 0.289999
      vertex -9.84186 0.873974 0.289999
    endloop
  endfacet
  facet normal -0.0195724 0.797615 0.60285
    outer loop
      vertex -11.1532 -2.98884 2
      vertex -11.2166 -1.69795 0.289999
      vertex -11.2995 -2.99243 2
    endloop
  endfacet
  facet normal -0.058696 0.795693 0.60285
    outer loop
      vertex -11.1532 -2.98884 2
      vertex -11.0072 -2.97807 2
      vertex -11.2166 -1.69795 0.289999
    endloop
  endfacet
  facet normal 0.652544 -0.459093 0.602843
    outer loop
      vertex -12.6655 1.01269 0.289999
      vertex -13.7036 1.78259 2
      vertex -13.7878 1.66291 2
    endloop
  endfacet
  facet normal 0.578013 0.549988 0.602839
    outer loop
      vertex -13.4163 -2.11562 2
      vertex -12.5021 -1.20208 0.289999
      vertex -12.5596 -1.14165 0.289999
    endloop
  endfacet
  facet normal 0.613776 0.51148 0.601387
    outer loop
      vertex -12.5021 -1.20208 0.289999
      vertex -13.4163 -2.11562 2
      vertex -13.416 -2.11598 2
    endloop
  endfacet
  facet normal 0.732923 -0.318662 0.601065
    outer loop
      vertex -14.1175 1.00812 2
      vertex -12.8706 0.650561 0.289999
      vertex -14.1173 1.00858 2
    endloop
  endfacet
  facet normal 0.744485 -0.286896 0.602854
    outer loop
      vertex -12.8706 0.650561 0.289999
      vertex -14.1175 1.00812 2
      vertex -12.9006 0.572712 0.289999
    endloop
  endfacet
  facet normal 0.768843 0.213201 0.602848
    outer loop
      vertex -14.1637 -0.868192 2
      vertex -12.9268 -0.493484 0.289999
      vertex -12.9491 -0.413066 0.289999
    endloop
  endfacet
  facet normal 0.781072 0.167253 0.601625
    outer loop
      vertex -12.9268 -0.493484 0.289999
      vertex -14.1637 -0.868192 2
      vertex -14.1636 -0.868659 2
    endloop
  endfacet
  facet normal -0.603492 -0.521939 0.602807
    outer loop
      vertex -10.0404 1.14165 0.289999
      vertex -8.98681 1.89838 2
      vertex -8.98713 1.89875 2
    endloop
  endfacet
  facet normal -0.604048 -0.521252 0.602845
    outer loop
      vertex -8.98681 1.89838 2
      vertex -10.0404 1.14165 0.289999
      vertex -9.98588 1.07847 0.289999
    endloop
  endfacet
  facet normal -0.577842 -0.550154 0.602851
    outer loop
      vertex -9.08275 2.0096 2
      vertex -9.18369 2.11562 2
      vertex -10.0404 1.14165 0.289999
    endloop
  endfacet
  facet normal 0.791875 0.0975357 0.602843
    outer loop
      vertex -14.2601 -0.438601 2
      vertex -12.9816 -0.249441 0.289999
      vertex -12.9918 -0.166629 0.289999
    endloop
  endfacet
  facet normal 0.800899 0 0.5988
    outer loop
      vertex -12.9816 -0.249441 0.289999
      vertex -14.2601 -0.438601 2
      vertex -14.2601 -0.439082 2
    endloop
  endfacet
  facet normal -0.795691 0.0587106 0.60285
    outer loop
      vertex -9.60819 -0.166629 0.289999
      vertex -8.32193 -0.292827 2
      vertex -9.60205 -0.083415 0.289999
    endloop
  endfacet
  facet normal -0.795081 0.0658452 0.602918
    outer loop
      vertex -8.32193 -0.292827 2
      vertex -9.60819 -0.166629 0.289999
      vertex -8.32197 -0.29331 2
    endloop
  endfacet
  facet normal -0.063622 0.795276 0.6029
    outer loop
      vertex -11.1334 -1.69181 0.289999
      vertex -11.0072 -2.97807 2
      vertex -11.0067 -2.97803 2
    endloop
  endfacet
  facet normal -0.0587204 0.79569 0.602851
    outer loop
      vertex -11.0072 -2.97807 2
      vertex -11.1334 -1.69181 0.289999
      vertex -11.2166 -1.69795 0.289999
    endloop
  endfacet
  facet normal -0.729391 -0.323356 0.602851
    outer loop
      vertex -8.53534 1.14516 2
      vertex -8.59467 1.27899 2
      vertex -9.72941 0.650561 0.289999
    endloop
  endfacet
  facet normal -0.791861 0.0976296 0.602847
    outer loop
      vertex -9.6184 -0.249441 0.289999
      vertex -8.33989 -0.438601 2
      vertex -9.60819 -0.166629 0.289999
    endloop
  endfacet
  facet normal -0.791711 0.0987581 0.60286
    outer loop
      vertex -8.33989 -0.438601 2
      vertex -9.6184 -0.249441 0.289999
      vertex -8.33995 -0.439082 2
    endloop
  endfacet
  facet normal 0.358414 0.712815 0.602856
    outer loop
      vertex -12.1014 -1.49927 0.289999
      vertex -12.5794 -2.70514 2
      vertex -12.0268 -1.53678 0.289999
    endloop
  endfacet
  facet normal 0.320947 0.729425 0.604096
    outer loop
      vertex -12.5794 -2.70514 2
      vertex -12.1014 -1.49927 0.289999
      vertex -12.5799 -2.70492 2
    endloop
  endfacet
  facet normal -0.72942 0.323296 0.602848
    outer loop
      vertex -9.76322 -0.726843 0.289999
      vertex -8.59467 -1.27899 2
      vertex -9.72941 -0.650561 0.289999
    endloop
  endfacet
  facet normal -0.732555 0.316331 0.602742
    outer loop
      vertex -8.59467 -1.27899 2
      vertex -9.76322 -0.726843 0.289999
      vertex -8.59486 -1.27943 2
    endloop
  endfacet
  facet normal 0.674113 -0.426771 0.602858
    outer loop
      vertex -12.7581 0.873974 0.289999
      vertex -13.7884 1.6621 2
      vertex -13.8667 1.53842 2
    endloop
  endfacet
  facet normal 0.729466 0.323221 0.602834
    outer loop
      vertex -14.0053 -1.27899 2
      vertex -12.8368 -0.726843 0.289999
      vertex -12.8706 -0.650561 0.289999
    endloop
  endfacet
  facet normal 0.726302 0.330137 0.602905
    outer loop
      vertex -12.8368 -0.726843 0.289999
      vertex -14.0053 -1.27899 2
      vertex -14.0051 -1.27943 2
    endloop
  endfacet
  facet normal -0.0950636 0.792196 0.602817
    outer loop
      vertex -11.0506 -1.6816 0.289999
      vertex -10.8614 -2.96011 2
      vertex -10.8609 -2.96005 2
    endloop
  endfacet
  facet normal -0.0976433 0.791858 0.602849
    outer loop
      vertex -10.8614 -2.96011 2
      vertex -11.0506 -1.6816 0.289999
      vertex -11.1334 -1.69181 0.289999
    endloop
  endfacet
  facet normal -0.358796 -0.712631 0.602846
    outer loop
      vertex -9.88937 2.6391 2
      vertex -10.0201 2.70492 2
      vertex -10.4986 1.49927 0.289999
    endloop
  endfacet
  facet normal 0.757617 -0.250177 0.60285
    outer loop
      vertex -12.9006 0.572712 0.289999
      vertex -14.1175 1.00812 2
      vertex -14.1634 0.86912 2
    endloop
  endfacet
  facet normal 0.280584 -0.748225 0.601192
    outer loop
      vertex -11.8727 1.60062 0.289999
      vertex -12.1687 2.86359 2
      vertex -12.1691 2.86344 2
    endloop
  endfacet
  facet normal 0.250409 -0.757541 0.602849
    outer loop
      vertex -12.1687 2.86359 2
      vertex -11.8727 1.60062 0.289999
      vertex -11.7935 1.6268 0.289999
    endloop
  endfacet
  facet normal 0.174828 -0.778468 0.602846
    outer loop
      vertex -11.6317 1.66733 0.289999
      vertex -11.8838 2.93494 2
      vertex -12.0266 2.90287 2
    endloop
  endfacet
  facet normal 0.780788 -0.164723 0.602691
    outer loop
      vertex -14.2029 0.72663 2
      vertex -12.9491 0.413066 0.289999
      vertex -14.2028 0.727104 2
    endloop
  endfacet
  facet normal 0.778647 -0.174068 0.602835
    outer loop
      vertex -12.9491 0.413066 0.289999
      vertex -14.2029 0.72663 2
      vertex -12.9673 0.331653 0.289999
    endloop
  endfacet
  facet normal -0.250275 -0.757584 0.60285
    outer loop
      vertex -10.2919 2.81752 2
      vertex -10.4309 2.86344 2
      vertex -10.7273 1.60062 0.289999
    endloop
  endfacet
  facet normal -0.604141 -0.521137 0.602851
    outer loop
      vertex -8.98713 1.89875 2
      vertex -9.08275 2.0096 2
      vertex -10.0404 1.14165 0.289999
    endloop
  endfacet
  facet normal 0.768881 0.213081 0.602842
    outer loop
      vertex -14.1637 -0.868192 2
      vertex -12.9491 -0.413066 0.289999
      vertex -14.2028 -0.727104 2
    endloop
  endfacet
  facet normal -0.629005 -0.490843 0.602848
    outer loop
      vertex -8.89645 1.78259 2
      vertex -8.98651 1.898 2
      vertex -9.93455 1.01269 0.289999
    endloop
  endfacet
  facet normal 0.521277 -0.604032 0.602839
    outer loop
      vertex -12.4417 1.25962 0.289999
      vertex -13.1988 2.31287 2
      vertex -13.3096 2.21725 2
    endloop
  endfacet
  facet normal 0.639017 -0.479263 0.601634
    outer loop
      vertex -13.7881 1.66251 2
      vertex -12.6655 1.01269 0.289999
      vertex -13.7878 1.66291 2
    endloop
  endfacet
  facet normal 0.652529 -0.45911 0.602846
    outer loop
      vertex -12.6655 1.01269 0.289999
      vertex -13.7881 1.66251 2
      vertex -12.7135 0.944468 0.289999
    endloop
  endfacet
  facet normal 0.550217 0.577798 0.602836
    outer loop
      vertex -13.3096 -2.21725 2
      vertex -12.4417 -1.25962 0.289999
      vertex -13.4156 -2.11631 2
    endloop
  endfacet
  facet normal -0.459456 0.652286 0.602846
    outer loop
      vertex -9.63709 -2.48785 2
      vertex -9.51741 -2.40355 2
      vertex -10.2873 -1.36545 0.289999
    endloop
  endfacet
  facet normal 0.393282 0.694196 0.602844
    outer loop
      vertex -12.174 -1.45814 0.289999
      vertex -12.838 -2.56694 2
      vertex -12.1014 -1.49927 0.289999
    endloop
  endfacet
  facet normal 0.410452 0.684086 0.602956
    outer loop
      vertex -12.838 -2.56694 2
      vertex -12.174 -1.45814 0.289999
      vertex -12.8384 -2.5667 2
    endloop
  endfacet
  facet normal -0.521144 -0.604149 0.602837
    outer loop
      vertex -9.2904 2.21725 2
      vertex -9.40125 2.31287 2
      vertex -10.1583 1.25962 0.289999
    endloop
  endfacet
  facet normal -0.732555 -0.316331 0.602742
    outer loop
      vertex -9.76322 0.726843 0.289999
      vertex -8.59467 1.27899 2
      vertex -8.59486 1.27943 2
    endloop
  endfacet
  facet normal -0.72942 -0.323296 0.602848
    outer loop
      vertex -8.59467 1.27899 2
      vertex -9.76322 0.726843 0.289999
      vertex -9.72941 0.650561 0.289999
    endloop
  endfacet
  facet normal -0.7444 -0.287121 0.602851
    outer loop
      vertex -8.48266 1.00858 2
      vertex -8.53534 1.14516 2
      vertex -9.72941 0.650561 0.289999
    endloop
  endfacet
  facet normal 0.800899 -0 0.5988
    outer loop
      vertex -14.2601 0.438601 2
      vertex -12.9816 0.249441 0.289999
      vertex -14.2601 0.439082 2
    endloop
  endfacet
  facet normal 0.791875 -0.0975357 0.602843
    outer loop
      vertex -12.9816 0.249441 0.289999
      vertex -14.2601 0.438601 2
      vertex -12.9918 0.166629 0.289999
    endloop
  endfacet
  facet normal -0.76896 -0.212776 0.602849
    outer loop
      vertex -8.39724 0.727104 2
      vertex -8.43628 0.868192 2
      vertex -9.65095 0.413066 0.289999
    endloop
  endfacet
  facet normal -0.778474 -0.174788 0.602849
    outer loop
      vertex -8.36506 0.583796 2
      vertex -8.39713 0.72663 2
      vertex -9.63267 0.331653 0.289999
    endloop
  endfacet
  facet normal -0.393287 0.694193 0.602844
    outer loop
      vertex -9.88937 -2.6391 2
      vertex -9.762 -2.56694 2
      vertex -10.4986 -1.49927 0.289999
    endloop
  endfacet
  facet normal -0.694191 -0.393286 0.602848
    outer loop
      vertex -8.6609 1.41063 2
      vertex -8.73306 1.538 2
      vertex -9.80073 0.801374 0.289999
    endloop
  endfacet
  facet normal -0.446125 0.660926 0.603449
    outer loop
      vertex -10.2873 -1.36545 0.289999
      vertex -9.63749 -2.48812 2
      vertex -9.63709 -2.48785 2
    endloop
  endfacet
  facet normal -0.459532 0.652238 0.60284
    outer loop
      vertex -9.63749 -2.48812 2
      vertex -10.2873 -1.36545 0.289999
      vertex -10.3555 -1.4135 0.289999
    endloop
  endfacet
  facet normal 0.712712 -0.358645 0.602839
    outer loop
      vertex -12.7993 0.801374 0.289999
      vertex -13.9391 1.41063 2
      vertex -14.0049 1.27987 2
    endloop
  endfacet
  facet normal 0.797778 0 0.602952
    outer loop
      vertex -13 0 0.289999
      vertex -14.2924 0.000484947 2
      vertex -14.2924 0 2
    endloop
  endfacet
  facet normal 0.797629 -0.0191244 0.602845
    outer loop
      vertex -14.2924 0.000484947 2
      vertex -13 0 0.289999
      vertex -12.998 0.083415 0.289999
    endloop
  endfacet
  facet normal -0.490746 -0.629088 0.602841
    outer loop
      vertex -10.2215 1.31412 0.289999
      vertex -9.402 2.31349 2
      vertex -10.2873 1.36545 0.289999
    endloop
  endfacet
  facet normal -0.494368 -0.6262 0.602888
    outer loop
      vertex -9.402 2.31349 2
      vertex -10.2215 1.31412 0.289999
      vertex -9.40162 2.31319 2
    endloop
  endfacet
  facet normal 0.171436 -0.779256 0.602802
    outer loop
      vertex -11.7131 1.64905 0.289999
      vertex -12.0266 2.90287 2
      vertex -12.0271 2.90276 2
    endloop
  endfacet
  facet normal 0.174821 -0.778469 0.602846
    outer loop
      vertex -12.0266 2.90287 2
      vertex -11.7131 1.64905 0.289999
      vertex -11.6317 1.66733 0.289999
    endloop
  endfacet
  facet normal -0.270077 0.750215 0.603519
    outer loop
      vertex -10.6494 -1.57059 0.289999
      vertex -10.2919 -2.81752 2
      vertex -10.2914 -2.81734 2
    endloop
  endfacet
  facet normal -0.286982 0.744453 0.602852
    outer loop
      vertex -10.2919 -2.81752 2
      vertex -10.6494 -1.57059 0.289999
      vertex -10.7273 -1.60062 0.289999
    endloop
  endfacet
  facet normal -0.0195724 -0.797615 0.60285
    outer loop
      vertex -11.2166 1.69795 0.289999
      vertex -11.1532 2.98884 2
      vertex -11.2995 2.99243 2
    endloop
  endfacet
  facet normal 0.550217 -0.577798 0.602836
    outer loop
      vertex -12.4417 1.25962 0.289999
      vertex -13.3096 2.21725 2
      vertex -13.4156 2.11631 2
    endloop
  endfacet
  facet normal 0.126004 -0.787525 0.603264
    outer loop
      vertex -11.6317 1.66733 0.289999
      vertex -11.7391 2.96005 2
      vertex -11.7396 2.95997 2
    endloop
  endfacet
  facet normal 0.136306 -0.786124 0.602852
    outer loop
      vertex -11.7391 2.96005 2
      vertex -11.6317 1.66733 0.289999
      vertex -11.5494 1.6816 0.289999
    endloop
  endfacet
  facet normal -0.490844 -0.629006 0.602846
    outer loop
      vertex -9.402 2.31349 2
      vertex -9.51741 2.40355 2
      vertex -10.2873 1.36545 0.289999
    endloop
  endfacet
  facet normal -0.136306 -0.786124 0.602852
    outer loop
      vertex -10.9683 1.66733 0.289999
      vertex -10.8609 2.96005 2
      vertex -11.0506 1.6816 0.289999
    endloop
  endfacet
  facet normal -0.126004 -0.787525 0.603264
    outer loop
      vertex -10.8609 2.96005 2
      vertex -10.9683 1.66733 0.289999
      vertex -10.8604 2.95997 2
    endloop
  endfacet
  facet normal -0.250275 0.757584 0.60285
    outer loop
      vertex -10.4309 -2.86344 2
      vertex -10.2919 -2.81752 2
      vertex -10.7273 -1.60062 0.289999
    endloop
  endfacet
  facet normal -0.674071 0.426853 0.602847
    outer loop
      vertex -9.8865 -0.944468 0.289999
      vertex -8.81162 -1.6621 2
      vertex -9.84186 -0.873974 0.289999
    endloop
  endfacet
  facet normal -0.673793 0.427283 0.602853
    outer loop
      vertex -8.81162 -1.6621 2
      vertex -9.8865 -0.944468 0.289999
      vertex -8.81188 -1.66251 2
    endloop
  endfacet
  facet normal -0.76862 -0.213963 0.602862
    outer loop
      vertex -9.6732 0.493484 0.289999
      vertex -8.43628 0.868192 2
      vertex -8.43641 0.868659 2
    endloop
  endfacet
  facet normal -0.768966 -0.212757 0.602848
    outer loop
      vertex -8.43628 0.868192 2
      vertex -9.6732 0.493484 0.289999
      vertex -9.65095 0.413066 0.289999
    endloop
  endfacet
  facet normal -0.786763 -0.131676 0.603047
    outer loop
      vertex -9.63267 0.331653 0.289999
      vertex -8.33995 0.439082 2
      vertex -8.34003 0.43956 2
    endloop
  endfacet
  facet normal -0.786103 -0.136448 0.602847
    outer loop
      vertex -8.33995 0.439082 2
      vertex -9.63267 0.331653 0.289999
      vertex -9.6184 0.249441 0.289999
    endloop
  endfacet
  facet normal 0.426807 -0.674106 0.60284
    outer loop
      vertex -12.174 1.45814 0.289999
      vertex -12.8384 2.5667 2
      vertex -12.9621 2.48838 2
    endloop
  endfacet
  facet normal 0.725628 -0.329831 0.603883
    outer loop
      vertex -14.0051 1.27943 2
      vertex -12.7993 0.801374 0.289999
      vertex -14.0049 1.27987 2
    endloop
  endfacet
  facet normal 0.712733 -0.358609 0.602835
    outer loop
      vertex -12.7993 0.801374 0.289999
      vertex -14.0051 1.27943 2
      vertex -12.8368 0.726843 0.289999
    endloop
  endfacet
  facet normal 0.49087 0.628985 0.602847
    outer loop
      vertex -13.0826 -2.40355 2
      vertex -12.3127 -1.36545 0.289999
      vertex -13.198 -2.31349 2
    endloop
  endfacet
  facet normal -0.652304 0.45943 0.602847
    outer loop
      vertex -9.93455 -1.01269 0.289999
      vertex -8.81188 -1.66251 2
      vertex -9.8865 -0.944468 0.289999
    endloop
  endfacet
  facet normal -0.660925 0.446124 0.60345
    outer loop
      vertex -8.81188 -1.66251 2
      vertex -9.93455 -1.01269 0.289999
      vertex -8.81215 -1.66291 2
    endloop
  endfacet
  facet normal -0.323417 -0.729365 0.60285
    outer loop
      vertex -10.021 2.70533 2
      vertex -10.1548 2.76466 2
      vertex -10.6494 1.57059 0.289999
    endloop
  endfacet
  facet normal -0.459456 -0.652286 0.602846
    outer loop
      vertex -9.51741 2.40355 2
      vertex -9.63709 2.48785 2
      vertex -10.2873 1.36545 0.289999
    endloop
  endfacet
  facet normal -0.660925 -0.446124 0.60345
    outer loop
      vertex -9.93455 1.01269 0.289999
      vertex -8.81188 1.66251 2
      vertex -8.81215 1.66291 2
    endloop
  endfacet
  facet normal -0.652304 -0.45943 0.602847
    outer loop
      vertex -8.81188 1.66251 2
      vertex -9.93455 1.01269 0.289999
      vertex -9.8865 0.944468 0.289999
    endloop
  endfacet
  facet normal 0.0976433 0.791858 0.602849
    outer loop
      vertex -11.5494 -1.6816 0.289999
      vertex -11.7386 -2.96011 2
      vertex -11.4666 -1.69181 0.289999
    endloop
  endfacet
  facet normal 0.0950636 0.792196 0.602817
    outer loop
      vertex -11.7386 -2.96011 2
      vertex -11.5494 -1.6816 0.289999
      vertex -11.7391 -2.96005 2
    endloop
  endfacet
  facet normal 0.626192 -0.494362 0.602901
    outer loop
      vertex -13.6135 1.898 2
      vertex -12.6141 1.07847 0.289999
      vertex -13.6132 1.89838 2
    endloop
  endfacet
  facet normal 0.628679 -0.491245 0.60286
    outer loop
      vertex -12.6141 1.07847 0.289999
      vertex -13.6135 1.898 2
      vertex -12.6655 1.01269 0.289999
    endloop
  endfacet
  facet normal -0.550162 0.57785 0.602837
    outer loop
      vertex -9.2904 -2.21725 2
      vertex -9.18438 -2.11631 2
      vertex -10.1583 -1.25962 0.289999
    endloop
  endfacet
  facet normal 0.21276 0.768967 0.602846
    outer loop
      vertex -12.0271 -2.90276 2
      vertex -11.7131 -1.64905 0.289999
      vertex -12.1682 -2.86372 2
    endloop
  endfacet
  facet normal -0.539258 -0.588281 0.6026
    outer loop
      vertex -9.18438 2.11631 2
      vertex -10.0979 1.20208 0.289999
      vertex -9.18402 2.11598 2
    endloop
  endfacet
  facet normal -0.550327 -0.577681 0.602847
    outer loop
      vertex -10.0979 1.20208 0.289999
      vertex -9.18438 2.11631 2
      vertex -10.1583 1.25962 0.289999
    endloop
  endfacet
  facet normal 0.729247 0.323674 0.602855
    outer loop
      vertex -14.0053 -1.27899 2
      vertex -12.8706 -0.650561 0.289999
      vertex -14.0647 -1.14516 2
    endloop
  endfacet
  facet normal -0.629005 0.490843 0.602848
    outer loop
      vertex -8.98651 -1.898 2
      vertex -8.89645 -1.78259 2
      vertex -9.93455 -1.01269 0.289999
    endloop
  endfacet
  facet normal 0.577674 0.550321 0.602859
    outer loop
      vertex -13.4163 -2.11562 2
      vertex -12.5596 -1.14165 0.289999
      vertex -13.5173 -2.0096 2
    endloop
  endfacet
  facet normal 0.64404 -0.471249 0.602609
    outer loop
      vertex -13.7884 1.6621 2
      vertex -12.7135 0.944468 0.289999
      vertex -13.7881 1.66251 2
    endloop
  endfacet
  facet normal 0.674244 -0.426579 0.602848
    outer loop
      vertex -12.7135 0.944468 0.289999
      vertex -13.7884 1.6621 2
      vertex -12.7581 0.873974 0.289999
    endloop
  endfacet
  facet normal 0.744544 0.286741 0.602855
    outer loop
      vertex -14.0647 -1.14516 2
      vertex -12.8706 -0.650561 0.289999
      vertex -14.1173 -1.00858 2
    endloop
  endfacet
  facet normal 0.0976603 0.791855 0.60285
    outer loop
      vertex -11.5933 -2.97803 2
      vertex -11.4666 -1.69181 0.289999
      vertex -11.7386 -2.96011 2
    endloop
  endfacet
  facet normal 0.426829 0.674091 0.602842
    outer loop
      vertex -12.2445 -1.4135 0.289999
      vertex -12.9621 -2.48838 2
      vertex -12.174 -1.45814 0.289999
    endloop
  endfacet
  facet normal 0.434791 0.668909 0.602925
    outer loop
      vertex -12.9621 -2.48838 2
      vertex -12.2445 -1.4135 0.289999
      vertex -12.9625 -2.48812 2
    endloop
  endfacet
  facet normal -0.577842 0.550154 0.602851
    outer loop
      vertex -9.18369 -2.11562 2
      vertex -9.08275 -2.0096 2
      vertex -10.0404 -1.14165 0.289999
    endloop
  endfacet
  facet normal -0.426829 -0.674091 0.602842
    outer loop
      vertex -10.3555 1.4135 0.289999
      vertex -9.6379 2.48838 2
      vertex -10.426 1.45814 0.289999
    endloop
  endfacet
  facet normal -0.427286 -0.673796 0.602848
    outer loop
      vertex -9.6379 2.48838 2
      vertex -10.3555 1.4135 0.289999
      vertex -9.63749 2.48812 2
    endloop
  endfacet
  facet normal 0.0950636 -0.792196 0.602817
    outer loop
      vertex -11.5494 1.6816 0.289999
      vertex -11.7386 2.96011 2
      vertex -11.7391 2.96005 2
    endloop
  endfacet
  facet normal 0.0976433 -0.791858 0.602849
    outer loop
      vertex -11.7386 2.96011 2
      vertex -11.5494 1.6816 0.289999
      vertex -11.4666 1.69181 0.289999
    endloop
  endfacet
  facet normal 0.55033 0.577683 0.602843
    outer loop
      vertex -12.5021 -1.20208 0.289999
      vertex -13.4156 -2.11631 2
      vertex -12.4417 -1.25962 0.289999
    endloop
  endfacet
  facet normal 0.508528 0.616398 0.60121
    outer loop
      vertex -13.4156 -2.11631 2
      vertex -12.5021 -1.20208 0.289999
      vertex -13.416 -2.11598 2
    endloop
  endfacet
  facet normal -0.358796 0.712631 0.602846
    outer loop
      vertex -10.0201 -2.70492 2
      vertex -9.88937 -2.6391 2
      vertex -10.4986 -1.49927 0.289999
    endloop
  endfacet
  facet normal -0.320947 0.729425 0.604096
    outer loop
      vertex -10.4986 -1.49927 0.289999
      vertex -10.0206 -2.70514 2
      vertex -10.0201 -2.70492 2
    endloop
  endfacet
  facet normal -0.358414 0.712815 0.602856
    outer loop
      vertex -10.0206 -2.70514 2
      vertex -10.4986 -1.49927 0.289999
      vertex -10.5732 -1.53678 0.289999
    endloop
  endfacet
  facet normal -0.358414 -0.712815 0.602856
    outer loop
      vertex -10.4986 1.49927 0.289999
      vertex -10.0206 2.70514 2
      vertex -10.5732 1.53678 0.289999
    endloop
  endfacet
  facet normal -0.320947 -0.729425 0.604096
    outer loop
      vertex -10.0206 2.70514 2
      vertex -10.4986 1.49927 0.289999
      vertex -10.0201 2.70492 2
    endloop
  endfacet
  facet normal 0.628901 -0.49098 0.602846
    outer loop
      vertex -12.6655 1.01269 0.289999
      vertex -13.6135 1.898 2
      vertex -13.7036 1.78259 2
    endloop
  endfacet
  facet normal -0.280584 0.748225 0.601192
    outer loop
      vertex -10.7273 -1.60062 0.289999
      vertex -10.4313 -2.86359 2
      vertex -10.4309 -2.86344 2
    endloop
  endfacet
  facet normal -0.250409 0.757541 0.602849
    outer loop
      vertex -10.4313 -2.86359 2
      vertex -10.7273 -1.60062 0.289999
      vertex -10.8065 -1.6268 0.289999
    endloop
  endfacet
  facet normal -0.550162 -0.57785 0.602837
    outer loop
      vertex -9.18438 2.11631 2
      vertex -9.2904 2.21725 2
      vertex -10.1583 1.25962 0.289999
    endloop
  endfacet
  facet normal 0.286982 0.744453 0.602852
    outer loop
      vertex -11.9506 -1.57059 0.289999
      vertex -12.3081 -2.81752 2
      vertex -11.8727 -1.60062 0.289999
    endloop
  endfacet
  facet normal 0.270077 0.750215 0.603519
    outer loop
      vertex -12.3081 -2.81752 2
      vertex -11.9506 -1.57059 0.289999
      vertex -12.3086 -2.81734 2
    endloop
  endfacet
  facet normal 0.287085 0.744415 0.602851
    outer loop
      vertex -12.3086 -2.81734 2
      vertex -11.9506 -1.57059 0.289999
      vertex -12.4452 -2.76466 2
    endloop
  endfacet
  facet normal 0.795737 0.0583197 0.602828
    outer loop
      vertex -14.2781 -0.292827 2
      vertex -12.998 -0.083415 0.289999
      vertex -14.2888 -0.146832 2
    endloop
  endfacet
  facet normal 0.797633 0.019621 0.602824
    outer loop
      vertex -14.2888 -0.146832 2
      vertex -12.998 -0.083415 0.289999
      vertex -14.2924 -0.000484947 2
    endloop
  endfacet
  facet normal 0.628679 0.491245 0.60286
    outer loop
      vertex -13.6135 -1.898 2
      vertex -12.6141 -1.07847 0.289999
      vertex -12.6655 -1.01269 0.289999
    endloop
  endfacet
  facet normal 0.626192 0.494362 0.602901
    outer loop
      vertex -12.6141 -1.07847 0.289999
      vertex -13.6135 -1.898 2
      vertex -13.6132 -1.89838 2
    endloop
  endfacet
  facet normal 0.521277 0.604032 0.602839
    outer loop
      vertex -13.1988 -2.31287 2
      vertex -12.4417 -1.25962 0.289999
      vertex -13.3096 -2.21725 2
    endloop
  endfacet
  facet normal -0.426855 -0.674074 0.602843
    outer loop
      vertex -9.6379 2.48838 2
      vertex -9.76158 2.5667 2
      vertex -10.426 1.45814 0.289999
    endloop
  endfacet
  facet normal 0.791872 0.0975594 0.602844
    outer loop
      vertex -14.2601 -0.438601 2
      vertex -12.9918 -0.166629 0.289999
      vertex -14.278 -0.29331 2
    endloop
  endfacet
  facet normal 0.174828 0.778468 0.602846
    outer loop
      vertex -11.8838 -2.93494 2
      vertex -11.6317 -1.66733 0.289999
      vertex -12.0266 -2.90287 2
    endloop
  endfacet
  facet normal 0.459404 0.652321 0.602847
    outer loop
      vertex -12.9629 -2.48785 2
      vertex -12.3127 -1.36545 0.289999
      vertex -13.0826 -2.40355 2
    endloop
  endfacet
  facet normal 0.694104 0.393454 0.602838
    outer loop
      vertex -13.8669 -1.538 2
      vertex -12.7993 -0.801374 0.289999
      vertex -13.9391 -1.41063 2
    endloop
  endfacet
  facet normal 0.446125 -0.660927 0.603447
    outer loop
      vertex -12.3127 1.36545 0.289999
      vertex -12.9625 2.48812 2
      vertex -12.9629 2.48785 2
    endloop
  endfacet
  facet normal 0.459532 -0.652239 0.602838
    outer loop
      vertex -12.9625 2.48812 2
      vertex -12.3127 1.36545 0.289999
      vertex -12.2445 1.4135 0.289999
    endloop
  endfacet
  facet normal 0.063622 -0.795276 0.6029
    outer loop
      vertex -11.4666 1.69181 0.289999
      vertex -11.5928 2.97807 2
      vertex -11.5933 2.97803 2
    endloop
  endfacet
  facet normal 0.0587204 -0.79569 0.602851
    outer loop
      vertex -11.5928 2.97807 2
      vertex -11.4666 1.69181 0.289999
      vertex -11.3834 1.69795 0.289999
    endloop
  endfacet
  facet normal 0.613776 -0.51148 0.601387
    outer loop
      vertex -13.4163 2.11562 2
      vertex -12.5021 1.20208 0.289999
      vertex -13.416 2.11598 2
    endloop
  endfacet
  facet normal 0.578013 -0.549988 0.602839
    outer loop
      vertex -12.5021 1.20208 0.289999
      vertex -13.4163 2.11562 2
      vertex -12.5596 1.14165 0.289999
    endloop
  endfacet
  facet normal 0.21276 -0.768967 0.602846
    outer loop
      vertex -11.7131 1.64905 0.289999
      vertex -12.0271 2.90276 2
      vertex -12.1682 2.86372 2
    endloop
  endfacet
  facet normal 0.652544 0.459093 0.602843
    outer loop
      vertex -13.7036 -1.78259 2
      vertex -12.6655 -1.01269 0.289999
      vertex -13.7878 -1.66291 2
    endloop
  endfacet
  facet normal 0.497946 -0.622433 0.603843
    outer loop
      vertex -12.4417 1.25962 0.289999
      vertex -13.1984 2.31319 2
      vertex -13.1988 2.31287 2
    endloop
  endfacet
  facet normal 0.521047 -0.604223 0.602846
    outer loop
      vertex -13.1984 2.31319 2
      vertex -12.4417 1.25962 0.289999
      vertex -12.3785 1.31412 0.289999
    endloop
  endfacet
  facet normal 0.250409 0.757541 0.602849
    outer loop
      vertex -11.8727 -1.60062 0.289999
      vertex -12.1687 -2.86359 2
      vertex -11.7935 -1.6268 0.289999
    endloop
  endfacet
  facet normal 0.280584 0.748225 0.601192
    outer loop
      vertex -12.1687 -2.86359 2
      vertex -11.8727 -1.60062 0.289999
      vertex -12.1691 -2.86344 2
    endloop
  endfacet
  facet normal -0.712685 0.35868 0.60285
    outer loop
      vertex -9.80073 -0.801374 0.289999
      vertex -8.59486 -1.27943 2
      vertex -9.76322 -0.726843 0.289999
    endloop
  endfacet
  facet normal -0.713563 0.356781 0.602939
    outer loop
      vertex -8.59486 -1.27943 2
      vertex -9.80073 -0.801374 0.289999
      vertex -8.59508 -1.27987 2
    endloop
  endfacet
  facet normal 0.459404 -0.652321 0.602847
    outer loop
      vertex -12.3127 1.36545 0.289999
      vertex -12.9629 2.48785 2
      vertex -13.0826 2.40355 2
    endloop
  endfacet
  facet normal -0.459532 -0.652238 0.60284
    outer loop
      vertex -10.2873 1.36545 0.289999
      vertex -9.63749 2.48812 2
      vertex -10.3555 1.4135 0.289999
    endloop
  endfacet
  facet normal -0.446125 -0.660926 0.603449
    outer loop
      vertex -9.63749 2.48812 2
      vertex -10.2873 1.36545 0.289999
      vertex -9.63709 2.48785 2
    endloop
  endfacet
  facet normal 0.786041 0.136787 0.602851
    outer loop
      vertex -14.2349 -0.583796 2
      vertex -12.9673 -0.331653 0.289999
      vertex -14.26 -0.43956 2
    endloop
  endfacet
  facet normal 0.778647 0.174068 0.602835
    outer loop
      vertex -14.2029 -0.72663 2
      vertex -12.9491 -0.413066 0.289999
      vertex -12.9673 -0.331653 0.289999
    endloop
  endfacet
  facet normal 0.780788 0.164723 0.602691
    outer loop
      vertex -12.9491 -0.413066 0.289999
      vertex -14.2029 -0.72663 2
      vertex -14.2028 -0.727104 2
    endloop
  endfacet
  facet normal -0.490844 0.629006 0.602846
    outer loop
      vertex -9.51741 -2.40355 2
      vertex -9.402 -2.31349 2
      vertex -10.2873 -1.36545 0.289999
    endloop
  endfacet
  facet normal 0.358862 -0.7126 0.602843
    outer loop
      vertex -12.1014 1.49927 0.289999
      vertex -12.5799 2.70492 2
      vertex -12.7106 2.6391 2
    endloop
  endfacet
  facet normal 0.320947 -0.729425 0.604096
    outer loop
      vertex -12.1014 1.49927 0.289999
      vertex -12.5794 2.70514 2
      vertex -12.5799 2.70492 2
    endloop
  endfacet
  facet normal 0.358414 -0.712815 0.602856
    outer loop
      vertex -12.5794 2.70514 2
      vertex -12.1014 1.49927 0.289999
      vertex -12.0268 1.53678 0.289999
    endloop
  endfacet
  facet normal -0.694194 0.393281 0.602848
    outer loop
      vertex -9.84186 -0.873974 0.289999
      vertex -8.73306 -1.538 2
      vertex -9.80073 -0.801374 0.289999
    endloop
  endfacet
  facet normal -0.692712 0.395836 0.60288
    outer loop
      vertex -8.73306 -1.538 2
      vertex -9.84186 -0.873974 0.289999
      vertex -8.7333 -1.53842 2
    endloop
  endfacet
  facet normal 0.478829 -0.638438 0.602594
    outer loop
      vertex -12.3785 1.31412 0.289999
      vertex -13.198 2.31349 2
      vertex -13.1984 2.31319 2
    endloop
  endfacet
  facet normal 0.490746 -0.629088 0.602841
    outer loop
      vertex -13.198 2.31349 2
      vertex -12.3785 1.31412 0.289999
      vertex -12.3127 1.36545 0.289999
    endloop
  endfacet
  facet normal 0.0159533 0.797667 0.602887
    outer loop
      vertex -11.3 -1.7 0.289999
      vertex -11.3005 -2.99243 2
      vertex -11.3 -2.99244 2
    endloop
  endfacet
  facet normal 0.0196056 0.797615 0.602848
    outer loop
      vertex -11.3005 -2.99243 2
      vertex -11.3 -1.7 0.289999
      vertex -11.3834 -1.69795 0.289999
    endloop
  endfacet
  facet normal 0.270077 -0.750215 0.603519
    outer loop
      vertex -11.9506 1.57059 0.289999
      vertex -12.3081 2.81752 2
      vertex -12.3086 2.81734 2
    endloop
  endfacet
  facet normal 0.286982 -0.744453 0.602852
    outer loop
      vertex -12.3081 2.81752 2
      vertex -11.9506 1.57059 0.289999
      vertex -11.8727 1.60062 0.289999
    endloop
  endfacet
  facet normal 0.250275 -0.757584 0.60285
    outer loop
      vertex -11.8727 1.60062 0.289999
      vertex -12.1691 2.86344 2
      vertex -12.3081 2.81752 2
    endloop
  endfacet
  facet normal -0.604048 0.521252 0.602845
    outer loop
      vertex -10.0404 -1.14165 0.289999
      vertex -8.98681 -1.89838 2
      vertex -9.98588 -1.07847 0.289999
    endloop
  endfacet
  facet normal -0.603492 0.521939 0.602807
    outer loop
      vertex -8.98681 -1.89838 2
      vertex -10.0404 -1.14165 0.289999
      vertex -8.98713 -1.89875 2
    endloop
  endfacet
  facet normal -0.626196 -0.494365 0.602894
    outer loop
      vertex -9.98588 1.07847 0.289999
      vertex -8.98651 1.898 2
      vertex -8.98681 1.89838 2
    endloop
  endfacet
  facet normal -0.629012 -0.490836 0.602847
    outer loop
      vertex -8.98651 1.898 2
      vertex -9.98588 1.07847 0.289999
      vertex -9.93455 1.01269 0.289999
    endloop
  endfacet
  facet normal 0.757617 0.250177 0.60285
    outer loop
      vertex -14.1175 -1.00812 2
      vertex -12.9006 -0.572712 0.289999
      vertex -14.1634 -0.86912 2
    endloop
  endfacet
  facet normal -0.791855 -0.0976664 0.602849
    outer loop
      vertex -8.32197 0.29331 2
      vertex -8.33989 0.438601 2
      vertex -9.60819 0.166629 0.289999
    endloop
  endfacet
  facet normal -0.795081 -0.0658452 0.602918
    outer loop
      vertex -9.60819 0.166629 0.289999
      vertex -8.32193 0.292827 2
      vertex -8.32197 0.29331 2
    endloop
  endfacet
  facet normal -0.795691 -0.0587106 0.60285
    outer loop
      vertex -8.32193 0.292827 2
      vertex -9.60819 0.166629 0.289999
      vertex -9.60205 0.083415 0.289999
    endloop
  endfacet
  facet normal 0.721462 -0.343553 0.601219
    outer loop
      vertex -13.8669 1.538 2
      vertex -12.7581 0.873974 0.289999
      vertex -13.8667 1.53842 2
    endloop
  endfacet
  facet normal 0.693902 -0.393785 0.602855
    outer loop
      vertex -12.7581 0.873974 0.289999
      vertex -13.8669 1.538 2
      vertex -12.7993 0.801374 0.289999
    endloop
  endfacet
  facet normal 0.0195724 0.797615 0.60285
    outer loop
      vertex -11.3005 -2.99243 2
      vertex -11.3834 -1.69795 0.289999
      vertex -11.4468 -2.98884 2
    endloop
  endfacet
  facet normal 0.652529 0.45911 0.602846
    outer loop
      vertex -13.7881 -1.66251 2
      vertex -12.6655 -1.01269 0.289999
      vertex -12.7135 -0.944468 0.289999
    endloop
  endfacet
  facet normal 0.639017 0.479263 0.601634
    outer loop
      vertex -12.6655 -1.01269 0.289999
      vertex -13.7881 -1.66251 2
      vertex -13.7878 -1.66291 2
    endloop
  endfacet
  facet normal 0.674244 0.426579 0.602848
    outer loop
      vertex -13.7884 -1.6621 2
      vertex -12.7135 -0.944468 0.289999
      vertex -12.7581 -0.873974 0.289999
    endloop
  endfacet
  facet normal 0.64404 0.471249 0.602609
    outer loop
      vertex -12.7135 -0.944468 0.289999
      vertex -13.7884 -1.6621 2
      vertex -13.7881 -1.66251 2
    endloop
  endfacet
  facet normal -0.393282 -0.694196 0.602844
    outer loop
      vertex -10.426 1.45814 0.289999
      vertex -9.762 2.56694 2
      vertex -10.4986 1.49927 0.289999
    endloop
  endfacet
  facet normal -0.395837 -0.692715 0.602876
    outer loop
      vertex -9.762 2.56694 2
      vertex -10.426 1.45814 0.289999
      vertex -9.76158 2.5667 2
    endloop
  endfacet
  facet normal -0.393287 -0.694193 0.602844
    outer loop
      vertex -9.762 2.56694 2
      vertex -9.88937 2.6391 2
      vertex -10.4986 1.49927 0.289999
    endloop
  endfacet
  facet normal 0.49087 -0.628985 0.602847
    outer loop
      vertex -12.3127 1.36545 0.289999
      vertex -13.0826 2.40355 2
      vertex -13.198 2.31349 2
    endloop
  endfacet
  facet normal 0.744485 0.286896 0.602854
    outer loop
      vertex -14.1175 -1.00812 2
      vertex -12.8706 -0.650561 0.289999
      vertex -12.9006 -0.572712 0.289999
    endloop
  endfacet
  facet normal 0.732923 0.318662 0.601065
    outer loop
      vertex -12.8706 -0.650561 0.289999
      vertex -14.1175 -1.00812 2
      vertex -14.1173 -1.00858 2
    endloop
  endfacet
  facet normal 0.619229 -0.502077 0.603717
    outer loop
      vertex -13.6132 1.89838 2
      vertex -12.5596 1.14165 0.289999
      vertex -13.6129 1.89875 2
    endloop
  endfacet
  facet normal 0.604138 -0.521138 0.602854
    outer loop
      vertex -12.5596 1.14165 0.289999
      vertex -13.6132 1.89838 2
      vertex -12.6141 1.07847 0.289999
    endloop
  endfacet
  facet normal 0.212801 0.768954 0.602848
    outer loop
      vertex -11.7935 -1.6268 0.289999
      vertex -12.1682 -2.86372 2
      vertex -11.7131 -1.64905 0.289999
    endloop
  endfacet
  facet normal 0.200804 0.772323 0.602656
    outer loop
      vertex -12.1682 -2.86372 2
      vertex -11.7935 -1.6268 0.289999
      vertex -12.1687 -2.86359 2
    endloop
  endfacet
  facet normal 0.712733 0.358609 0.602835
    outer loop
      vertex -14.0051 -1.27943 2
      vertex -12.7993 -0.801374 0.289999
      vertex -12.8368 -0.726843 0.289999
    endloop
  endfacet
  facet normal 0.725628 0.329831 0.603883
    outer loop
      vertex -12.7993 -0.801374 0.289999
      vertex -14.0051 -1.27943 2
      vertex -14.0049 -1.27987 2
    endloop
  endfacet
  facet normal -0.997236 -0.0743007 0
    outer loop
      vertex 12.998 0.083415 0
      vertex 12.9918 0.166629 0.289999
      vertex 12.9918 0.166629 0
    endloop
  endfacet
  facet normal -0.997236 -0.0743007 0
    outer loop
      vertex 12.9918 0.166629 0.289999
      vertex 12.998 0.083415 0
      vertex 12.998 0.083415 0.289999
    endloop
  endfacet
  facet normal -0.999713 -0.0239696 0
    outer loop
      vertex 13 0 0
      vertex 12.998 0.083415 0.289999
      vertex 12.998 0.083415 0
    endloop
  endfacet
  facet normal -0.999713 -0.0239696 0
    outer loop
      vertex 12.998 0.083415 0.289999
      vertex 13 0 0
      vertex 13 0 0.289999
    endloop
  endfacet
  facet normal -0.9925 -0.122247 0
    outer loop
      vertex 12.9918 0.166629 0
      vertex 12.9816 0.249441 0.289999
      vertex 12.9816 0.249441 0
    endloop
  endfacet
  facet normal -0.9925 -0.122247 0
    outer loop
      vertex 12.9816 0.249441 0.289999
      vertex 12.9918 0.166629 0
      vertex 12.9918 0.166629 0.289999
    endloop
  endfacet
  facet normal 0.985268 -0.171018 0
    outer loop
      vertex 9.6184 0.249441 0.289999
      vertex 9.63267 0.331653 0
      vertex 9.63267 0.331653 0.289999
    endloop
  endfacet
  facet normal 0.985268 -0.171018 0
    outer loop
      vertex 9.63267 0.331653 0
      vertex 9.6184 0.249441 0.289999
      vertex 9.6184 0.249441 0
    endloop
  endfacet
  facet normal 0.122382 0.992483 -0
    outer loop
      vertex 11.1334 -1.69181 0
      vertex 11.0506 -1.6816 0.289999
      vertex 11.1334 -1.69181 0.289999
    endloop
  endfacet
  facet normal 0.122382 0.992483 0
    outer loop
      vertex 11.0506 -1.6816 0.289999
      vertex 11.1334 -1.69181 0
      vertex 11.0506 -1.6816 0
    endloop
  endfacet
  facet normal -0.757206 0.653177 0
    outer loop
      vertex 12.5596 -1.14165 0
      vertex 12.6141 -1.07847 0.289999
      vertex 12.6141 -1.07847 0
    endloop
  endfacet
  facet normal -0.757206 0.653177 0
    outer loop
      vertex 12.6141 -1.07847 0.289999
      vertex 12.5596 -1.14165 0
      vertex 12.5596 -1.14165 0.289999
    endloop
  endfacet
  facet normal 0.219113 -0.9757 0
    outer loop
      vertex 10.8869 1.64905 0
      vertex 10.9683 1.66733 0.289999
      vertex 10.8869 1.64905 0.289999
    endloop
  endfacet
  facet normal 0.219113 -0.9757 0
    outer loop
      vertex 10.9683 1.66733 0.289999
      vertex 10.8869 1.64905 0
      vertex 10.9683 1.66733 0
    endloop
  endfacet
  facet normal 0.96379 -0.266661 0
    outer loop
      vertex 9.65095 0.413066 0.289999
      vertex 9.6732 0.493484 0
      vertex 9.6732 0.493484 0.289999
    endloop
  endfacet
  facet normal 0.96379 -0.266661 0
    outer loop
      vertex 9.6732 0.493484 0
      vertex 9.65095 0.413066 0.289999
      vertex 9.65095 0.413066 0
    endloop
  endfacet
  facet normal 0.914225 0.405206 0
    outer loop
      vertex 9.76322 -0.726843 0.289999
      vertex 9.72941 -0.650561 0
      vertex 9.72941 -0.650561 0.289999
    endloop
  endfacet
  facet normal 0.914225 0.405206 0
    outer loop
      vertex 9.72941 -0.650561 0
      vertex 9.76322 -0.726843 0.289999
      vertex 9.76322 -0.726843 0
    endloop
  endfacet
  facet normal -0.949433 -0.313969 0
    outer loop
      vertex 12.9268 0.493484 0
      vertex 12.9006 0.572712 0.289999
      vertex 12.9006 0.572712 0
    endloop
  endfacet
  facet normal -0.949433 -0.313969 0
    outer loop
      vertex 12.9006 0.572712 0.289999
      vertex 12.9268 0.493484 0
      vertex 12.9268 0.493484 0.289999
    endloop
  endfacet
  facet normal -0.985207 0.171367 0
    outer loop
      vertex 12.9673 -0.331653 0
      vertex 12.9816 -0.249441 0.289999
      vertex 12.9816 -0.249441 0
    endloop
  endfacet
  facet normal -0.985207 0.171367 0
    outer loop
      vertex 12.9816 -0.249441 0.289999
      vertex 12.9673 -0.331653 0
      vertex 12.9673 -0.331653 0.289999
    endloop
  endfacet
  facet normal -0.975912 0.218167 0
    outer loop
      vertex 12.9491 -0.413066 0
      vertex 12.9673 -0.331653 0.289999
      vertex 12.9673 -0.331653 0
    endloop
  endfacet
  facet normal -0.975912 0.218167 0
    outer loop
      vertex 12.9673 -0.331653 0.289999
      vertex 12.9491 -0.413066 0
      vertex 12.9491 -0.413066 0.289999
    endloop
  endfacet
  facet normal -0.653058 0.757308 0
    outer loop
      vertex 12.4417 -1.25962 0
      vertex 12.3785 -1.31412 0.289999
      vertex 12.4417 -1.25962 0.289999
    endloop
  endfacet
  facet normal -0.653058 0.757308 0
    outer loop
      vertex 12.3785 -1.31412 0.289999
      vertex 12.4417 -1.25962 0
      vertex 12.3785 -1.31412 0
    endloop
  endfacet
  facet normal 0.757087 0.653314 0
    outer loop
      vertex 10.0404 -1.14165 0.289999
      vertex 9.98588 -1.07847 0
      vertex 9.98588 -1.07847 0.289999
    endloop
  endfacet
  facet normal 0.757087 0.653314 0
    outer loop
      vertex 9.98588 -1.07847 0
      vertex 10.0404 -1.14165 0.289999
      vertex 10.0404 -1.14165 0
    endloop
  endfacet
  facet normal -0.985207 -0.171367 0
    outer loop
      vertex 12.9816 0.249441 0
      vertex 12.9673 0.331653 0.289999
      vertex 12.9673 0.331653 0
    endloop
  endfacet
  facet normal -0.985207 -0.171367 0
    outer loop
      vertex 12.9673 0.331653 0.289999
      vertex 12.9816 0.249441 0
      vertex 12.9816 0.249441 0.289999
    endloop
  endfacet
  facet normal -0.949433 0.313969 0
    outer loop
      vertex 12.9006 -0.572712 0
      vertex 12.9268 -0.493484 0.289999
      vertex 12.9268 -0.493484 0
    endloop
  endfacet
  facet normal -0.949433 0.313969 0
    outer loop
      vertex 12.9268 -0.493484 0.289999
      vertex 12.9006 -0.572712 0
      vertex 12.9006 -0.572712 0.289999
    endloop
  endfacet
  facet normal 0.575954 -0.817482 0
    outer loop
      vertex 10.2873 1.36545 0
      vertex 10.3555 1.4135 0.289999
      vertex 10.2873 1.36545 0.289999
    endloop
  endfacet
  facet normal 0.575954 -0.817482 0
    outer loop
      vertex 10.3555 1.4135 0.289999
      vertex 10.2873 1.36545 0
      vertex 10.3555 1.4135 0
    endloop
  endfacet
  facet normal -0.575954 0.817482 0
    outer loop
      vertex 12.3127 -1.36545 0
      vertex 12.2445 -1.4135 0.289999
      vertex 12.3127 -1.36545 0.289999
    endloop
  endfacet
  facet normal -0.575954 0.817482 0
    outer loop
      vertex 12.2445 -1.4135 0.289999
      vertex 12.3127 -1.36545 0
      vertex 12.2445 -1.4135 0
    endloop
  endfacet
  facet normal -0.405571 -0.914064 0
    outer loop
      vertex 11.9506 1.57059 0
      vertex 12.0268 1.53678 0.289999
      vertex 11.9506 1.57059 0.289999
    endloop
  endfacet
  facet normal -0.405571 -0.914064 -0
    outer loop
      vertex 12.0268 1.53678 0.289999
      vertex 11.9506 1.57059 0
      vertex 12.0268 1.53678 0
    endloop
  endfacet
  facet normal -0.219113 -0.9757 0
    outer loop
      vertex 11.6317 1.66733 0
      vertex 11.7131 1.64905 0.289999
      vertex 11.6317 1.66733 0.289999
    endloop
  endfacet
  facet normal -0.219113 -0.9757 -0
    outer loop
      vertex 11.7131 1.64905 0.289999
      vertex 11.6317 1.66733 0
      vertex 11.7131 1.64905 0
    endloop
  endfacet
  facet normal -0.999713 0.0239696 0
    outer loop
      vertex 12.998 -0.083415 0
      vertex 13 0 0.289999
      vertex 13 0 0
    endloop
  endfacet
  facet normal -0.999713 0.0239696 0
    outer loop
      vertex 13 0 0.289999
      vertex 12.998 -0.083415 0
      vertex 12.998 -0.083415 0.289999
    endloop
  endfacet
  facet normal -0.845069 0.534657 0
    outer loop
      vertex 12.7135 -0.944468 0
      vertex 12.7581 -0.873974 0.289999
      vertex 12.7581 -0.873974 0
    endloop
  endfacet
  facet normal -0.845069 0.534657 0
    outer loop
      vertex 12.7581 -0.873974 0.289999
      vertex 12.7135 -0.944468 0
      vertex 12.7135 -0.944468 0.289999
    endloop
  endfacet
  facet normal 0.405571 0.914064 -0
    outer loop
      vertex 10.6494 -1.57059 0
      vertex 10.5732 -1.53678 0.289999
      vertex 10.6494 -1.57059 0.289999
    endloop
  endfacet
  facet normal 0.405571 0.914064 0
    outer loop
      vertex 10.5732 -1.53678 0.289999
      vertex 10.6494 -1.57059 0
      vertex 10.5732 -1.53678 0
    endloop
  endfacet
  facet normal 0.96379 0.266661 0
    outer loop
      vertex 9.6732 -0.493484 0.289999
      vertex 9.65095 -0.413066 0
      vertex 9.65095 -0.413066 0.289999
    endloop
  endfacet
  facet normal 0.96379 0.266661 0
    outer loop
      vertex 9.65095 -0.413066 0
      vertex 9.6732 -0.493484 0.289999
      vertex 9.6732 -0.493484 0
    endloop
  endfacet
  facet normal 0.985268 0.171018 0
    outer loop
      vertex 9.63267 -0.331653 0.289999
      vertex 9.6184 -0.249441 0
      vertex 9.6184 -0.249441 0.289999
    endloop
  endfacet
  facet normal 0.985268 0.171018 0
    outer loop
      vertex 9.6184 -0.249441 0
      vertex 9.63267 -0.331653 0.289999
      vertex 9.63267 -0.331653 0
    endloop
  endfacet
  facet normal -0.219113 0.9757 0
    outer loop
      vertex 11.7131 -1.64905 0
      vertex 11.6317 -1.66733 0.289999
      vertex 11.7131 -1.64905 0.289999
    endloop
  endfacet
  facet normal -0.219113 0.9757 0
    outer loop
      vertex 11.6317 -1.66733 0.289999
      vertex 11.7131 -1.64905 0
      vertex 11.6317 -1.66733 0
    endloop
  endfacet
  facet normal 0.992485 -0.122365 0
    outer loop
      vertex 9.60819 0.166629 0.289999
      vertex 9.6184 0.249441 0
      vertex 9.6184 0.249441 0.289999
    endloop
  endfacet
  facet normal 0.992485 -0.122365 0
    outer loop
      vertex 9.6184 0.249441 0
      vertex 9.60819 0.166629 0.289999
      vertex 9.60819 0.166629 0
    endloop
  endfacet
  facet normal 0.534967 -0.844873 0
    outer loop
      vertex 10.3555 1.4135 0
      vertex 10.426 1.45814 0.289999
      vertex 10.3555 1.4135 0.289999
    endloop
  endfacet
  facet normal 0.534967 -0.844873 0
    outer loop
      vertex 10.426 1.45814 0.289999
      vertex 10.3555 1.4135 0
      vertex 10.426 1.45814 0
    endloop
  endfacet
  facet normal -0.0735979 0.997288 0
    outer loop
      vertex 11.4666 -1.69181 0
      vertex 11.3834 -1.69795 0.289999
      vertex 11.4666 -1.69181 0.289999
    endloop
  endfacet
  facet normal -0.0735979 0.997288 0
    outer loop
      vertex 11.3834 -1.69795 0.289999
      vertex 11.4666 -1.69181 0
      vertex 11.3834 -1.69795 0
    endloop
  endfacet
  facet normal -0.91427 0.405106 0
    outer loop
      vertex 12.8368 -0.726843 0
      vertex 12.8706 -0.650561 0.289999
      vertex 12.8706 -0.650561 0
    endloop
  endfacet
  facet normal -0.91427 0.405106 0
    outer loop
      vertex 12.8706 -0.650561 0.289999
      vertex 12.8368 -0.726843 0
      vertex 12.8368 -0.726843 0.289999
    endloop
  endfacet
  facet normal 0.870074 -0.492922 0
    outer loop
      vertex 9.80073 0.801374 0.289999
      vertex 9.84186 0.873974 0
      vertex 9.84186 0.873974 0.289999
    endloop
  endfacet
  facet normal 0.870074 -0.492922 0
    outer loop
      vertex 9.84186 0.873974 0
      vertex 9.80073 0.801374 0.289999
      vertex 9.80073 0.801374 0
    endloop
  endfacet
  facet normal -0.313853 -0.949472 0
    outer loop
      vertex 11.7935 1.6268 0
      vertex 11.8727 1.60062 0.289999
      vertex 11.7935 1.6268 0.289999
    endloop
  endfacet
  facet normal -0.313853 -0.949472 -0
    outer loop
      vertex 11.8727 1.60062 0.289999
      vertex 11.7935 1.6268 0
      vertex 11.8727 1.60062 0
    endloop
  endfacet
  facet normal -0.689757 -0.724041 0
    outer loop
      vertex 12.4417 1.25962 0
      vertex 12.5021 1.20208 0.289999
      vertex 12.4417 1.25962 0.289999
    endloop
  endfacet
  facet normal -0.689757 -0.724041 -0
    outer loop
      vertex 12.5021 1.20208 0.289999
      vertex 12.4417 1.25962 0
      vertex 12.5021 1.20208 0
    endloop
  endfacet
  facet normal 0.724451 -0.689326 0
    outer loop
      vertex 10.0404 1.14165 0.289999
      vertex 10.0979 1.20208 0
      vertex 10.0979 1.20208 0.289999
    endloop
  endfacet
  facet normal 0.724451 -0.689326 0
    outer loop
      vertex 10.0979 1.20208 0
      vertex 10.0404 1.14165 0.289999
      vertex 10.0404 1.14165 0
    endloop
  endfacet
  facet normal -0.405571 0.914064 0
    outer loop
      vertex 12.0268 -1.53678 0
      vertex 11.9506 -1.57059 0.289999
      vertex 12.0268 -1.53678 0.289999
    endloop
  endfacet
  facet normal -0.405571 0.914064 0
    outer loop
      vertex 11.9506 -1.57059 0.289999
      vertex 12.0268 -1.53678 0
      vertex 11.9506 -1.57059 0
    endloop
  endfacet
  facet normal 0.405571 -0.914064 0
    outer loop
      vertex 10.5732 1.53678 0
      vertex 10.6494 1.57059 0.289999
      vertex 10.5732 1.53678 0.289999
    endloop
  endfacet
  facet normal 0.405571 -0.914064 0
    outer loop
      vertex 10.6494 1.57059 0.289999
      vertex 10.5732 1.53678 0
      vertex 10.6494 1.57059 0
    endloop
  endfacet
  facet normal -0.869714 0.493557 0
    outer loop
      vertex 12.7581 -0.873974 0
      vertex 12.7993 -0.801374 0.289999
      vertex 12.7993 -0.801374 0
    endloop
  endfacet
  facet normal -0.869714 0.493557 0
    outer loop
      vertex 12.7993 -0.801374 0.289999
      vertex 12.7581 -0.873974 0
      vertex 12.7581 -0.873974 0.289999
    endloop
  endfacet
  facet normal 0.788377 0.615193 0
    outer loop
      vertex 9.98588 -1.07847 0.289999
      vertex 9.93455 -1.01269 0
      vertex 9.93455 -1.01269 0.289999
    endloop
  endfacet
  facet normal 0.788377 0.615193 0
    outer loop
      vertex 9.93455 -1.01269 0
      vertex 9.98588 -1.07847 0.289999
      vertex 9.98588 -1.07847 0
    endloop
  endfacet
  facet normal -0.963636 0.267217 0
    outer loop
      vertex 12.9268 -0.493484 0
      vertex 12.9491 -0.413066 0.289999
      vertex 12.9491 -0.413066 0
    endloop
  endfacet
  facet normal -0.963636 0.267217 0
    outer loop
      vertex 12.9491 -0.413066 0.289999
      vertex 12.9268 -0.493484 0
      vertex 12.9268 -0.493484 0.289999
    endloop
  endfacet
  facet normal -0.0735979 -0.997288 0
    outer loop
      vertex 11.3834 1.69795 0
      vertex 11.4666 1.69181 0.289999
      vertex 11.3834 1.69795 0.289999
    endloop
  endfacet
  facet normal -0.0735979 -0.997288 -0
    outer loop
      vertex 11.4666 1.69181 0.289999
      vertex 11.3834 1.69795 0
      vertex 11.4666 1.69181 0
    endloop
  endfacet
  facet normal -0.78797 -0.615714 0
    outer loop
      vertex 12.6655 1.01269 0
      vertex 12.6141 1.07847 0.289999
      vertex 12.6141 1.07847 0
    endloop
  endfacet
  facet normal -0.78797 -0.615714 0
    outer loop
      vertex 12.6141 1.07847 0.289999
      vertex 12.6655 1.01269 0
      vertex 12.6655 1.01269 0.289999
    endloop
  endfacet
  facet normal 0.788377 -0.615193 0
    outer loop
      vertex 9.93455 1.01269 0.289999
      vertex 9.98588 1.07847 0
      vertex 9.98588 1.07847 0.289999
    endloop
  endfacet
  facet normal 0.788377 -0.615193 0
    outer loop
      vertex 9.98588 1.07847 0
      vertex 9.93455 1.01269 0.289999
      vertex 9.93455 1.01269 0
    endloop
  endfacet
  facet normal 0.266716 0.963775 -0
    outer loop
      vertex 10.8869 -1.64905 0
      vertex 10.8065 -1.6268 0.289999
      vertex 10.8869 -1.64905 0.289999
    endloop
  endfacet
  facet normal 0.266716 0.963775 0
    outer loop
      vertex 10.8065 -1.6268 0.289999
      vertex 10.8869 -1.64905 0
      vertex 10.8065 -1.6268 0
    endloop
  endfacet
  facet normal -0.0245729 0.999698 0
    outer loop
      vertex 11.3834 -1.69795 0
      vertex 11.3 -1.7 0.289999
      vertex 11.3834 -1.69795 0.289999
    endloop
  endfacet
  facet normal -0.0245729 0.999698 0
    outer loop
      vertex 11.3 -1.7 0.289999
      vertex 11.3834 -1.69795 0
      vertex 11.3 -1.7 0
    endloop
  endfacet
  facet normal 0.997289 0.0735856 0
    outer loop
      vertex 9.60819 -0.166629 0.289999
      vertex 9.60205 -0.083415 0
      vertex 9.60205 -0.083415 0.289999
    endloop
  endfacet
  facet normal 0.997289 0.0735856 0
    outer loop
      vertex 9.60205 -0.083415 0
      vertex 9.60819 -0.166629 0.289999
      vertex 9.60819 -0.166629 0
    endloop
  endfacet
  facet normal 0.999698 -0.0245685 0
    outer loop
      vertex 9.6 0 0.289999
      vertex 9.60205 0.083415 0
      vertex 9.60205 0.083415 0.289999
    endloop
  endfacet
  facet normal 0.999698 -0.0245685 0
    outer loop
      vertex 9.60205 0.083415 0
      vertex 9.6 0 0.289999
      vertex 9.6 0 0
    endloop
  endfacet
  facet normal 0.870074 0.492922 0
    outer loop
      vertex 9.84186 -0.873974 0.289999
      vertex 9.80073 -0.801374 0
      vertex 9.80073 -0.801374 0.289999
    endloop
  endfacet
  facet normal 0.870074 0.492922 0
    outer loop
      vertex 9.80073 -0.801374 0
      vertex 9.84186 -0.873974 0.289999
      vertex 9.84186 -0.873974 0
    endloop
  endfacet
  facet normal -0.975912 -0.218167 0
    outer loop
      vertex 12.9673 0.331653 0
      vertex 12.9491 0.413066 0.289999
      vertex 12.9491 0.413066 0
    endloop
  endfacet
  facet normal -0.975912 -0.218167 0
    outer loop
      vertex 12.9491 0.413066 0.289999
      vertex 12.9673 0.331653 0
      vertex 12.9673 0.331653 0.289999
    endloop
  endfacet
  facet normal -0.817852 -0.575429 0
    outer loop
      vertex 12.7135 0.944468 0
      vertex 12.6655 1.01269 0.289999
      vertex 12.6655 1.01269 0
    endloop
  endfacet
  facet normal -0.817852 -0.575429 0
    outer loop
      vertex 12.6655 1.01269 0.289999
      vertex 12.7135 0.944468 0
      vertex 12.7135 0.944468 0.289999
    endloop
  endfacet
  facet normal -0.449224 0.893419 0
    outer loop
      vertex 12.1014 -1.49927 0
      vertex 12.0268 -1.53678 0.289999
      vertex 12.1014 -1.49927 0.289999
    endloop
  endfacet
  facet normal -0.449224 0.893419 0
    outer loop
      vertex 12.0268 -1.53678 0.289999
      vertex 12.1014 -1.49927 0
      vertex 12.0268 -1.53678 0
    endloop
  endfacet
  facet normal 0.0245729 0.999698 -0
    outer loop
      vertex 11.3 -1.7 0
      vertex 11.2166 -1.69795 0.289999
      vertex 11.3 -1.7 0.289999
    endloop
  endfacet
  facet normal 0.0245729 0.999698 0
    outer loop
      vertex 11.2166 -1.69795 0.289999
      vertex 11.3 -1.7 0
      vertex 11.2166 -1.69795 0
    endloop
  endfacet
  facet normal 0.0245729 -0.999698 0
    outer loop
      vertex 11.2166 1.69795 0
      vertex 11.3 1.7 0.289999
      vertex 11.2166 1.69795 0.289999
    endloop
  endfacet
  facet normal 0.0245729 -0.999698 0
    outer loop
      vertex 11.3 1.7 0.289999
      vertex 11.2166 1.69795 0
      vertex 11.3 1.7 0
    endloop
  endfacet
  facet normal 0.997289 -0.0735856 0
    outer loop
      vertex 9.60205 0.083415 0.289999
      vertex 9.60819 0.166629 0
      vertex 9.60819 0.166629 0.289999
    endloop
  endfacet
  facet normal 0.997289 -0.0735856 0
    outer loop
      vertex 9.60819 0.166629 0
      vertex 9.60205 0.083415 0.289999
      vertex 9.60205 0.083415 0
    endloop
  endfacet
  facet normal -0.492922 -0.870074 0
    outer loop
      vertex 12.1014 1.49927 0
      vertex 12.174 1.45814 0.289999
      vertex 12.1014 1.49927 0.289999
    endloop
  endfacet
  facet normal -0.492922 -0.870074 -0
    outer loop
      vertex 12.174 1.45814 0.289999
      vertex 12.1014 1.49927 0
      vertex 12.174 1.45814 0
    endloop
  endfacet
  facet normal 0.449224 0.893419 -0
    outer loop
      vertex 10.5732 -1.53678 0
      vertex 10.4986 -1.49927 0.289999
      vertex 10.5732 -1.53678 0.289999
    endloop
  endfacet
  facet normal 0.449224 0.893419 0
    outer loop
      vertex 10.4986 -1.49927 0.289999
      vertex 10.5732 -1.53678 0
      vertex 10.4986 -1.49927 0
    endloop
  endfacet
  facet normal 0.492922 -0.870074 0
    outer loop
      vertex 10.426 1.45814 0
      vertex 10.4986 1.49927 0.289999
      vertex 10.426 1.45814 0.289999
    endloop
  endfacet
  facet normal 0.492922 -0.870074 0
    outer loop
      vertex 10.4986 1.49927 0.289999
      vertex 10.426 1.45814 0
      vertex 10.4986 1.49927 0
    endloop
  endfacet
  facet normal -0.869714 -0.493557 0
    outer loop
      vertex 12.7993 0.801374 0
      vertex 12.7581 0.873974 0.289999
      vertex 12.7581 0.873974 0
    endloop
  endfacet
  facet normal -0.869714 -0.493557 0
    outer loop
      vertex 12.7581 0.873974 0.289999
      vertex 12.7993 0.801374 0
      vertex 12.7993 0.801374 0.289999
    endloop
  endfacet
  facet normal -0.615076 -0.788467 0
    outer loop
      vertex 12.3127 1.36545 0
      vertex 12.3785 1.31412 0.289999
      vertex 12.3127 1.36545 0.289999
    endloop
  endfacet
  facet normal -0.615076 -0.788467 -0
    outer loop
      vertex 12.3785 1.31412 0.289999
      vertex 12.3127 1.36545 0
      vertex 12.3785 1.31412 0
    endloop
  endfacet
  facet normal -0.534967 -0.844873 0
    outer loop
      vertex 12.174 1.45814 0
      vertex 12.2445 1.4135 0.289999
      vertex 12.174 1.45814 0.289999
    endloop
  endfacet
  facet normal -0.534967 -0.844873 -0
    outer loop
      vertex 12.2445 1.4135 0.289999
      vertex 12.174 1.45814 0
      vertex 12.2445 1.4135 0
    endloop
  endfacet
  facet normal 0.932991 -0.359898 0
    outer loop
      vertex 9.69938 0.572712 0.289999
      vertex 9.72941 0.650561 0
      vertex 9.72941 0.650561 0.289999
    endloop
  endfacet
  facet normal 0.932991 -0.359898 0
    outer loop
      vertex 9.72941 0.650561 0
      vertex 9.69938 0.572712 0.289999
      vertex 9.69938 0.572712 0
    endloop
  endfacet
  facet normal 0.0735979 0.997288 -0
    outer loop
      vertex 11.2166 -1.69795 0
      vertex 11.1334 -1.69181 0.289999
      vertex 11.2166 -1.69795 0.289999
    endloop
  endfacet
  facet normal 0.0735979 0.997288 0
    outer loop
      vertex 11.1334 -1.69181 0.289999
      vertex 11.2166 -1.69795 0
      vertex 11.1334 -1.69181 0
    endloop
  endfacet
  facet normal -0.8933 -0.449461 0
    outer loop
      vertex 12.8368 0.726843 0
      vertex 12.7993 0.801374 0.289999
      vertex 12.7993 0.801374 0
    endloop
  endfacet
  facet normal -0.8933 -0.449461 0
    outer loop
      vertex 12.7993 0.801374 0.289999
      vertex 12.8368 0.726843 0
      vertex 12.8368 0.726843 0.289999
    endloop
  endfacet
  facet normal -0.449224 -0.893419 0
    outer loop
      vertex 12.0268 1.53678 0
      vertex 12.1014 1.49927 0.289999
      vertex 12.0268 1.53678 0.289999
    endloop
  endfacet
  facet normal -0.449224 -0.893419 -0
    outer loop
      vertex 12.1014 1.49927 0.289999
      vertex 12.0268 1.53678 0
      vertex 12.1014 1.49927 0
    endloop
  endfacet
  facet normal 0.653058 -0.757308 0
    outer loop
      vertex 10.1583 1.25962 0
      vertex 10.2215 1.31412 0.289999
      vertex 10.1583 1.25962 0.289999
    endloop
  endfacet
  facet normal 0.653058 -0.757308 0
    outer loop
      vertex 10.2215 1.31412 0.289999
      vertex 10.1583 1.25962 0
      vertex 10.2215 1.31412 0
    endloop
  endfacet
  facet normal -0.845069 -0.534657 0
    outer loop
      vertex 12.7581 0.873974 0
      vertex 12.7135 0.944468 0.289999
      vertex 12.7135 0.944468 0
    endloop
  endfacet
  facet normal -0.845069 -0.534657 0
    outer loop
      vertex 12.7135 0.944468 0.289999
      vertex 12.7581 0.873974 0
      vertex 12.7581 0.873974 0.289999
    endloop
  endfacet
  facet normal -0.653058 -0.757308 0
    outer loop
      vertex 12.3785 1.31412 0
      vertex 12.4417 1.25962 0.289999
      vertex 12.3785 1.31412 0.289999
    endloop
  endfacet
  facet normal -0.653058 -0.757308 -0
    outer loop
      vertex 12.4417 1.25962 0.289999
      vertex 12.3785 1.31412 0
      vertex 12.4417 1.25962 0
    endloop
  endfacet
  facet normal 0.757087 -0.653314 0
    outer loop
      vertex 9.98588 1.07847 0.289999
      vertex 10.0404 1.14165 0
      vertex 10.0404 1.14165 0.289999
    endloop
  endfacet
  facet normal 0.757087 -0.653314 0
    outer loop
      vertex 10.0404 1.14165 0
      vertex 9.98588 1.07847 0.289999
      vertex 9.98588 1.07847 0
    endloop
  endfacet
  facet normal -0.359693 0.933071 0
    outer loop
      vertex 11.9506 -1.57059 0
      vertex 11.8727 -1.60062 0.289999
      vertex 11.9506 -1.57059 0.289999
    endloop
  endfacet
  facet normal -0.359693 0.933071 0
    outer loop
      vertex 11.8727 -1.60062 0.289999
      vertex 11.9506 -1.57059 0
      vertex 11.8727 -1.60062 0
    endloop
  endfacet
  facet normal -0.997236 0.0743007 0
    outer loop
      vertex 12.9918 -0.166629 0
      vertex 12.998 -0.083415 0.289999
      vertex 12.998 -0.083415 0
    endloop
  endfacet
  facet normal -0.997236 0.0743007 0
    outer loop
      vertex 12.998 -0.083415 0.289999
      vertex 12.9918 -0.166629 0
      vertex 12.9918 -0.166629 0.289999
    endloop
  endfacet
  facet normal -0.359693 -0.933071 0
    outer loop
      vertex 11.8727 1.60062 0
      vertex 11.9506 1.57059 0.289999
      vertex 11.8727 1.60062 0.289999
    endloop
  endfacet
  facet normal -0.359693 -0.933071 -0
    outer loop
      vertex 11.9506 1.57059 0.289999
      vertex 11.8727 1.60062 0
      vertex 11.9506 1.57059 0
    endloop
  endfacet
  facet normal -0.963636 -0.267217 0
    outer loop
      vertex 12.9491 0.413066 0
      vertex 12.9268 0.493484 0.289999
      vertex 12.9268 0.493484 0
    endloop
  endfacet
  facet normal -0.963636 -0.267217 0
    outer loop
      vertex 12.9268 0.493484 0.289999
      vertex 12.9491 0.413066 0
      vertex 12.9491 0.413066 0.289999
    endloop
  endfacet
  facet normal -0.817852 0.575429 0
    outer loop
      vertex 12.6655 -1.01269 0
      vertex 12.7135 -0.944468 0.289999
      vertex 12.7135 -0.944468 0
    endloop
  endfacet
  facet normal -0.817852 0.575429 0
    outer loop
      vertex 12.7135 -0.944468 0.289999
      vertex 12.6655 -1.01269 0
      vertex 12.6655 -1.01269 0.289999
    endloop
  endfacet
  facet normal -0.9925 0.122247 0
    outer loop
      vertex 12.9816 -0.249441 0
      vertex 12.9918 -0.166629 0.289999
      vertex 12.9918 -0.166629 0
    endloop
  endfacet
  facet normal -0.9925 0.122247 0
    outer loop
      vertex 12.9918 -0.166629 0.289999
      vertex 12.9816 -0.249441 0
      vertex 12.9816 -0.249441 0.289999
    endloop
  endfacet
  facet normal 0.313853 0.949472 -0
    outer loop
      vertex 10.8065 -1.6268 0
      vertex 10.7273 -1.60062 0.289999
      vertex 10.8065 -1.6268 0.289999
    endloop
  endfacet
  facet normal 0.313853 0.949472 0
    outer loop
      vertex 10.7273 -1.60062 0.289999
      vertex 10.8065 -1.6268 0
      vertex 10.7273 -1.60062 0
    endloop
  endfacet
  facet normal -0.0245729 -0.999698 0
    outer loop
      vertex 11.3 1.7 0
      vertex 11.3834 1.69795 0.289999
      vertex 11.3 1.7 0.289999
    endloop
  endfacet
  facet normal -0.0245729 -0.999698 -0
    outer loop
      vertex 11.3834 1.69795 0.289999
      vertex 11.3 1.7 0
      vertex 11.3834 1.69795 0
    endloop
  endfacet
  facet normal -0.575954 -0.817482 0
    outer loop
      vertex 12.2445 1.4135 0
      vertex 12.3127 1.36545 0.289999
      vertex 12.2445 1.4135 0.289999
    endloop
  endfacet
  facet normal -0.575954 -0.817482 -0
    outer loop
      vertex 12.3127 1.36545 0.289999
      vertex 12.2445 1.4135 0
      vertex 12.3127 1.36545 0
    endloop
  endfacet
  facet normal 0.359693 -0.933071 0
    outer loop
      vertex 10.6494 1.57059 0
      vertex 10.7273 1.60062 0.289999
      vertex 10.6494 1.57059 0.289999
    endloop
  endfacet
  facet normal 0.359693 -0.933071 0
    outer loop
      vertex 10.7273 1.60062 0.289999
      vertex 10.6494 1.57059 0
      vertex 10.7273 1.60062 0
    endloop
  endfacet
  facet normal 0.359693 0.933071 -0
    outer loop
      vertex 10.7273 -1.60062 0
      vertex 10.6494 -1.57059 0.289999
      vertex 10.7273 -1.60062 0.289999
    endloop
  endfacet
  facet normal 0.359693 0.933071 0
    outer loop
      vertex 10.6494 -1.57059 0.289999
      vertex 10.7273 -1.60062 0
      vertex 10.6494 -1.57059 0
    endloop
  endfacet
  facet normal 0.844853 0.534999 0
    outer loop
      vertex 9.8865 -0.944468 0.289999
      vertex 9.84186 -0.873974 0
      vertex 9.84186 -0.873974 0.289999
    endloop
  endfacet
  facet normal 0.844853 0.534999 0
    outer loop
      vertex 9.84186 -0.873974 0
      vertex 9.8865 -0.944468 0.289999
      vertex 9.8865 -0.944468 0
    endloop
  endfacet
  facet normal -0.933112 0.359585 0
    outer loop
      vertex 12.8706 -0.650561 0
      vertex 12.9006 -0.572712 0.289999
      vertex 12.9006 -0.572712 0
    endloop
  endfacet
  facet normal -0.933112 0.359585 0
    outer loop
      vertex 12.9006 -0.572712 0.289999
      vertex 12.8706 -0.650561 0
      vertex 12.8706 -0.650561 0.289999
    endloop
  endfacet
  facet normal -0.724451 -0.689326 0
    outer loop
      vertex 12.5596 1.14165 0
      vertex 12.5021 1.20208 0.289999
      vertex 12.5021 1.20208 0
    endloop
  endfacet
  facet normal -0.724451 -0.689326 0
    outer loop
      vertex 12.5021 1.20208 0.289999
      vertex 12.5596 1.14165 0
      vertex 12.5596 1.14165 0.289999
    endloop
  endfacet
  facet normal 0.170841 -0.985299 0
    outer loop
      vertex 10.9683 1.66733 0
      vertex 11.0506 1.6816 0.289999
      vertex 10.9683 1.66733 0.289999
    endloop
  endfacet
  facet normal 0.170841 -0.985299 0
    outer loop
      vertex 11.0506 1.6816 0.289999
      vertex 10.9683 1.66733 0
      vertex 11.0506 1.6816 0
    endloop
  endfacet
  facet normal -0.757206 -0.653177 0
    outer loop
      vertex 12.6141 1.07847 0
      vertex 12.5596 1.14165 0.289999
      vertex 12.5596 1.14165 0
    endloop
  endfacet
  facet normal -0.757206 -0.653177 0
    outer loop
      vertex 12.5596 1.14165 0.289999
      vertex 12.6141 1.07847 0
      vertex 12.6141 1.07847 0.289999
    endloop
  endfacet
  facet normal 0.992485 0.122365 0
    outer loop
      vertex 9.6184 -0.249441 0.289999
      vertex 9.60819 -0.166629 0
      vertex 9.60819 -0.166629 0.289999
    endloop
  endfacet
  facet normal 0.992485 0.122365 0
    outer loop
      vertex 9.60819 -0.166629 0
      vertex 9.6184 -0.249441 0.289999
      vertex 9.6184 -0.249441 0
    endloop
  endfacet
  facet normal 0.689757 -0.724041 0
    outer loop
      vertex 10.0979 1.20208 0
      vertex 10.1583 1.25962 0.289999
      vertex 10.0979 1.20208 0.289999
    endloop
  endfacet
  facet normal 0.689757 -0.724041 0
    outer loop
      vertex 10.1583 1.25962 0.289999
      vertex 10.0979 1.20208 0
      vertex 10.1583 1.25962 0
    endloop
  endfacet
  facet normal 0.844853 -0.534999 0
    outer loop
      vertex 9.84186 0.873974 0.289999
      vertex 9.8865 0.944468 0
      vertex 9.8865 0.944468 0.289999
    endloop
  endfacet
  facet normal 0.844853 -0.534999 0
    outer loop
      vertex 9.8865 0.944468 0
      vertex 9.84186 0.873974 0.289999
      vertex 9.84186 0.873974 0
    endloop
  endfacet
  facet normal -0.170841 0.985299 0
    outer loop
      vertex 11.6317 -1.66733 0
      vertex 11.5494 -1.6816 0.289999
      vertex 11.6317 -1.66733 0.289999
    endloop
  endfacet
  facet normal -0.170841 0.985299 0
    outer loop
      vertex 11.5494 -1.6816 0.289999
      vertex 11.6317 -1.66733 0
      vertex 11.5494 -1.6816 0
    endloop
  endfacet
  facet normal -0.122382 -0.992483 0
    outer loop
      vertex 11.4666 1.69181 0
      vertex 11.5494 1.6816 0.289999
      vertex 11.4666 1.69181 0.289999
    endloop
  endfacet
  facet normal -0.122382 -0.992483 -0
    outer loop
      vertex 11.5494 1.6816 0.289999
      vertex 11.4666 1.69181 0
      vertex 11.5494 1.6816 0
    endloop
  endfacet
  facet normal 0.492922 0.870074 -0
    outer loop
      vertex 10.4986 -1.49927 0
      vertex 10.426 -1.45814 0.289999
      vertex 10.4986 -1.49927 0.289999
    endloop
  endfacet
  facet normal 0.492922 0.870074 0
    outer loop
      vertex 10.426 -1.45814 0.289999
      vertex 10.4986 -1.49927 0
      vertex 10.426 -1.45814 0
    endloop
  endfacet
  facet normal 0.999698 0.0245685 0
    outer loop
      vertex 9.60205 -0.083415 0.289999
      vertex 9.6 0 0
      vertex 9.6 0 0.289999
    endloop
  endfacet
  facet normal 0.999698 0.0245685 0
    outer loop
      vertex 9.6 0 0
      vertex 9.60205 -0.083415 0.289999
      vertex 9.60205 -0.083415 0
    endloop
  endfacet
  facet normal -0.78797 0.615714 0
    outer loop
      vertex 12.6141 -1.07847 0
      vertex 12.6655 -1.01269 0.289999
      vertex 12.6655 -1.01269 0
    endloop
  endfacet
  facet normal -0.78797 0.615714 0
    outer loop
      vertex 12.6655 -1.01269 0.289999
      vertex 12.6141 -1.07847 0
      vertex 12.6141 -1.07847 0.289999
    endloop
  endfacet
  facet normal 0.122382 -0.992483 0
    outer loop
      vertex 11.0506 1.6816 0
      vertex 11.1334 1.69181 0.289999
      vertex 11.0506 1.6816 0.289999
    endloop
  endfacet
  facet normal 0.122382 -0.992483 0
    outer loop
      vertex 11.1334 1.69181 0.289999
      vertex 11.0506 1.6816 0
      vertex 11.1334 1.69181 0
    endloop
  endfacet
  facet normal 0.0735979 -0.997288 0
    outer loop
      vertex 11.1334 1.69181 0
      vertex 11.2166 1.69795 0.289999
      vertex 11.1334 1.69181 0.289999
    endloop
  endfacet
  facet normal 0.0735979 -0.997288 0
    outer loop
      vertex 11.2166 1.69795 0.289999
      vertex 11.1334 1.69181 0
      vertex 11.2166 1.69795 0
    endloop
  endfacet
  facet normal -0.91427 -0.405106 0
    outer loop
      vertex 12.8706 0.650561 0
      vertex 12.8368 0.726843 0.289999
      vertex 12.8368 0.726843 0
    endloop
  endfacet
  facet normal -0.91427 -0.405106 0
    outer loop
      vertex 12.8368 0.726843 0.289999
      vertex 12.8706 0.650561 0
      vertex 12.8706 0.650561 0.289999
    endloop
  endfacet
  facet normal -0.933112 -0.359585 0
    outer loop
      vertex 12.9006 0.572712 0
      vertex 12.8706 0.650561 0.289999
      vertex 12.8706 0.650561 0
    endloop
  endfacet
  facet normal -0.933112 -0.359585 0
    outer loop
      vertex 12.8706 0.650561 0.289999
      vertex 12.9006 0.572712 0
      vertex 12.9006 0.572712 0.289999
    endloop
  endfacet
  facet normal -0.492922 0.870074 0
    outer loop
      vertex 12.174 -1.45814 0
      vertex 12.1014 -1.49927 0.289999
      vertex 12.174 -1.45814 0.289999
    endloop
  endfacet
  facet normal -0.492922 0.870074 0
    outer loop
      vertex 12.1014 -1.49927 0.289999
      vertex 12.174 -1.45814 0
      vertex 12.1014 -1.49927 0
    endloop
  endfacet
  facet normal -0.615076 0.788467 0
    outer loop
      vertex 12.3785 -1.31412 0
      vertex 12.3127 -1.36545 0.289999
      vertex 12.3785 -1.31412 0.289999
    endloop
  endfacet
  facet normal -0.615076 0.788467 0
    outer loop
      vertex 12.3127 -1.36545 0.289999
      vertex 12.3785 -1.31412 0
      vertex 12.3127 -1.36545 0
    endloop
  endfacet
  facet normal 0.975707 -0.21908 0
    outer loop
      vertex 9.63267 0.331653 0.289999
      vertex 9.65095 0.413066 0
      vertex 9.65095 0.413066 0.289999
    endloop
  endfacet
  facet normal 0.975707 -0.21908 0
    outer loop
      vertex 9.65095 0.413066 0
      vertex 9.63267 0.331653 0.289999
      vertex 9.63267 0.331653 0
    endloop
  endfacet
  facet normal 0.975707 0.21908 0
    outer loop
      vertex 9.65095 -0.413066 0.289999
      vertex 9.63267 -0.331653 0
      vertex 9.63267 -0.331653 0.289999
    endloop
  endfacet
  facet normal 0.975707 0.21908 0
    outer loop
      vertex 9.63267 -0.331653 0
      vertex 9.65095 -0.413066 0.289999
      vertex 9.65095 -0.413066 0
    endloop
  endfacet
  facet normal -0.534967 0.844873 0
    outer loop
      vertex 12.2445 -1.4135 0
      vertex 12.174 -1.45814 0.289999
      vertex 12.2445 -1.4135 0.289999
    endloop
  endfacet
  facet normal -0.534967 0.844873 0
    outer loop
      vertex 12.174 -1.45814 0.289999
      vertex 12.2445 -1.4135 0
      vertex 12.174 -1.45814 0
    endloop
  endfacet
  facet normal 0.81757 0.575829 0
    outer loop
      vertex 9.93455 -1.01269 0.289999
      vertex 9.8865 -0.944468 0
      vertex 9.8865 -0.944468 0.289999
    endloop
  endfacet
  facet normal 0.81757 0.575829 0
    outer loop
      vertex 9.8865 -0.944468 0
      vertex 9.93455 -1.01269 0.289999
      vertex 9.93455 -1.01269 0
    endloop
  endfacet
  facet normal 0.266716 -0.963775 0
    outer loop
      vertex 10.8065 1.6268 0
      vertex 10.8869 1.64905 0.289999
      vertex 10.8065 1.6268 0.289999
    endloop
  endfacet
  facet normal 0.266716 -0.963775 0
    outer loop
      vertex 10.8869 1.64905 0.289999
      vertex 10.8065 1.6268 0
      vertex 10.8869 1.64905 0
    endloop
  endfacet
  facet normal 0.575954 0.817482 -0
    outer loop
      vertex 10.3555 -1.4135 0
      vertex 10.2873 -1.36545 0.289999
      vertex 10.3555 -1.4135 0.289999
    endloop
  endfacet
  facet normal 0.575954 0.817482 0
    outer loop
      vertex 10.2873 -1.36545 0.289999
      vertex 10.3555 -1.4135 0
      vertex 10.2873 -1.36545 0
    endloop
  endfacet
  facet normal 0.724451 0.689326 0
    outer loop
      vertex 10.0979 -1.20208 0.289999
      vertex 10.0404 -1.14165 0
      vertex 10.0404 -1.14165 0.289999
    endloop
  endfacet
  facet normal 0.724451 0.689326 0
    outer loop
      vertex 10.0404 -1.14165 0
      vertex 10.0979 -1.20208 0.289999
      vertex 10.0979 -1.20208 0
    endloop
  endfacet
  facet normal 0.689757 0.724041 -0
    outer loop
      vertex 10.1583 -1.25962 0
      vertex 10.0979 -1.20208 0.289999
      vertex 10.1583 -1.25962 0.289999
    endloop
  endfacet
  facet normal 0.689757 0.724041 0
    outer loop
      vertex 10.0979 -1.20208 0.289999
      vertex 10.1583 -1.25962 0
      vertex 10.0979 -1.20208 0
    endloop
  endfacet
  facet normal -0.122382 0.992483 0
    outer loop
      vertex 11.5494 -1.6816 0
      vertex 11.4666 -1.69181 0.289999
      vertex 11.5494 -1.6816 0.289999
    endloop
  endfacet
  facet normal -0.122382 0.992483 0
    outer loop
      vertex 11.4666 -1.69181 0.289999
      vertex 11.5494 -1.6816 0
      vertex 11.4666 -1.69181 0
    endloop
  endfacet
  facet normal 0.653058 0.757308 -0
    outer loop
      vertex 10.2215 -1.31412 0
      vertex 10.1583 -1.25962 0.289999
      vertex 10.2215 -1.31412 0.289999
    endloop
  endfacet
  facet normal 0.653058 0.757308 0
    outer loop
      vertex 10.1583 -1.25962 0.289999
      vertex 10.2215 -1.31412 0
      vertex 10.1583 -1.25962 0
    endloop
  endfacet
  facet normal 0.615076 0.788467 -0
    outer loop
      vertex 10.2873 -1.36545 0
      vertex 10.2215 -1.31412 0.289999
      vertex 10.2873 -1.36545 0.289999
    endloop
  endfacet
  facet normal 0.615076 0.788467 0
    outer loop
      vertex 10.2215 -1.31412 0.289999
      vertex 10.2873 -1.36545 0
      vertex 10.2215 -1.31412 0
    endloop
  endfacet
  facet normal -0.8933 0.449461 0
    outer loop
      vertex 12.7993 -0.801374 0
      vertex 12.8368 -0.726843 0.289999
      vertex 12.8368 -0.726843 0
    endloop
  endfacet
  facet normal -0.8933 0.449461 0
    outer loop
      vertex 12.8368 -0.726843 0.289999
      vertex 12.7993 -0.801374 0
      vertex 12.7993 -0.801374 0.289999
    endloop
  endfacet
  facet normal 0.615076 -0.788467 0
    outer loop
      vertex 10.2215 1.31412 0
      vertex 10.2873 1.36545 0.289999
      vertex 10.2215 1.31412 0.289999
    endloop
  endfacet
  facet normal 0.615076 -0.788467 0
    outer loop
      vertex 10.2873 1.36545 0.289999
      vertex 10.2215 1.31412 0
      vertex 10.2873 1.36545 0
    endloop
  endfacet
  facet normal -0.313853 0.949472 0
    outer loop
      vertex 11.8727 -1.60062 0
      vertex 11.7935 -1.6268 0.289999
      vertex 11.8727 -1.60062 0.289999
    endloop
  endfacet
  facet normal -0.313853 0.949472 0
    outer loop
      vertex 11.7935 -1.6268 0.289999
      vertex 11.8727 -1.60062 0
      vertex 11.7935 -1.6268 0
    endloop
  endfacet
  facet normal 0.932991 0.359898 0
    outer loop
      vertex 9.72941 -0.650561 0.289999
      vertex 9.69938 -0.572712 0
      vertex 9.69938 -0.572712 0.289999
    endloop
  endfacet
  facet normal 0.932991 0.359898 0
    outer loop
      vertex 9.69938 -0.572712 0
      vertex 9.72941 -0.650561 0.289999
      vertex 9.72941 -0.650561 0
    endloop
  endfacet
  facet normal 0.949505 -0.313753 0
    outer loop
      vertex 9.6732 0.493484 0.289999
      vertex 9.69938 0.572712 0
      vertex 9.69938 0.572712 0.289999
    endloop
  endfacet
  facet normal 0.949505 -0.313753 0
    outer loop
      vertex 9.69938 0.572712 0
      vertex 9.6732 0.493484 0.289999
      vertex 9.6732 0.493484 0
    endloop
  endfacet
  facet normal 0.313853 -0.949472 0
    outer loop
      vertex 10.7273 1.60062 0
      vertex 10.8065 1.6268 0.289999
      vertex 10.7273 1.60062 0.289999
    endloop
  endfacet
  facet normal 0.313853 -0.949472 0
    outer loop
      vertex 10.8065 1.6268 0.289999
      vertex 10.7273 1.60062 0
      vertex 10.8065 1.6268 0
    endloop
  endfacet
  facet normal 0.219113 0.9757 -0
    outer loop
      vertex 10.9683 -1.66733 0
      vertex 10.8869 -1.64905 0.289999
      vertex 10.9683 -1.66733 0.289999
    endloop
  endfacet
  facet normal 0.219113 0.9757 0
    outer loop
      vertex 10.8869 -1.64905 0.289999
      vertex 10.9683 -1.66733 0
      vertex 10.8869 -1.64905 0
    endloop
  endfacet
  facet normal -0.266716 -0.963775 0
    outer loop
      vertex 11.7131 1.64905 0
      vertex 11.7935 1.6268 0.289999
      vertex 11.7131 1.64905 0.289999
    endloop
  endfacet
  facet normal -0.266716 -0.963775 -0
    outer loop
      vertex 11.7935 1.6268 0.289999
      vertex 11.7131 1.64905 0
      vertex 11.7935 1.6268 0
    endloop
  endfacet
  facet normal 0.170841 0.985299 -0
    outer loop
      vertex 11.0506 -1.6816 0
      vertex 10.9683 -1.66733 0.289999
      vertex 11.0506 -1.6816 0.289999
    endloop
  endfacet
  facet normal 0.170841 0.985299 0
    outer loop
      vertex 10.9683 -1.66733 0.289999
      vertex 11.0506 -1.6816 0
      vertex 10.9683 -1.66733 0
    endloop
  endfacet
  facet normal 0.81757 -0.575829 0
    outer loop
      vertex 9.8865 0.944468 0.289999
      vertex 9.93455 1.01269 0
      vertex 9.93455 1.01269 0.289999
    endloop
  endfacet
  facet normal 0.81757 -0.575829 0
    outer loop
      vertex 9.93455 1.01269 0
      vertex 9.8865 0.944468 0.289999
      vertex 9.8865 0.944468 0
    endloop
  endfacet
  facet normal -0.724451 0.689326 0
    outer loop
      vertex 12.5021 -1.20208 0
      vertex 12.5596 -1.14165 0.289999
      vertex 12.5596 -1.14165 0
    endloop
  endfacet
  facet normal -0.724451 0.689326 0
    outer loop
      vertex 12.5596 -1.14165 0.289999
      vertex 12.5021 -1.20208 0
      vertex 12.5021 -1.20208 0.289999
    endloop
  endfacet
  facet normal 0.534967 0.844873 -0
    outer loop
      vertex 10.426 -1.45814 0
      vertex 10.3555 -1.4135 0.289999
      vertex 10.426 -1.45814 0.289999
    endloop
  endfacet
  facet normal 0.534967 0.844873 0
    outer loop
      vertex 10.3555 -1.4135 0.289999
      vertex 10.426 -1.45814 0
      vertex 10.3555 -1.4135 0
    endloop
  endfacet
  facet normal -0.689757 0.724041 0
    outer loop
      vertex 12.5021 -1.20208 0
      vertex 12.4417 -1.25962 0.289999
      vertex 12.5021 -1.20208 0.289999
    endloop
  endfacet
  facet normal -0.689757 0.724041 0
    outer loop
      vertex 12.4417 -1.25962 0.289999
      vertex 12.5021 -1.20208 0
      vertex 12.4417 -1.25962 0
    endloop
  endfacet
  facet normal -0.266716 0.963775 0
    outer loop
      vertex 11.7935 -1.6268 0
      vertex 11.7131 -1.64905 0.289999
      vertex 11.7935 -1.6268 0.289999
    endloop
  endfacet
  facet normal -0.266716 0.963775 0
    outer loop
      vertex 11.7131 -1.64905 0.289999
      vertex 11.7935 -1.6268 0
      vertex 11.7131 -1.64905 0
    endloop
  endfacet
  facet normal 0.949505 0.313753 0
    outer loop
      vertex 9.69938 -0.572712 0.289999
      vertex 9.6732 -0.493484 0
      vertex 9.6732 -0.493484 0.289999
    endloop
  endfacet
  facet normal 0.949505 0.313753 0
    outer loop
      vertex 9.6732 -0.493484 0
      vertex 9.69938 -0.572712 0.289999
      vertex 9.69938 -0.572712 0
    endloop
  endfacet
  facet normal 0.893252 0.449556 0
    outer loop
      vertex 9.80073 -0.801374 0.289999
      vertex 9.76322 -0.726843 0
      vertex 9.76322 -0.726843 0.289999
    endloop
  endfacet
  facet normal 0.893252 0.449556 0
    outer loop
      vertex 9.76322 -0.726843 0
      vertex 9.80073 -0.801374 0.289999
      vertex 9.80073 -0.801374 0
    endloop
  endfacet
  facet normal 0.449224 -0.893419 0
    outer loop
      vertex 10.4986 1.49927 0
      vertex 10.5732 1.53678 0.289999
      vertex 10.4986 1.49927 0.289999
    endloop
  endfacet
  facet normal 0.449224 -0.893419 0
    outer loop
      vertex 10.5732 1.53678 0.289999
      vertex 10.4986 1.49927 0
      vertex 10.5732 1.53678 0
    endloop
  endfacet
  facet normal 0.914225 -0.405206 0
    outer loop
      vertex 9.72941 0.650561 0.289999
      vertex 9.76322 0.726843 0
      vertex 9.76322 0.726843 0.289999
    endloop
  endfacet
  facet normal 0.914225 -0.405206 0
    outer loop
      vertex 9.76322 0.726843 0
      vertex 9.72941 0.650561 0.289999
      vertex 9.72941 0.650561 0
    endloop
  endfacet
  facet normal 0.893252 -0.449556 0
    outer loop
      vertex 9.76322 0.726843 0.289999
      vertex 9.80073 0.801374 0
      vertex 9.80073 0.801374 0.289999
    endloop
  endfacet
  facet normal 0.893252 -0.449556 0
    outer loop
      vertex 9.80073 0.801374 0
      vertex 9.76322 0.726843 0.289999
      vertex 9.76322 0.726843 0
    endloop
  endfacet
  facet normal -0.170841 -0.985299 0
    outer loop
      vertex 11.5494 1.6816 0
      vertex 11.6317 1.66733 0.289999
      vertex 11.5494 1.6816 0.289999
    endloop
  endfacet
  facet normal -0.170841 -0.985299 -0
    outer loop
      vertex 11.6317 1.66733 0.289999
      vertex 11.5494 1.6816 0
      vertex 11.6317 1.66733 0
    endloop
  endfacet
  facet normal -0.797629 -0.0191244 0.602845
    outer loop
      vertex 13 0 0.289999
      vertex 14.2924 0.000484947 2
      vertex 12.998 0.083415 0.289999
    endloop
  endfacet
  facet normal -0.797778 0 0.602952
    outer loop
      vertex 14.2924 0.000484947 2
      vertex 13 0 0.289999
      vertex 14.2924 0 2
    endloop
  endfacet
  facet normal 0.791855 -0.0976664 0.602849
    outer loop
      vertex 9.60819 0.166629 0.289999
      vertex 8.33989 0.438601 2
      vertex 8.32197 0.29331 2
    endloop
  endfacet
  facet normal -0.323584 -0.729284 0.602858
    outer loop
      vertex 12.0268 1.53678 0.289999
      vertex 12.579 2.70533 2
      vertex 11.9506 1.57059 0.289999
    endloop
  endfacet
  facet normal -0.342287 -0.720605 0.602967
    outer loop
      vertex 12.579 2.70533 2
      vertex 12.0268 1.53678 0.289999
      vertex 12.5794 2.70514 2
    endloop
  endfacet
  facet normal 0.0196056 -0.797615 0.602848
    outer loop
      vertex 11.3 1.7 0.289999
      vertex 11.2995 2.99243 2
      vertex 11.2166 1.69795 0.289999
    endloop
  endfacet
  facet normal 0.0159533 -0.797667 0.602887
    outer loop
      vertex 11.2995 2.99243 2
      vertex 11.3 1.7 0.289999
      vertex 11.3 2.99244 2
    endloop
  endfacet
  facet normal 0.712662 0.358729 0.602848
    outer loop
      vertex 8.6609 -1.41063 2
      vertex 9.80073 -0.801374 0.289999
      vertex 8.59508 -1.27987 2
    endloop
  endfacet
  facet normal 0.13645 0.786102 0.602847
    outer loop
      vertex 10.8604 -2.95997 2
      vertex 10.9683 -1.66733 0.289999
      vertex 10.7162 -2.93494 2
    endloop
  endfacet
  facet normal -0.797633 0.019621 0.602824
    outer loop
      vertex 14.2888 -0.146832 2
      vertex 14.2924 -0.000484947 2
      vertex 12.998 -0.083415 0.289999
    endloop
  endfacet
  facet normal -0.744485 0.286896 0.602854
    outer loop
      vertex 12.8706 -0.650561 0.289999
      vertex 14.1175 -1.00812 2
      vertex 12.9006 -0.572712 0.289999
    endloop
  endfacet
  facet normal -0.732923 0.318662 0.601065
    outer loop
      vertex 14.1175 -1.00812 2
      vertex 12.8706 -0.650561 0.289999
      vertex 14.1173 -1.00858 2
    endloop
  endfacet
  facet normal 0.323584 0.729284 0.602858
    outer loop
      vertex 10.5732 -1.53678 0.289999
      vertex 10.021 -2.70533 2
      vertex 10.6494 -1.57059 0.289999
    endloop
  endfacet
  facet normal 0.342287 0.720605 0.602967
    outer loop
      vertex 10.021 -2.70533 2
      vertex 10.5732 -1.53678 0.289999
      vertex 10.0206 -2.70514 2
    endloop
  endfacet
  facet normal -0.757617 -0.250177 0.60285
    outer loop
      vertex 14.1634 0.86912 2
      vertex 14.1175 1.00812 2
      vertex 12.9006 0.572712 0.289999
    endloop
  endfacet
  facet normal 0.393287 -0.694193 0.602844
    outer loop
      vertex 10.4986 1.49927 0.289999
      vertex 9.88937 2.6391 2
      vertex 9.762 2.56694 2
    endloop
  endfacet
  facet normal 0.797615 -0.0195661 0.60285
    outer loop
      vertex 9.60205 0.083415 0.289999
      vertex 8.31116 0.146832 2
      vertex 8.30757 0.000484947 2
    endloop
  endfacet
  facet normal -0.497946 0.622433 0.603843
    outer loop
      vertex 12.4417 -1.25962 0.289999
      vertex 13.1984 -2.31319 2
      vertex 13.1988 -2.31287 2
    endloop
  endfacet
  facet normal -0.521047 0.604223 0.602846
    outer loop
      vertex 13.1984 -2.31319 2
      vertex 12.4417 -1.25962 0.289999
      vertex 12.3785 -1.31412 0.289999
    endloop
  endfacet
  facet normal 0.0587204 0.79569 0.602851
    outer loop
      vertex 11.1334 -1.69181 0.289999
      vertex 11.0072 -2.97807 2
      vertex 11.2166 -1.69795 0.289999
    endloop
  endfacet
  facet normal 0.063622 0.795276 0.6029
    outer loop
      vertex 11.0072 -2.97807 2
      vertex 11.1334 -1.69181 0.289999
      vertex 11.0067 -2.97803 2
    endloop
  endfacet
  facet normal -0.508528 0.616398 0.60121
    outer loop
      vertex 12.5021 -1.20208 0.289999
      vertex 13.4156 -2.11631 2
      vertex 13.416 -2.11598 2
    endloop
  endfacet
  facet normal -0.55033 0.577683 0.602843
    outer loop
      vertex 13.4156 -2.11631 2
      vertex 12.5021 -1.20208 0.289999
      vertex 12.4417 -1.25962 0.289999
    endloop
  endfacet
  facet normal -0.058696 -0.795693 0.60285
    outer loop
      vertex 11.5928 2.97807 2
      vertex 11.4468 2.98884 2
      vertex 11.3834 1.69795 0.289999
    endloop
  endfacet
  facet normal 0.395837 -0.692715 0.602876
    outer loop
      vertex 10.426 1.45814 0.289999
      vertex 9.762 2.56694 2
      vertex 9.76158 2.5667 2
    endloop
  endfacet
  facet normal 0.393282 -0.694196 0.602844
    outer loop
      vertex 9.762 2.56694 2
      vertex 10.426 1.45814 0.289999
      vertex 10.4986 1.49927 0.289999
    endloop
  endfacet
  facet normal 0.200804 -0.772323 0.602656
    outer loop
      vertex 10.8065 1.6268 0.289999
      vertex 10.4318 2.86372 2
      vertex 10.4313 2.86359 2
    endloop
  endfacet
  facet normal 0.212801 -0.768954 0.602848
    outer loop
      vertex 10.4318 2.86372 2
      vertex 10.8065 1.6268 0.289999
      vertex 10.8869 1.64905 0.289999
    endloop
  endfacet
  facet normal 0.795081 -0.0658452 0.602918
    outer loop
      vertex 8.32193 0.292827 2
      vertex 9.60819 0.166629 0.289999
      vertex 8.32197 0.29331 2
    endloop
  endfacet
  facet normal 0.795691 -0.0587106 0.60285
    outer loop
      vertex 9.60819 0.166629 0.289999
      vertex 8.32193 0.292827 2
      vertex 9.60205 0.083415 0.289999
    endloop
  endfacet
  facet normal 0.797661 0.0164484 0.602882
    outer loop
      vertex 8.30757 -0.000484947 2
      vertex 9.6 0 0.289999
      vertex 8.30756 0 2
    endloop
  endfacet
  facet normal 0.797615 0.0196021 0.602848
    outer loop
      vertex 9.6 0 0.289999
      vertex 8.30757 -0.000484947 2
      vertex 9.60205 -0.083415 0.289999
    endloop
  endfacet
  facet normal 0.694191 -0.393286 0.602848
    outer loop
      vertex 9.80073 0.801374 0.289999
      vertex 8.73306 1.538 2
      vertex 8.6609 1.41063 2
    endloop
  endfacet
  facet normal -0.174828 0.778468 0.602846
    outer loop
      vertex 11.8838 -2.93494 2
      vertex 12.0266 -2.90287 2
      vertex 11.6317 -1.66733 0.289999
    endloop
  endfacet
  facet normal 0.729391 -0.323356 0.602851
    outer loop
      vertex 9.72941 0.650561 0.289999
      vertex 8.59467 1.27899 2
      vertex 8.53534 1.14516 2
    endloop
  endfacet
  facet normal -0.786041 0.136787 0.602851
    outer loop
      vertex 14.2349 -0.583796 2
      vertex 14.26 -0.43956 2
      vertex 12.9673 -0.331653 0.289999
    endloop
  endfacet
  facet normal -0.21276 0.768967 0.602846
    outer loop
      vertex 12.0271 -2.90276 2
      vertex 12.1682 -2.86372 2
      vertex 11.7131 -1.64905 0.289999
    endloop
  endfacet
  facet normal 0.250275 0.757584 0.60285
    outer loop
      vertex 10.4309 -2.86344 2
      vertex 10.7273 -1.60062 0.289999
      vertex 10.2919 -2.81752 2
    endloop
  endfacet
  facet normal 0.393287 0.694193 0.602844
    outer loop
      vertex 9.88937 -2.6391 2
      vertex 10.4986 -1.49927 0.289999
      vertex 9.762 -2.56694 2
    endloop
  endfacet
  facet normal 0.342287 -0.720605 0.602967
    outer loop
      vertex 10.5732 1.53678 0.289999
      vertex 10.021 2.70533 2
      vertex 10.0206 2.70514 2
    endloop
  endfacet
  facet normal 0.323584 -0.729284 0.602858
    outer loop
      vertex 10.021 2.70533 2
      vertex 10.5732 1.53678 0.289999
      vertex 10.6494 1.57059 0.289999
    endloop
  endfacet
  facet normal 0.604141 0.521137 0.602851
    outer loop
      vertex 9.08275 -2.0096 2
      vertex 10.0404 -1.14165 0.289999
      vertex 8.98713 -1.89875 2
    endloop
  endfacet
  facet normal -0.768843 0.213201 0.602848
    outer loop
      vertex 12.9268 -0.493484 0.289999
      vertex 14.1637 -0.868192 2
      vertex 12.9491 -0.413066 0.289999
    endloop
  endfacet
  facet normal -0.781072 0.167253 0.601625
    outer loop
      vertex 14.1637 -0.868192 2
      vertex 12.9268 -0.493484 0.289999
      vertex 14.1636 -0.868659 2
    endloop
  endfacet
  facet normal -0.768881 0.213081 0.602842
    outer loop
      vertex 14.1637 -0.868192 2
      vertex 14.2028 -0.727104 2
      vertex 12.9491 -0.413066 0.289999
    endloop
  endfacet
  facet normal 0.058696 -0.795693 0.60285
    outer loop
      vertex 11.2166 1.69795 0.289999
      vertex 11.1532 2.98884 2
      vertex 11.0072 2.97807 2
    endloop
  endfacet
  facet normal -0.0159533 -0.797667 0.602887
    outer loop
      vertex 11.3 1.7 0.289999
      vertex 11.3005 2.99243 2
      vertex 11.3 2.99244 2
    endloop
  endfacet
  facet normal -0.0196056 -0.797615 0.602848
    outer loop
      vertex 11.3005 2.99243 2
      vertex 11.3 1.7 0.289999
      vertex 11.3834 1.69795 0.289999
    endloop
  endfacet
  facet normal 0.786763 -0.131676 0.603047
    outer loop
      vertex 8.33995 0.439082 2
      vertex 9.63267 0.331653 0.289999
      vertex 8.34003 0.43956 2
    endloop
  endfacet
  facet normal 0.786103 -0.136448 0.602847
    outer loop
      vertex 9.63267 0.331653 0.289999
      vertex 8.33995 0.439082 2
      vertex 9.6184 0.249441 0.289999
    endloop
  endfacet
  facet normal 0.323417 -0.729365 0.60285
    outer loop
      vertex 10.6494 1.57059 0.289999
      vertex 10.1548 2.76466 2
      vertex 10.021 2.70533 2
    endloop
  endfacet
  facet normal -0.174828 -0.778468 0.602846
    outer loop
      vertex 12.0266 2.90287 2
      vertex 11.8838 2.93494 2
      vertex 11.6317 1.66733 0.289999
    endloop
  endfacet
  facet normal 0.76896 -0.212776 0.602849
    outer loop
      vertex 9.65095 0.413066 0.289999
      vertex 8.43628 0.868192 2
      vertex 8.39724 0.727104 2
    endloop
  endfacet
  facet normal 0.323417 0.729365 0.60285
    outer loop
      vertex 10.1548 -2.76466 2
      vertex 10.6494 -1.57059 0.289999
      vertex 10.021 -2.70533 2
    endloop
  endfacet
  facet normal -0.744544 0.286741 0.602855
    outer loop
      vertex 14.0647 -1.14516 2
      vertex 14.1173 -1.00858 2
      vertex 12.8706 -0.650561 0.289999
    endloop
  endfacet
  facet normal -0.795737 -0.0583197 0.602828
    outer loop
      vertex 14.2888 0.146832 2
      vertex 14.2781 0.292827 2
      vertex 12.998 0.083415 0.289999
    endloop
  endfacet
  facet normal -0.712712 0.358645 0.602839
    outer loop
      vertex 13.9391 -1.41063 2
      vertex 14.0049 -1.27987 2
      vertex 12.7993 -0.801374 0.289999
    endloop
  endfacet
  facet normal -0.791872 0.0975594 0.602844
    outer loop
      vertex 14.2601 -0.438601 2
      vertex 14.278 -0.29331 2
      vertex 12.9918 -0.166629 0.289999
    endloop
  endfacet
  facet normal -0.410452 0.684086 0.602956
    outer loop
      vertex 12.174 -1.45814 0.289999
      vertex 12.838 -2.56694 2
      vertex 12.8384 -2.5667 2
    endloop
  endfacet
  facet normal -0.393282 0.694196 0.602844
    outer loop
      vertex 12.838 -2.56694 2
      vertex 12.174 -1.45814 0.289999
      vertex 12.1014 -1.49927 0.289999
    endloop
  endfacet
  facet normal 0.795692 -0.058698 0.60285
    outer loop
      vertex 9.60205 0.083415 0.289999
      vertex 8.32193 0.292827 2
      vertex 8.31116 0.146832 2
    endloop
  endfacet
  facet normal 0.604141 -0.521137 0.602851
    outer loop
      vertex 10.0404 1.14165 0.289999
      vertex 9.08275 2.0096 2
      vertex 8.98713 1.89875 2
    endloop
  endfacet
  facet normal -0.426807 0.674106 0.60284
    outer loop
      vertex 12.8384 -2.5667 2
      vertex 12.9621 -2.48838 2
      vertex 12.174 -1.45814 0.289999
    endloop
  endfacet
  facet normal -0.725628 -0.329831 0.603883
    outer loop
      vertex 12.7993 0.801374 0.289999
      vertex 14.0051 1.27943 2
      vertex 14.0049 1.27987 2
    endloop
  endfacet
  facet normal -0.712733 -0.358609 0.602835
    outer loop
      vertex 14.0051 1.27943 2
      vertex 12.7993 0.801374 0.289999
      vertex 12.8368 0.726843 0.289999
    endloop
  endfacet
  facet normal -0.13645 -0.786102 0.602847
    outer loop
      vertex 11.8838 2.93494 2
      vertex 11.7396 2.95997 2
      vertex 11.6317 1.66733 0.289999
    endloop
  endfacet
  facet normal 0.786103 0.136448 0.602847
    outer loop
      vertex 8.33995 -0.439082 2
      vertex 9.63267 -0.331653 0.289999
      vertex 9.6184 -0.249441 0.289999
    endloop
  endfacet
  facet normal 0.786763 0.131676 0.603047
    outer loop
      vertex 9.63267 -0.331653 0.289999
      vertex 8.33995 -0.439082 2
      vertex 8.34003 -0.43956 2
    endloop
  endfacet
  facet normal -0.171436 0.779256 0.602802
    outer loop
      vertex 11.7131 -1.64905 0.289999
      vertex 12.0266 -2.90287 2
      vertex 12.0271 -2.90276 2
    endloop
  endfacet
  facet normal -0.174821 0.778469 0.602846
    outer loop
      vertex 12.0266 -2.90287 2
      vertex 11.7131 -1.64905 0.289999
      vertex 11.6317 -1.66733 0.289999
    endloop
  endfacet
  facet normal 0.674071 0.426853 0.602847
    outer loop
      vertex 8.81162 -1.6621 2
      vertex 9.84186 -0.873974 0.289999
      vertex 8.7333 -1.53842 2
    endloop
  endfacet
  facet normal -0.250409 -0.757541 0.602849
    outer loop
      vertex 11.8727 1.60062 0.289999
      vertex 12.1687 2.86359 2
      vertex 11.7935 1.6268 0.289999
    endloop
  endfacet
  facet normal -0.280584 -0.748225 0.601192
    outer loop
      vertex 12.1687 2.86359 2
      vertex 11.8727 1.60062 0.289999
      vertex 12.1691 2.86344 2
    endloop
  endfacet
  facet normal 0.604048 0.521252 0.602845
    outer loop
      vertex 8.98681 -1.89838 2
      vertex 10.0404 -1.14165 0.289999
      vertex 9.98588 -1.07847 0.289999
    endloop
  endfacet
  facet normal 0.603492 0.521939 0.602807
    outer loop
      vertex 10.0404 -1.14165 0.289999
      vertex 8.98681 -1.89838 2
      vertex 8.98713 -1.89875 2
    endloop
  endfacet
  facet normal -0.323417 0.729365 0.60285
    outer loop
      vertex 12.4452 -2.76466 2
      vertex 12.579 -2.70533 2
      vertex 11.9506 -1.57059 0.289999
    endloop
  endfacet
  facet normal 0.7444 -0.287121 0.602851
    outer loop
      vertex 9.72941 0.650561 0.289999
      vertex 8.53534 1.14516 2
      vertex 8.48266 1.00858 2
    endloop
  endfacet
  facet normal -0.578013 0.549988 0.602839
    outer loop
      vertex 12.5021 -1.20208 0.289999
      vertex 13.4163 -2.11562 2
      vertex 12.5596 -1.14165 0.289999
    endloop
  endfacet
  facet normal -0.613776 0.51148 0.601387
    outer loop
      vertex 13.4163 -2.11562 2
      vertex 12.5021 -1.20208 0.289999
      vertex 13.416 -2.11598 2
    endloop
  endfacet
  facet normal -0.521277 0.604032 0.602839
    outer loop
      vertex 13.1988 -2.31287 2
      vertex 13.3096 -2.21725 2
      vertex 12.4417 -1.25962 0.289999
    endloop
  endfacet
  facet normal -0.126004 0.787525 0.603264
    outer loop
      vertex 11.6317 -1.66733 0.289999
      vertex 11.7391 -2.96005 2
      vertex 11.7396 -2.95997 2
    endloop
  endfacet
  facet normal -0.136306 0.786124 0.602852
    outer loop
      vertex 11.7391 -2.96005 2
      vertex 11.6317 -1.66733 0.289999
      vertex 11.5494 -1.6816 0.289999
    endloop
  endfacet
  facet normal -0.757511 0.250502 0.602848
    outer loop
      vertex 12.9006 -0.572712 0.289999
      vertex 14.1636 -0.868659 2
      vertex 12.9268 -0.493484 0.289999
    endloop
  endfacet
  facet normal -0.735157 0.31894 0.598182
    outer loop
      vertex 14.1636 -0.868659 2
      vertex 12.9006 -0.572712 0.289999
      vertex 14.1634 -0.86912 2
    endloop
  endfacet
  facet normal -0.757617 0.250177 0.60285
    outer loop
      vertex 14.1175 -1.00812 2
      vertex 14.1634 -0.86912 2
      vertex 12.9006 -0.572712 0.289999
    endloop
  endfacet
  facet normal -0.0976603 -0.791855 0.60285
    outer loop
      vertex 11.7386 2.96011 2
      vertex 11.5933 2.97803 2
      vertex 11.4666 1.69181 0.289999
    endloop
  endfacet
  facet normal 0.426855 0.674074 0.602843
    outer loop
      vertex 9.76158 -2.5667 2
      vertex 10.426 -1.45814 0.289999
      vertex 9.6379 -2.48838 2
    endloop
  endfacet
  facet normal -0.0587204 -0.79569 0.602851
    outer loop
      vertex 11.4666 1.69181 0.289999
      vertex 11.5928 2.97807 2
      vertex 11.3834 1.69795 0.289999
    endloop
  endfacet
  facet normal -0.063622 -0.795276 0.6029
    outer loop
      vertex 11.5928 2.97807 2
      vertex 11.4666 1.69181 0.289999
      vertex 11.5933 2.97803 2
    endloop
  endfacet
  facet normal -0.652544 -0.459093 0.602843
    outer loop
      vertex 13.7878 1.66291 2
      vertex 13.7036 1.78259 2
      vertex 12.6655 1.01269 0.289999
    endloop
  endfacet
  facet normal 0.136306 0.786124 0.602852
    outer loop
      vertex 10.9683 -1.66733 0.289999
      vertex 10.8609 -2.96005 2
      vertex 11.0506 -1.6816 0.289999
    endloop
  endfacet
  facet normal 0.126004 0.787525 0.603264
    outer loop
      vertex 10.8609 -2.96005 2
      vertex 10.9683 -1.66733 0.289999
      vertex 10.8604 -2.95997 2
    endloop
  endfacet
  facet normal 0.76862 -0.213963 0.602862
    outer loop
      vertex 8.43628 0.868192 2
      vertex 9.6732 0.493484 0.289999
      vertex 8.43641 0.868659 2
    endloop
  endfacet
  facet normal 0.768966 -0.212757 0.602848
    outer loop
      vertex 9.6732 0.493484 0.289999
      vertex 8.43628 0.868192 2
      vertex 9.65095 0.413066 0.289999
    endloop
  endfacet
  facet normal 0.287085 -0.744415 0.602851
    outer loop
      vertex 10.6494 1.57059 0.289999
      vertex 10.2914 2.81734 2
      vertex 10.1548 2.76466 2
    endloop
  endfacet
  facet normal -0.780788 -0.164723 0.602691
    outer loop
      vertex 12.9491 0.413066 0.289999
      vertex 14.2029 0.72663 2
      vertex 14.2028 0.727104 2
    endloop
  endfacet
  facet normal -0.778647 -0.174068 0.602835
    outer loop
      vertex 14.2029 0.72663 2
      vertex 12.9491 0.413066 0.289999
      vertex 12.9673 0.331653 0.289999
    endloop
  endfacet
  facet normal -0.604189 0.521069 0.602862
    outer loop
      vertex 13.5173 -2.0096 2
      vertex 13.6129 -1.89875 2
      vertex 12.5596 -1.14165 0.289999
    endloop
  endfacet
  facet normal -0.694104 0.393454 0.602838
    outer loop
      vertex 13.8669 -1.538 2
      vertex 13.9391 -1.41063 2
      vertex 12.7993 -0.801374 0.289999
    endloop
  endfacet
  facet normal -0.287085 0.744415 0.602851
    outer loop
      vertex 12.3086 -2.81734 2
      vertex 12.4452 -2.76466 2
      vertex 11.9506 -1.57059 0.289999
    endloop
  endfacet
  facet normal -0.786046 0.136725 0.602858
    outer loop
      vertex 12.9673 -0.331653 0.289999
      vertex 14.2601 -0.439082 2
      vertex 12.9816 -0.249441 0.289999
    endloop
  endfacet
  facet normal -0.78197 0.163592 0.601465
    outer loop
      vertex 14.2601 -0.439082 2
      vertex 12.9673 -0.331653 0.289999
      vertex 14.26 -0.43956 2
    endloop
  endfacet
  facet normal -0.778554 0.174424 0.602851
    outer loop
      vertex 14.2029 -0.72663 2
      vertex 14.2349 -0.583796 2
      vertex 12.9673 -0.331653 0.289999
    endloop
  endfacet
  facet normal -0.342287 0.720605 0.602967
    outer loop
      vertex 12.0268 -1.53678 0.289999
      vertex 12.579 -2.70533 2
      vertex 12.5794 -2.70514 2
    endloop
  endfacet
  facet normal -0.323584 0.729284 0.602858
    outer loop
      vertex 12.579 -2.70533 2
      vertex 12.0268 -1.53678 0.289999
      vertex 11.9506 -1.57059 0.289999
    endloop
  endfacet
  facet normal 0.174821 0.778469 0.602846
    outer loop
      vertex 10.8869 -1.64905 0.289999
      vertex 10.5734 -2.90287 2
      vertex 10.9683 -1.66733 0.289999
    endloop
  endfacet
  facet normal 0.171436 0.779256 0.602802
    outer loop
      vertex 10.5734 -2.90287 2
      vertex 10.8869 -1.64905 0.289999
      vertex 10.5729 -2.90276 2
    endloop
  endfacet
  facet normal -0.786041 -0.136787 0.602851
    outer loop
      vertex 14.26 0.43956 2
      vertex 14.2349 0.583796 2
      vertex 12.9673 0.331653 0.289999
    endloop
  endfacet
  facet normal -0.0976433 -0.791858 0.602849
    outer loop
      vertex 11.5494 1.6816 0.289999
      vertex 11.7386 2.96011 2
      vertex 11.4666 1.69181 0.289999
    endloop
  endfacet
  facet normal -0.0950636 -0.792196 0.602817
    outer loop
      vertex 11.7386 2.96011 2
      vertex 11.5494 1.6816 0.289999
      vertex 11.7391 2.96005 2
    endloop
  endfacet
  facet normal -0.797633 -0.019621 0.602824
    outer loop
      vertex 14.2924 0.000484947 2
      vertex 14.2888 0.146832 2
      vertex 12.998 0.083415 0.289999
    endloop
  endfacet
  facet normal -0.797778 0 0.602952
    outer loop
      vertex 13 0 0.289999
      vertex 14.2924 -0.000484947 2
      vertex 14.2924 0 2
    endloop
  endfacet
  facet normal -0.797629 0.0191244 0.602845
    outer loop
      vertex 14.2924 -0.000484947 2
      vertex 13 0 0.289999
      vertex 12.998 -0.083415 0.289999
    endloop
  endfacet
  facet normal -0.795737 0.0583197 0.602828
    outer loop
      vertex 14.2781 -0.292827 2
      vertex 14.2888 -0.146832 2
      vertex 12.998 -0.083415 0.289999
    endloop
  endfacet
  facet normal -0.200804 0.772323 0.602656
    outer loop
      vertex 11.7935 -1.6268 0.289999
      vertex 12.1682 -2.86372 2
      vertex 12.1687 -2.86359 2
    endloop
  endfacet
  facet normal -0.212801 0.768954 0.602848
    outer loop
      vertex 12.1682 -2.86372 2
      vertex 11.7935 -1.6268 0.289999
      vertex 11.7131 -1.64905 0.289999
    endloop
  endfacet
  facet normal 0.629005 0.490843 0.602848
    outer loop
      vertex 8.98651 -1.898 2
      vertex 9.93455 -1.01269 0.289999
      vertex 8.89645 -1.78259 2
    endloop
  endfacet
  facet normal -0.652544 0.459093 0.602843
    outer loop
      vertex 13.7036 -1.78259 2
      vertex 13.7878 -1.66291 2
      vertex 12.6655 -1.01269 0.289999
    endloop
  endfacet
  facet normal -0.729247 0.323674 0.602855
    outer loop
      vertex 14.0053 -1.27899 2
      vertex 14.0647 -1.14516 2
      vertex 12.8706 -0.650561 0.289999
    endloop
  endfacet
  facet normal -0.174821 -0.778469 0.602846
    outer loop
      vertex 11.7131 1.64905 0.289999
      vertex 12.0266 2.90287 2
      vertex 11.6317 1.66733 0.289999
    endloop
  endfacet
  facet normal -0.171436 -0.779256 0.602802
    outer loop
      vertex 12.0266 2.90287 2
      vertex 11.7131 1.64905 0.289999
      vertex 12.0271 2.90276 2
    endloop
  endfacet
  facet normal 0.786106 -0.136417 0.602849
    outer loop
      vertex 9.63267 0.331653 0.289999
      vertex 8.36506 0.583796 2
      vertex 8.34003 0.43956 2
    endloop
  endfacet
  facet normal 0.521049 0.604226 0.602843
    outer loop
      vertex 10.1583 -1.25962 0.289999
      vertex 9.40162 -2.31319 2
      vertex 10.2215 -1.31412 0.289999
    endloop
  endfacet
  facet normal 0.521946 0.6035 0.602793
    outer loop
      vertex 9.40162 -2.31319 2
      vertex 10.1583 -1.25962 0.289999
      vertex 9.40125 -2.31287 2
    endloop
  endfacet
  facet normal -0.732923 -0.318662 0.601065
    outer loop
      vertex 12.8706 0.650561 0.289999
      vertex 14.1175 1.00812 2
      vertex 14.1173 1.00858 2
    endloop
  endfacet
  facet normal -0.744485 -0.286896 0.602854
    outer loop
      vertex 14.1175 1.00812 2
      vertex 12.8706 0.650561 0.289999
      vertex 12.9006 0.572712 0.289999
    endloop
  endfacet
  facet normal 0.427286 -0.673796 0.602848
    outer loop
      vertex 10.3555 1.4135 0.289999
      vertex 9.6379 2.48838 2
      vertex 9.63749 2.48812 2
    endloop
  endfacet
  facet normal 0.426829 -0.674091 0.602842
    outer loop
      vertex 9.6379 2.48838 2
      vertex 10.3555 1.4135 0.289999
      vertex 10.426 1.45814 0.289999
    endloop
  endfacet
  facet normal 0.459532 0.652238 0.60284
    outer loop
      vertex 10.2873 -1.36545 0.289999
      vertex 9.63749 -2.48812 2
      vertex 10.3555 -1.4135 0.289999
    endloop
  endfacet
  facet normal 0.446125 0.660926 0.603449
    outer loop
      vertex 9.63749 -2.48812 2
      vertex 10.2873 -1.36545 0.289999
      vertex 9.63709 -2.48785 2
    endloop
  endfacet
  facet normal 0.550327 -0.577681 0.602847
    outer loop
      vertex 9.18438 2.11631 2
      vertex 10.0979 1.20208 0.289999
      vertex 10.1583 1.25962 0.289999
    endloop
  endfacet
  facet normal 0.539258 -0.588281 0.6026
    outer loop
      vertex 10.0979 1.20208 0.289999
      vertex 9.18438 2.11631 2
      vertex 9.18402 2.11598 2
    endloop
  endfacet
  facet normal 0.490746 0.629088 0.602841
    outer loop
      vertex 10.2215 -1.31412 0.289999
      vertex 9.402 -2.31349 2
      vertex 10.2873 -1.36545 0.289999
    endloop
  endfacet
  facet normal 0.494368 0.6262 0.602888
    outer loop
      vertex 9.402 -2.31349 2
      vertex 10.2215 -1.31412 0.289999
      vertex 9.40162 -2.31319 2
    endloop
  endfacet
  facet normal 0.694194 0.393281 0.602848
    outer loop
      vertex 8.73306 -1.538 2
      vertex 9.84186 -0.873974 0.289999
      vertex 9.80073 -0.801374 0.289999
    endloop
  endfacet
  facet normal 0.692712 0.395836 0.60288
    outer loop
      vertex 9.84186 -0.873974 0.289999
      vertex 8.73306 -1.538 2
      vertex 8.7333 -1.53842 2
    endloop
  endfacet
  facet normal -0.0976603 0.791855 0.60285
    outer loop
      vertex 11.5933 -2.97803 2
      vertex 11.7386 -2.96011 2
      vertex 11.4666 -1.69181 0.289999
    endloop
  endfacet
  facet normal -0.628679 0.491245 0.60286
    outer loop
      vertex 12.6141 -1.07847 0.289999
      vertex 13.6135 -1.898 2
      vertex 12.6655 -1.01269 0.289999
    endloop
  endfacet
  facet normal -0.626192 0.494362 0.602901
    outer loop
      vertex 13.6135 -1.898 2
      vertex 12.6141 -1.07847 0.289999
      vertex 13.6132 -1.89838 2
    endloop
  endfacet
  facet normal -0.674113 -0.426771 0.602858
    outer loop
      vertex 13.8667 1.53842 2
      vertex 13.7884 1.6621 2
      vertex 12.7581 0.873974 0.289999
    endloop
  endfacet
  facet normal -0.521047 -0.604223 0.602846
    outer loop
      vertex 12.4417 1.25962 0.289999
      vertex 13.1984 2.31319 2
      vertex 12.3785 1.31412 0.289999
    endloop
  endfacet
  facet normal -0.497946 -0.622433 0.603843
    outer loop
      vertex 13.1984 2.31319 2
      vertex 12.4417 1.25962 0.289999
      vertex 13.1988 2.31287 2
    endloop
  endfacet
  facet normal 0.358796 0.712631 0.602846
    outer loop
      vertex 10.0201 -2.70492 2
      vertex 10.4986 -1.49927 0.289999
      vertex 9.88937 -2.6391 2
    endloop
  endfacet
  facet normal 0.778474 0.174788 0.602849
    outer loop
      vertex 8.39713 -0.72663 2
      vertex 9.63267 -0.331653 0.289999
      vertex 8.36506 -0.583796 2
    endloop
  endfacet
  facet normal 0.577842 -0.550154 0.602851
    outer loop
      vertex 10.0404 1.14165 0.289999
      vertex 9.18369 2.11562 2
      vertex 9.08275 2.0096 2
    endloop
  endfacet
  facet normal 0.778474 -0.174788 0.602849
    outer loop
      vertex 9.63267 0.331653 0.289999
      vertex 8.39713 0.72663 2
      vertex 8.36506 0.583796 2
    endloop
  endfacet
  facet normal 0.0195724 -0.797615 0.60285
    outer loop
      vertex 11.2166 1.69795 0.289999
      vertex 11.2995 2.99243 2
      vertex 11.1532 2.98884 2
    endloop
  endfacet
  facet normal -0.13645 0.786102 0.602847
    outer loop
      vertex 11.7396 -2.95997 2
      vertex 11.8838 -2.93494 2
      vertex 11.6317 -1.66733 0.289999
    endloop
  endfacet
  facet normal -0.778647 0.174068 0.602835
    outer loop
      vertex 12.9491 -0.413066 0.289999
      vertex 14.2029 -0.72663 2
      vertex 12.9673 -0.331653 0.289999
    endloop
  endfacet
  facet normal -0.780788 0.164723 0.602691
    outer loop
      vertex 14.2029 -0.72663 2
      vertex 12.9491 -0.413066 0.289999
      vertex 14.2028 -0.727104 2
    endloop
  endfacet
  facet normal -0.0196056 0.797615 0.602848
    outer loop
      vertex 11.3 -1.7 0.289999
      vertex 11.3005 -2.99243 2
      vertex 11.3834 -1.69795 0.289999
    endloop
  endfacet
  facet normal -0.0159533 0.797667 0.602887
    outer loop
      vertex 11.3005 -2.99243 2
      vertex 11.3 -1.7 0.289999
      vertex 11.3 -2.99244 2
    endloop
  endfacet
  facet normal -0.613776 -0.51148 0.601387
    outer loop
      vertex 12.5021 1.20208 0.289999
      vertex 13.4163 2.11562 2
      vertex 13.416 2.11598 2
    endloop
  endfacet
  facet normal -0.578013 -0.549988 0.602839
    outer loop
      vertex 13.4163 2.11562 2
      vertex 12.5021 1.20208 0.289999
      vertex 12.5596 1.14165 0.289999
    endloop
  endfacet
  facet normal -0.287085 -0.744415 0.602851
    outer loop
      vertex 12.4452 2.76466 2
      vertex 12.3086 2.81734 2
      vertex 11.9506 1.57059 0.289999
    endloop
  endfacet
  facet normal 0.058696 0.795693 0.60285
    outer loop
      vertex 11.1532 -2.98884 2
      vertex 11.2166 -1.69795 0.289999
      vertex 11.0072 -2.97807 2
    endloop
  endfacet
  facet normal 0.0976603 -0.791855 0.60285
    outer loop
      vertex 11.1334 1.69181 0.289999
      vertex 11.0067 2.97803 2
      vertex 10.8614 2.96011 2
    endloop
  endfacet
  facet normal -0.674113 0.426771 0.602858
    outer loop
      vertex 13.7884 -1.6621 2
      vertex 13.8667 -1.53842 2
      vertex 12.7581 -0.873974 0.289999
    endloop
  endfacet
  facet normal -0.721462 -0.343553 0.601219
    outer loop
      vertex 12.7581 0.873974 0.289999
      vertex 13.8669 1.538 2
      vertex 13.8667 1.53842 2
    endloop
  endfacet
  facet normal -0.693902 -0.393785 0.602855
    outer loop
      vertex 13.8669 1.538 2
      vertex 12.7581 0.873974 0.289999
      vertex 12.7993 0.801374 0.289999
    endloop
  endfacet
  facet normal -0.712712 -0.358645 0.602839
    outer loop
      vertex 14.0049 1.27987 2
      vertex 13.9391 1.41063 2
      vertex 12.7993 0.801374 0.289999
    endloop
  endfacet
  facet normal -0.212801 -0.768954 0.602848
    outer loop
      vertex 11.7935 1.6268 0.289999
      vertex 12.1682 2.86372 2
      vertex 11.7131 1.64905 0.289999
    endloop
  endfacet
  facet normal -0.200804 -0.772323 0.602656
    outer loop
      vertex 12.1682 2.86372 2
      vertex 11.7935 1.6268 0.289999
      vertex 12.1687 2.86359 2
    endloop
  endfacet
  facet normal -0.21276 -0.768967 0.602846
    outer loop
      vertex 12.1682 2.86372 2
      vertex 12.0271 2.90276 2
      vertex 11.7131 1.64905 0.289999
    endloop
  endfacet
  facet normal -0.735157 -0.31894 0.598182
    outer loop
      vertex 12.9006 0.572712 0.289999
      vertex 14.1636 0.868659 2
      vertex 14.1634 0.86912 2
    endloop
  endfacet
  facet normal -0.757511 -0.250502 0.602848
    outer loop
      vertex 14.1636 0.868659 2
      vertex 12.9006 0.572712 0.289999
      vertex 12.9268 0.493484 0.289999
    endloop
  endfacet
  facet normal 0.795691 0.0587106 0.60285
    outer loop
      vertex 8.32193 -0.292827 2
      vertex 9.60819 -0.166629 0.289999
      vertex 9.60205 -0.083415 0.289999
    endloop
  endfacet
  facet normal 0.795081 0.0658452 0.602918
    outer loop
      vertex 9.60819 -0.166629 0.289999
      vertex 8.32193 -0.292827 2
      vertex 8.32197 -0.29331 2
    endloop
  endfacet
  facet normal -0.478829 0.638438 0.602594
    outer loop
      vertex 12.3785 -1.31412 0.289999
      vertex 13.198 -2.31349 2
      vertex 13.1984 -2.31319 2
    endloop
  endfacet
  facet normal -0.490746 0.629088 0.602841
    outer loop
      vertex 13.198 -2.31349 2
      vertex 12.3785 -1.31412 0.289999
      vertex 12.3127 -1.36545 0.289999
    endloop
  endfacet
  facet normal -0.434791 0.668909 0.602925
    outer loop
      vertex 12.2445 -1.4135 0.289999
      vertex 12.9621 -2.48838 2
      vertex 12.9625 -2.48812 2
    endloop
  endfacet
  facet normal -0.426829 0.674091 0.602842
    outer loop
      vertex 12.9621 -2.48838 2
      vertex 12.2445 -1.4135 0.289999
      vertex 12.174 -1.45814 0.289999
    endloop
  endfacet
  facet normal 0.757568 0.25033 0.602848
    outer loop
      vertex 8.43641 -0.868659 2
      vertex 9.69938 -0.572712 0.289999
      vertex 9.6732 -0.493484 0.289999
    endloop
  endfacet
  facet normal 0.758594 0.246831 0.603
    outer loop
      vertex 9.69938 -0.572712 0.289999
      vertex 8.43641 -0.868659 2
      vertex 8.43656 -0.86912 2
    endloop
  endfacet
  facet normal -0.800899 0 0.5988
    outer loop
      vertex 12.9816 0.249441 0.289999
      vertex 14.2601 0.438601 2
      vertex 14.2601 0.439082 2
    endloop
  endfacet
  facet normal -0.791875 -0.0975357 0.602843
    outer loop
      vertex 14.2601 0.438601 2
      vertex 12.9816 0.249441 0.289999
      vertex 12.9918 0.166629 0.289999
    endloop
  endfacet
  facet normal 0.13645 -0.786102 0.602847
    outer loop
      vertex 10.9683 1.66733 0.289999
      vertex 10.8604 2.95997 2
      vertex 10.7162 2.93494 2
    endloop
  endfacet
  facet normal 0.758594 -0.246831 0.603
    outer loop
      vertex 8.43641 0.868659 2
      vertex 9.69938 0.572712 0.289999
      vertex 8.43656 0.86912 2
    endloop
  endfacet
  facet normal 0.757568 -0.25033 0.602848
    outer loop
      vertex 9.69938 0.572712 0.289999
      vertex 8.43641 0.868659 2
      vertex 9.6732 0.493484 0.289999
    endloop
  endfacet
  facet normal 0.732555 -0.316331 0.602742
    outer loop
      vertex 8.59467 1.27899 2
      vertex 9.76322 0.726843 0.289999
      vertex 8.59486 1.27943 2
    endloop
  endfacet
  facet normal 0.72942 -0.323296 0.602848
    outer loop
      vertex 9.76322 0.726843 0.289999
      vertex 8.59467 1.27899 2
      vertex 9.72941 0.650561 0.289999
    endloop
  endfacet
  facet normal -0.286982 -0.744453 0.602852
    outer loop
      vertex 11.9506 1.57059 0.289999
      vertex 12.3081 2.81752 2
      vertex 11.8727 1.60062 0.289999
    endloop
  endfacet
  facet normal -0.270077 -0.750215 0.603519
    outer loop
      vertex 12.3081 2.81752 2
      vertex 11.9506 1.57059 0.289999
      vertex 12.3086 2.81734 2
    endloop
  endfacet
  facet normal -0.64404 -0.471249 0.602609
    outer loop
      vertex 12.7135 0.944468 0.289999
      vertex 13.7884 1.6621 2
      vertex 13.7881 1.66251 2
    endloop
  endfacet
  facet normal -0.674244 -0.426579 0.602848
    outer loop
      vertex 13.7884 1.6621 2
      vertex 12.7135 0.944468 0.289999
      vertex 12.7581 0.873974 0.289999
    endloop
  endfacet
  facet normal -0.0195724 0.797615 0.60285
    outer loop
      vertex 11.4468 -2.98884 2
      vertex 11.3834 -1.69795 0.289999
      vertex 11.3005 -2.99243 2
    endloop
  endfacet
  facet normal -0.058696 0.795693 0.60285
    outer loop
      vertex 11.4468 -2.98884 2
      vertex 11.5928 -2.97807 2
      vertex 11.3834 -1.69795 0.289999
    endloop
  endfacet
  facet normal 0.652285 -0.459455 0.602848
    outer loop
      vertex 9.93455 1.01269 0.289999
      vertex 8.89645 1.78259 2
      vertex 8.81215 1.66291 2
    endloop
  endfacet
  facet normal 0.578012 0.549986 0.602841
    outer loop
      vertex 9.18369 -2.11562 2
      vertex 10.0979 -1.20208 0.289999
      vertex 10.0404 -1.14165 0.289999
    endloop
  endfacet
  facet normal 0.588281 0.539258 0.6026
    outer loop
      vertex 10.0979 -1.20208 0.289999
      vertex 9.18369 -2.11562 2
      vertex 9.18402 -2.11598 2
    endloop
  endfacet
  facet normal 0.743115 -0.290784 0.602681
    outer loop
      vertex 8.48248 1.00812 2
      vertex 9.72941 0.650561 0.289999
      vertex 8.48266 1.00858 2
    endloop
  endfacet
  facet normal 0.744391 -0.287146 0.602851
    outer loop
      vertex 9.72941 0.650561 0.289999
      vertex 8.48248 1.00812 2
      vertex 9.69938 0.572712 0.289999
    endloop
  endfacet
  facet normal 0.768966 0.212757 0.602848
    outer loop
      vertex 8.43628 -0.868192 2
      vertex 9.6732 -0.493484 0.289999
      vertex 9.65095 -0.413066 0.289999
    endloop
  endfacet
  facet normal 0.76862 0.213963 0.602862
    outer loop
      vertex 9.6732 -0.493484 0.289999
      vertex 8.43628 -0.868192 2
      vertex 8.43641 -0.868659 2
    endloop
  endfacet
  facet normal -0.619229 -0.502077 0.603717
    outer loop
      vertex 12.5596 1.14165 0.289999
      vertex 13.6132 1.89838 2
      vertex 13.6129 1.89875 2
    endloop
  endfacet
  facet normal -0.604138 -0.521138 0.602854
    outer loop
      vertex 13.6132 1.89838 2
      vertex 12.5596 1.14165 0.289999
      vertex 12.6141 1.07847 0.289999
    endloop
  endfacet
  facet normal -0.577674 -0.550321 0.602859
    outer loop
      vertex 13.5173 2.0096 2
      vertex 13.4163 2.11562 2
      vertex 12.5596 1.14165 0.289999
    endloop
  endfacet
  facet normal 0.791861 0.0976296 0.602847
    outer loop
      vertex 8.33989 -0.438601 2
      vertex 9.6184 -0.249441 0.289999
      vertex 9.60819 -0.166629 0.289999
    endloop
  endfacet
  facet normal 0.791711 0.0987581 0.60286
    outer loop
      vertex 9.6184 -0.249441 0.289999
      vertex 8.33989 -0.438601 2
      vertex 8.33995 -0.439082 2
    endloop
  endfacet
  facet normal -0.795635 0.0592801 0.602869
    outer loop
      vertex 12.9918 -0.166629 0.289999
      vertex 14.2781 -0.292827 2
      vertex 12.998 -0.083415 0.289999
    endloop
  endfacet
  facet normal -0.782799 0.16207 0.600799
    outer loop
      vertex 14.2781 -0.292827 2
      vertex 12.9918 -0.166629 0.289999
      vertex 14.278 -0.29331 2
    endloop
  endfacet
  facet normal -0.063622 0.795276 0.6029
    outer loop
      vertex 11.4666 -1.69181 0.289999
      vertex 11.5928 -2.97807 2
      vertex 11.5933 -2.97803 2
    endloop
  endfacet
  facet normal -0.0587204 0.79569 0.602851
    outer loop
      vertex 11.5928 -2.97807 2
      vertex 11.4666 -1.69181 0.289999
      vertex 11.3834 -1.69795 0.289999
    endloop
  endfacet
  facet normal -0.729247 -0.323674 0.602855
    outer loop
      vertex 14.0647 1.14516 2
      vertex 14.0053 1.27899 2
      vertex 12.8706 0.650561 0.289999
    endloop
  endfacet
  facet normal -0.791875 0.0975357 0.602843
    outer loop
      vertex 12.9816 -0.249441 0.289999
      vertex 14.2601 -0.438601 2
      vertex 12.9918 -0.166629 0.289999
    endloop
  endfacet
  facet normal -0.800899 0 0.5988
    outer loop
      vertex 14.2601 -0.438601 2
      vertex 12.9816 -0.249441 0.289999
      vertex 14.2601 -0.439082 2
    endloop
  endfacet
  facet normal 0.358414 0.712815 0.602856
    outer loop
      vertex 10.4986 -1.49927 0.289999
      vertex 10.0206 -2.70514 2
      vertex 10.5732 -1.53678 0.289999
    endloop
  endfacet
  facet normal 0.320947 0.729425 0.604096
    outer loop
      vertex 10.0206 -2.70514 2
      vertex 10.4986 -1.49927 0.289999
      vertex 10.0201 -2.70492 2
    endloop
  endfacet
  facet normal -0.729466 0.323221 0.602834
    outer loop
      vertex 12.8368 -0.726843 0.289999
      vertex 14.0053 -1.27899 2
      vertex 12.8706 -0.650561 0.289999
    endloop
  endfacet
  facet normal -0.726302 0.330137 0.602905
    outer loop
      vertex 14.0053 -1.27899 2
      vertex 12.8368 -0.726843 0.289999
      vertex 14.0051 -1.27943 2
    endloop
  endfacet
  facet normal 0.674071 -0.426853 0.602847
    outer loop
      vertex 9.84186 0.873974 0.289999
      vertex 8.81162 1.6621 2
      vertex 8.7333 1.53842 2
    endloop
  endfacet
  facet normal 0.72942 0.323296 0.602848
    outer loop
      vertex 8.59467 -1.27899 2
      vertex 9.76322 -0.726843 0.289999
      vertex 9.72941 -0.650561 0.289999
    endloop
  endfacet
  facet normal 0.732555 0.316331 0.602742
    outer loop
      vertex 9.76322 -0.726843 0.289999
      vertex 8.59467 -1.27899 2
      vertex 8.59486 -1.27943 2
    endloop
  endfacet
  facet normal -0.0950636 0.792196 0.602817
    outer loop
      vertex 11.5494 -1.6816 0.289999
      vertex 11.7386 -2.96011 2
      vertex 11.7391 -2.96005 2
    endloop
  endfacet
  facet normal -0.0976433 0.791858 0.602849
    outer loop
      vertex 11.7386 -2.96011 2
      vertex 11.5494 -1.6816 0.289999
      vertex 11.4666 -1.69181 0.289999
    endloop
  endfacet
  facet normal -0.358862 -0.7126 0.602843
    outer loop
      vertex 12.7106 2.6391 2
      vertex 12.5799 2.70492 2
      vertex 12.1014 1.49927 0.289999
    endloop
  endfacet
  facet normal 0.757584 -0.250275 0.602851
    outer loop
      vertex 9.69938 0.572712 0.289999
      vertex 8.48248 1.00812 2
      vertex 8.43656 0.86912 2
    endloop
  endfacet
  facet normal 0.280584 -0.748225 0.601192
    outer loop
      vertex 10.7273 1.60062 0.289999
      vertex 10.4313 2.86359 2
      vertex 10.4309 2.86344 2
    endloop
  endfacet
  facet normal 0.250409 -0.757541 0.602849
    outer loop
      vertex 10.4313 2.86359 2
      vertex 10.7273 1.60062 0.289999
      vertex 10.8065 1.6268 0.289999
    endloop
  endfacet
  facet normal 0.174828 -0.778468 0.602846
    outer loop
      vertex 10.9683 1.66733 0.289999
      vertex 10.7162 2.93494 2
      vertex 10.5734 2.90287 2
    endloop
  endfacet
  facet normal 0.777159 -0.180353 0.602906
    outer loop
      vertex 8.39713 0.72663 2
      vertex 9.65095 0.413066 0.289999
      vertex 8.39724 0.727104 2
    endloop
  endfacet
  facet normal 0.778473 -0.174794 0.60285
    outer loop
      vertex 9.65095 0.413066 0.289999
      vertex 8.39713 0.72663 2
      vertex 9.63267 0.331653 0.289999
    endloop
  endfacet
  facet normal -0.250275 -0.757584 0.60285
    outer loop
      vertex 12.3081 2.81752 2
      vertex 12.1691 2.86344 2
      vertex 11.8727 1.60062 0.289999
    endloop
  endfacet
  facet normal -0.604189 -0.521069 0.602862
    outer loop
      vertex 13.6129 1.89875 2
      vertex 13.5173 2.0096 2
      vertex 12.5596 1.14165 0.289999
    endloop
  endfacet
  facet normal 0.76896 0.212776 0.602849
    outer loop
      vertex 8.43628 -0.868192 2
      vertex 9.65095 -0.413066 0.289999
      vertex 8.39724 -0.727104 2
    endloop
  endfacet
  facet normal -0.628901 -0.49098 0.602846
    outer loop
      vertex 13.7036 1.78259 2
      vertex 13.6135 1.898 2
      vertex 12.6655 1.01269 0.289999
    endloop
  endfacet
  facet normal 0.521144 -0.604149 0.602837
    outer loop
      vertex 10.1583 1.25962 0.289999
      vertex 9.40125 2.31287 2
      vertex 9.2904 2.21725 2
    endloop
  endfacet
  facet normal 0.660925 -0.446124 0.60345
    outer loop
      vertex 8.81188 1.66251 2
      vertex 9.93455 1.01269 0.289999
      vertex 8.81215 1.66291 2
    endloop
  endfacet
  facet normal 0.652304 -0.45943 0.602847
    outer loop
      vertex 9.93455 1.01269 0.289999
      vertex 8.81188 1.66251 2
      vertex 9.8865 0.944468 0.289999
    endloop
  endfacet
  facet normal 0.550162 0.57785 0.602837
    outer loop
      vertex 9.2904 -2.21725 2
      vertex 10.1583 -1.25962 0.289999
      vertex 9.18438 -2.11631 2
    endloop
  endfacet
  facet normal -0.459404 0.652321 0.602847
    outer loop
      vertex 12.9629 -2.48785 2
      vertex 13.0826 -2.40355 2
      vertex 12.3127 -1.36545 0.289999
    endloop
  endfacet
  facet normal 0.393282 0.694196 0.602844
    outer loop
      vertex 10.426 -1.45814 0.289999
      vertex 9.762 -2.56694 2
      vertex 10.4986 -1.49927 0.289999
    endloop
  endfacet
  facet normal 0.395837 0.692715 0.602876
    outer loop
      vertex 9.762 -2.56694 2
      vertex 10.426 -1.45814 0.289999
      vertex 9.76158 -2.5667 2
    endloop
  endfacet
  facet normal -0.521277 -0.604032 0.602839
    outer loop
      vertex 13.3096 2.21725 2
      vertex 13.1988 2.31287 2
      vertex 12.4417 1.25962 0.289999
    endloop
  endfacet
  facet normal -0.726302 -0.330137 0.602905
    outer loop
      vertex 12.8368 0.726843 0.289999
      vertex 14.0053 1.27899 2
      vertex 14.0051 1.27943 2
    endloop
  endfacet
  facet normal -0.729466 -0.323221 0.602834
    outer loop
      vertex 14.0053 1.27899 2
      vertex 12.8368 0.726843 0.289999
      vertex 12.8706 0.650561 0.289999
    endloop
  endfacet
  facet normal -0.744544 -0.286741 0.602855
    outer loop
      vertex 14.1173 1.00858 2
      vertex 14.0647 1.14516 2
      vertex 12.8706 0.650561 0.289999
    endloop
  endfacet
  facet normal 0.791711 -0.0987581 0.60286
    outer loop
      vertex 8.33989 0.438601 2
      vertex 9.6184 0.249441 0.289999
      vertex 8.33995 0.439082 2
    endloop
  endfacet
  facet normal 0.791861 -0.0976296 0.602847
    outer loop
      vertex 9.6184 0.249441 0.289999
      vertex 8.33989 0.438601 2
      vertex 9.60819 0.166629 0.289999
    endloop
  endfacet
  facet normal -0.768881 -0.213081 0.602842
    outer loop
      vertex 14.2028 0.727104 2
      vertex 14.1637 0.868192 2
      vertex 12.9491 0.413066 0.289999
    endloop
  endfacet
  facet normal -0.778554 -0.174424 0.602851
    outer loop
      vertex 14.2349 0.583796 2
      vertex 14.2029 0.72663 2
      vertex 12.9673 0.331653 0.289999
    endloop
  endfacet
  facet normal -0.393218 0.694235 0.602841
    outer loop
      vertex 12.7106 -2.6391 2
      vertex 12.838 -2.56694 2
      vertex 12.1014 -1.49927 0.289999
    endloop
  endfacet
  facet normal -0.694104 -0.393454 0.602838
    outer loop
      vertex 13.9391 1.41063 2
      vertex 13.8669 1.538 2
      vertex 12.7993 0.801374 0.289999
    endloop
  endfacet
  facet normal -0.446125 0.660927 0.603447
    outer loop
      vertex 12.3127 -1.36545 0.289999
      vertex 12.9625 -2.48812 2
      vertex 12.9629 -2.48785 2
    endloop
  endfacet
  facet normal -0.459532 0.652239 0.602838
    outer loop
      vertex 12.9625 -2.48812 2
      vertex 12.3127 -1.36545 0.289999
      vertex 12.2445 -1.4135 0.289999
    endloop
  endfacet
  facet normal 0.712662 -0.358729 0.602848
    outer loop
      vertex 9.80073 0.801374 0.289999
      vertex 8.6609 1.41063 2
      vertex 8.59508 1.27987 2
    endloop
  endfacet
  facet normal 0.797661 -0.0164484 0.602882
    outer loop
      vertex 9.6 0 0.289999
      vertex 8.30757 0.000484947 2
      vertex 8.30756 0 2
    endloop
  endfacet
  facet normal 0.797615 -0.0196021 0.602848
    outer loop
      vertex 8.30757 0.000484947 2
      vertex 9.6 0 0.289999
      vertex 9.60205 0.083415 0.289999
    endloop
  endfacet
  facet normal -0.490746 -0.629088 0.602841
    outer loop
      vertex 12.3785 1.31412 0.289999
      vertex 13.198 2.31349 2
      vertex 12.3127 1.36545 0.289999
    endloop
  endfacet
  facet normal -0.478829 -0.638438 0.602594
    outer loop
      vertex 13.198 2.31349 2
      vertex 12.3785 1.31412 0.289999
      vertex 13.1984 2.31319 2
    endloop
  endfacet
  facet normal 0.171436 -0.779256 0.602802
    outer loop
      vertex 10.8869 1.64905 0.289999
      vertex 10.5734 2.90287 2
      vertex 10.5729 2.90276 2
    endloop
  endfacet
  facet normal 0.174821 -0.778469 0.602846
    outer loop
      vertex 10.5734 2.90287 2
      vertex 10.8869 1.64905 0.289999
      vertex 10.9683 1.66733 0.289999
    endloop
  endfacet
  facet normal -0.270077 0.750215 0.603519
    outer loop
      vertex 11.9506 -1.57059 0.289999
      vertex 12.3081 -2.81752 2
      vertex 12.3086 -2.81734 2
    endloop
  endfacet
  facet normal -0.286982 0.744453 0.602852
    outer loop
      vertex 12.3081 -2.81752 2
      vertex 11.9506 -1.57059 0.289999
      vertex 11.8727 -1.60062 0.289999
    endloop
  endfacet
  facet normal -0.0195724 -0.797615 0.60285
    outer loop
      vertex 11.3834 1.69795 0.289999
      vertex 11.4468 2.98884 2
      vertex 11.3005 2.99243 2
    endloop
  endfacet
  facet normal 0.550162 -0.57785 0.602837
    outer loop
      vertex 10.1583 1.25962 0.289999
      vertex 9.2904 2.21725 2
      vertex 9.18438 2.11631 2
    endloop
  endfacet
  facet normal 0.126004 -0.787525 0.603264
    outer loop
      vertex 10.9683 1.66733 0.289999
      vertex 10.8609 2.96005 2
      vertex 10.8604 2.95997 2
    endloop
  endfacet
  facet normal 0.136306 -0.786124 0.602852
    outer loop
      vertex 10.8609 2.96005 2
      vertex 10.9683 1.66733 0.289999
      vertex 11.0506 1.6816 0.289999
    endloop
  endfacet
  facet normal -0.49087 -0.628985 0.602847
    outer loop
      vertex 13.198 2.31349 2
      vertex 13.0826 2.40355 2
      vertex 12.3127 1.36545 0.289999
    endloop
  endfacet
  facet normal -0.136306 -0.786124 0.602852
    outer loop
      vertex 11.6317 1.66733 0.289999
      vertex 11.7391 2.96005 2
      vertex 11.5494 1.6816 0.289999
    endloop
  endfacet
  facet normal -0.126004 -0.787525 0.603264
    outer loop
      vertex 11.7391 2.96005 2
      vertex 11.6317 1.66733 0.289999
      vertex 11.7396 2.95997 2
    endloop
  endfacet
  facet normal -0.250275 0.757584 0.60285
    outer loop
      vertex 12.1691 -2.86344 2
      vertex 12.3081 -2.81752 2
      vertex 11.8727 -1.60062 0.289999
    endloop
  endfacet
  facet normal -0.674244 0.426579 0.602848
    outer loop
      vertex 12.7135 -0.944468 0.289999
      vertex 13.7884 -1.6621 2
      vertex 12.7581 -0.873974 0.289999
    endloop
  endfacet
  facet normal -0.64404 0.471249 0.602609
    outer loop
      vertex 13.7884 -1.6621 2
      vertex 12.7135 -0.944468 0.289999
      vertex 13.7881 -1.66251 2
    endloop
  endfacet
  facet normal -0.781072 -0.167253 0.601625
    outer loop
      vertex 12.9268 0.493484 0.289999
      vertex 14.1637 0.868192 2
      vertex 14.1636 0.868659 2
    endloop
  endfacet
  facet normal -0.768843 -0.213201 0.602848
    outer loop
      vertex 14.1637 0.868192 2
      vertex 12.9268 0.493484 0.289999
      vertex 12.9491 0.413066 0.289999
    endloop
  endfacet
  facet normal -0.78197 -0.163592 0.601465
    outer loop
      vertex 12.9673 0.331653 0.289999
      vertex 14.2601 0.439082 2
      vertex 14.26 0.43956 2
    endloop
  endfacet
  facet normal -0.786046 -0.136725 0.602858
    outer loop
      vertex 14.2601 0.439082 2
      vertex 12.9673 0.331653 0.289999
      vertex 12.9816 0.249441 0.289999
    endloop
  endfacet
  facet normal 0.426855 -0.674074 0.602843
    outer loop
      vertex 10.426 1.45814 0.289999
      vertex 9.76158 2.5667 2
      vertex 9.6379 2.48838 2
    endloop
  endfacet
  facet normal 0.713563 -0.356781 0.602939
    outer loop
      vertex 8.59486 1.27943 2
      vertex 9.80073 0.801374 0.289999
      vertex 8.59508 1.27987 2
    endloop
  endfacet
  facet normal 0.712685 -0.35868 0.60285
    outer loop
      vertex 9.80073 0.801374 0.289999
      vertex 8.59486 1.27943 2
      vertex 9.76322 0.726843 0.289999
    endloop
  endfacet
  facet normal 0.490844 0.629006 0.602846
    outer loop
      vertex 9.51741 -2.40355 2
      vertex 10.2873 -1.36545 0.289999
      vertex 9.402 -2.31349 2
    endloop
  endfacet
  facet normal -0.652529 0.45911 0.602846
    outer loop
      vertex 12.6655 -1.01269 0.289999
      vertex 13.7881 -1.66251 2
      vertex 12.7135 -0.944468 0.289999
    endloop
  endfacet
  facet normal -0.639017 0.479263 0.601634
    outer loop
      vertex 13.7881 -1.66251 2
      vertex 12.6655 -1.01269 0.289999
      vertex 13.7878 -1.66291 2
    endloop
  endfacet
  facet normal -0.323417 -0.729365 0.60285
    outer loop
      vertex 12.579 2.70533 2
      vertex 12.4452 2.76466 2
      vertex 11.9506 1.57059 0.289999
    endloop
  endfacet
  facet normal -0.459404 -0.652321 0.602847
    outer loop
      vertex 13.0826 2.40355 2
      vertex 12.9629 2.48785 2
      vertex 12.3127 1.36545 0.289999
    endloop
  endfacet
  facet normal -0.639017 -0.479263 0.601634
    outer loop
      vertex 12.6655 1.01269 0.289999
      vertex 13.7881 1.66251 2
      vertex 13.7878 1.66291 2
    endloop
  endfacet
  facet normal -0.652529 -0.45911 0.602846
    outer loop
      vertex 13.7881 1.66251 2
      vertex 12.6655 1.01269 0.289999
      vertex 12.7135 0.944468 0.289999
    endloop
  endfacet
  facet normal 0.0976433 0.791858 0.602849
    outer loop
      vertex 11.0506 -1.6816 0.289999
      vertex 10.8614 -2.96011 2
      vertex 11.1334 -1.69181 0.289999
    endloop
  endfacet
  facet normal 0.0950636 0.792196 0.602817
    outer loop
      vertex 10.8614 -2.96011 2
      vertex 11.0506 -1.6816 0.289999
      vertex 10.8609 -2.96005 2
    endloop
  endfacet
  facet normal 0.626196 -0.494365 0.602894
    outer loop
      vertex 8.98651 1.898 2
      vertex 9.98588 1.07847 0.289999
      vertex 8.98681 1.89838 2
    endloop
  endfacet
  facet normal 0.629012 -0.490836 0.602847
    outer loop
      vertex 9.98588 1.07847 0.289999
      vertex 8.98651 1.898 2
      vertex 9.93455 1.01269 0.289999
    endloop
  endfacet
  facet normal -0.550217 0.577798 0.602836
    outer loop
      vertex 13.3096 -2.21725 2
      vertex 13.4156 -2.11631 2
      vertex 12.4417 -1.25962 0.289999
    endloop
  endfacet
  facet normal 0.21276 0.768967 0.602846
    outer loop
      vertex 10.5729 -2.90276 2
      vertex 10.8869 -1.64905 0.289999
      vertex 10.4318 -2.86372 2
    endloop
  endfacet
  facet normal -0.508528 -0.616398 0.60121
    outer loop
      vertex 13.4156 2.11631 2
      vertex 12.5021 1.20208 0.289999
      vertex 13.416 2.11598 2
    endloop
  endfacet
  facet normal -0.55033 -0.577683 0.602843
    outer loop
      vertex 12.5021 1.20208 0.289999
      vertex 13.4156 2.11631 2
      vertex 12.4417 1.25962 0.289999
    endloop
  endfacet
  facet normal 0.729391 0.323356 0.602851
    outer loop
      vertex 8.59467 -1.27899 2
      vertex 9.72941 -0.650561 0.289999
      vertex 8.53534 -1.14516 2
    endloop
  endfacet
  facet normal -0.628901 0.49098 0.602846
    outer loop
      vertex 13.6135 -1.898 2
      vertex 13.7036 -1.78259 2
      vertex 12.6655 -1.01269 0.289999
    endloop
  endfacet
  facet normal 0.577842 0.550154 0.602851
    outer loop
      vertex 9.18369 -2.11562 2
      vertex 10.0404 -1.14165 0.289999
      vertex 9.08275 -2.0096 2
    endloop
  endfacet
  facet normal 0.673793 -0.427283 0.602853
    outer loop
      vertex 8.81162 1.6621 2
      vertex 9.8865 0.944468 0.289999
      vertex 8.81188 1.66251 2
    endloop
  endfacet
  facet normal 0.674071 -0.426853 0.602847
    outer loop
      vertex 9.8865 0.944468 0.289999
      vertex 8.81162 1.6621 2
      vertex 9.84186 0.873974 0.289999
    endloop
  endfacet
  facet normal 0.7444 0.287121 0.602851
    outer loop
      vertex 8.53534 -1.14516 2
      vertex 9.72941 -0.650561 0.289999
      vertex 8.48266 -1.00858 2
    endloop
  endfacet
  facet normal 0.0976603 0.791855 0.60285
    outer loop
      vertex 11.0067 -2.97803 2
      vertex 11.1334 -1.69181 0.289999
      vertex 10.8614 -2.96011 2
    endloop
  endfacet
  facet normal 0.426829 0.674091 0.602842
    outer loop
      vertex 10.3555 -1.4135 0.289999
      vertex 9.6379 -2.48838 2
      vertex 10.426 -1.45814 0.289999
    endloop
  endfacet
  facet normal 0.427286 0.673796 0.602848
    outer loop
      vertex 9.6379 -2.48838 2
      vertex 10.3555 -1.4135 0.289999
      vertex 9.63749 -2.48812 2
    endloop
  endfacet
  facet normal -0.577674 0.550321 0.602859
    outer loop
      vertex 13.4163 -2.11562 2
      vertex 13.5173 -2.0096 2
      vertex 12.5596 -1.14165 0.289999
    endloop
  endfacet
  facet normal -0.426829 -0.674091 0.602842
    outer loop
      vertex 12.2445 1.4135 0.289999
      vertex 12.9621 2.48838 2
      vertex 12.174 1.45814 0.289999
    endloop
  endfacet
  facet normal -0.434791 -0.668909 0.602925
    outer loop
      vertex 12.9621 2.48838 2
      vertex 12.2445 1.4135 0.289999
      vertex 12.9625 2.48812 2
    endloop
  endfacet
  facet normal 0.0950636 -0.792196 0.602817
    outer loop
      vertex 11.0506 1.6816 0.289999
      vertex 10.8614 2.96011 2
      vertex 10.8609 2.96005 2
    endloop
  endfacet
  facet normal 0.0976433 -0.791858 0.602849
    outer loop
      vertex 10.8614 2.96011 2
      vertex 11.0506 1.6816 0.289999
      vertex 11.1334 1.69181 0.289999
    endloop
  endfacet
  facet normal 0.550327 0.577681 0.602847
    outer loop
      vertex 10.0979 -1.20208 0.289999
      vertex 9.18438 -2.11631 2
      vertex 10.1583 -1.25962 0.289999
    endloop
  endfacet
  facet normal 0.539258 0.588281 0.6026
    outer loop
      vertex 9.18438 -2.11631 2
      vertex 10.0979 -1.20208 0.289999
      vertex 9.18402 -2.11598 2
    endloop
  endfacet
  facet normal -0.358862 0.7126 0.602843
    outer loop
      vertex 12.5799 -2.70492 2
      vertex 12.7106 -2.6391 2
      vertex 12.1014 -1.49927 0.289999
    endloop
  endfacet
  facet normal -0.320947 0.729425 0.604096
    outer loop
      vertex 12.1014 -1.49927 0.289999
      vertex 12.5794 -2.70514 2
      vertex 12.5799 -2.70492 2
    endloop
  endfacet
  facet normal -0.358414 0.712815 0.602856
    outer loop
      vertex 12.5794 -2.70514 2
      vertex 12.1014 -1.49927 0.289999
      vertex 12.0268 -1.53678 0.289999
    endloop
  endfacet
  facet normal -0.358414 -0.712815 0.602856
    outer loop
      vertex 12.1014 1.49927 0.289999
      vertex 12.5794 2.70514 2
      vertex 12.0268 1.53678 0.289999
    endloop
  endfacet
  facet normal -0.320947 -0.729425 0.604096
    outer loop
      vertex 12.5794 2.70514 2
      vertex 12.1014 1.49927 0.289999
      vertex 12.5799 2.70492 2
    endloop
  endfacet
  facet normal 0.629005 -0.490843 0.602848
    outer loop
      vertex 9.93455 1.01269 0.289999
      vertex 8.98651 1.898 2
      vertex 8.89645 1.78259 2
    endloop
  endfacet
  facet normal -0.280584 0.748225 0.601192
    outer loop
      vertex 11.8727 -1.60062 0.289999
      vertex 12.1687 -2.86359 2
      vertex 12.1691 -2.86344 2
    endloop
  endfacet
  facet normal -0.250409 0.757541 0.602849
    outer loop
      vertex 12.1687 -2.86359 2
      vertex 11.8727 -1.60062 0.289999
      vertex 11.7935 -1.6268 0.289999
    endloop
  endfacet
  facet normal -0.550217 -0.577798 0.602836
    outer loop
      vertex 13.4156 2.11631 2
      vertex 13.3096 2.21725 2
      vertex 12.4417 1.25962 0.289999
    endloop
  endfacet
  facet normal 0.286982 0.744453 0.602852
    outer loop
      vertex 10.6494 -1.57059 0.289999
      vertex 10.2919 -2.81752 2
      vertex 10.7273 -1.60062 0.289999
    endloop
  endfacet
  facet normal 0.270077 0.750215 0.603519
    outer loop
      vertex 10.2919 -2.81752 2
      vertex 10.6494 -1.57059 0.289999
      vertex 10.2914 -2.81734 2
    endloop
  endfacet
  facet normal 0.287085 0.744415 0.602851
    outer loop
      vertex 10.2914 -2.81734 2
      vertex 10.6494 -1.57059 0.289999
      vertex 10.1548 -2.76466 2
    endloop
  endfacet
  facet normal 0.795692 0.058698 0.60285
    outer loop
      vertex 8.32193 -0.292827 2
      vertex 9.60205 -0.083415 0.289999
      vertex 8.31116 -0.146832 2
    endloop
  endfacet
  facet normal 0.797615 0.0195661 0.60285
    outer loop
      vertex 8.31116 -0.146832 2
      vertex 9.60205 -0.083415 0.289999
      vertex 8.30757 -0.000484947 2
    endloop
  endfacet
  facet normal 0.629012 0.490836 0.602847
    outer loop
      vertex 8.98651 -1.898 2
      vertex 9.98588 -1.07847 0.289999
      vertex 9.93455 -1.01269 0.289999
    endloop
  endfacet
  facet normal 0.626196 0.494365 0.602894
    outer loop
      vertex 9.98588 -1.07847 0.289999
      vertex 8.98651 -1.898 2
      vertex 8.98681 -1.89838 2
    endloop
  endfacet
  facet normal 0.521144 0.604149 0.602837
    outer loop
      vertex 9.40125 -2.31287 2
      vertex 10.1583 -1.25962 0.289999
      vertex 9.2904 -2.21725 2
    endloop
  endfacet
  facet normal -0.426807 -0.674106 0.60284
    outer loop
      vertex 12.9621 2.48838 2
      vertex 12.8384 2.5667 2
      vertex 12.174 1.45814 0.289999
    endloop
  endfacet
  facet normal 0.791855 0.0976664 0.602849
    outer loop
      vertex 8.33989 -0.438601 2
      vertex 9.60819 -0.166629 0.289999
      vertex 8.32197 -0.29331 2
    endloop
  endfacet
  facet normal 0.174828 0.778468 0.602846
    outer loop
      vertex 10.7162 -2.93494 2
      vertex 10.9683 -1.66733 0.289999
      vertex 10.5734 -2.90287 2
    endloop
  endfacet
  facet normal 0.459456 0.652286 0.602846
    outer loop
      vertex 9.63709 -2.48785 2
      vertex 10.2873 -1.36545 0.289999
      vertex 9.51741 -2.40355 2
    endloop
  endfacet
  facet normal 0.694191 0.393286 0.602848
    outer loop
      vertex 8.73306 -1.538 2
      vertex 9.80073 -0.801374 0.289999
      vertex 8.6609 -1.41063 2
    endloop
  endfacet
  facet normal 0.446125 -0.660926 0.603449
    outer loop
      vertex 10.2873 1.36545 0.289999
      vertex 9.63749 2.48812 2
      vertex 9.63709 2.48785 2
    endloop
  endfacet
  facet normal 0.459532 -0.652238 0.60284
    outer loop
      vertex 9.63749 2.48812 2
      vertex 10.2873 1.36545 0.289999
      vertex 10.3555 1.4135 0.289999
    endloop
  endfacet
  facet normal 0.063622 -0.795276 0.6029
    outer loop
      vertex 11.1334 1.69181 0.289999
      vertex 11.0072 2.97807 2
      vertex 11.0067 2.97803 2
    endloop
  endfacet
  facet normal 0.0587204 -0.79569 0.602851
    outer loop
      vertex 11.0072 2.97807 2
      vertex 11.1334 1.69181 0.289999
      vertex 11.2166 1.69795 0.289999
    endloop
  endfacet
  facet normal 0.588281 -0.539258 0.6026
    outer loop
      vertex 9.18369 2.11562 2
      vertex 10.0979 1.20208 0.289999
      vertex 9.18402 2.11598 2
    endloop
  endfacet
  facet normal 0.578012 -0.549986 0.602841
    outer loop
      vertex 10.0979 1.20208 0.289999
      vertex 9.18369 2.11562 2
      vertex 10.0404 1.14165 0.289999
    endloop
  endfacet
  facet normal 0.21276 -0.768967 0.602846
    outer loop
      vertex 10.8869 1.64905 0.289999
      vertex 10.5729 2.90276 2
      vertex 10.4318 2.86372 2
    endloop
  endfacet
  facet normal 0.652285 0.459455 0.602848
    outer loop
      vertex 8.89645 -1.78259 2
      vertex 9.93455 -1.01269 0.289999
      vertex 8.81215 -1.66291 2
    endloop
  endfacet
  facet normal 0.521946 -0.6035 0.602793
    outer loop
      vertex 10.1583 1.25962 0.289999
      vertex 9.40162 2.31319 2
      vertex 9.40125 2.31287 2
    endloop
  endfacet
  facet normal 0.521049 -0.604226 0.602843
    outer loop
      vertex 9.40162 2.31319 2
      vertex 10.1583 1.25962 0.289999
      vertex 10.2215 1.31412 0.289999
    endloop
  endfacet
  facet normal 0.250409 0.757541 0.602849
    outer loop
      vertex 10.7273 -1.60062 0.289999
      vertex 10.4313 -2.86359 2
      vertex 10.8065 -1.6268 0.289999
    endloop
  endfacet
  facet normal 0.280584 0.748225 0.601192
    outer loop
      vertex 10.4313 -2.86359 2
      vertex 10.7273 -1.60062 0.289999
      vertex 10.4309 -2.86344 2
    endloop
  endfacet
  facet normal -0.712733 0.358609 0.602835
    outer loop
      vertex 12.7993 -0.801374 0.289999
      vertex 14.0051 -1.27943 2
      vertex 12.8368 -0.726843 0.289999
    endloop
  endfacet
  facet normal -0.725628 0.329831 0.603883
    outer loop
      vertex 14.0051 -1.27943 2
      vertex 12.7993 -0.801374 0.289999
      vertex 14.0049 -1.27987 2
    endloop
  endfacet
  facet normal 0.459456 -0.652286 0.602846
    outer loop
      vertex 10.2873 1.36545 0.289999
      vertex 9.63709 2.48785 2
      vertex 9.51741 2.40355 2
    endloop
  endfacet
  facet normal -0.459532 -0.652239 0.602838
    outer loop
      vertex 12.3127 1.36545 0.289999
      vertex 12.9625 2.48812 2
      vertex 12.2445 1.4135 0.289999
    endloop
  endfacet
  facet normal -0.446125 -0.660927 0.603447
    outer loop
      vertex 12.9625 2.48812 2
      vertex 12.3127 1.36545 0.289999
      vertex 12.9629 2.48785 2
    endloop
  endfacet
  facet normal 0.786106 0.136417 0.602849
    outer loop
      vertex 8.36506 -0.583796 2
      vertex 9.63267 -0.331653 0.289999
      vertex 8.34003 -0.43956 2
    endloop
  endfacet
  facet normal 0.778473 0.174794 0.60285
    outer loop
      vertex 8.39713 -0.72663 2
      vertex 9.65095 -0.413066 0.289999
      vertex 9.63267 -0.331653 0.289999
    endloop
  endfacet
  facet normal 0.777159 0.180353 0.602906
    outer loop
      vertex 9.65095 -0.413066 0.289999
      vertex 8.39713 -0.72663 2
      vertex 8.39724 -0.727104 2
    endloop
  endfacet
  facet normal -0.49087 0.628985 0.602847
    outer loop
      vertex 13.0826 -2.40355 2
      vertex 13.198 -2.31349 2
      vertex 12.3127 -1.36545 0.289999
    endloop
  endfacet
  facet normal 0.358796 -0.712631 0.602846
    outer loop
      vertex 10.4986 1.49927 0.289999
      vertex 10.0201 2.70492 2
      vertex 9.88937 2.6391 2
    endloop
  endfacet
  facet normal 0.320947 -0.729425 0.604096
    outer loop
      vertex 10.4986 1.49927 0.289999
      vertex 10.0206 2.70514 2
      vertex 10.0201 2.70492 2
    endloop
  endfacet
  facet normal 0.358414 -0.712815 0.602856
    outer loop
      vertex 10.0206 2.70514 2
      vertex 10.4986 1.49927 0.289999
      vertex 10.5732 1.53678 0.289999
    endloop
  endfacet
  facet normal -0.693902 0.393785 0.602855
    outer loop
      vertex 12.7581 -0.873974 0.289999
      vertex 13.8669 -1.538 2
      vertex 12.7993 -0.801374 0.289999
    endloop
  endfacet
  facet normal -0.721462 0.343553 0.601219
    outer loop
      vertex 13.8669 -1.538 2
      vertex 12.7581 -0.873974 0.289999
      vertex 13.8667 -1.53842 2
    endloop
  endfacet
  facet normal 0.494368 -0.6262 0.602888
    outer loop
      vertex 10.2215 1.31412 0.289999
      vertex 9.402 2.31349 2
      vertex 9.40162 2.31319 2
    endloop
  endfacet
  facet normal 0.490746 -0.629088 0.602841
    outer loop
      vertex 9.402 2.31349 2
      vertex 10.2215 1.31412 0.289999
      vertex 10.2873 1.36545 0.289999
    endloop
  endfacet
  facet normal 0.0159533 0.797667 0.602887
    outer loop
      vertex 11.3 -1.7 0.289999
      vertex 11.2995 -2.99243 2
      vertex 11.3 -2.99244 2
    endloop
  endfacet
  facet normal 0.0196056 0.797615 0.602848
    outer loop
      vertex 11.2995 -2.99243 2
      vertex 11.3 -1.7 0.289999
      vertex 11.2166 -1.69795 0.289999
    endloop
  endfacet
  facet normal 0.270077 -0.750215 0.603519
    outer loop
      vertex 10.6494 1.57059 0.289999
      vertex 10.2919 2.81752 2
      vertex 10.2914 2.81734 2
    endloop
  endfacet
  facet normal 0.286982 -0.744453 0.602852
    outer loop
      vertex 10.2919 2.81752 2
      vertex 10.6494 1.57059 0.289999
      vertex 10.7273 1.60062 0.289999
    endloop
  endfacet
  facet normal 0.250275 -0.757584 0.60285
    outer loop
      vertex 10.7273 1.60062 0.289999
      vertex 10.4309 2.86344 2
      vertex 10.2919 2.81752 2
    endloop
  endfacet
  facet normal -0.604138 0.521138 0.602854
    outer loop
      vertex 12.5596 -1.14165 0.289999
      vertex 13.6132 -1.89838 2
      vertex 12.6141 -1.07847 0.289999
    endloop
  endfacet
  facet normal -0.619229 0.502077 0.603717
    outer loop
      vertex 13.6132 -1.89838 2
      vertex 12.5596 -1.14165 0.289999
      vertex 13.6129 -1.89875 2
    endloop
  endfacet
  facet normal -0.626192 -0.494362 0.602901
    outer loop
      vertex 12.6141 1.07847 0.289999
      vertex 13.6135 1.898 2
      vertex 13.6132 1.89838 2
    endloop
  endfacet
  facet normal -0.628679 -0.491245 0.60286
    outer loop
      vertex 13.6135 1.898 2
      vertex 12.6141 1.07847 0.289999
      vertex 12.6655 1.01269 0.289999
    endloop
  endfacet
  facet normal 0.757584 0.250275 0.602851
    outer loop
      vertex 8.48248 -1.00812 2
      vertex 9.69938 -0.572712 0.289999
      vertex 8.43656 -0.86912 2
    endloop
  endfacet
  facet normal -0.791872 -0.0975594 0.602844
    outer loop
      vertex 14.278 0.29331 2
      vertex 14.2601 0.438601 2
      vertex 12.9918 0.166629 0.289999
    endloop
  endfacet
  facet normal -0.782799 -0.16207 0.600799
    outer loop
      vertex 12.9918 0.166629 0.289999
      vertex 14.2781 0.292827 2
      vertex 14.278 0.29331 2
    endloop
  endfacet
  facet normal -0.795635 -0.0592801 0.602869
    outer loop
      vertex 14.2781 0.292827 2
      vertex 12.9918 0.166629 0.289999
      vertex 12.998 0.083415 0.289999
    endloop
  endfacet
  facet normal 0.692712 -0.395836 0.60288
    outer loop
      vertex 8.73306 1.538 2
      vertex 9.84186 0.873974 0.289999
      vertex 8.7333 1.53842 2
    endloop
  endfacet
  facet normal 0.694194 -0.393281 0.602848
    outer loop
      vertex 9.84186 0.873974 0.289999
      vertex 8.73306 1.538 2
      vertex 9.80073 0.801374 0.289999
    endloop
  endfacet
  facet normal 0.0195724 0.797615 0.60285
    outer loop
      vertex 11.2995 -2.99243 2
      vertex 11.2166 -1.69795 0.289999
      vertex 11.1532 -2.98884 2
    endloop
  endfacet
  facet normal 0.652304 0.45943 0.602847
    outer loop
      vertex 8.81188 -1.66251 2
      vertex 9.93455 -1.01269 0.289999
      vertex 9.8865 -0.944468 0.289999
    endloop
  endfacet
  facet normal 0.660925 0.446124 0.60345
    outer loop
      vertex 9.93455 -1.01269 0.289999
      vertex 8.81188 -1.66251 2
      vertex 8.81215 -1.66291 2
    endloop
  endfacet
  facet normal 0.674071 0.426853 0.602847
    outer loop
      vertex 8.81162 -1.6621 2
      vertex 9.8865 -0.944468 0.289999
      vertex 9.84186 -0.873974 0.289999
    endloop
  endfacet
  facet normal 0.673793 0.427283 0.602853
    outer loop
      vertex 9.8865 -0.944468 0.289999
      vertex 8.81162 -1.6621 2
      vertex 8.81188 -1.66251 2
    endloop
  endfacet
  facet normal -0.393282 -0.694196 0.602844
    outer loop
      vertex 12.174 1.45814 0.289999
      vertex 12.838 2.56694 2
      vertex 12.1014 1.49927 0.289999
    endloop
  endfacet
  facet normal -0.410452 -0.684086 0.602956
    outer loop
      vertex 12.838 2.56694 2
      vertex 12.174 1.45814 0.289999
      vertex 12.8384 2.5667 2
    endloop
  endfacet
  facet normal -0.393218 -0.694235 0.602841
    outer loop
      vertex 12.838 2.56694 2
      vertex 12.7106 2.6391 2
      vertex 12.1014 1.49927 0.289999
    endloop
  endfacet
  facet normal 0.490844 -0.629006 0.602846
    outer loop
      vertex 10.2873 1.36545 0.289999
      vertex 9.51741 2.40355 2
      vertex 9.402 2.31349 2
    endloop
  endfacet
  facet normal 0.744391 0.287146 0.602851
    outer loop
      vertex 8.48248 -1.00812 2
      vertex 9.72941 -0.650561 0.289999
      vertex 9.69938 -0.572712 0.289999
    endloop
  endfacet
  facet normal 0.743115 0.290784 0.602681
    outer loop
      vertex 9.72941 -0.650561 0.289999
      vertex 8.48248 -1.00812 2
      vertex 8.48266 -1.00858 2
    endloop
  endfacet
  facet normal 0.603492 -0.521939 0.602807
    outer loop
      vertex 8.98681 1.89838 2
      vertex 10.0404 1.14165 0.289999
      vertex 8.98713 1.89875 2
    endloop
  endfacet
  facet normal 0.604048 -0.521252 0.602845
    outer loop
      vertex 10.0404 1.14165 0.289999
      vertex 8.98681 1.89838 2
      vertex 9.98588 1.07847 0.289999
    endloop
  endfacet
  facet normal 0.212801 0.768954 0.602848
    outer loop
      vertex 10.8065 -1.6268 0.289999
      vertex 10.4318 -2.86372 2
      vertex 10.8869 -1.64905 0.289999
    endloop
  endfacet
  facet normal 0.200804 0.772323 0.602656
    outer loop
      vertex 10.4318 -2.86372 2
      vertex 10.8065 -1.6268 0.289999
      vertex 10.4313 -2.86359 2
    endloop
  endfacet
  facet normal 0.712685 0.35868 0.60285
    outer loop
      vertex 8.59486 -1.27943 2
      vertex 9.80073 -0.801374 0.289999
      vertex 9.76322 -0.726843 0.289999
    endloop
  endfacet
  facet normal 0.713563 0.356781 0.602939
    outer loop
      vertex 9.80073 -0.801374 0.289999
      vertex 8.59486 -1.27943 2
      vertex 8.59508 -1.27987 2
    endloop
  endfacet
  facet normal 0.052032 0.705342 0.706955
    outer loop
      vertex 0.733562 14.932 1.7
      vertex 0.718841 14.6324 2
      vertex 1.43595 14.5795 2
    endloop
  endfacet
  facet normal -0.154875 -0.689999 -0.707047
    outer loop
      vertex -2.9166 -14.6627 0.599999
      vertex -3.63255 -14.502 0.599999
      vertex -3.48676 -13.9199 0
    endloop
  endfacet
  facet normal 0.348619 0.615335 -0.706985
    outer loop
      vertex 7.37737 12.3084 0
      vertex 6.76454 12.6556 0
      vertex 7.68584 12.823 0.599999
    endloop
  endfacet
  facet normal 0.0520491 0.70536 0.706936
    outer loop
      vertex 1.46536 14.878 1.7
      vertex 0.733562 14.932 1.7
      vertex 1.43595 14.5795 2
    endloop
  endfacet
  facet normal 0.681577 0.188607 -0.707023
    outer loop
      vertex 14.502 3.63255 0.599999
      vertex 13.7321 4.16558 0
      vertex 14.3063 4.33976 0.599999
    endloop
  endfacet
  facet normal -0.646534 0.286596 0.707005
    outer loop
      vertex -13.5146 6.39195 1.7
      vertex -13.5348 5.60631 2
      vertex -13.2434 6.26368 2
    endloop
  endfacet
  facet normal -0.59744 0.37833 0.707059
    outer loop
      vertex -12.4305 8.30577 1.7
      vertex -12.5657 7.5316 2
      vertex -12.181 8.1391 2
    endloop
  endfacet
  facet normal 0.659786 -0.25452 0.707038
    outer loop
      vertex 14.0761 -5.0365 1.7
      vertex 13.7936 -4.93544 2
      vertex 13.812 -5.72112 1.7
    endloop
  endfacet
  facet normal 0.557544 -0.435082 -0.706999
    outer loop
      vertex 11.5565 -9.48418 0.599999
      vertex 11.0927 -9.10354 0
      vertex 11.526 -8.54828 0
    endloop
  endfacet
  facet normal -0.707046 0.0173494 0.706955
    outer loop
      vertex -14.932 0.733562 1.7
      vertex -14.95 0 1.7
      vertex -14.6324 0.718841 2
    endloop
  endfacet
  facet normal -0.449594 -0.893233 0
    outer loop
      vertex -7.04738 -13.1847 0.599999
      vertex -6.39195 -13.5146 1.7
      vertex -7.04738 -13.1847 1.7
    endloop
  endfacet
  facet normal -0.449594 -0.893233 -0
    outer loop
      vertex -6.39195 -13.5146 1.7
      vertex -7.04738 -13.1847 0.599999
      vertex -6.39195 -13.5146 0.599999
    endloop
  endfacet
  facet normal -0.0173101 0.707001 0.707001
    outer loop
      vertex 0 14.95 1.7
      vertex -0.718841 14.6324 2
      vertex 0 14.65 2
    endloop
  endfacet
  facet normal 0.487681 0.512162 0.707006
    outer loop
      vertex 10.0398 11.0772 1.7
      vertex 9.83834 10.8549 2
      vertex 10.5712 10.5712 1.7
    endloop
  endfacet
  facet normal 0.597531 -0.378318 0.706988
    outer loop
      vertex 12.5657 -7.5316 2
      vertex 12.4305 -8.30577 1.7
      vertex 12.823 -7.68584 1.7
    endloop
  endfacet
  facet normal 0.120945 -0.69674 0.707054
    outer loop
      vertex 2.9166 -14.6627 1.7
      vertex 2.1496 -14.4914 2
      vertex 2.19362 -14.7882 1.7
    endloop
  endfacet
  facet normal 0.0520105 0.705284 -0.707014
    outer loop
      vertex 1.40655 14.2809 0
      vertex 0.704121 14.3327 0
      vertex 0.733562 14.932 0.599999
    endloop
  endfacet
  facet normal -0.37833 -0.59744 0.707059
    outer loop
      vertex -8.1391 -12.181 2
      vertex -8.30577 -12.4305 1.7
      vertex -7.5316 -12.5657 2
    endloop
  endfacet
  facet normal 0.5355 0.461944 0.706999
    outer loop
      vertex 11.5565 9.48418 1.7
      vertex 11.0772 10.0398 1.7
      vertex 11.3246 9.29386 2
    endloop
  endfacet
  facet normal 0.154916 0.690078 0.706961
    outer loop
      vertex 2.9166 14.6627 1.7
      vertex 2.85807 14.3685 2
      vertex 3.55966 14.211 2
    endloop
  endfacet
  facet normal -0.0865426 0.701843 0.707055
    outer loop
      vertex -1.46536 14.878 1.7
      vertex -2.19362 14.7882 1.7
      vertex -2.1496 14.4914 2
    endloop
  endfacet
  facet normal -0.219008 -0.975723 0
    outer loop
      vertex -3.63255 -14.502 0.599999
      vertex -2.9166 -14.6627 1.7
      vertex -3.63255 -14.502 1.7
    endloop
  endfacet
  facet normal -0.219008 -0.975723 -0
    outer loop
      vertex -2.9166 -14.6627 1.7
      vertex -3.63255 -14.502 0.599999
      vertex -2.9166 -14.6627 0.599999
    endloop
  endfacet
  facet normal 0.120955 0.696796 -0.706997
    outer loop
      vertex 2.9166 14.6627 0.599999
      vertex 2.10558 14.1947 0
      vertex 2.19362 14.7882 0.599999
    endloop
  endfacet
  facet normal 0.22181 0.671545 -0.706985
    outer loop
      vertex 4.83437 13.5112 0
      vertex 4.16558 13.7321 0
      vertex 5.0365 14.0761 0.599999
    endloop
  endfacet
  facet normal 0.487721 -0.512204 -0.706948
    outer loop
      vertex 10.5712 -10.5712 0.599999
      vertex 10.0398 -11.0772 0.599999
      vertex 10.147 -10.147 0
    endloop
  endfacet
  facet normal 0.122381 0.992483 -0
    outer loop
      vertex 2.19362 14.7882 0.599999
      vertex 1.46536 14.878 1.7
      vertex 2.19362 14.7882 1.7
    endloop
  endfacet
  facet normal 0.122381 0.992483 0
    outer loop
      vertex 1.46536 14.878 1.7
      vertex 2.19362 14.7882 0.599999
      vertex 1.46536 14.878 0.599999
    endloop
  endfacet
  facet normal 0.705301 0.0520448 -0.706995
    outer loop
      vertex 14.932 0.733562 0.599999
      vertex 14.2809 1.40655 0
      vertex 14.878 1.46536 0.599999
    endloop
  endfacet
  facet normal -0.0866556 -0.70195 0.706935
    outer loop
      vertex -1.43595 -14.5795 2
      vertex -2.1496 -14.4914 2
      vertex -1.46536 -14.878 1.7
    endloop
  endfacet
  facet normal -0.631703 -0.317958 -0.707004
    outer loop
      vertex -13.1847 -7.04738 0.599999
      vertex -13.5146 -6.39195 0.599999
      vertex -12.9722 -6.13542 0
    endloop
  endfacet
  facet normal -0.701902 -0.0865542 -0.706995
    outer loop
      vertex -14.1947 -2.10558 0
      vertex -14.878 -1.46536 0.599999
      vertex -14.2809 -1.40655 0
    endloop
  endfacet
  facet normal -0.659834 0.254539 -0.706986
    outer loop
      vertex -13.5112 4.83437 0
      vertex -13.812 5.72112 0.599999
      vertex -13.2577 5.49151 0
    endloop
  endfacet
  facet normal -0.5355 -0.461944 0.706999
    outer loop
      vertex -11.3246 -9.29386 2
      vertex -11.5565 -9.48418 1.7
      vertex -11.0772 -10.0398 1.7
    endloop
  endfacet
  facet normal 0.348609 0.615353 -0.706974
    outer loop
      vertex 7.68584 12.823 0.599999
      vertex 6.76454 12.6556 0
      vertex 7.04738 13.1847 0.599999
    endloop
  endfacet
  facet normal 0.286624 -0.646523 -0.707004
    outer loop
      vertex 6.39195 -13.5146 0.599999
      vertex 5.72112 -13.812 0.599999
      vertex 6.13542 -12.9722 0
    endloop
  endfacet
  facet normal -0.120945 0.69674 0.707054
    outer loop
      vertex -2.19362 14.7882 1.7
      vertex -2.9166 14.6627 1.7
      vertex -2.1496 14.4914 2
    endloop
  endfacet
  facet normal 0.512238 -0.487687 0.706947
    outer loop
      vertex 10.8549 -9.83834 2
      vertex 10.3591 -10.3591 2
      vertex 10.5712 -10.5712 1.7
    endloop
  endfacet
  facet normal -0.681602 -0.188643 0.706988
    outer loop
      vertex -14.211 -3.55966 2
      vertex -14.502 -3.63255 1.7
      vertex -14.0192 -4.25267 2
    endloop
  endfacet
  facet normal -0.707001 0.0173101 0.707001
    outer loop
      vertex -14.6324 0.718841 2
      vertex -14.95 0 1.7
      vertex -14.65 0 2
    endloop
  endfacet
  facet normal 0.707001 0.0173101 0.707001
    outer loop
      vertex 14.95 0 1.7
      vertex 14.6324 0.718841 2
      vertex 14.65 0 2
    endloop
  endfacet
  facet normal 0.435108 0.557478 0.707035
    outer loop
      vertex 8.9057 12.008 1.7
      vertex 8.72699 11.767 2
      vertex 9.48418 11.5565 1.7
    endloop
  endfacet
  facet normal 0.0865496 -0.7019 -0.706997
    outer loop
      vertex 2.19362 -14.7882 0.599999
      vertex 1.46536 -14.878 0.599999
      vertex 2.10558 -14.1947 0
    endloop
  endfacet
  facet normal 0.724203 0.689587 0
    outer loop
      vertex 11.0772 10.0398 1.7
      vertex 10.5712 10.5712 0.599999
      vertex 10.5712 10.5712 1.7
    endloop
  endfacet
  facet normal 0.724203 0.689587 0
    outer loop
      vertex 10.5712 10.5712 0.599999
      vertex 11.0772 10.0398 1.7
      vertex 11.0772 10.0398 0.599999
    endloop
  endfacet
  facet normal -0.052032 0.705342 0.706955
    outer loop
      vertex -0.733562 14.932 1.7
      vertex -1.43595 14.5795 2
      vertex -0.718841 14.6324 2
    endloop
  endfacet
  facet normal 0.681602 0.188643 0.706988
    outer loop
      vertex 14.502 3.63255 1.7
      vertex 14.0192 4.25267 2
      vertex 14.211 3.55966 2
    endloop
  endfacet
  facet normal -0.487687 -0.512238 0.706947
    outer loop
      vertex -10.3591 -10.3591 2
      vertex -10.5712 -10.5712 1.7
      vertex -9.83834 -10.8549 2
    endloop
  endfacet
  facet normal 0.65978 -0.254522 0.707042
    outer loop
      vertex 13.7936 -4.93544 2
      vertex 13.5348 -5.60631 2
      vertex 13.812 -5.72112 1.7
    endloop
  endfacet
  facet normal 0.615353 0.348609 -0.706974
    outer loop
      vertex 13.1847 7.04738 0.599999
      vertex 12.6556 6.76454 0
      vertex 12.823 7.68584 0.599999
    endloop
  endfacet
  facet normal 0.0520448 -0.705301 -0.706995
    outer loop
      vertex 1.46536 -14.878 0.599999
      vertex 0.733562 -14.932 0.599999
      vertex 1.40655 -14.2809 0
    endloop
  endfacet
  facet normal -0.59744 -0.37833 0.707059
    outer loop
      vertex -12.181 -8.1391 2
      vertex -12.5657 -7.5316 2
      vertex -12.4305 -8.30577 1.7
    endloop
  endfacet
  facet normal -0.0520448 -0.705301 -0.706995
    outer loop
      vertex -0.733562 -14.932 0.599999
      vertex -1.46536 -14.878 0.599999
      vertex -1.40655 -14.2809 0
    endloop
  endfacet
  facet normal -0.707001 -0.0173101 0.707001
    outer loop
      vertex -14.65 0 2
      vertex -14.95 0 1.7
      vertex -14.6324 -0.718841 2
    endloop
  endfacet
  facet normal -0.35991 -0.932987 0
    outer loop
      vertex -5.72112 -13.812 0.599999
      vertex -5.0365 -14.0761 1.7
      vertex -5.72112 -13.812 1.7
    endloop
  endfacet
  facet normal -0.35991 -0.932987 -0
    outer loop
      vertex -5.0365 -14.0761 1.7
      vertex -5.72112 -13.812 0.599999
      vertex -5.0365 -14.0761 0.599999
    endloop
  endfacet
  facet normal -0.122381 -0.992483 0
    outer loop
      vertex -2.19362 -14.7882 0.599999
      vertex -1.46536 -14.878 1.7
      vertex -2.19362 -14.7882 1.7
    endloop
  endfacet
  facet normal -0.122381 -0.992483 -0
    outer loop
      vertex -1.46536 -14.878 1.7
      vertex -2.19362 -14.7882 0.599999
      vertex -1.46536 -14.878 0.599999
    endloop
  endfacet
  facet normal -0.461943 -0.5355 -0.706999
    outer loop
      vertex -9.48418 -11.5565 0.599999
      vertex -10.0398 -11.0772 0.599999
      vertex -9.10354 -11.0927 0
    endloop
  endfacet
  facet normal 0.286661 0.646528 -0.706985
    outer loop
      vertex 6.13542 12.9722 0
      vertex 5.49151 13.2577 0
      vertex 5.72112 13.812 0.599999
    endloop
  endfacet
  facet normal -0.689999 0.154875 -0.707047
    outer loop
      vertex -13.9199 3.48676 0
      vertex -14.6627 2.9166 0.599999
      vertex -14.502 3.63255 0.599999
    endloop
  endfacet
  facet normal -0.461944 0.535489 0.707008
    outer loop
      vertex -9.29386 11.3246 2
      vertex -10.0398 11.0772 1.7
      vertex -9.83834 10.8549 2
    endloop
  endfacet
  facet normal 0.254539 -0.659835 -0.706985
    outer loop
      vertex 5.0365 -14.0761 0.599999
      vertex 4.83437 -13.5112 0
      vertex 5.72112 -13.812 0.599999
    endloop
  endfacet
  facet normal -0.378318 0.597531 0.706988
    outer loop
      vertex -7.68584 12.823 1.7
      vertex -8.30577 12.4305 1.7
      vertex -7.5316 12.5657 2
    endloop
  endfacet
  facet normal 0.0735908 0.997289 -0
    outer loop
      vertex 1.46536 14.878 0.599999
      vertex 0.733562 14.932 1.7
      vertex 1.46536 14.878 1.7
    endloop
  endfacet
  facet normal 0.0735908 0.997289 0
    outer loop
      vertex 0.733562 14.932 1.7
      vertex 1.46536 14.878 0.599999
      vertex 0.733562 14.932 0.599999
    endloop
  endfacet
  facet normal -0.949517 -0.313716 0
    outer loop
      vertex -14.0761 -5.0365 0.599999
      vertex -14.3063 -4.33976 1.7
      vertex -14.3063 -4.33976 0.599999
    endloop
  endfacet
  facet normal -0.949517 -0.313716 0
    outer loop
      vertex -14.3063 -4.33976 1.7
      vertex -14.0761 -5.0365 0.599999
      vertex -14.0761 -5.0365 1.7
    endloop
  endfacet
  facet normal 0.37833 0.59744 0.707059
    outer loop
      vertex 8.30577 12.4305 1.7
      vertex 7.5316 12.5657 2
      vertex 8.1391 12.181 2
    endloop
  endfacet
  facet normal 0.154888 -0.690057 0.706988
    outer loop
      vertex 3.55966 -14.211 2
      vertex 2.9166 -14.6627 1.7
      vertex 3.63255 -14.502 1.7
    endloop
  endfacet
  facet normal 0.461951 0.535476 -0.707012
    outer loop
      vertex 9.63687 10.6326 0
      vertex 9.10354 11.0927 0
      vertex 10.0398 11.0772 0.599999
    endloop
  endfacet
  facet normal 0.690057 -0.154888 0.706988
    outer loop
      vertex 14.6627 -2.9166 1.7
      vertex 14.211 -3.55966 2
      vertex 14.502 -3.63255 1.7
    endloop
  endfacet
  facet normal 0.317948 0.631684 0.707026
    outer loop
      vertex 7.04738 13.1847 1.7
      vertex 6.39195 13.5146 1.7
      vertex 6.90596 12.9201 2
    endloop
  endfacet
  facet normal 0.317948 -0.631684 0.707026
    outer loop
      vertex 6.90596 -12.9201 2
      vertex 6.39195 -13.5146 1.7
      vertex 7.04738 -13.1847 1.7
    endloop
  endfacet
  facet normal 0.37832 0.597533 -0.706986
    outer loop
      vertex 8.30577 12.4305 0.599999
      vertex 7.37737 12.3084 0
      vertex 7.68584 12.823 0.599999
    endloop
  endfacet
  facet normal -0.696847 0.120884 0.706959
    outer loop
      vertex -14.3685 2.85807 2
      vertex -14.6627 2.9166 1.7
      vertex -14.4914 2.1496 2
    endloop
  endfacet
  facet normal -0.254539 -0.659835 -0.706985
    outer loop
      vertex -5.0365 -14.0761 0.599999
      vertex -5.72112 -13.812 0.599999
      vertex -4.83437 -13.5112 0
    endloop
  endfacet
  facet normal -0.597533 -0.37832 -0.706986
    outer loop
      vertex -12.4305 -8.30577 0.599999
      vertex -12.823 -7.68584 0.599999
      vertex -12.3084 -7.37737 0
    endloop
  endfacet
  facet normal -0.0865496 0.7019 -0.706997
    outer loop
      vertex -2.10558 14.1947 0
      vertex -2.19362 14.7882 0.599999
      vertex -1.46536 14.878 0.599999
    endloop
  endfacet
  facet normal 0.0865426 0.701843 0.707055
    outer loop
      vertex 2.19362 14.7882 1.7
      vertex 1.46536 14.878 1.7
      vertex 2.1496 14.4914 2
    endloop
  endfacet
  facet normal -0.254522 -0.65978 0.707042
    outer loop
      vertex -5.60631 -13.5348 2
      vertex -5.72112 -13.812 1.7
      vertex -4.93544 -13.7936 2
    endloop
  endfacet
  facet normal 0.535489 -0.461944 0.707008
    outer loop
      vertex 11.3246 -9.29386 2
      vertex 10.8549 -9.83834 2
      vertex 11.0772 -10.0398 1.7
    endloop
  endfacet
  facet normal -0.992483 -0.122381 0
    outer loop
      vertex -14.7882 -2.19362 0.599999
      vertex -14.878 -1.46536 1.7
      vertex -14.878 -1.46536 0.599999
    endloop
  endfacet
  facet normal -0.992483 -0.122381 0
    outer loop
      vertex -14.878 -1.46536 1.7
      vertex -14.7882 -2.19362 0.599999
      vertex -14.7882 -2.19362 1.7
    endloop
  endfacet
  facet normal 0.696847 0.120884 0.706959
    outer loop
      vertex 14.6627 2.9166 1.7
      vertex 14.3685 2.85807 2
      vertex 14.4914 2.1496 2
    endloop
  endfacet
  facet normal 0.407186 0.578185 0.707037
    outer loop
      vertex 8.9057 12.008 1.7
      vertex 8.30577 12.4305 1.7
      vertex 8.72699 11.767 2
    endloop
  endfacet
  facet normal 0.706987 -0.0173479 -0.707014
    outer loop
      vertex 14.932 -0.733562 0.599999
      vertex 14.3327 -0.704121 0
      vertex 14.95 0 0.599999
    endloop
  endfacet
  facet normal 0.671469 -0.221866 0.707039
    outer loop
      vertex 14.0192 -4.25267 2
      vertex 13.7936 -4.93544 2
      vertex 14.0761 -5.0365 1.7
    endloop
  endfacet
  facet normal 0.59744 -0.37833 0.707059
    outer loop
      vertex 12.5657 -7.5316 2
      vertex 12.181 -8.1391 2
      vertex 12.4305 -8.30577 1.7
    endloop
  endfacet
  facet normal -0.120945 -0.69674 0.707054
    outer loop
      vertex -2.1496 -14.4914 2
      vertex -2.9166 -14.6627 1.7
      vertex -2.19362 -14.7882 1.7
    endloop
  endfacet
  facet normal 0.557478 -0.435108 0.707035
    outer loop
      vertex 11.767 -8.72699 2
      vertex 11.5565 -9.48418 1.7
      vertex 12.008 -8.9057 1.7
    endloop
  endfacet
  facet normal -0.154916 0.690078 0.706961
    outer loop
      vertex -2.9166 14.6627 1.7
      vertex -3.55966 14.211 2
      vertex -2.85807 14.3685 2
    endloop
  endfacet
  facet normal -0.461944 -0.5355 0.706999
    outer loop
      vertex -9.29386 -11.3246 2
      vertex -10.0398 -11.0772 1.7
      vertex -9.48418 -11.5565 1.7
    endloop
  endfacet
  facet normal -0.512162 -0.487681 0.707006
    outer loop
      vertex -10.8549 -9.83834 2
      vertex -11.0772 -10.0398 1.7
      vertex -10.5712 -10.5712 1.7
    endloop
  endfacet
  facet normal -0.435107 -0.557525 0.706999
    outer loop
      vertex -9.29386 -11.3246 2
      vertex -9.48418 -11.5565 1.7
      vertex -8.72699 -11.767 2
    endloop
  endfacet
  facet normal -0.407242 -0.578181 -0.707009
    outer loop
      vertex -8.30577 -12.4305 0.599999
      vertex -8.54828 -11.526 0
      vertex -7.97243 -11.9316 0
    endloop
  endfacet
  facet normal -0.932987 0.35991 0
    outer loop
      vertex -14.0761 5.0365 0.599999
      vertex -13.812 5.72112 1.7
      vertex -13.812 5.72112 0.599999
    endloop
  endfacet
  facet normal -0.932987 0.35991 0
    outer loop
      vertex -13.812 5.72112 1.7
      vertex -14.0761 5.0365 0.599999
      vertex -14.0761 5.0365 1.7
    endloop
  endfacet
  facet normal 0.221858 -0.671491 0.707022
    outer loop
      vertex 5.0365 -14.0761 1.7
      vertex 4.25267 -14.0192 2
      vertex 4.33976 -14.3063 1.7
    endloop
  endfacet
  facet normal -0.0735908 -0.997289 0
    outer loop
      vertex -1.46536 -14.878 0.599999
      vertex -0.733562 -14.932 1.7
      vertex -1.46536 -14.878 1.7
    endloop
  endfacet
  facet normal -0.0735908 -0.997289 -0
    outer loop
      vertex -0.733562 -14.932 1.7
      vertex -1.46536 -14.878 0.599999
      vertex -0.733562 -14.932 0.599999
    endloop
  endfacet
  facet normal -0.757196 0.653188 0
    outer loop
      vertex -11.5565 9.48418 0.599999
      vertex -11.0772 10.0398 1.7
      vertex -11.0772 10.0398 0.599999
    endloop
  endfacet
  facet normal -0.757196 0.653188 0
    outer loop
      vertex -11.0772 10.0398 1.7
      vertex -11.5565 9.48418 0.599999
      vertex -11.5565 9.48418 1.7
    endloop
  endfacet
  facet normal -0.435108 -0.557478 0.707035
    outer loop
      vertex -8.72699 -11.767 2
      vertex -9.48418 -11.5565 1.7
      vertex -8.9057 -12.008 1.7
    endloop
  endfacet
  facet normal 0.407242 0.578181 -0.707009
    outer loop
      vertex 8.54828 11.526 0
      vertex 7.97243 11.9316 0
      vertex 8.30577 12.4305 0.599999
    endloop
  endfacet
  facet normal -0.286624 -0.646523 -0.707004
    outer loop
      vertex -5.72112 -13.812 0.599999
      vertex -6.39195 -13.5146 0.599999
      vertex -6.13542 -12.9722 0
    endloop
  endfacet
  facet normal -0.578185 -0.407186 0.707037
    outer loop
      vertex -11.767 -8.72699 2
      vertex -12.4305 -8.30577 1.7
      vertex -12.008 -8.9057 1.7
    endloop
  endfacet
  facet normal -0.052032 -0.705342 0.706955
    outer loop
      vertex -0.718841 -14.6324 2
      vertex -1.43595 -14.5795 2
      vertex -0.733562 -14.932 1.7
    endloop
  endfacet
  facet normal -0.154875 0.689999 -0.707047
    outer loop
      vertex -3.48676 13.9199 0
      vertex -3.63255 14.502 0.599999
      vertex -2.9166 14.6627 0.599999
    endloop
  endfacet
  facet normal -0.690053 -0.155039 -0.706958
    outer loop
      vertex -13.9199 -3.48676 0
      vertex -14.6627 -2.9166 0.599999
      vertex -14.0743 -2.79955 0
    endloop
  endfacet
  facet normal -0.999699 -0.0245304 0
    outer loop
      vertex -14.932 -0.733562 0.599999
      vertex -14.95 0 1.7
      vertex -14.95 0 0.599999
    endloop
  endfacet
  facet normal -0.999699 -0.0245304 0
    outer loop
      vertex -14.95 0 1.7
      vertex -14.932 -0.733562 0.599999
      vertex -14.932 -0.733562 1.7
    endloop
  endfacet
  facet normal -0.188607 0.681577 0.707022
    outer loop
      vertex -3.63255 14.502 1.7
      vertex -4.33976 14.3063 1.7
      vertex -4.25267 14.0192 2
    endloop
  endfacet
  facet normal 0.690057 0.154888 0.706988
    outer loop
      vertex 14.502 3.63255 1.7
      vertex 14.211 3.55966 2
      vertex 14.6627 2.9166 1.7
    endloop
  endfacet
  facet normal 0.221866 -0.671469 0.707039
    outer loop
      vertex 4.93544 -13.7936 2
      vertex 4.25267 -14.0192 2
      vertex 5.0365 -14.0761 1.7
    endloop
  endfacet
  facet normal -0.254539 0.659835 -0.706985
    outer loop
      vertex -4.83437 13.5112 0
      vertex -5.72112 13.812 0.599999
      vertex -5.0365 14.0761 0.599999
    endloop
  endfacet
  facet normal 0.631684 0.317948 0.707026
    outer loop
      vertex 13.1847 7.04738 1.7
      vertex 12.9201 6.90596 2
      vertex 13.5146 6.39195 1.7
    endloop
  endfacet
  facet normal -0.512238 -0.487687 0.706947
    outer loop
      vertex -10.3591 -10.3591 2
      vertex -10.8549 -9.83834 2
      vertex -10.5712 -10.5712 1.7
    endloop
  endfacet
  facet normal -0.188607 0.681577 -0.707023
    outer loop
      vertex -4.16558 13.7321 0
      vertex -4.33976 14.3063 0.599999
      vertex -3.63255 14.502 0.599999
    endloop
  endfacet
  facet normal -0.219008 0.975723 0
    outer loop
      vertex -2.9166 14.6627 0.599999
      vertex -3.63255 14.502 1.7
      vertex -2.9166 14.6627 1.7
    endloop
  endfacet
  facet normal -0.219008 0.975723 0
    outer loop
      vertex -3.63255 14.502 1.7
      vertex -2.9166 14.6627 0.599999
      vertex -3.63255 14.502 0.599999
    endloop
  endfacet
  facet normal -0.221857 -0.67149 -0.707022
    outer loop
      vertex -4.33976 -14.3063 0.599999
      vertex -5.0365 -14.0761 0.599999
      vertex -4.16558 -13.7321 0
    endloop
  endfacet
  facet normal 0.0173707 0.707 -0.707001
    outer loop
      vertex 0.704121 14.3327 0
      vertex 0 14.35 0
      vertex 0 14.95 0.599999
    endloop
  endfacet
  facet normal 0.219008 0.975723 -0
    outer loop
      vertex 3.63255 14.502 0.599999
      vertex 2.9166 14.6627 1.7
      vertex 3.63255 14.502 1.7
    endloop
  endfacet
  facet normal 0.219008 0.975723 0
    outer loop
      vertex 2.9166 14.6627 1.7
      vertex 3.63255 14.502 0.599999
      vertex 2.9166 14.6627 0.599999
    endloop
  endfacet
  facet normal -0.631684 -0.317948 0.707026
    outer loop
      vertex -12.9201 -6.90596 2
      vertex -13.5146 -6.39195 1.7
      vertex -13.1847 -7.04738 1.7
    endloop
  endfacet
  facet normal 0.615342 -0.348603 0.706987
    outer loop
      vertex 13.1847 -7.04738 1.7
      vertex 12.5657 -7.5316 2
      vertex 12.823 -7.68584 1.7
    endloop
  endfacet
  facet normal -0.578181 -0.407242 -0.707009
    outer loop
      vertex -11.526 -8.54828 0
      vertex -12.4305 -8.30577 0.599999
      vertex -11.9316 -7.97243 0
    endloop
  endfacet
  facet normal -0.0173707 0.707 -0.707001
    outer loop
      vertex 0 14.35 0
      vertex -0.704121 14.3327 0
      vertex 0 14.95 0.599999
    endloop
  endfacet
  facet normal -0.0866556 0.70195 0.706935
    outer loop
      vertex -1.46536 14.878 1.7
      vertex -2.1496 14.4914 2
      vertex -1.43595 14.5795 2
    endloop
  endfacet
  facet normal 0.575791 0.817597 -0
    outer loop
      vertex 8.9057 12.008 0.599999
      vertex 8.30577 12.4305 1.7
      vertex 8.9057 12.008 1.7
    endloop
  endfacet
  facet normal 0.575791 0.817597 0
    outer loop
      vertex 8.30577 12.4305 1.7
      vertex 8.9057 12.008 0.599999
      vertex 8.30577 12.4305 0.599999
    endloop
  endfacet
  facet normal -0.348619 -0.615335 -0.706985
    outer loop
      vertex -6.76454 -12.6556 0
      vertex -7.68584 -12.823 0.599999
      vertex -7.37737 -12.3084 0
    endloop
  endfacet
  facet normal -0.681577 0.188607 -0.707023
    outer loop
      vertex -13.7321 4.16558 0
      vertex -14.502 3.63255 0.599999
      vertex -14.3063 4.33976 0.599999
    endloop
  endfacet
  facet normal 0.975723 -0.219008 0
    outer loop
      vertex 14.502 -3.63255 1.7
      vertex 14.6627 -2.9166 0.599999
      vertex 14.6627 -2.9166 1.7
    endloop
  endfacet
  facet normal 0.975723 -0.219008 0
    outer loop
      vertex 14.6627 -2.9166 0.599999
      vertex 14.502 -3.63255 1.7
      vertex 14.502 -3.63255 0.599999
    endloop
  endfacet
  facet normal -0.671545 -0.22181 -0.706985
    outer loop
      vertex -13.5112 -4.83437 0
      vertex -14.0761 -5.0365 0.599999
      vertex -13.7321 -4.16558 0
    endloop
  endfacet
  facet normal 0.707 -0.0173707 -0.707001
    outer loop
      vertex 14.95 0 0.599999
      vertex 14.3327 -0.704121 0
      vertex 14.35 0 0
    endloop
  endfacet
  facet normal -0.67149 0.221857 -0.707022
    outer loop
      vertex -13.7321 4.16558 0
      vertex -14.3063 4.33976 0.599999
      vertex -14.0761 5.0365 0.599999
    endloop
  endfacet
  facet normal 0.646534 -0.286596 0.707005
    outer loop
      vertex 13.5348 -5.60631 2
      vertex 13.2434 -6.26368 2
      vertex 13.5146 -6.39195 1.7
    endloop
  endfacet
  facet normal 0.615274 -0.788314 0
    outer loop
      vertex 8.9057 -12.008 0.599999
      vertex 9.48418 -11.5565 1.7
      vertex 8.9057 -12.008 1.7
    endloop
  endfacet
  facet normal 0.615274 -0.788314 0
    outer loop
      vertex 9.48418 -11.5565 1.7
      vertex 8.9057 -12.008 0.599999
      vertex 9.48418 -11.5565 0.599999
    endloop
  endfacet
  facet normal 0.407161 -0.578179 0.707057
    outer loop
      vertex 8.72699 -11.767 2
      vertex 8.1391 -12.181 2
      vertex 8.30577 -12.4305 1.7
    endloop
  endfacet
  facet normal -0.690078 0.154916 0.706961
    outer loop
      vertex -14.211 3.55966 2
      vertex -14.6627 2.9166 1.7
      vertex -14.3685 2.85807 2
    endloop
  endfacet
  facet normal 0.286609 0.646489 0.707041
    outer loop
      vertex 5.72112 13.812 1.7
      vertex 5.60631 13.5348 2
      vertex 6.39195 13.5146 1.7
    endloop
  endfacet
  facet normal -0.317971 -0.631694 0.707005
    outer loop
      vertex -6.26368 -13.2434 2
      vertex -6.90596 -12.9201 2
      vertex -6.39195 -13.5146 1.7
    endloop
  endfacet
  facet normal 0.631694 0.317971 0.707005
    outer loop
      vertex 13.5146 6.39195 1.7
      vertex 12.9201 6.90596 2
      vertex 13.2434 6.26368 2
    endloop
  endfacet
  facet normal 0.449594 -0.893233 0
    outer loop
      vertex 6.39195 -13.5146 0.599999
      vertex 7.04738 -13.1847 1.7
      vertex 6.39195 -13.5146 1.7
    endloop
  endfacet
  facet normal 0.449594 -0.893233 0
    outer loop
      vertex 7.04738 -13.1847 1.7
      vertex 6.39195 -13.5146 0.599999
      vertex 7.04738 -13.1847 0.599999
    endloop
  endfacet
  facet normal 0.689587 0.724203 -0
    outer loop
      vertex 10.5712 10.5712 0.599999
      vertex 10.0398 11.0772 1.7
      vertex 10.5712 10.5712 1.7
    endloop
  endfacet
  facet normal 0.689587 0.724203 0
    outer loop
      vertex 10.0398 11.0772 1.7
      vertex 10.5712 10.5712 0.599999
      vertex 10.0398 11.0772 0.599999
    endloop
  endfacet
  facet normal 0.696796 0.120955 -0.706997
    outer loop
      vertex 14.7882 2.19362 0.599999
      vertex 14.1947 2.10558 0
      vertex 14.6627 2.9166 0.599999
    endloop
  endfacet
  facet normal 0.671491 -0.221858 0.707022
    outer loop
      vertex 14.3063 -4.33976 1.7
      vertex 14.0192 -4.25267 2
      vertex 14.0761 -5.0365 1.7
    endloop
  endfacet
  facet normal 0.707 0.0173707 -0.707001
    outer loop
      vertex 14.35 0 0
      vertex 14.3327 0.704121 0
      vertex 14.95 0 0.599999
    endloop
  endfacet
  facet normal 0.997289 -0.0735908 0
    outer loop
      vertex 14.878 -1.46536 1.7
      vertex 14.932 -0.733562 0.599999
      vertex 14.932 -0.733562 1.7
    endloop
  endfacet
  facet normal 0.997289 -0.0735908 0
    outer loop
      vertex 14.932 -0.733562 0.599999
      vertex 14.878 -1.46536 1.7
      vertex 14.878 -1.46536 0.599999
    endloop
  endfacet
  facet normal 0.615324 -0.348556 0.707025
    outer loop
      vertex 12.9201 -6.90596 2
      vertex 12.5657 -7.5316 2
      vertex 13.1847 -7.04738 1.7
    endloop
  endfacet
  facet normal -0.0173494 0.707046 0.706955
    outer loop
      vertex 0 14.95 1.7
      vertex -0.733562 14.932 1.7
      vertex -0.718841 14.6324 2
    endloop
  endfacet
  facet normal -0.407161 0.578179 0.707057
    outer loop
      vertex -8.30577 12.4305 1.7
      vertex -8.72699 11.767 2
      vertex -8.1391 12.181 2
    endloop
  endfacet
  facet normal -0.0865426 -0.701843 0.707055
    outer loop
      vertex -2.1496 -14.4914 2
      vertex -2.19362 -14.7882 1.7
      vertex -1.46536 -14.878 1.7
    endloop
  endfacet
  facet normal -0.631754 0.317925 -0.706973
    outer loop
      vertex -12.9722 6.13542 0
      vertex -13.1847 7.04738 0.599999
      vertex -12.6556 6.76454 0
    endloop
  endfacet
  facet normal 0.5355 -0.461944 0.706999
    outer loop
      vertex 11.3246 -9.29386 2
      vertex 11.0772 -10.0398 1.7
      vertex 11.5565 -9.48418 1.7
    endloop
  endfacet
  facet normal 0.681577 0.188607 0.707022
    outer loop
      vertex 14.3063 4.33976 1.7
      vertex 14.0192 4.25267 2
      vertex 14.502 3.63255 1.7
    endloop
  endfacet
  facet normal 0.120884 0.696847 0.706959
    outer loop
      vertex 2.9166 14.6627 1.7
      vertex 2.1496 14.4914 2
      vertex 2.85807 14.3685 2
    endloop
  endfacet
  facet normal 0.120945 0.69674 0.707054
    outer loop
      vertex 2.19362 14.7882 1.7
      vertex 2.1496 14.4914 2
      vertex 2.9166 14.6627 1.7
    endloop
  endfacet
  facet normal 0.407186 -0.578185 -0.707037
    outer loop
      vertex 8.9057 -12.008 0.599999
      vertex 8.30577 -12.4305 0.599999
      vertex 8.54828 -11.526 0
    endloop
  endfacet
  facet normal 0.188643 -0.681602 0.706988
    outer loop
      vertex 4.25267 -14.0192 2
      vertex 3.55966 -14.211 2
      vertex 3.63255 -14.502 1.7
    endloop
  endfacet
  facet normal -0.615353 -0.348609 -0.706974
    outer loop
      vertex -12.823 -7.68584 0.599999
      vertex -13.1847 -7.04738 0.599999
      vertex -12.6556 -6.76454 0
    endloop
  endfacet
  facet normal -0.646528 0.286661 -0.706985
    outer loop
      vertex -13.2577 5.49151 0
      vertex -13.812 5.72112 0.599999
      vertex -12.9722 6.13542 0
    endloop
  endfacet
  facet normal -0.487721 -0.512204 -0.706948
    outer loop
      vertex -10.0398 -11.0772 0.599999
      vertex -10.5712 -10.5712 0.599999
      vertex -10.147 -10.147 0
    endloop
  endfacet
  facet normal 0.435108 0.557478 -0.707036
    outer loop
      vertex 9.48418 11.5565 0.599999
      vertex 8.54828 11.526 0
      vertex 8.9057 12.008 0.599999
    endloop
  endfacet
  facet normal 0.407242 -0.578181 -0.707009
    outer loop
      vertex 8.30577 -12.4305 0.599999
      vertex 7.97243 -11.9316 0
      vertex 8.54828 -11.526 0
    endloop
  endfacet
  facet normal 0.120955 -0.696796 -0.706997
    outer loop
      vertex 2.19362 -14.7882 0.599999
      vertex 2.10558 -14.1947 0
      vertex 2.9166 -14.6627 0.599999
    endloop
  endfacet
  facet normal -0.221866 -0.671469 0.707039
    outer loop
      vertex -4.93544 -13.7936 2
      vertex -5.0365 -14.0761 1.7
      vertex -4.25267 -14.0192 2
    endloop
  endfacet
  facet normal -0.348556 0.615324 0.707025
    outer loop
      vertex -7.04738 13.1847 1.7
      vertex -7.5316 12.5657 2
      vertex -6.90596 12.9201 2
    endloop
  endfacet
  facet normal -0.659786 -0.25452 0.707038
    outer loop
      vertex -13.7936 -4.93544 2
      vertex -14.0761 -5.0365 1.7
      vertex -13.812 -5.72112 1.7
    endloop
  endfacet
  facet normal -0.0865496 -0.7019 -0.706997
    outer loop
      vertex -1.46536 -14.878 0.599999
      vertex -2.19362 -14.7882 0.599999
      vertex -2.10558 -14.1947 0
    endloop
  endfacet
  facet normal 0.535476 0.461951 -0.707012
    outer loop
      vertex 11.0927 9.10354 0
      vertex 10.6326 9.63687 0
      vertex 11.0772 10.0398 0.599999
    endloop
  endfacet
  facet normal -0.705301 -0.0520448 -0.706995
    outer loop
      vertex -14.878 -1.46536 0.599999
      vertex -14.932 -0.733562 0.599999
      vertex -14.2809 -1.40655 0
    endloop
  endfacet
  facet normal 0.435108 -0.557478 -0.707036
    outer loop
      vertex 8.9057 -12.008 0.599999
      vertex 8.54828 -11.526 0
      vertex 9.48418 -11.5565 0.599999
    endloop
  endfacet
  facet normal -0.188559 -0.681563 -0.707048
    outer loop
      vertex -3.63255 -14.502 0.599999
      vertex -4.16558 -13.7321 0
      vertex -3.48676 -13.9199 0
    endloop
  endfacet
  facet normal -0.512204 -0.487721 -0.706948
    outer loop
      vertex -10.5712 -10.5712 0.599999
      vertex -11.0772 -10.0398 0.599999
      vertex -10.147 -10.147 0
    endloop
  endfacet
  facet normal 0.0520105 -0.705284 -0.707014
    outer loop
      vertex 0.733562 -14.932 0.599999
      vertex 0.704121 -14.3327 0
      vertex 1.40655 -14.2809 0
    endloop
  endfacet
  facet normal -0.696796 0.120955 -0.706997
    outer loop
      vertex -14.1947 2.10558 0
      vertex -14.7882 2.19362 0.599999
      vertex -14.6627 2.9166 0.599999
    endloop
  endfacet
  facet normal -0.893233 -0.449594 0
    outer loop
      vertex -13.1847 -7.04738 0.599999
      vertex -13.5146 -6.39195 1.7
      vertex -13.5146 -6.39195 0.599999
    endloop
  endfacet
  facet normal -0.893233 -0.449594 0
    outer loop
      vertex -13.5146 -6.39195 1.7
      vertex -13.1847 -7.04738 0.599999
      vertex -13.1847 -7.04738 1.7
    endloop
  endfacet
  facet normal 0.317958 -0.631703 -0.707004
    outer loop
      vertex 6.39195 -13.5146 0.599999
      vertex 6.13542 -12.9722 0
      vertex 7.04738 -13.1847 0.599999
    endloop
  endfacet
  facet normal -0.757196 -0.653188 0
    outer loop
      vertex -11.0772 -10.0398 0.599999
      vertex -11.5565 -9.48418 1.7
      vertex -11.5565 -9.48418 0.599999
    endloop
  endfacet
  facet normal -0.757196 -0.653188 0
    outer loop
      vertex -11.5565 -9.48418 1.7
      vertex -11.0772 -10.0398 0.599999
      vertex -11.0772 -10.0398 1.7
    endloop
  endfacet
  facet normal -0.188643 0.681602 0.706988
    outer loop
      vertex -3.63255 14.502 1.7
      vertex -4.25267 14.0192 2
      vertex -3.55966 14.211 2
    endloop
  endfacet
  facet normal -0.25452 -0.659786 0.707038
    outer loop
      vertex -4.93544 -13.7936 2
      vertex -5.72112 -13.812 1.7
      vertex -5.0365 -14.0761 1.7
    endloop
  endfacet
  facet normal -0.999699 0.0245304 0
    outer loop
      vertex -14.95 0 0.599999
      vertex -14.932 0.733562 1.7
      vertex -14.932 0.733562 0.599999
    endloop
  endfacet
  facet normal -0.999699 0.0245304 0
    outer loop
      vertex -14.932 0.733562 1.7
      vertex -14.95 0 0.599999
      vertex -14.95 0 1.7
    endloop
  endfacet
  facet normal -0.557544 0.435082 -0.706999
    outer loop
      vertex -11.526 8.54828 0
      vertex -11.5565 9.48418 0.599999
      vertex -11.0927 9.10354 0
    endloop
  endfacet
  facet normal -0.492916 -0.870077 0
    outer loop
      vertex -7.68584 -12.823 0.599999
      vertex -7.04738 -13.1847 1.7
      vertex -7.68584 -12.823 1.7
    endloop
  endfacet
  facet normal -0.492916 -0.870077 -0
    outer loop
      vertex -7.04738 -13.1847 1.7
      vertex -7.68584 -12.823 0.599999
      vertex -7.04738 -13.1847 0.599999
    endloop
  endfacet
  facet normal -0.286596 0.646534 0.707005
    outer loop
      vertex -5.60631 13.5348 2
      vertex -6.39195 13.5146 1.7
      vertex -6.26368 13.2434 2
    endloop
  endfacet
  facet normal -0.25452 0.659786 0.707038
    outer loop
      vertex -5.0365 14.0761 1.7
      vertex -5.72112 13.812 1.7
      vertex -4.93544 13.7936 2
    endloop
  endfacet
  facet normal 0.188607 0.681577 0.707022
    outer loop
      vertex 4.33976 14.3063 1.7
      vertex 3.63255 14.502 1.7
      vertex 4.25267 14.0192 2
    endloop
  endfacet
  facet normal 0.188643 0.681602 0.706988
    outer loop
      vertex 3.63255 14.502 1.7
      vertex 3.55966 14.211 2
      vertex 4.25267 14.0192 2
    endloop
  endfacet
  facet normal 0.461944 -0.535489 0.707008
    outer loop
      vertex 9.83834 -10.8549 2
      vertex 9.29386 -11.3246 2
      vertex 10.0398 -11.0772 1.7
    endloop
  endfacet
  facet normal 0.631684 -0.317948 0.707026
    outer loop
      vertex 13.5146 -6.39195 1.7
      vertex 12.9201 -6.90596 2
      vertex 13.1847 -7.04738 1.7
    endloop
  endfacet
  facet normal -0.405289 0.914189 0
    outer loop
      vertex -5.72112 13.812 0.599999
      vertex -6.39195 13.5146 1.7
      vertex -5.72112 13.812 1.7
    endloop
  endfacet
  facet normal -0.405289 0.914189 0
    outer loop
      vertex -6.39195 13.5146 1.7
      vertex -5.72112 13.812 0.599999
      vertex -6.39195 13.5146 0.599999
    endloop
  endfacet
  facet normal -0.221857 0.67149 -0.707022
    outer loop
      vertex -4.16558 13.7321 0
      vertex -5.0365 14.0761 0.599999
      vertex -4.33976 14.3063 0.599999
    endloop
  endfacet
  facet normal 0.378318 -0.597531 0.706988
    outer loop
      vertex 8.30577 -12.4305 1.7
      vertex 7.5316 -12.5657 2
      vertex 7.68584 -12.823 1.7
    endloop
  endfacet
  facet normal 0.0866556 0.70195 0.706935
    outer loop
      vertex 1.46536 14.878 1.7
      vertex 1.43595 14.5795 2
      vertex 2.1496 14.4914 2
    endloop
  endfacet
  facet normal -0.0520491 0.70536 0.706936
    outer loop
      vertex -0.733562 14.932 1.7
      vertex -1.46536 14.878 1.7
      vertex -1.43595 14.5795 2
    endloop
  endfacet
  facet normal 0.188607 0.681577 -0.707023
    outer loop
      vertex 4.16558 13.7321 0
      vertex 3.63255 14.502 0.599999
      vertex 4.33976 14.3063 0.599999
    endloop
  endfacet
  facet normal -0.681577 -0.188607 0.707022
    outer loop
      vertex -14.0192 -4.25267 2
      vertex -14.502 -3.63255 1.7
      vertex -14.3063 -4.33976 1.7
    endloop
  endfacet
  facet normal 0.0173707 -0.707 -0.707001
    outer loop
      vertex 0.704121 -14.3327 0
      vertex 0 -14.95 0.599999
      vertex 0 -14.35 0
    endloop
  endfacet
  facet normal 0.449594 0.893233 -0
    outer loop
      vertex 7.04738 13.1847 0.599999
      vertex 6.39195 13.5146 1.7
      vertex 7.04738 13.1847 1.7
    endloop
  endfacet
  facet normal 0.449594 0.893233 0
    outer loop
      vertex 6.39195 13.5146 1.7
      vertex 7.04738 13.1847 0.599999
      vertex 6.39195 13.5146 0.599999
    endloop
  endfacet
  facet normal 0.0173101 0.707001 0.707001
    outer loop
      vertex 0 14.95 1.7
      vertex 0 14.65 2
      vertex 0.718841 14.6324 2
    endloop
  endfacet
  facet normal 0.0173494 0.707046 0.706955
    outer loop
      vertex 0.733562 14.932 1.7
      vertex 0 14.95 1.7
      vertex 0.718841 14.6324 2
    endloop
  endfacet
  facet normal -0.696845 0.120899 -0.706959
    outer loop
      vertex -14.1947 2.10558 0
      vertex -14.6627 2.9166 0.599999
      vertex -14.0743 2.79955 0
    endloop
  endfacet
  facet normal -0.0245304 0.999699 0
    outer loop
      vertex 0 14.95 0.599999
      vertex -0.733562 14.932 1.7
      vertex 0 14.95 1.7
    endloop
  endfacet
  facet normal -0.0245304 0.999699 0
    outer loop
      vertex -0.733562 14.932 1.7
      vertex 0 14.95 0.599999
      vertex -0.733562 14.932 0.599999
    endloop
  endfacet
  facet normal 0.407186 0.578185 -0.707037
    outer loop
      vertex 8.54828 11.526 0
      vertex 8.30577 12.4305 0.599999
      vertex 8.9057 12.008 0.599999
    endloop
  endfacet
  facet normal 0.154888 0.690057 0.706988
    outer loop
      vertex 3.63255 14.502 1.7
      vertex 2.9166 14.6627 1.7
      vertex 3.55966 14.211 2
    endloop
  endfacet
  facet normal -0.188607 -0.681577 -0.707023
    outer loop
      vertex -3.63255 -14.502 0.599999
      vertex -4.33976 -14.3063 0.599999
      vertex -4.16558 -13.7321 0
    endloop
  endfacet
  facet normal -0.22181 -0.671545 -0.706985
    outer loop
      vertex -4.16558 -13.7321 0
      vertex -5.0365 -14.0761 0.599999
      vertex -4.83437 -13.5112 0
    endloop
  endfacet
  facet normal 0.615335 -0.348619 -0.706985
    outer loop
      vertex 12.823 -7.68584 0.599999
      vertex 12.3084 -7.37737 0
      vertex 12.6556 -6.76454 0
    endloop
  endfacet
  facet normal 0.646489 -0.286609 0.707041
    outer loop
      vertex 13.5348 -5.60631 2
      vertex 13.5146 -6.39195 1.7
      vertex 13.812 -5.72112 1.7
    endloop
  endfacet
  facet normal -0.286596 -0.646534 0.707005
    outer loop
      vertex -6.26368 -13.2434 2
      vertex -6.39195 -13.5146 1.7
      vertex -5.60631 -13.5348 2
    endloop
  endfacet
  facet normal 0.578185 -0.407186 0.707037
    outer loop
      vertex 12.4305 -8.30577 1.7
      vertex 11.767 -8.72699 2
      vertex 12.008 -8.9057 1.7
    endloop
  endfacet
  facet normal -0.706987 -0.0173479 -0.707014
    outer loop
      vertex -14.932 -0.733562 0.599999
      vertex -14.95 0 0.599999
      vertex -14.3327 -0.704121 0
    endloop
  endfacet
  facet normal 0.615353 -0.348609 -0.706974
    outer loop
      vertex 12.823 -7.68584 0.599999
      vertex 12.6556 -6.76454 0
      vertex 13.1847 -7.04738 0.599999
    endloop
  endfacet
  facet normal 0.870077 -0.492916 0
    outer loop
      vertex 12.823 -7.68584 1.7
      vertex 13.1847 -7.04738 0.599999
      vertex 13.1847 -7.04738 1.7
    endloop
  endfacet
  facet normal 0.870077 -0.492916 0
    outer loop
      vertex 13.1847 -7.04738 0.599999
      vertex 12.823 -7.68584 1.7
      vertex 12.823 -7.68584 0.599999
    endloop
  endfacet
  facet normal 0.7019 -0.0865496 -0.706997
    outer loop
      vertex 14.7882 -2.19362 0.599999
      vertex 14.1947 -2.10558 0
      vertex 14.878 -1.46536 0.599999
    endloop
  endfacet
  facet normal -0.535489 -0.461944 0.707008
    outer loop
      vertex -10.8549 -9.83834 2
      vertex -11.3246 -9.29386 2
      vertex -11.0772 -10.0398 1.7
    endloop
  endfacet
  facet normal 0.534933 -0.844894 0
    outer loop
      vertex 7.68584 -12.823 0.599999
      vertex 8.30577 -12.4305 1.7
      vertex 7.68584 -12.823 1.7
    endloop
  endfacet
  facet normal 0.534933 -0.844894 0
    outer loop
      vertex 8.30577 -12.4305 1.7
      vertex 7.68584 -12.823 0.599999
      vertex 8.30577 -12.4305 0.599999
    endloop
  endfacet
  facet normal 0.578181 -0.407242 -0.707009
    outer loop
      vertex 12.4305 -8.30577 0.599999
      vertex 11.526 -8.54828 0
      vertex 11.9316 -7.97243 0
    endloop
  endfacet
  facet normal 0.487687 0.512238 0.706947
    outer loop
      vertex 10.5712 10.5712 1.7
      vertex 9.83834 10.8549 2
      vertex 10.3591 10.3591 2
    endloop
  endfacet
  facet normal -0.348556 -0.615324 0.707025
    outer loop
      vertex -6.90596 -12.9201 2
      vertex -7.5316 -12.5657 2
      vertex -7.04738 -13.1847 1.7
    endloop
  endfacet
  facet normal 0.286596 -0.646534 0.707005
    outer loop
      vertex 6.26368 -13.2434 2
      vertex 5.60631 -13.5348 2
      vertex 6.39195 -13.5146 1.7
    endloop
  endfacet
  facet normal 0.705342 -0.052032 0.706955
    outer loop
      vertex 14.6324 -0.718841 2
      vertex 14.5795 -1.43595 2
      vertex 14.932 -0.733562 1.7
    endloop
  endfacet
  facet normal 0.70536 -0.0520491 0.706936
    outer loop
      vertex 14.932 -0.733562 1.7
      vertex 14.5795 -1.43595 2
      vertex 14.878 -1.46536 1.7
    endloop
  endfacet
  facet normal 0.949517 0.313716 0
    outer loop
      vertex 14.3063 4.33976 1.7
      vertex 14.0761 5.0365 0.599999
      vertex 14.0761 5.0365 1.7
    endloop
  endfacet
  facet normal 0.949517 0.313716 0
    outer loop
      vertex 14.0761 5.0365 0.599999
      vertex 14.3063 4.33976 1.7
      vertex 14.3063 4.33976 0.599999
    endloop
  endfacet
  facet normal 0.535489 0.461944 0.707008
    outer loop
      vertex 11.0772 10.0398 1.7
      vertex 10.8549 9.83834 2
      vertex 11.3246 9.29386 2
    endloop
  endfacet
  facet normal -0.154888 0.690057 0.706988
    outer loop
      vertex -2.9166 14.6627 1.7
      vertex -3.63255 14.502 1.7
      vertex -3.55966 14.211 2
    endloop
  endfacet
  facet normal 0.435107 0.557525 0.706999
    outer loop
      vertex 9.48418 11.5565 1.7
      vertex 8.72699 11.767 2
      vertex 9.29386 11.3246 2
    endloop
  endfacet
  facet normal 0.254522 0.65978 0.707042
    outer loop
      vertex 5.72112 13.812 1.7
      vertex 4.93544 13.7936 2
      vertex 5.60631 13.5348 2
    endloop
  endfacet
  facet normal 0.557525 -0.435107 0.706999
    outer loop
      vertex 11.767 -8.72699 2
      vertex 11.3246 -9.29386 2
      vertex 11.5565 -9.48418 1.7
    endloop
  endfacet
  facet normal -0.870077 -0.492916 0
    outer loop
      vertex -12.823 -7.68584 0.599999
      vertex -13.1847 -7.04738 1.7
      vertex -13.1847 -7.04738 0.599999
    endloop
  endfacet
  facet normal -0.870077 -0.492916 0
    outer loop
      vertex -13.1847 -7.04738 1.7
      vertex -12.823 -7.68584 0.599999
      vertex -12.823 -7.68584 1.7
    endloop
  endfacet
  facet normal 0.286609 -0.646489 0.707041
    outer loop
      vertex 6.39195 -13.5146 1.7
      vertex 5.60631 -13.5348 2
      vertex 5.72112 -13.812 1.7
    endloop
  endfacet
  facet normal -0.690057 0.154888 0.706988
    outer loop
      vertex -14.502 3.63255 1.7
      vertex -14.6627 2.9166 1.7
      vertex -14.211 3.55966 2
    endloop
  endfacet
  facet normal 0.512238 0.487687 0.706947
    outer loop
      vertex 10.5712 10.5712 1.7
      vertex 10.3591 10.3591 2
      vertex 10.8549 9.83834 2
    endloop
  endfacet
  facet normal 0.788314 0.615274 0
    outer loop
      vertex 12.008 8.9057 1.7
      vertex 11.5565 9.48418 0.599999
      vertex 11.5565 9.48418 1.7
    endloop
  endfacet
  facet normal 0.788314 0.615274 0
    outer loop
      vertex 11.5565 9.48418 0.599999
      vertex 12.008 8.9057 1.7
      vertex 12.008 8.9057 0.599999
    endloop
  endfacet
  facet normal 0.999699 0.0245304 0
    outer loop
      vertex 14.95 0 1.7
      vertex 14.932 0.733562 0.599999
      vertex 14.932 0.733562 1.7
    endloop
  endfacet
  facet normal 0.999699 0.0245304 0
    outer loop
      vertex 14.932 0.733562 0.599999
      vertex 14.95 0 1.7
      vertex 14.95 0 0.599999
    endloop
  endfacet
  facet normal 0.706987 0.0173479 -0.707014
    outer loop
      vertex 14.95 0 0.599999
      vertex 14.3327 0.704121 0
      vertex 14.932 0.733562 0.599999
    endloop
  endfacet
  facet normal -0.671491 -0.221858 0.707022
    outer loop
      vertex -14.0192 -4.25267 2
      vertex -14.3063 -4.33976 1.7
      vertex -14.0761 -5.0365 1.7
    endloop
  endfacet
  facet normal 0.631754 0.317925 -0.706973
    outer loop
      vertex 12.9722 6.13542 0
      vertex 12.6556 6.76454 0
      vertex 13.1847 7.04738 0.599999
    endloop
  endfacet
  facet normal 0.844894 -0.534933 0
    outer loop
      vertex 12.4305 -8.30577 1.7
      vertex 12.823 -7.68584 0.599999
      vertex 12.823 -7.68584 1.7
    endloop
  endfacet
  facet normal 0.844894 -0.534933 0
    outer loop
      vertex 12.823 -7.68584 0.599999
      vertex 12.4305 -8.30577 1.7
      vertex 12.4305 -8.30577 0.599999
    endloop
  endfacet
  facet normal 0.461944 -0.5355 0.706999
    outer loop
      vertex 10.0398 -11.0772 1.7
      vertex 9.29386 -11.3246 2
      vertex 9.48418 -11.5565 1.7
    endloop
  endfacet
  facet normal -0.512238 0.487687 0.706947
    outer loop
      vertex -10.5712 10.5712 1.7
      vertex -10.8549 9.83834 2
      vertex -10.3591 10.3591 2
    endloop
  endfacet
  facet normal -0.0173479 0.706987 -0.707014
    outer loop
      vertex -0.704121 14.3327 0
      vertex -0.733562 14.932 0.599999
      vertex 0 14.95 0.599999
    endloop
  endfacet
  facet normal -0.671491 0.221858 0.707022
    outer loop
      vertex -14.0761 5.0365 1.7
      vertex -14.3063 4.33976 1.7
      vertex -14.0192 4.25267 2
    endloop
  endfacet
  facet normal -0.690057 -0.154888 0.706988
    outer loop
      vertex -14.211 -3.55966 2
      vertex -14.6627 -2.9166 1.7
      vertex -14.502 -3.63255 1.7
    endloop
  endfacet
  facet normal -0.646489 0.286609 0.707041
    outer loop
      vertex -13.5146 6.39195 1.7
      vertex -13.812 5.72112 1.7
      vertex -13.5348 5.60631 2
    endloop
  endfacet
  facet normal 0.0865426 -0.701843 0.707055
    outer loop
      vertex 2.1496 -14.4914 2
      vertex 1.46536 -14.878 1.7
      vertex 2.19362 -14.7882 1.7
    endloop
  endfacet
  facet normal 0.317971 -0.631694 0.707005
    outer loop
      vertex 6.90596 -12.9201 2
      vertex 6.26368 -13.2434 2
      vertex 6.39195 -13.5146 1.7
    endloop
  endfacet
  facet normal 0.690078 -0.154916 0.706961
    outer loop
      vertex 14.3685 -2.85807 2
      vertex 14.211 -3.55966 2
      vertex 14.6627 -2.9166 1.7
    endloop
  endfacet
  facet normal -0.681602 0.188643 0.706988
    outer loop
      vertex -14.0192 4.25267 2
      vertex -14.502 3.63255 1.7
      vertex -14.211 3.55966 2
    endloop
  endfacet
  facet normal -0.348603 -0.615342 0.706987
    outer loop
      vertex -7.5316 -12.5657 2
      vertex -7.68584 -12.823 1.7
      vertex -7.04738 -13.1847 1.7
    endloop
  endfacet
  facet normal -0.317948 -0.631684 0.707026
    outer loop
      vertex -6.90596 -12.9201 2
      vertex -7.04738 -13.1847 1.7
      vertex -6.39195 -13.5146 1.7
    endloop
  endfacet
  facet normal -0.407186 -0.578185 -0.707037
    outer loop
      vertex -8.30577 -12.4305 0.599999
      vertex -8.9057 -12.008 0.599999
      vertex -8.54828 -11.526 0
    endloop
  endfacet
  facet normal 0.286596 0.646534 0.707005
    outer loop
      vertex 6.39195 13.5146 1.7
      vertex 5.60631 13.5348 2
      vertex 6.26368 13.2434 2
    endloop
  endfacet
  facet normal 0.578179 -0.407161 0.707057
    outer loop
      vertex 12.181 -8.1391 2
      vertex 11.767 -8.72699 2
      vertex 12.4305 -8.30577 1.7
    endloop
  endfacet
  facet normal -0.154888 -0.690057 0.706988
    outer loop
      vertex -3.55966 -14.211 2
      vertex -3.63255 -14.502 1.7
      vertex -2.9166 -14.6627 1.7
    endloop
  endfacet
  facet normal -0.65978 -0.254522 0.707042
    outer loop
      vertex -13.7936 -4.93544 2
      vertex -13.812 -5.72112 1.7
      vertex -13.5348 -5.60631 2
    endloop
  endfacet
  facet normal -0.690078 -0.154916 0.706961
    outer loop
      vertex -14.3685 -2.85807 2
      vertex -14.6627 -2.9166 1.7
      vertex -14.211 -3.55966 2
    endloop
  endfacet
  facet normal 0.221858 0.671491 0.707022
    outer loop
      vertex 4.33976 14.3063 1.7
      vertex 4.25267 14.0192 2
      vertex 5.0365 14.0761 1.7
    endloop
  endfacet
  facet normal 0.671469 0.221866 0.707039
    outer loop
      vertex 14.0761 5.0365 1.7
      vertex 13.7936 4.93544 2
      vertex 14.0192 4.25267 2
    endloop
  endfacet
  facet normal -0.914189 -0.405289 0
    outer loop
      vertex -13.5146 -6.39195 0.599999
      vertex -13.812 -5.72112 1.7
      vertex -13.812 -5.72112 0.599999
    endloop
  endfacet
  facet normal -0.914189 -0.405289 0
    outer loop
      vertex -13.812 -5.72112 1.7
      vertex -13.5146 -6.39195 0.599999
      vertex -13.5146 -6.39195 1.7
    endloop
  endfacet
  facet normal -0.597531 -0.378318 0.706988
    outer loop
      vertex -12.5657 -7.5316 2
      vertex -12.823 -7.68584 1.7
      vertex -12.4305 -8.30577 1.7
    endloop
  endfacet
  facet normal -0.286661 -0.646528 -0.706985
    outer loop
      vertex -5.72112 -13.812 0.599999
      vertex -6.13542 -12.9722 0
      vertex -5.49151 -13.2577 0
    endloop
  endfacet
  facet normal -0.37834 -0.597492 -0.707009
    outer loop
      vertex -7.37737 -12.3084 0
      vertex -8.30577 -12.4305 0.599999
      vertex -7.97243 -11.9316 0
    endloop
  endfacet
  facet normal -0.435108 -0.557478 -0.707036
    outer loop
      vertex -8.9057 -12.008 0.599999
      vertex -9.48418 -11.5565 0.599999
      vertex -8.54828 -11.526 0
    endloop
  endfacet
  facet normal -0.689587 -0.724203 0
    outer loop
      vertex -10.5712 -10.5712 0.599999
      vertex -10.0398 -11.0772 1.7
      vertex -10.5712 -10.5712 1.7
    endloop
  endfacet
  facet normal -0.689587 -0.724203 -0
    outer loop
      vertex -10.0398 -11.0772 1.7
      vertex -10.5712 -10.5712 0.599999
      vertex -10.0398 -11.0772 0.599999
    endloop
  endfacet
  facet normal -0.659834 -0.254539 -0.706986
    outer loop
      vertex -13.2577 -5.49151 0
      vertex -13.812 -5.72112 0.599999
      vertex -13.5112 -4.83437 0
    endloop
  endfacet
  facet normal 0.0735908 -0.997289 0
    outer loop
      vertex 0.733562 -14.932 0.599999
      vertex 1.46536 -14.878 1.7
      vertex 0.733562 -14.932 1.7
    endloop
  endfacet
  facet normal 0.0735908 -0.997289 0
    outer loop
      vertex 1.46536 -14.878 1.7
      vertex 0.733562 -14.932 0.599999
      vertex 1.46536 -14.878 0.599999
    endloop
  endfacet
  facet normal 0.646528 0.286661 -0.706985
    outer loop
      vertex 13.2577 5.49151 0
      vertex 12.9722 6.13542 0
      vertex 13.812 5.72112 0.599999
    endloop
  endfacet
  facet normal -0.615335 -0.348619 -0.706985
    outer loop
      vertex -12.3084 -7.37737 0
      vertex -12.823 -7.68584 0.599999
      vertex -12.6556 -6.76454 0
    endloop
  endfacet
  facet normal -0.317971 0.631694 0.707005
    outer loop
      vertex -6.39195 13.5146 1.7
      vertex -6.90596 12.9201 2
      vertex -6.26368 13.2434 2
    endloop
  endfacet
  facet normal 0.435107 -0.557525 0.706999
    outer loop
      vertex 9.29386 -11.3246 2
      vertex 8.72699 -11.767 2
      vertex 9.48418 -11.5565 1.7
    endloop
  endfacet
  facet normal -0.67149 -0.221857 -0.707022
    outer loop
      vertex -14.0761 -5.0365 0.599999
      vertex -14.3063 -4.33976 0.599999
      vertex -13.7321 -4.16558 0
    endloop
  endfacet
  facet normal -0.681563 0.188559 -0.707048
    outer loop
      vertex -13.9199 3.48676 0
      vertex -14.502 3.63255 0.599999
      vertex -13.7321 4.16558 0
    endloop
  endfacet
  facet normal -0.405289 -0.914189 0
    outer loop
      vertex -6.39195 -13.5146 0.599999
      vertex -5.72112 -13.812 1.7
      vertex -6.39195 -13.5146 1.7
    endloop
  endfacet
  facet normal -0.405289 -0.914189 -0
    outer loop
      vertex -5.72112 -13.812 1.7
      vertex -6.39195 -13.5146 0.599999
      vertex -5.72112 -13.812 0.599999
    endloop
  endfacet
  facet normal 0.659834 0.254539 -0.706986
    outer loop
      vertex 13.5112 4.83437 0
      vertex 13.2577 5.49151 0
      vertex 13.812 5.72112 0.599999
    endloop
  endfacet
  facet normal -0.435082 -0.557544 -0.706999
    outer loop
      vertex -8.54828 -11.526 0
      vertex -9.48418 -11.5565 0.599999
      vertex -9.10354 -11.0927 0
    endloop
  endfacet
  facet normal -0.631684 0.317948 0.707026
    outer loop
      vertex -13.1847 7.04738 1.7
      vertex -13.5146 6.39195 1.7
      vertex -12.9201 6.90596 2
    endloop
  endfacet
  facet normal 0.578185 0.407186 -0.707037
    outer loop
      vertex 12.4305 8.30577 0.599999
      vertex 11.526 8.54828 0
      vertex 12.008 8.9057 0.599999
    endloop
  endfacet
  facet normal -0.696845 -0.120899 -0.706959
    outer loop
      vertex -14.0743 -2.79955 0
      vertex -14.6627 -2.9166 0.599999
      vertex -14.1947 -2.10558 0
    endloop
  endfacet
  facet normal 0.461943 0.5355 -0.706999
    outer loop
      vertex 10.0398 11.0772 0.599999
      vertex 9.10354 11.0927 0
      vertex 9.48418 11.5565 0.599999
    endloop
  endfacet
  facet normal -0.348609 -0.615353 -0.706974
    outer loop
      vertex -7.04738 -13.1847 0.599999
      vertex -7.68584 -12.823 0.599999
      vertex -6.76454 -12.6556 0
    endloop
  endfacet
  facet normal -0.37832 -0.597533 -0.706986
    outer loop
      vertex -7.68584 -12.823 0.599999
      vertex -8.30577 -12.4305 0.599999
      vertex -7.37737 -12.3084 0
    endloop
  endfacet
  facet normal 0.5355 -0.461943 -0.706999
    outer loop
      vertex 11.5565 -9.48418 0.599999
      vertex 11.0772 -10.0398 0.599999
      vertex 11.0927 -9.10354 0
    endloop
  endfacet
  facet normal 0.0520491 -0.70536 0.706936
    outer loop
      vertex 1.43595 -14.5795 2
      vertex 0.733562 -14.932 1.7
      vertex 1.46536 -14.878 1.7
    endloop
  endfacet
  facet normal -0.671469 0.221866 0.707039
    outer loop
      vertex -13.7936 4.93544 2
      vertex -14.0761 5.0365 1.7
      vertex -14.0192 4.25267 2
    endloop
  endfacet
  facet normal -0.0520491 -0.70536 0.706936
    outer loop
      vertex -1.43595 -14.5795 2
      vertex -1.46536 -14.878 1.7
      vertex -0.733562 -14.932 1.7
    endloop
  endfacet
  facet normal 0.348556 0.615324 0.707025
    outer loop
      vertex 7.04738 13.1847 1.7
      vertex 6.90596 12.9201 2
      vertex 7.5316 12.5657 2
    endloop
  endfacet
  facet normal -0.37833 0.59744 0.707059
    outer loop
      vertex -7.5316 12.5657 2
      vertex -8.30577 12.4305 1.7
      vertex -8.1391 12.181 2
    endloop
  endfacet
  facet normal 0.932987 0.35991 0
    outer loop
      vertex 14.0761 5.0365 1.7
      vertex 13.812 5.72112 0.599999
      vertex 13.812 5.72112 1.7
    endloop
  endfacet
  facet normal 0.932987 0.35991 0
    outer loop
      vertex 13.812 5.72112 0.599999
      vertex 14.0761 5.0365 1.7
      vertex 14.0761 5.0365 0.599999
    endloop
  endfacet
  facet normal -0.659835 0.254539 -0.706985
    outer loop
      vertex -13.5112 4.83437 0
      vertex -14.0761 5.0365 0.599999
      vertex -13.812 5.72112 0.599999
    endloop
  endfacet
  facet normal 0.701843 0.0865426 0.707055
    outer loop
      vertex 14.7882 2.19362 1.7
      vertex 14.4914 2.1496 2
      vertex 14.878 1.46536 1.7
    endloop
  endfacet
  facet normal 0.705284 0.0520105 -0.707014
    outer loop
      vertex 14.3327 0.704121 0
      vertex 14.2809 1.40655 0
      vertex 14.932 0.733562 0.599999
    endloop
  endfacet
  facet normal -0.492916 0.870077 0
    outer loop
      vertex -7.04738 13.1847 0.599999
      vertex -7.68584 12.823 1.7
      vertex -7.04738 13.1847 1.7
    endloop
  endfacet
  facet normal -0.492916 0.870077 0
    outer loop
      vertex -7.68584 12.823 1.7
      vertex -7.04738 13.1847 0.599999
      vertex -7.68584 12.823 0.599999
    endloop
  endfacet
  facet normal -0.348603 0.615342 0.706987
    outer loop
      vertex -7.04738 13.1847 1.7
      vertex -7.68584 12.823 1.7
      vertex -7.5316 12.5657 2
    endloop
  endfacet
  facet normal -0.487687 0.512238 0.706947
    outer loop
      vertex -9.83834 10.8549 2
      vertex -10.5712 10.5712 1.7
      vertex -10.3591 10.3591 2
    endloop
  endfacet
  facet normal -0.705342 0.052032 0.706955
    outer loop
      vertex -14.5795 1.43595 2
      vertex -14.932 0.733562 1.7
      vertex -14.6324 0.718841 2
    endloop
  endfacet
  facet normal 0.37833 -0.59744 0.707059
    outer loop
      vertex 8.1391 -12.181 2
      vertex 7.5316 -12.5657 2
      vertex 8.30577 -12.4305 1.7
    endloop
  endfacet
  facet normal -0.575791 -0.817597 0
    outer loop
      vertex -8.9057 -12.008 0.599999
      vertex -8.30577 -12.4305 1.7
      vertex -8.9057 -12.008 1.7
    endloop
  endfacet
  facet normal -0.575791 -0.817597 -0
    outer loop
      vertex -8.30577 -12.4305 1.7
      vertex -8.9057 -12.008 0.599999
      vertex -8.30577 -12.4305 0.599999
    endloop
  endfacet
  facet normal 0.407186 -0.578185 0.707037
    outer loop
      vertex 8.72699 -11.767 2
      vertex 8.30577 -12.4305 1.7
      vertex 8.9057 -12.008 1.7
    endloop
  endfacet
  facet normal -0.120955 0.696796 -0.706997
    outer loop
      vertex -2.10558 14.1947 0
      vertex -2.9166 14.6627 0.599999
      vertex -2.19362 14.7882 0.599999
    endloop
  endfacet
  facet normal -0.266698 0.96378 0
    outer loop
      vertex -3.63255 14.502 0.599999
      vertex -4.33976 14.3063 1.7
      vertex -3.63255 14.502 1.7
    endloop
  endfacet
  facet normal -0.266698 0.96378 0
    outer loop
      vertex -4.33976 14.3063 1.7
      vertex -3.63255 14.502 0.599999
      vertex -4.33976 14.3063 0.599999
    endloop
  endfacet
  facet normal -0.35991 0.932987 0
    outer loop
      vertex -5.0365 14.0761 0.599999
      vertex -5.72112 13.812 1.7
      vertex -5.0365 14.0761 1.7
    endloop
  endfacet
  facet normal -0.35991 0.932987 0
    outer loop
      vertex -5.72112 13.812 1.7
      vertex -5.0365 14.0761 0.599999
      vertex -5.72112 13.812 0.599999
    endloop
  endfacet
  facet normal -0.221866 0.671469 0.707039
    outer loop
      vertex -4.25267 14.0192 2
      vertex -5.0365 14.0761 1.7
      vertex -4.93544 13.7936 2
    endloop
  endfacet
  facet normal -0.221858 0.671491 0.707022
    outer loop
      vertex -4.33976 14.3063 1.7
      vertex -5.0365 14.0761 1.7
      vertex -4.25267 14.0192 2
    endloop
  endfacet
  facet normal 0.266698 0.96378 -0
    outer loop
      vertex 4.33976 14.3063 0.599999
      vertex 3.63255 14.502 1.7
      vertex 4.33976 14.3063 1.7
    endloop
  endfacet
  facet normal 0.266698 0.96378 0
    outer loop
      vertex 3.63255 14.502 1.7
      vertex 4.33976 14.3063 0.599999
      vertex 3.63255 14.502 0.599999
    endloop
  endfacet
  facet normal 0.254539 0.659835 -0.706985
    outer loop
      vertex 5.72112 13.812 0.599999
      vertex 4.83437 13.5112 0
      vertex 5.0365 14.0761 0.599999
    endloop
  endfacet
  facet normal 0.0865542 0.701902 -0.706995
    outer loop
      vertex 2.10558 14.1947 0
      vertex 1.40655 14.2809 0
      vertex 1.46536 14.878 0.599999
    endloop
  endfacet
  facet normal -0.534933 0.844894 0
    outer loop
      vertex -7.68584 12.823 0.599999
      vertex -8.30577 12.4305 1.7
      vertex -7.68584 12.823 1.7
    endloop
  endfacet
  facet normal -0.534933 0.844894 0
    outer loop
      vertex -8.30577 12.4305 1.7
      vertex -7.68584 12.823 0.599999
      vertex -8.30577 12.4305 0.599999
    endloop
  endfacet
  facet normal 0.317925 -0.631754 -0.706973
    outer loop
      vertex 7.04738 -13.1847 0.599999
      vertex 6.13542 -12.9722 0
      vertex 6.76454 -12.6556 0
    endloop
  endfacet
  facet normal 0.0865542 -0.701902 -0.706995
    outer loop
      vertex 1.46536 -14.878 0.599999
      vertex 1.40655 -14.2809 0
      vertex 2.10558 -14.1947 0
    endloop
  endfacet
  facet normal 0.37834 0.597492 -0.707009
    outer loop
      vertex 7.97243 11.9316 0
      vertex 7.37737 12.3084 0
      vertex 8.30577 12.4305 0.599999
    endloop
  endfacet
  facet normal -0.788314 -0.615274 0
    outer loop
      vertex -11.5565 -9.48418 0.599999
      vertex -12.008 -8.9057 1.7
      vertex -12.008 -8.9057 0.599999
    endloop
  endfacet
  facet normal -0.788314 -0.615274 0
    outer loop
      vertex -12.008 -8.9057 1.7
      vertex -11.5565 -9.48418 0.599999
      vertex -11.5565 -9.48418 1.7
    endloop
  endfacet
  facet normal 0.266698 -0.96378 0
    outer loop
      vertex 3.63255 -14.502 0.599999
      vertex 4.33976 -14.3063 1.7
      vertex 3.63255 -14.502 1.7
    endloop
  endfacet
  facet normal 0.266698 -0.96378 0
    outer loop
      vertex 4.33976 -14.3063 1.7
      vertex 3.63255 -14.502 0.599999
      vertex 4.33976 -14.3063 0.599999
    endloop
  endfacet
  facet normal -0.557478 -0.435108 0.707035
    outer loop
      vertex -11.767 -8.72699 2
      vertex -12.008 -8.9057 1.7
      vertex -11.5565 -9.48418 1.7
    endloop
  endfacet
  facet normal -0.578179 -0.407161 0.707057
    outer loop
      vertex -12.181 -8.1391 2
      vertex -12.4305 -8.30577 1.7
      vertex -11.767 -8.72699 2
    endloop
  endfacet
  facet normal 0.696796 -0.120955 -0.706997
    outer loop
      vertex 14.6627 -2.9166 0.599999
      vertex 14.1947 -2.10558 0
      vertex 14.7882 -2.19362 0.599999
    endloop
  endfacet
  facet normal 0.557478 -0.435108 -0.707036
    outer loop
      vertex 11.5565 -9.48418 0.599999
      vertex 11.526 -8.54828 0
      vertex 12.008 -8.9057 0.599999
    endloop
  endfacet
  facet normal 0.597492 -0.37834 -0.707009
    outer loop
      vertex 12.4305 -8.30577 0.599999
      vertex 11.9316 -7.97243 0
      vertex 12.3084 -7.37737 0
    endloop
  endfacet
  facet normal 0.597533 -0.37832 -0.706986
    outer loop
      vertex 12.4305 -8.30577 0.599999
      vertex 12.3084 -7.37737 0
      vertex 12.823 -7.68584 0.599999
    endloop
  endfacet
  facet normal 0.893233 0.449594 0
    outer loop
      vertex 13.5146 6.39195 1.7
      vertex 13.1847 7.04738 0.599999
      vertex 13.1847 7.04738 1.7
    endloop
  endfacet
  facet normal 0.893233 0.449594 0
    outer loop
      vertex 13.1847 7.04738 0.599999
      vertex 13.5146 6.39195 1.7
      vertex 13.5146 6.39195 0.599999
    endloop
  endfacet
  facet normal 0.757196 -0.653188 0
    outer loop
      vertex 11.0772 -10.0398 1.7
      vertex 11.5565 -9.48418 0.599999
      vertex 11.5565 -9.48418 1.7
    endloop
  endfacet
  facet normal 0.757196 -0.653188 0
    outer loop
      vertex 11.5565 -9.48418 0.599999
      vertex 11.0772 -10.0398 1.7
      vertex 11.0772 -10.0398 0.599999
    endloop
  endfacet
  facet normal 0.689587 -0.724203 0
    outer loop
      vertex 10.0398 -11.0772 0.599999
      vertex 10.5712 -10.5712 1.7
      vertex 10.0398 -11.0772 1.7
    endloop
  endfacet
  facet normal 0.689587 -0.724203 0
    outer loop
      vertex 10.5712 -10.5712 1.7
      vertex 10.0398 -11.0772 0.599999
      vertex 10.5712 -10.5712 0.599999
    endloop
  endfacet
  facet normal 0.22181 -0.671545 -0.706985
    outer loop
      vertex 5.0365 -14.0761 0.599999
      vertex 4.16558 -13.7321 0
      vertex 4.83437 -13.5112 0
    endloop
  endfacet
  facet normal 0.70195 -0.0866556 0.706935
    outer loop
      vertex 14.5795 -1.43595 2
      vertex 14.4914 -2.1496 2
      vertex 14.878 -1.46536 1.7
    endloop
  endfacet
  facet normal 0.317971 0.631694 0.707005
    outer loop
      vertex 6.39195 13.5146 1.7
      vertex 6.26368 13.2434 2
      vertex 6.90596 12.9201 2
    endloop
  endfacet
  facet normal 0.659835 -0.254539 -0.706985
    outer loop
      vertex 13.812 -5.72112 0.599999
      vertex 13.5112 -4.83437 0
      vertex 14.0761 -5.0365 0.599999
    endloop
  endfacet
  facet normal 0.578179 0.407161 0.707057
    outer loop
      vertex 12.4305 8.30577 1.7
      vertex 11.767 8.72699 2
      vertex 12.181 8.1391 2
    endloop
  endfacet
  facet normal 0.70195 0.0866556 0.706935
    outer loop
      vertex 14.878 1.46536 1.7
      vertex 14.4914 2.1496 2
      vertex 14.5795 1.43595 2
    endloop
  endfacet
  facet normal 0.348556 -0.615324 0.707025
    outer loop
      vertex 7.5316 -12.5657 2
      vertex 6.90596 -12.9201 2
      vertex 7.04738 -13.1847 1.7
    endloop
  endfacet
  facet normal -0.188643 -0.681602 0.706988
    outer loop
      vertex -3.55966 -14.211 2
      vertex -4.25267 -14.0192 2
      vertex -3.63255 -14.502 1.7
    endloop
  endfacet
  facet normal 0.557478 0.435108 -0.707036
    outer loop
      vertex 12.008 8.9057 0.599999
      vertex 11.526 8.54828 0
      vertex 11.5565 9.48418 0.599999
    endloop
  endfacet
  facet normal 0.557525 0.435107 0.706999
    outer loop
      vertex 11.5565 9.48418 1.7
      vertex 11.3246 9.29386 2
      vertex 11.767 8.72699 2
    endloop
  endfacet
  facet normal 0.254522 -0.65978 0.707042
    outer loop
      vertex 5.60631 -13.5348 2
      vertex 4.93544 -13.7936 2
      vertex 5.72112 -13.812 1.7
    endloop
  endfacet
  facet normal 0.25452 -0.659786 0.707038
    outer loop
      vertex 5.72112 -13.812 1.7
      vertex 4.93544 -13.7936 2
      vertex 5.0365 -14.0761 1.7
    endloop
  endfacet
  facet normal -0.653188 -0.757196 0
    outer loop
      vertex -10.0398 -11.0772 0.599999
      vertex -9.48418 -11.5565 1.7
      vertex -10.0398 -11.0772 1.7
    endloop
  endfacet
  facet normal -0.653188 -0.757196 -0
    outer loop
      vertex -9.48418 -11.5565 1.7
      vertex -10.0398 -11.0772 0.599999
      vertex -9.48418 -11.5565 0.599999
    endloop
  endfacet
  facet normal 0.701843 -0.0865426 0.707055
    outer loop
      vertex 14.878 -1.46536 1.7
      vertex 14.4914 -2.1496 2
      vertex 14.7882 -2.19362 1.7
    endloop
  endfacet
  facet normal 0.999699 -0.0245304 0
    outer loop
      vertex 14.932 -0.733562 1.7
      vertex 14.95 0 0.599999
      vertex 14.95 0 1.7
    endloop
  endfacet
  facet normal 0.999699 -0.0245304 0
    outer loop
      vertex 14.95 0 0.599999
      vertex 14.932 -0.733562 1.7
      vertex 14.932 -0.733562 0.599999
    endloop
  endfacet
  facet normal 0.705301 -0.0520448 -0.706995
    outer loop
      vertex 14.878 -1.46536 0.599999
      vertex 14.2809 -1.40655 0
      vertex 14.932 -0.733562 0.599999
    endloop
  endfacet
  facet normal 0.646523 0.286624 -0.707004
    outer loop
      vertex 13.812 5.72112 0.599999
      vertex 12.9722 6.13542 0
      vertex 13.5146 6.39195 0.599999
    endloop
  endfacet
  facet normal 0.659835 0.254539 -0.706985
    outer loop
      vertex 14.0761 5.0365 0.599999
      vertex 13.5112 4.83437 0
      vertex 13.812 5.72112 0.599999
    endloop
  endfacet
  facet normal 0.69674 0.120945 0.707054
    outer loop
      vertex 14.6627 2.9166 1.7
      vertex 14.4914 2.1496 2
      vertex 14.7882 2.19362 1.7
    endloop
  endfacet
  facet normal 0.631703 0.317958 -0.707004
    outer loop
      vertex 13.5146 6.39195 0.599999
      vertex 12.9722 6.13542 0
      vertex 13.1847 7.04738 0.599999
    endloop
  endfacet
  facet normal -0.659786 0.25452 0.707038
    outer loop
      vertex -13.812 5.72112 1.7
      vertex -14.0761 5.0365 1.7
      vertex -13.7936 4.93544 2
    endloop
  endfacet
  facet normal -0.65978 0.254522 0.707042
    outer loop
      vertex -13.5348 5.60631 2
      vertex -13.812 5.72112 1.7
      vertex -13.7936 4.93544 2
    endloop
  endfacet
  facet normal -0.707046 -0.0173494 0.706955
    outer loop
      vertex -14.6324 -0.718841 2
      vertex -14.95 0 1.7
      vertex -14.932 -0.733562 1.7
    endloop
  endfacet
  facet normal 0.254539 0.659834 -0.706986
    outer loop
      vertex 5.49151 13.2577 0
      vertex 4.83437 13.5112 0
      vertex 5.72112 13.812 0.599999
    endloop
  endfacet
  facet normal -0 0 1
    outer loop
      vertex -8.81162 -1.6621 2
      vertex -5.73479 -3.5627 2
      vertex -8.7333 -1.53842 2
    endloop
  endfacet
  facet normal -0 0 1
    outer loop
      vertex -8.81188 -1.66251 2
      vertex -5.73479 -3.5627 2
      vertex -8.81162 -1.6621 2
    endloop
  endfacet
  facet normal 0 0 1
    outer loop
      vertex -5.73479 -3.5627 2
      vertex -8.81188 -1.66251 2
      vertex -5.73671 -3.56611 2
    endloop
  endfacet
  facet normal -0 0 1
    outer loop
      vertex -8.81215 -1.66291 2
      vertex -5.73671 -3.56611 2
      vertex -8.81188 -1.66251 2
    endloop
  endfacet
  facet normal -0 0 1
    outer loop
      vertex -8.89645 -1.78259 2
      vertex -5.73671 -3.56611 2
      vertex -8.81215 -1.66291 2
    endloop
  endfacet
  facet normal 0 0 1
    outer loop
      vertex -5.73671 -3.56611 2
      vertex -8.89645 -1.78259 2
      vertex -5.89654 -3.84824 2
    endloop
  endfacet
  facet normal -0 0 1
    outer loop
      vertex -8.98651 -1.898 2
      vertex -5.89654 -3.84824 2
      vertex -8.89645 -1.78259 2
    endloop
  endfacet
  facet normal -0 0 1
    outer loop
      vertex -8.98681 -1.89838 2
      vertex -5.89654 -3.84824 2
      vertex -8.98651 -1.898 2
    endloop
  endfacet
  facet normal -0 0 1
    outer loop
      vertex -8.98713 -1.89875 2
      vertex -5.89654 -3.84824 2
      vertex -8.98681 -1.89838 2
    endloop
  endfacet
  facet normal 0 0 1
    outer loop
      vertex -5.89654 -3.84824 2
      vertex -8.98713 -1.89875 2
      vertex -6.04233 -4.13787 2
    endloop
  endfacet
  facet normal -0 0 1
    outer loop
      vertex -9.08275 -2.0096 2
      vertex -6.04233 -4.13787 2
      vertex -8.98713 -1.89875 2
    endloop
  endfacet
  facet normal 0 0 1
    outer loop
      vertex -6.04233 -4.13787 2
      vertex -9.08275 -2.0096 2
      vertex -6.04408 -4.14136 2
    endloop
  endfacet
  facet normal 0 0 1
    outer loop
      vertex -6.04408 -4.14136 2
      vertex -9.08275 -2.0096 2
      vertex -6.04567 -4.14494 2
    endloop
  endfacet
  facet normal -0 0 1
    outer loop
      vertex -9.18369 -2.11562 2
      vertex -6.04567 -4.14494 2
      vertex -9.08275 -2.0096 2
    endloop
  endfacet
  facet normal -0 0 1
    outer loop
      vertex -9.18402 -2.11598 2
      vertex -6.04567 -4.14494 2
      vertex -9.18369 -2.11562 2
    endloop
  endfacet
  facet normal 0 0 1
    outer loop
      vertex -6.04567 -4.14494 2
      vertex -9.18402 -2.11598 2
      vertex -6.17707 -4.44137 2
    endloop
  endfacet
  facet normal -0 0 1
    outer loop
      vertex -9.18438 -2.11631 2
      vertex -6.17707 -4.44137 2
      vertex -9.18402 -2.11598 2
    endloop
  endfacet
  facet normal -0 0 1
    outer loop
      vertex -9.2904 -2.21725 2
      vertex -6.17707 -4.44137 2
      vertex -9.18438 -2.11631 2
    endloop
  endfacet
  facet normal -0 0 1
    outer loop
      vertex -9.40125 -2.31287 2
      vertex -6.17707 -4.44137 2
      vertex -9.2904 -2.21725 2
    endloop
  endfacet
  facet normal -0 0 1
    outer loop
      vertex -9.40162 -2.31319 2
      vertex -6.17707 -4.44137 2
      vertex -9.40125 -2.31287 2
    endloop
  endfacet
  facet normal 0 0 1
    outer loop
      vertex -6.17707 -4.44137 2
      vertex -9.40162 -2.31319 2
      vertex -6.29377 -4.7439 2
    endloop
  endfacet
  facet normal -0 0 1
    outer loop
      vertex -9.402 -2.31349 2
      vertex -6.29377 -4.7439 2
      vertex -9.40162 -2.31319 2
    endloop
  endfacet
  facet normal -0 0 1
    outer loop
      vertex -9.51741 -2.40355 2
      vertex -6.29377 -4.7439 2
      vertex -9.402 -2.31349 2
    endloop
  endfacet
  facet normal 0 0 1
    outer loop
      vertex -6.29377 -4.7439 2
      vertex -9.51741 -2.40355 2
      vertex -6.29518 -4.74755 2
    endloop
  endfacet
  facet normal -0 0 1
    outer loop
      vertex -9.63709 -2.48785 2
      vertex -6.29518 -4.74755 2
      vertex -9.51741 -2.40355 2
    endloop
  endfacet
  facet normal 0 0 1
    outer loop
      vertex -6.29518 -4.74755 2
      vertex -9.63709 -2.48785 2
      vertex -6.39689 -5.05544 2
    endloop
  endfacet
  facet normal -0 0 1
    outer loop
      vertex -9.63749 -2.48812 2
      vertex -6.39689 -5.05544 2
      vertex -9.63709 -2.48785 2
    endloop
  endfacet
  facet normal -0 0 1
    outer loop
      vertex -9.6379 -2.48838 2
      vertex -6.39689 -5.05544 2
      vertex -9.63749 -2.48812 2
    endloop
  endfacet
  facet normal 0 0 1
    outer loop
      vertex -6.39689 -5.05544 2
      vertex -9.6379 -2.48838 2
      vertex -6.39812 -5.05915 2
    endloop
  endfacet
  facet normal -0 0 1
    outer loop
      vertex -9.76158 -2.5667 2
      vertex -6.39812 -5.05915 2
      vertex -9.6379 -2.48838 2
    endloop
  endfacet
  facet normal 0 0 1
    outer loop
      vertex -6.39812 -5.05915 2
      vertex -9.76158 -2.5667 2
      vertex -6.39916 -5.06292 2
    endloop
  endfacet
  facet normal -0 0 1
    outer loop
      vertex -9.762 -2.56694 2
      vertex -6.39916 -5.06292 2
      vertex -9.76158 -2.5667 2
    endloop
  endfacet
  facet normal 0 0 1
    outer loop
      vertex -6.67806 -6.67585 2
      vertex -8.72699 -11.767 2
      vertex -8.1391 -12.181 2
    endloop
  endfacet
  facet normal 0 0 1
    outer loop
      vertex -6.39916 -5.06292 2
      vertex -9.762 -2.56694 2
      vertex -6.48564 -5.37543 2
    endloop
  endfacet
  facet normal -0 0 1
    outer loop
      vertex -9.88937 -2.6391 2
      vertex -6.48564 -5.37543 2
      vertex -9.762 -2.56694 2
    endloop
  endfacet
  facet normal 0 0 1
    outer loop
      vertex -6.67806 -6.67585 2
      vertex -9.29386 -11.3246 2
      vertex -8.72699 -11.767 2
    endloop
  endfacet
  facet normal 0 0 1
    outer loop
      vertex -6.48564 -5.37543 2
      vertex -9.88937 -2.6391 2
      vertex -6.4865 -5.37925 2
    endloop
  endfacet
  facet normal -0 0 1
    outer loop
      vertex -10.0201 -2.70492 2
      vertex -6.4865 -5.37925 2
      vertex -9.88937 -2.6391 2
    endloop
  endfacet
  facet normal -0 0 1
    outer loop
      vertex -10.0206 -2.70514 2
      vertex -6.4865 -5.37925 2
      vertex -10.0201 -2.70492 2
    endloop
  endfacet
  facet normal 0 0 1
    outer loop
      vertex -6.4865 -5.37925 2
      vertex -10.0206 -2.70514 2
      vertex -6.55754 -5.69562 2
    endloop
  endfacet
  facet normal -0 0 1
    outer loop
      vertex -10.021 -2.70533 2
      vertex -6.55754 -5.69562 2
      vertex -10.0206 -2.70514 2
    endloop
  endfacet
  facet normal -0 0 1
    outer loop
      vertex -10.1548 -2.76466 2
      vertex -6.55754 -5.69562 2
      vertex -10.021 -2.70533 2
    endloop
  endfacet
  facet normal -0 0 1
    outer loop
      vertex -10.2914 -2.81734 2
      vertex -6.55754 -5.69562 2
      vertex -10.1548 -2.76466 2
    endloop
  endfacet
  facet normal 0 0 1
    outer loop
      vertex -6.55754 -5.69562 2
      vertex -10.2914 -2.81734 2
      vertex -6.61298 -6.0151 2
    endloop
  endfacet
  facet normal -0 0 1
    outer loop
      vertex -10.2919 -2.81752 2
      vertex -6.61298 -6.0151 2
      vertex -10.2914 -2.81734 2
    endloop
  endfacet
  facet normal 0 0 1
    outer loop
      vertex -6.67806 -6.67585 2
      vertex -9.83834 -10.8549 2
      vertex -9.29386 -11.3246 2
    endloop
  endfacet
  facet normal 0 0 1
    outer loop
      vertex -6.61298 -6.0151 2
      vertex -10.2919 -2.81752 2
      vertex -6.61365 -6.01896 2
    endloop
  endfacet
  facet normal -0 0 1
    outer loop
      vertex -10.4309 -2.86344 2
      vertex -6.61365 -6.01896 2
      vertex -10.2919 -2.81752 2
    endloop
  endfacet
  facet normal -0 0 1
    outer loop
      vertex -10.4313 -2.86359 2
      vertex -6.61365 -6.01896 2
      vertex -10.4309 -2.86344 2
    endloop
  endfacet
  facet normal -0 0 1
    outer loop
      vertex -10.4318 -2.86372 2
      vertex -6.61365 -6.01896 2
      vertex -10.4313 -2.86359 2
    endloop
  endfacet
  facet normal 0 0 1
    outer loop
      vertex -6.61365 -6.01896 2
      vertex -10.4318 -2.86372 2
      vertex -6.65334 -6.34077 2
    endloop
  endfacet
  facet normal -0 0 1
    outer loop
      vertex -10.5729 -2.90276 2
      vertex -6.65334 -6.34077 2
      vertex -10.4318 -2.86372 2
    endloop
  endfacet
  facet normal 0 0 1
    outer loop
      vertex -6.65334 -6.34077 2
      vertex -10.5729 -2.90276 2
      vertex -6.65382 -6.34466 2
    endloop
  endfacet
  facet normal 0 0 1
    outer loop
      vertex -6.67806 -6.67585 2
      vertex -10.3591 -10.3591 2
      vertex -9.83834 -10.8549 2
    endloop
  endfacet
  facet normal 0 0 1
    outer loop
      vertex -12.5657 -7.5316 2
      vertex -6.65382 -6.34466 2
      vertex -10.5729 -2.90276 2
    endloop
  endfacet
  facet normal 0 0 1
    outer loop
      vertex -6.65382 -6.34466 2
      vertex -12.5657 -7.5316 2
      vertex -6.65411 -6.34856 2
    endloop
  endfacet
  facet normal 0 -0 1
    outer loop
      vertex -12.181 -8.1391 2
      vertex -6.65411 -6.34856 2
      vertex -12.5657 -7.5316 2
    endloop
  endfacet
  facet normal 0 0 1
    outer loop
      vertex -6.65411 -6.34856 2
      vertex -12.181 -8.1391 2
      vertex -6.67796 -6.67193 2
    endloop
  endfacet
  facet normal 0 0 1
    outer loop
      vertex -12.5657 -7.5316 2
      vertex -10.5729 -2.90276 2
      vertex -10.5734 -2.90287 2
    endloop
  endfacet
  facet normal 0 0 1
    outer loop
      vertex -12.5657 -7.5316 2
      vertex -10.5734 -2.90287 2
      vertex -10.7162 -2.93494 2
    endloop
  endfacet
  facet normal 0 0 1
    outer loop
      vertex -6.67806 -6.67585 2
      vertex -10.8549 -9.83834 2
      vertex -10.3591 -10.3591 2
    endloop
  endfacet
  facet normal 0 0 1
    outer loop
      vertex -12.9201 -6.90596 2
      vertex -10.7162 -2.93494 2
      vertex -10.8604 -2.95997 2
    endloop
  endfacet
  facet normal 0 0 1
    outer loop
      vertex -12.9201 -6.90596 2
      vertex -10.8604 -2.95997 2
      vertex -10.8609 -2.96005 2
    endloop
  endfacet
  facet normal 0 0 1
    outer loop
      vertex -12.9201 -6.90596 2
      vertex -10.8609 -2.96005 2
      vertex -10.8614 -2.96011 2
    endloop
  endfacet
  facet normal 0 0 1
    outer loop
      vertex -12.9201 -6.90596 2
      vertex -10.8614 -2.96011 2
      vertex -11.0067 -2.97803 2
    endloop
  endfacet
  facet normal 0 0 1
    outer loop
      vertex -12.9201 -6.90596 2
      vertex -11.0067 -2.97803 2
      vertex -11.0072 -2.97807 2
    endloop
  endfacet
  facet normal 0 0 1
    outer loop
      vertex -12.9201 -6.90596 2
      vertex -11.0072 -2.97807 2
      vertex -11.1532 -2.98884 2
    endloop
  endfacet
  facet normal 0 0 1
    outer loop
      vertex -13.2434 -6.26368 2
      vertex -11.1532 -2.98884 2
      vertex -11.2995 -2.99243 2
    endloop
  endfacet
  facet normal 0 0 1
    outer loop
      vertex -13.2434 -6.26368 2
      vertex -11.2995 -2.99243 2
      vertex -11.3 -2.99244 2
    endloop
  endfacet
  facet normal 0 0 1
    outer loop
      vertex -13.2434 -6.26368 2
      vertex -11.3 -2.99244 2
      vertex -11.3005 -2.99243 2
    endloop
  endfacet
  facet normal 0 0 1
    outer loop
      vertex -6.67806 -6.67585 2
      vertex -11.3246 -9.29386 2
      vertex -10.8549 -9.83834 2
    endloop
  endfacet
  facet normal 0 0 1
    outer loop
      vertex -13.2434 -6.26368 2
      vertex -11.3005 -2.99243 2
      vertex -11.4468 -2.98884 2
    endloop
  endfacet
  facet normal 0 0 1
    outer loop
      vertex -13.5348 -5.60631 2
      vertex -11.4468 -2.98884 2
      vertex -11.5928 -2.97807 2
    endloop
  endfacet
  facet normal 0 0 1
    outer loop
      vertex -13.5348 -5.60631 2
      vertex -11.5928 -2.97807 2
      vertex -11.5933 -2.97803 2
    endloop
  endfacet
  facet normal 0 0 1
    outer loop
      vertex -13.5348 -5.60631 2
      vertex -11.5933 -2.97803 2
      vertex -11.7386 -2.96011 2
    endloop
  endfacet
  facet normal 0 0 1
    outer loop
      vertex -13.5348 -5.60631 2
      vertex -11.7386 -2.96011 2
      vertex -11.7391 -2.96005 2
    endloop
  endfacet
  facet normal 0 0 1
    outer loop
      vertex -13.5348 -5.60631 2
      vertex -11.7391 -2.96005 2
      vertex -11.7396 -2.95997 2
    endloop
  endfacet
  facet normal 0 0 1
    outer loop
      vertex -6.67806 -6.67585 2
      vertex -11.767 -8.72699 2
      vertex -11.3246 -9.29386 2
    endloop
  endfacet
  facet normal 0 0 1
    outer loop
      vertex -13.7936 -4.93544 2
      vertex -11.7396 -2.95997 2
      vertex -11.8838 -2.93494 2
    endloop
  endfacet
  facet normal 0 0 1
    outer loop
      vertex -13.7936 -4.93544 2
      vertex -11.8838 -2.93494 2
      vertex -12.0266 -2.90287 2
    endloop
  endfacet
  facet normal 0 0 1
    outer loop
      vertex -13.7936 -4.93544 2
      vertex -12.0266 -2.90287 2
      vertex -12.0271 -2.90276 2
    endloop
  endfacet
  facet normal 0 0 1
    outer loop
      vertex -13.7936 -4.93544 2
      vertex -12.0271 -2.90276 2
      vertex -12.1682 -2.86372 2
    endloop
  endfacet
  facet normal 0 0 1
    outer loop
      vertex -13.7936 -4.93544 2
      vertex -12.1682 -2.86372 2
      vertex -12.1687 -2.86359 2
    endloop
  endfacet
  facet normal 0 0 1
    outer loop
      vertex -13.7936 -4.93544 2
      vertex -12.1687 -2.86359 2
      vertex -12.1691 -2.86344 2
    endloop
  endfacet
  facet normal 0 0 1
    outer loop
      vertex -6.67806 -6.67585 2
      vertex -12.181 -8.1391 2
      vertex -11.767 -8.72699 2
    endloop
  endfacet
  facet normal 0 0 1
    outer loop
      vertex -14.0192 -4.25267 2
      vertex -12.1691 -2.86344 2
      vertex -12.3081 -2.81752 2
    endloop
  endfacet
  facet normal 0 0 1
    outer loop
      vertex -14.0192 -4.25267 2
      vertex -12.3081 -2.81752 2
      vertex -12.3086 -2.81734 2
    endloop
  endfacet
  facet normal 0 0 1
    outer loop
      vertex -14.0192 -4.25267 2
      vertex -12.3086 -2.81734 2
      vertex -12.4452 -2.76466 2
    endloop
  endfacet
  facet normal 0 0 1
    outer loop
      vertex -6.67796 -6.67193 2
      vertex -12.181 -8.1391 2
      vertex -6.67806 -6.67585 2
    endloop
  endfacet
  facet normal 0 0 1
    outer loop
      vertex -14.0192 -4.25267 2
      vertex -12.4452 -2.76466 2
      vertex -12.579 -2.70533 2
    endloop
  endfacet
  facet normal 0 0 1
    outer loop
      vertex -14.0192 -4.25267 2
      vertex -12.579 -2.70533 2
      vertex -12.5794 -2.70514 2
    endloop
  endfacet
  facet normal 0 0 1
    outer loop
      vertex -14.0192 -4.25267 2
      vertex -12.5794 -2.70514 2
      vertex -12.5799 -2.70492 2
    endloop
  endfacet
  facet normal 0 0 1
    outer loop
      vertex -14.0192 -4.25267 2
      vertex -12.5799 -2.70492 2
      vertex -12.7106 -2.6391 2
    endloop
  endfacet
  facet normal 0 0 1
    outer loop
      vertex -14.211 -3.55966 2
      vertex -12.7106 -2.6391 2
      vertex -12.838 -2.56694 2
    endloop
  endfacet
  facet normal 0 0 1
    outer loop
      vertex -14.211 -3.55966 2
      vertex -12.838 -2.56694 2
      vertex -12.8384 -2.5667 2
    endloop
  endfacet
  facet normal 0 0 1
    outer loop
      vertex -10.7162 -2.93494 2
      vertex -12.9201 -6.90596 2
      vertex -12.5657 -7.5316 2
    endloop
  endfacet
  facet normal 0 0 1
    outer loop
      vertex -14.211 -3.55966 2
      vertex -12.8384 -2.5667 2
      vertex -12.9621 -2.48838 2
    endloop
  endfacet
  facet normal 0 0 1
    outer loop
      vertex -14.211 -3.55966 2
      vertex -12.9621 -2.48838 2
      vertex -12.9625 -2.48812 2
    endloop
  endfacet
  facet normal 0 0 1
    outer loop
      vertex -14.211 -3.55966 2
      vertex -12.9625 -2.48812 2
      vertex -12.9629 -2.48785 2
    endloop
  endfacet
  facet normal 0 0 1
    outer loop
      vertex -14.211 -3.55966 2
      vertex -12.9629 -2.48785 2
      vertex -13.0826 -2.40355 2
    endloop
  endfacet
  facet normal 0 0 1
    outer loop
      vertex -14.3685 -2.85807 2
      vertex -13.0826 -2.40355 2
      vertex -13.198 -2.31349 2
    endloop
  endfacet
  facet normal 0 0 1
    outer loop
      vertex -14.3685 -2.85807 2
      vertex -13.198 -2.31349 2
      vertex -13.1984 -2.31319 2
    endloop
  endfacet
  facet normal 0 0 1
    outer loop
      vertex -14.3685 -2.85807 2
      vertex -13.1984 -2.31319 2
      vertex -13.1988 -2.31287 2
    endloop
  endfacet
  facet normal 0 0 1
    outer loop
      vertex -11.1532 -2.98884 2
      vertex -13.2434 -6.26368 2
      vertex -12.9201 -6.90596 2
    endloop
  endfacet
  facet normal 0 0 1
    outer loop
      vertex -14.3685 -2.85807 2
      vertex -13.1988 -2.31287 2
      vertex -13.3096 -2.21725 2
    endloop
  endfacet
  facet normal 0 0 1
    outer loop
      vertex -14.3685 -2.85807 2
      vertex -13.3096 -2.21725 2
      vertex -13.4156 -2.11631 2
    endloop
  endfacet
  facet normal 0 0 1
    outer loop
      vertex -14.3685 -2.85807 2
      vertex -13.4156 -2.11631 2
      vertex -13.416 -2.11598 2
    endloop
  endfacet
  facet normal 0 0 1
    outer loop
      vertex -14.3685 -2.85807 2
      vertex -13.416 -2.11598 2
      vertex -13.4163 -2.11562 2
    endloop
  endfacet
  facet normal 0 0 1
    outer loop
      vertex -14.3685 -2.85807 2
      vertex -13.4163 -2.11562 2
      vertex -13.5173 -2.0096 2
    endloop
  endfacet
  facet normal 0 0 1
    outer loop
      vertex -11.4468 -2.98884 2
      vertex -13.5348 -5.60631 2
      vertex -13.2434 -6.26368 2
    endloop
  endfacet
  facet normal 0 0 1
    outer loop
      vertex -14.4914 -2.1496 2
      vertex -13.5173 -2.0096 2
      vertex -13.6129 -1.89875 2
    endloop
  endfacet
  facet normal 0 0 1
    outer loop
      vertex -14.4914 -2.1496 2
      vertex -13.6129 -1.89875 2
      vertex -13.6132 -1.89838 2
    endloop
  endfacet
  facet normal 0 0 1
    outer loop
      vertex -14.4914 -2.1496 2
      vertex -13.6132 -1.89838 2
      vertex -13.6135 -1.898 2
    endloop
  endfacet
  facet normal 0 0 1
    outer loop
      vertex -14.4914 -2.1496 2
      vertex -13.6135 -1.898 2
      vertex -13.7036 -1.78259 2
    endloop
  endfacet
  facet normal 0 0 1
    outer loop
      vertex -14.4914 -2.1496 2
      vertex -13.7036 -1.78259 2
      vertex -13.7878 -1.66291 2
    endloop
  endfacet
  facet normal 0 0 1
    outer loop
      vertex -14.4914 -2.1496 2
      vertex -13.7878 -1.66291 2
      vertex -13.7881 -1.66251 2
    endloop
  endfacet
  facet normal 0 0 1
    outer loop
      vertex -14.4914 -2.1496 2
      vertex -13.7881 -1.66251 2
      vertex -13.7884 -1.6621 2
    endloop
  endfacet
  facet normal 0 0 1
    outer loop
      vertex -11.7396 -2.95997 2
      vertex -13.7936 -4.93544 2
      vertex -13.5348 -5.60631 2
    endloop
  endfacet
  facet normal 0 0 1
    outer loop
      vertex -14.4914 -2.1496 2
      vertex -13.7884 -1.6621 2
      vertex -13.8667 -1.53842 2
    endloop
  endfacet
  facet normal 0 0 1
    outer loop
      vertex -14.4914 -2.1496 2
      vertex -13.8667 -1.53842 2
      vertex -13.8669 -1.538 2
    endloop
  endfacet
  facet normal -0 0 1
    outer loop
      vertex -14.5795 -1.43595 2
      vertex -13.8669 -1.538 2
      vertex -13.9391 -1.41063 2
    endloop
  endfacet
  facet normal 0 0 1
    outer loop
      vertex -14.5795 -1.43595 2
      vertex -13.9391 -1.41063 2
      vertex -14.0049 -1.27987 2
    endloop
  endfacet
  facet normal 0 0 1
    outer loop
      vertex -14.5795 -1.43595 2
      vertex -14.0049 -1.27987 2
      vertex -14.0051 -1.27943 2
    endloop
  endfacet
  facet normal 0 0 1
    outer loop
      vertex -14.5795 -1.43595 2
      vertex -14.0051 -1.27943 2
      vertex -14.0053 -1.27899 2
    endloop
  endfacet
  facet normal 0 0 1
    outer loop
      vertex -12.1691 -2.86344 2
      vertex -14.0192 -4.25267 2
      vertex -13.7936 -4.93544 2
    endloop
  endfacet
  facet normal 0 0 1
    outer loop
      vertex -14.5795 -1.43595 2
      vertex -14.0053 -1.27899 2
      vertex -14.0647 -1.14516 2
    endloop
  endfacet
  facet normal 0 0 1
    outer loop
      vertex -14.5795 -1.43595 2
      vertex -14.0647 -1.14516 2
      vertex -14.1173 -1.00858 2
    endloop
  endfacet
  facet normal 0 0 1
    outer loop
      vertex -14.5795 -1.43595 2
      vertex -14.1173 -1.00858 2
      vertex -14.1175 -1.00812 2
    endloop
  endfacet
  facet normal 0 0 1
    outer loop
      vertex -14.6324 -0.718841 2
      vertex -14.1175 -1.00812 2
      vertex -14.1634 -0.86912 2
    endloop
  endfacet
  facet normal 0 0 1
    outer loop
      vertex -14.6324 -0.718841 2
      vertex -14.1634 -0.86912 2
      vertex -14.1636 -0.868659 2
    endloop
  endfacet
  facet normal 0 0 1
    outer loop
      vertex -14.6324 -0.718841 2
      vertex -14.1636 -0.868659 2
      vertex -14.1637 -0.868192 2
    endloop
  endfacet
  facet normal 0 0 1
    outer loop
      vertex -14.6324 -0.718841 2
      vertex -14.1637 -0.868192 2
      vertex -14.2028 -0.727104 2
    endloop
  endfacet
  facet normal 0 0 1
    outer loop
      vertex -14.6324 -0.718841 2
      vertex -14.2028 -0.727104 2
      vertex -14.2029 -0.72663 2
    endloop
  endfacet
  facet normal 0 0 1
    outer loop
      vertex -12.7106 -2.6391 2
      vertex -14.211 -3.55966 2
      vertex -14.0192 -4.25267 2
    endloop
  endfacet
  facet normal -0 0 1
    outer loop
      vertex -14.6324 -0.718841 2
      vertex -14.2029 -0.72663 2
      vertex -14.2349 -0.583796 2
    endloop
  endfacet
  facet normal 0 0 1
    outer loop
      vertex -14.6324 -0.718841 2
      vertex -14.2349 -0.583796 2
      vertex -14.26 -0.43956 2
    endloop
  endfacet
  facet normal 0 0 1
    outer loop
      vertex -14.6324 -0.718841 2
      vertex -14.26 -0.43956 2
      vertex -14.2601 -0.439082 2
    endloop
  endfacet
  facet normal 0 0 1
    outer loop
      vertex -14.6324 -0.718841 2
      vertex -14.2601 -0.439082 2
      vertex -14.2601 -0.438601 2
    endloop
  endfacet
  facet normal 0 0 1
    outer loop
      vertex -14.6324 -0.718841 2
      vertex -14.2601 -0.438601 2
      vertex -14.278 -0.29331 2
    endloop
  endfacet
  facet normal 0 0 1
    outer loop
      vertex -14.65 0 2
      vertex -14.278 -0.29331 2
      vertex -14.2781 -0.292827 2
    endloop
  endfacet
  facet normal 0 0 1
    outer loop
      vertex -14.65 0 2
      vertex -14.2781 -0.292827 2
      vertex -14.2888 -0.146832 2
    endloop
  endfacet
  facet normal 0 0 1
    outer loop
      vertex -14.65 0 2
      vertex -14.2888 -0.146832 2
      vertex -14.2924 -0.000484947 2
    endloop
  endfacet
  facet normal -0 0 1
    outer loop
      vertex -14.65 0 2
      vertex -14.2924 -0.000484947 2
      vertex -14.2924 0 2
    endloop
  endfacet
  facet normal 0 0 1
    outer loop
      vertex -14.278 0.29331 2
      vertex -14.65 0 2
      vertex -14.2781 0.292827 2
    endloop
  endfacet
  facet normal 0 0 1
    outer loop
      vertex -13.0826 -2.40355 2
      vertex -14.3685 -2.85807 2
      vertex -14.211 -3.55966 2
    endloop
  endfacet
  facet normal 0 0 1
    outer loop
      vertex -14.2781 0.292827 2
      vertex -14.65 0 2
      vertex -14.2888 0.146832 2
    endloop
  endfacet
  facet normal 0 0 1
    outer loop
      vertex -13.5173 -2.0096 2
      vertex -14.4914 -2.1496 2
      vertex -14.3685 -2.85807 2
    endloop
  endfacet
  facet normal 0 0 1
    outer loop
      vertex -14.2888 0.146832 2
      vertex -14.65 0 2
      vertex -14.2924 0.000484947 2
    endloop
  endfacet
  facet normal 0 0 1
    outer loop
      vertex -13.8669 -1.538 2
      vertex -14.5795 -1.43595 2
      vertex -14.4914 -2.1496 2
    endloop
  endfacet
  facet normal 0 0 1
    outer loop
      vertex -14.2924 0.000484947 2
      vertex -14.65 0 2
      vertex -14.2924 0 2
    endloop
  endfacet
  facet normal 0 0 1
    outer loop
      vertex -14.1175 -1.00812 2
      vertex -14.6324 -0.718841 2
      vertex -14.5795 -1.43595 2
    endloop
  endfacet
  facet normal 0 0 1
    outer loop
      vertex -14.278 -0.29331 2
      vertex -14.65 0 2
      vertex -14.6324 -0.718841 2
    endloop
  endfacet
  facet normal 0 0 1
    outer loop
      vertex 8.7333 1.53842 2
      vertex 5.56131 3.28876 2
      vertex 8.73306 1.538 2
    endloop
  endfacet
  facet normal 0 0 1
    outer loop
      vertex 8.30756 0 2
      vertex 6.67806 -6.67585 2
      vertex 6.68601 -7 2
    endloop
  endfacet
  facet normal 0 0 1
    outer loop
      vertex 8.73306 1.538 2
      vertex 5.56131 3.28876 2
      vertex 8.6609 1.41063 2
    endloop
  endfacet
  facet normal 0 0 1
    outer loop
      vertex 8.30756 0 2
      vertex 6.67796 -6.67193 2
      vertex 6.67806 -6.67585 2
    endloop
  endfacet
  facet normal -0 0 1
    outer loop
      vertex 5.55922 3.28545 2
      vertex 8.6609 1.41063 2
      vertex 5.56131 3.28876 2
    endloop
  endfacet
  facet normal 0 0 1
    outer loop
      vertex 8.30756 0 2
      vertex 6.65411 -6.34856 2
      vertex 6.67796 -6.67193 2
    endloop
  endfacet
  facet normal -0 0 1
    outer loop
      vertex 5.55696 3.28225 2
      vertex 8.6609 1.41063 2
      vertex 5.55922 3.28545 2
    endloop
  endfacet
  facet normal 0 0 1
    outer loop
      vertex 8.30756 0 2
      vertex 6.65382 -6.34466 2
      vertex 6.65411 -6.34856 2
    endloop
  endfacet
  facet normal 0 0 1
    outer loop
      vertex 8.6609 1.41063 2
      vertex 5.55696 3.28225 2
      vertex 8.59508 1.27987 2
    endloop
  endfacet
  facet normal 0 0 1
    outer loop
      vertex 8.30756 0 2
      vertex 6.65334 -6.34077 2
      vertex 6.65382 -6.34466 2
    endloop
  endfacet
  facet normal 0 0 1
    outer loop
      vertex 8.59508 1.27987 2
      vertex 5.55696 3.28225 2
      vertex 8.59486 1.27943 2
    endloop
  endfacet
  facet normal 0 0 1
    outer loop
      vertex 8.30756 0 2
      vertex 6.61365 -6.01896 2
      vertex 6.65334 -6.34077 2
    endloop
  endfacet
  facet normal -0 0 1
    outer loop
      vertex 5.37026 3.01715 2
      vertex 8.59486 1.27943 2
      vertex 5.55696 3.28225 2
    endloop
  endfacet
  facet normal 0 0 1
    outer loop
      vertex 8.30756 0 2
      vertex 6.61298 -6.0151 2
      vertex 6.61365 -6.01896 2
    endloop
  endfacet
  facet normal 0 0 1
    outer loop
      vertex 8.59486 1.27943 2
      vertex 5.37026 3.01715 2
      vertex 8.59467 1.27899 2
    endloop
  endfacet
  facet normal 0 0 1
    outer loop
      vertex 8.30756 0 2
      vertex 6.55754 -5.69562 2
      vertex 6.61298 -6.0151 2
    endloop
  endfacet
  facet normal 0 0 1
    outer loop
      vertex 8.59467 1.27899 2
      vertex 5.37026 3.01715 2
      vertex 8.53534 1.14516 2
    endloop
  endfacet
  facet normal 0 0 1
    outer loop
      vertex 8.30756 0 2
      vertex 6.4865 -5.37925 2
      vertex 6.55754 -5.69562 2
    endloop
  endfacet
  facet normal 0 0 1
    outer loop
      vertex 8.53534 1.14516 2
      vertex 5.37026 3.01715 2
      vertex 8.48266 1.00858 2
    endloop
  endfacet
  facet normal 0 0 1
    outer loop
      vertex 8.30756 0 2
      vertex 6.48564 -5.37543 2
      vertex 6.4865 -5.37925 2
    endloop
  endfacet
  facet normal -0 0 1
    outer loop
      vertex 5.17077 2.76152 2
      vertex 8.48266 1.00858 2
      vertex 5.37026 3.01715 2
    endloop
  endfacet
  facet normal 0 0 1
    outer loop
      vertex 8.30756 0 2
      vertex 6.39916 -5.06292 2
      vertex 6.48564 -5.37543 2
    endloop
  endfacet
  facet normal 0 0 1
    outer loop
      vertex 8.48266 1.00858 2
      vertex 5.17077 2.76152 2
      vertex 8.48248 1.00812 2
    endloop
  endfacet
  facet normal 0 0 1
    outer loop
      vertex 8.30756 0 2
      vertex 6.39812 -5.05915 2
      vertex 6.39916 -5.06292 2
    endloop
  endfacet
  facet normal -0 0 1
    outer loop
      vertex 5.16836 2.75844 2
      vertex 8.48248 1.00812 2
      vertex 5.17077 2.76152 2
    endloop
  endfacet
  facet normal 0 0 1
    outer loop
      vertex 8.30756 0 2
      vertex 6.39689 -5.05544 2
      vertex 6.39812 -5.05915 2
    endloop
  endfacet
  facet normal 0 0 1
    outer loop
      vertex 8.48248 1.00812 2
      vertex 5.16836 2.75844 2
      vertex 8.43656 0.86912 2
    endloop
  endfacet
  facet normal 0 0 1
    outer loop
      vertex 8.30756 0 2
      vertex 6.29518 -4.74755 2
      vertex 6.39689 -5.05544 2
    endloop
  endfacet
  facet normal -0 0 1
    outer loop
      vertex 5.1658 2.75547 2
      vertex 8.43656 0.86912 2
      vertex 5.16836 2.75844 2
    endloop
  endfacet
  facet normal 0 0 1
    outer loop
      vertex 8.30756 0 2
      vertex 6.29377 -4.7439 2
      vertex 6.29518 -4.74755 2
    endloop
  endfacet
  facet normal 0 0 1
    outer loop
      vertex 8.43656 0.86912 2
      vertex 5.1658 2.75547 2
      vertex 8.43641 0.868659 2
    endloop
  endfacet
  facet normal 0 0 1
    outer loop
      vertex 8.30756 0 2
      vertex 6.17707 -4.44137 2
      vertex 6.29377 -4.7439 2
    endloop
  endfacet
  facet normal 0 0 1
    outer loop
      vertex 8.43641 0.868659 2
      vertex 5.1658 2.75547 2
      vertex 8.43628 0.868192 2
    endloop
  endfacet
  facet normal 0 0 1
    outer loop
      vertex 8.30756 0 2
      vertex 6.04567 -4.14494 2
      vertex 6.17707 -4.44137 2
    endloop
  endfacet
  facet normal -0 0 1
    outer loop
      vertex 4.95401 2.50995 2
      vertex 8.43628 0.868192 2
      vertex 5.1658 2.75547 2
    endloop
  endfacet
  facet normal 0 0 1
    outer loop
      vertex 8.30756 0 2
      vertex 6.04408 -4.14136 2
      vertex 6.04567 -4.14494 2
    endloop
  endfacet
  facet normal 0 0 1
    outer loop
      vertex 8.43628 0.868192 2
      vertex 4.95401 2.50995 2
      vertex 8.39724 0.727104 2
    endloop
  endfacet
  facet normal 0 0 1
    outer loop
      vertex 8.30756 0 2
      vertex 6.04233 -4.13787 2
      vertex 6.04408 -4.14136 2
    endloop
  endfacet
  facet normal 0 0 1
    outer loop
      vertex 8.39724 0.727104 2
      vertex 4.95401 2.50995 2
      vertex 8.39713 0.72663 2
    endloop
  endfacet
  facet normal 0 0 1
    outer loop
      vertex 8.30756 0 2
      vertex 5.89654 -3.84824 2
      vertex 6.04233 -4.13787 2
    endloop
  endfacet
  facet normal 0 0 1
    outer loop
      vertex 8.39713 0.72663 2
      vertex 4.95401 2.50995 2
      vertex 8.36506 0.583796 2
    endloop
  endfacet
  facet normal 0 0 1
    outer loop
      vertex 8.30756 0 2
      vertex 5.73671 -3.56611 2
      vertex 5.89654 -3.84824 2
    endloop
  endfacet
  facet normal -0 0 1
    outer loop
      vertex 4.95131 2.50711 2
      vertex 8.36506 0.583796 2
      vertex 4.95401 2.50995 2
    endloop
  endfacet
  facet normal 0 0 1
    outer loop
      vertex 8.30756 0 2
      vertex 5.73479 -3.5627 2
      vertex 5.73671 -3.56611 2
    endloop
  endfacet
  facet normal -0 0 1
    outer loop
      vertex 4.72773 2.27227 2
      vertex 8.36506 0.583796 2
      vertex 4.95131 2.50711 2
    endloop
  endfacet
  facet normal 0 0 1
    outer loop
      vertex 8.30756 0 2
      vertex 5.56131 -3.28876 2
      vertex 5.73479 -3.5627 2
    endloop
  endfacet
  facet normal 0 0 1
    outer loop
      vertex 8.36506 0.583796 2
      vertex 4.72773 2.27227 2
      vertex 8.34003 0.43956 2
    endloop
  endfacet
  facet normal 0 0 1
    outer loop
      vertex 8.30756 0 2
      vertex 5.55922 -3.28545 2
      vertex 5.56131 -3.28876 2
    endloop
  endfacet
  facet normal 0 0 1
    outer loop
      vertex 8.34003 0.43956 2
      vertex 4.72773 2.27227 2
      vertex 8.33995 0.439082 2
    endloop
  endfacet
  facet normal 0 0 1
    outer loop
      vertex 8.30756 0 2
      vertex 5.55696 -3.28225 2
      vertex 5.55922 -3.28545 2
    endloop
  endfacet
  facet normal 0 0 1
    outer loop
      vertex 8.33995 0.439082 2
      vertex 4.72773 2.27227 2
      vertex 8.33989 0.438601 2
    endloop
  endfacet
  facet normal 0 0 1
    outer loop
      vertex 8.30756 0 2
      vertex 5.37026 -3.01715 2
      vertex 5.55696 -3.28225 2
    endloop
  endfacet
  facet normal 0 0 1
    outer loop
      vertex 8.33989 0.438601 2
      vertex 4.72773 2.27227 2
      vertex 8.32197 0.29331 2
    endloop
  endfacet
  facet normal 0 0 1
    outer loop
      vertex 8.30756 0 2
      vertex 5.17077 -2.76152 2
      vertex 5.37026 -3.01715 2
    endloop
  endfacet
  facet normal -0 0 1
    outer loop
      vertex 4.49289 2.04869 2
      vertex 8.32197 0.29331 2
      vertex 4.72773 2.27227 2
    endloop
  endfacet
  facet normal 0 0 1
    outer loop
      vertex 8.30756 0 2
      vertex 5.16836 -2.75844 2
      vertex 5.17077 -2.76152 2
    endloop
  endfacet
  facet normal 0 0 1
    outer loop
      vertex 8.32197 0.29331 2
      vertex 4.49289 2.04869 2
      vertex 8.32193 0.292827 2
    endloop
  endfacet
  facet normal 0 0 1
    outer loop
      vertex 8.30756 0 2
      vertex 5.1658 -2.75547 2
      vertex 5.16836 -2.75844 2
    endloop
  endfacet
  facet normal 0 0 1
    outer loop
      vertex 8.32193 0.292827 2
      vertex 4.49289 2.04869 2
      vertex 8.31116 0.146832 2
    endloop
  endfacet
  facet normal 0 0 1
    outer loop
      vertex 8.30756 0 2
      vertex 4.95401 -2.50995 2
      vertex 5.1658 -2.75547 2
    endloop
  endfacet
  facet normal -0 0 1
    outer loop
      vertex 4.49005 2.04599 2
      vertex 8.31116 0.146832 2
      vertex 4.49289 2.04869 2
    endloop
  endfacet
  facet normal 0 0 1
    outer loop
      vertex 8.30756 0 2
      vertex 4.95131 -2.50711 2
      vertex 4.95401 -2.50995 2
    endloop
  endfacet
  facet normal 0 0 1
    outer loop
      vertex 8.31116 0.146832 2
      vertex 4.49005 2.04599 2
      vertex 8.30757 0.000484947 2
    endloop
  endfacet
  facet normal 0 0 1
    outer loop
      vertex 8.30756 0 2
      vertex 4.72773 -2.27227 2
      vertex 4.95131 -2.50711 2
    endloop
  endfacet
  facet normal -0 0 1
    outer loop
      vertex 4.24452 1.8342 2
      vertex 8.30757 0.000484947 2
      vertex 4.49005 2.04599 2
    endloop
  endfacet
  facet normal 0 0 1
    outer loop
      vertex 8.30756 0 2
      vertex 4.49289 -2.04869 2
      vertex 4.72773 -2.27227 2
    endloop
  endfacet
  facet normal 0 0 1
    outer loop
      vertex 8.30757 0.000484947 2
      vertex 4.24452 1.8342 2
      vertex 8.30756 0 2
    endloop
  endfacet
  facet normal 0 0 1
    outer loop
      vertex 8.30756 0 2
      vertex 4.49005 -2.04599 2
      vertex 4.49289 -2.04869 2
    endloop
  endfacet
  facet normal 0 0 1
    outer loop
      vertex 4.24452 -1.8342 2
      vertex 8.30756 0 2
      vertex 4.24452 1.8342 2
    endloop
  endfacet
  facet normal 0 0 1
    outer loop
      vertex 8.30756 0 2
      vertex 4.24452 -1.8342 2
      vertex 4.49005 -2.04599 2
    endloop
  endfacet
  facet normal -0 0 1
    outer loop
      vertex 4.24156 1.83164 2
      vertex 4.24452 -1.8342 2
      vertex 4.24452 1.8342 2
    endloop
  endfacet
  facet normal 0 0 1
    outer loop
      vertex 4.24156 1.83164 2
      vertex 4.24156 -1.83164 2
      vertex 4.24452 -1.8342 2
    endloop
  endfacet
  facet normal -0 0 1
    outer loop
      vertex 4.23848 1.82923 2
      vertex 4.24156 -1.83164 2
      vertex 4.24156 1.83164 2
    endloop
  endfacet
  facet normal 0 0 1
    outer loop
      vertex 4.23848 1.82923 2
      vertex 4.23848 -1.82923 2
      vertex 4.24156 -1.83164 2
    endloop
  endfacet
  facet normal -0 0 1
    outer loop
      vertex 3.98285 1.62974 2
      vertex 4.23848 -1.82923 2
      vertex 4.23848 1.82923 2
    endloop
  endfacet
  facet normal 0 0 1
    outer loop
      vertex 3.98285 1.62974 2
      vertex 3.98285 -1.62974 2
      vertex 4.23848 -1.82923 2
    endloop
  endfacet
  facet normal -0 0 1
    outer loop
      vertex 3.71775 1.44304 2
      vertex 3.98285 -1.62974 2
      vertex 3.98285 1.62974 2
    endloop
  endfacet
  facet normal 0 0 1
    outer loop
      vertex 3.71775 1.44304 2
      vertex 3.71775 -1.44304 2
      vertex 3.98285 -1.62974 2
    endloop
  endfacet
  facet normal -0 0 1
    outer loop
      vertex 3.71455 1.44078 2
      vertex 3.71775 -1.44304 2
      vertex 3.71775 1.44304 2
    endloop
  endfacet
  facet normal 0 0 1
    outer loop
      vertex 3.71455 1.44078 2
      vertex 3.71455 -1.44078 2
      vertex 3.71775 -1.44304 2
    endloop
  endfacet
  facet normal -0 0 1
    outer loop
      vertex 3.71124 1.43869 2
      vertex 3.71455 -1.44078 2
      vertex 3.71455 1.44078 2
    endloop
  endfacet
  facet normal 0 0 1
    outer loop
      vertex 3.71124 1.43869 2
      vertex 3.71124 -1.43869 2
      vertex 3.71455 -1.44078 2
    endloop
  endfacet
  facet normal -0 0 1
    outer loop
      vertex 3.4373 1.26521 2
      vertex 3.71124 -1.43869 2
      vertex 3.71124 1.43869 2
    endloop
  endfacet
  facet normal 0 0 1
    outer loop
      vertex 3.4373 1.26521 2
      vertex 3.4373 -1.26521 2
      vertex 3.71124 -1.43869 2
    endloop
  endfacet
  facet normal -0 0 1
    outer loop
      vertex 3.43389 1.26329 2
      vertex 3.4373 -1.26521 2
      vertex 3.4373 1.26521 2
    endloop
  endfacet
  facet normal 0 0 1
    outer loop
      vertex 3.43389 1.26329 2
      vertex 3.43389 -1.26329 2
      vertex 3.4373 -1.26521 2
    endloop
  endfacet
  facet normal -0 0 1
    outer loop
      vertex 3.15176 1.10346 2
      vertex 3.43389 -1.26329 2
      vertex 3.43389 1.26329 2
    endloop
  endfacet
  facet normal 0 0 1
    outer loop
      vertex 3.15176 1.10346 2
      vertex 3.15176 -1.10346 2
      vertex 3.43389 -1.26329 2
    endloop
  endfacet
  facet normal -0 0 1
    outer loop
      vertex 2.86213 0.957675 2
      vertex 3.15176 -1.10346 2
      vertex 3.15176 1.10346 2
    endloop
  endfacet
  facet normal 0 0 1
    outer loop
      vertex 2.86213 0.957675 2
      vertex 2.86213 -0.957675 2
      vertex 3.15176 -1.10346 2
    endloop
  endfacet
  facet normal -0 0 1
    outer loop
      vertex 2.85864 0.955916 2
      vertex 2.86213 -0.957675 2
      vertex 2.86213 0.957675 2
    endloop
  endfacet
  facet normal 0 0 1
    outer loop
      vertex 2.85864 0.955916 2
      vertex 2.85864 -0.955916 2
      vertex 2.86213 -0.957675 2
    endloop
  endfacet
  facet normal -0 0 1
    outer loop
      vertex 2.85506 0.95433 2
      vertex 2.85864 -0.955916 2
      vertex 2.85864 0.955916 2
    endloop
  endfacet
  facet normal 0 0 1
    outer loop
      vertex 2.85506 0.95433 2
      vertex 2.85506 -0.95433 2
      vertex 2.85864 -0.955916 2
    endloop
  endfacet
  facet normal -0 0 1
    outer loop
      vertex 2.55863 0.822929 2
      vertex 2.85506 -0.95433 2
      vertex 2.85506 0.95433 2
    endloop
  endfacet
  facet normal 0 0 1
    outer loop
      vertex 2.55863 0.822929 2
      vertex 2.55863 -0.822929 2
      vertex 2.85506 -0.95433 2
    endloop
  endfacet
  facet normal -0 0 1
    outer loop
      vertex 2.2561 0.706232 2
      vertex 2.55863 -0.822929 2
      vertex 2.55863 0.822929 2
    endloop
  endfacet
  facet normal 0 0 1
    outer loop
      vertex 2.2561 0.706232 2
      vertex 2.2561 -0.706232 2
      vertex 2.55863 -0.822929 2
    endloop
  endfacet
  facet normal -0 0 1
    outer loop
      vertex 2.25245 0.704823 2
      vertex 2.2561 -0.706232 2
      vertex 2.2561 0.706232 2
    endloop
  endfacet
  facet normal 0 0 1
    outer loop
      vertex 2.25245 0.704823 2
      vertex 2.25245 -0.704823 2
      vertex 2.2561 -0.706232 2
    endloop
  endfacet
  facet normal -0 0 1
    outer loop
      vertex 1.94456 0.603111 2
      vertex 2.25245 -0.704823 2
      vertex 2.25245 0.704823 2
    endloop
  endfacet
  facet normal 0 0 1
    outer loop
      vertex 1.94456 0.603111 2
      vertex 1.94456 -0.603111 2
      vertex 2.25245 -0.704823 2
    endloop
  endfacet
  facet normal -0 0 1
    outer loop
      vertex 1.94085 0.601884 2
      vertex 1.94456 -0.603111 2
      vertex 1.94456 0.603111 2
    endloop
  endfacet
  facet normal 0 0 1
    outer loop
      vertex 1.94085 0.601884 2
      vertex 1.94085 -0.601884 2
      vertex 1.94456 -0.603111 2
    endloop
  endfacet
  facet normal -0 0 1
    outer loop
      vertex 1.93708 0.60084 2
      vertex 1.94085 -0.601884 2
      vertex 1.94085 0.601884 2
    endloop
  endfacet
  facet normal 0 0 1
    outer loop
      vertex 1.93708 0.60084 2
      vertex 1.93708 -0.60084 2
      vertex 1.94085 -0.601884 2
    endloop
  endfacet
  facet normal -0 0 1
    outer loop
      vertex 1.62457 0.514358 2
      vertex 1.93708 -0.60084 2
      vertex 1.93708 0.60084 2
    endloop
  endfacet
  facet normal 0 0 1
    outer loop
      vertex 1.62457 0.514358 2
      vertex 1.62457 -0.514358 2
      vertex 1.93708 -0.60084 2
    endloop
  endfacet
  facet normal -0 0 1
    outer loop
      vertex 1.62075 0.513501 2
      vertex 1.62457 -0.514358 2
      vertex 1.62457 0.514358 2
    endloop
  endfacet
  facet normal 0 0 1
    outer loop
      vertex 1.62075 0.513501 2
      vertex 1.62075 -0.513501 2
      vertex 1.62457 -0.514358 2
    endloop
  endfacet
  facet normal -0 0 1
    outer loop
      vertex 1.30438 0.442457 2
      vertex 1.62075 -0.513501 2
      vertex 1.62075 0.513501 2
    endloop
  endfacet
  facet normal 0 0 1
    outer loop
      vertex 1.30438 0.442457 2
      vertex 1.30438 -0.442457 2
      vertex 1.62075 -0.513501 2
    endloop
  endfacet
  facet normal -0 0 1
    outer loop
      vertex 0.984896 0.387021 2
      vertex 1.30438 -0.442457 2
      vertex 1.30438 0.442457 2
    endloop
  endfacet
  facet normal 0 0 1
    outer loop
      vertex 0.984896 0.387021 2
      vertex 0.984896 -0.387021 2
      vertex 1.30438 -0.442457 2
    endloop
  endfacet
  facet normal -0 0 1
    outer loop
      vertex 0.981041 0.386352 2
      vertex 0.984896 -0.387021 2
      vertex 0.984896 0.387021 2
    endloop
  endfacet
  facet normal 0 0 1
    outer loop
      vertex 0.981041 0.386352 2
      vertex 0.981041 -0.386352 2
      vertex 0.984896 -0.387021 2
    endloop
  endfacet
  facet normal -0 0 1
    outer loop
      vertex 0.659227 0.34666 2
      vertex 0.981041 -0.386352 2
      vertex 0.981041 0.386352 2
    endloop
  endfacet
  facet normal 0 0 1
    outer loop
      vertex 0.659227 0.34666 2
      vertex 0.659227 -0.34666 2
      vertex 0.981041 -0.386352 2
    endloop
  endfacet
  facet normal -0 0 1
    outer loop
      vertex 0.655344 0.346181 2
      vertex 0.659227 -0.34666 2
      vertex 0.659227 0.34666 2
    endloop
  endfacet
  facet normal 0 0 1
    outer loop
      vertex 0.655344 0.346181 2
      vertex 0.655344 -0.346181 2
      vertex 0.659227 -0.34666 2
    endloop
  endfacet
  facet normal -0 0 1
    outer loop
      vertex 0.651441 0.345894 2
      vertex 0.655344 -0.346181 2
      vertex 0.655344 0.346181 2
    endloop
  endfacet
  facet normal 0 0 1
    outer loop
      vertex 0.651441 0.345894 2
      vertex 0.651441 -0.345894 2
      vertex 0.655344 -0.346181 2
    endloop
  endfacet
  facet normal -0 0 1
    outer loop
      vertex 0.328066 0.32204 2
      vertex 0.651441 -0.345894 2
      vertex 0.651441 0.345894 2
    endloop
  endfacet
  facet normal 0 0 1
    outer loop
      vertex 0.328066 0.32204 2
      vertex 0.328066 -0.32204 2
      vertex 0.651441 -0.345894 2
    endloop
  endfacet
  facet normal -0 0 1
    outer loop
      vertex 0.324155 0.321944 2
      vertex 0.328066 -0.32204 2
      vertex 0.328066 0.32204 2
    endloop
  endfacet
  facet normal 0 0 1
    outer loop
      vertex 0.324155 0.321944 2
      vertex 0.324155 -0.321944 2
      vertex 0.328066 -0.32204 2
    endloop
  endfacet
  facet normal -0 0 1
    outer loop
      vertex 0 0.313986 2
      vertex 0.324155 -0.321944 2
      vertex 0.324155 0.321944 2
    endloop
  endfacet
  facet normal 0 0 1
    outer loop
      vertex 0 0.313986 2
      vertex 0 -0.313986 2
      vertex 0.324155 -0.321944 2
    endloop
  endfacet
  facet normal 0 0 1
    outer loop
      vertex -0.324155 0.321944 2
      vertex 0 -0.313986 2
      vertex 0 0.313986 2
    endloop
  endfacet
  facet normal 0 0 1
    outer loop
      vertex -0.324155 0.321944 2
      vertex -0.324155 -0.321944 2
      vertex 0 -0.313986 2
    endloop
  endfacet
  facet normal 0 0 1
    outer loop
      vertex -0.328066 0.32204 2
      vertex -0.324155 -0.321944 2
      vertex -0.324155 0.321944 2
    endloop
  endfacet
  facet normal 0 0 1
    outer loop
      vertex -0.328066 0.32204 2
      vertex -0.328066 -0.32204 2
      vertex -0.324155 -0.321944 2
    endloop
  endfacet
  facet normal 0 0 1
    outer loop
      vertex -0.651441 0.345894 2
      vertex -0.328066 -0.32204 2
      vertex -0.328066 0.32204 2
    endloop
  endfacet
  facet normal 0 0 1
    outer loop
      vertex -0.651441 0.345894 2
      vertex -0.651441 -0.345894 2
      vertex -0.328066 -0.32204 2
    endloop
  endfacet
  facet normal 0 0 1
    outer loop
      vertex -0.655344 0.346181 2
      vertex -0.651441 -0.345894 2
      vertex -0.651441 0.345894 2
    endloop
  endfacet
  facet normal 0 0 1
    outer loop
      vertex -0.655344 0.346181 2
      vertex -0.655344 -0.346181 2
      vertex -0.651441 -0.345894 2
    endloop
  endfacet
  facet normal 0 0 1
    outer loop
      vertex -0.659227 0.34666 2
      vertex -0.655344 -0.346181 2
      vertex -0.655344 0.346181 2
    endloop
  endfacet
  facet normal 0 0 1
    outer loop
      vertex -0.659227 0.34666 2
      vertex -0.659227 -0.34666 2
      vertex -0.655344 -0.346181 2
    endloop
  endfacet
  facet normal 0 0 1
    outer loop
      vertex -0.981041 0.386352 2
      vertex -0.659227 -0.34666 2
      vertex -0.659227 0.34666 2
    endloop
  endfacet
  facet normal 0 0 1
    outer loop
      vertex -0.981041 0.386352 2
      vertex -0.981041 -0.386352 2
      vertex -0.659227 -0.34666 2
    endloop
  endfacet
  facet normal 0 0 1
    outer loop
      vertex -0.984896 0.387021 2
      vertex -0.981041 -0.386352 2
      vertex -0.981041 0.386352 2
    endloop
  endfacet
  facet normal 0 0 1
    outer loop
      vertex -0.984896 0.387021 2
      vertex -0.984896 -0.387021 2
      vertex -0.981041 -0.386352 2
    endloop
  endfacet
  facet normal 0 0 1
    outer loop
      vertex -1.30438 0.442457 2
      vertex -0.984896 -0.387021 2
      vertex -0.984896 0.387021 2
    endloop
  endfacet
  facet normal 0 0 1
    outer loop
      vertex -1.30438 0.442457 2
      vertex -1.30438 -0.442457 2
      vertex -0.984896 -0.387021 2
    endloop
  endfacet
  facet normal 0 0 1
    outer loop
      vertex -1.62075 0.513501 2
      vertex -1.30438 -0.442457 2
      vertex -1.30438 0.442457 2
    endloop
  endfacet
  facet normal 0 0 1
    outer loop
      vertex -1.62075 0.513501 2
      vertex -1.62075 -0.513501 2
      vertex -1.30438 -0.442457 2
    endloop
  endfacet
  facet normal 0 0 1
    outer loop
      vertex -1.62457 0.514358 2
      vertex -1.62075 -0.513501 2
      vertex -1.62075 0.513501 2
    endloop
  endfacet
  facet normal 0 0 1
    outer loop
      vertex -1.62457 0.514358 2
      vertex -1.62457 -0.514358 2
      vertex -1.62075 -0.513501 2
    endloop
  endfacet
  facet normal 0 0 1
    outer loop
      vertex -1.93708 0.60084 2
      vertex -1.62457 -0.514358 2
      vertex -1.62457 0.514358 2
    endloop
  endfacet
  facet normal 0 0 1
    outer loop
      vertex -1.93708 0.60084 2
      vertex -1.93708 -0.60084 2
      vertex -1.62457 -0.514358 2
    endloop
  endfacet
  facet normal 0 0 1
    outer loop
      vertex -1.94085 0.601884 2
      vertex -1.93708 -0.60084 2
      vertex -1.93708 0.60084 2
    endloop
  endfacet
  facet normal 0 0 1
    outer loop
      vertex -1.94085 0.601884 2
      vertex -1.94085 -0.601884 2
      vertex -1.93708 -0.60084 2
    endloop
  endfacet
  facet normal 0 0 1
    outer loop
      vertex -1.94456 0.603111 2
      vertex -1.94085 -0.601884 2
      vertex -1.94085 0.601884 2
    endloop
  endfacet
  facet normal 0 0 1
    outer loop
      vertex -1.94456 0.603111 2
      vertex -1.94456 -0.603111 2
      vertex -1.94085 -0.601884 2
    endloop
  endfacet
  facet normal 0 0 1
    outer loop
      vertex -2.25245 0.704823 2
      vertex -1.94456 -0.603111 2
      vertex -1.94456 0.603111 2
    endloop
  endfacet
  facet normal 0 0 1
    outer loop
      vertex -2.25245 0.704823 2
      vertex -2.25245 -0.704823 2
      vertex -1.94456 -0.603111 2
    endloop
  endfacet
  facet normal 0 0 1
    outer loop
      vertex -2.2561 0.706232 2
      vertex -2.25245 -0.704823 2
      vertex -2.25245 0.704823 2
    endloop
  endfacet
  facet normal 0 0 1
    outer loop
      vertex -2.2561 0.706232 2
      vertex -2.2561 -0.706232 2
      vertex -2.25245 -0.704823 2
    endloop
  endfacet
  facet normal 0 0 1
    outer loop
      vertex -2.55863 0.822929 2
      vertex -2.2561 -0.706232 2
      vertex -2.2561 0.706232 2
    endloop
  endfacet
  facet normal 0 0 1
    outer loop
      vertex -2.55863 0.822929 2
      vertex -2.55863 -0.822929 2
      vertex -2.2561 -0.706232 2
    endloop
  endfacet
  facet normal 0 0 1
    outer loop
      vertex -2.85506 0.95433 2
      vertex -2.55863 -0.822929 2
      vertex -2.55863 0.822929 2
    endloop
  endfacet
  facet normal 0 0 1
    outer loop
      vertex -2.85506 0.95433 2
      vertex -2.85506 -0.95433 2
      vertex -2.55863 -0.822929 2
    endloop
  endfacet
  facet normal 0 0 1
    outer loop
      vertex -2.85864 0.955916 2
      vertex -2.85506 -0.95433 2
      vertex -2.85506 0.95433 2
    endloop
  endfacet
  facet normal 0 0 1
    outer loop
      vertex -2.85864 0.955916 2
      vertex -2.85864 -0.955916 2
      vertex -2.85506 -0.95433 2
    endloop
  endfacet
  facet normal 0 0 1
    outer loop
      vertex -2.86213 0.957675 2
      vertex -2.85864 -0.955916 2
      vertex -2.85864 0.955916 2
    endloop
  endfacet
  facet normal 0 0 1
    outer loop
      vertex -2.86213 0.957675 2
      vertex -2.86213 -0.957675 2
      vertex -2.85864 -0.955916 2
    endloop
  endfacet
  facet normal 0 0 1
    outer loop
      vertex -3.15176 1.10346 2
      vertex -2.86213 -0.957675 2
      vertex -2.86213 0.957675 2
    endloop
  endfacet
  facet normal 0 0 1
    outer loop
      vertex -3.15176 1.10346 2
      vertex -3.15176 -1.10346 2
      vertex -2.86213 -0.957675 2
    endloop
  endfacet
  facet normal 0 0 1
    outer loop
      vertex -3.43389 1.26329 2
      vertex -3.15176 -1.10346 2
      vertex -3.15176 1.10346 2
    endloop
  endfacet
  facet normal 0 0 1
    outer loop
      vertex -3.43389 1.26329 2
      vertex -3.43389 -1.26329 2
      vertex -3.15176 -1.10346 2
    endloop
  endfacet
  facet normal 0 0 1
    outer loop
      vertex -3.4373 1.26521 2
      vertex -3.43389 -1.26329 2
      vertex -3.43389 1.26329 2
    endloop
  endfacet
  facet normal 0 0 1
    outer loop
      vertex -3.4373 1.26521 2
      vertex -3.4373 -1.26521 2
      vertex -3.43389 -1.26329 2
    endloop
  endfacet
  facet normal 0 0 1
    outer loop
      vertex -3.71124 1.43869 2
      vertex -3.4373 -1.26521 2
      vertex -3.4373 1.26521 2
    endloop
  endfacet
  facet normal 0 0 1
    outer loop
      vertex -3.71124 1.43869 2
      vertex -3.71124 -1.43869 2
      vertex -3.4373 -1.26521 2
    endloop
  endfacet
  facet normal 0 0 1
    outer loop
      vertex -3.71455 1.44078 2
      vertex -3.71124 -1.43869 2
      vertex -3.71124 1.43869 2
    endloop
  endfacet
  facet normal 0 0 1
    outer loop
      vertex -3.71455 1.44078 2
      vertex -3.71455 -1.44078 2
      vertex -3.71124 -1.43869 2
    endloop
  endfacet
  facet normal 0 0 1
    outer loop
      vertex -3.71775 1.44304 2
      vertex -3.71455 -1.44078 2
      vertex -3.71455 1.44078 2
    endloop
  endfacet
  facet normal 0 0 1
    outer loop
      vertex -3.71775 1.44304 2
      vertex -3.71775 -1.44304 2
      vertex -3.71455 -1.44078 2
    endloop
  endfacet
  facet normal 0 0 1
    outer loop
      vertex -3.98285 1.62974 2
      vertex -3.71775 -1.44304 2
      vertex -3.71775 1.44304 2
    endloop
  endfacet
  facet normal 0 0 1
    outer loop
      vertex -3.98285 1.62974 2
      vertex -3.98285 -1.62974 2
      vertex -3.71775 -1.44304 2
    endloop
  endfacet
  facet normal 0 0 1
    outer loop
      vertex -4.23848 1.82923 2
      vertex -3.98285 -1.62974 2
      vertex -3.98285 1.62974 2
    endloop
  endfacet
  facet normal 0 0 1
    outer loop
      vertex -4.23848 1.82923 2
      vertex -4.23848 -1.82923 2
      vertex -3.98285 -1.62974 2
    endloop
  endfacet
  facet normal 0 0 1
    outer loop
      vertex -4.24156 1.83164 2
      vertex -4.23848 -1.82923 2
      vertex -4.23848 1.82923 2
    endloop
  endfacet
  facet normal 0 0 1
    outer loop
      vertex -4.24156 1.83164 2
      vertex -4.24156 -1.83164 2
      vertex -4.23848 -1.82923 2
    endloop
  endfacet
  facet normal 0 0 1
    outer loop
      vertex -4.24452 1.8342 2
      vertex -4.24156 -1.83164 2
      vertex -4.24156 1.83164 2
    endloop
  endfacet
  facet normal 0 0 1
    outer loop
      vertex -4.24452 1.8342 2
      vertex -4.24452 -1.8342 2
      vertex -4.24156 -1.83164 2
    endloop
  endfacet
  facet normal 0 0 1
    outer loop
      vertex -8.30757 0.000484947 2
      vertex -4.24452 1.8342 2
      vertex -4.49005 2.04599 2
    endloop
  endfacet
  facet normal 0 0 1
    outer loop
      vertex -4.24452 1.8342 2
      vertex -8.30756 0 2
      vertex -4.24452 -1.8342 2
    endloop
  endfacet
  facet normal 0 0 1
    outer loop
      vertex -8.31116 0.146832 2
      vertex -4.49005 2.04599 2
      vertex -4.49289 2.04869 2
    endloop
  endfacet
  facet normal -0 0 1
    outer loop
      vertex -8.30757 -0.000484947 2
      vertex -4.24452 -1.8342 2
      vertex -8.30756 0 2
    endloop
  endfacet
  facet normal 0 0 1
    outer loop
      vertex -8.32197 0.29331 2
      vertex -4.49289 2.04869 2
      vertex -4.72773 2.27227 2
    endloop
  endfacet
  facet normal 0 0 1
    outer loop
      vertex -4.24452 -1.8342 2
      vertex -8.30757 -0.000484947 2
      vertex -4.49005 -2.04599 2
    endloop
  endfacet
  facet normal 0 0 1
    outer loop
      vertex -8.32197 0.29331 2
      vertex -4.72773 2.27227 2
      vertex -4.95131 2.50711 2
    endloop
  endfacet
  facet normal -0 0 1
    outer loop
      vertex -8.31116 -0.146832 2
      vertex -4.49005 -2.04599 2
      vertex -8.30757 -0.000484947 2
    endloop
  endfacet
  facet normal 0 0 1
    outer loop
      vertex -8.32197 0.29331 2
      vertex -4.95131 2.50711 2
      vertex -4.95401 2.50995 2
    endloop
  endfacet
  facet normal 0 0 1
    outer loop
      vertex -4.49005 -2.04599 2
      vertex -8.31116 -0.146832 2
      vertex -4.49289 -2.04869 2
    endloop
  endfacet
  facet normal 0 0 1
    outer loop
      vertex -8.32197 0.29331 2
      vertex -4.95401 2.50995 2
      vertex -5.1658 2.75547 2
    endloop
  endfacet
  facet normal 0 0 1
    outer loop
      vertex -4.24452 1.8342 2
      vertex -8.30757 0.000484947 2
      vertex -8.30756 0 2
    endloop
  endfacet
  facet normal 0 0 1
    outer loop
      vertex -8.32197 0.29331 2
      vertex -5.1658 2.75547 2
      vertex -5.16836 2.75844 2
    endloop
  endfacet
  facet normal -0 0 1
    outer loop
      vertex -8.32197 -0.29331 2
      vertex -4.49289 -2.04869 2
      vertex -8.32193 -0.292827 2
    endloop
  endfacet
  facet normal 0 0 1
    outer loop
      vertex -8.32197 0.29331 2
      vertex -5.16836 2.75844 2
      vertex -5.17077 2.76152 2
    endloop
  endfacet
  facet normal 0 0 1
    outer loop
      vertex -4.49289 -2.04869 2
      vertex -8.32197 -0.29331 2
      vertex -4.72773 -2.27227 2
    endloop
  endfacet
  facet normal 0 0 1
    outer loop
      vertex -8.32197 0.29331 2
      vertex -5.17077 2.76152 2
      vertex -5.37026 3.01715 2
    endloop
  endfacet
  facet normal -0 0 1
    outer loop
      vertex -8.32193 -0.292827 2
      vertex -4.49289 -2.04869 2
      vertex -8.31116 -0.146832 2
    endloop
  endfacet
  facet normal 0 0 1
    outer loop
      vertex -8.32197 0.29331 2
      vertex -5.37026 3.01715 2
      vertex -5.55696 3.28225 2
    endloop
  endfacet
  facet normal -0 0 1
    outer loop
      vertex -8.33989 -0.438601 2
      vertex -4.72773 -2.27227 2
      vertex -8.32197 -0.29331 2
    endloop
  endfacet
  facet normal 0 0 1
    outer loop
      vertex -8.32197 0.29331 2
      vertex -5.55696 3.28225 2
      vertex -5.55922 3.28545 2
    endloop
  endfacet
  facet normal -0 0 1
    outer loop
      vertex -8.34003 -0.43956 2
      vertex -4.72773 -2.27227 2
      vertex -8.33995 -0.439082 2
    endloop
  endfacet
  facet normal 0 0 1
    outer loop
      vertex -8.32197 0.29331 2
      vertex -5.55922 3.28545 2
      vertex -5.56131 3.28876 2
    endloop
  endfacet
  facet normal -0 0 1
    outer loop
      vertex -8.36506 -0.583796 2
      vertex -4.72773 -2.27227 2
      vertex -8.34003 -0.43956 2
    endloop
  endfacet
  facet normal 0 0 1
    outer loop
      vertex -8.32197 0.29331 2
      vertex -5.56131 3.28876 2
      vertex -5.73479 3.5627 2
    endloop
  endfacet
  facet normal -0 0 1
    outer loop
      vertex -8.33995 -0.439082 2
      vertex -4.72773 -2.27227 2
      vertex -8.33989 -0.438601 2
    endloop
  endfacet
  facet normal 0 0 1
    outer loop
      vertex -8.32197 0.29331 2
      vertex -5.73479 3.5627 2
      vertex -5.73671 3.56611 2
    endloop
  endfacet
  facet normal 0 0 1
    outer loop
      vertex -4.95131 -2.50711 2
      vertex -8.36506 -0.583796 2
      vertex -4.95401 -2.50995 2
    endloop
  endfacet
  facet normal 0 0 1
    outer loop
      vertex -8.32197 0.29331 2
      vertex -5.73671 3.56611 2
      vertex -5.89654 3.84824 2
    endloop
  endfacet
  facet normal 0 0 1
    outer loop
      vertex -4.72773 -2.27227 2
      vertex -8.36506 -0.583796 2
      vertex -4.95131 -2.50711 2
    endloop
  endfacet
  facet normal 0 0 1
    outer loop
      vertex -8.32197 0.29331 2
      vertex -5.89654 3.84824 2
      vertex -6.04233 4.13787 2
    endloop
  endfacet
  facet normal -0 0 1
    outer loop
      vertex -8.39713 -0.72663 2
      vertex -4.95401 -2.50995 2
      vertex -8.36506 -0.583796 2
    endloop
  endfacet
  facet normal 0 0 1
    outer loop
      vertex -8.32197 0.29331 2
      vertex -6.04233 4.13787 2
      vertex -6.04408 4.14136 2
    endloop
  endfacet
  facet normal -0 0 1
    outer loop
      vertex -8.43628 -0.868192 2
      vertex -4.95401 -2.50995 2
      vertex -8.39724 -0.727104 2
    endloop
  endfacet
  facet normal 0 0 1
    outer loop
      vertex -8.32197 0.29331 2
      vertex -6.04408 4.14136 2
      vertex -6.04567 4.14494 2
    endloop
  endfacet
  facet normal 0 0 1
    outer loop
      vertex -4.95401 -2.50995 2
      vertex -8.43628 -0.868192 2
      vertex -5.1658 -2.75547 2
    endloop
  endfacet
  facet normal 0 0 1
    outer loop
      vertex -8.32197 0.29331 2
      vertex -6.04567 4.14494 2
      vertex -6.17707 4.44137 2
    endloop
  endfacet
  facet normal -0 0 1
    outer loop
      vertex -8.39724 -0.727104 2
      vertex -4.95401 -2.50995 2
      vertex -8.39713 -0.72663 2
    endloop
  endfacet
  facet normal 0 0 1
    outer loop
      vertex -8.32197 0.29331 2
      vertex -6.17707 4.44137 2
      vertex -6.29377 4.7439 2
    endloop
  endfacet
  facet normal -0 0 1
    outer loop
      vertex -8.43656 -0.86912 2
      vertex -5.1658 -2.75547 2
      vertex -8.43641 -0.868659 2
    endloop
  endfacet
  facet normal 0 0 1
    outer loop
      vertex -8.32197 0.29331 2
      vertex -6.29377 4.7439 2
      vertex -6.29518 4.74755 2
    endloop
  endfacet
  facet normal 0 0 1
    outer loop
      vertex -5.1658 -2.75547 2
      vertex -8.43656 -0.86912 2
      vertex -5.16836 -2.75844 2
    endloop
  endfacet
  facet normal 0 0 1
    outer loop
      vertex -8.32197 0.29331 2
      vertex -6.29518 4.74755 2
      vertex -6.39689 5.05544 2
    endloop
  endfacet
  facet normal -0 0 1
    outer loop
      vertex -8.48248 -1.00812 2
      vertex -5.16836 -2.75844 2
      vertex -8.43656 -0.86912 2
    endloop
  endfacet
  facet normal 0 0 1
    outer loop
      vertex -8.32197 0.29331 2
      vertex -6.39689 5.05544 2
      vertex -6.39812 5.05915 2
    endloop
  endfacet
  facet normal 0 0 1
    outer loop
      vertex -5.16836 -2.75844 2
      vertex -8.48248 -1.00812 2
      vertex -5.17077 -2.76152 2
    endloop
  endfacet
  facet normal 0 0 1
    outer loop
      vertex -8.32197 0.29331 2
      vertex -6.39812 5.05915 2
      vertex -6.39916 5.06292 2
    endloop
  endfacet
  facet normal -0 0 1
    outer loop
      vertex -8.48266 -1.00858 2
      vertex -5.17077 -2.76152 2
      vertex -8.48248 -1.00812 2
    endloop
  endfacet
  facet normal 0 0 1
    outer loop
      vertex -8.32197 0.29331 2
      vertex -6.39916 5.06292 2
      vertex -6.48564 5.37543 2
    endloop
  endfacet
  facet normal 0 0 1
    outer loop
      vertex -5.17077 -2.76152 2
      vertex -8.48266 -1.00858 2
      vertex -5.37026 -3.01715 2
    endloop
  endfacet
  facet normal 0 0 1
    outer loop
      vertex -8.32197 0.29331 2
      vertex -6.48564 5.37543 2
      vertex -6.4865 5.37925 2
    endloop
  endfacet
  facet normal -0 0 1
    outer loop
      vertex -8.53534 -1.14516 2
      vertex -5.37026 -3.01715 2
      vertex -8.48266 -1.00858 2
    endloop
  endfacet
  facet normal 0 0 1
    outer loop
      vertex -8.32197 0.29331 2
      vertex -6.4865 5.37925 2
      vertex -6.55754 5.69562 2
    endloop
  endfacet
  facet normal -0 0 1
    outer loop
      vertex -8.59467 -1.27899 2
      vertex -5.37026 -3.01715 2
      vertex -8.53534 -1.14516 2
    endloop
  endfacet
  facet normal 0 0 1
    outer loop
      vertex -8.32197 0.29331 2
      vertex -6.55754 5.69562 2
      vertex -6.61298 6.0151 2
    endloop
  endfacet
  facet normal -0 0 1
    outer loop
      vertex -8.59486 -1.27943 2
      vertex -5.37026 -3.01715 2
      vertex -8.59467 -1.27899 2
    endloop
  endfacet
  facet normal 0 0 1
    outer loop
      vertex -8.32197 0.29331 2
      vertex -6.61298 6.0151 2
      vertex -6.61365 6.01896 2
    endloop
  endfacet
  facet normal 0 0 1
    outer loop
      vertex -5.37026 -3.01715 2
      vertex -8.59486 -1.27943 2
      vertex -5.55696 -3.28225 2
    endloop
  endfacet
  facet normal 0 0 1
    outer loop
      vertex -8.32197 0.29331 2
      vertex -6.61365 6.01896 2
      vertex -6.65334 6.34077 2
    endloop
  endfacet
  facet normal -0 0 1
    outer loop
      vertex -8.59508 -1.27987 2
      vertex -5.55696 -3.28225 2
      vertex -8.59486 -1.27943 2
    endloop
  endfacet
  facet normal 0 0 1
    outer loop
      vertex -8.32197 0.29331 2
      vertex -6.65334 6.34077 2
      vertex -6.65382 6.34466 2
    endloop
  endfacet
  facet normal -0 0 1
    outer loop
      vertex -8.6609 -1.41063 2
      vertex -5.55696 -3.28225 2
      vertex -8.59508 -1.27987 2
    endloop
  endfacet
  facet normal 0 0 1
    outer loop
      vertex -8.32197 0.29331 2
      vertex -6.65382 6.34466 2
      vertex -6.65411 6.34856 2
    endloop
  endfacet
  facet normal 0 0 1
    outer loop
      vertex -5.55696 -3.28225 2
      vertex -8.6609 -1.41063 2
      vertex -5.55922 -3.28545 2
    endloop
  endfacet
  facet normal 0 0 1
    outer loop
      vertex -8.32197 0.29331 2
      vertex -6.65411 6.34856 2
      vertex -6.67796 6.67193 2
    endloop
  endfacet
  facet normal 0 0 1
    outer loop
      vertex -5.55922 -3.28545 2
      vertex -8.6609 -1.41063 2
      vertex -5.56131 -3.28876 2
    endloop
  endfacet
  facet normal 0 0 1
    outer loop
      vertex -8.32197 0.29331 2
      vertex -6.67796 6.67193 2
      vertex -6.67806 6.67585 2
    endloop
  endfacet
  facet normal -0 0 1
    outer loop
      vertex -8.73306 -1.538 2
      vertex -5.56131 -3.28876 2
      vertex -8.6609 -1.41063 2
    endloop
  endfacet
  facet normal 0 0 1
    outer loop
      vertex -8.32197 0.29331 2
      vertex -6.67806 6.67585 2
      vertex -6.68601 7 2
    endloop
  endfacet
  facet normal -0 0 1
    outer loop
      vertex -8.7333 -1.53842 2
      vertex -5.56131 -3.28876 2
      vertex -8.73306 -1.538 2
    endloop
  endfacet
  facet normal -0 0 1
    outer loop
      vertex 6.61298 -7.9849 2
      vertex 10.8549 -9.83834 2
      vertex 6.61365 -7.98104 2
    endloop
  endfacet
  facet normal 0 0 1
    outer loop
      vertex 10.8549 -9.83834 2
      vertex 6.61298 -7.9849 2
      vertex 10.3591 -10.3591 2
    endloop
  endfacet
  facet normal -0 0 1
    outer loop
      vertex 6.55754 -8.30438 2
      vertex 10.3591 -10.3591 2
      vertex 6.61298 -7.9849 2
    endloop
  endfacet
  facet normal -0 0 1
    outer loop
      vertex 6.4865 -8.62075 2
      vertex 10.3591 -10.3591 2
      vertex 6.55754 -8.30438 2
    endloop
  endfacet
  facet normal 0 0 1
    outer loop
      vertex 10.3591 -10.3591 2
      vertex 6.4865 -8.62075 2
      vertex 9.83834 -10.8549 2
    endloop
  endfacet
  facet normal -0 0 1
    outer loop
      vertex 6.48564 -8.62457 2
      vertex 9.83834 -10.8549 2
      vertex 6.4865 -8.62075 2
    endloop
  endfacet
  facet normal -0 0 1
    outer loop
      vertex 6.39916 -8.93708 2
      vertex 9.83834 -10.8549 2
      vertex 6.48564 -8.62457 2
    endloop
  endfacet
  facet normal -0 0 1
    outer loop
      vertex 6.39812 -8.94085 2
      vertex 9.83834 -10.8549 2
      vertex 6.39916 -8.93708 2
    endloop
  endfacet
  facet normal -0 0 1
    outer loop
      vertex 6.39689 -8.94456 2
      vertex 9.83834 -10.8549 2
      vertex 6.39812 -8.94085 2
    endloop
  endfacet
  facet normal 0 0 1
    outer loop
      vertex 9.83834 -10.8549 2
      vertex 6.39689 -8.94456 2
      vertex 9.29386 -11.3246 2
    endloop
  endfacet
  facet normal -0 0 1
    outer loop
      vertex 6.29518 -9.25245 2
      vertex 9.29386 -11.3246 2
      vertex 6.39689 -8.94456 2
    endloop
  endfacet
  facet normal -0 0 1
    outer loop
      vertex 6.29377 -9.2561 2
      vertex 9.29386 -11.3246 2
      vertex 6.29518 -9.25245 2
    endloop
  endfacet
  facet normal -0 0 1
    outer loop
      vertex 6.17707 -9.55863 2
      vertex 9.29386 -11.3246 2
      vertex 6.29377 -9.2561 2
    endloop
  endfacet
  facet normal 0 0 1
    outer loop
      vertex 9.29386 -11.3246 2
      vertex 6.17707 -9.55863 2
      vertex 8.72699 -11.767 2
    endloop
  endfacet
  facet normal -0 0 1
    outer loop
      vertex 6.04567 -9.85506 2
      vertex 8.72699 -11.767 2
      vertex 6.17707 -9.55863 2
    endloop
  endfacet
  facet normal -0 0 1
    outer loop
      vertex 6.04408 -9.85864 2
      vertex 8.72699 -11.767 2
      vertex 6.04567 -9.85506 2
    endloop
  endfacet
  facet normal -0 0 1
    outer loop
      vertex 6.04233 -9.86213 2
      vertex 8.72699 -11.767 2
      vertex 6.04408 -9.85864 2
    endloop
  endfacet
  facet normal 0 0 1
    outer loop
      vertex 8.72699 -11.767 2
      vertex 6.04233 -9.86213 2
      vertex 8.1391 -12.181 2
    endloop
  endfacet
  facet normal -0 0 1
    outer loop
      vertex 5.89654 -10.1518 2
      vertex 8.1391 -12.181 2
      vertex 6.04233 -9.86213 2
    endloop
  endfacet
  facet normal -0 0 1
    outer loop
      vertex 5.73671 -10.4339 2
      vertex 8.1391 -12.181 2
      vertex 5.89654 -10.1518 2
    endloop
  endfacet
  facet normal 0 0 1
    outer loop
      vertex 8.1391 -12.181 2
      vertex 5.73671 -10.4339 2
      vertex 7.5316 -12.5657 2
    endloop
  endfacet
  facet normal -0 0 1
    outer loop
      vertex 5.73479 -10.4373 2
      vertex 7.5316 -12.5657 2
      vertex 5.73671 -10.4339 2
    endloop
  endfacet
  facet normal -0 0 1
    outer loop
      vertex 5.56131 -10.7112 2
      vertex 7.5316 -12.5657 2
      vertex 5.73479 -10.4373 2
    endloop
  endfacet
  facet normal -0 0 1
    outer loop
      vertex 5.55922 -10.7146 2
      vertex 7.5316 -12.5657 2
      vertex 5.56131 -10.7112 2
    endloop
  endfacet
  facet normal -0 0 1
    outer loop
      vertex 5.55696 -10.7177 2
      vertex 7.5316 -12.5657 2
      vertex 5.55922 -10.7146 2
    endloop
  endfacet
  facet normal 0 0 1
    outer loop
      vertex 7.5316 -12.5657 2
      vertex 5.55696 -10.7177 2
      vertex 6.90596 -12.9201 2
    endloop
  endfacet
  facet normal -0 0 1
    outer loop
      vertex 5.37026 -10.9829 2
      vertex 6.90596 -12.9201 2
      vertex 5.55696 -10.7177 2
    endloop
  endfacet
  facet normal -0 0 1
    outer loop
      vertex 5.17077 -11.2385 2
      vertex 6.90596 -12.9201 2
      vertex 5.37026 -10.9829 2
    endloop
  endfacet
  facet normal -0 0 1
    outer loop
      vertex 5.16836 -11.2416 2
      vertex 6.90596 -12.9201 2
      vertex 5.17077 -11.2385 2
    endloop
  endfacet
  facet normal -0 0 1
    outer loop
      vertex 5.1658 -11.2445 2
      vertex 6.90596 -12.9201 2
      vertex 5.16836 -11.2416 2
    endloop
  endfacet
  facet normal 0 0 1
    outer loop
      vertex 6.90596 -12.9201 2
      vertex 5.1658 -11.2445 2
      vertex 6.26368 -13.2434 2
    endloop
  endfacet
  facet normal -0 0 1
    outer loop
      vertex 4.95401 -11.4901 2
      vertex 6.26368 -13.2434 2
      vertex 5.1658 -11.2445 2
    endloop
  endfacet
  facet normal -0 0 1
    outer loop
      vertex 4.95131 -11.4929 2
      vertex 6.26368 -13.2434 2
      vertex 4.95401 -11.4901 2
    endloop
  endfacet
  facet normal -0 0 1
    outer loop
      vertex 4.72773 -11.7277 2
      vertex 6.26368 -13.2434 2
      vertex 4.95131 -11.4929 2
    endloop
  endfacet
  facet normal 0 0 1
    outer loop
      vertex 6.26368 -13.2434 2
      vertex 4.72773 -11.7277 2
      vertex 5.60631 -13.5348 2
    endloop
  endfacet
  facet normal -0 0 1
    outer loop
      vertex 4.49289 -11.9513 2
      vertex 5.60631 -13.5348 2
      vertex 4.72773 -11.7277 2
    endloop
  endfacet
  facet normal -0 0 1
    outer loop
      vertex 4.49005 -11.954 2
      vertex 5.60631 -13.5348 2
      vertex 4.49289 -11.9513 2
    endloop
  endfacet
  facet normal -0 0 1
    outer loop
      vertex 4.24452 -12.1658 2
      vertex 5.60631 -13.5348 2
      vertex 4.49005 -11.954 2
    endloop
  endfacet
  facet normal 0 0 1
    outer loop
      vertex 5.60631 -13.5348 2
      vertex 4.24452 -12.1658 2
      vertex 4.93544 -13.7936 2
    endloop
  endfacet
  facet normal -0 0 1
    outer loop
      vertex 4.24156 -12.1684 2
      vertex 4.93544 -13.7936 2
      vertex 4.24452 -12.1658 2
    endloop
  endfacet
  facet normal -0 0 1
    outer loop
      vertex 4.23848 -12.1708 2
      vertex 4.93544 -13.7936 2
      vertex 4.24156 -12.1684 2
    endloop
  endfacet
  facet normal -0 0 1
    outer loop
      vertex 3.98285 -12.3703 2
      vertex 4.93544 -13.7936 2
      vertex 4.23848 -12.1708 2
    endloop
  endfacet
  facet normal 0 0 1
    outer loop
      vertex 4.93544 -13.7936 2
      vertex 3.98285 -12.3703 2
      vertex 4.25267 -14.0192 2
    endloop
  endfacet
  facet normal -0 0 1
    outer loop
      vertex 3.71775 -12.557 2
      vertex 4.25267 -14.0192 2
      vertex 3.98285 -12.3703 2
    endloop
  endfacet
  facet normal -0 0 1
    outer loop
      vertex 3.71455 -12.5592 2
      vertex 4.25267 -14.0192 2
      vertex 3.71775 -12.557 2
    endloop
  endfacet
  facet normal -0 0 1
    outer loop
      vertex 3.71124 -12.5613 2
      vertex 4.25267 -14.0192 2
      vertex 3.71455 -12.5592 2
    endloop
  endfacet
  facet normal -0 0 1
    outer loop
      vertex 3.4373 -12.7348 2
      vertex 4.25267 -14.0192 2
      vertex 3.71124 -12.5613 2
    endloop
  endfacet
  facet normal -0 0 1
    outer loop
      vertex 3.43389 -12.7367 2
      vertex 4.25267 -14.0192 2
      vertex 3.4373 -12.7348 2
    endloop
  endfacet
  facet normal 0 0 1
    outer loop
      vertex 4.25267 -14.0192 2
      vertex 3.43389 -12.7367 2
      vertex 3.55966 -14.211 2
    endloop
  endfacet
  facet normal -0 0 1
    outer loop
      vertex 3.15176 -12.8965 2
      vertex 3.55966 -14.211 2
      vertex 3.43389 -12.7367 2
    endloop
  endfacet
  facet normal -0 0 1
    outer loop
      vertex 2.86213 -13.0423 2
      vertex 3.55966 -14.211 2
      vertex 3.15176 -12.8965 2
    endloop
  endfacet
  facet normal -0 0 1
    outer loop
      vertex 2.85864 -13.0441 2
      vertex 3.55966 -14.211 2
      vertex 2.86213 -13.0423 2
    endloop
  endfacet
  facet normal -0 0 1
    outer loop
      vertex 2.85506 -13.0457 2
      vertex 3.55966 -14.211 2
      vertex 2.85864 -13.0441 2
    endloop
  endfacet
  facet normal 0 0 1
    outer loop
      vertex 3.55966 -14.211 2
      vertex 2.85506 -13.0457 2
      vertex 2.85807 -14.3685 2
    endloop
  endfacet
  facet normal -0 0 1
    outer loop
      vertex 2.55863 -13.1771 2
      vertex 2.85807 -14.3685 2
      vertex 2.85506 -13.0457 2
    endloop
  endfacet
  facet normal -0 0 1
    outer loop
      vertex 2.2561 -13.2938 2
      vertex 2.85807 -14.3685 2
      vertex 2.55863 -13.1771 2
    endloop
  endfacet
  facet normal -0 0 1
    outer loop
      vertex 2.25245 -13.2952 2
      vertex 2.85807 -14.3685 2
      vertex 2.2561 -13.2938 2
    endloop
  endfacet
  facet normal 0 0 1
    outer loop
      vertex 2.25245 -13.2952 2
      vertex 2.1496 -14.4914 2
      vertex 2.85807 -14.3685 2
    endloop
  endfacet
  facet normal -0 0 1
    outer loop
      vertex 1.94456 -13.3969 2
      vertex 2.1496 -14.4914 2
      vertex 2.25245 -13.2952 2
    endloop
  endfacet
  facet normal -0 0 1
    outer loop
      vertex 1.94085 -13.3981 2
      vertex 2.1496 -14.4914 2
      vertex 1.94456 -13.3969 2
    endloop
  endfacet
  facet normal -0 0 1
    outer loop
      vertex 1.93708 -13.3992 2
      vertex 2.1496 -14.4914 2
      vertex 1.94085 -13.3981 2
    endloop
  endfacet
  facet normal -0 0 1
    outer loop
      vertex 1.62457 -13.4856 2
      vertex 2.1496 -14.4914 2
      vertex 1.93708 -13.3992 2
    endloop
  endfacet
  facet normal -0 0 1
    outer loop
      vertex 1.62075 -13.4865 2
      vertex 2.1496 -14.4914 2
      vertex 1.62457 -13.4856 2
    endloop
  endfacet
  facet normal 0 0 1
    outer loop
      vertex 1.62075 -13.4865 2
      vertex 1.43595 -14.5795 2
      vertex 2.1496 -14.4914 2
    endloop
  endfacet
  facet normal -0 0 1
    outer loop
      vertex 1.30438 -13.5575 2
      vertex 1.43595 -14.5795 2
      vertex 1.62075 -13.4865 2
    endloop
  endfacet
  facet normal -0 0 1
    outer loop
      vertex 0.984896 -13.613 2
      vertex 1.43595 -14.5795 2
      vertex 1.30438 -13.5575 2
    endloop
  endfacet
  facet normal -0 0 1
    outer loop
      vertex 0.981041 -13.6136 2
      vertex 1.43595 -14.5795 2
      vertex 0.984896 -13.613 2
    endloop
  endfacet
  facet normal 0 0 1
    outer loop
      vertex 0.981041 -13.6136 2
      vertex 0.718841 -14.6324 2
      vertex 1.43595 -14.5795 2
    endloop
  endfacet
  facet normal -0 0 1
    outer loop
      vertex 0.659227 -13.6533 2
      vertex 0.718841 -14.6324 2
      vertex 0.981041 -13.6136 2
    endloop
  endfacet
  facet normal -0 0 1
    outer loop
      vertex 0.655344 -13.6538 2
      vertex 0.718841 -14.6324 2
      vertex 0.659227 -13.6533 2
    endloop
  endfacet
  facet normal -0 0 1
    outer loop
      vertex 0.651441 -13.6541 2
      vertex 0.718841 -14.6324 2
      vertex 0.655344 -13.6538 2
    endloop
  endfacet
  facet normal -0 0 1
    outer loop
      vertex 0.328066 -13.678 2
      vertex 0.718841 -14.6324 2
      vertex 0.651441 -13.6541 2
    endloop
  endfacet
  facet normal 0 0 1
    outer loop
      vertex 0 -14.65 2
      vertex 0.328066 -13.678 2
      vertex 0.324155 -13.6781 2
    endloop
  endfacet
  facet normal 0 0 1
    outer loop
      vertex 0 -14.65 2
      vertex 0.324155 -13.6781 2
      vertex 0 -13.686 2
    endloop
  endfacet
  facet normal 0 0 1
    outer loop
      vertex 0.328066 -13.678 2
      vertex 0 -14.65 2
      vertex 0.718841 -14.6324 2
    endloop
  endfacet
  facet normal 0 0 1
    outer loop
      vertex -0.324155 -13.6781 2
      vertex 0 -14.65 2
      vertex 0 -13.686 2
    endloop
  endfacet
  facet normal 0 0 1
    outer loop
      vertex -0.328066 -13.678 2
      vertex 0 -14.65 2
      vertex -0.324155 -13.6781 2
    endloop
  endfacet
  facet normal 0 0 1
    outer loop
      vertex -0.718841 -14.6324 2
      vertex -0.328066 -13.678 2
      vertex -0.651441 -13.6541 2
    endloop
  endfacet
  facet normal 0 0 1
    outer loop
      vertex -0.718841 -14.6324 2
      vertex -0.651441 -13.6541 2
      vertex -0.655344 -13.6538 2
    endloop
  endfacet
  facet normal 0 0 1
    outer loop
      vertex -0.718841 -14.6324 2
      vertex -0.655344 -13.6538 2
      vertex -0.659227 -13.6533 2
    endloop
  endfacet
  facet normal 0 0 1
    outer loop
      vertex -0.328066 -13.678 2
      vertex -0.718841 -14.6324 2
      vertex 0 -14.65 2
    endloop
  endfacet
  facet normal 0 0 1
    outer loop
      vertex -0.981041 -13.6136 2
      vertex -0.718841 -14.6324 2
      vertex -0.659227 -13.6533 2
    endloop
  endfacet
  facet normal 0 0 1
    outer loop
      vertex -1.43595 -14.5795 2
      vertex -0.981041 -13.6136 2
      vertex -0.984896 -13.613 2
    endloop
  endfacet
  facet normal 0 0 1
    outer loop
      vertex -1.43595 -14.5795 2
      vertex -0.984896 -13.613 2
      vertex -1.30438 -13.5575 2
    endloop
  endfacet
  facet normal 0 0 1
    outer loop
      vertex -0.981041 -13.6136 2
      vertex -1.43595 -14.5795 2
      vertex -0.718841 -14.6324 2
    endloop
  endfacet
  facet normal 0 0 1
    outer loop
      vertex -1.62075 -13.4865 2
      vertex -1.43595 -14.5795 2
      vertex -1.30438 -13.5575 2
    endloop
  endfacet
  facet normal 0 0 1
    outer loop
      vertex -2.1496 -14.4914 2
      vertex -1.62075 -13.4865 2
      vertex -1.62457 -13.4856 2
    endloop
  endfacet
  facet normal 0 0 1
    outer loop
      vertex -2.1496 -14.4914 2
      vertex -1.62457 -13.4856 2
      vertex -1.93708 -13.3992 2
    endloop
  endfacet
  facet normal 0 0 1
    outer loop
      vertex -2.1496 -14.4914 2
      vertex -1.93708 -13.3992 2
      vertex -1.94085 -13.3981 2
    endloop
  endfacet
  facet normal 0 0 1
    outer loop
      vertex -2.1496 -14.4914 2
      vertex -1.94085 -13.3981 2
      vertex -1.94456 -13.3969 2
    endloop
  endfacet
  facet normal 0 0 1
    outer loop
      vertex -1.62075 -13.4865 2
      vertex -2.1496 -14.4914 2
      vertex -1.43595 -14.5795 2
    endloop
  endfacet
  facet normal 0 0 1
    outer loop
      vertex -2.25245 -13.2952 2
      vertex -2.1496 -14.4914 2
      vertex -1.94456 -13.3969 2
    endloop
  endfacet
  facet normal 0 0 1
    outer loop
      vertex -2.85807 -14.3685 2
      vertex -2.25245 -13.2952 2
      vertex -2.2561 -13.2938 2
    endloop
  endfacet
  facet normal 0 0 1
    outer loop
      vertex -2.85807 -14.3685 2
      vertex -2.2561 -13.2938 2
      vertex -2.55863 -13.1771 2
    endloop
  endfacet
  facet normal 0 0 1
    outer loop
      vertex -2.85807 -14.3685 2
      vertex -2.55863 -13.1771 2
      vertex -2.85506 -13.0457 2
    endloop
  endfacet
  facet normal 0 0 1
    outer loop
      vertex -2.25245 -13.2952 2
      vertex -2.85807 -14.3685 2
      vertex -2.1496 -14.4914 2
    endloop
  endfacet
  facet normal 0 0 1
    outer loop
      vertex -3.55966 -14.211 2
      vertex -2.85506 -13.0457 2
      vertex -2.85864 -13.0441 2
    endloop
  endfacet
  facet normal 0 0 1
    outer loop
      vertex -3.55966 -14.211 2
      vertex -2.85864 -13.0441 2
      vertex -2.86213 -13.0423 2
    endloop
  endfacet
  facet normal 0 0 1
    outer loop
      vertex -3.55966 -14.211 2
      vertex -2.86213 -13.0423 2
      vertex -3.15176 -12.8965 2
    endloop
  endfacet
  facet normal 0 0 1
    outer loop
      vertex -3.55966 -14.211 2
      vertex -3.15176 -12.8965 2
      vertex -3.43389 -12.7367 2
    endloop
  endfacet
  facet normal 0 0 1
    outer loop
      vertex -4.25267 -14.0192 2
      vertex -3.43389 -12.7367 2
      vertex -3.4373 -12.7348 2
    endloop
  endfacet
  facet normal 0 0 1
    outer loop
      vertex -2.85506 -13.0457 2
      vertex -3.55966 -14.211 2
      vertex -2.85807 -14.3685 2
    endloop
  endfacet
  facet normal 0 0 1
    outer loop
      vertex -4.25267 -14.0192 2
      vertex -3.4373 -12.7348 2
      vertex -3.71124 -12.5613 2
    endloop
  endfacet
  facet normal 0 0 1
    outer loop
      vertex -4.25267 -14.0192 2
      vertex -3.71124 -12.5613 2
      vertex -3.71455 -12.5592 2
    endloop
  endfacet
  facet normal 0 0 1
    outer loop
      vertex -4.25267 -14.0192 2
      vertex -3.71455 -12.5592 2
      vertex -3.71775 -12.557 2
    endloop
  endfacet
  facet normal 0 0 1
    outer loop
      vertex -4.25267 -14.0192 2
      vertex -3.71775 -12.557 2
      vertex -3.98285 -12.3703 2
    endloop
  endfacet
  facet normal 0 0 1
    outer loop
      vertex -4.93544 -13.7936 2
      vertex -3.98285 -12.3703 2
      vertex -4.23848 -12.1708 2
    endloop
  endfacet
  facet normal 0 0 1
    outer loop
      vertex -4.93544 -13.7936 2
      vertex -4.23848 -12.1708 2
      vertex -4.24156 -12.1684 2
    endloop
  endfacet
  facet normal 0 0 1
    outer loop
      vertex -4.93544 -13.7936 2
      vertex -4.24156 -12.1684 2
      vertex -4.24452 -12.1658 2
    endloop
  endfacet
  facet normal 0 0 1
    outer loop
      vertex -3.43389 -12.7367 2
      vertex -4.25267 -14.0192 2
      vertex -3.55966 -14.211 2
    endloop
  endfacet
  facet normal 0 0 1
    outer loop
      vertex -5.60631 -13.5348 2
      vertex -4.24452 -12.1658 2
      vertex -4.49005 -11.954 2
    endloop
  endfacet
  facet normal 0 0 1
    outer loop
      vertex -5.60631 -13.5348 2
      vertex -4.49005 -11.954 2
      vertex -4.49289 -11.9513 2
    endloop
  endfacet
  facet normal 0 0 1
    outer loop
      vertex -5.60631 -13.5348 2
      vertex -4.49289 -11.9513 2
      vertex -4.72773 -11.7277 2
    endloop
  endfacet
  facet normal 0 0 1
    outer loop
      vertex -3.98285 -12.3703 2
      vertex -4.93544 -13.7936 2
      vertex -4.25267 -14.0192 2
    endloop
  endfacet
  facet normal 0 0 1
    outer loop
      vertex -6.26368 -13.2434 2
      vertex -4.72773 -11.7277 2
      vertex -4.95131 -11.4929 2
    endloop
  endfacet
  facet normal 0 0 1
    outer loop
      vertex -6.26368 -13.2434 2
      vertex -4.95131 -11.4929 2
      vertex -4.95401 -11.4901 2
    endloop
  endfacet
  facet normal 0 0 1
    outer loop
      vertex -6.26368 -13.2434 2
      vertex -4.95401 -11.4901 2
      vertex -5.1658 -11.2445 2
    endloop
  endfacet
  facet normal 0 0 1
    outer loop
      vertex -6.90596 -12.9201 2
      vertex -5.1658 -11.2445 2
      vertex -5.16836 -11.2416 2
    endloop
  endfacet
  facet normal 0 0 1
    outer loop
      vertex -6.90596 -12.9201 2
      vertex -5.16836 -11.2416 2
      vertex -5.17077 -11.2385 2
    endloop
  endfacet
  facet normal 0 0 1
    outer loop
      vertex -6.90596 -12.9201 2
      vertex -5.17077 -11.2385 2
      vertex -5.37026 -10.9829 2
    endloop
  endfacet
  facet normal 0 0 1
    outer loop
      vertex -6.90596 -12.9201 2
      vertex -5.37026 -10.9829 2
      vertex -5.55696 -10.7177 2
    endloop
  endfacet
  facet normal 0 0 1
    outer loop
      vertex -7.5316 -12.5657 2
      vertex -5.55696 -10.7177 2
      vertex -5.55922 -10.7146 2
    endloop
  endfacet
  facet normal 0 0 1
    outer loop
      vertex -7.5316 -12.5657 2
      vertex -5.55922 -10.7146 2
      vertex -5.56131 -10.7112 2
    endloop
  endfacet
  facet normal 0 0 1
    outer loop
      vertex -4.24452 -12.1658 2
      vertex -5.60631 -13.5348 2
      vertex -4.93544 -13.7936 2
    endloop
  endfacet
  facet normal 0 0 1
    outer loop
      vertex -7.5316 -12.5657 2
      vertex -5.56131 -10.7112 2
      vertex -5.73479 -10.4373 2
    endloop
  endfacet
  facet normal 0 0 1
    outer loop
      vertex -7.5316 -12.5657 2
      vertex -5.73479 -10.4373 2
      vertex -5.73671 -10.4339 2
    endloop
  endfacet
  facet normal 0 0 1
    outer loop
      vertex -8.1391 -12.181 2
      vertex -5.73671 -10.4339 2
      vertex -5.89654 -10.1518 2
    endloop
  endfacet
  facet normal 0 0 1
    outer loop
      vertex -8.1391 -12.181 2
      vertex -5.89654 -10.1518 2
      vertex -6.04233 -9.86213 2
    endloop
  endfacet
  facet normal 0 0 1
    outer loop
      vertex -8.1391 -12.181 2
      vertex -6.04233 -9.86213 2
      vertex -6.04408 -9.85864 2
    endloop
  endfacet
  facet normal 0 0 1
    outer loop
      vertex -8.1391 -12.181 2
      vertex -6.04408 -9.85864 2
      vertex -6.04567 -9.85506 2
    endloop
  endfacet
  facet normal 0 0 1
    outer loop
      vertex -8.1391 -12.181 2
      vertex -6.04567 -9.85506 2
      vertex -6.17707 -9.55863 2
    endloop
  endfacet
  facet normal 0 0 1
    outer loop
      vertex -4.72773 -11.7277 2
      vertex -6.26368 -13.2434 2
      vertex -5.60631 -13.5348 2
    endloop
  endfacet
  facet normal 0 0 1
    outer loop
      vertex -8.1391 -12.181 2
      vertex -6.17707 -9.55863 2
      vertex -6.29377 -9.2561 2
    endloop
  endfacet
  facet normal 0 0 1
    outer loop
      vertex -8.1391 -12.181 2
      vertex -6.29377 -9.2561 2
      vertex -6.29518 -9.25245 2
    endloop
  endfacet
  facet normal 0 0 1
    outer loop
      vertex -8.1391 -12.181 2
      vertex -6.29518 -9.25245 2
      vertex -6.39689 -8.94456 2
    endloop
  endfacet
  facet normal 0 0 1
    outer loop
      vertex -8.1391 -12.181 2
      vertex -6.39689 -8.94456 2
      vertex -6.39812 -8.94085 2
    endloop
  endfacet
  facet normal 0 0 1
    outer loop
      vertex -8.1391 -12.181 2
      vertex -6.39812 -8.94085 2
      vertex -6.39916 -8.93708 2
    endloop
  endfacet
  facet normal 0 0 1
    outer loop
      vertex -8.1391 -12.181 2
      vertex -6.39916 -8.93708 2
      vertex -6.48564 -8.62457 2
    endloop
  endfacet
  facet normal 0 0 1
    outer loop
      vertex -8.1391 -12.181 2
      vertex -6.48564 -8.62457 2
      vertex -6.4865 -8.62075 2
    endloop
  endfacet
  facet normal 0 0 1
    outer loop
      vertex -8.1391 -12.181 2
      vertex -6.4865 -8.62075 2
      vertex -6.55754 -8.30438 2
    endloop
  endfacet
  facet normal 0 0 1
    outer loop
      vertex -8.1391 -12.181 2
      vertex -6.55754 -8.30438 2
      vertex -6.61298 -7.9849 2
    endloop
  endfacet
  facet normal 0 0 1
    outer loop
      vertex -8.1391 -12.181 2
      vertex -6.61298 -7.9849 2
      vertex -6.61365 -7.98104 2
    endloop
  endfacet
  facet normal 0 0 1
    outer loop
      vertex -8.1391 -12.181 2
      vertex -6.61365 -7.98104 2
      vertex -6.65334 -7.65923 2
    endloop
  endfacet
  facet normal 0 0 1
    outer loop
      vertex -8.1391 -12.181 2
      vertex -6.65334 -7.65923 2
      vertex -6.65382 -7.65534 2
    endloop
  endfacet
  facet normal 0 0 1
    outer loop
      vertex -8.1391 -12.181 2
      vertex -6.65382 -7.65534 2
      vertex -6.65411 -7.65144 2
    endloop
  endfacet
  facet normal 0 0 1
    outer loop
      vertex -8.1391 -12.181 2
      vertex -6.65411 -7.65144 2
      vertex -6.67796 -7.32807 2
    endloop
  endfacet
  facet normal 0 0 1
    outer loop
      vertex -8.1391 -12.181 2
      vertex -6.67806 -7.32415 2
      vertex -6.68601 -7 2
    endloop
  endfacet
  facet normal 0 0 1
    outer loop
      vertex -5.1658 -11.2445 2
      vertex -6.90596 -12.9201 2
      vertex -6.26368 -13.2434 2
    endloop
  endfacet
  facet normal 0 0 1
    outer loop
      vertex -6.67806 -7.32415 2
      vertex -8.1391 -12.181 2
      vertex -6.67796 -7.32807 2
    endloop
  endfacet
  facet normal 0 0 1
    outer loop
      vertex -4.49289 2.04869 2
      vertex -8.32197 0.29331 2
      vertex -8.32193 0.292827 2
    endloop
  endfacet
  facet normal 0 0 1
    outer loop
      vertex -9.08275 2.0096 2
      vertex -6.90596 12.9201 2
      vertex -7.5316 12.5657 2
    endloop
  endfacet
  facet normal 0 0 1
    outer loop
      vertex -6.67806 -6.67585 2
      vertex -8.1391 -12.181 2
      vertex -6.68601 -7 2
    endloop
  endfacet
  facet normal 0 0 1
    outer loop
      vertex -9.08275 2.0096 2
      vertex -7.5316 12.5657 2
      vertex -8.1391 12.181 2
    endloop
  endfacet
  facet normal 0 0 1
    outer loop
      vertex -5.55696 -10.7177 2
      vertex -7.5316 -12.5657 2
      vertex -6.90596 -12.9201 2
    endloop
  endfacet
  facet normal 0 0 1
    outer loop
      vertex -5.73671 -10.4339 2
      vertex -8.1391 -12.181 2
      vertex -7.5316 -12.5657 2
    endloop
  endfacet
  facet normal 0 0 1
    outer loop
      vertex -5.56131 -3.28876 2
      vertex -8.7333 -1.53842 2
      vertex -5.73479 -3.5627 2
    endloop
  endfacet
  facet normal -0 0 1
    outer loop
      vertex -8.43641 -0.868659 2
      vertex -5.1658 -2.75547 2
      vertex -8.43628 -0.868192 2
    endloop
  endfacet
  facet normal 0 0 1
    outer loop
      vertex -4.49005 2.04599 2
      vertex -8.31116 0.146832 2
      vertex -8.30757 0.000484947 2
    endloop
  endfacet
  facet normal 0 0 1
    outer loop
      vertex -4.49289 2.04869 2
      vertex -8.32193 0.292827 2
      vertex -8.31116 0.146832 2
    endloop
  endfacet
  facet normal 0 0 1
    outer loop
      vertex -6.90596 12.9201 2
      vertex -8.33989 0.438601 2
      vertex -8.32197 0.29331 2
    endloop
  endfacet
  facet normal 0 0 1
    outer loop
      vertex -6.90596 12.9201 2
      vertex -8.33995 0.439082 2
      vertex -8.33989 0.438601 2
    endloop
  endfacet
  facet normal 0 0 1
    outer loop
      vertex -6.90596 12.9201 2
      vertex -8.34003 0.43956 2
      vertex -8.33995 0.439082 2
    endloop
  endfacet
  facet normal 0 0 1
    outer loop
      vertex -6.90596 12.9201 2
      vertex -8.36506 0.583796 2
      vertex -8.34003 0.43956 2
    endloop
  endfacet
  facet normal 0 0 1
    outer loop
      vertex -6.90596 12.9201 2
      vertex -8.39713 0.72663 2
      vertex -8.36506 0.583796 2
    endloop
  endfacet
  facet normal 0 0 1
    outer loop
      vertex -6.90596 12.9201 2
      vertex -8.39724 0.727104 2
      vertex -8.39713 0.72663 2
    endloop
  endfacet
  facet normal 0 0 1
    outer loop
      vertex -6.90596 12.9201 2
      vertex -8.43628 0.868192 2
      vertex -8.39724 0.727104 2
    endloop
  endfacet
  facet normal 0 0 1
    outer loop
      vertex -6.90596 12.9201 2
      vertex -8.43641 0.868659 2
      vertex -8.43628 0.868192 2
    endloop
  endfacet
  facet normal 0 0 1
    outer loop
      vertex -6.90596 12.9201 2
      vertex -8.43656 0.86912 2
      vertex -8.43641 0.868659 2
    endloop
  endfacet
  facet normal 0 0 1
    outer loop
      vertex -6.90596 12.9201 2
      vertex -8.48248 1.00812 2
      vertex -8.43656 0.86912 2
    endloop
  endfacet
  facet normal 0 0 1
    outer loop
      vertex -6.90596 12.9201 2
      vertex -8.48266 1.00858 2
      vertex -8.48248 1.00812 2
    endloop
  endfacet
  facet normal 0 0 1
    outer loop
      vertex -6.90596 12.9201 2
      vertex -8.53534 1.14516 2
      vertex -8.48266 1.00858 2
    endloop
  endfacet
  facet normal 0 0 1
    outer loop
      vertex -6.90596 12.9201 2
      vertex -8.59467 1.27899 2
      vertex -8.53534 1.14516 2
    endloop
  endfacet
  facet normal 0 0 1
    outer loop
      vertex -6.90596 12.9201 2
      vertex -8.59486 1.27943 2
      vertex -8.59467 1.27899 2
    endloop
  endfacet
  facet normal 0 0 1
    outer loop
      vertex -6.90596 12.9201 2
      vertex -8.59508 1.27987 2
      vertex -8.59486 1.27943 2
    endloop
  endfacet
  facet normal 0 0 1
    outer loop
      vertex -6.90596 12.9201 2
      vertex -8.6609 1.41063 2
      vertex -8.59508 1.27987 2
    endloop
  endfacet
  facet normal 0 0 1
    outer loop
      vertex -9.18402 2.11598 2
      vertex -8.1391 12.181 2
      vertex -8.72699 11.767 2
    endloop
  endfacet
  facet normal 0 0 1
    outer loop
      vertex -6.90596 12.9201 2
      vertex -8.73306 1.538 2
      vertex -8.6609 1.41063 2
    endloop
  endfacet
  facet normal 0 0 1
    outer loop
      vertex -6.90596 12.9201 2
      vertex -8.7333 1.53842 2
      vertex -8.73306 1.538 2
    endloop
  endfacet
  facet normal 0 0 1
    outer loop
      vertex -6.90596 12.9201 2
      vertex -8.81162 1.6621 2
      vertex -8.7333 1.53842 2
    endloop
  endfacet
  facet normal 0 0 1
    outer loop
      vertex -6.90596 12.9201 2
      vertex -8.81188 1.66251 2
      vertex -8.81162 1.6621 2
    endloop
  endfacet
  facet normal 0 0 1
    outer loop
      vertex -6.90596 12.9201 2
      vertex -8.81215 1.66291 2
      vertex -8.81188 1.66251 2
    endloop
  endfacet
  facet normal 0 0 1
    outer loop
      vertex -6.90596 12.9201 2
      vertex -8.89645 1.78259 2
      vertex -8.81215 1.66291 2
    endloop
  endfacet
  facet normal 0 0 1
    outer loop
      vertex -6.90596 12.9201 2
      vertex -8.98651 1.898 2
      vertex -8.89645 1.78259 2
    endloop
  endfacet
  facet normal 0 0 1
    outer loop
      vertex -6.90596 12.9201 2
      vertex -8.98681 1.89838 2
      vertex -8.98651 1.898 2
    endloop
  endfacet
  facet normal 0 0 1
    outer loop
      vertex -6.90596 12.9201 2
      vertex -8.98713 1.89875 2
      vertex -8.98681 1.89838 2
    endloop
  endfacet
  facet normal 0 0 1
    outer loop
      vertex -6.90596 12.9201 2
      vertex -9.08275 2.0096 2
      vertex -8.98713 1.89875 2
    endloop
  endfacet
  facet normal 0 0 1
    outer loop
      vertex -8.1391 12.181 2
      vertex -9.18369 2.11562 2
      vertex -9.08275 2.0096 2
    endloop
  endfacet
  facet normal 0 0 1
    outer loop
      vertex -8.1391 12.181 2
      vertex -9.18402 2.11598 2
      vertex -9.18369 2.11562 2
    endloop
  endfacet
  facet normal 0 0 1
    outer loop
      vertex -8.72699 11.767 2
      vertex -9.18438 2.11631 2
      vertex -9.18402 2.11598 2
    endloop
  endfacet
  facet normal 0 0 1
    outer loop
      vertex -8.72699 11.767 2
      vertex -9.2904 2.21725 2
      vertex -9.18438 2.11631 2
    endloop
  endfacet
  facet normal -0 0 1
    outer loop
      vertex -9.29386 11.3246 2
      vertex -9.2904 2.21725 2
      vertex -8.72699 11.767 2
    endloop
  endfacet
  facet normal 0 0 1
    outer loop
      vertex -9.29386 11.3246 2
      vertex -9.40125 2.31287 2
      vertex -9.2904 2.21725 2
    endloop
  endfacet
  facet normal 0 0 1
    outer loop
      vertex -9.29386 11.3246 2
      vertex -9.40162 2.31319 2
      vertex -9.40125 2.31287 2
    endloop
  endfacet
  facet normal 0 0 1
    outer loop
      vertex -9.29386 11.3246 2
      vertex -9.402 2.31349 2
      vertex -9.40162 2.31319 2
    endloop
  endfacet
  facet normal -0 0 1
    outer loop
      vertex -9.83834 10.8549 2
      vertex -9.402 2.31349 2
      vertex -9.29386 11.3246 2
    endloop
  endfacet
  facet normal 0 0 1
    outer loop
      vertex -9.402 2.31349 2
      vertex -9.83834 10.8549 2
      vertex -9.51741 2.40355 2
    endloop
  endfacet
  facet normal -0 0 1
    outer loop
      vertex -10.3591 10.3591 2
      vertex -9.51741 2.40355 2
      vertex -9.83834 10.8549 2
    endloop
  endfacet
  facet normal 0 0 1
    outer loop
      vertex -9.51741 2.40355 2
      vertex -10.3591 10.3591 2
      vertex -9.63709 2.48785 2
    endloop
  endfacet
  facet normal 0 0 1
    outer loop
      vertex -9.63709 2.48785 2
      vertex -10.3591 10.3591 2
      vertex -9.63749 2.48812 2
    endloop
  endfacet
  facet normal 0 0 1
    outer loop
      vertex -9.63749 2.48812 2
      vertex -10.3591 10.3591 2
      vertex -9.6379 2.48838 2
    endloop
  endfacet
  facet normal 0 0 1
    outer loop
      vertex -9.6379 2.48838 2
      vertex -10.3591 10.3591 2
      vertex -9.76158 2.5667 2
    endloop
  endfacet
  facet normal -0 0 1
    outer loop
      vertex -10.8549 9.83834 2
      vertex -9.76158 2.5667 2
      vertex -10.3591 10.3591 2
    endloop
  endfacet
  facet normal 0 0 1
    outer loop
      vertex -9.76158 2.5667 2
      vertex -10.8549 9.83834 2
      vertex -9.762 2.56694 2
    endloop
  endfacet
  facet normal 0 0 1
    outer loop
      vertex -9.762 2.56694 2
      vertex -10.8549 9.83834 2
      vertex -9.88937 2.6391 2
    endloop
  endfacet
  facet normal -0 0 1
    outer loop
      vertex -11.3246 9.29386 2
      vertex -9.88937 2.6391 2
      vertex -10.8549 9.83834 2
    endloop
  endfacet
  facet normal 0 0 1
    outer loop
      vertex -9.88937 2.6391 2
      vertex -11.3246 9.29386 2
      vertex -10.0201 2.70492 2
    endloop
  endfacet
  facet normal 0 0 1
    outer loop
      vertex -10.0201 2.70492 2
      vertex -11.3246 9.29386 2
      vertex -10.0206 2.70514 2
    endloop
  endfacet
  facet normal -0 0 1
    outer loop
      vertex -11.767 8.72699 2
      vertex -10.0206 2.70514 2
      vertex -11.3246 9.29386 2
    endloop
  endfacet
  facet normal 0 0 1
    outer loop
      vertex -10.0206 2.70514 2
      vertex -11.767 8.72699 2
      vertex -10.021 2.70533 2
    endloop
  endfacet
  facet normal 0 0 1
    outer loop
      vertex -10.021 2.70533 2
      vertex -11.767 8.72699 2
      vertex -10.1548 2.76466 2
    endloop
  endfacet
  facet normal 0 0 1
    outer loop
      vertex -10.1548 2.76466 2
      vertex -11.767 8.72699 2
      vertex -10.2914 2.81734 2
    endloop
  endfacet
  facet normal 0 0 1
    outer loop
      vertex -10.2914 2.81734 2
      vertex -11.767 8.72699 2
      vertex -10.2919 2.81752 2
    endloop
  endfacet
  facet normal -0 0 1
    outer loop
      vertex -12.181 8.1391 2
      vertex -10.2919 2.81752 2
      vertex -11.767 8.72699 2
    endloop
  endfacet
  facet normal 0 0 1
    outer loop
      vertex -10.2919 2.81752 2
      vertex -12.181 8.1391 2
      vertex -10.4309 2.86344 2
    endloop
  endfacet
  facet normal 0 0 1
    outer loop
      vertex -10.4309 2.86344 2
      vertex -12.181 8.1391 2
      vertex -10.4313 2.86359 2
    endloop
  endfacet
  facet normal 0 0 1
    outer loop
      vertex -10.4313 2.86359 2
      vertex -12.181 8.1391 2
      vertex -10.4318 2.86372 2
    endloop
  endfacet
  facet normal 0 0 1
    outer loop
      vertex -10.4318 2.86372 2
      vertex -12.181 8.1391 2
      vertex -10.5729 2.90276 2
    endloop
  endfacet
  facet normal -0 0 1
    outer loop
      vertex -12.5657 7.5316 2
      vertex -10.5729 2.90276 2
      vertex -12.181 8.1391 2
    endloop
  endfacet
  facet normal 0 0 1
    outer loop
      vertex -10.5729 2.90276 2
      vertex -12.5657 7.5316 2
      vertex -10.5734 2.90287 2
    endloop
  endfacet
  facet normal 0 0 1
    outer loop
      vertex -10.5734 2.90287 2
      vertex -12.5657 7.5316 2
      vertex -10.7162 2.93494 2
    endloop
  endfacet
  facet normal -0 0 1
    outer loop
      vertex -12.9201 6.90596 2
      vertex -10.7162 2.93494 2
      vertex -12.5657 7.5316 2
    endloop
  endfacet
  facet normal 0 0 1
    outer loop
      vertex -10.7162 2.93494 2
      vertex -12.9201 6.90596 2
      vertex -10.8604 2.95997 2
    endloop
  endfacet
  facet normal 0 0 1
    outer loop
      vertex -10.8604 2.95997 2
      vertex -12.9201 6.90596 2
      vertex -10.8609 2.96005 2
    endloop
  endfacet
  facet normal 0 0 1
    outer loop
      vertex -10.8609 2.96005 2
      vertex -12.9201 6.90596 2
      vertex -10.8614 2.96011 2
    endloop
  endfacet
  facet normal 0 0 1
    outer loop
      vertex -10.8614 2.96011 2
      vertex -12.9201 6.90596 2
      vertex -11.0067 2.97803 2
    endloop
  endfacet
  facet normal 0 0 1
    outer loop
      vertex -11.0067 2.97803 2
      vertex -12.9201 6.90596 2
      vertex -11.0072 2.97807 2
    endloop
  endfacet
  facet normal 0 0 1
    outer loop
      vertex -11.0072 2.97807 2
      vertex -12.9201 6.90596 2
      vertex -11.1532 2.98884 2
    endloop
  endfacet
  facet normal -0 0 1
    outer loop
      vertex -13.2434 6.26368 2
      vertex -11.1532 2.98884 2
      vertex -12.9201 6.90596 2
    endloop
  endfacet
  facet normal 0 0 1
    outer loop
      vertex -11.1532 2.98884 2
      vertex -13.2434 6.26368 2
      vertex -11.2995 2.99243 2
    endloop
  endfacet
  facet normal 0 0 1
    outer loop
      vertex -11.2995 2.99243 2
      vertex -13.2434 6.26368 2
      vertex -11.3 2.99244 2
    endloop
  endfacet
  facet normal 0 0 1
    outer loop
      vertex -11.3 2.99244 2
      vertex -13.2434 6.26368 2
      vertex -11.3005 2.99243 2
    endloop
  endfacet
  facet normal 0 0 1
    outer loop
      vertex -11.3005 2.99243 2
      vertex -13.2434 6.26368 2
      vertex -11.4468 2.98884 2
    endloop
  endfacet
  facet normal -0 0 1
    outer loop
      vertex -13.5348 5.60631 2
      vertex -11.4468 2.98884 2
      vertex -13.2434 6.26368 2
    endloop
  endfacet
  facet normal 0 0 1
    outer loop
      vertex -11.4468 2.98884 2
      vertex -13.5348 5.60631 2
      vertex -11.5928 2.97807 2
    endloop
  endfacet
  facet normal 0 0 1
    outer loop
      vertex -11.5928 2.97807 2
      vertex -13.5348 5.60631 2
      vertex -11.5933 2.97803 2
    endloop
  endfacet
  facet normal 0 0 1
    outer loop
      vertex -11.5933 2.97803 2
      vertex -13.5348 5.60631 2
      vertex -11.7386 2.96011 2
    endloop
  endfacet
  facet normal 0 0 1
    outer loop
      vertex -11.7386 2.96011 2
      vertex -13.5348 5.60631 2
      vertex -11.7391 2.96005 2
    endloop
  endfacet
  facet normal 0 0 1
    outer loop
      vertex -11.7391 2.96005 2
      vertex -13.5348 5.60631 2
      vertex -11.7396 2.95997 2
    endloop
  endfacet
  facet normal -0 0 1
    outer loop
      vertex -13.7936 4.93544 2
      vertex -11.7396 2.95997 2
      vertex -13.5348 5.60631 2
    endloop
  endfacet
  facet normal 0 0 1
    outer loop
      vertex -11.7396 2.95997 2
      vertex -13.7936 4.93544 2
      vertex -11.8838 2.93494 2
    endloop
  endfacet
  facet normal 0 0 1
    outer loop
      vertex -11.8838 2.93494 2
      vertex -13.7936 4.93544 2
      vertex -12.0266 2.90287 2
    endloop
  endfacet
  facet normal 0 0 1
    outer loop
      vertex -12.0266 2.90287 2
      vertex -13.7936 4.93544 2
      vertex -12.0271 2.90276 2
    endloop
  endfacet
  facet normal 0 0 1
    outer loop
      vertex -12.0271 2.90276 2
      vertex -13.7936 4.93544 2
      vertex -12.1682 2.86372 2
    endloop
  endfacet
  facet normal 0 0 1
    outer loop
      vertex -12.1682 2.86372 2
      vertex -13.7936 4.93544 2
      vertex -12.1687 2.86359 2
    endloop
  endfacet
  facet normal 0 0 1
    outer loop
      vertex -12.1687 2.86359 2
      vertex -13.7936 4.93544 2
      vertex -12.1691 2.86344 2
    endloop
  endfacet
  facet normal -0 0 1
    outer loop
      vertex -14.0192 4.25267 2
      vertex -12.1691 2.86344 2
      vertex -13.7936 4.93544 2
    endloop
  endfacet
  facet normal 0 0 1
    outer loop
      vertex -12.1691 2.86344 2
      vertex -14.0192 4.25267 2
      vertex -12.3081 2.81752 2
    endloop
  endfacet
  facet normal 0 0 1
    outer loop
      vertex -12.3081 2.81752 2
      vertex -14.0192 4.25267 2
      vertex -12.3086 2.81734 2
    endloop
  endfacet
  facet normal 0 0 1
    outer loop
      vertex -12.3086 2.81734 2
      vertex -14.0192 4.25267 2
      vertex -12.4452 2.76466 2
    endloop
  endfacet
  facet normal 0 0 1
    outer loop
      vertex -12.4452 2.76466 2
      vertex -14.0192 4.25267 2
      vertex -12.579 2.70533 2
    endloop
  endfacet
  facet normal 0 0 1
    outer loop
      vertex -12.579 2.70533 2
      vertex -14.0192 4.25267 2
      vertex -12.5794 2.70514 2
    endloop
  endfacet
  facet normal 0 0 1
    outer loop
      vertex -12.5794 2.70514 2
      vertex -14.0192 4.25267 2
      vertex -12.5799 2.70492 2
    endloop
  endfacet
  facet normal 0 0 1
    outer loop
      vertex -12.5799 2.70492 2
      vertex -14.0192 4.25267 2
      vertex -12.7106 2.6391 2
    endloop
  endfacet
  facet normal -0 0 1
    outer loop
      vertex -14.211 3.55966 2
      vertex -12.7106 2.6391 2
      vertex -14.0192 4.25267 2
    endloop
  endfacet
  facet normal 0 0 1
    outer loop
      vertex -12.7106 2.6391 2
      vertex -14.211 3.55966 2
      vertex -12.838 2.56694 2
    endloop
  endfacet
  facet normal 0 0 1
    outer loop
      vertex -12.838 2.56694 2
      vertex -14.211 3.55966 2
      vertex -12.8384 2.5667 2
    endloop
  endfacet
  facet normal 0 0 1
    outer loop
      vertex -12.8384 2.5667 2
      vertex -14.211 3.55966 2
      vertex -12.9621 2.48838 2
    endloop
  endfacet
  facet normal 0 0 1
    outer loop
      vertex -12.9621 2.48838 2
      vertex -14.211 3.55966 2
      vertex -12.9625 2.48812 2
    endloop
  endfacet
  facet normal 0 0 1
    outer loop
      vertex -12.9625 2.48812 2
      vertex -14.211 3.55966 2
      vertex -12.9629 2.48785 2
    endloop
  endfacet
  facet normal 0 0 1
    outer loop
      vertex -12.9629 2.48785 2
      vertex -14.211 3.55966 2
      vertex -13.0826 2.40355 2
    endloop
  endfacet
  facet normal -0 0 1
    outer loop
      vertex -14.3685 2.85807 2
      vertex -13.0826 2.40355 2
      vertex -14.211 3.55966 2
    endloop
  endfacet
  facet normal 0 0 1
    outer loop
      vertex -13.0826 2.40355 2
      vertex -14.3685 2.85807 2
      vertex -13.198 2.31349 2
    endloop
  endfacet
  facet normal 0 0 1
    outer loop
      vertex -13.198 2.31349 2
      vertex -14.3685 2.85807 2
      vertex -13.1984 2.31319 2
    endloop
  endfacet
  facet normal 0 0 1
    outer loop
      vertex -13.1984 2.31319 2
      vertex -14.3685 2.85807 2
      vertex -13.1988 2.31287 2
    endloop
  endfacet
  facet normal 0 0 1
    outer loop
      vertex -13.1988 2.31287 2
      vertex -14.3685 2.85807 2
      vertex -13.3096 2.21725 2
    endloop
  endfacet
  facet normal 0 0 1
    outer loop
      vertex -13.3096 2.21725 2
      vertex -14.3685 2.85807 2
      vertex -13.4156 2.11631 2
    endloop
  endfacet
  facet normal 0 0 1
    outer loop
      vertex -13.4156 2.11631 2
      vertex -14.3685 2.85807 2
      vertex -13.416 2.11598 2
    endloop
  endfacet
  facet normal 0 0 1
    outer loop
      vertex -13.416 2.11598 2
      vertex -14.3685 2.85807 2
      vertex -13.4163 2.11562 2
    endloop
  endfacet
  facet normal 0 0 1
    outer loop
      vertex -13.4163 2.11562 2
      vertex -14.3685 2.85807 2
      vertex -13.5173 2.0096 2
    endloop
  endfacet
  facet normal -0 0 1
    outer loop
      vertex -14.4914 2.1496 2
      vertex -13.5173 2.0096 2
      vertex -14.3685 2.85807 2
    endloop
  endfacet
  facet normal 0 0 1
    outer loop
      vertex -13.5173 2.0096 2
      vertex -14.4914 2.1496 2
      vertex -13.6129 1.89875 2
    endloop
  endfacet
  facet normal 0 0 1
    outer loop
      vertex -13.6129 1.89875 2
      vertex -14.4914 2.1496 2
      vertex -13.6132 1.89838 2
    endloop
  endfacet
  facet normal 0 0 1
    outer loop
      vertex -13.6132 1.89838 2
      vertex -14.4914 2.1496 2
      vertex -13.6135 1.898 2
    endloop
  endfacet
  facet normal 0 0 1
    outer loop
      vertex -13.6135 1.898 2
      vertex -14.4914 2.1496 2
      vertex -13.7036 1.78259 2
    endloop
  endfacet
  facet normal 0 0 1
    outer loop
      vertex -13.7036 1.78259 2
      vertex -14.4914 2.1496 2
      vertex -13.7878 1.66291 2
    endloop
  endfacet
  facet normal 0 0 1
    outer loop
      vertex -13.7878 1.66291 2
      vertex -14.4914 2.1496 2
      vertex -13.7881 1.66251 2
    endloop
  endfacet
  facet normal 0 0 1
    outer loop
      vertex -13.7881 1.66251 2
      vertex -14.4914 2.1496 2
      vertex -13.7884 1.6621 2
    endloop
  endfacet
  facet normal 0 0 1
    outer loop
      vertex -13.7884 1.6621 2
      vertex -14.4914 2.1496 2
      vertex -13.8667 1.53842 2
    endloop
  endfacet
  facet normal 0 0 1
    outer loop
      vertex -13.8667 1.53842 2
      vertex -14.4914 2.1496 2
      vertex -13.8669 1.538 2
    endloop
  endfacet
  facet normal 0 0 1
    outer loop
      vertex -14.5795 1.43595 2
      vertex -13.8669 1.538 2
      vertex -14.4914 2.1496 2
    endloop
  endfacet
  facet normal 0 0 1
    outer loop
      vertex -13.8669 1.538 2
      vertex -14.5795 1.43595 2
      vertex -13.9391 1.41063 2
    endloop
  endfacet
  facet normal 0 0 1
    outer loop
      vertex -13.9391 1.41063 2
      vertex -14.5795 1.43595 2
      vertex -14.0049 1.27987 2
    endloop
  endfacet
  facet normal 0 0 1
    outer loop
      vertex -14.0049 1.27987 2
      vertex -14.5795 1.43595 2
      vertex -14.0051 1.27943 2
    endloop
  endfacet
  facet normal 0 0 1
    outer loop
      vertex -14.0051 1.27943 2
      vertex -14.5795 1.43595 2
      vertex -14.0053 1.27899 2
    endloop
  endfacet
  facet normal 0 0 1
    outer loop
      vertex -14.0053 1.27899 2
      vertex -14.5795 1.43595 2
      vertex -14.0647 1.14516 2
    endloop
  endfacet
  facet normal 0 0 1
    outer loop
      vertex -14.0647 1.14516 2
      vertex -14.5795 1.43595 2
      vertex -14.1173 1.00858 2
    endloop
  endfacet
  facet normal 0 0 1
    outer loop
      vertex -14.1173 1.00858 2
      vertex -14.5795 1.43595 2
      vertex -14.1175 1.00812 2
    endloop
  endfacet
  facet normal 0 0 1
    outer loop
      vertex -14.6324 0.718841 2
      vertex -14.1175 1.00812 2
      vertex -14.5795 1.43595 2
    endloop
  endfacet
  facet normal 0 0 1
    outer loop
      vertex -14.1175 1.00812 2
      vertex -14.6324 0.718841 2
      vertex -14.1634 0.86912 2
    endloop
  endfacet
  facet normal 0 0 1
    outer loop
      vertex -14.1634 0.86912 2
      vertex -14.6324 0.718841 2
      vertex -14.1636 0.868659 2
    endloop
  endfacet
  facet normal 0 0 1
    outer loop
      vertex -14.1636 0.868659 2
      vertex -14.6324 0.718841 2
      vertex -14.1637 0.868192 2
    endloop
  endfacet
  facet normal 0 0 1
    outer loop
      vertex -14.1637 0.868192 2
      vertex -14.6324 0.718841 2
      vertex -14.2028 0.727104 2
    endloop
  endfacet
  facet normal 0 0 1
    outer loop
      vertex -14.2028 0.727104 2
      vertex -14.6324 0.718841 2
      vertex -14.2029 0.72663 2
    endloop
  endfacet
  facet normal 0 0 1
    outer loop
      vertex -14.2029 0.72663 2
      vertex -14.6324 0.718841 2
      vertex -14.2349 0.583796 2
    endloop
  endfacet
  facet normal 0 0 1
    outer loop
      vertex -14.2349 0.583796 2
      vertex -14.6324 0.718841 2
      vertex -14.26 0.43956 2
    endloop
  endfacet
  facet normal 0 0 1
    outer loop
      vertex -14.26 0.43956 2
      vertex -14.6324 0.718841 2
      vertex -14.2601 0.439082 2
    endloop
  endfacet
  facet normal 0 0 1
    outer loop
      vertex -14.2601 0.439082 2
      vertex -14.6324 0.718841 2
      vertex -14.2601 0.438601 2
    endloop
  endfacet
  facet normal 0 0 1
    outer loop
      vertex -14.2601 0.438601 2
      vertex -14.6324 0.718841 2
      vertex -14.278 0.29331 2
    endloop
  endfacet
  facet normal 0 0 1
    outer loop
      vertex -14.65 0 2
      vertex -14.278 0.29331 2
      vertex -14.6324 0.718841 2
    endloop
  endfacet
  facet normal -0 0 1
    outer loop
      vertex 14.278 0.29331 2
      vertex 14.65 0 2
      vertex 14.6324 0.718841 2
    endloop
  endfacet
  facet normal -0 0 1
    outer loop
      vertex 14.1175 1.00812 2
      vertex 14.6324 0.718841 2
      vertex 14.5795 1.43595 2
    endloop
  endfacet
  facet normal 0 0 1
    outer loop
      vertex 14.65 0 2
      vertex 14.2781 0.292827 2
      vertex 14.2888 0.146832 2
    endloop
  endfacet
  facet normal -0 0 1
    outer loop
      vertex 13.8669 1.538 2
      vertex 14.5795 1.43595 2
      vertex 14.4914 2.1496 2
    endloop
  endfacet
  facet normal 0 0 1
    outer loop
      vertex 14.65 0 2
      vertex 14.2924 0.000484947 2
      vertex 14.2924 0 2
    endloop
  endfacet
  facet normal 0 0 1
    outer loop
      vertex 13.5173 2.0096 2
      vertex 14.4914 2.1496 2
      vertex 14.3685 2.85807 2
    endloop
  endfacet
  facet normal 0 0 1
    outer loop
      vertex 14.2924 -0.000484947 2
      vertex 14.65 0 2
      vertex 14.2924 0 2
    endloop
  endfacet
  facet normal 0 0 1
    outer loop
      vertex 14.278 -0.29331 2
      vertex 14.65 0 2
      vertex 14.2781 -0.292827 2
    endloop
  endfacet
  facet normal 0 0 1
    outer loop
      vertex 14.2781 -0.292827 2
      vertex 14.65 0 2
      vertex 14.2888 -0.146832 2
    endloop
  endfacet
  facet normal 0 0 1
    outer loop
      vertex 14.2888 -0.146832 2
      vertex 14.65 0 2
      vertex 14.2924 -0.000484947 2
    endloop
  endfacet
  facet normal 0 0 1
    outer loop
      vertex 14.65 0 2
      vertex 14.2888 0.146832 2
      vertex 14.2924 0.000484947 2
    endloop
  endfacet
  facet normal 0 0 1
    outer loop
      vertex 14.65 0 2
      vertex 14.278 0.29331 2
      vertex 14.2781 0.292827 2
    endloop
  endfacet
  facet normal 0 0 1
    outer loop
      vertex 14.6324 0.718841 2
      vertex 14.2601 0.438601 2
      vertex 14.278 0.29331 2
    endloop
  endfacet
  facet normal 0 0 1
    outer loop
      vertex 14.6324 0.718841 2
      vertex 14.2601 0.439082 2
      vertex 14.2601 0.438601 2
    endloop
  endfacet
  facet normal 0 0 1
    outer loop
      vertex 14.6324 0.718841 2
      vertex 14.26 0.43956 2
      vertex 14.2601 0.439082 2
    endloop
  endfacet
  facet normal 0 0 1
    outer loop
      vertex 14.6324 0.718841 2
      vertex 14.2349 0.583796 2
      vertex 14.26 0.43956 2
    endloop
  endfacet
  facet normal 0 0 1
    outer loop
      vertex 13.0826 2.40355 2
      vertex 14.3685 2.85807 2
      vertex 14.211 3.55966 2
    endloop
  endfacet
  facet normal 0 0 1
    outer loop
      vertex 14.6324 0.718841 2
      vertex 14.2029 0.72663 2
      vertex 14.2349 0.583796 2
    endloop
  endfacet
  facet normal 0 0 1
    outer loop
      vertex 14.6324 0.718841 2
      vertex 14.2028 0.727104 2
      vertex 14.2029 0.72663 2
    endloop
  endfacet
  facet normal 0 0 1
    outer loop
      vertex 14.6324 0.718841 2
      vertex 14.1637 0.868192 2
      vertex 14.2028 0.727104 2
    endloop
  endfacet
  facet normal 0 0 1
    outer loop
      vertex 14.6324 0.718841 2
      vertex 14.1636 0.868659 2
      vertex 14.1637 0.868192 2
    endloop
  endfacet
  facet normal 0 0 1
    outer loop
      vertex 14.6324 0.718841 2
      vertex 14.1634 0.86912 2
      vertex 14.1636 0.868659 2
    endloop
  endfacet
  facet normal 0 0 1
    outer loop
      vertex 14.6324 0.718841 2
      vertex 14.1175 1.00812 2
      vertex 14.1634 0.86912 2
    endloop
  endfacet
  facet normal 0 0 1
    outer loop
      vertex 14.5795 1.43595 2
      vertex 14.1173 1.00858 2
      vertex 14.1175 1.00812 2
    endloop
  endfacet
  facet normal 0 0 1
    outer loop
      vertex 14.5795 1.43595 2
      vertex 14.0647 1.14516 2
      vertex 14.1173 1.00858 2
    endloop
  endfacet
  facet normal 0 0 1
    outer loop
      vertex 12.7106 2.6391 2
      vertex 14.211 3.55966 2
      vertex 14.0192 4.25267 2
    endloop
  endfacet
  facet normal 0 0 1
    outer loop
      vertex 14.5795 1.43595 2
      vertex 14.0053 1.27899 2
      vertex 14.0647 1.14516 2
    endloop
  endfacet
  facet normal 0 0 1
    outer loop
      vertex 14.5795 1.43595 2
      vertex 14.0051 1.27943 2
      vertex 14.0053 1.27899 2
    endloop
  endfacet
  facet normal 0 0 1
    outer loop
      vertex 14.5795 1.43595 2
      vertex 14.0049 1.27987 2
      vertex 14.0051 1.27943 2
    endloop
  endfacet
  facet normal 0 0 1
    outer loop
      vertex 14.5795 1.43595 2
      vertex 13.9391 1.41063 2
      vertex 14.0049 1.27987 2
    endloop
  endfacet
  facet normal 0 0 1
    outer loop
      vertex 14.5795 1.43595 2
      vertex 13.8669 1.538 2
      vertex 13.9391 1.41063 2
    endloop
  endfacet
  facet normal 0 0 1
    outer loop
      vertex 14.4914 2.1496 2
      vertex 13.8667 1.53842 2
      vertex 13.8669 1.538 2
    endloop
  endfacet
  facet normal 0 0 1
    outer loop
      vertex 12.1691 2.86344 2
      vertex 14.0192 4.25267 2
      vertex 13.7936 4.93544 2
    endloop
  endfacet
  facet normal 0 0 1
    outer loop
      vertex 14.4914 2.1496 2
      vertex 13.7884 1.6621 2
      vertex 13.8667 1.53842 2
    endloop
  endfacet
  facet normal 0 0 1
    outer loop
      vertex 14.4914 2.1496 2
      vertex 13.7881 1.66251 2
      vertex 13.7884 1.6621 2
    endloop
  endfacet
  facet normal 0 0 1
    outer loop
      vertex 14.4914 2.1496 2
      vertex 13.7878 1.66291 2
      vertex 13.7881 1.66251 2
    endloop
  endfacet
  facet normal 0 0 1
    outer loop
      vertex 14.4914 2.1496 2
      vertex 13.7036 1.78259 2
      vertex 13.7878 1.66291 2
    endloop
  endfacet
  facet normal 0 0 1
    outer loop
      vertex 14.4914 2.1496 2
      vertex 13.6135 1.898 2
      vertex 13.7036 1.78259 2
    endloop
  endfacet
  facet normal 0 0 1
    outer loop
      vertex 14.4914 2.1496 2
      vertex 13.6132 1.89838 2
      vertex 13.6135 1.898 2
    endloop
  endfacet
  facet normal 0 0 1
    outer loop
      vertex 14.4914 2.1496 2
      vertex 13.6129 1.89875 2
      vertex 13.6132 1.89838 2
    endloop
  endfacet
  facet normal 0 0 1
    outer loop
      vertex 11.7396 2.95997 2
      vertex 13.7936 4.93544 2
      vertex 13.5348 5.60631 2
    endloop
  endfacet
  facet normal 0 0 1
    outer loop
      vertex 14.4914 2.1496 2
      vertex 13.5173 2.0096 2
      vertex 13.6129 1.89875 2
    endloop
  endfacet
  facet normal 0 0 1
    outer loop
      vertex 14.3685 2.85807 2
      vertex 13.4163 2.11562 2
      vertex 13.5173 2.0096 2
    endloop
  endfacet
  facet normal 0 0 1
    outer loop
      vertex 14.3685 2.85807 2
      vertex 13.416 2.11598 2
      vertex 13.4163 2.11562 2
    endloop
  endfacet
  facet normal 0 0 1
    outer loop
      vertex 14.3685 2.85807 2
      vertex 13.4156 2.11631 2
      vertex 13.416 2.11598 2
    endloop
  endfacet
  facet normal 0 0 1
    outer loop
      vertex 14.3685 2.85807 2
      vertex 13.3096 2.21725 2
      vertex 13.4156 2.11631 2
    endloop
  endfacet
  facet normal 0 0 1
    outer loop
      vertex 11.4468 2.98884 2
      vertex 13.5348 5.60631 2
      vertex 13.2434 6.26368 2
    endloop
  endfacet
  facet normal 0 0 1
    outer loop
      vertex 14.3685 2.85807 2
      vertex 13.1988 2.31287 2
      vertex 13.3096 2.21725 2
    endloop
  endfacet
  facet normal 0 0 1
    outer loop
      vertex 14.3685 2.85807 2
      vertex 13.1984 2.31319 2
      vertex 13.1988 2.31287 2
    endloop
  endfacet
  facet normal 0 0 1
    outer loop
      vertex 14.3685 2.85807 2
      vertex 13.198 2.31349 2
      vertex 13.1984 2.31319 2
    endloop
  endfacet
  facet normal 0 0 1
    outer loop
      vertex 14.3685 2.85807 2
      vertex 13.0826 2.40355 2
      vertex 13.198 2.31349 2
    endloop
  endfacet
  facet normal 0 0 1
    outer loop
      vertex 14.211 3.55966 2
      vertex 12.9629 2.48785 2
      vertex 13.0826 2.40355 2
    endloop
  endfacet
  facet normal 0 0 1
    outer loop
      vertex 14.211 3.55966 2
      vertex 12.9625 2.48812 2
      vertex 12.9629 2.48785 2
    endloop
  endfacet
  facet normal 0 0 1
    outer loop
      vertex 14.211 3.55966 2
      vertex 12.9621 2.48838 2
      vertex 12.9625 2.48812 2
    endloop
  endfacet
  facet normal 0 0 1
    outer loop
      vertex 11.1532 2.98884 2
      vertex 13.2434 6.26368 2
      vertex 12.9201 6.90596 2
    endloop
  endfacet
  facet normal 0 0 1
    outer loop
      vertex 14.211 3.55966 2
      vertex 12.8384 2.5667 2
      vertex 12.9621 2.48838 2
    endloop
  endfacet
  facet normal 0 0 1
    outer loop
      vertex 14.211 3.55966 2
      vertex 12.838 2.56694 2
      vertex 12.8384 2.5667 2
    endloop
  endfacet
  facet normal 0 0 1
    outer loop
      vertex 14.211 3.55966 2
      vertex 12.7106 2.6391 2
      vertex 12.838 2.56694 2
    endloop
  endfacet
  facet normal 0 0 1
    outer loop
      vertex 14.0192 4.25267 2
      vertex 12.5799 2.70492 2
      vertex 12.7106 2.6391 2
    endloop
  endfacet
  facet normal 0 0 1
    outer loop
      vertex 14.0192 4.25267 2
      vertex 12.5794 2.70514 2
      vertex 12.5799 2.70492 2
    endloop
  endfacet
  facet normal 0 0 1
    outer loop
      vertex 14.0192 4.25267 2
      vertex 12.579 2.70533 2
      vertex 12.5794 2.70514 2
    endloop
  endfacet
  facet normal 0 0 1
    outer loop
      vertex 10.7162 2.93494 2
      vertex 12.9201 6.90596 2
      vertex 12.5657 7.5316 2
    endloop
  endfacet
  facet normal 0 0 1
    outer loop
      vertex 14.0192 4.25267 2
      vertex 12.4452 2.76466 2
      vertex 12.579 2.70533 2
    endloop
  endfacet
  facet normal 0 0 1
    outer loop
      vertex 14.0192 4.25267 2
      vertex 12.3086 2.81734 2
      vertex 12.4452 2.76466 2
    endloop
  endfacet
  facet normal 0 0 1
    outer loop
      vertex 14.0192 4.25267 2
      vertex 12.3081 2.81752 2
      vertex 12.3086 2.81734 2
    endloop
  endfacet
  facet normal 0 0 1
    outer loop
      vertex 6.67806 6.67585 2
      vertex 12.181 8.1391 2
      vertex 6.68601 7 2
    endloop
  endfacet
  facet normal 0 0 1
    outer loop
      vertex 14.0192 4.25267 2
      vertex 12.1691 2.86344 2
      vertex 12.3081 2.81752 2
    endloop
  endfacet
  facet normal 0 0 1
    outer loop
      vertex 13.7936 4.93544 2
      vertex 12.1687 2.86359 2
      vertex 12.1691 2.86344 2
    endloop
  endfacet
  facet normal 0 0 1
    outer loop
      vertex 13.7936 4.93544 2
      vertex 12.1682 2.86372 2
      vertex 12.1687 2.86359 2
    endloop
  endfacet
  facet normal 0 0 1
    outer loop
      vertex 13.7936 4.93544 2
      vertex 12.0271 2.90276 2
      vertex 12.1682 2.86372 2
    endloop
  endfacet
  facet normal 0 0 1
    outer loop
      vertex 13.7936 4.93544 2
      vertex 12.0266 2.90287 2
      vertex 12.0271 2.90276 2
    endloop
  endfacet
  facet normal 0 0 1
    outer loop
      vertex 13.7936 4.93544 2
      vertex 11.8838 2.93494 2
      vertex 12.0266 2.90287 2
    endloop
  endfacet
  facet normal 0 0 1
    outer loop
      vertex 6.68601 7 2
      vertex 12.181 8.1391 2
      vertex 11.767 8.72699 2
    endloop
  endfacet
  facet normal 0 0 1
    outer loop
      vertex 13.7936 4.93544 2
      vertex 11.7396 2.95997 2
      vertex 11.8838 2.93494 2
    endloop
  endfacet
  facet normal 0 0 1
    outer loop
      vertex 13.5348 5.60631 2
      vertex 11.7391 2.96005 2
      vertex 11.7396 2.95997 2
    endloop
  endfacet
  facet normal 0 0 1
    outer loop
      vertex 13.5348 5.60631 2
      vertex 11.7386 2.96011 2
      vertex 11.7391 2.96005 2
    endloop
  endfacet
  facet normal 0 0 1
    outer loop
      vertex 13.5348 5.60631 2
      vertex 11.5933 2.97803 2
      vertex 11.7386 2.96011 2
    endloop
  endfacet
  facet normal 0 0 1
    outer loop
      vertex 13.5348 5.60631 2
      vertex 11.5928 2.97807 2
      vertex 11.5933 2.97803 2
    endloop
  endfacet
  facet normal 0 0 1
    outer loop
      vertex 13.5348 5.60631 2
      vertex 11.4468 2.98884 2
      vertex 11.5928 2.97807 2
    endloop
  endfacet
  facet normal 0 0 1
    outer loop
      vertex 6.68601 7 2
      vertex 11.767 8.72699 2
      vertex 11.3246 9.29386 2
    endloop
  endfacet
  facet normal 0 0 1
    outer loop
      vertex 13.2434 6.26368 2
      vertex 11.3005 2.99243 2
      vertex 11.4468 2.98884 2
    endloop
  endfacet
  facet normal 0 0 1
    outer loop
      vertex 13.2434 6.26368 2
      vertex 11.3 2.99244 2
      vertex 11.3005 2.99243 2
    endloop
  endfacet
  facet normal 0 0 1
    outer loop
      vertex 13.2434 6.26368 2
      vertex 11.2995 2.99243 2
      vertex 11.3 2.99244 2
    endloop
  endfacet
  facet normal 0 0 1
    outer loop
      vertex 13.2434 6.26368 2
      vertex 11.1532 2.98884 2
      vertex 11.2995 2.99243 2
    endloop
  endfacet
  facet normal 0 0 1
    outer loop
      vertex 12.9201 6.90596 2
      vertex 11.0072 2.97807 2
      vertex 11.1532 2.98884 2
    endloop
  endfacet
  facet normal 0 0 1
    outer loop
      vertex 12.9201 6.90596 2
      vertex 11.0067 2.97803 2
      vertex 11.0072 2.97807 2
    endloop
  endfacet
  facet normal 0 0 1
    outer loop
      vertex 12.9201 6.90596 2
      vertex 10.8614 2.96011 2
      vertex 11.0067 2.97803 2
    endloop
  endfacet
  facet normal 0 0 1
    outer loop
      vertex 12.9201 6.90596 2
      vertex 10.8609 2.96005 2
      vertex 10.8614 2.96011 2
    endloop
  endfacet
  facet normal 0 0 1
    outer loop
      vertex 12.9201 6.90596 2
      vertex 10.8604 2.95997 2
      vertex 10.8609 2.96005 2
    endloop
  endfacet
  facet normal 0 0 1
    outer loop
      vertex 6.68601 7 2
      vertex 11.3246 9.29386 2
      vertex 10.8549 9.83834 2
    endloop
  endfacet
  facet normal 0 0 1
    outer loop
      vertex 12.9201 6.90596 2
      vertex 10.7162 2.93494 2
      vertex 10.8604 2.95997 2
    endloop
  endfacet
  facet normal 0 0 1
    outer loop
      vertex 6.67796 6.67193 2
      vertex 12.181 8.1391 2
      vertex 6.67806 6.67585 2
    endloop
  endfacet
  facet normal 0 0 1
    outer loop
      vertex 12.5657 7.5316 2
      vertex 10.5734 2.90287 2
      vertex 10.7162 2.93494 2
    endloop
  endfacet
  facet normal 0 0 1
    outer loop
      vertex 12.5657 7.5316 2
      vertex 10.5729 2.90276 2
      vertex 10.5734 2.90287 2
    endloop
  endfacet
  facet normal 0 0 1
    outer loop
      vertex 6.65411 6.34856 2
      vertex 12.181 8.1391 2
      vertex 6.67796 6.67193 2
    endloop
  endfacet
  facet normal 0 0 1
    outer loop
      vertex 12.181 8.1391 2
      vertex 6.65411 6.34856 2
      vertex 12.5657 7.5316 2
    endloop
  endfacet
  facet normal 0 0 1
    outer loop
      vertex 6.68601 7 2
      vertex 10.8549 9.83834 2
      vertex 10.3591 10.3591 2
    endloop
  endfacet
  facet normal 0 0 1
    outer loop
      vertex 6.65382 6.34466 2
      vertex 12.5657 7.5316 2
      vertex 6.65411 6.34856 2
    endloop
  endfacet
  facet normal 0 0 1
    outer loop
      vertex 12.5657 7.5316 2
      vertex 6.65382 6.34466 2
      vertex 10.5729 2.90276 2
    endloop
  endfacet
  facet normal -0 0 1
    outer loop
      vertex 6.65334 6.34077 2
      vertex 10.5729 2.90276 2
      vertex 6.65382 6.34466 2
    endloop
  endfacet
  facet normal 0 0 1
    outer loop
      vertex 10.5729 2.90276 2
      vertex 6.65334 6.34077 2
      vertex 10.4318 2.86372 2
    endloop
  endfacet
  facet normal -0 0 1
    outer loop
      vertex 6.61365 6.01896 2
      vertex 10.4318 2.86372 2
      vertex 6.65334 6.34077 2
    endloop
  endfacet
  facet normal 0 0 1
    outer loop
      vertex 10.4318 2.86372 2
      vertex 6.61365 6.01896 2
      vertex 10.4313 2.86359 2
    endloop
  endfacet
  facet normal 0 0 1
    outer loop
      vertex 10.4313 2.86359 2
      vertex 6.61365 6.01896 2
      vertex 10.4309 2.86344 2
    endloop
  endfacet
  facet normal 0 0 1
    outer loop
      vertex 6.68601 7 2
      vertex 10.3591 10.3591 2
      vertex 9.83834 10.8549 2
    endloop
  endfacet
  facet normal 0 0 1
    outer loop
      vertex 10.4309 2.86344 2
      vertex 6.61365 6.01896 2
      vertex 10.2919 2.81752 2
    endloop
  endfacet
  facet normal -0 0 1
    outer loop
      vertex 6.61298 6.0151 2
      vertex 10.2919 2.81752 2
      vertex 6.61365 6.01896 2
    endloop
  endfacet
  facet normal 0 0 1
    outer loop
      vertex 10.2919 2.81752 2
      vertex 6.61298 6.0151 2
      vertex 10.2914 2.81734 2
    endloop
  endfacet
  facet normal -0 0 1
    outer loop
      vertex 6.55754 5.69562 2
      vertex 10.2914 2.81734 2
      vertex 6.61298 6.0151 2
    endloop
  endfacet
  facet normal 0 0 1
    outer loop
      vertex 10.2914 2.81734 2
      vertex 6.55754 5.69562 2
      vertex 10.1548 2.76466 2
    endloop
  endfacet
  facet normal 0 0 1
    outer loop
      vertex 10.1548 2.76466 2
      vertex 6.55754 5.69562 2
      vertex 10.021 2.70533 2
    endloop
  endfacet
  facet normal 0 0 1
    outer loop
      vertex 10.021 2.70533 2
      vertex 6.55754 5.69562 2
      vertex 10.0206 2.70514 2
    endloop
  endfacet
  facet normal -0 0 1
    outer loop
      vertex 6.4865 5.37925 2
      vertex 10.0206 2.70514 2
      vertex 6.55754 5.69562 2
    endloop
  endfacet
  facet normal 0 0 1
    outer loop
      vertex 10.0206 2.70514 2
      vertex 6.4865 5.37925 2
      vertex 10.0201 2.70492 2
    endloop
  endfacet
  facet normal 0 0 1
    outer loop
      vertex 6.68601 7 2
      vertex 9.83834 10.8549 2
      vertex 9.29386 11.3246 2
    endloop
  endfacet
  facet normal 0 0 1
    outer loop
      vertex 10.0201 2.70492 2
      vertex 6.4865 5.37925 2
      vertex 9.88937 2.6391 2
    endloop
  endfacet
  facet normal -0 0 1
    outer loop
      vertex 6.48564 5.37543 2
      vertex 9.88937 2.6391 2
      vertex 6.4865 5.37925 2
    endloop
  endfacet
  facet normal 0 0 1
    outer loop
      vertex 9.88937 2.6391 2
      vertex 6.48564 5.37543 2
      vertex 9.762 2.56694 2
    endloop
  endfacet
  facet normal -0 0 1
    outer loop
      vertex 6.39916 5.06292 2
      vertex 9.762 2.56694 2
      vertex 6.48564 5.37543 2
    endloop
  endfacet
  facet normal 0 0 1
    outer loop
      vertex 9.762 2.56694 2
      vertex 6.39916 5.06292 2
      vertex 9.76158 2.5667 2
    endloop
  endfacet
  facet normal -0 0 1
    outer loop
      vertex 6.39812 5.05915 2
      vertex 9.76158 2.5667 2
      vertex 6.39916 5.06292 2
    endloop
  endfacet
  facet normal 0 0 1
    outer loop
      vertex 9.76158 2.5667 2
      vertex 6.39812 5.05915 2
      vertex 9.6379 2.48838 2
    endloop
  endfacet
  facet normal -0 0 1
    outer loop
      vertex 6.39689 5.05544 2
      vertex 9.6379 2.48838 2
      vertex 6.39812 5.05915 2
    endloop
  endfacet
  facet normal 0 0 1
    outer loop
      vertex 9.6379 2.48838 2
      vertex 6.39689 5.05544 2
      vertex 9.63749 2.48812 2
    endloop
  endfacet
  facet normal 0 0 1
    outer loop
      vertex 9.63749 2.48812 2
      vertex 6.39689 5.05544 2
      vertex 9.63709 2.48785 2
    endloop
  endfacet
  facet normal -0 0 1
    outer loop
      vertex 6.29518 4.74755 2
      vertex 9.63709 2.48785 2
      vertex 6.39689 5.05544 2
    endloop
  endfacet
  facet normal 0 0 1
    outer loop
      vertex 9.63709 2.48785 2
      vertex 6.29518 4.74755 2
      vertex 9.51741 2.40355 2
    endloop
  endfacet
  facet normal -0 0 1
    outer loop
      vertex 6.29377 4.7439 2
      vertex 9.51741 2.40355 2
      vertex 6.29518 4.74755 2
    endloop
  endfacet
  facet normal 0 0 1
    outer loop
      vertex 9.51741 2.40355 2
      vertex 6.29377 4.7439 2
      vertex 9.402 2.31349 2
    endloop
  endfacet
  facet normal 0 0 1
    outer loop
      vertex 6.68601 7 2
      vertex 9.29386 11.3246 2
      vertex 8.72699 11.767 2
    endloop
  endfacet
  facet normal 0 0 1
    outer loop
      vertex 9.402 2.31349 2
      vertex 6.29377 4.7439 2
      vertex 9.40162 2.31319 2
    endloop
  endfacet
  facet normal -0 0 1
    outer loop
      vertex 6.17707 4.44137 2
      vertex 9.40162 2.31319 2
      vertex 6.29377 4.7439 2
    endloop
  endfacet
  facet normal 0 0 1
    outer loop
      vertex 9.40162 2.31319 2
      vertex 6.17707 4.44137 2
      vertex 9.40125 2.31287 2
    endloop
  endfacet
  facet normal 0 0 1
    outer loop
      vertex 9.40125 2.31287 2
      vertex 6.17707 4.44137 2
      vertex 9.2904 2.21725 2
    endloop
  endfacet
  facet normal 0 0 1
    outer loop
      vertex 9.2904 2.21725 2
      vertex 6.17707 4.44137 2
      vertex 9.18438 2.11631 2
    endloop
  endfacet
  facet normal 0 0 1
    outer loop
      vertex 9.18438 2.11631 2
      vertex 6.17707 4.44137 2
      vertex 9.18402 2.11598 2
    endloop
  endfacet
  facet normal -0 0 1
    outer loop
      vertex 6.04567 4.14494 2
      vertex 9.18402 2.11598 2
      vertex 6.17707 4.44137 2
    endloop
  endfacet
  facet normal 0 0 1
    outer loop
      vertex 9.18402 2.11598 2
      vertex 6.04567 4.14494 2
      vertex 9.18369 2.11562 2
    endloop
  endfacet
  facet normal 0 0 1
    outer loop
      vertex 9.18369 2.11562 2
      vertex 6.04567 4.14494 2
      vertex 9.08275 2.0096 2
    endloop
  endfacet
  facet normal -0 0 1
    outer loop
      vertex 6.04408 4.14136 2
      vertex 9.08275 2.0096 2
      vertex 6.04567 4.14494 2
    endloop
  endfacet
  facet normal -0 0 1
    outer loop
      vertex 6.04233 4.13787 2
      vertex 9.08275 2.0096 2
      vertex 6.04408 4.14136 2
    endloop
  endfacet
  facet normal 0 0 1
    outer loop
      vertex 9.08275 2.0096 2
      vertex 6.04233 4.13787 2
      vertex 8.98713 1.89875 2
    endloop
  endfacet
  facet normal -0 0 1
    outer loop
      vertex 5.89654 3.84824 2
      vertex 8.98713 1.89875 2
      vertex 6.04233 4.13787 2
    endloop
  endfacet
  facet normal 0 0 1
    outer loop
      vertex 8.98713 1.89875 2
      vertex 5.89654 3.84824 2
      vertex 8.98681 1.89838 2
    endloop
  endfacet
  facet normal 0 0 1
    outer loop
      vertex 8.98681 1.89838 2
      vertex 5.89654 3.84824 2
      vertex 8.98651 1.898 2
    endloop
  endfacet
  facet normal 0 0 1
    outer loop
      vertex 8.98651 1.898 2
      vertex 5.89654 3.84824 2
      vertex 8.89645 1.78259 2
    endloop
  endfacet
  facet normal -0 0 1
    outer loop
      vertex 5.73671 3.56611 2
      vertex 8.89645 1.78259 2
      vertex 5.89654 3.84824 2
    endloop
  endfacet
  facet normal 0 0 1
    outer loop
      vertex 8.89645 1.78259 2
      vertex 5.73671 3.56611 2
      vertex 8.81215 1.66291 2
    endloop
  endfacet
  facet normal 0 0 1
    outer loop
      vertex 8.81215 1.66291 2
      vertex 5.73671 3.56611 2
      vertex 8.81188 1.66251 2
    endloop
  endfacet
  facet normal 0 0 1
    outer loop
      vertex 8.81188 1.66251 2
      vertex 5.73479 3.5627 2
      vertex 8.81162 1.6621 2
    endloop
  endfacet
  facet normal -0 0 1
    outer loop
      vertex 5.73479 3.5627 2
      vertex 8.81188 1.66251 2
      vertex 5.73671 3.56611 2
    endloop
  endfacet
  facet normal 0 0 1
    outer loop
      vertex 6.68601 7 2
      vertex 8.72699 11.767 2
      vertex 8.1391 12.181 2
    endloop
  endfacet
  facet normal 0 0 1
    outer loop
      vertex 14.65 0 2
      vertex 14.278 -0.29331 2
      vertex 14.6324 -0.718841 2
    endloop
  endfacet
  facet normal -0 0 1
    outer loop
      vertex 14.2601 -0.438601 2
      vertex 14.6324 -0.718841 2
      vertex 14.278 -0.29331 2
    endloop
  endfacet
  facet normal -0 0 1
    outer loop
      vertex 14.2601 -0.439082 2
      vertex 14.6324 -0.718841 2
      vertex 14.2601 -0.438601 2
    endloop
  endfacet
  facet normal -0 0 1
    outer loop
      vertex 14.26 -0.43956 2
      vertex 14.6324 -0.718841 2
      vertex 14.2601 -0.439082 2
    endloop
  endfacet
  facet normal -0 0 1
    outer loop
      vertex 14.2349 -0.583796 2
      vertex 14.6324 -0.718841 2
      vertex 14.26 -0.43956 2
    endloop
  endfacet
  facet normal 0 0 1
    outer loop
      vertex 14.2029 -0.72663 2
      vertex 14.6324 -0.718841 2
      vertex 14.2349 -0.583796 2
    endloop
  endfacet
  facet normal 0 0 1
    outer loop
      vertex 14.2028 -0.727104 2
      vertex 14.6324 -0.718841 2
      vertex 14.2029 -0.72663 2
    endloop
  endfacet
  facet normal 0 0 1
    outer loop
      vertex 14.1637 -0.868192 2
      vertex 14.6324 -0.718841 2
      vertex 14.2028 -0.727104 2
    endloop
  endfacet
  facet normal 0 0 1
    outer loop
      vertex 14.1636 -0.868659 2
      vertex 14.6324 -0.718841 2
      vertex 14.1637 -0.868192 2
    endloop
  endfacet
  facet normal 0 0 1
    outer loop
      vertex 14.1634 -0.86912 2
      vertex 14.6324 -0.718841 2
      vertex 14.1636 -0.868659 2
    endloop
  endfacet
  facet normal 0 0 1
    outer loop
      vertex 14.1175 -1.00812 2
      vertex 14.6324 -0.718841 2
      vertex 14.1634 -0.86912 2
    endloop
  endfacet
  facet normal 0 0 1
    outer loop
      vertex 14.6324 -0.718841 2
      vertex 14.1175 -1.00812 2
      vertex 14.5795 -1.43595 2
    endloop
  endfacet
  facet normal -0 0 1
    outer loop
      vertex 14.1173 -1.00858 2
      vertex 14.5795 -1.43595 2
      vertex 14.1175 -1.00812 2
    endloop
  endfacet
  facet normal -0 0 1
    outer loop
      vertex 14.0647 -1.14516 2
      vertex 14.5795 -1.43595 2
      vertex 14.1173 -1.00858 2
    endloop
  endfacet
  facet normal -0 0 1
    outer loop
      vertex 14.0053 -1.27899 2
      vertex 14.5795 -1.43595 2
      vertex 14.0647 -1.14516 2
    endloop
  endfacet
  facet normal -0 0 1
    outer loop
      vertex 14.0051 -1.27943 2
      vertex 14.5795 -1.43595 2
      vertex 14.0053 -1.27899 2
    endloop
  endfacet
  facet normal -0 0 1
    outer loop
      vertex 14.0049 -1.27987 2
      vertex 14.5795 -1.43595 2
      vertex 14.0051 -1.27943 2
    endloop
  endfacet
  facet normal -0 0 1
    outer loop
      vertex 13.9391 -1.41063 2
      vertex 14.5795 -1.43595 2
      vertex 14.0049 -1.27987 2
    endloop
  endfacet
  facet normal 0 0 1
    outer loop
      vertex 13.8669 -1.538 2
      vertex 14.5795 -1.43595 2
      vertex 13.9391 -1.41063 2
    endloop
  endfacet
  facet normal 0 0 1
    outer loop
      vertex 14.5795 -1.43595 2
      vertex 13.8669 -1.538 2
      vertex 14.4914 -2.1496 2
    endloop
  endfacet
  facet normal -0 0 1
    outer loop
      vertex 13.8667 -1.53842 2
      vertex 14.4914 -2.1496 2
      vertex 13.8669 -1.538 2
    endloop
  endfacet
  facet normal -0 0 1
    outer loop
      vertex 13.7884 -1.6621 2
      vertex 14.4914 -2.1496 2
      vertex 13.8667 -1.53842 2
    endloop
  endfacet
  facet normal -0 0 1
    outer loop
      vertex 13.7881 -1.66251 2
      vertex 14.4914 -2.1496 2
      vertex 13.7884 -1.6621 2
    endloop
  endfacet
  facet normal -0 0 1
    outer loop
      vertex 13.7878 -1.66291 2
      vertex 14.4914 -2.1496 2
      vertex 13.7881 -1.66251 2
    endloop
  endfacet
  facet normal -0 0 1
    outer loop
      vertex 13.7036 -1.78259 2
      vertex 14.4914 -2.1496 2
      vertex 13.7878 -1.66291 2
    endloop
  endfacet
  facet normal -0 0 1
    outer loop
      vertex 13.6135 -1.898 2
      vertex 14.4914 -2.1496 2
      vertex 13.7036 -1.78259 2
    endloop
  endfacet
  facet normal -0 0 1
    outer loop
      vertex 13.6132 -1.89838 2
      vertex 14.4914 -2.1496 2
      vertex 13.6135 -1.898 2
    endloop
  endfacet
  facet normal -0 0 1
    outer loop
      vertex 13.6129 -1.89875 2
      vertex 14.4914 -2.1496 2
      vertex 13.6132 -1.89838 2
    endloop
  endfacet
  facet normal -0 0 1
    outer loop
      vertex 13.5173 -2.0096 2
      vertex 14.4914 -2.1496 2
      vertex 13.6129 -1.89875 2
    endloop
  endfacet
  facet normal 0 0 1
    outer loop
      vertex 14.4914 -2.1496 2
      vertex 13.5173 -2.0096 2
      vertex 14.3685 -2.85807 2
    endloop
  endfacet
  facet normal -0 0 1
    outer loop
      vertex 13.4163 -2.11562 2
      vertex 14.3685 -2.85807 2
      vertex 13.5173 -2.0096 2
    endloop
  endfacet
  facet normal -0 0 1
    outer loop
      vertex 13.416 -2.11598 2
      vertex 14.3685 -2.85807 2
      vertex 13.4163 -2.11562 2
    endloop
  endfacet
  facet normal -0 0 1
    outer loop
      vertex 13.4156 -2.11631 2
      vertex 14.3685 -2.85807 2
      vertex 13.416 -2.11598 2
    endloop
  endfacet
  facet normal -0 0 1
    outer loop
      vertex 13.3096 -2.21725 2
      vertex 14.3685 -2.85807 2
      vertex 13.4156 -2.11631 2
    endloop
  endfacet
  facet normal -0 0 1
    outer loop
      vertex 13.1988 -2.31287 2
      vertex 14.3685 -2.85807 2
      vertex 13.3096 -2.21725 2
    endloop
  endfacet
  facet normal -0 0 1
    outer loop
      vertex 13.1984 -2.31319 2
      vertex 14.3685 -2.85807 2
      vertex 13.1988 -2.31287 2
    endloop
  endfacet
  facet normal -0 0 1
    outer loop
      vertex 13.198 -2.31349 2
      vertex 14.3685 -2.85807 2
      vertex 13.1984 -2.31319 2
    endloop
  endfacet
  facet normal -0 0 1
    outer loop
      vertex 13.0826 -2.40355 2
      vertex 14.3685 -2.85807 2
      vertex 13.198 -2.31349 2
    endloop
  endfacet
  facet normal 0 0 1
    outer loop
      vertex 14.3685 -2.85807 2
      vertex 13.0826 -2.40355 2
      vertex 14.211 -3.55966 2
    endloop
  endfacet
  facet normal -0 0 1
    outer loop
      vertex 12.9629 -2.48785 2
      vertex 14.211 -3.55966 2
      vertex 13.0826 -2.40355 2
    endloop
  endfacet
  facet normal -0 0 1
    outer loop
      vertex 12.9625 -2.48812 2
      vertex 14.211 -3.55966 2
      vertex 12.9629 -2.48785 2
    endloop
  endfacet
  facet normal -0 0 1
    outer loop
      vertex 12.9621 -2.48838 2
      vertex 14.211 -3.55966 2
      vertex 12.9625 -2.48812 2
    endloop
  endfacet
  facet normal -0 0 1
    outer loop
      vertex 12.8384 -2.5667 2
      vertex 14.211 -3.55966 2
      vertex 12.9621 -2.48838 2
    endloop
  endfacet
  facet normal -0 0 1
    outer loop
      vertex 12.838 -2.56694 2
      vertex 14.211 -3.55966 2
      vertex 12.8384 -2.5667 2
    endloop
  endfacet
  facet normal -0 0 1
    outer loop
      vertex 12.7106 -2.6391 2
      vertex 14.211 -3.55966 2
      vertex 12.838 -2.56694 2
    endloop
  endfacet
  facet normal 0 0 1
    outer loop
      vertex 14.211 -3.55966 2
      vertex 12.7106 -2.6391 2
      vertex 14.0192 -4.25267 2
    endloop
  endfacet
  facet normal -0 0 1
    outer loop
      vertex 12.5799 -2.70492 2
      vertex 14.0192 -4.25267 2
      vertex 12.7106 -2.6391 2
    endloop
  endfacet
  facet normal -0 0 1
    outer loop
      vertex 12.5794 -2.70514 2
      vertex 14.0192 -4.25267 2
      vertex 12.5799 -2.70492 2
    endloop
  endfacet
  facet normal -0 0 1
    outer loop
      vertex 12.579 -2.70533 2
      vertex 14.0192 -4.25267 2
      vertex 12.5794 -2.70514 2
    endloop
  endfacet
  facet normal -0 0 1
    outer loop
      vertex 12.4452 -2.76466 2
      vertex 14.0192 -4.25267 2
      vertex 12.579 -2.70533 2
    endloop
  endfacet
  facet normal -0 0 1
    outer loop
      vertex 12.3086 -2.81734 2
      vertex 14.0192 -4.25267 2
      vertex 12.4452 -2.76466 2
    endloop
  endfacet
  facet normal -0 0 1
    outer loop
      vertex 12.3081 -2.81752 2
      vertex 14.0192 -4.25267 2
      vertex 12.3086 -2.81734 2
    endloop
  endfacet
  facet normal -0 0 1
    outer loop
      vertex 12.1691 -2.86344 2
      vertex 14.0192 -4.25267 2
      vertex 12.3081 -2.81752 2
    endloop
  endfacet
  facet normal 0 0 1
    outer loop
      vertex 14.0192 -4.25267 2
      vertex 12.1691 -2.86344 2
      vertex 13.7936 -4.93544 2
    endloop
  endfacet
  facet normal -0 0 1
    outer loop
      vertex 12.1687 -2.86359 2
      vertex 13.7936 -4.93544 2
      vertex 12.1691 -2.86344 2
    endloop
  endfacet
  facet normal -0 0 1
    outer loop
      vertex 12.1682 -2.86372 2
      vertex 13.7936 -4.93544 2
      vertex 12.1687 -2.86359 2
    endloop
  endfacet
  facet normal -0 0 1
    outer loop
      vertex 12.0271 -2.90276 2
      vertex 13.7936 -4.93544 2
      vertex 12.1682 -2.86372 2
    endloop
  endfacet
  facet normal -0 0 1
    outer loop
      vertex 12.0266 -2.90287 2
      vertex 13.7936 -4.93544 2
      vertex 12.0271 -2.90276 2
    endloop
  endfacet
  facet normal -0 0 1
    outer loop
      vertex 11.8838 -2.93494 2
      vertex 13.7936 -4.93544 2
      vertex 12.0266 -2.90287 2
    endloop
  endfacet
  facet normal -0 0 1
    outer loop
      vertex 11.7396 -2.95997 2
      vertex 13.7936 -4.93544 2
      vertex 11.8838 -2.93494 2
    endloop
  endfacet
  facet normal 0 0 1
    outer loop
      vertex 13.7936 -4.93544 2
      vertex 11.7396 -2.95997 2
      vertex 13.5348 -5.60631 2
    endloop
  endfacet
  facet normal -0 0 1
    outer loop
      vertex 11.7391 -2.96005 2
      vertex 13.5348 -5.60631 2
      vertex 11.7396 -2.95997 2
    endloop
  endfacet
  facet normal -0 0 1
    outer loop
      vertex 11.7386 -2.96011 2
      vertex 13.5348 -5.60631 2
      vertex 11.7391 -2.96005 2
    endloop
  endfacet
  facet normal -0 0 1
    outer loop
      vertex 11.5933 -2.97803 2
      vertex 13.5348 -5.60631 2
      vertex 11.7386 -2.96011 2
    endloop
  endfacet
  facet normal -0 0 1
    outer loop
      vertex 11.5928 -2.97807 2
      vertex 13.5348 -5.60631 2
      vertex 11.5933 -2.97803 2
    endloop
  endfacet
  facet normal -0 0 1
    outer loop
      vertex 11.4468 -2.98884 2
      vertex 13.5348 -5.60631 2
      vertex 11.5928 -2.97807 2
    endloop
  endfacet
  facet normal 0 0 1
    outer loop
      vertex 13.5348 -5.60631 2
      vertex 11.4468 -2.98884 2
      vertex 13.2434 -6.26368 2
    endloop
  endfacet
  facet normal -0 0 1
    outer loop
      vertex 11.3005 -2.99243 2
      vertex 13.2434 -6.26368 2
      vertex 11.4468 -2.98884 2
    endloop
  endfacet
  facet normal -0 0 1
    outer loop
      vertex 11.3 -2.99244 2
      vertex 13.2434 -6.26368 2
      vertex 11.3005 -2.99243 2
    endloop
  endfacet
  facet normal 0 0 1
    outer loop
      vertex 11.2995 -2.99243 2
      vertex 13.2434 -6.26368 2
      vertex 11.3 -2.99244 2
    endloop
  endfacet
  facet normal 0 0 1
    outer loop
      vertex 11.1532 -2.98884 2
      vertex 13.2434 -6.26368 2
      vertex 11.2995 -2.99243 2
    endloop
  endfacet
  facet normal 0 0 1
    outer loop
      vertex 13.2434 -6.26368 2
      vertex 11.1532 -2.98884 2
      vertex 12.9201 -6.90596 2
    endloop
  endfacet
  facet normal 0 0 1
    outer loop
      vertex 11.0072 -2.97807 2
      vertex 12.9201 -6.90596 2
      vertex 11.1532 -2.98884 2
    endloop
  endfacet
  facet normal 0 0 1
    outer loop
      vertex 11.0067 -2.97803 2
      vertex 12.9201 -6.90596 2
      vertex 11.0072 -2.97807 2
    endloop
  endfacet
  facet normal 0 0 1
    outer loop
      vertex 10.8614 -2.96011 2
      vertex 12.9201 -6.90596 2
      vertex 11.0067 -2.97803 2
    endloop
  endfacet
  facet normal 0 0 1
    outer loop
      vertex 10.8609 -2.96005 2
      vertex 12.9201 -6.90596 2
      vertex 10.8614 -2.96011 2
    endloop
  endfacet
  facet normal 0 0 1
    outer loop
      vertex 10.8604 -2.95997 2
      vertex 12.9201 -6.90596 2
      vertex 10.8609 -2.96005 2
    endloop
  endfacet
  facet normal 0 0 1
    outer loop
      vertex 10.7162 -2.93494 2
      vertex 12.9201 -6.90596 2
      vertex 10.8604 -2.95997 2
    endloop
  endfacet
  facet normal 0 0 1
    outer loop
      vertex 12.9201 -6.90596 2
      vertex 10.7162 -2.93494 2
      vertex 12.5657 -7.5316 2
    endloop
  endfacet
  facet normal 0 0 1
    outer loop
      vertex 10.5734 -2.90287 2
      vertex 12.5657 -7.5316 2
      vertex 10.7162 -2.93494 2
    endloop
  endfacet
  facet normal 0 0 1
    outer loop
      vertex 10.5729 -2.90276 2
      vertex 12.5657 -7.5316 2
      vertex 10.5734 -2.90287 2
    endloop
  endfacet
  facet normal -0 0 1
    outer loop
      vertex 6.68601 -7 2
      vertex 12.5657 -7.5316 2
      vertex 10.5729 -2.90276 2
    endloop
  endfacet
  facet normal 0 0 1
    outer loop
      vertex 6.68601 -7 2
      vertex 10.5729 -2.90276 2
      vertex 10.4318 -2.86372 2
    endloop
  endfacet
  facet normal 0 0 1
    outer loop
      vertex 6.68601 -7 2
      vertex 10.4318 -2.86372 2
      vertex 10.4313 -2.86359 2
    endloop
  endfacet
  facet normal 0 0 1
    outer loop
      vertex 6.68601 -7 2
      vertex 10.4313 -2.86359 2
      vertex 10.4309 -2.86344 2
    endloop
  endfacet
  facet normal 0 0 1
    outer loop
      vertex 6.68601 -7 2
      vertex 10.4309 -2.86344 2
      vertex 10.2919 -2.81752 2
    endloop
  endfacet
  facet normal 0 0 1
    outer loop
      vertex 12.5657 -7.5316 2
      vertex 6.68601 -7 2
      vertex 12.181 -8.1391 2
    endloop
  endfacet
  facet normal 0 0 1
    outer loop
      vertex 6.68601 -7 2
      vertex 10.2919 -2.81752 2
      vertex 10.2914 -2.81734 2
    endloop
  endfacet
  facet normal 0 0 1
    outer loop
      vertex 6.68601 -7 2
      vertex 10.2914 -2.81734 2
      vertex 10.1548 -2.76466 2
    endloop
  endfacet
  facet normal 0 0 1
    outer loop
      vertex 6.68601 -7 2
      vertex 10.1548 -2.76466 2
      vertex 10.021 -2.70533 2
    endloop
  endfacet
  facet normal 0 0 1
    outer loop
      vertex 6.68601 -7 2
      vertex 10.021 -2.70533 2
      vertex 10.0206 -2.70514 2
    endloop
  endfacet
  facet normal 0 0 1
    outer loop
      vertex 12.181 -8.1391 2
      vertex 6.68601 -7 2
      vertex 11.767 -8.72699 2
    endloop
  endfacet
  facet normal 0 0 1
    outer loop
      vertex 6.68601 -7 2
      vertex 10.0206 -2.70514 2
      vertex 10.0201 -2.70492 2
    endloop
  endfacet
  facet normal 0 0 1
    outer loop
      vertex 6.68601 -7 2
      vertex 10.0201 -2.70492 2
      vertex 9.88937 -2.6391 2
    endloop
  endfacet
  facet normal -0 0 1
    outer loop
      vertex 6.67806 -7.32415 2
      vertex 11.767 -8.72699 2
      vertex 6.68601 -7 2
    endloop
  endfacet
  facet normal 0 0 1
    outer loop
      vertex 6.68601 -7 2
      vertex 9.88937 -2.6391 2
      vertex 9.762 -2.56694 2
    endloop
  endfacet
  facet normal 0 0 1
    outer loop
      vertex 6.68601 -7 2
      vertex 9.762 -2.56694 2
      vertex 9.76158 -2.5667 2
    endloop
  endfacet
  facet normal 0 0 1
    outer loop
      vertex 11.767 -8.72699 2
      vertex 6.67806 -7.32415 2
      vertex 11.3246 -9.29386 2
    endloop
  endfacet
  facet normal 0 0 1
    outer loop
      vertex 6.68601 -7 2
      vertex 9.76158 -2.5667 2
      vertex 9.6379 -2.48838 2
    endloop
  endfacet
  facet normal 0 0 1
    outer loop
      vertex 6.68601 -7 2
      vertex 9.6379 -2.48838 2
      vertex 9.63749 -2.48812 2
    endloop
  endfacet
  facet normal 0 0 1
    outer loop
      vertex 6.68601 -7 2
      vertex 9.63749 -2.48812 2
      vertex 9.63709 -2.48785 2
    endloop
  endfacet
  facet normal 0 0 1
    outer loop
      vertex 6.68601 -7 2
      vertex 9.63709 -2.48785 2
      vertex 9.51741 -2.40355 2
    endloop
  endfacet
  facet normal -0 0 1
    outer loop
      vertex 6.67796 -7.32807 2
      vertex 11.3246 -9.29386 2
      vertex 6.67806 -7.32415 2
    endloop
  endfacet
  facet normal 0 0 1
    outer loop
      vertex 6.68601 -7 2
      vertex 9.51741 -2.40355 2
      vertex 9.402 -2.31349 2
    endloop
  endfacet
  facet normal 0 0 1
    outer loop
      vertex 6.68601 -7 2
      vertex 9.402 -2.31349 2
      vertex 9.40162 -2.31319 2
    endloop
  endfacet
  facet normal 0 0 1
    outer loop
      vertex 6.68601 -7 2
      vertex 9.40162 -2.31319 2
      vertex 9.40125 -2.31287 2
    endloop
  endfacet
  facet normal -0 0 1
    outer loop
      vertex 6.65411 -7.65144 2
      vertex 11.3246 -9.29386 2
      vertex 6.67796 -7.32807 2
    endloop
  endfacet
  facet normal 0 0 1
    outer loop
      vertex 6.68601 -7 2
      vertex 9.40125 -2.31287 2
      vertex 9.2904 -2.21725 2
    endloop
  endfacet
  facet normal 0 0 1
    outer loop
      vertex 6.68601 -7 2
      vertex 9.2904 -2.21725 2
      vertex 9.18438 -2.11631 2
    endloop
  endfacet
  facet normal 0 0 1
    outer loop
      vertex 6.68601 -7 2
      vertex 9.18438 -2.11631 2
      vertex 9.18402 -2.11598 2
    endloop
  endfacet
  facet normal 0 0 1
    outer loop
      vertex 6.68601 -7 2
      vertex 9.18402 -2.11598 2
      vertex 9.18369 -2.11562 2
    endloop
  endfacet
  facet normal 0 0 1
    outer loop
      vertex 6.68601 -7 2
      vertex 9.18369 -2.11562 2
      vertex 9.08275 -2.0096 2
    endloop
  endfacet
  facet normal 0 0 1
    outer loop
      vertex 6.68601 -7 2
      vertex 9.08275 -2.0096 2
      vertex 8.98713 -1.89875 2
    endloop
  endfacet
  facet normal 0 0 1
    outer loop
      vertex 6.68601 -7 2
      vertex 8.98713 -1.89875 2
      vertex 8.98681 -1.89838 2
    endloop
  endfacet
  facet normal 0 0 1
    outer loop
      vertex 6.68601 -7 2
      vertex 8.98681 -1.89838 2
      vertex 8.98651 -1.898 2
    endloop
  endfacet
  facet normal 0 0 1
    outer loop
      vertex 6.68601 -7 2
      vertex 8.98651 -1.898 2
      vertex 8.89645 -1.78259 2
    endloop
  endfacet
  facet normal 0 0 1
    outer loop
      vertex 6.68601 -7 2
      vertex 8.89645 -1.78259 2
      vertex 8.81215 -1.66291 2
    endloop
  endfacet
  facet normal 0 0 1
    outer loop
      vertex 6.68601 -7 2
      vertex 8.81215 -1.66291 2
      vertex 8.81188 -1.66251 2
    endloop
  endfacet
  facet normal 0 0 1
    outer loop
      vertex 6.68601 -7 2
      vertex 8.81188 -1.66251 2
      vertex 8.81162 -1.6621 2
    endloop
  endfacet
  facet normal 0 0 1
    outer loop
      vertex 6.68601 -7 2
      vertex 8.81162 -1.6621 2
      vertex 8.7333 -1.53842 2
    endloop
  endfacet
  facet normal 0 0 1
    outer loop
      vertex 6.68601 -7 2
      vertex 8.7333 -1.53842 2
      vertex 8.73306 -1.538 2
    endloop
  endfacet
  facet normal -0 0 1
    outer loop
      vertex 6.65382 -7.65534 2
      vertex 11.3246 -9.29386 2
      vertex 6.65411 -7.65144 2
    endloop
  endfacet
  facet normal 0 0 1
    outer loop
      vertex 6.68601 -7 2
      vertex 8.73306 -1.538 2
      vertex 8.6609 -1.41063 2
    endloop
  endfacet
  facet normal 0 0 1
    outer loop
      vertex 6.68601 -7 2
      vertex 8.6609 -1.41063 2
      vertex 8.59508 -1.27987 2
    endloop
  endfacet
  facet normal 0 0 1
    outer loop
      vertex 6.68601 -7 2
      vertex 8.59508 -1.27987 2
      vertex 8.59486 -1.27943 2
    endloop
  endfacet
  facet normal 0 0 1
    outer loop
      vertex 6.68601 -7 2
      vertex 8.59486 -1.27943 2
      vertex 8.59467 -1.27899 2
    endloop
  endfacet
  facet normal 0 0 1
    outer loop
      vertex 6.68601 -7 2
      vertex 8.59467 -1.27899 2
      vertex 8.53534 -1.14516 2
    endloop
  endfacet
  facet normal 0 0 1
    outer loop
      vertex 6.68601 -7 2
      vertex 8.53534 -1.14516 2
      vertex 8.48266 -1.00858 2
    endloop
  endfacet
  facet normal 0 0 1
    outer loop
      vertex 6.68601 -7 2
      vertex 8.48266 -1.00858 2
      vertex 8.48248 -1.00812 2
    endloop
  endfacet
  facet normal 0 0 1
    outer loop
      vertex 6.68601 -7 2
      vertex 8.48248 -1.00812 2
      vertex 8.43656 -0.86912 2
    endloop
  endfacet
  facet normal 0 0 1
    outer loop
      vertex 6.68601 -7 2
      vertex 8.43656 -0.86912 2
      vertex 8.43641 -0.868659 2
    endloop
  endfacet
  facet normal 0 0 1
    outer loop
      vertex 6.68601 -7 2
      vertex 8.43641 -0.868659 2
      vertex 8.43628 -0.868192 2
    endloop
  endfacet
  facet normal 0 0 1
    outer loop
      vertex 6.68601 -7 2
      vertex 8.43628 -0.868192 2
      vertex 8.39724 -0.727104 2
    endloop
  endfacet
  facet normal 0 0 1
    outer loop
      vertex 6.68601 -7 2
      vertex 8.39724 -0.727104 2
      vertex 8.39713 -0.72663 2
    endloop
  endfacet
  facet normal 0 0 1
    outer loop
      vertex 6.68601 -7 2
      vertex 8.39713 -0.72663 2
      vertex 8.36506 -0.583796 2
    endloop
  endfacet
  facet normal 0 0 1
    outer loop
      vertex 6.68601 -7 2
      vertex 8.36506 -0.583796 2
      vertex 8.34003 -0.43956 2
    endloop
  endfacet
  facet normal 0 0 1
    outer loop
      vertex 6.68601 -7 2
      vertex 8.34003 -0.43956 2
      vertex 8.33995 -0.439082 2
    endloop
  endfacet
  facet normal 0 0 1
    outer loop
      vertex 6.68601 -7 2
      vertex 8.33995 -0.439082 2
      vertex 8.33989 -0.438601 2
    endloop
  endfacet
  facet normal 0 0 1
    outer loop
      vertex 6.68601 -7 2
      vertex 8.33989 -0.438601 2
      vertex 8.32197 -0.29331 2
    endloop
  endfacet
  facet normal 0 0 1
    outer loop
      vertex 8.31116 -0.146832 2
      vertex 6.68601 -7 2
      vertex 8.32193 -0.292827 2
    endloop
  endfacet
  facet normal 0 0 1
    outer loop
      vertex 8.30757 -0.000484947 2
      vertex 6.68601 -7 2
      vertex 8.31116 -0.146832 2
    endloop
  endfacet
  facet normal 0 0 1
    outer loop
      vertex 11.3246 -9.29386 2
      vertex 6.65382 -7.65534 2
      vertex 10.8549 -9.83834 2
    endloop
  endfacet
  facet normal 0 0 1
    outer loop
      vertex 8.30756 0 2
      vertex 6.68601 -7 2
      vertex 8.30757 -0.000484947 2
    endloop
  endfacet
  facet normal -0 0 1
    outer loop
      vertex 5.56131 3.28876 2
      vertex 8.7333 1.53842 2
      vertex 5.73479 3.5627 2
    endloop
  endfacet
  facet normal 0 0 1
    outer loop
      vertex 8.81162 1.6621 2
      vertex 5.73479 3.5627 2
      vertex 8.7333 1.53842 2
    endloop
  endfacet
  facet normal 0 0 1
    outer loop
      vertex 5.73671 10.4339 2
      vertex 8.1391 12.181 2
      vertex 7.5316 12.5657 2
    endloop
  endfacet
  facet normal 0 0 1
    outer loop
      vertex 8.32193 -0.292827 2
      vertex 6.68601 -7 2
      vertex 8.32197 -0.29331 2
    endloop
  endfacet
  facet normal 0 0 1
    outer loop
      vertex 5.55696 10.7177 2
      vertex 7.5316 12.5657 2
      vertex 6.90596 12.9201 2
    endloop
  endfacet
  facet normal -0 0 1
    outer loop
      vertex 6.65334 -7.65923 2
      vertex 10.8549 -9.83834 2
      vertex 6.65382 -7.65534 2
    endloop
  endfacet
  facet normal -0 0 1
    outer loop
      vertex 6.61365 -7.98104 2
      vertex 10.8549 -9.83834 2
      vertex 6.65334 -7.65923 2
    endloop
  endfacet
  facet normal 0 0 1
    outer loop
      vertex 8.1391 12.181 2
      vertex 6.67806 7.32415 2
      vertex 6.68601 7 2
    endloop
  endfacet
  facet normal 0 0 1
    outer loop
      vertex 8.1391 12.181 2
      vertex 6.67796 7.32807 2
      vertex 6.67806 7.32415 2
    endloop
  endfacet
  facet normal 0 0 1
    outer loop
      vertex 8.1391 12.181 2
      vertex 6.65411 7.65144 2
      vertex 6.67796 7.32807 2
    endloop
  endfacet
  facet normal 0 0 1
    outer loop
      vertex 8.1391 12.181 2
      vertex 6.65382 7.65534 2
      vertex 6.65411 7.65144 2
    endloop
  endfacet
  facet normal 0 0 1
    outer loop
      vertex 8.1391 12.181 2
      vertex 6.65334 7.65923 2
      vertex 6.65382 7.65534 2
    endloop
  endfacet
  facet normal 0 0 1
    outer loop
      vertex 8.1391 12.181 2
      vertex 6.61365 7.98104 2
      vertex 6.65334 7.65923 2
    endloop
  endfacet
  facet normal 0 0 1
    outer loop
      vertex 8.1391 12.181 2
      vertex 6.61298 7.9849 2
      vertex 6.61365 7.98104 2
    endloop
  endfacet
  facet normal 0 0 1
    outer loop
      vertex 8.1391 12.181 2
      vertex 6.55754 8.30438 2
      vertex 6.61298 7.9849 2
    endloop
  endfacet
  facet normal 0 0 1
    outer loop
      vertex 8.1391 12.181 2
      vertex 6.4865 8.62075 2
      vertex 6.55754 8.30438 2
    endloop
  endfacet
  facet normal 0 0 1
    outer loop
      vertex 8.1391 12.181 2
      vertex 6.48564 8.62457 2
      vertex 6.4865 8.62075 2
    endloop
  endfacet
  facet normal 0 0 1
    outer loop
      vertex 8.1391 12.181 2
      vertex 6.39916 8.93708 2
      vertex 6.48564 8.62457 2
    endloop
  endfacet
  facet normal 0 0 1
    outer loop
      vertex 8.1391 12.181 2
      vertex 6.39812 8.94085 2
      vertex 6.39916 8.93708 2
    endloop
  endfacet
  facet normal 0 0 1
    outer loop
      vertex 8.1391 12.181 2
      vertex 6.39689 8.94456 2
      vertex 6.39812 8.94085 2
    endloop
  endfacet
  facet normal 0 0 1
    outer loop
      vertex 8.1391 12.181 2
      vertex 6.29518 9.25245 2
      vertex 6.39689 8.94456 2
    endloop
  endfacet
  facet normal 0 0 1
    outer loop
      vertex 8.1391 12.181 2
      vertex 6.29377 9.2561 2
      vertex 6.29518 9.25245 2
    endloop
  endfacet
  facet normal 0 0 1
    outer loop
      vertex 5.1658 11.2445 2
      vertex 6.90596 12.9201 2
      vertex 6.26368 13.2434 2
    endloop
  endfacet
  facet normal 0 0 1
    outer loop
      vertex 8.1391 12.181 2
      vertex 6.17707 9.55863 2
      vertex 6.29377 9.2561 2
    endloop
  endfacet
  facet normal 0 0 1
    outer loop
      vertex 8.1391 12.181 2
      vertex 6.04567 9.85506 2
      vertex 6.17707 9.55863 2
    endloop
  endfacet
  facet normal 0 0 1
    outer loop
      vertex 8.1391 12.181 2
      vertex 6.04408 9.85864 2
      vertex 6.04567 9.85506 2
    endloop
  endfacet
  facet normal 0 0 1
    outer loop
      vertex 8.1391 12.181 2
      vertex 6.04233 9.86213 2
      vertex 6.04408 9.85864 2
    endloop
  endfacet
  facet normal 0 0 1
    outer loop
      vertex 8.1391 12.181 2
      vertex 5.89654 10.1518 2
      vertex 6.04233 9.86213 2
    endloop
  endfacet
  facet normal 0 0 1
    outer loop
      vertex 8.1391 12.181 2
      vertex 5.73671 10.4339 2
      vertex 5.89654 10.1518 2
    endloop
  endfacet
  facet normal 0 0 1
    outer loop
      vertex 7.5316 12.5657 2
      vertex 5.73479 10.4373 2
      vertex 5.73671 10.4339 2
    endloop
  endfacet
  facet normal 0 0 1
    outer loop
      vertex 4.72773 11.7277 2
      vertex 6.26368 13.2434 2
      vertex 5.60631 13.5348 2
    endloop
  endfacet
  facet normal 0 0 1
    outer loop
      vertex 7.5316 12.5657 2
      vertex 5.56131 10.7112 2
      vertex 5.73479 10.4373 2
    endloop
  endfacet
  facet normal 0 0 1
    outer loop
      vertex 7.5316 12.5657 2
      vertex 5.55922 10.7146 2
      vertex 5.56131 10.7112 2
    endloop
  endfacet
  facet normal 0 0 1
    outer loop
      vertex 7.5316 12.5657 2
      vertex 5.55696 10.7177 2
      vertex 5.55922 10.7146 2
    endloop
  endfacet
  facet normal 0 0 1
    outer loop
      vertex 6.90596 12.9201 2
      vertex 5.37026 10.9829 2
      vertex 5.55696 10.7177 2
    endloop
  endfacet
  facet normal 0 0 1
    outer loop
      vertex 6.90596 12.9201 2
      vertex 5.17077 11.2385 2
      vertex 5.37026 10.9829 2
    endloop
  endfacet
  facet normal 0 0 1
    outer loop
      vertex 6.90596 12.9201 2
      vertex 5.16836 11.2416 2
      vertex 5.17077 11.2385 2
    endloop
  endfacet
  facet normal 0 0 1
    outer loop
      vertex 6.90596 12.9201 2
      vertex 5.1658 11.2445 2
      vertex 5.16836 11.2416 2
    endloop
  endfacet
  facet normal 0 0 1
    outer loop
      vertex 6.26368 13.2434 2
      vertex 4.95401 11.4901 2
      vertex 5.1658 11.2445 2
    endloop
  endfacet
  facet normal 0 0 1
    outer loop
      vertex 6.26368 13.2434 2
      vertex 4.95131 11.4929 2
      vertex 4.95401 11.4901 2
    endloop
  endfacet
  facet normal 0 0 1
    outer loop
      vertex 4.24452 12.1658 2
      vertex 5.60631 13.5348 2
      vertex 4.93544 13.7936 2
    endloop
  endfacet
  facet normal 0 0 1
    outer loop
      vertex 6.26368 13.2434 2
      vertex 4.72773 11.7277 2
      vertex 4.95131 11.4929 2
    endloop
  endfacet
  facet normal 0 0 1
    outer loop
      vertex 5.60631 13.5348 2
      vertex 4.49289 11.9513 2
      vertex 4.72773 11.7277 2
    endloop
  endfacet
  facet normal 0 0 1
    outer loop
      vertex 5.60631 13.5348 2
      vertex 4.49005 11.954 2
      vertex 4.49289 11.9513 2
    endloop
  endfacet
  facet normal 0 0 1
    outer loop
      vertex 3.98285 12.3703 2
      vertex 4.93544 13.7936 2
      vertex 4.25267 14.0192 2
    endloop
  endfacet
  facet normal 0 0 1
    outer loop
      vertex 5.60631 13.5348 2
      vertex 4.24452 12.1658 2
      vertex 4.49005 11.954 2
    endloop
  endfacet
  facet normal 0 0 1
    outer loop
      vertex 4.93544 13.7936 2
      vertex 4.24156 12.1684 2
      vertex 4.24452 12.1658 2
    endloop
  endfacet
  facet normal 0 0 1
    outer loop
      vertex 4.93544 13.7936 2
      vertex 4.23848 12.1708 2
      vertex 4.24156 12.1684 2
    endloop
  endfacet
  facet normal 0 0 1
    outer loop
      vertex 4.93544 13.7936 2
      vertex 3.98285 12.3703 2
      vertex 4.23848 12.1708 2
    endloop
  endfacet
  facet normal 0 0 1
    outer loop
      vertex 4.25267 14.0192 2
      vertex 3.71775 12.557 2
      vertex 3.98285 12.3703 2
    endloop
  endfacet
  facet normal 0 0 1
    outer loop
      vertex 4.25267 14.0192 2
      vertex 3.71455 12.5592 2
      vertex 3.71775 12.557 2
    endloop
  endfacet
  facet normal 0 0 1
    outer loop
      vertex 4.25267 14.0192 2
      vertex 3.71124 12.5613 2
      vertex 3.71455 12.5592 2
    endloop
  endfacet
  facet normal 0 0 1
    outer loop
      vertex 3.43389 12.7367 2
      vertex 4.25267 14.0192 2
      vertex 3.55966 14.211 2
    endloop
  endfacet
  facet normal 0 0 1
    outer loop
      vertex 4.25267 14.0192 2
      vertex 3.4373 12.7348 2
      vertex 3.71124 12.5613 2
    endloop
  endfacet
  facet normal 0 0 1
    outer loop
      vertex 4.25267 14.0192 2
      vertex 3.43389 12.7367 2
      vertex 3.4373 12.7348 2
    endloop
  endfacet
  facet normal 0 0 1
    outer loop
      vertex 3.55966 14.211 2
      vertex 3.15176 12.8965 2
      vertex 3.43389 12.7367 2
    endloop
  endfacet
  facet normal 0 0 1
    outer loop
      vertex 3.55966 14.211 2
      vertex 2.86213 13.0423 2
      vertex 3.15176 12.8965 2
    endloop
  endfacet
  facet normal 0 0 1
    outer loop
      vertex 3.55966 14.211 2
      vertex 2.85864 13.0441 2
      vertex 2.86213 13.0423 2
    endloop
  endfacet
  facet normal 0 0 1
    outer loop
      vertex 2.85506 13.0457 2
      vertex 3.55966 14.211 2
      vertex 2.85807 14.3685 2
    endloop
  endfacet
  facet normal 0 0 1
    outer loop
      vertex 3.55966 14.211 2
      vertex 2.85506 13.0457 2
      vertex 2.85864 13.0441 2
    endloop
  endfacet
  facet normal 0 0 1
    outer loop
      vertex 2.85807 14.3685 2
      vertex 2.55863 13.1771 2
      vertex 2.85506 13.0457 2
    endloop
  endfacet
  facet normal 0 0 1
    outer loop
      vertex 2.85807 14.3685 2
      vertex 2.2561 13.2938 2
      vertex 2.55863 13.1771 2
    endloop
  endfacet
  facet normal 0 0 1
    outer loop
      vertex 2.85807 14.3685 2
      vertex 2.25245 13.2952 2
      vertex 2.2561 13.2938 2
    endloop
  endfacet
  facet normal 0 0 1
    outer loop
      vertex 2.1496 14.4914 2
      vertex 2.25245 13.2952 2
      vertex 2.85807 14.3685 2
    endloop
  endfacet
  facet normal 0 0 1
    outer loop
      vertex 2.1496 14.4914 2
      vertex 1.94456 13.3969 2
      vertex 2.25245 13.2952 2
    endloop
  endfacet
  facet normal 0 0 1
    outer loop
      vertex 2.1496 14.4914 2
      vertex 1.94085 13.3981 2
      vertex 1.94456 13.3969 2
    endloop
  endfacet
  facet normal 0 0 1
    outer loop
      vertex 2.1496 14.4914 2
      vertex 1.93708 13.3992 2
      vertex 1.94085 13.3981 2
    endloop
  endfacet
  facet normal 0 0 1
    outer loop
      vertex 2.1496 14.4914 2
      vertex 1.62457 13.4856 2
      vertex 1.93708 13.3992 2
    endloop
  endfacet
  facet normal 0 0 1
    outer loop
      vertex 2.1496 14.4914 2
      vertex 1.62075 13.4865 2
      vertex 1.62457 13.4856 2
    endloop
  endfacet
  facet normal 0 0 1
    outer loop
      vertex 1.43595 14.5795 2
      vertex 1.62075 13.4865 2
      vertex 2.1496 14.4914 2
    endloop
  endfacet
  facet normal 0 0 1
    outer loop
      vertex 1.43595 14.5795 2
      vertex 1.30438 13.5575 2
      vertex 1.62075 13.4865 2
    endloop
  endfacet
  facet normal 0 0 1
    outer loop
      vertex 1.43595 14.5795 2
      vertex 0.984896 13.613 2
      vertex 1.30438 13.5575 2
    endloop
  endfacet
  facet normal 0 0 1
    outer loop
      vertex 1.43595 14.5795 2
      vertex 0.981041 13.6136 2
      vertex 0.984896 13.613 2
    endloop
  endfacet
  facet normal 0 0 1
    outer loop
      vertex 0.718841 14.6324 2
      vertex 0.981041 13.6136 2
      vertex 1.43595 14.5795 2
    endloop
  endfacet
  facet normal 0 0 1
    outer loop
      vertex 0.718841 14.6324 2
      vertex 0.659227 13.6533 2
      vertex 0.981041 13.6136 2
    endloop
  endfacet
  facet normal 0 0 1
    outer loop
      vertex 0.718841 14.6324 2
      vertex 0.655344 13.6538 2
      vertex 0.659227 13.6533 2
    endloop
  endfacet
  facet normal 0 0 1
    outer loop
      vertex 0.718841 14.6324 2
      vertex 0.651441 13.6541 2
      vertex 0.655344 13.6538 2
    endloop
  endfacet
  facet normal 0 0 1
    outer loop
      vertex 0.718841 14.6324 2
      vertex 0.328066 13.678 2
      vertex 0.651441 13.6541 2
    endloop
  endfacet
  facet normal 0 0 1
    outer loop
      vertex 0 14.65 2
      vertex 0.328066 13.678 2
      vertex 0.718841 14.6324 2
    endloop
  endfacet
  facet normal 0 0 1
    outer loop
      vertex 0.328066 13.678 2
      vertex 0 14.65 2
      vertex 0.324155 13.6781 2
    endloop
  endfacet
  facet normal 0 0 1
    outer loop
      vertex 0 14.65 2
      vertex 0 13.686 2
      vertex 0.324155 13.6781 2
    endloop
  endfacet
  facet normal 0 0 1
    outer loop
      vertex 0 14.65 2
      vertex -0.324155 13.6781 2
      vertex 0 13.686 2
    endloop
  endfacet
  facet normal 0 0 1
    outer loop
      vertex 0 14.65 2
      vertex -0.328066 13.678 2
      vertex -0.324155 13.6781 2
    endloop
  endfacet
  facet normal -0 0 1
    outer loop
      vertex -0.718841 14.6324 2
      vertex -0.328066 13.678 2
      vertex 0 14.65 2
    endloop
  endfacet
  facet normal 0 0 1
    outer loop
      vertex -0.328066 13.678 2
      vertex -0.718841 14.6324 2
      vertex -0.651441 13.6541 2
    endloop
  endfacet
  facet normal 0 0 1
    outer loop
      vertex -0.651441 13.6541 2
      vertex -0.718841 14.6324 2
      vertex -0.655344 13.6538 2
    endloop
  endfacet
  facet normal 0 0 1
    outer loop
      vertex -0.655344 13.6538 2
      vertex -0.718841 14.6324 2
      vertex -0.659227 13.6533 2
    endloop
  endfacet
  facet normal 0 0 1
    outer loop
      vertex -0.718841 14.6324 2
      vertex -0.981041 13.6136 2
      vertex -0.659227 13.6533 2
    endloop
  endfacet
  facet normal -0 0 1
    outer loop
      vertex -1.43595 14.5795 2
      vertex -0.981041 13.6136 2
      vertex -0.718841 14.6324 2
    endloop
  endfacet
  facet normal 0 0 1
    outer loop
      vertex -0.981041 13.6136 2
      vertex -1.43595 14.5795 2
      vertex -0.984896 13.613 2
    endloop
  endfacet
  facet normal 0 0 1
    outer loop
      vertex -0.984896 13.613 2
      vertex -1.43595 14.5795 2
      vertex -1.30438 13.5575 2
    endloop
  endfacet
  facet normal 0 0 1
    outer loop
      vertex -1.43595 14.5795 2
      vertex -1.62075 13.4865 2
      vertex -1.30438 13.5575 2
    endloop
  endfacet
  facet normal -0 0 1
    outer loop
      vertex -2.1496 14.4914 2
      vertex -1.62075 13.4865 2
      vertex -1.43595 14.5795 2
    endloop
  endfacet
  facet normal 0 0 1
    outer loop
      vertex -1.62075 13.4865 2
      vertex -2.1496 14.4914 2
      vertex -1.62457 13.4856 2
    endloop
  endfacet
  facet normal 0 0 1
    outer loop
      vertex -1.62457 13.4856 2
      vertex -2.1496 14.4914 2
      vertex -1.93708 13.3992 2
    endloop
  endfacet
  facet normal 0 0 1
    outer loop
      vertex -1.93708 13.3992 2
      vertex -2.1496 14.4914 2
      vertex -1.94085 13.3981 2
    endloop
  endfacet
  facet normal 0 0 1
    outer loop
      vertex -1.94085 13.3981 2
      vertex -2.1496 14.4914 2
      vertex -1.94456 13.3969 2
    endloop
  endfacet
  facet normal 0 0 1
    outer loop
      vertex -2.1496 14.4914 2
      vertex -2.25245 13.2952 2
      vertex -1.94456 13.3969 2
    endloop
  endfacet
  facet normal -0 0 1
    outer loop
      vertex -2.85807 14.3685 2
      vertex -2.25245 13.2952 2
      vertex -2.1496 14.4914 2
    endloop
  endfacet
  facet normal 0 0 1
    outer loop
      vertex -2.25245 13.2952 2
      vertex -2.85807 14.3685 2
      vertex -2.2561 13.2938 2
    endloop
  endfacet
  facet normal 0 0 1
    outer loop
      vertex -2.2561 13.2938 2
      vertex -2.85807 14.3685 2
      vertex -2.55863 13.1771 2
    endloop
  endfacet
  facet normal 0 0 1
    outer loop
      vertex -2.55863 13.1771 2
      vertex -2.85807 14.3685 2
      vertex -2.85506 13.0457 2
    endloop
  endfacet
  facet normal -0 0 1
    outer loop
      vertex -3.55966 14.211 2
      vertex -2.85506 13.0457 2
      vertex -2.85807 14.3685 2
    endloop
  endfacet
  facet normal 0 0 1
    outer loop
      vertex -2.85506 13.0457 2
      vertex -3.55966 14.211 2
      vertex -2.85864 13.0441 2
    endloop
  endfacet
  facet normal 0 0 1
    outer loop
      vertex -2.85864 13.0441 2
      vertex -3.55966 14.211 2
      vertex -2.86213 13.0423 2
    endloop
  endfacet
  facet normal 0 0 1
    outer loop
      vertex -2.86213 13.0423 2
      vertex -3.55966 14.211 2
      vertex -3.15176 12.8965 2
    endloop
  endfacet
  facet normal 0 0 1
    outer loop
      vertex -3.15176 12.8965 2
      vertex -3.55966 14.211 2
      vertex -3.43389 12.7367 2
    endloop
  endfacet
  facet normal -0 0 1
    outer loop
      vertex -4.25267 14.0192 2
      vertex -3.43389 12.7367 2
      vertex -3.55966 14.211 2
    endloop
  endfacet
  facet normal 0 0 1
    outer loop
      vertex -3.43389 12.7367 2
      vertex -4.25267 14.0192 2
      vertex -3.4373 12.7348 2
    endloop
  endfacet
  facet normal 0 0 1
    outer loop
      vertex -3.4373 12.7348 2
      vertex -4.25267 14.0192 2
      vertex -3.71124 12.5613 2
    endloop
  endfacet
  facet normal 0 0 1
    outer loop
      vertex -3.71124 12.5613 2
      vertex -4.25267 14.0192 2
      vertex -3.71455 12.5592 2
    endloop
  endfacet
  facet normal 0 0 1
    outer loop
      vertex -3.71455 12.5592 2
      vertex -4.25267 14.0192 2
      vertex -3.71775 12.557 2
    endloop
  endfacet
  facet normal 0 0 1
    outer loop
      vertex -3.71775 12.557 2
      vertex -4.25267 14.0192 2
      vertex -3.98285 12.3703 2
    endloop
  endfacet
  facet normal -0 0 1
    outer loop
      vertex -4.93544 13.7936 2
      vertex -3.98285 12.3703 2
      vertex -4.25267 14.0192 2
    endloop
  endfacet
  facet normal 0 0 1
    outer loop
      vertex -3.98285 12.3703 2
      vertex -4.93544 13.7936 2
      vertex -4.23848 12.1708 2
    endloop
  endfacet
  facet normal 0 0 1
    outer loop
      vertex -4.23848 12.1708 2
      vertex -4.93544 13.7936 2
      vertex -4.24156 12.1684 2
    endloop
  endfacet
  facet normal 0 0 1
    outer loop
      vertex -4.24156 12.1684 2
      vertex -4.93544 13.7936 2
      vertex -4.24452 12.1658 2
    endloop
  endfacet
  facet normal -0 0 1
    outer loop
      vertex -5.60631 13.5348 2
      vertex -4.24452 12.1658 2
      vertex -4.93544 13.7936 2
    endloop
  endfacet
  facet normal 0 0 1
    outer loop
      vertex -4.24452 12.1658 2
      vertex -5.60631 13.5348 2
      vertex -4.49005 11.954 2
    endloop
  endfacet
  facet normal 0 0 1
    outer loop
      vertex -4.49005 11.954 2
      vertex -5.60631 13.5348 2
      vertex -4.49289 11.9513 2
    endloop
  endfacet
  facet normal 0 0 1
    outer loop
      vertex -4.49289 11.9513 2
      vertex -5.60631 13.5348 2
      vertex -4.72773 11.7277 2
    endloop
  endfacet
  facet normal -0 0 1
    outer loop
      vertex -6.26368 13.2434 2
      vertex -4.72773 11.7277 2
      vertex -5.60631 13.5348 2
    endloop
  endfacet
  facet normal 0 0 1
    outer loop
      vertex -4.72773 11.7277 2
      vertex -6.26368 13.2434 2
      vertex -4.95131 11.4929 2
    endloop
  endfacet
  facet normal 0 0 1
    outer loop
      vertex -4.95131 11.4929 2
      vertex -6.26368 13.2434 2
      vertex -4.95401 11.4901 2
    endloop
  endfacet
  facet normal 0 0 1
    outer loop
      vertex -4.95401 11.4901 2
      vertex -6.26368 13.2434 2
      vertex -5.1658 11.2445 2
    endloop
  endfacet
  facet normal -0 0 1
    outer loop
      vertex -6.90596 12.9201 2
      vertex -5.1658 11.2445 2
      vertex -6.26368 13.2434 2
    endloop
  endfacet
  facet normal 0 0 1
    outer loop
      vertex -5.1658 11.2445 2
      vertex -6.90596 12.9201 2
      vertex -5.16836 11.2416 2
    endloop
  endfacet
  facet normal 0 0 1
    outer loop
      vertex -5.16836 11.2416 2
      vertex -6.90596 12.9201 2
      vertex -5.17077 11.2385 2
    endloop
  endfacet
  facet normal 0 0 1
    outer loop
      vertex -5.17077 11.2385 2
      vertex -6.90596 12.9201 2
      vertex -5.37026 10.9829 2
    endloop
  endfacet
  facet normal 0 0 1
    outer loop
      vertex -5.37026 10.9829 2
      vertex -6.90596 12.9201 2
      vertex -5.55696 10.7177 2
    endloop
  endfacet
  facet normal 0 0 1
    outer loop
      vertex -5.55696 10.7177 2
      vertex -6.90596 12.9201 2
      vertex -5.55922 10.7146 2
    endloop
  endfacet
  facet normal 0 0 1
    outer loop
      vertex -5.55922 10.7146 2
      vertex -6.90596 12.9201 2
      vertex -5.56131 10.7112 2
    endloop
  endfacet
  facet normal 0 0 1
    outer loop
      vertex -5.56131 10.7112 2
      vertex -6.90596 12.9201 2
      vertex -5.73479 10.4373 2
    endloop
  endfacet
  facet normal 0 0 1
    outer loop
      vertex -5.73479 10.4373 2
      vertex -6.90596 12.9201 2
      vertex -5.73671 10.4339 2
    endloop
  endfacet
  facet normal 0 0 1
    outer loop
      vertex -5.73671 10.4339 2
      vertex -6.90596 12.9201 2
      vertex -5.89654 10.1518 2
    endloop
  endfacet
  facet normal 0 0 1
    outer loop
      vertex -5.89654 10.1518 2
      vertex -6.90596 12.9201 2
      vertex -6.04233 9.86213 2
    endloop
  endfacet
  facet normal 0 0 1
    outer loop
      vertex -6.04233 9.86213 2
      vertex -6.90596 12.9201 2
      vertex -6.04408 9.85864 2
    endloop
  endfacet
  facet normal 0 0 1
    outer loop
      vertex -6.04408 9.85864 2
      vertex -6.90596 12.9201 2
      vertex -6.04567 9.85506 2
    endloop
  endfacet
  facet normal 0 0 1
    outer loop
      vertex -6.04567 9.85506 2
      vertex -6.90596 12.9201 2
      vertex -6.17707 9.55863 2
    endloop
  endfacet
  facet normal 0 0 1
    outer loop
      vertex -6.17707 9.55863 2
      vertex -6.90596 12.9201 2
      vertex -6.29377 9.2561 2
    endloop
  endfacet
  facet normal 0 0 1
    outer loop
      vertex -6.29377 9.2561 2
      vertex -6.90596 12.9201 2
      vertex -6.29518 9.25245 2
    endloop
  endfacet
  facet normal 0 0 1
    outer loop
      vertex -6.29518 9.25245 2
      vertex -6.90596 12.9201 2
      vertex -6.39689 8.94456 2
    endloop
  endfacet
  facet normal 0 0 1
    outer loop
      vertex -6.39689 8.94456 2
      vertex -6.90596 12.9201 2
      vertex -6.39812 8.94085 2
    endloop
  endfacet
  facet normal 0 0 1
    outer loop
      vertex -6.39812 8.94085 2
      vertex -6.90596 12.9201 2
      vertex -6.39916 8.93708 2
    endloop
  endfacet
  facet normal 0 0 1
    outer loop
      vertex -6.39916 8.93708 2
      vertex -6.90596 12.9201 2
      vertex -6.48564 8.62457 2
    endloop
  endfacet
  facet normal 0 0 1
    outer loop
      vertex -6.48564 8.62457 2
      vertex -6.90596 12.9201 2
      vertex -6.4865 8.62075 2
    endloop
  endfacet
  facet normal 0 0 1
    outer loop
      vertex -6.4865 8.62075 2
      vertex -6.90596 12.9201 2
      vertex -6.55754 8.30438 2
    endloop
  endfacet
  facet normal 0 0 1
    outer loop
      vertex -6.55754 8.30438 2
      vertex -6.90596 12.9201 2
      vertex -6.61298 7.9849 2
    endloop
  endfacet
  facet normal 0 0 1
    outer loop
      vertex -6.61298 7.9849 2
      vertex -6.90596 12.9201 2
      vertex -6.61365 7.98104 2
    endloop
  endfacet
  facet normal 0 0 1
    outer loop
      vertex -6.61365 7.98104 2
      vertex -6.90596 12.9201 2
      vertex -6.65334 7.65923 2
    endloop
  endfacet
  facet normal 0 0 1
    outer loop
      vertex -6.65334 7.65923 2
      vertex -6.90596 12.9201 2
      vertex -6.65382 7.65534 2
    endloop
  endfacet
  facet normal 0 0 1
    outer loop
      vertex -6.65382 7.65534 2
      vertex -6.90596 12.9201 2
      vertex -6.65411 7.65144 2
    endloop
  endfacet
  facet normal 0 0 -1
    outer loop
      vertex -6.67796 7.32807 2
      vertex -6.68601 7 2
      vertex -6.67806 7.32415 2
    endloop
  endfacet
  facet normal 0 0 1
    outer loop
      vertex -6.67796 7.32807 2
      vertex -8.32197 0.29331 2
      vertex -6.68601 7 2
    endloop
  endfacet
  facet normal 0 0 1
    outer loop
      vertex -8.32197 0.29331 2
      vertex -6.67796 7.32807 2
      vertex -6.90596 12.9201 2
    endloop
  endfacet
  facet normal 0 0 1
    outer loop
      vertex -6.65411 7.65144 2
      vertex -6.90596 12.9201 2
      vertex -6.67796 7.32807 2
    endloop
  endfacet
  facet normal -0.631694 0.317971 0.707005
    outer loop
      vertex -12.9201 6.90596 2
      vertex -13.5146 6.39195 1.7
      vertex -13.2434 6.26368 2
    endloop
  endfacet
  facet normal 0.844894 0.534933 0
    outer loop
      vertex 12.823 7.68584 1.7
      vertex 12.4305 8.30577 0.599999
      vertex 12.4305 8.30577 1.7
    endloop
  endfacet
  facet normal 0.844894 0.534933 0
    outer loop
      vertex 12.4305 8.30577 0.599999
      vertex 12.823 7.68584 1.7
      vertex 12.823 7.68584 0.599999
    endloop
  endfacet
  facet normal 0.188559 -0.681563 -0.707048
    outer loop
      vertex 3.63255 -14.502 0.599999
      vertex 3.48676 -13.9199 0
      vertex 4.16558 -13.7321 0
    endloop
  endfacet
  facet normal -0.4876 -0.512231 -0.707012
    outer loop
      vertex -10.0398 -11.0772 0.599999
      vertex -10.147 -10.147 0
      vertex -9.63687 -10.6326 0
    endloop
  endfacet
  facet normal 0.0173479 -0.706987 -0.707014
    outer loop
      vertex 0.733562 -14.932 0.599999
      vertex 0 -14.95 0.599999
      vertex 0.704121 -14.3327 0
    endloop
  endfacet
  facet normal 0.0865496 0.7019 -0.706997
    outer loop
      vertex 2.10558 14.1947 0
      vertex 1.46536 14.878 0.599999
      vertex 2.19362 14.7882 0.599999
    endloop
  endfacet
  facet normal 0.0866556 -0.70195 0.706935
    outer loop
      vertex 2.1496 -14.4914 2
      vertex 1.43595 -14.5795 2
      vertex 1.46536 -14.878 1.7
    endloop
  endfacet
  facet normal -0.154916 -0.690078 0.706961
    outer loop
      vertex -2.85807 -14.3685 2
      vertex -3.55966 -14.211 2
      vertex -2.9166 -14.6627 1.7
    endloop
  endfacet
  facet normal -0.681577 0.188607 0.707022
    outer loop
      vertex -14.3063 4.33976 1.7
      vertex -14.502 3.63255 1.7
      vertex -14.0192 4.25267 2
    endloop
  endfacet
  facet normal -0.254539 -0.659834 -0.706986
    outer loop
      vertex -4.83437 -13.5112 0
      vertex -5.72112 -13.812 0.599999
      vertex -5.49151 -13.2577 0
    endloop
  endfacet
  facet normal -0.512231 0.4876 -0.707012
    outer loop
      vertex -10.6326 9.63687 0
      vertex -11.0772 10.0398 0.599999
      vertex -10.147 10.147 0
    endloop
  endfacet
  facet normal -0.646523 0.286624 -0.707004
    outer loop
      vertex -12.9722 6.13542 0
      vertex -13.812 5.72112 0.599999
      vertex -13.5146 6.39195 0.599999
    endloop
  endfacet
  facet normal 0.348603 0.615342 0.706987
    outer loop
      vertex 7.68584 12.823 1.7
      vertex 7.04738 13.1847 1.7
      vertex 7.5316 12.5657 2
    endloop
  endfacet
  facet normal -0.992483 0.122381 0
    outer loop
      vertex -14.878 1.46536 0.599999
      vertex -14.7882 2.19362 1.7
      vertex -14.7882 2.19362 0.599999
    endloop
  endfacet
  facet normal -0.992483 0.122381 0
    outer loop
      vertex -14.7882 2.19362 1.7
      vertex -14.878 1.46536 0.599999
      vertex -14.878 1.46536 1.7
    endloop
  endfacet
  facet normal -0.701843 0.0865426 0.707055
    outer loop
      vertex -14.7882 2.19362 1.7
      vertex -14.878 1.46536 1.7
      vertex -14.4914 2.1496 2
    endloop
  endfacet
  facet normal 0.378318 0.597531 0.706988
    outer loop
      vertex 7.68584 12.823 1.7
      vertex 7.5316 12.5657 2
      vertex 8.30577 12.4305 1.7
    endloop
  endfacet
  facet normal 0.615324 0.348556 0.707025
    outer loop
      vertex 13.1847 7.04738 1.7
      vertex 12.5657 7.5316 2
      vertex 12.9201 6.90596 2
    endloop
  endfacet
  facet normal -0.313716 -0.949517 0
    outer loop
      vertex -5.0365 -14.0761 0.599999
      vertex -4.33976 -14.3063 1.7
      vertex -5.0365 -14.0761 1.7
    endloop
  endfacet
  facet normal -0.313716 -0.949517 -0
    outer loop
      vertex -4.33976 -14.3063 1.7
      vertex -5.0365 -14.0761 0.599999
      vertex -4.33976 -14.3063 0.599999
    endloop
  endfacet
  facet normal -0.120884 -0.696847 0.706959
    outer loop
      vertex -2.85807 -14.3685 2
      vertex -2.9166 -14.6627 1.7
      vertex -2.1496 -14.4914 2
    endloop
  endfacet
  facet normal -0.120884 0.696847 0.706959
    outer loop
      vertex -2.1496 14.4914 2
      vertex -2.9166 14.6627 1.7
      vertex -2.85807 14.3685 2
    endloop
  endfacet
  facet normal -0.534933 -0.844894 0
    outer loop
      vertex -8.30577 -12.4305 0.599999
      vertex -7.68584 -12.823 1.7
      vertex -8.30577 -12.4305 1.7
    endloop
  endfacet
  facet normal -0.534933 -0.844894 -0
    outer loop
      vertex -7.68584 -12.823 1.7
      vertex -8.30577 -12.4305 0.599999
      vertex -7.68584 -12.823 0.599999
    endloop
  endfacet
  facet normal 0.597531 0.378318 0.706988
    outer loop
      vertex 12.823 7.68584 1.7
      vertex 12.4305 8.30577 1.7
      vertex 12.5657 7.5316 2
    endloop
  endfacet
  facet normal 0.707001 -0.0173101 0.707001
    outer loop
      vertex 14.65 0 2
      vertex 14.6324 -0.718841 2
      vertex 14.95 0 1.7
    endloop
  endfacet
  facet normal -0.557478 -0.435108 -0.707036
    outer loop
      vertex -11.5565 -9.48418 0.599999
      vertex -12.008 -8.9057 0.599999
      vertex -11.526 -8.54828 0
    endloop
  endfacet
  facet normal -0.615324 -0.348556 0.707025
    outer loop
      vertex -12.9201 -6.90596 2
      vertex -13.1847 -7.04738 1.7
      vertex -12.5657 -7.5316 2
    endloop
  endfacet
  facet normal 0.681602 -0.188643 0.706988
    outer loop
      vertex 14.211 -3.55966 2
      vertex 14.0192 -4.25267 2
      vertex 14.502 -3.63255 1.7
    endloop
  endfacet
  facet normal -0.646489 -0.286609 0.707041
    outer loop
      vertex -13.5348 -5.60631 2
      vertex -13.812 -5.72112 1.7
      vertex -13.5146 -6.39195 1.7
    endloop
  endfacet
  facet normal -0.724203 -0.689587 0
    outer loop
      vertex -10.5712 -10.5712 0.599999
      vertex -11.0772 -10.0398 1.7
      vertex -11.0772 -10.0398 0.599999
    endloop
  endfacet
  facet normal -0.724203 -0.689587 0
    outer loop
      vertex -11.0772 -10.0398 1.7
      vertex -10.5712 -10.5712 0.599999
      vertex -10.5712 -10.5712 1.7
    endloop
  endfacet
  facet normal -0.512162 0.487681 0.707006
    outer loop
      vertex -10.5712 10.5712 1.7
      vertex -11.0772 10.0398 1.7
      vertex -10.8549 9.83834 2
    endloop
  endfacet
  facet normal -0.615274 -0.788314 0
    outer loop
      vertex -9.48418 -11.5565 0.599999
      vertex -8.9057 -12.008 1.7
      vertex -9.48418 -11.5565 1.7
    endloop
  endfacet
  facet normal -0.615274 -0.788314 -0
    outer loop
      vertex -8.9057 -12.008 1.7
      vertex -9.48418 -11.5565 0.599999
      vertex -8.9057 -12.008 0.599999
    endloop
  endfacet
  facet normal 0.512204 -0.487721 -0.706948
    outer loop
      vertex 10.5712 -10.5712 0.599999
      vertex 10.147 -10.147 0
      vertex 11.0772 -10.0398 0.599999
    endloop
  endfacet
  facet normal -0.535476 -0.461951 -0.707012
    outer loop
      vertex -11.0772 -10.0398 0.599999
      vertex -11.0927 -9.10354 0
      vertex -10.6326 -9.63687 0
    endloop
  endfacet
  facet normal -0.0173494 -0.707046 0.706955
    outer loop
      vertex -0.718841 -14.6324 2
      vertex -0.733562 -14.932 1.7
      vertex 0 -14.95 1.7
    endloop
  endfacet
  facet normal -0.0245304 -0.999699 0
    outer loop
      vertex -0.733562 -14.932 0.599999
      vertex 0 -14.95 1.7
      vertex -0.733562 -14.932 1.7
    endloop
  endfacet
  facet normal -0.0245304 -0.999699 -0
    outer loop
      vertex 0 -14.95 1.7
      vertex -0.733562 -14.932 0.599999
      vertex 0 -14.95 0.599999
    endloop
  endfacet
  facet normal 0.705284 -0.0520105 -0.707014
    outer loop
      vertex 14.932 -0.733562 0.599999
      vertex 14.2809 -1.40655 0
      vertex 14.3327 -0.704121 0
    endloop
  endfacet
  facet normal 0.535476 -0.461951 -0.707012
    outer loop
      vertex 11.0772 -10.0398 0.599999
      vertex 10.6326 -9.63687 0
      vertex 11.0927 -9.10354 0
    endloop
  endfacet
  facet normal 0.0245304 -0.999699 0
    outer loop
      vertex 0 -14.95 0.599999
      vertex 0.733562 -14.932 1.7
      vertex 0 -14.95 1.7
    endloop
  endfacet
  facet normal 0.0245304 -0.999699 0
    outer loop
      vertex 0.733562 -14.932 1.7
      vertex 0 -14.95 0.599999
      vertex 0.733562 -14.932 0.599999
    endloop
  endfacet
  facet normal -0.348619 0.615335 -0.706985
    outer loop
      vertex -7.37737 12.3084 0
      vertex -7.68584 12.823 0.599999
      vertex -6.76454 12.6556 0
    endloop
  endfacet
  facet normal 0.219008 -0.975723 0
    outer loop
      vertex 2.9166 -14.6627 0.599999
      vertex 3.63255 -14.502 1.7
      vertex 2.9166 -14.6627 1.7
    endloop
  endfacet
  facet normal 0.219008 -0.975723 0
    outer loop
      vertex 3.63255 -14.502 1.7
      vertex 2.9166 -14.6627 0.599999
      vertex 3.63255 -14.502 0.599999
    endloop
  endfacet
  facet normal 0.188607 -0.681577 0.707022
    outer loop
      vertex 4.25267 -14.0192 2
      vertex 3.63255 -14.502 1.7
      vertex 4.33976 -14.3063 1.7
    endloop
  endfacet
  facet normal 0.122381 -0.992483 0
    outer loop
      vertex 1.46536 -14.878 0.599999
      vertex 2.19362 -14.7882 1.7
      vertex 1.46536 -14.878 1.7
    endloop
  endfacet
  facet normal 0.122381 -0.992483 0
    outer loop
      vertex 2.19362 -14.7882 1.7
      vertex 1.46536 -14.878 0.599999
      vertex 2.19362 -14.7882 0.599999
    endloop
  endfacet
  facet normal 0.120899 -0.696845 -0.706959
    outer loop
      vertex 2.9166 -14.6627 0.599999
      vertex 2.10558 -14.1947 0
      vertex 2.79955 -14.0743 0
    endloop
  endfacet
  facet normal -0.171029 0.985266 0
    outer loop
      vertex -2.19362 14.7882 0.599999
      vertex -2.9166 14.6627 1.7
      vertex -2.19362 14.7882 1.7
    endloop
  endfacet
  facet normal -0.171029 0.985266 0
    outer loop
      vertex -2.9166 14.6627 1.7
      vertex -2.19362 14.7882 0.599999
      vertex -2.9166 14.6627 0.599999
    endloop
  endfacet
  facet normal 0.671545 0.22181 -0.706985
    outer loop
      vertex 13.7321 4.16558 0
      vertex 13.5112 4.83437 0
      vertex 14.0761 5.0365 0.599999
    endloop
  endfacet
  facet normal -0.557478 0.435108 -0.707036
    outer loop
      vertex -11.526 8.54828 0
      vertex -12.008 8.9057 0.599999
      vertex -11.5565 9.48418 0.599999
    endloop
  endfacet
  facet normal -0.171029 -0.985266 0
    outer loop
      vertex -2.9166 -14.6627 0.599999
      vertex -2.19362 -14.7882 1.7
      vertex -2.9166 -14.6627 1.7
    endloop
  endfacet
  facet normal -0.171029 -0.985266 -0
    outer loop
      vertex -2.19362 -14.7882 1.7
      vertex -2.9166 -14.6627 0.599999
      vertex -2.19362 -14.7882 0.599999
    endloop
  endfacet
  facet normal -0.120955 -0.696796 -0.706997
    outer loop
      vertex -2.19362 -14.7882 0.599999
      vertex -2.9166 -14.6627 0.599999
      vertex -2.10558 -14.1947 0
    endloop
  endfacet
  facet normal -0.557544 -0.435082 -0.706999
    outer loop
      vertex -11.0927 -9.10354 0
      vertex -11.5565 -9.48418 0.599999
      vertex -11.526 -8.54828 0
    endloop
  endfacet
  facet normal -0.5355 -0.461943 -0.706999
    outer loop
      vertex -11.0772 -10.0398 0.599999
      vertex -11.5565 -9.48418 0.599999
      vertex -11.0927 -9.10354 0
    endloop
  endfacet
  facet normal -0.615342 -0.348603 0.706987
    outer loop
      vertex -12.5657 -7.5316 2
      vertex -13.1847 -7.04738 1.7
      vertex -12.823 -7.68584 1.7
    endloop
  endfacet
  facet normal -0.286624 0.646523 -0.707004
    outer loop
      vertex -6.13542 12.9722 0
      vertex -6.39195 13.5146 0.599999
      vertex -5.72112 13.812 0.599999
    endloop
  endfacet
  facet normal -0.286661 0.646528 -0.706985
    outer loop
      vertex -5.49151 13.2577 0
      vertex -6.13542 12.9722 0
      vertex -5.72112 13.812 0.599999
    endloop
  endfacet
  facet normal -0.615324 0.348556 0.707025
    outer loop
      vertex -12.5657 7.5316 2
      vertex -13.1847 7.04738 1.7
      vertex -12.9201 6.90596 2
    endloop
  endfacet
  facet normal 0.286624 0.646523 -0.707004
    outer loop
      vertex 6.13542 12.9722 0
      vertex 5.72112 13.812 0.599999
      vertex 6.39195 13.5146 0.599999
    endloop
  endfacet
  facet normal 0.435082 -0.557544 -0.706999
    outer loop
      vertex 9.48418 -11.5565 0.599999
      vertex 8.54828 -11.526 0
      vertex 9.10354 -11.0927 0
    endloop
  endfacet
  facet normal -0.690053 0.155039 -0.706958
    outer loop
      vertex -14.0743 2.79955 0
      vertex -14.6627 2.9166 0.599999
      vertex -13.9199 3.48676 0
    endloop
  endfacet
  facet normal -0.707 0.0173707 -0.707001
    outer loop
      vertex -14.35 0 0
      vertex -14.95 0 0.599999
      vertex -14.3327 0.704121 0
    endloop
  endfacet
  facet normal -0.706987 0.0173479 -0.707014
    outer loop
      vertex -14.3327 0.704121 0
      vertex -14.95 0 0.599999
      vertex -14.932 0.733562 0.599999
    endloop
  endfacet
  facet normal 0.681577 -0.188607 -0.707023
    outer loop
      vertex 14.3063 -4.33976 0.599999
      vertex 13.7321 -4.16558 0
      vertex 14.502 -3.63255 0.599999
    endloop
  endfacet
  facet normal -0.696796 -0.120955 -0.706997
    outer loop
      vertex -14.6627 -2.9166 0.599999
      vertex -14.7882 -2.19362 0.599999
      vertex -14.1947 -2.10558 0
    endloop
  endfacet
  facet normal -0.701843 -0.0865426 0.707055
    outer loop
      vertex -14.4914 -2.1496 2
      vertex -14.878 -1.46536 1.7
      vertex -14.7882 -2.19362 1.7
    endloop
  endfacet
  facet normal -0.975723 -0.219008 0
    outer loop
      vertex -14.502 -3.63255 0.599999
      vertex -14.6627 -2.9166 1.7
      vertex -14.6627 -2.9166 0.599999
    endloop
  endfacet
  facet normal -0.975723 -0.219008 0
    outer loop
      vertex -14.6627 -2.9166 1.7
      vertex -14.502 -3.63255 0.599999
      vertex -14.502 -3.63255 1.7
    endloop
  endfacet
  facet normal 0.4876 0.512231 -0.707012
    outer loop
      vertex 10.147 10.147 0
      vertex 9.63687 10.6326 0
      vertex 10.0398 11.0772 0.599999
    endloop
  endfacet
  facet normal -0.317925 0.631754 -0.706973
    outer loop
      vertex -6.76454 12.6556 0
      vertex -7.04738 13.1847 0.599999
      vertex -6.13542 12.9722 0
    endloop
  endfacet
  facet normal 0.631694 -0.317971 0.707005
    outer loop
      vertex 13.2434 -6.26368 2
      vertex 12.9201 -6.90596 2
      vertex 13.5146 -6.39195 1.7
    endloop
  endfacet
  facet normal -0.7019 -0.0865496 -0.706997
    outer loop
      vertex -14.7882 -2.19362 0.599999
      vertex -14.878 -1.46536 0.599999
      vertex -14.1947 -2.10558 0
    endloop
  endfacet
  facet normal 0.59744 0.37833 0.707059
    outer loop
      vertex 12.4305 8.30577 1.7
      vertex 12.181 8.1391 2
      vertex 12.5657 7.5316 2
    endloop
  endfacet
  facet normal 0.0173101 -0.707001 0.707001
    outer loop
      vertex 0 -14.65 2
      vertex 0 -14.95 1.7
      vertex 0.718841 -14.6324 2
    endloop
  endfacet
  facet normal -0.317948 0.631684 0.707026
    outer loop
      vertex -6.39195 13.5146 1.7
      vertex -7.04738 13.1847 1.7
      vertex -6.90596 12.9201 2
    endloop
  endfacet
  facet normal 0.975723 0.219008 0
    outer loop
      vertex 14.6627 2.9166 1.7
      vertex 14.502 3.63255 0.599999
      vertex 14.502 3.63255 1.7
    endloop
  endfacet
  facet normal 0.975723 0.219008 0
    outer loop
      vertex 14.502 3.63255 0.599999
      vertex 14.6627 2.9166 1.7
      vertex 14.6627 2.9166 0.599999
    endloop
  endfacet
  facet normal 0.696845 0.120899 -0.706959
    outer loop
      vertex 14.1947 2.10558 0
      vertex 14.0743 2.79955 0
      vertex 14.6627 2.9166 0.599999
    endloop
  endfacet
  facet normal 0.997289 0.0735908 0
    outer loop
      vertex 14.932 0.733562 1.7
      vertex 14.878 1.46536 0.599999
      vertex 14.878 1.46536 1.7
    endloop
  endfacet
  facet normal 0.997289 0.0735908 0
    outer loop
      vertex 14.878 1.46536 0.599999
      vertex 14.932 0.733562 1.7
      vertex 14.932 0.733562 0.599999
    endloop
  endfacet
  facet normal 0.701902 0.0865542 -0.706995
    outer loop
      vertex 14.2809 1.40655 0
      vertex 14.1947 2.10558 0
      vertex 14.878 1.46536 0.599999
    endloop
  endfacet
  facet normal 0.7019 0.0865496 -0.706997
    outer loop
      vertex 14.878 1.46536 0.599999
      vertex 14.1947 2.10558 0
      vertex 14.7882 2.19362 0.599999
    endloop
  endfacet
  facet normal -0.348609 0.615353 -0.706974
    outer loop
      vertex -6.76454 12.6556 0
      vertex -7.68584 12.823 0.599999
      vertex -7.04738 13.1847 0.599999
    endloop
  endfacet
  facet normal -0.317958 0.631703 -0.707004
    outer loop
      vertex -6.13542 12.9722 0
      vertex -7.04738 13.1847 0.599999
      vertex -6.39195 13.5146 0.599999
    endloop
  endfacet
  facet normal 0.348603 -0.615342 0.706987
    outer loop
      vertex 7.5316 -12.5657 2
      vertex 7.04738 -13.1847 1.7
      vertex 7.68584 -12.823 1.7
    endloop
  endfacet
  facet normal 0.615342 0.348603 0.706987
    outer loop
      vertex 12.823 7.68584 1.7
      vertex 12.5657 7.5316 2
      vertex 13.1847 7.04738 1.7
    endloop
  endfacet
  facet normal 0.65978 0.254522 0.707042
    outer loop
      vertex 13.812 5.72112 1.7
      vertex 13.5348 5.60631 2
      vertex 13.7936 4.93544 2
    endloop
  endfacet
  facet normal 0.659786 0.25452 0.707038
    outer loop
      vertex 13.812 5.72112 1.7
      vertex 13.7936 4.93544 2
      vertex 14.0761 5.0365 1.7
    endloop
  endfacet
  facet normal 0.435108 -0.557478 0.707035
    outer loop
      vertex 9.48418 -11.5565 1.7
      vertex 8.72699 -11.767 2
      vertex 8.9057 -12.008 1.7
    endloop
  endfacet
  facet normal -0.407242 0.578181 -0.707009
    outer loop
      vertex -7.97243 11.9316 0
      vertex -8.54828 11.526 0
      vertex -8.30577 12.4305 0.599999
    endloop
  endfacet
  facet normal 0.435082 0.557544 -0.706999
    outer loop
      vertex 9.10354 11.0927 0
      vertex 8.54828 11.526 0
      vertex 9.48418 11.5565 0.599999
    endloop
  endfacet
  facet normal -0.286609 0.646489 0.707041
    outer loop
      vertex -5.72112 13.812 1.7
      vertex -6.39195 13.5146 1.7
      vertex -5.60631 13.5348 2
    endloop
  endfacet
  facet normal -0.254522 0.65978 0.707042
    outer loop
      vertex -4.93544 13.7936 2
      vertex -5.72112 13.812 1.7
      vertex -5.60631 13.5348 2
    endloop
  endfacet
  facet normal 0.221866 0.671469 0.707039
    outer loop
      vertex 5.0365 14.0761 1.7
      vertex 4.25267 14.0192 2
      vertex 4.93544 13.7936 2
    endloop
  endfacet
  facet normal 0.25452 0.659786 0.707038
    outer loop
      vertex 5.0365 14.0761 1.7
      vertex 4.93544 13.7936 2
      vertex 5.72112 13.812 1.7
    endloop
  endfacet
  facet normal 0.348619 -0.615335 -0.706985
    outer loop
      vertex 7.68584 -12.823 0.599999
      vertex 6.76454 -12.6556 0
      vertex 7.37737 -12.3084 0
    endloop
  endfacet
  facet normal 0.155039 -0.690053 -0.706958
    outer loop
      vertex 2.9166 -14.6627 0.599999
      vertex 2.79955 -14.0743 0
      vertex 3.48676 -13.9199 0
    endloop
  endfacet
  facet normal -0.597492 -0.37834 -0.707009
    outer loop
      vertex -11.9316 -7.97243 0
      vertex -12.4305 -8.30577 0.599999
      vertex -12.3084 -7.37737 0
    endloop
  endfacet
  facet normal 0.575791 -0.817597 0
    outer loop
      vertex 8.30577 -12.4305 0.599999
      vertex 8.9057 -12.008 1.7
      vertex 8.30577 -12.4305 1.7
    endloop
  endfacet
  facet normal 0.575791 -0.817597 0
    outer loop
      vertex 8.9057 -12.008 1.7
      vertex 8.30577 -12.4305 0.599999
      vertex 8.9057 -12.008 0.599999
    endloop
  endfacet
  facet normal 0.154875 -0.689999 -0.707047
    outer loop
      vertex 3.63255 -14.502 0.599999
      vertex 2.9166 -14.6627 0.599999
      vertex 3.48676 -13.9199 0
    endloop
  endfacet
  facet normal 0.653188 0.757196 -0
    outer loop
      vertex 10.0398 11.0772 0.599999
      vertex 9.48418 11.5565 1.7
      vertex 10.0398 11.0772 1.7
    endloop
  endfacet
  facet normal 0.653188 0.757196 0
    outer loop
      vertex 9.48418 11.5565 1.7
      vertex 10.0398 11.0772 0.599999
      vertex 9.48418 11.5565 0.599999
    endloop
  endfacet
  facet normal 0.615274 0.788314 -0
    outer loop
      vertex 9.48418 11.5565 0.599999
      vertex 8.9057 12.008 1.7
      vertex 9.48418 11.5565 1.7
    endloop
  endfacet
  facet normal 0.615274 0.788314 0
    outer loop
      vertex 8.9057 12.008 1.7
      vertex 9.48418 11.5565 0.599999
      vertex 8.9057 12.008 0.599999
    endloop
  endfacet
  facet normal -0.512231 -0.4876 -0.707012
    outer loop
      vertex -10.147 -10.147 0
      vertex -11.0772 -10.0398 0.599999
      vertex -10.6326 -9.63687 0
    endloop
  endfacet
  facet normal 0.534933 0.844894 -0
    outer loop
      vertex 8.30577 12.4305 0.599999
      vertex 7.68584 12.823 1.7
      vertex 8.30577 12.4305 1.7
    endloop
  endfacet
  facet normal 0.534933 0.844894 0
    outer loop
      vertex 7.68584 12.823 1.7
      vertex 8.30577 12.4305 0.599999
      vertex 7.68584 12.823 0.599999
    endloop
  endfacet
  facet normal 0.461943 -0.5355 -0.706999
    outer loop
      vertex 9.48418 -11.5565 0.599999
      vertex 9.10354 -11.0927 0
      vertex 10.0398 -11.0772 0.599999
    endloop
  endfacet
  facet normal 0.653188 -0.757196 0
    outer loop
      vertex 9.48418 -11.5565 0.599999
      vertex 10.0398 -11.0772 1.7
      vertex 9.48418 -11.5565 1.7
    endloop
  endfacet
  facet normal 0.653188 -0.757196 0
    outer loop
      vertex 10.0398 -11.0772 1.7
      vertex 9.48418 -11.5565 0.599999
      vertex 10.0398 -11.0772 0.599999
    endloop
  endfacet
  facet normal 0.557544 0.435082 -0.706999
    outer loop
      vertex 11.526 8.54828 0
      vertex 11.0927 9.10354 0
      vertex 11.5565 9.48418 0.599999
    endloop
  endfacet
  facet normal -0.535476 0.461951 -0.707012
    outer loop
      vertex -10.6326 9.63687 0
      vertex -11.0927 9.10354 0
      vertex -11.0772 10.0398 0.599999
    endloop
  endfacet
  facet normal 0.512162 -0.487681 0.707006
    outer loop
      vertex 10.8549 -9.83834 2
      vertex 10.5712 -10.5712 1.7
      vertex 11.0772 -10.0398 1.7
    endloop
  endfacet
  facet normal 0.724203 -0.689587 0
    outer loop
      vertex 10.5712 -10.5712 1.7
      vertex 11.0772 -10.0398 0.599999
      vertex 11.0772 -10.0398 1.7
    endloop
  endfacet
  facet normal 0.724203 -0.689587 0
    outer loop
      vertex 11.0772 -10.0398 0.599999
      vertex 10.5712 -10.5712 1.7
      vertex 10.5712 -10.5712 0.599999
    endloop
  endfacet
  facet normal 0.788314 -0.615274 0
    outer loop
      vertex 11.5565 -9.48418 1.7
      vertex 12.008 -8.9057 0.599999
      vertex 12.008 -8.9057 1.7
    endloop
  endfacet
  facet normal 0.788314 -0.615274 0
    outer loop
      vertex 12.008 -8.9057 0.599999
      vertex 11.5565 -9.48418 1.7
      vertex 11.5565 -9.48418 0.599999
    endloop
  endfacet
  facet normal 0.817597 -0.575791 0
    outer loop
      vertex 12.008 -8.9057 1.7
      vertex 12.4305 -8.30577 0.599999
      vertex 12.4305 -8.30577 1.7
    endloop
  endfacet
  facet normal 0.817597 -0.575791 0
    outer loop
      vertex 12.4305 -8.30577 0.599999
      vertex 12.008 -8.9057 1.7
      vertex 12.008 -8.9057 0.599999
    endloop
  endfacet
  facet normal 0.707046 0.0173494 0.706955
    outer loop
      vertex 14.932 0.733562 1.7
      vertex 14.6324 0.718841 2
      vertex 14.95 0 1.7
    endloop
  endfacet
  facet normal -0.70195 0.0866556 0.706935
    outer loop
      vertex -14.4914 2.1496 2
      vertex -14.878 1.46536 1.7
      vertex -14.5795 1.43595 2
    endloop
  endfacet
  facet normal 0.348609 -0.615353 -0.706974
    outer loop
      vertex 7.04738 -13.1847 0.599999
      vertex 6.76454 -12.6556 0
      vertex 7.68584 -12.823 0.599999
    endloop
  endfacet
  facet normal 0.492916 -0.870077 0
    outer loop
      vertex 7.04738 -13.1847 0.599999
      vertex 7.68584 -12.823 1.7
      vertex 7.04738 -13.1847 1.7
    endloop
  endfacet
  facet normal 0.492916 -0.870077 0
    outer loop
      vertex 7.68584 -12.823 1.7
      vertex 7.04738 -13.1847 0.599999
      vertex 7.68584 -12.823 0.599999
    endloop
  endfacet
  facet normal -0.70536 -0.0520491 0.706936
    outer loop
      vertex -14.5795 -1.43595 2
      vertex -14.932 -0.733562 1.7
      vertex -14.878 -1.46536 1.7
    endloop
  endfacet
  facet normal 0.154916 -0.690078 0.706961
    outer loop
      vertex 3.55966 -14.211 2
      vertex 2.85807 -14.3685 2
      vertex 2.9166 -14.6627 1.7
    endloop
  endfacet
  facet normal 0.701902 -0.0865542 -0.706995
    outer loop
      vertex 14.878 -1.46536 0.599999
      vertex 14.1947 -2.10558 0
      vertex 14.2809 -1.40655 0
    endloop
  endfacet
  facet normal 0.681577 -0.188607 0.707022
    outer loop
      vertex 14.502 -3.63255 1.7
      vertex 14.0192 -4.25267 2
      vertex 14.3063 -4.33976 1.7
    endloop
  endfacet
  facet normal 0.96378 -0.266698 0
    outer loop
      vertex 14.3063 -4.33976 1.7
      vertex 14.502 -3.63255 0.599999
      vertex 14.502 -3.63255 1.7
    endloop
  endfacet
  facet normal 0.96378 -0.266698 0
    outer loop
      vertex 14.502 -3.63255 0.599999
      vertex 14.3063 -4.33976 1.7
      vertex 14.3063 -4.33976 0.599999
    endloop
  endfacet
  facet normal 0.69674 -0.120945 0.707054
    outer loop
      vertex 14.7882 -2.19362 1.7
      vertex 14.4914 -2.1496 2
      vertex 14.6627 -2.9166 1.7
    endloop
  endfacet
  facet normal 0.707046 -0.0173494 0.706955
    outer loop
      vertex 14.95 0 1.7
      vertex 14.6324 -0.718841 2
      vertex 14.932 -0.733562 1.7
    endloop
  endfacet
  facet normal -0.378318 -0.597531 0.706988
    outer loop
      vertex -7.5316 -12.5657 2
      vertex -8.30577 -12.4305 1.7
      vertex -7.68584 -12.823 1.7
    endloop
  endfacet
  facet normal -0.221858 -0.671491 0.707022
    outer loop
      vertex -4.25267 -14.0192 2
      vertex -5.0365 -14.0761 1.7
      vertex -4.33976 -14.3063 1.7
    endloop
  endfacet
  facet normal 0.67149 0.221857 -0.707022
    outer loop
      vertex 14.3063 4.33976 0.599999
      vertex 13.7321 4.16558 0
      vertex 14.0761 5.0365 0.599999
    endloop
  endfacet
  facet normal 0.671491 0.221858 0.707022
    outer loop
      vertex 14.0761 5.0365 1.7
      vertex 14.0192 4.25267 2
      vertex 14.3063 4.33976 1.7
    endloop
  endfacet
  facet normal -0.0173101 -0.707001 0.707001
    outer loop
      vertex 0 -14.65 2
      vertex -0.718841 -14.6324 2
      vertex 0 -14.95 1.7
    endloop
  endfacet
  facet normal 0.992483 0.122381 0
    outer loop
      vertex 14.878 1.46536 1.7
      vertex 14.7882 2.19362 0.599999
      vertex 14.7882 2.19362 1.7
    endloop
  endfacet
  facet normal 0.992483 0.122381 0
    outer loop
      vertex 14.7882 2.19362 0.599999
      vertex 14.878 1.46536 1.7
      vertex 14.878 1.46536 0.599999
    endloop
  endfacet
  facet normal -0.286609 -0.646489 0.707041
    outer loop
      vertex -5.60631 -13.5348 2
      vertex -6.39195 -13.5146 1.7
      vertex -5.72112 -13.812 1.7
    endloop
  endfacet
  facet normal 0.461944 0.535489 0.707008
    outer loop
      vertex 10.0398 11.0772 1.7
      vertex 9.29386 11.3246 2
      vertex 9.83834 10.8549 2
    endloop
  endfacet
  facet normal 0.557478 0.435108 0.707035
    outer loop
      vertex 12.008 8.9057 1.7
      vertex 11.5565 9.48418 1.7
      vertex 11.767 8.72699 2
    endloop
  endfacet
  facet normal 0.578185 0.407186 0.707037
    outer loop
      vertex 12.008 8.9057 1.7
      vertex 11.767 8.72699 2
      vertex 12.4305 8.30577 1.7
    endloop
  endfacet
  facet normal -0.671469 -0.221866 0.707039
    outer loop
      vertex -14.0192 -4.25267 2
      vertex -14.0761 -5.0365 1.7
      vertex -13.7936 -4.93544 2
    endloop
  endfacet
  facet normal 0.492916 0.870077 -0
    outer loop
      vertex 7.68584 12.823 0.599999
      vertex 7.04738 13.1847 1.7
      vertex 7.68584 12.823 1.7
    endloop
  endfacet
  facet normal 0.492916 0.870077 0
    outer loop
      vertex 7.04738 13.1847 1.7
      vertex 7.68584 12.823 0.599999
      vertex 7.04738 13.1847 0.599999
    endloop
  endfacet
  facet normal -0.646534 -0.286596 0.707005
    outer loop
      vertex -13.2434 -6.26368 2
      vertex -13.5348 -5.60631 2
      vertex -13.5146 -6.39195 1.7
    endloop
  endfacet
  facet normal -0.69674 0.120945 0.707054
    outer loop
      vertex -14.6627 2.9166 1.7
      vertex -14.7882 2.19362 1.7
      vertex -14.4914 2.1496 2
    endloop
  endfacet
  facet normal 0.512162 0.487681 0.707006
    outer loop
      vertex 11.0772 10.0398 1.7
      vertex 10.5712 10.5712 1.7
      vertex 10.8549 9.83834 2
    endloop
  endfacet
  facet normal 0.757196 0.653188 0
    outer loop
      vertex 11.5565 9.48418 1.7
      vertex 11.0772 10.0398 0.599999
      vertex 11.0772 10.0398 1.7
    endloop
  endfacet
  facet normal 0.757196 0.653188 0
    outer loop
      vertex 11.0772 10.0398 0.599999
      vertex 11.5565 9.48418 1.7
      vertex 11.5565 9.48418 0.599999
    endloop
  endfacet
  facet normal -0.70195 -0.0866556 0.706935
    outer loop
      vertex -14.5795 -1.43595 2
      vertex -14.878 -1.46536 1.7
      vertex -14.4914 -2.1496 2
    endloop
  endfacet
  facet normal 0.512231 0.4876 -0.707012
    outer loop
      vertex 10.6326 9.63687 0
      vertex 10.147 10.147 0
      vertex 11.0772 10.0398 0.599999
    endloop
  endfacet
  facet normal 0.597533 0.37832 -0.706986
    outer loop
      vertex 12.823 7.68584 0.599999
      vertex 12.3084 7.37737 0
      vertex 12.4305 8.30577 0.599999
    endloop
  endfacet
  facet normal 0.914189 -0.405289 0
    outer loop
      vertex 13.5146 -6.39195 1.7
      vertex 13.812 -5.72112 0.599999
      vertex 13.812 -5.72112 1.7
    endloop
  endfacet
  facet normal 0.914189 -0.405289 0
    outer loop
      vertex 13.812 -5.72112 0.599999
      vertex 13.5146 -6.39195 1.7
      vertex 13.5146 -6.39195 0.599999
    endloop
  endfacet
  facet normal -0.96378 0.266698 0
    outer loop
      vertex -14.502 3.63255 0.599999
      vertex -14.3063 4.33976 1.7
      vertex -14.3063 4.33976 0.599999
    endloop
  endfacet
  facet normal -0.96378 0.266698 0
    outer loop
      vertex -14.3063 4.33976 1.7
      vertex -14.502 3.63255 0.599999
      vertex -14.502 3.63255 1.7
    endloop
  endfacet
  facet normal 0.870077 0.492916 0
    outer loop
      vertex 13.1847 7.04738 1.7
      vertex 12.823 7.68584 0.599999
      vertex 12.823 7.68584 1.7
    endloop
  endfacet
  facet normal 0.870077 0.492916 0
    outer loop
      vertex 12.823 7.68584 0.599999
      vertex 13.1847 7.04738 1.7
      vertex 13.1847 7.04738 0.599999
    endloop
  endfacet
  facet normal -0.461951 -0.535476 -0.707012
    outer loop
      vertex -9.10354 -11.0927 0
      vertex -10.0398 -11.0772 0.599999
      vertex -9.63687 -10.6326 0
    endloop
  endfacet
  facet normal -0.597531 0.378318 0.706988
    outer loop
      vertex -12.4305 8.30577 1.7
      vertex -12.823 7.68584 1.7
      vertex -12.5657 7.5316 2
    endloop
  endfacet
  facet normal 0.0173479 0.706987 -0.707014
    outer loop
      vertex 0.704121 14.3327 0
      vertex 0 14.95 0.599999
      vertex 0.733562 14.932 0.599999
    endloop
  endfacet
  facet normal -0.949517 0.313716 0
    outer loop
      vertex -14.3063 4.33976 0.599999
      vertex -14.0761 5.0365 1.7
      vertex -14.0761 5.0365 0.599999
    endloop
  endfacet
  facet normal -0.949517 0.313716 0
    outer loop
      vertex -14.0761 5.0365 1.7
      vertex -14.3063 4.33976 0.599999
      vertex -14.3063 4.33976 1.7
    endloop
  endfacet
  facet normal -0.975723 0.219008 0
    outer loop
      vertex -14.6627 2.9166 0.599999
      vertex -14.502 3.63255 1.7
      vertex -14.502 3.63255 0.599999
    endloop
  endfacet
  facet normal -0.975723 0.219008 0
    outer loop
      vertex -14.502 3.63255 1.7
      vertex -14.6627 2.9166 0.599999
      vertex -14.6627 2.9166 1.7
    endloop
  endfacet
  facet normal -0.70536 0.0520491 0.706936
    outer loop
      vertex -14.878 1.46536 1.7
      vertex -14.932 0.733562 1.7
      vertex -14.5795 1.43595 2
    endloop
  endfacet
  facet normal -0.705301 0.0520448 -0.706995
    outer loop
      vertex -14.2809 1.40655 0
      vertex -14.932 0.733562 0.599999
      vertex -14.878 1.46536 0.599999
    endloop
  endfacet
  facet normal -0.701902 0.0865542 -0.706995
    outer loop
      vertex -14.2809 1.40655 0
      vertex -14.878 1.46536 0.599999
      vertex -14.1947 2.10558 0
    endloop
  endfacet
  facet normal -0.266698 -0.96378 0
    outer loop
      vertex -4.33976 -14.3063 0.599999
      vertex -3.63255 -14.502 1.7
      vertex -4.33976 -14.3063 1.7
    endloop
  endfacet
  facet normal -0.266698 -0.96378 -0
    outer loop
      vertex -3.63255 -14.502 1.7
      vertex -4.33976 -14.3063 0.599999
      vertex -3.63255 -14.502 0.599999
    endloop
  endfacet
  facet normal -0.578179 0.407161 0.707057
    outer loop
      vertex -11.767 8.72699 2
      vertex -12.4305 8.30577 1.7
      vertex -12.181 8.1391 2
    endloop
  endfacet
  facet normal -0.557525 -0.435107 0.706999
    outer loop
      vertex -11.3246 -9.29386 2
      vertex -11.767 -8.72699 2
      vertex -11.5565 -9.48418 1.7
    endloop
  endfacet
  facet normal -0.317925 -0.631754 -0.706973
    outer loop
      vertex -6.13542 -12.9722 0
      vertex -7.04738 -13.1847 0.599999
      vertex -6.76454 -12.6556 0
    endloop
  endfacet
  facet normal -0.317958 -0.631703 -0.707004
    outer loop
      vertex -6.39195 -13.5146 0.599999
      vertex -7.04738 -13.1847 0.599999
      vertex -6.13542 -12.9722 0
    endloop
  endfacet
  facet normal -0.407161 -0.578179 0.707057
    outer loop
      vertex -8.1391 -12.181 2
      vertex -8.72699 -11.767 2
      vertex -8.30577 -12.4305 1.7
    endloop
  endfacet
  facet normal -0.407186 -0.578185 0.707037
    outer loop
      vertex -8.72699 -11.767 2
      vertex -8.9057 -12.008 1.7
      vertex -8.30577 -12.4305 1.7
    endloop
  endfacet
  facet normal -0.631694 -0.317971 0.707005
    outer loop
      vertex -13.2434 -6.26368 2
      vertex -13.5146 -6.39195 1.7
      vertex -12.9201 -6.90596 2
    endloop
  endfacet
  facet normal -0.705284 -0.0520105 -0.707014
    outer loop
      vertex -14.2809 -1.40655 0
      vertex -14.932 -0.733562 0.599999
      vertex -14.3327 -0.704121 0
    endloop
  endfacet
  facet normal -0.707 -0.0173707 -0.707001
    outer loop
      vertex -14.3327 -0.704121 0
      vertex -14.95 0 0.599999
      vertex -14.35 0 0
    endloop
  endfacet
  facet normal -0.461944 -0.535489 0.707008
    outer loop
      vertex -9.83834 -10.8549 2
      vertex -10.0398 -11.0772 1.7
      vertex -9.29386 -11.3246 2
    endloop
  endfacet
  facet normal -0.487681 -0.512162 0.707006
    outer loop
      vertex -9.83834 -10.8549 2
      vertex -10.5712 -10.5712 1.7
      vertex -10.0398 -11.0772 1.7
    endloop
  endfacet
  facet normal 0.37832 -0.597533 -0.706986
    outer loop
      vertex 7.68584 -12.823 0.599999
      vertex 7.37737 -12.3084 0
      vertex 8.30577 -12.4305 0.599999
    endloop
  endfacet
  facet normal 0.461951 -0.535476 -0.707012
    outer loop
      vertex 10.0398 -11.0772 0.599999
      vertex 9.10354 -11.0927 0
      vertex 9.63687 -10.6326 0
    endloop
  endfacet
  facet normal 0.690053 0.155039 -0.706958
    outer loop
      vertex 14.0743 2.79955 0
      vertex 13.9199 3.48676 0
      vertex 14.6627 2.9166 0.599999
    endloop
  endfacet
  facet normal 0.188607 -0.681577 -0.707023
    outer loop
      vertex 4.33976 -14.3063 0.599999
      vertex 3.63255 -14.502 0.599999
      vertex 4.16558 -13.7321 0
    endloop
  endfacet
  facet normal 0.171029 -0.985266 0
    outer loop
      vertex 2.19362 -14.7882 0.599999
      vertex 2.9166 -14.6627 1.7
      vertex 2.19362 -14.7882 1.7
    endloop
  endfacet
  facet normal 0.171029 -0.985266 0
    outer loop
      vertex 2.9166 -14.6627 1.7
      vertex 2.19362 -14.7882 0.599999
      vertex 2.9166 -14.6627 0.599999
    endloop
  endfacet
  facet normal 0.405289 -0.914189 0
    outer loop
      vertex 5.72112 -13.812 0.599999
      vertex 6.39195 -13.5146 1.7
      vertex 5.72112 -13.812 1.7
    endloop
  endfacet
  facet normal 0.405289 -0.914189 0
    outer loop
      vertex 6.39195 -13.5146 1.7
      vertex 5.72112 -13.812 0.599999
      vertex 6.39195 -13.5146 0.599999
    endloop
  endfacet
  facet normal 0.615335 0.348619 -0.706985
    outer loop
      vertex 12.6556 6.76454 0
      vertex 12.3084 7.37737 0
      vertex 12.823 7.68584 0.599999
    endloop
  endfacet
  facet normal 0.578185 -0.407186 -0.707037
    outer loop
      vertex 12.008 -8.9057 0.599999
      vertex 11.526 -8.54828 0
      vertex 12.4305 -8.30577 0.599999
    endloop
  endfacet
  facet normal -0.557525 0.435107 0.706999
    outer loop
      vertex -11.5565 9.48418 1.7
      vertex -11.767 8.72699 2
      vertex -11.3246 9.29386 2
    endloop
  endfacet
  facet normal 0.696847 -0.120884 0.706959
    outer loop
      vertex 14.4914 -2.1496 2
      vertex 14.3685 -2.85807 2
      vertex 14.6627 -2.9166 1.7
    endloop
  endfacet
  facet normal -0.705342 -0.052032 0.706955
    outer loop
      vertex -14.6324 -0.718841 2
      vertex -14.932 -0.733562 1.7
      vertex -14.5795 -1.43595 2
    endloop
  endfacet
  facet normal -0.155039 -0.690053 -0.706958
    outer loop
      vertex -2.9166 -14.6627 0.599999
      vertex -3.48676 -13.9199 0
      vertex -2.79955 -14.0743 0
    endloop
  endfacet
  facet normal -0.0865542 -0.701902 -0.706995
    outer loop
      vertex -1.46536 -14.878 0.599999
      vertex -2.10558 -14.1947 0
      vertex -1.40655 -14.2809 0
    endloop
  endfacet
  facet normal -0.817597 -0.575791 0
    outer loop
      vertex -12.008 -8.9057 0.599999
      vertex -12.4305 -8.30577 1.7
      vertex -12.4305 -8.30577 0.599999
    endloop
  endfacet
  facet normal -0.817597 -0.575791 0
    outer loop
      vertex -12.4305 -8.30577 1.7
      vertex -12.008 -8.9057 0.599999
      vertex -12.008 -8.9057 1.7
    endloop
  endfacet
  facet normal -0.578185 -0.407186 -0.707037
    outer loop
      vertex -12.008 -8.9057 0.599999
      vertex -12.4305 -8.30577 0.599999
      vertex -11.526 -8.54828 0
    endloop
  endfacet
  facet normal -0.844894 -0.534933 0
    outer loop
      vertex -12.4305 -8.30577 0.599999
      vertex -12.823 -7.68584 1.7
      vertex -12.823 -7.68584 0.599999
    endloop
  endfacet
  facet normal -0.844894 -0.534933 0
    outer loop
      vertex -12.823 -7.68584 1.7
      vertex -12.4305 -8.30577 0.599999
      vertex -12.4305 -8.30577 1.7
    endloop
  endfacet
  facet normal -0.646528 -0.286661 -0.706985
    outer loop
      vertex -12.9722 -6.13542 0
      vertex -13.812 -5.72112 0.599999
      vertex -13.2577 -5.49151 0
    endloop
  endfacet
  facet normal -0.631754 -0.317925 -0.706973
    outer loop
      vertex -12.6556 -6.76454 0
      vertex -13.1847 -7.04738 0.599999
      vertex -12.9722 -6.13542 0
    endloop
  endfacet
  facet normal -0.512204 0.487721 -0.706948
    outer loop
      vertex -10.147 10.147 0
      vertex -11.0772 10.0398 0.599999
      vertex -10.5712 10.5712 0.599999
    endloop
  endfacet
  facet normal -0.487681 0.512162 0.707006
    outer loop
      vertex -10.0398 11.0772 1.7
      vertex -10.5712 10.5712 1.7
      vertex -9.83834 10.8549 2
    endloop
  endfacet
  facet normal -0.615353 0.348609 -0.706974
    outer loop
      vertex -12.6556 6.76454 0
      vertex -13.1847 7.04738 0.599999
      vertex -12.823 7.68584 0.599999
    endloop
  endfacet
  facet normal 0.120884 -0.696847 0.706959
    outer loop
      vertex 2.85807 -14.3685 2
      vertex 2.1496 -14.4914 2
      vertex 2.9166 -14.6627 1.7
    endloop
  endfacet
  facet normal 0.681563 0.188559 -0.707048
    outer loop
      vertex 13.9199 3.48676 0
      vertex 13.7321 4.16558 0
      vertex 14.502 3.63255 0.599999
    endloop
  endfacet
  facet normal -0.461944 0.5355 0.706999
    outer loop
      vertex -9.48418 11.5565 1.7
      vertex -10.0398 11.0772 1.7
      vertex -9.29386 11.3246 2
    endloop
  endfacet
  facet normal -0.997289 -0.0735908 0
    outer loop
      vertex -14.878 -1.46536 0.599999
      vertex -14.932 -0.733562 1.7
      vertex -14.932 -0.733562 0.599999
    endloop
  endfacet
  facet normal -0.997289 -0.0735908 0
    outer loop
      vertex -14.932 -0.733562 1.7
      vertex -14.878 -1.46536 0.599999
      vertex -14.878 -1.46536 1.7
    endloop
  endfacet
  facet normal -0.254539 0.659834 -0.706986
    outer loop
      vertex -5.49151 13.2577 0
      vertex -5.72112 13.812 0.599999
      vertex -4.83437 13.5112 0
    endloop
  endfacet
  facet normal 0.317925 0.631754 -0.706973
    outer loop
      vertex 6.76454 12.6556 0
      vertex 6.13542 12.9722 0
      vertex 7.04738 13.1847 0.599999
    endloop
  endfacet
  facet normal -0.689999 -0.154875 -0.707047
    outer loop
      vertex -14.502 -3.63255 0.599999
      vertex -14.6627 -2.9166 0.599999
      vertex -13.9199 -3.48676 0
    endloop
  endfacet
  facet normal -0.681563 -0.188559 -0.707048
    outer loop
      vertex -13.7321 -4.16558 0
      vertex -14.502 -3.63255 0.599999
      vertex -13.9199 -3.48676 0
    endloop
  endfacet
  facet normal -0.696847 -0.120884 0.706959
    outer loop
      vertex -14.4914 -2.1496 2
      vertex -14.6627 -2.9166 1.7
      vertex -14.3685 -2.85807 2
    endloop
  endfacet
  facet normal -0.69674 -0.120945 0.707054
    outer loop
      vertex -14.4914 -2.1496 2
      vertex -14.7882 -2.19362 1.7
      vertex -14.6627 -2.9166 1.7
    endloop
  endfacet
  facet normal 0.0173494 -0.707046 0.706955
    outer loop
      vertex 0.718841 -14.6324 2
      vertex 0 -14.95 1.7
      vertex 0.733562 -14.932 1.7
    endloop
  endfacet
  facet normal 0.052032 -0.705342 0.706955
    outer loop
      vertex 1.43595 -14.5795 2
      vertex 0.718841 -14.6324 2
      vertex 0.733562 -14.932 1.7
    endloop
  endfacet
  facet normal 0.407161 0.578179 0.707057
    outer loop
      vertex 8.30577 12.4305 1.7
      vertex 8.1391 12.181 2
      vertex 8.72699 11.767 2
    endloop
  endfacet
  facet normal 0.985266 0.171029 0
    outer loop
      vertex 14.7882 2.19362 1.7
      vertex 14.6627 2.9166 0.599999
      vertex 14.6627 2.9166 1.7
    endloop
  endfacet
  facet normal 0.985266 0.171029 0
    outer loop
      vertex 14.6627 2.9166 0.599999
      vertex 14.7882 2.19362 1.7
      vertex 14.7882 2.19362 0.599999
    endloop
  endfacet
  facet normal -0.461951 0.535476 -0.707012
    outer loop
      vertex -9.63687 10.6326 0
      vertex -10.0398 11.0772 0.599999
      vertex -9.10354 11.0927 0
    endloop
  endfacet
  facet normal -0.870077 0.492916 0
    outer loop
      vertex -13.1847 7.04738 0.599999
      vertex -12.823 7.68584 1.7
      vertex -12.823 7.68584 0.599999
    endloop
  endfacet
  facet normal -0.870077 0.492916 0
    outer loop
      vertex -12.823 7.68584 1.7
      vertex -13.1847 7.04738 0.599999
      vertex -13.1847 7.04738 1.7
    endloop
  endfacet
  facet normal 0.914189 0.405289 0
    outer loop
      vertex 13.812 5.72112 1.7
      vertex 13.5146 6.39195 0.599999
      vertex 13.5146 6.39195 1.7
    endloop
  endfacet
  facet normal 0.914189 0.405289 0
    outer loop
      vertex 13.5146 6.39195 0.599999
      vertex 13.812 5.72112 1.7
      vertex 13.812 5.72112 0.599999
    endloop
  endfacet
  facet normal 0.5355 0.461943 -0.706999
    outer loop
      vertex 11.0927 9.10354 0
      vertex 11.0772 10.0398 0.599999
      vertex 11.5565 9.48418 0.599999
    endloop
  endfacet
  facet normal 0.317958 0.631703 -0.707004
    outer loop
      vertex 7.04738 13.1847 0.599999
      vertex 6.13542 12.9722 0
      vertex 6.39195 13.5146 0.599999
    endloop
  endfacet
  facet normal 0.646534 0.286596 0.707005
    outer loop
      vertex 13.5146 6.39195 1.7
      vertex 13.2434 6.26368 2
      vertex 13.5348 5.60631 2
    endloop
  endfacet
  facet normal 0.646489 0.286609 0.707041
    outer loop
      vertex 13.812 5.72112 1.7
      vertex 13.5146 6.39195 1.7
      vertex 13.5348 5.60631 2
    endloop
  endfacet
  facet normal -0.37832 0.597533 -0.706986
    outer loop
      vertex -7.37737 12.3084 0
      vertex -8.30577 12.4305 0.599999
      vertex -7.68584 12.823 0.599999
    endloop
  endfacet
  facet normal -0.22181 0.671545 -0.706985
    outer loop
      vertex -4.83437 13.5112 0
      vertex -5.0365 14.0761 0.599999
      vertex -4.16558 13.7321 0
    endloop
  endfacet
  facet normal -0.122381 0.992483 0
    outer loop
      vertex -1.46536 14.878 0.599999
      vertex -2.19362 14.7882 1.7
      vertex -1.46536 14.878 1.7
    endloop
  endfacet
  facet normal -0.122381 0.992483 0
    outer loop
      vertex -2.19362 14.7882 1.7
      vertex -1.46536 14.878 0.599999
      vertex -2.19362 14.7882 0.599999
    endloop
  endfacet
  facet normal 0.120899 0.696845 -0.706959
    outer loop
      vertex 2.79955 14.0743 0
      vertex 2.10558 14.1947 0
      vertex 2.9166 14.6627 0.599999
    endloop
  endfacet
  facet normal 0.313716 0.949517 -0
    outer loop
      vertex 5.0365 14.0761 0.599999
      vertex 4.33976 14.3063 1.7
      vertex 5.0365 14.0761 1.7
    endloop
  endfacet
  facet normal 0.313716 0.949517 0
    outer loop
      vertex 4.33976 14.3063 1.7
      vertex 5.0365 14.0761 0.599999
      vertex 4.33976 14.3063 0.599999
    endloop
  endfacet
  facet normal 0.221857 0.67149 -0.707022
    outer loop
      vertex 5.0365 14.0761 0.599999
      vertex 4.16558 13.7321 0
      vertex 4.33976 14.3063 0.599999
    endloop
  endfacet
  facet normal -0.597492 0.37834 -0.707009
    outer loop
      vertex -12.3084 7.37737 0
      vertex -12.4305 8.30577 0.599999
      vertex -11.9316 7.97243 0
    endloop
  endfacet
  facet normal 0.188559 0.681563 -0.707048
    outer loop
      vertex 4.16558 13.7321 0
      vertex 3.48676 13.9199 0
      vertex 3.63255 14.502 0.599999
    endloop
  endfacet
  facet normal 0.171029 0.985266 -0
    outer loop
      vertex 2.9166 14.6627 0.599999
      vertex 2.19362 14.7882 1.7
      vertex 2.9166 14.6627 1.7
    endloop
  endfacet
  facet normal 0.171029 0.985266 0
    outer loop
      vertex 2.19362 14.7882 1.7
      vertex 2.9166 14.6627 0.599999
      vertex 2.19362 14.7882 0.599999
    endloop
  endfacet
  facet normal 0.512231 -0.4876 -0.707012
    outer loop
      vertex 11.0772 -10.0398 0.599999
      vertex 10.147 -10.147 0
      vertex 10.6326 -9.63687 0
    endloop
  endfacet
  facet normal 0.37834 -0.597492 -0.707009
    outer loop
      vertex 8.30577 -12.4305 0.599999
      vertex 7.37737 -12.3084 0
      vertex 7.97243 -11.9316 0
    endloop
  endfacet
  facet normal 0.631754 -0.317925 -0.706973
    outer loop
      vertex 13.1847 -7.04738 0.599999
      vertex 12.6556 -6.76454 0
      vertex 12.9722 -6.13542 0
    endloop
  endfacet
  facet normal 0.461944 0.5355 0.706999
    outer loop
      vertex 9.48418 11.5565 1.7
      vertex 9.29386 11.3246 2
      vertex 10.0398 11.0772 1.7
    endloop
  endfacet
  facet normal 0.690078 0.154916 0.706961
    outer loop
      vertex 14.6627 2.9166 1.7
      vertex 14.211 3.55966 2
      vertex 14.3685 2.85807 2
    endloop
  endfacet
  facet normal -0.578181 0.407242 -0.707009
    outer loop
      vertex -11.9316 7.97243 0
      vertex -12.4305 8.30577 0.599999
      vertex -11.526 8.54828 0
    endloop
  endfacet
  facet normal 0.487681 -0.512162 0.707006
    outer loop
      vertex 10.5712 -10.5712 1.7
      vertex 9.83834 -10.8549 2
      vertex 10.0398 -11.0772 1.7
    endloop
  endfacet
  facet normal -0.0520105 0.705284 -0.707014
    outer loop
      vertex -0.704121 14.3327 0
      vertex -1.40655 14.2809 0
      vertex -0.733562 14.932 0.599999
    endloop
  endfacet
  facet normal 0.949517 -0.313716 0
    outer loop
      vertex 14.0761 -5.0365 1.7
      vertex 14.3063 -4.33976 0.599999
      vertex 14.3063 -4.33976 1.7
    endloop
  endfacet
  facet normal 0.949517 -0.313716 0
    outer loop
      vertex 14.3063 -4.33976 0.599999
      vertex 14.0761 -5.0365 1.7
      vertex 14.0761 -5.0365 0.599999
    endloop
  endfacet
  facet normal 0.985266 -0.171029 0
    outer loop
      vertex 14.6627 -2.9166 1.7
      vertex 14.7882 -2.19362 0.599999
      vertex 14.7882 -2.19362 1.7
    endloop
  endfacet
  facet normal 0.985266 -0.171029 0
    outer loop
      vertex 14.7882 -2.19362 0.599999
      vertex 14.6627 -2.9166 1.7
      vertex 14.6627 -2.9166 0.599999
    endloop
  endfacet
  facet normal -0.120899 -0.696845 -0.706959
    outer loop
      vertex -2.10558 -14.1947 0
      vertex -2.9166 -14.6627 0.599999
      vertex -2.79955 -14.0743 0
    endloop
  endfacet
  facet normal -0.188559 0.681563 -0.707048
    outer loop
      vertex -3.48676 13.9199 0
      vertex -4.16558 13.7321 0
      vertex -3.63255 14.502 0.599999
    endloop
  endfacet
  facet normal 0.992483 -0.122381 0
    outer loop
      vertex 14.7882 -2.19362 1.7
      vertex 14.878 -1.46536 0.599999
      vertex 14.878 -1.46536 1.7
    endloop
  endfacet
  facet normal 0.992483 -0.122381 0
    outer loop
      vertex 14.878 -1.46536 0.599999
      vertex 14.7882 -2.19362 1.7
      vertex 14.7882 -2.19362 0.599999
    endloop
  endfacet
  facet normal 0.67149 -0.221857 -0.707022
    outer loop
      vertex 14.0761 -5.0365 0.599999
      vertex 13.7321 -4.16558 0
      vertex 14.3063 -4.33976 0.599999
    endloop
  endfacet
  facet normal -0.188607 -0.681577 0.707022
    outer loop
      vertex -4.25267 -14.0192 2
      vertex -4.33976 -14.3063 1.7
      vertex -3.63255 -14.502 1.7
    endloop
  endfacet
  facet normal 0.405289 0.914189 -0
    outer loop
      vertex 6.39195 13.5146 0.599999
      vertex 5.72112 13.812 1.7
      vertex 6.39195 13.5146 1.7
    endloop
  endfacet
  facet normal 0.405289 0.914189 0
    outer loop
      vertex 5.72112 13.812 1.7
      vertex 6.39195 13.5146 0.599999
      vertex 5.72112 13.812 0.599999
    endloop
  endfacet
  facet normal 0.512204 0.487721 -0.706948
    outer loop
      vertex 11.0772 10.0398 0.599999
      vertex 10.147 10.147 0
      vertex 10.5712 10.5712 0.599999
    endloop
  endfacet
  facet normal 0.487721 0.512204 -0.706948
    outer loop
      vertex 10.147 10.147 0
      vertex 10.0398 11.0772 0.599999
      vertex 10.5712 10.5712 0.599999
    endloop
  endfacet
  facet normal 0.681563 -0.188559 -0.707048
    outer loop
      vertex 14.502 -3.63255 0.599999
      vertex 13.7321 -4.16558 0
      vertex 13.9199 -3.48676 0
    endloop
  endfacet
  facet normal -0.435082 0.557544 -0.706999
    outer loop
      vertex -9.10354 11.0927 0
      vertex -9.48418 11.5565 0.599999
      vertex -8.54828 11.526 0
    endloop
  endfacet
  facet normal 0.893233 -0.449594 0
    outer loop
      vertex 13.1847 -7.04738 1.7
      vertex 13.5146 -6.39195 0.599999
      vertex 13.5146 -6.39195 1.7
    endloop
  endfacet
  facet normal 0.893233 -0.449594 0
    outer loop
      vertex 13.5146 -6.39195 0.599999
      vertex 13.1847 -7.04738 1.7
      vertex 13.1847 -7.04738 0.599999
    endloop
  endfacet
  facet normal 0.932987 -0.35991 0
    outer loop
      vertex 13.812 -5.72112 1.7
      vertex 14.0761 -5.0365 0.599999
      vertex 14.0761 -5.0365 1.7
    endloop
  endfacet
  facet normal 0.932987 -0.35991 0
    outer loop
      vertex 14.0761 -5.0365 0.599999
      vertex 13.812 -5.72112 1.7
      vertex 13.812 -5.72112 0.599999
    endloop
  endfacet
  facet normal 0.597492 0.37834 -0.707009
    outer loop
      vertex 12.3084 7.37737 0
      vertex 11.9316 7.97243 0
      vertex 12.4305 8.30577 0.599999
    endloop
  endfacet
  facet normal -0.0520448 0.705301 -0.706995
    outer loop
      vertex -1.40655 14.2809 0
      vertex -1.46536 14.878 0.599999
      vertex -0.733562 14.932 0.599999
    endloop
  endfacet
  facet normal -0.597533 0.37832 -0.706986
    outer loop
      vertex -12.3084 7.37737 0
      vertex -12.823 7.68584 0.599999
      vertex -12.4305 8.30577 0.599999
    endloop
  endfacet
  facet normal -0.671545 0.22181 -0.706985
    outer loop
      vertex -13.7321 4.16558 0
      vertex -14.0761 5.0365 0.599999
      vertex -13.5112 4.83437 0
    endloop
  endfacet
  facet normal -0.893233 0.449594 0
    outer loop
      vertex -13.5146 6.39195 0.599999
      vertex -13.1847 7.04738 1.7
      vertex -13.1847 7.04738 0.599999
    endloop
  endfacet
  facet normal -0.893233 0.449594 0
    outer loop
      vertex -13.1847 7.04738 1.7
      vertex -13.5146 6.39195 0.599999
      vertex -13.5146 6.39195 1.7
    endloop
  endfacet
  facet normal 0.690053 -0.155039 -0.706958
    outer loop
      vertex 14.6627 -2.9166 0.599999
      vertex 13.9199 -3.48676 0
      vertex 14.0743 -2.79955 0
    endloop
  endfacet
  facet normal -0.7019 0.0865496 -0.706997
    outer loop
      vertex -14.1947 2.10558 0
      vertex -14.878 1.46536 0.599999
      vertex -14.7882 2.19362 0.599999
    endloop
  endfacet
  facet normal -0.997289 0.0735908 0
    outer loop
      vertex -14.932 0.733562 0.599999
      vertex -14.878 1.46536 1.7
      vertex -14.878 1.46536 0.599999
    endloop
  endfacet
  facet normal -0.997289 0.0735908 0
    outer loop
      vertex -14.878 1.46536 1.7
      vertex -14.932 0.733562 0.599999
      vertex -14.932 0.733562 1.7
    endloop
  endfacet
  facet normal -0.985266 0.171029 0
    outer loop
      vertex -14.7882 2.19362 0.599999
      vertex -14.6627 2.9166 1.7
      vertex -14.6627 2.9166 0.599999
    endloop
  endfacet
  facet normal -0.985266 0.171029 0
    outer loop
      vertex -14.6627 2.9166 1.7
      vertex -14.7882 2.19362 0.599999
      vertex -14.7882 2.19362 1.7
    endloop
  endfacet
  facet normal 0.154875 0.689999 -0.707047
    outer loop
      vertex 3.48676 13.9199 0
      vertex 2.9166 14.6627 0.599999
      vertex 3.63255 14.502 0.599999
    endloop
  endfacet
  facet normal -0.705284 0.0520105 -0.707014
    outer loop
      vertex -14.3327 0.704121 0
      vertex -14.932 0.733562 0.599999
      vertex -14.2809 1.40655 0
    endloop
  endfacet
  facet normal 0.487687 -0.512238 0.706947
    outer loop
      vertex 10.3591 -10.3591 2
      vertex 9.83834 -10.8549 2
      vertex 10.5712 -10.5712 1.7
    endloop
  endfacet
  facet normal -0.578185 0.407186 -0.707037
    outer loop
      vertex -11.526 8.54828 0
      vertex -12.4305 8.30577 0.599999
      vertex -12.008 8.9057 0.599999
    endloop
  endfacet
  facet normal 0.35991 -0.932987 0
    outer loop
      vertex 5.0365 -14.0761 0.599999
      vertex 5.72112 -13.812 1.7
      vertex 5.0365 -14.0761 1.7
    endloop
  endfacet
  facet normal 0.35991 -0.932987 0
    outer loop
      vertex 5.72112 -13.812 1.7
      vertex 5.0365 -14.0761 0.599999
      vertex 5.72112 -13.812 0.599999
    endloop
  endfacet
  facet normal 0.578181 0.407242 -0.707009
    outer loop
      vertex 11.9316 7.97243 0
      vertex 11.526 8.54828 0
      vertex 12.4305 8.30577 0.599999
    endloop
  endfacet
  facet normal 0.70536 0.0520491 0.706936
    outer loop
      vertex 14.878 1.46536 1.7
      vertex 14.5795 1.43595 2
      vertex 14.932 0.733562 1.7
    endloop
  endfacet
  facet normal -0.578185 0.407186 0.707037
    outer loop
      vertex -12.008 8.9057 1.7
      vertex -12.4305 8.30577 1.7
      vertex -11.767 8.72699 2
    endloop
  endfacet
  facet normal 0.696845 -0.120899 -0.706959
    outer loop
      vertex 14.6627 -2.9166 0.599999
      vertex 14.0743 -2.79955 0
      vertex 14.1947 -2.10558 0
    endloop
  endfacet
  facet normal -0.0520105 -0.705284 -0.707014
    outer loop
      vertex -0.733562 -14.932 0.599999
      vertex -1.40655 -14.2809 0
      vertex -0.704121 -14.3327 0
    endloop
  endfacet
  facet normal 0.689999 0.154875 -0.707047
    outer loop
      vertex 14.6627 2.9166 0.599999
      vertex 13.9199 3.48676 0
      vertex 14.502 3.63255 0.599999
    endloop
  endfacet
  facet normal -0.646523 -0.286624 -0.707004
    outer loop
      vertex -13.5146 -6.39195 0.599999
      vertex -13.812 -5.72112 0.599999
      vertex -12.9722 -6.13542 0
    endloop
  endfacet
  facet normal -0.435107 0.557525 0.706999
    outer loop
      vertex -8.72699 11.767 2
      vertex -9.48418 11.5565 1.7
      vertex -9.29386 11.3246 2
    endloop
  endfacet
  facet normal -0.575791 0.817597 0
    outer loop
      vertex -8.30577 12.4305 0.599999
      vertex -8.9057 12.008 1.7
      vertex -8.30577 12.4305 1.7
    endloop
  endfacet
  facet normal -0.575791 0.817597 0
    outer loop
      vertex -8.9057 12.008 1.7
      vertex -8.30577 12.4305 0.599999
      vertex -8.9057 12.008 0.599999
    endloop
  endfacet
  facet normal -0.844894 0.534933 0
    outer loop
      vertex -12.823 7.68584 0.599999
      vertex -12.4305 8.30577 1.7
      vertex -12.4305 8.30577 0.599999
    endloop
  endfacet
  facet normal -0.844894 0.534933 0
    outer loop
      vertex -12.4305 8.30577 1.7
      vertex -12.823 7.68584 0.599999
      vertex -12.823 7.68584 1.7
    endloop
  endfacet
  facet normal -0.631703 0.317958 -0.707004
    outer loop
      vertex -12.9722 6.13542 0
      vertex -13.5146 6.39195 0.599999
      vertex -13.1847 7.04738 0.599999
    endloop
  endfacet
  facet normal 0.631703 -0.317958 -0.707004
    outer loop
      vertex 13.1847 -7.04738 0.599999
      vertex 12.9722 -6.13542 0
      vertex 13.5146 -6.39195 0.599999
    endloop
  endfacet
  facet normal -0.5355 0.461944 0.706999
    outer loop
      vertex -11.0772 10.0398 1.7
      vertex -11.5565 9.48418 1.7
      vertex -11.3246 9.29386 2
    endloop
  endfacet
  facet normal -0.535489 0.461944 0.707008
    outer loop
      vertex -11.0772 10.0398 1.7
      vertex -11.3246 9.29386 2
      vertex -10.8549 9.83834 2
    endloop
  endfacet
  facet normal -0.155039 0.690053 -0.706958
    outer loop
      vertex -2.79955 14.0743 0
      vertex -3.48676 13.9199 0
      vertex -2.9166 14.6627 0.599999
    endloop
  endfacet
  facet normal -0.985266 -0.171029 0
    outer loop
      vertex -14.6627 -2.9166 0.599999
      vertex -14.7882 -2.19362 1.7
      vertex -14.7882 -2.19362 0.599999
    endloop
  endfacet
  facet normal -0.985266 -0.171029 0
    outer loop
      vertex -14.7882 -2.19362 1.7
      vertex -14.6627 -2.9166 0.599999
      vertex -14.6627 -2.9166 1.7
    endloop
  endfacet
  facet normal -0.96378 -0.266698 0
    outer loop
      vertex -14.3063 -4.33976 0.599999
      vertex -14.502 -3.63255 1.7
      vertex -14.502 -3.63255 0.599999
    endloop
  endfacet
  facet normal -0.96378 -0.266698 0
    outer loop
      vertex -14.502 -3.63255 1.7
      vertex -14.3063 -4.33976 0.599999
      vertex -14.3063 -4.33976 1.7
    endloop
  endfacet
  facet normal -0.681577 -0.188607 -0.707023
    outer loop
      vertex -14.3063 -4.33976 0.599999
      vertex -14.502 -3.63255 0.599999
      vertex -13.7321 -4.16558 0
    endloop
  endfacet
  facet normal 0.96378 0.266698 0
    outer loop
      vertex 14.502 3.63255 1.7
      vertex 14.3063 4.33976 0.599999
      vertex 14.3063 4.33976 1.7
    endloop
  endfacet
  facet normal 0.96378 0.266698 0
    outer loop
      vertex 14.3063 4.33976 0.599999
      vertex 14.502 3.63255 1.7
      vertex 14.502 3.63255 0.599999
    endloop
  endfacet
  facet normal -0.120899 0.696845 -0.706959
    outer loop
      vertex -2.79955 14.0743 0
      vertex -2.9166 14.6627 0.599999
      vertex -2.10558 14.1947 0
    endloop
  endfacet
  facet normal -0.449594 0.893233 0
    outer loop
      vertex -6.39195 13.5146 0.599999
      vertex -7.04738 13.1847 1.7
      vertex -6.39195 13.5146 1.7
    endloop
  endfacet
  facet normal -0.449594 0.893233 0
    outer loop
      vertex -7.04738 13.1847 1.7
      vertex -6.39195 13.5146 0.599999
      vertex -7.04738 13.1847 0.599999
    endloop
  endfacet
  facet normal -0.407186 0.578185 -0.707037
    outer loop
      vertex -8.54828 11.526 0
      vertex -8.9057 12.008 0.599999
      vertex -8.30577 12.4305 0.599999
    endloop
  endfacet
  facet normal -0.653188 0.757196 0
    outer loop
      vertex -9.48418 11.5565 0.599999
      vertex -10.0398 11.0772 1.7
      vertex -9.48418 11.5565 1.7
    endloop
  endfacet
  facet normal -0.653188 0.757196 0
    outer loop
      vertex -10.0398 11.0772 1.7
      vertex -9.48418 11.5565 0.599999
      vertex -10.0398 11.0772 0.599999
    endloop
  endfacet
  facet normal -0.0735908 0.997289 0
    outer loop
      vertex -0.733562 14.932 0.599999
      vertex -1.46536 14.878 1.7
      vertex -0.733562 14.932 1.7
    endloop
  endfacet
  facet normal -0.0735908 0.997289 0
    outer loop
      vertex -1.46536 14.878 1.7
      vertex -0.733562 14.932 0.599999
      vertex -1.46536 14.878 0.599999
    endloop
  endfacet
  facet normal 0.155039 0.690053 -0.706958
    outer loop
      vertex 3.48676 13.9199 0
      vertex 2.79955 14.0743 0
      vertex 2.9166 14.6627 0.599999
    endloop
  endfacet
  facet normal -0.313716 0.949517 0
    outer loop
      vertex -4.33976 14.3063 0.599999
      vertex -5.0365 14.0761 1.7
      vertex -4.33976 14.3063 1.7
    endloop
  endfacet
  facet normal -0.313716 0.949517 0
    outer loop
      vertex -5.0365 14.0761 1.7
      vertex -4.33976 14.3063 0.599999
      vertex -5.0365 14.0761 0.599999
    endloop
  endfacet
  facet normal 0.4876 -0.512231 -0.707012
    outer loop
      vertex 10.0398 -11.0772 0.599999
      vertex 9.63687 -10.6326 0
      vertex 10.147 -10.147 0
    endloop
  endfacet
  facet normal 0.705342 0.052032 0.706955
    outer loop
      vertex 14.932 0.733562 1.7
      vertex 14.5795 1.43595 2
      vertex 14.6324 0.718841 2
    endloop
  endfacet
  facet normal -0.615335 0.348619 -0.706985
    outer loop
      vertex -12.6556 6.76454 0
      vertex -12.823 7.68584 0.599999
      vertex -12.3084 7.37737 0
    endloop
  endfacet
  facet normal -0.4876 0.512231 -0.707012
    outer loop
      vertex -9.63687 10.6326 0
      vertex -10.147 10.147 0
      vertex -10.0398 11.0772 0.599999
    endloop
  endfacet
  facet normal 0.646523 -0.286624 -0.707004
    outer loop
      vertex 13.5146 -6.39195 0.599999
      vertex 12.9722 -6.13542 0
      vertex 13.812 -5.72112 0.599999
    endloop
  endfacet
  facet normal 0.254539 -0.659834 -0.706986
    outer loop
      vertex 5.72112 -13.812 0.599999
      vertex 4.83437 -13.5112 0
      vertex 5.49151 -13.2577 0
    endloop
  endfacet
  facet normal 0.35991 0.932987 -0
    outer loop
      vertex 5.72112 13.812 0.599999
      vertex 5.0365 14.0761 1.7
      vertex 5.72112 13.812 1.7
    endloop
  endfacet
  facet normal 0.35991 0.932987 0
    outer loop
      vertex 5.0365 14.0761 1.7
      vertex 5.72112 13.812 0.599999
      vertex 5.0365 14.0761 0.599999
    endloop
  endfacet
  facet normal -0.0865542 0.701902 -0.706995
    outer loop
      vertex -1.40655 14.2809 0
      vertex -2.10558 14.1947 0
      vertex -1.46536 14.878 0.599999
    endloop
  endfacet
  facet normal 0.286661 -0.646528 -0.706985
    outer loop
      vertex 5.72112 -13.812 0.599999
      vertex 5.49151 -13.2577 0
      vertex 6.13542 -12.9722 0
    endloop
  endfacet
  facet normal 0.817597 0.575791 0
    outer loop
      vertex 12.4305 8.30577 1.7
      vertex 12.008 8.9057 0.599999
      vertex 12.008 8.9057 1.7
    endloop
  endfacet
  facet normal 0.817597 0.575791 0
    outer loop
      vertex 12.008 8.9057 0.599999
      vertex 12.4305 8.30577 1.7
      vertex 12.4305 8.30577 0.599999
    endloop
  endfacet
  facet normal -0.914189 0.405289 0
    outer loop
      vertex -13.812 5.72112 0.599999
      vertex -13.5146 6.39195 1.7
      vertex -13.5146 6.39195 0.599999
    endloop
  endfacet
  facet normal -0.914189 0.405289 0
    outer loop
      vertex -13.5146 6.39195 1.7
      vertex -13.812 5.72112 0.599999
      vertex -13.812 5.72112 1.7
    endloop
  endfacet
  facet normal 0.221857 -0.67149 -0.707022
    outer loop
      vertex 4.33976 -14.3063 0.599999
      vertex 4.16558 -13.7321 0
      vertex 5.0365 -14.0761 0.599999
    endloop
  endfacet
  facet normal 0.313716 -0.949517 0
    outer loop
      vertex 4.33976 -14.3063 0.599999
      vertex 5.0365 -14.0761 1.7
      vertex 4.33976 -14.3063 1.7
    endloop
  endfacet
  facet normal 0.313716 -0.949517 0
    outer loop
      vertex 5.0365 -14.0761 1.7
      vertex 4.33976 -14.3063 0.599999
      vertex 5.0365 -14.0761 0.599999
    endloop
  endfacet
  facet normal -0.37834 0.597492 -0.707009
    outer loop
      vertex -7.97243 11.9316 0
      vertex -8.30577 12.4305 0.599999
      vertex -7.37737 12.3084 0
    endloop
  endfacet
  facet normal -0.0173707 -0.707 -0.707001
    outer loop
      vertex 0 -14.95 0.599999
      vertex -0.704121 -14.3327 0
      vertex 0 -14.35 0
    endloop
  endfacet
  facet normal -0.0173479 -0.706987 -0.707014
    outer loop
      vertex 0 -14.95 0.599999
      vertex -0.733562 -14.932 0.599999
      vertex -0.704121 -14.3327 0
    endloop
  endfacet
  facet normal -0.932987 -0.35991 0
    outer loop
      vertex -13.812 -5.72112 0.599999
      vertex -14.0761 -5.0365 1.7
      vertex -14.0761 -5.0365 0.599999
    endloop
  endfacet
  facet normal -0.932987 -0.35991 0
    outer loop
      vertex -14.0761 -5.0365 1.7
      vertex -13.812 -5.72112 0.599999
      vertex -13.812 -5.72112 1.7
    endloop
  endfacet
  facet normal -0.659835 -0.254539 -0.706985
    outer loop
      vertex -13.812 -5.72112 0.599999
      vertex -14.0761 -5.0365 0.599999
      vertex -13.5112 -4.83437 0
    endloop
  endfacet
  facet normal -0.435108 0.557478 0.707035
    outer loop
      vertex -8.9057 12.008 1.7
      vertex -9.48418 11.5565 1.7
      vertex -8.72699 11.767 2
    endloop
  endfacet
  facet normal -0.407186 0.578185 0.707037
    outer loop
      vertex -8.30577 12.4305 1.7
      vertex -8.9057 12.008 1.7
      vertex -8.72699 11.767 2
    endloop
  endfacet
  facet normal -0.615274 0.788314 0
    outer loop
      vertex -8.9057 12.008 0.599999
      vertex -9.48418 11.5565 1.7
      vertex -8.9057 12.008 1.7
    endloop
  endfacet
  facet normal -0.615274 0.788314 0
    outer loop
      vertex -9.48418 11.5565 1.7
      vertex -8.9057 12.008 0.599999
      vertex -9.48418 11.5565 0.599999
    endloop
  endfacet
  facet normal -0.435108 0.557478 -0.707036
    outer loop
      vertex -8.54828 11.526 0
      vertex -9.48418 11.5565 0.599999
      vertex -8.9057 12.008 0.599999
    endloop
  endfacet
  facet normal -0.615342 0.348603 0.706987
    outer loop
      vertex -12.823 7.68584 1.7
      vertex -13.1847 7.04738 1.7
      vertex -12.5657 7.5316 2
    endloop
  endfacet
  facet normal -0.557478 0.435108 0.707035
    outer loop
      vertex -11.5565 9.48418 1.7
      vertex -12.008 8.9057 1.7
      vertex -11.767 8.72699 2
    endloop
  endfacet
  facet normal -0.817597 0.575791 0
    outer loop
      vertex -12.4305 8.30577 0.599999
      vertex -12.008 8.9057 1.7
      vertex -12.008 8.9057 0.599999
    endloop
  endfacet
  facet normal -0.817597 0.575791 0
    outer loop
      vertex -12.008 8.9057 1.7
      vertex -12.4305 8.30577 0.599999
      vertex -12.4305 8.30577 1.7
    endloop
  endfacet
  facet normal -0.689587 0.724203 0
    outer loop
      vertex -10.0398 11.0772 0.599999
      vertex -10.5712 10.5712 1.7
      vertex -10.0398 11.0772 1.7
    endloop
  endfacet
  facet normal -0.689587 0.724203 0
    outer loop
      vertex -10.5712 10.5712 1.7
      vertex -10.0398 11.0772 0.599999
      vertex -10.5712 10.5712 0.599999
    endloop
  endfacet
  facet normal -0.487721 0.512204 -0.706948
    outer loop
      vertex -10.147 10.147 0
      vertex -10.5712 10.5712 0.599999
      vertex -10.0398 11.0772 0.599999
    endloop
  endfacet
  facet normal -0.5355 0.461943 -0.706999
    outer loop
      vertex -11.0927 9.10354 0
      vertex -11.5565 9.48418 0.599999
      vertex -11.0772 10.0398 0.599999
    endloop
  endfacet
  facet normal 0.0520448 0.705301 -0.706995
    outer loop
      vertex 1.40655 14.2809 0
      vertex 0.733562 14.932 0.599999
      vertex 1.46536 14.878 0.599999
    endloop
  endfacet
  facet normal 0.671545 -0.22181 -0.706985
    outer loop
      vertex 14.0761 -5.0365 0.599999
      vertex 13.5112 -4.83437 0
      vertex 13.7321 -4.16558 0
    endloop
  endfacet
  facet normal -0.461943 0.5355 -0.706999
    outer loop
      vertex -9.10354 11.0927 0
      vertex -10.0398 11.0772 0.599999
      vertex -9.48418 11.5565 0.599999
    endloop
  endfacet
  facet normal 0.689999 -0.154875 -0.707047
    outer loop
      vertex 14.502 -3.63255 0.599999
      vertex 13.9199 -3.48676 0
      vertex 14.6627 -2.9166 0.599999
    endloop
  endfacet
  facet normal -0 0 -1
    outer loop
      vertex -4.73938 3.83325 0
      vertex -9.84186 0.873974 0
      vertex -4.88905 4.06961 0
    endloop
  endfacet
  facet normal 0 0 -1
    outer loop
      vertex -9.8865 0.944468 0
      vertex -4.88905 4.06961 0
      vertex -9.84186 0.873974 0
    endloop
  endfacet
  facet normal 0 0 -1
    outer loop
      vertex -9.93455 1.01269 0
      vertex -4.88905 4.06961 0
      vertex -9.8865 0.944468 0
    endloop
  endfacet
  facet normal -0 0 -1
    outer loop
      vertex -4.88905 4.06961 0
      vertex -9.93455 1.01269 0
      vertex -5.02695 4.31304 0
    endloop
  endfacet
  facet normal 0 0 -1
    outer loop
      vertex -9.98588 1.07847 0
      vertex -5.02695 4.31304 0
      vertex -9.93455 1.01269 0
    endloop
  endfacet
  facet normal 0 0 -1
    outer loop
      vertex -10.0404 1.14165 0
      vertex -5.02695 4.31304 0
      vertex -9.98588 1.07847 0
    endloop
  endfacet
  facet normal -0 0 -1
    outer loop
      vertex -5.02695 4.31304 0
      vertex -10.0404 1.14165 0
      vertex -5.15274 4.56294 0
    endloop
  endfacet
  facet normal 0 0 -1
    outer loop
      vertex -10.0979 1.20208 0
      vertex -5.15274 4.56294 0
      vertex -10.0404 1.14165 0
    endloop
  endfacet
  facet normal -0 0 -1
    outer loop
      vertex -5.15274 4.56294 0
      vertex -10.0979 1.20208 0
      vertex -5.26611 4.8187 0
    endloop
  endfacet
  facet normal 0 0 -1
    outer loop
      vertex -10.1583 1.25962 0
      vertex -5.26611 4.8187 0
      vertex -10.0979 1.20208 0
    endloop
  endfacet
  facet normal 0 0 -1
    outer loop
      vertex -10.2215 1.31412 0
      vertex -5.26611 4.8187 0
      vertex -10.1583 1.25962 0
    endloop
  endfacet
  facet normal -0 0 -1
    outer loop
      vertex -5.26611 4.8187 0
      vertex -10.2215 1.31412 0
      vertex -5.3668 5.07973 0
    endloop
  endfacet
  facet normal 0 0 -1
    outer loop
      vertex -10.2873 1.36545 0
      vertex -5.3668 5.07973 0
      vertex -10.2215 1.31412 0
    endloop
  endfacet
  facet normal 0 0 -1
    outer loop
      vertex -10.3555 1.4135 0
      vertex -5.3668 5.07973 0
      vertex -10.2873 1.36545 0
    endloop
  endfacet
  facet normal -0 0 -1
    outer loop
      vertex -5.3668 5.07973 0
      vertex -10.3555 1.4135 0
      vertex -5.45456 5.34538 0
    endloop
  endfacet
  facet normal 0 0 -1
    outer loop
      vertex -5.67255 6.4413 0
      vertex -9.63687 10.6326 0
      vertex -9.10354 11.0927 0
    endloop
  endfacet
  facet normal 0 0 -1
    outer loop
      vertex -10.426 1.45814 0
      vertex -5.45456 5.34538 0
      vertex -10.3555 1.4135 0
    endloop
  endfacet
  facet normal 0 0 -1
    outer loop
      vertex -5.67255 6.4413 0
      vertex -10.147 10.147 0
      vertex -9.63687 10.6326 0
    endloop
  endfacet
  facet normal 0 0 -1
    outer loop
      vertex -10.4986 1.49927 0
      vertex -5.45456 5.34538 0
      vertex -10.426 1.45814 0
    endloop
  endfacet
  facet normal -0 0 -1
    outer loop
      vertex -5.45456 5.34538 0
      vertex -10.4986 1.49927 0
      vertex -5.52918 5.61501 0
    endloop
  endfacet
  facet normal 0 0 -1
    outer loop
      vertex -10.5732 1.53678 0
      vertex -5.52918 5.61501 0
      vertex -10.4986 1.49927 0
    endloop
  endfacet
  facet normal 0 0 -1
    outer loop
      vertex -10.6494 1.57059 0
      vertex -5.52918 5.61501 0
      vertex -10.5732 1.53678 0
    endloop
  endfacet
  facet normal -0 0 -1
    outer loop
      vertex -5.52918 5.61501 0
      vertex -10.6494 1.57059 0
      vertex -5.59048 5.88799 0
    endloop
  endfacet
  facet normal 0 0 -1
    outer loop
      vertex -12.6556 6.76454 0
      vertex -5.59048 5.88799 0
      vertex -10.6494 1.57059 0
    endloop
  endfacet
  facet normal 0 -0 -1
    outer loop
      vertex -12.3084 7.37737 0
      vertex -5.59048 5.88799 0
      vertex -12.6556 6.76454 0
    endloop
  endfacet
  facet normal 0 0 -1
    outer loop
      vertex -5.67255 6.4413 0
      vertex -10.6326 9.63687 0
      vertex -10.147 10.147 0
    endloop
  endfacet
  facet normal 0 0 -1
    outer loop
      vertex -5.59048 5.88799 0
      vertex -12.3084 7.37737 0
      vertex -5.63831 6.16364 0
    endloop
  endfacet
  facet normal 0 0 -1
    outer loop
      vertex -12.6556 6.76454 0
      vertex -10.6494 1.57059 0
      vertex -10.7273 1.60062 0
    endloop
  endfacet
  facet normal 0 0 -1
    outer loop
      vertex -12.6556 6.76454 0
      vertex -10.7273 1.60062 0
      vertex -10.8065 1.6268 0
    endloop
  endfacet
  facet normal 0 0 -1
    outer loop
      vertex -12.9722 6.13542 0
      vertex -10.8065 1.6268 0
      vertex -10.8869 1.64905 0
    endloop
  endfacet
  facet normal 0 0 -1
    outer loop
      vertex -12.9722 6.13542 0
      vertex -10.8869 1.64905 0
      vertex -10.9683 1.66733 0
    endloop
  endfacet
  facet normal 0 0 -1
    outer loop
      vertex -13.2577 5.49151 0
      vertex -10.9683 1.66733 0
      vertex -11.0506 1.6816 0
    endloop
  endfacet
  facet normal 0 0 -1
    outer loop
      vertex -5.67255 6.4413 0
      vertex -11.0927 9.10354 0
      vertex -10.6326 9.63687 0
    endloop
  endfacet
  facet normal 0 0 -1
    outer loop
      vertex -13.2577 5.49151 0
      vertex -11.0506 1.6816 0
      vertex -11.1334 1.69181 0
    endloop
  endfacet
  facet normal 0 0 -1
    outer loop
      vertex -13.2577 5.49151 0
      vertex -11.1334 1.69181 0
      vertex -11.2166 1.69795 0
    endloop
  endfacet
  facet normal 0 0 -1
    outer loop
      vertex -13.5112 4.83437 0
      vertex -11.2166 1.69795 0
      vertex -11.3 1.7 0
    endloop
  endfacet
  facet normal 0 0 -1
    outer loop
      vertex -13.5112 4.83437 0
      vertex -11.3 1.7 0
      vertex -11.3834 1.69795 0
    endloop
  endfacet
  facet normal 0 0 -1
    outer loop
      vertex -13.5112 4.83437 0
      vertex -11.3834 1.69795 0
      vertex -11.4666 1.69181 0
    endloop
  endfacet
  facet normal 0 0 -1
    outer loop
      vertex -5.67255 6.4413 0
      vertex -11.526 8.54828 0
      vertex -11.0927 9.10354 0
    endloop
  endfacet
  facet normal 0 0 -1
    outer loop
      vertex -13.7321 4.16558 0
      vertex -11.4666 1.69181 0
      vertex -11.5494 1.6816 0
    endloop
  endfacet
  facet normal 0 0 -1
    outer loop
      vertex -13.7321 4.16558 0
      vertex -11.5494 1.6816 0
      vertex -11.6317 1.66733 0
    endloop
  endfacet
  facet normal 0 0 -1
    outer loop
      vertex -13.7321 4.16558 0
      vertex -11.6317 1.66733 0
      vertex -11.7131 1.64905 0
    endloop
  endfacet
  facet normal 0 0 -1
    outer loop
      vertex -13.9199 3.48676 0
      vertex -11.7131 1.64905 0
      vertex -11.7935 1.6268 0
    endloop
  endfacet
  facet normal 0 0 -1
    outer loop
      vertex -13.9199 3.48676 0
      vertex -11.7935 1.6268 0
      vertex -11.8727 1.60062 0
    endloop
  endfacet
  facet normal 0 0 -1
    outer loop
      vertex -5.67255 6.4413 0
      vertex -11.9316 7.97243 0
      vertex -11.526 8.54828 0
    endloop
  endfacet
  facet normal 0 0 -1
    outer loop
      vertex -13.9199 3.48676 0
      vertex -11.8727 1.60062 0
      vertex -11.9506 1.57059 0
    endloop
  endfacet
  facet normal 0 0 -1
    outer loop
      vertex -13.9199 3.48676 0
      vertex -11.9506 1.57059 0
      vertex -12.0268 1.53678 0
    endloop
  endfacet
  facet normal 0 0 -1
    outer loop
      vertex -14.0743 2.79955 0
      vertex -12.0268 1.53678 0
      vertex -12.1014 1.49927 0
    endloop
  endfacet
  facet normal 0 0 -1
    outer loop
      vertex -14.0743 2.79955 0
      vertex -12.1014 1.49927 0
      vertex -12.174 1.45814 0
    endloop
  endfacet
  facet normal 0 0 -1
    outer loop
      vertex -14.0743 2.79955 0
      vertex -12.174 1.45814 0
      vertex -12.2445 1.4135 0
    endloop
  endfacet
  facet normal 0 0 -1
    outer loop
      vertex -5.63831 6.16364 0
      vertex -11.9316 7.97243 0
      vertex -5.67255 6.4413 0
    endloop
  endfacet
  facet normal 0 0 -1
    outer loop
      vertex -14.0743 2.79955 0
      vertex -12.2445 1.4135 0
      vertex -12.3127 1.36545 0
    endloop
  endfacet
  facet normal 0 0 -1
    outer loop
      vertex -14.1947 2.10558 0
      vertex -12.3127 1.36545 0
      vertex -12.3785 1.31412 0
    endloop
  endfacet
  facet normal 0 0 -1
    outer loop
      vertex -14.1947 2.10558 0
      vertex -12.3785 1.31412 0
      vertex -12.4417 1.25962 0
    endloop
  endfacet
  facet normal 0 0 -1
    outer loop
      vertex -14.1947 2.10558 0
      vertex -12.4417 1.25962 0
      vertex -12.5021 1.20208 0
    endloop
  endfacet
  facet normal 0 0 -1
    outer loop
      vertex -14.1947 2.10558 0
      vertex -12.5021 1.20208 0
      vertex -12.5596 1.14165 0
    endloop
  endfacet
  facet normal 0 0 -1
    outer loop
      vertex -14.1947 2.10558 0
      vertex -12.5596 1.14165 0
      vertex -12.6141 1.07847 0
    endloop
  endfacet
  facet normal 0 -0 -1
    outer loop
      vertex -11.9316 7.97243 0
      vertex -5.63831 6.16364 0
      vertex -12.3084 7.37737 0
    endloop
  endfacet
  facet normal 0 0 -1
    outer loop
      vertex -14.2809 1.40655 0
      vertex -12.6141 1.07847 0
      vertex -12.6655 1.01269 0
    endloop
  endfacet
  facet normal 0 0 -1
    outer loop
      vertex -14.2809 1.40655 0
      vertex -12.6655 1.01269 0
      vertex -12.7135 0.944468 0
    endloop
  endfacet
  facet normal 0 0 -1
    outer loop
      vertex -14.2809 1.40655 0
      vertex -12.7135 0.944468 0
      vertex -12.7581 0.873974 0
    endloop
  endfacet
  facet normal 0 0 -1
    outer loop
      vertex -14.2809 1.40655 0
      vertex -12.7581 0.873974 0
      vertex -12.7993 0.801374 0
    endloop
  endfacet
  facet normal 0 0 -1
    outer loop
      vertex -14.2809 1.40655 0
      vertex -12.7993 0.801374 0
      vertex -12.8368 0.726843 0
    endloop
  endfacet
  facet normal 0 0 -1
    outer loop
      vertex -14.2809 1.40655 0
      vertex -12.8368 0.726843 0
      vertex -12.8706 0.650561 0
    endloop
  endfacet
  facet normal 0 0 -1
    outer loop
      vertex -14.3327 0.704121 0
      vertex -12.8706 0.650561 0
      vertex -12.9006 0.572712 0
    endloop
  endfacet
  facet normal 0 0 -1
    outer loop
      vertex -14.3327 0.704121 0
      vertex -12.9006 0.572712 0
      vertex -12.9268 0.493484 0
    endloop
  endfacet
  facet normal 0 0 -1
    outer loop
      vertex -14.3327 0.704121 0
      vertex -12.9268 0.493484 0
      vertex -12.9491 0.413066 0
    endloop
  endfacet
  facet normal 0 0 -1
    outer loop
      vertex -14.3327 0.704121 0
      vertex -12.9491 0.413066 0
      vertex -12.9673 0.331653 0
    endloop
  endfacet
  facet normal 0 0 -1
    outer loop
      vertex -10.8065 1.6268 0
      vertex -12.9722 6.13542 0
      vertex -12.6556 6.76454 0
    endloop
  endfacet
  facet normal 0 0 -1
    outer loop
      vertex -14.3327 0.704121 0
      vertex -12.9673 0.331653 0
      vertex -12.9816 0.249441 0
    endloop
  endfacet
  facet normal 0 0 -1
    outer loop
      vertex -14.35 0 0
      vertex -12.9816 0.249441 0
      vertex -12.9918 0.166629 0
    endloop
  endfacet
  facet normal 0 0 -1
    outer loop
      vertex -14.35 0 0
      vertex -12.9918 0.166629 0
      vertex -12.998 0.083415 0
    endloop
  endfacet
  facet normal 0 0 -1
    outer loop
      vertex -14.35 0 0
      vertex -12.998 0.083415 0
      vertex -13 0 0
    endloop
  endfacet
  facet normal -0 0 -1
    outer loop
      vertex -12.9006 -0.572712 0
      vertex -14.3327 -0.704121 0
      vertex -12.9268 -0.493484 0
    endloop
  endfacet
  facet normal 0 0 -1
    outer loop
      vertex -10.9683 1.66733 0
      vertex -13.2577 5.49151 0
      vertex -12.9722 6.13542 0
    endloop
  endfacet
  facet normal -0 0 -1
    outer loop
      vertex -12.9268 -0.493484 0
      vertex -14.3327 -0.704121 0
      vertex -12.9491 -0.413066 0
    endloop
  endfacet
  facet normal 0 0 -1
    outer loop
      vertex -11.2166 1.69795 0
      vertex -13.5112 4.83437 0
      vertex -13.2577 5.49151 0
    endloop
  endfacet
  facet normal -0 0 -1
    outer loop
      vertex -12.9491 -0.413066 0
      vertex -14.3327 -0.704121 0
      vertex -12.9673 -0.331653 0
    endloop
  endfacet
  facet normal 0 0 -1
    outer loop
      vertex -11.4666 1.69181 0
      vertex -13.7321 4.16558 0
      vertex -13.5112 4.83437 0
    endloop
  endfacet
  facet normal -0 0 -1
    outer loop
      vertex -12.9673 -0.331653 0
      vertex -14.3327 -0.704121 0
      vertex -12.9816 -0.249441 0
    endloop
  endfacet
  facet normal 0 0 -1
    outer loop
      vertex -11.7131 1.64905 0
      vertex -13.9199 3.48676 0
      vertex -13.7321 4.16558 0
    endloop
  endfacet
  facet normal 0 0 -1
    outer loop
      vertex -14.35 0 0
      vertex -12.9816 -0.249441 0
      vertex -14.3327 -0.704121 0
    endloop
  endfacet
  facet normal 0 0 -1
    outer loop
      vertex -12.0268 1.53678 0
      vertex -14.0743 2.79955 0
      vertex -13.9199 3.48676 0
    endloop
  endfacet
  facet normal 0 0 -1
    outer loop
      vertex -12.9816 -0.249441 0
      vertex -14.35 0 0
      vertex -12.9918 -0.166629 0
    endloop
  endfacet
  facet normal 0 0 -1
    outer loop
      vertex -12.3127 1.36545 0
      vertex -14.1947 2.10558 0
      vertex -14.0743 2.79955 0
    endloop
  endfacet
  facet normal 0 0 -1
    outer loop
      vertex -12.9918 -0.166629 0
      vertex -14.35 0 0
      vertex -12.998 -0.083415 0
    endloop
  endfacet
  facet normal 0 0 -1
    outer loop
      vertex -12.6141 1.07847 0
      vertex -14.2809 1.40655 0
      vertex -14.1947 2.10558 0
    endloop
  endfacet
  facet normal 0 0 -1
    outer loop
      vertex -12.998 -0.083415 0
      vertex -14.35 0 0
      vertex -13 0 0
    endloop
  endfacet
  facet normal 0 0 -1
    outer loop
      vertex -12.8706 0.650561 0
      vertex -14.3327 0.704121 0
      vertex -14.2809 1.40655 0
    endloop
  endfacet
  facet normal -0 0 -1
    outer loop
      vertex -12.9816 0.249441 0
      vertex -14.35 0 0
      vertex -14.3327 0.704121 0
    endloop
  endfacet
  facet normal -0 0 -1
    outer loop
      vertex 9.84186 -0.873974 0
      vertex 4.73938 -3.83325 0
      vertex 9.80073 -0.801374 0
    endloop
  endfacet
  facet normal 0 0 -1
    outer loop
      vertex 9.6 0 0
      vertex 5.69313 6.72031 0
      vertex 5.7 7 0
    endloop
  endfacet
  facet normal -0 0 -1
    outer loop
      vertex 9.80073 -0.801374 0
      vertex 4.73938 -3.83325 0
      vertex 9.76322 -0.726843 0
    endloop
  endfacet
  facet normal 0 0 -1
    outer loop
      vertex 9.6 0 0
      vertex 5.67255 6.4413 0
      vertex 5.69313 6.72031 0
    endloop
  endfacet
  facet normal 0 0 -1
    outer loop
      vertex 4.57828 -3.60451 0
      vertex 9.76322 -0.726843 0
      vertex 4.73938 -3.83325 0
    endloop
  endfacet
  facet normal 0 0 -1
    outer loop
      vertex 9.6 0 0
      vertex 5.63831 6.16364 0
      vertex 5.67255 6.4413 0
    endloop
  endfacet
  facet normal -0 0 -1
    outer loop
      vertex 9.76322 -0.726843 0
      vertex 4.57828 -3.60451 0
      vertex 9.72941 -0.650561 0
    endloop
  endfacet
  facet normal 0 0 -1
    outer loop
      vertex 9.6 0 0
      vertex 5.59048 5.88799 0
      vertex 5.63831 6.16364 0
    endloop
  endfacet
  facet normal -0 0 -1
    outer loop
      vertex 9.72941 -0.650561 0
      vertex 4.57828 -3.60451 0
      vertex 9.69938 -0.572712 0
    endloop
  endfacet
  facet normal 0 0 -1
    outer loop
      vertex 9.6 0 0
      vertex 5.52918 5.61501 0
      vertex 5.59048 5.88799 0
    endloop
  endfacet
  facet normal 0 0 -1
    outer loop
      vertex 4.40616 -3.38396 0
      vertex 9.69938 -0.572712 0
      vertex 4.57828 -3.60451 0
    endloop
  endfacet
  facet normal 0 0 -1
    outer loop
      vertex 9.6 0 0
      vertex 5.45456 5.34538 0
      vertex 5.52918 5.61501 0
    endloop
  endfacet
  facet normal -0 0 -1
    outer loop
      vertex 9.69938 -0.572712 0
      vertex 4.40616 -3.38396 0
      vertex 9.6732 -0.493484 0
    endloop
  endfacet
  facet normal 0 0 -1
    outer loop
      vertex 9.6 0 0
      vertex 5.3668 5.07973 0
      vertex 5.45456 5.34538 0
    endloop
  endfacet
  facet normal -0 0 -1
    outer loop
      vertex 9.6732 -0.493484 0
      vertex 4.40616 -3.38396 0
      vertex 9.65095 -0.413066 0
    endloop
  endfacet
  facet normal 0 0 -1
    outer loop
      vertex 9.6 0 0
      vertex 5.26611 4.8187 0
      vertex 5.3668 5.07973 0
    endloop
  endfacet
  facet normal 0 0 -1
    outer loop
      vertex 4.22342 -3.17211 0
      vertex 9.65095 -0.413066 0
      vertex 4.40616 -3.38396 0
    endloop
  endfacet
  facet normal 0 0 -1
    outer loop
      vertex 9.6 0 0
      vertex 5.15274 4.56294 0
      vertex 5.26611 4.8187 0
    endloop
  endfacet
  facet normal -0 0 -1
    outer loop
      vertex 9.65095 -0.413066 0
      vertex 4.22342 -3.17211 0
      vertex 9.63267 -0.331653 0
    endloop
  endfacet
  facet normal 0 0 -1
    outer loop
      vertex 9.6 0 0
      vertex 5.02695 4.31304 0
      vertex 5.15274 4.56294 0
    endloop
  endfacet
  facet normal -0 0 -1
    outer loop
      vertex 9.63267 -0.331653 0
      vertex 4.22342 -3.17211 0
      vertex 9.6184 -0.249441 0
    endloop
  endfacet
  facet normal 0 0 -1
    outer loop
      vertex 9.6 0 0
      vertex 4.88905 4.06961 0
      vertex 5.02695 4.31304 0
    endloop
  endfacet
  facet normal 0 0 -1
    outer loop
      vertex 4.03051 -2.96949 0
      vertex 9.6184 -0.249441 0
      vertex 4.22342 -3.17211 0
    endloop
  endfacet
  facet normal 0 0 -1
    outer loop
      vertex 9.6 0 0
      vertex 4.73938 3.83325 0
      vertex 4.88905 4.06961 0
    endloop
  endfacet
  facet normal -0 0 -1
    outer loop
      vertex 9.6184 -0.249441 0
      vertex 4.03051 -2.96949 0
      vertex 9.60819 -0.166629 0
    endloop
  endfacet
  facet normal 0 0 -1
    outer loop
      vertex 9.6 0 0
      vertex 4.57828 3.60451 0
      vertex 4.73938 3.83325 0
    endloop
  endfacet
  facet normal 0 0 -1
    outer loop
      vertex 3.82789 -2.77658 0
      vertex 9.60819 -0.166629 0
      vertex 4.03051 -2.96949 0
    endloop
  endfacet
  facet normal 0 0 -1
    outer loop
      vertex 9.6 0 0
      vertex 4.40616 3.38396 0
      vertex 4.57828 3.60451 0
    endloop
  endfacet
  facet normal -0 0 -1
    outer loop
      vertex 9.60819 -0.166629 0
      vertex 3.82789 -2.77658 0
      vertex 9.60205 -0.083415 0
    endloop
  endfacet
  facet normal 0 0 -1
    outer loop
      vertex 9.6 0 0
      vertex 4.22342 3.17211 0
      vertex 4.40616 3.38396 0
    endloop
  endfacet
  facet normal -0 0 -1
    outer loop
      vertex 9.60205 -0.083415 0
      vertex 3.82789 -2.77658 0
      vertex 9.6 0 0
    endloop
  endfacet
  facet normal 0 0 -1
    outer loop
      vertex 9.6 0 0
      vertex 4.03051 2.96949 0
      vertex 4.22342 3.17211 0
    endloop
  endfacet
  facet normal 0 0 -1
    outer loop
      vertex 3.82789 2.77658 0
      vertex 9.6 0 0
      vertex 3.82789 -2.77658 0
    endloop
  endfacet
  facet normal 0 0 -1
    outer loop
      vertex 9.6 0 0
      vertex 3.82789 2.77658 0
      vertex 4.03051 2.96949 0
    endloop
  endfacet
  facet normal 0 0 -1
    outer loop
      vertex 3.61604 -2.59384 0
      vertex 3.82789 2.77658 0
      vertex 3.82789 -2.77658 0
    endloop
  endfacet
  facet normal 0 0 -1
    outer loop
      vertex 3.61604 -2.59384 0
      vertex 3.61604 2.59384 0
      vertex 3.82789 2.77658 0
    endloop
  endfacet
  facet normal 0 0 -1
    outer loop
      vertex 3.39549 -2.42172 0
      vertex 3.61604 2.59384 0
      vertex 3.61604 -2.59384 0
    endloop
  endfacet
  facet normal 0 0 -1
    outer loop
      vertex 3.39549 -2.42172 0
      vertex 3.39549 2.42172 0
      vertex 3.61604 2.59384 0
    endloop
  endfacet
  facet normal 0 0 -1
    outer loop
      vertex 3.16675 -2.26062 0
      vertex 3.39549 2.42172 0
      vertex 3.39549 -2.42172 0
    endloop
  endfacet
  facet normal 0 0 -1
    outer loop
      vertex 3.16675 -2.26062 0
      vertex 3.16675 2.26062 0
      vertex 3.39549 2.42172 0
    endloop
  endfacet
  facet normal 0 0 -1
    outer loop
      vertex 2.93039 -2.11095 0
      vertex 3.16675 2.26062 0
      vertex 3.16675 -2.26062 0
    endloop
  endfacet
  facet normal 0 0 -1
    outer loop
      vertex 2.93039 -2.11095 0
      vertex 2.93039 2.11095 0
      vertex 3.16675 2.26062 0
    endloop
  endfacet
  facet normal 0 0 -1
    outer loop
      vertex 2.68696 -1.97305 0
      vertex 2.93039 2.11095 0
      vertex 2.93039 -2.11095 0
    endloop
  endfacet
  facet normal 0 0 -1
    outer loop
      vertex 2.68696 -1.97305 0
      vertex 2.68696 1.97305 0
      vertex 2.93039 2.11095 0
    endloop
  endfacet
  facet normal 0 0 -1
    outer loop
      vertex 2.43706 -1.84726 0
      vertex 2.68696 1.97305 0
      vertex 2.68696 -1.97305 0
    endloop
  endfacet
  facet normal 0 0 -1
    outer loop
      vertex 2.43706 -1.84726 0
      vertex 2.43706 1.84726 0
      vertex 2.68696 1.97305 0
    endloop
  endfacet
  facet normal 0 0 -1
    outer loop
      vertex 2.1813 -1.73389 0
      vertex 2.43706 1.84726 0
      vertex 2.43706 -1.84726 0
    endloop
  endfacet
  facet normal 0 0 -1
    outer loop
      vertex 2.1813 -1.73389 0
      vertex 2.1813 1.73389 0
      vertex 2.43706 1.84726 0
    endloop
  endfacet
  facet normal 0 0 -1
    outer loop
      vertex 1.92027 -1.6332 0
      vertex 2.1813 1.73389 0
      vertex 2.1813 -1.73389 0
    endloop
  endfacet
  facet normal 0 0 -1
    outer loop
      vertex 1.92027 -1.6332 0
      vertex 1.92027 1.6332 0
      vertex 2.1813 1.73389 0
    endloop
  endfacet
  facet normal 0 0 -1
    outer loop
      vertex 1.65462 -1.54544 0
      vertex 1.92027 1.6332 0
      vertex 1.92027 -1.6332 0
    endloop
  endfacet
  facet normal 0 0 -1
    outer loop
      vertex 1.65462 -1.54544 0
      vertex 1.65462 1.54544 0
      vertex 1.92027 1.6332 0
    endloop
  endfacet
  facet normal 0 0 -1
    outer loop
      vertex 1.38499 -1.47082 0
      vertex 1.65462 1.54544 0
      vertex 1.65462 -1.54544 0
    endloop
  endfacet
  facet normal 0 0 -1
    outer loop
      vertex 1.38499 -1.47082 0
      vertex 1.38499 1.47082 0
      vertex 1.65462 1.54544 0
    endloop
  endfacet
  facet normal 0 0 -1
    outer loop
      vertex 1.11201 -1.40952 0
      vertex 1.38499 1.47082 0
      vertex 1.38499 -1.47082 0
    endloop
  endfacet
  facet normal 0 0 -1
    outer loop
      vertex 1.11201 -1.40952 0
      vertex 1.11201 1.40952 0
      vertex 1.38499 1.47082 0
    endloop
  endfacet
  facet normal 0 0 -1
    outer loop
      vertex 0.836363 -1.36169 0
      vertex 1.11201 1.40952 0
      vertex 1.11201 -1.40952 0
    endloop
  endfacet
  facet normal 0 0 -1
    outer loop
      vertex 0.836363 -1.36169 0
      vertex 0.836363 1.36169 0
      vertex 1.11201 1.40952 0
    endloop
  endfacet
  facet normal 0 0 -1
    outer loop
      vertex 0.558697 -1.32745 0
      vertex 0.836363 1.36169 0
      vertex 0.836363 -1.36169 0
    endloop
  endfacet
  facet normal 0 0 -1
    outer loop
      vertex 0.558697 -1.32745 0
      vertex 0.558697 1.32745 0
      vertex 0.836363 1.36169 0
    endloop
  endfacet
  facet normal 0 0 -1
    outer loop
      vertex 0.279685 -1.30687 0
      vertex 0.558697 1.32745 0
      vertex 0.558697 -1.32745 0
    endloop
  endfacet
  facet normal 0 0 -1
    outer loop
      vertex 0.279685 -1.30687 0
      vertex 0.279685 1.30687 0
      vertex 0.558697 1.32745 0
    endloop
  endfacet
  facet normal 0 0 -1
    outer loop
      vertex 0 -1.3 0
      vertex 0.279685 1.30687 0
      vertex 0.279685 -1.30687 0
    endloop
  endfacet
  facet normal 0 0 -1
    outer loop
      vertex 0 -1.3 0
      vertex 0 1.3 0
      vertex 0.279685 1.30687 0
    endloop
  endfacet
  facet normal 0 0 -1
    outer loop
      vertex -0.279685 -1.30687 0
      vertex 0 1.3 0
      vertex 0 -1.3 0
    endloop
  endfacet
  facet normal 0 0 -1
    outer loop
      vertex -0.279685 -1.30687 0
      vertex -0.279685 1.30687 0
      vertex 0 1.3 0
    endloop
  endfacet
  facet normal 0 0 -1
    outer loop
      vertex -0.558697 -1.32745 0
      vertex -0.279685 1.30687 0
      vertex -0.279685 -1.30687 0
    endloop
  endfacet
  facet normal 0 0 -1
    outer loop
      vertex -0.558697 -1.32745 0
      vertex -0.558697 1.32745 0
      vertex -0.279685 1.30687 0
    endloop
  endfacet
  facet normal 0 0 -1
    outer loop
      vertex -0.836363 -1.36169 0
      vertex -0.558697 1.32745 0
      vertex -0.558697 -1.32745 0
    endloop
  endfacet
  facet normal 0 0 -1
    outer loop
      vertex -0.836363 -1.36169 0
      vertex -0.836363 1.36169 0
      vertex -0.558697 1.32745 0
    endloop
  endfacet
  facet normal 0 0 -1
    outer loop
      vertex -1.11201 -1.40952 0
      vertex -0.836363 1.36169 0
      vertex -0.836363 -1.36169 0
    endloop
  endfacet
  facet normal 0 0 -1
    outer loop
      vertex -1.11201 -1.40952 0
      vertex -1.11201 1.40952 0
      vertex -0.836363 1.36169 0
    endloop
  endfacet
  facet normal 0 0 -1
    outer loop
      vertex -1.38499 -1.47082 0
      vertex -1.11201 1.40952 0
      vertex -1.11201 -1.40952 0
    endloop
  endfacet
  facet normal 0 0 -1
    outer loop
      vertex -1.38499 -1.47082 0
      vertex -1.38499 1.47082 0
      vertex -1.11201 1.40952 0
    endloop
  endfacet
  facet normal 0 0 -1
    outer loop
      vertex -1.65462 -1.54544 0
      vertex -1.38499 1.47082 0
      vertex -1.38499 -1.47082 0
    endloop
  endfacet
  facet normal 0 0 -1
    outer loop
      vertex -1.65462 -1.54544 0
      vertex -1.65462 1.54544 0
      vertex -1.38499 1.47082 0
    endloop
  endfacet
  facet normal 0 0 -1
    outer loop
      vertex -1.92027 -1.6332 0
      vertex -1.65462 1.54544 0
      vertex -1.65462 -1.54544 0
    endloop
  endfacet
  facet normal 0 0 -1
    outer loop
      vertex -1.92027 -1.6332 0
      vertex -1.92027 1.6332 0
      vertex -1.65462 1.54544 0
    endloop
  endfacet
  facet normal 0 0 -1
    outer loop
      vertex -2.1813 -1.73389 0
      vertex -1.92027 1.6332 0
      vertex -1.92027 -1.6332 0
    endloop
  endfacet
  facet normal 0 0 -1
    outer loop
      vertex -2.1813 -1.73389 0
      vertex -2.1813 1.73389 0
      vertex -1.92027 1.6332 0
    endloop
  endfacet
  facet normal 0 0 -1
    outer loop
      vertex -2.43706 -1.84726 0
      vertex -2.1813 1.73389 0
      vertex -2.1813 -1.73389 0
    endloop
  endfacet
  facet normal 0 0 -1
    outer loop
      vertex -2.43706 -1.84726 0
      vertex -2.43706 1.84726 0
      vertex -2.1813 1.73389 0
    endloop
  endfacet
  facet normal 0 0 -1
    outer loop
      vertex -2.68696 -1.97305 0
      vertex -2.43706 1.84726 0
      vertex -2.43706 -1.84726 0
    endloop
  endfacet
  facet normal 0 0 -1
    outer loop
      vertex -2.68696 -1.97305 0
      vertex -2.68696 1.97305 0
      vertex -2.43706 1.84726 0
    endloop
  endfacet
  facet normal 0 0 -1
    outer loop
      vertex -2.93039 -2.11095 0
      vertex -2.68696 1.97305 0
      vertex -2.68696 -1.97305 0
    endloop
  endfacet
  facet normal 0 0 -1
    outer loop
      vertex -2.93039 -2.11095 0
      vertex -2.93039 2.11095 0
      vertex -2.68696 1.97305 0
    endloop
  endfacet
  facet normal 0 0 -1
    outer loop
      vertex -3.16675 -2.26062 0
      vertex -2.93039 2.11095 0
      vertex -2.93039 -2.11095 0
    endloop
  endfacet
  facet normal 0 0 -1
    outer loop
      vertex -3.16675 -2.26062 0
      vertex -3.16675 2.26062 0
      vertex -2.93039 2.11095 0
    endloop
  endfacet
  facet normal 0 0 -1
    outer loop
      vertex -3.39549 -2.42172 0
      vertex -3.16675 2.26062 0
      vertex -3.16675 -2.26062 0
    endloop
  endfacet
  facet normal 0 0 -1
    outer loop
      vertex -3.39549 -2.42172 0
      vertex -3.39549 2.42172 0
      vertex -3.16675 2.26062 0
    endloop
  endfacet
  facet normal 0 0 -1
    outer loop
      vertex -3.61604 -2.59384 0
      vertex -3.39549 2.42172 0
      vertex -3.39549 -2.42172 0
    endloop
  endfacet
  facet normal 0 0 -1
    outer loop
      vertex -3.61604 -2.59384 0
      vertex -3.61604 2.59384 0
      vertex -3.39549 2.42172 0
    endloop
  endfacet
  facet normal 0 0 -1
    outer loop
      vertex -3.82789 -2.77658 0
      vertex -3.61604 2.59384 0
      vertex -3.61604 -2.59384 0
    endloop
  endfacet
  facet normal 0 0 -1
    outer loop
      vertex -3.82789 -2.77658 0
      vertex -3.82789 2.77658 0
      vertex -3.61604 2.59384 0
    endloop
  endfacet
  facet normal 0 0 -1
    outer loop
      vertex -9.60819 -0.166629 0
      vertex -3.82789 -2.77658 0
      vertex -4.03051 -2.96949 0
    endloop
  endfacet
  facet normal 0 0 -1
    outer loop
      vertex -3.82789 -2.77658 0
      vertex -9.6 0 0
      vertex -3.82789 2.77658 0
    endloop
  endfacet
  facet normal 0 0 -1
    outer loop
      vertex -9.6184 -0.249441 0
      vertex -4.03051 -2.96949 0
      vertex -4.22342 -3.17211 0
    endloop
  endfacet
  facet normal 0 0 -1
    outer loop
      vertex -9.60205 0.083415 0
      vertex -3.82789 2.77658 0
      vertex -9.6 0 0
    endloop
  endfacet
  facet normal 0 0 -1
    outer loop
      vertex -9.63267 -0.331653 0
      vertex -4.22342 -3.17211 0
      vertex -4.40616 -3.38396 0
    endloop
  endfacet
  facet normal 0 0 -1
    outer loop
      vertex -9.60819 0.166629 0
      vertex -3.82789 2.77658 0
      vertex -9.60205 0.083415 0
    endloop
  endfacet
  facet normal 0 0 -1
    outer loop
      vertex -9.63267 -0.331653 0
      vertex -4.40616 -3.38396 0
      vertex -4.57828 -3.60451 0
    endloop
  endfacet
  facet normal -0 0 -1
    outer loop
      vertex -3.82789 2.77658 0
      vertex -9.60819 0.166629 0
      vertex -4.03051 2.96949 0
    endloop
  endfacet
  facet normal 0 0 -1
    outer loop
      vertex -9.63267 -0.331653 0
      vertex -4.57828 -3.60451 0
      vertex -4.73938 -3.83325 0
    endloop
  endfacet
  facet normal 0 0 -1
    outer loop
      vertex -9.6184 0.249441 0
      vertex -4.03051 2.96949 0
      vertex -9.60819 0.166629 0
    endloop
  endfacet
  facet normal 0 0 -1
    outer loop
      vertex -9.63267 -0.331653 0
      vertex -4.73938 -3.83325 0
      vertex -4.88905 -4.06961 0
    endloop
  endfacet
  facet normal -0 0 -1
    outer loop
      vertex -4.03051 2.96949 0
      vertex -9.6184 0.249441 0
      vertex -4.22342 3.17211 0
    endloop
  endfacet
  facet normal 0 0 -1
    outer loop
      vertex -9.63267 -0.331653 0
      vertex -4.88905 -4.06961 0
      vertex -5.02695 -4.31304 0
    endloop
  endfacet
  facet normal 0 0 -1
    outer loop
      vertex -9.63267 0.331653 0
      vertex -4.22342 3.17211 0
      vertex -9.6184 0.249441 0
    endloop
  endfacet
  facet normal 0 0 -1
    outer loop
      vertex -9.63267 -0.331653 0
      vertex -5.02695 -4.31304 0
      vertex -5.15274 -4.56294 0
    endloop
  endfacet
  facet normal 0 0 -1
    outer loop
      vertex -9.65095 0.413066 0
      vertex -4.22342 3.17211 0
      vertex -9.63267 0.331653 0
    endloop
  endfacet
  facet normal 0 0 -1
    outer loop
      vertex -9.63267 -0.331653 0
      vertex -5.15274 -4.56294 0
      vertex -5.26611 -4.8187 0
    endloop
  endfacet
  facet normal -0 0 -1
    outer loop
      vertex -4.22342 3.17211 0
      vertex -9.65095 0.413066 0
      vertex -4.40616 3.38396 0
    endloop
  endfacet
  facet normal 0 0 -1
    outer loop
      vertex -9.63267 -0.331653 0
      vertex -5.26611 -4.8187 0
      vertex -5.3668 -5.07973 0
    endloop
  endfacet
  facet normal 0 0 -1
    outer loop
      vertex -9.6732 0.493484 0
      vertex -4.40616 3.38396 0
      vertex -9.65095 0.413066 0
    endloop
  endfacet
  facet normal 0 0 -1
    outer loop
      vertex -9.63267 -0.331653 0
      vertex -5.3668 -5.07973 0
      vertex -5.45456 -5.34538 0
    endloop
  endfacet
  facet normal 0 0 -1
    outer loop
      vertex -9.69938 0.572712 0
      vertex -4.40616 3.38396 0
      vertex -9.6732 0.493484 0
    endloop
  endfacet
  facet normal 0 0 -1
    outer loop
      vertex -9.63267 -0.331653 0
      vertex -5.45456 -5.34538 0
      vertex -5.52918 -5.61501 0
    endloop
  endfacet
  facet normal -0 0 -1
    outer loop
      vertex -4.40616 3.38396 0
      vertex -9.69938 0.572712 0
      vertex -4.57828 3.60451 0
    endloop
  endfacet
  facet normal 0 0 -1
    outer loop
      vertex -9.63267 -0.331653 0
      vertex -5.52918 -5.61501 0
      vertex -5.59048 -5.88799 0
    endloop
  endfacet
  facet normal 0 0 -1
    outer loop
      vertex -9.72941 0.650561 0
      vertex -4.57828 3.60451 0
      vertex -9.69938 0.572712 0
    endloop
  endfacet
  facet normal 0 0 -1
    outer loop
      vertex -9.63267 -0.331653 0
      vertex -5.59048 -5.88799 0
      vertex -5.63831 -6.16364 0
    endloop
  endfacet
  facet normal 0 0 -1
    outer loop
      vertex -9.76322 0.726843 0
      vertex -4.57828 3.60451 0
      vertex -9.72941 0.650561 0
    endloop
  endfacet
  facet normal 0 0 -1
    outer loop
      vertex -9.63267 -0.331653 0
      vertex -5.63831 -6.16364 0
      vertex -5.67255 -6.4413 0
    endloop
  endfacet
  facet normal -0 0 -1
    outer loop
      vertex -4.57828 3.60451 0
      vertex -9.76322 0.726843 0
      vertex -4.73938 3.83325 0
    endloop
  endfacet
  facet normal 0 0 -1
    outer loop
      vertex -9.63267 -0.331653 0
      vertex -5.67255 -6.4413 0
      vertex -5.69313 -6.72031 0
    endloop
  endfacet
  facet normal 0 0 -1
    outer loop
      vertex -9.80073 0.801374 0
      vertex -4.73938 3.83325 0
      vertex -9.76322 0.726843 0
    endloop
  endfacet
  facet normal 0 0 -1
    outer loop
      vertex -9.63267 -0.331653 0
      vertex -5.69313 -6.72031 0
      vertex -5.7 -7 0
    endloop
  endfacet
  facet normal 0 0 -1
    outer loop
      vertex -9.84186 0.873974 0
      vertex -4.73938 3.83325 0
      vertex -9.80073 0.801374 0
    endloop
  endfacet
  facet normal -0 0 -1
    outer loop
      vertex 9.63687 10.6326 0
      vertex 5.52918 8.38499 0
      vertex 9.10354 11.0927 0
    endloop
  endfacet
  facet normal 0 0 -1
    outer loop
      vertex 5.45456 8.65462 0
      vertex 9.10354 11.0927 0
      vertex 5.52918 8.38499 0
    endloop
  endfacet
  facet normal 0 0 -1
    outer loop
      vertex 5.3668 8.92027 0
      vertex 9.10354 11.0927 0
      vertex 5.45456 8.65462 0
    endloop
  endfacet
  facet normal -0 0 -1
    outer loop
      vertex 9.10354 11.0927 0
      vertex 5.3668 8.92027 0
      vertex 8.54828 11.526 0
    endloop
  endfacet
  facet normal 0 0 -1
    outer loop
      vertex 5.26611 9.1813 0
      vertex 8.54828 11.526 0
      vertex 5.3668 8.92027 0
    endloop
  endfacet
  facet normal -0 0 -1
    outer loop
      vertex 8.54828 11.526 0
      vertex 5.26611 9.1813 0
      vertex 7.97243 11.9316 0
    endloop
  endfacet
  facet normal 0 0 -1
    outer loop
      vertex 5.15274 9.43706 0
      vertex 7.97243 11.9316 0
      vertex 5.26611 9.1813 0
    endloop
  endfacet
  facet normal 0 0 -1
    outer loop
      vertex 5.02695 9.68696 0
      vertex 7.97243 11.9316 0
      vertex 5.15274 9.43706 0
    endloop
  endfacet
  facet normal -0 0 -1
    outer loop
      vertex 7.97243 11.9316 0
      vertex 5.02695 9.68696 0
      vertex 7.37737 12.3084 0
    endloop
  endfacet
  facet normal 0 0 -1
    outer loop
      vertex 4.88905 9.93039 0
      vertex 7.37737 12.3084 0
      vertex 5.02695 9.68696 0
    endloop
  endfacet
  facet normal 0 0 -1
    outer loop
      vertex 4.73938 10.1667 0
      vertex 7.37737 12.3084 0
      vertex 4.88905 9.93039 0
    endloop
  endfacet
  facet normal -0 0 -1
    outer loop
      vertex 7.37737 12.3084 0
      vertex 4.73938 10.1667 0
      vertex 6.76454 12.6556 0
    endloop
  endfacet
  facet normal 0 0 -1
    outer loop
      vertex 4.57828 10.3955 0
      vertex 6.76454 12.6556 0
      vertex 4.73938 10.1667 0
    endloop
  endfacet
  facet normal -0 0 -1
    outer loop
      vertex 6.76454 12.6556 0
      vertex 4.57828 10.3955 0
      vertex 6.13542 12.9722 0
    endloop
  endfacet
  facet normal 0 0 -1
    outer loop
      vertex 4.40616 10.616 0
      vertex 6.13542 12.9722 0
      vertex 4.57828 10.3955 0
    endloop
  endfacet
  facet normal 0 0 -1
    outer loop
      vertex 4.22342 10.8279 0
      vertex 6.13542 12.9722 0
      vertex 4.40616 10.616 0
    endloop
  endfacet
  facet normal -0 0 -1
    outer loop
      vertex 6.13542 12.9722 0
      vertex 4.22342 10.8279 0
      vertex 5.49151 13.2577 0
    endloop
  endfacet
  facet normal 0 0 -1
    outer loop
      vertex 4.03051 11.0305 0
      vertex 5.49151 13.2577 0
      vertex 4.22342 10.8279 0
    endloop
  endfacet
  facet normal 0 0 -1
    outer loop
      vertex 3.82789 11.2234 0
      vertex 5.49151 13.2577 0
      vertex 4.03051 11.0305 0
    endloop
  endfacet
  facet normal -0 0 -1
    outer loop
      vertex 5.49151 13.2577 0
      vertex 3.82789 11.2234 0
      vertex 4.83437 13.5112 0
    endloop
  endfacet
  facet normal 0 0 -1
    outer loop
      vertex 3.61604 11.4062 0
      vertex 4.83437 13.5112 0
      vertex 3.82789 11.2234 0
    endloop
  endfacet
  facet normal 0 0 -1
    outer loop
      vertex 3.39549 11.5783 0
      vertex 4.83437 13.5112 0
      vertex 3.61604 11.4062 0
    endloop
  endfacet
  facet normal -0 0 -1
    outer loop
      vertex 4.83437 13.5112 0
      vertex 3.39549 11.5783 0
      vertex 4.16558 13.7321 0
    endloop
  endfacet
  facet normal 0 0 -1
    outer loop
      vertex 3.16675 11.7394 0
      vertex 4.16558 13.7321 0
      vertex 3.39549 11.5783 0
    endloop
  endfacet
  facet normal 0 0 -1
    outer loop
      vertex 2.93039 11.8891 0
      vertex 4.16558 13.7321 0
      vertex 3.16675 11.7394 0
    endloop
  endfacet
  facet normal -0 0 -1
    outer loop
      vertex 4.16558 13.7321 0
      vertex 2.93039 11.8891 0
      vertex 3.48676 13.9199 0
    endloop
  endfacet
  facet normal 0 0 -1
    outer loop
      vertex 2.68696 12.027 0
      vertex 3.48676 13.9199 0
      vertex 2.93039 11.8891 0
    endloop
  endfacet
  facet normal 0 0 -1
    outer loop
      vertex 2.43706 12.1527 0
      vertex 3.48676 13.9199 0
      vertex 2.68696 12.027 0
    endloop
  endfacet
  facet normal -0 0 -1
    outer loop
      vertex 3.48676 13.9199 0
      vertex 2.43706 12.1527 0
      vertex 2.79955 14.0743 0
    endloop
  endfacet
  facet normal 0 0 -1
    outer loop
      vertex 2.1813 12.2661 0
      vertex 2.79955 14.0743 0
      vertex 2.43706 12.1527 0
    endloop
  endfacet
  facet normal 0 0 -1
    outer loop
      vertex 1.92027 12.3668 0
      vertex 2.79955 14.0743 0
      vertex 2.1813 12.2661 0
    endloop
  endfacet
  facet normal -0 0 -1
    outer loop
      vertex 2.79955 14.0743 0
      vertex 1.92027 12.3668 0
      vertex 2.10558 14.1947 0
    endloop
  endfacet
  facet normal 0 0 -1
    outer loop
      vertex 1.65462 12.4546 0
      vertex 2.10558 14.1947 0
      vertex 1.92027 12.3668 0
    endloop
  endfacet
  facet normal 0 0 -1
    outer loop
      vertex 1.38499 12.5292 0
      vertex 2.10558 14.1947 0
      vertex 1.65462 12.4546 0
    endloop
  endfacet
  facet normal -0 0 -1
    outer loop
      vertex 2.10558 14.1947 0
      vertex 1.38499 12.5292 0
      vertex 1.40655 14.2809 0
    endloop
  endfacet
  facet normal 0 0 -1
    outer loop
      vertex 1.11201 12.5905 0
      vertex 1.40655 14.2809 0
      vertex 1.38499 12.5292 0
    endloop
  endfacet
  facet normal 0 0 -1
    outer loop
      vertex 0.836363 12.6383 0
      vertex 1.40655 14.2809 0
      vertex 1.11201 12.5905 0
    endloop
  endfacet
  facet normal 0 0 -1
    outer loop
      vertex 0.836363 12.6383 0
      vertex 0.704121 14.3327 0
      vertex 1.40655 14.2809 0
    endloop
  endfacet
  facet normal 0 0 -1
    outer loop
      vertex 0.558697 12.6726 0
      vertex 0.704121 14.3327 0
      vertex 0.836363 12.6383 0
    endloop
  endfacet
  facet normal 0 0 -1
    outer loop
      vertex 0.279685 12.6931 0
      vertex 0.704121 14.3327 0
      vertex 0.558697 12.6726 0
    endloop
  endfacet
  facet normal 0 0 -1
    outer loop
      vertex 0 14.35 0
      vertex 0.279685 12.6931 0
      vertex 0 12.7 0
    endloop
  endfacet
  facet normal 0 0 -1
    outer loop
      vertex 0.279685 12.6931 0
      vertex 0 14.35 0
      vertex 0.704121 14.3327 0
    endloop
  endfacet
  facet normal 0 0 -1
    outer loop
      vertex -0.279685 12.6931 0
      vertex 0 14.35 0
      vertex 0 12.7 0
    endloop
  endfacet
  facet normal 0 0 -1
    outer loop
      vertex -0.704121 14.3327 0
      vertex -0.279685 12.6931 0
      vertex -0.558697 12.6726 0
    endloop
  endfacet
  facet normal 0 0 -1
    outer loop
      vertex -0.279685 12.6931 0
      vertex -0.704121 14.3327 0
      vertex 0 14.35 0
    endloop
  endfacet
  facet normal 0 0 -1
    outer loop
      vertex -0.836363 12.6383 0
      vertex -0.704121 14.3327 0
      vertex -0.558697 12.6726 0
    endloop
  endfacet
  facet normal 0 0 -1
    outer loop
      vertex -1.40655 14.2809 0
      vertex -0.836363 12.6383 0
      vertex -1.11201 12.5905 0
    endloop
  endfacet
  facet normal 0 0 -1
    outer loop
      vertex -1.40655 14.2809 0
      vertex -1.11201 12.5905 0
      vertex -1.38499 12.5292 0
    endloop
  endfacet
  facet normal 0 0 -1
    outer loop
      vertex -0.836363 12.6383 0
      vertex -1.40655 14.2809 0
      vertex -0.704121 14.3327 0
    endloop
  endfacet
  facet normal 0 0 -1
    outer loop
      vertex -2.10558 14.1947 0
      vertex -1.38499 12.5292 0
      vertex -1.65462 12.4546 0
    endloop
  endfacet
  facet normal 0 0 -1
    outer loop
      vertex -2.10558 14.1947 0
      vertex -1.65462 12.4546 0
      vertex -1.92027 12.3668 0
    endloop
  endfacet
  facet normal 0 0 -1
    outer loop
      vertex -1.38499 12.5292 0
      vertex -2.10558 14.1947 0
      vertex -1.40655 14.2809 0
    endloop
  endfacet
  facet normal 0 0 -1
    outer loop
      vertex -2.79955 14.0743 0
      vertex -1.92027 12.3668 0
      vertex -2.1813 12.2661 0
    endloop
  endfacet
  facet normal 0 0 -1
    outer loop
      vertex -2.79955 14.0743 0
      vertex -2.1813 12.2661 0
      vertex -2.43706 12.1527 0
    endloop
  endfacet
  facet normal 0 0 -1
    outer loop
      vertex -3.48676 13.9199 0
      vertex -2.43706 12.1527 0
      vertex -2.68696 12.027 0
    endloop
  endfacet
  facet normal 0 0 -1
    outer loop
      vertex -1.92027 12.3668 0
      vertex -2.79955 14.0743 0
      vertex -2.10558 14.1947 0
    endloop
  endfacet
  facet normal 0 0 -1
    outer loop
      vertex -3.48676 13.9199 0
      vertex -2.68696 12.027 0
      vertex -2.93039 11.8891 0
    endloop
  endfacet
  facet normal 0 0 -1
    outer loop
      vertex -4.16558 13.7321 0
      vertex -2.93039 11.8891 0
      vertex -3.16675 11.7394 0
    endloop
  endfacet
  facet normal 0 0 -1
    outer loop
      vertex -4.16558 13.7321 0
      vertex -3.16675 11.7394 0
      vertex -3.39549 11.5783 0
    endloop
  endfacet
  facet normal 0 0 -1
    outer loop
      vertex -2.43706 12.1527 0
      vertex -3.48676 13.9199 0
      vertex -2.79955 14.0743 0
    endloop
  endfacet
  facet normal 0 0 -1
    outer loop
      vertex -4.83437 13.5112 0
      vertex -3.39549 11.5783 0
      vertex -3.61604 11.4062 0
    endloop
  endfacet
  facet normal 0 0 -1
    outer loop
      vertex -4.83437 13.5112 0
      vertex -3.61604 11.4062 0
      vertex -3.82789 11.2234 0
    endloop
  endfacet
  facet normal 0 0 -1
    outer loop
      vertex -5.49151 13.2577 0
      vertex -3.82789 11.2234 0
      vertex -4.03051 11.0305 0
    endloop
  endfacet
  facet normal 0 0 -1
    outer loop
      vertex -2.93039 11.8891 0
      vertex -4.16558 13.7321 0
      vertex -3.48676 13.9199 0
    endloop
  endfacet
  facet normal 0 0 -1
    outer loop
      vertex -5.49151 13.2577 0
      vertex -4.03051 11.0305 0
      vertex -4.22342 10.8279 0
    endloop
  endfacet
  facet normal 0 0 -1
    outer loop
      vertex -6.13542 12.9722 0
      vertex -4.22342 10.8279 0
      vertex -4.40616 10.616 0
    endloop
  endfacet
  facet normal 0 0 -1
    outer loop
      vertex -6.13542 12.9722 0
      vertex -4.40616 10.616 0
      vertex -4.57828 10.3955 0
    endloop
  endfacet
  facet normal 0 0 -1
    outer loop
      vertex -6.76454 12.6556 0
      vertex -4.57828 10.3955 0
      vertex -4.73938 10.1667 0
    endloop
  endfacet
  facet normal 0 0 -1
    outer loop
      vertex -3.39549 11.5783 0
      vertex -4.83437 13.5112 0
      vertex -4.16558 13.7321 0
    endloop
  endfacet
  facet normal 0 0 -1
    outer loop
      vertex -7.37737 12.3084 0
      vertex -4.73938 10.1667 0
      vertex -4.88905 9.93039 0
    endloop
  endfacet
  facet normal 0 0 -1
    outer loop
      vertex -7.37737 12.3084 0
      vertex -4.88905 9.93039 0
      vertex -5.02695 9.68696 0
    endloop
  endfacet
  facet normal 0 0 -1
    outer loop
      vertex -7.97243 11.9316 0
      vertex -5.02695 9.68696 0
      vertex -5.15274 9.43706 0
    endloop
  endfacet
  facet normal 0 0 -1
    outer loop
      vertex -7.97243 11.9316 0
      vertex -5.15274 9.43706 0
      vertex -5.26611 9.1813 0
    endloop
  endfacet
  facet normal 0 0 -1
    outer loop
      vertex -8.54828 11.526 0
      vertex -5.26611 9.1813 0
      vertex -5.3668 8.92027 0
    endloop
  endfacet
  facet normal 0 0 -1
    outer loop
      vertex -9.10354 11.0927 0
      vertex -5.3668 8.92027 0
      vertex -5.45456 8.65462 0
    endloop
  endfacet
  facet normal 0 0 -1
    outer loop
      vertex -3.82789 11.2234 0
      vertex -5.49151 13.2577 0
      vertex -4.83437 13.5112 0
    endloop
  endfacet
  facet normal 0 0 -1
    outer loop
      vertex -9.10354 11.0927 0
      vertex -5.45456 8.65462 0
      vertex -5.52918 8.38499 0
    endloop
  endfacet
  facet normal 0 0 -1
    outer loop
      vertex -9.10354 11.0927 0
      vertex -5.52918 8.38499 0
      vertex -5.59048 8.11201 0
    endloop
  endfacet
  facet normal 0 0 -1
    outer loop
      vertex -9.10354 11.0927 0
      vertex -5.59048 8.11201 0
      vertex -5.63831 7.83636 0
    endloop
  endfacet
  facet normal 0 0 -1
    outer loop
      vertex -9.10354 11.0927 0
      vertex -5.63831 7.83636 0
      vertex -5.67255 7.5587 0
    endloop
  endfacet
  facet normal 0 0 -1
    outer loop
      vertex -9.10354 11.0927 0
      vertex -5.67255 7.5587 0
      vertex -5.69313 7.27969 0
    endloop
  endfacet
  facet normal 0 0 -1
    outer loop
      vertex -4.22342 10.8279 0
      vertex -6.13542 12.9722 0
      vertex -5.49151 13.2577 0
    endloop
  endfacet
  facet normal 0 0 -1
    outer loop
      vertex -9.10354 11.0927 0
      vertex -5.69313 7.27969 0
      vertex -5.7 7 0
    endloop
  endfacet
  facet normal 0 0 -1
    outer loop
      vertex -4.22342 -3.17211 0
      vertex -9.63267 -0.331653 0
      vertex -9.6184 -0.249441 0
    endloop
  endfacet
  facet normal 0 0 -1
    outer loop
      vertex -9.84186 -0.873974 0
      vertex -6.13542 -12.9722 0
      vertex -6.76454 -12.6556 0
    endloop
  endfacet
  facet normal 0 0 -1
    outer loop
      vertex -5.69313 6.72031 0
      vertex -9.10354 11.0927 0
      vertex -5.7 7 0
    endloop
  endfacet
  facet normal 0 0 -1
    outer loop
      vertex -9.8865 -0.944468 0
      vertex -6.76454 -12.6556 0
      vertex -7.37737 -12.3084 0
    endloop
  endfacet
  facet normal 0 0 -1
    outer loop
      vertex -4.57828 10.3955 0
      vertex -6.76454 12.6556 0
      vertex -6.13542 12.9722 0
    endloop
  endfacet
  facet normal 0 0 -1
    outer loop
      vertex -9.8865 -0.944468 0
      vertex -7.37737 -12.3084 0
      vertex -7.97243 -11.9316 0
    endloop
  endfacet
  facet normal 0 0 -1
    outer loop
      vertex -4.73938 10.1667 0
      vertex -7.37737 12.3084 0
      vertex -6.76454 12.6556 0
    endloop
  endfacet
  facet normal 0 0 -1
    outer loop
      vertex -9.93455 -1.01269 0
      vertex -7.97243 -11.9316 0
      vertex -8.54828 -11.526 0
    endloop
  endfacet
  facet normal 0 0 -1
    outer loop
      vertex -5.02695 9.68696 0
      vertex -7.97243 11.9316 0
      vertex -7.37737 12.3084 0
    endloop
  endfacet
  facet normal 0 0 -1
    outer loop
      vertex -9.98588 -1.07847 0
      vertex -8.54828 -11.526 0
      vertex -9.10354 -11.0927 0
    endloop
  endfacet
  facet normal 0 0 -1
    outer loop
      vertex -5.26611 9.1813 0
      vertex -8.54828 11.526 0
      vertex -7.97243 11.9316 0
    endloop
  endfacet
  facet normal 0 0 -1
    outer loop
      vertex -5.3668 8.92027 0
      vertex -9.10354 11.0927 0
      vertex -8.54828 11.526 0
    endloop
  endfacet
  facet normal 0 0 -1
    outer loop
      vertex -5.67255 6.4413 0
      vertex -9.10354 11.0927 0
      vertex -5.69313 6.72031 0
    endloop
  endfacet
  facet normal 0 0 -1
    outer loop
      vertex -3.82789 -2.77658 0
      vertex -9.60205 -0.083415 0
      vertex -9.6 0 0
    endloop
  endfacet
  facet normal 0 0 -1
    outer loop
      vertex -3.82789 -2.77658 0
      vertex -9.60819 -0.166629 0
      vertex -9.60205 -0.083415 0
    endloop
  endfacet
  facet normal 0 0 -1
    outer loop
      vertex -4.03051 -2.96949 0
      vertex -9.6184 -0.249441 0
      vertex -9.60819 -0.166629 0
    endloop
  endfacet
  facet normal 0 0 -1
    outer loop
      vertex -10.0404 -1.14165 0
      vertex -9.10354 -11.0927 0
      vertex -9.63687 -10.6326 0
    endloop
  endfacet
  facet normal 0 0 -1
    outer loop
      vertex -6.13542 -12.9722 0
      vertex -9.65095 -0.413066 0
      vertex -9.63267 -0.331653 0
    endloop
  endfacet
  facet normal 0 0 -1
    outer loop
      vertex -6.13542 -12.9722 0
      vertex -9.6732 -0.493484 0
      vertex -9.65095 -0.413066 0
    endloop
  endfacet
  facet normal 0 0 -1
    outer loop
      vertex -6.13542 -12.9722 0
      vertex -9.69938 -0.572712 0
      vertex -9.6732 -0.493484 0
    endloop
  endfacet
  facet normal 0 0 -1
    outer loop
      vertex -6.13542 -12.9722 0
      vertex -9.72941 -0.650561 0
      vertex -9.69938 -0.572712 0
    endloop
  endfacet
  facet normal 0 0 -1
    outer loop
      vertex -6.13542 -12.9722 0
      vertex -9.76322 -0.726843 0
      vertex -9.72941 -0.650561 0
    endloop
  endfacet
  facet normal 0 0 -1
    outer loop
      vertex -6.13542 -12.9722 0
      vertex -9.80073 -0.801374 0
      vertex -9.76322 -0.726843 0
    endloop
  endfacet
  facet normal 0 0 -1
    outer loop
      vertex -6.13542 -12.9722 0
      vertex -9.84186 -0.873974 0
      vertex -9.80073 -0.801374 0
    endloop
  endfacet
  facet normal 0 0 -1
    outer loop
      vertex -6.76454 -12.6556 0
      vertex -9.8865 -0.944468 0
      vertex -9.84186 -0.873974 0
    endloop
  endfacet
  facet normal 0 0 -1
    outer loop
      vertex -7.97243 -11.9316 0
      vertex -9.93455 -1.01269 0
      vertex -9.8865 -0.944468 0
    endloop
  endfacet
  facet normal 0 0 -1
    outer loop
      vertex -8.54828 -11.526 0
      vertex -9.98588 -1.07847 0
      vertex -9.93455 -1.01269 0
    endloop
  endfacet
  facet normal 0 0 -1
    outer loop
      vertex -9.10354 -11.0927 0
      vertex -10.0404 -1.14165 0
      vertex -9.98588 -1.07847 0
    endloop
  endfacet
  facet normal 0 0 -1
    outer loop
      vertex -9.63687 -10.6326 0
      vertex -10.0979 -1.20208 0
      vertex -10.0404 -1.14165 0
    endloop
  endfacet
  facet normal 0 0 -1
    outer loop
      vertex -10.147 -10.147 0
      vertex -10.0979 -1.20208 0
      vertex -9.63687 -10.6326 0
    endloop
  endfacet
  facet normal 0 0 -1
    outer loop
      vertex -10.147 -10.147 0
      vertex -10.1583 -1.25962 0
      vertex -10.0979 -1.20208 0
    endloop
  endfacet
  facet normal 0 0 -1
    outer loop
      vertex -10.6326 -9.63687 0
      vertex -10.1583 -1.25962 0
      vertex -10.147 -10.147 0
    endloop
  endfacet
  facet normal 0 0 -1
    outer loop
      vertex -10.1583 -1.25962 0
      vertex -10.6326 -9.63687 0
      vertex -10.2215 -1.31412 0
    endloop
  endfacet
  facet normal 0 0 -1
    outer loop
      vertex -11.0927 -9.10354 0
      vertex -10.2215 -1.31412 0
      vertex -10.6326 -9.63687 0
    endloop
  endfacet
  facet normal 0 0 -1
    outer loop
      vertex -10.2215 -1.31412 0
      vertex -11.0927 -9.10354 0
      vertex -10.2873 -1.36545 0
    endloop
  endfacet
  facet normal 0 0 -1
    outer loop
      vertex -11.526 -8.54828 0
      vertex -10.2873 -1.36545 0
      vertex -11.0927 -9.10354 0
    endloop
  endfacet
  facet normal 0 0 -1
    outer loop
      vertex -10.2873 -1.36545 0
      vertex -11.526 -8.54828 0
      vertex -10.3555 -1.4135 0
    endloop
  endfacet
  facet normal 0 0 -1
    outer loop
      vertex -10.3555 -1.4135 0
      vertex -11.526 -8.54828 0
      vertex -10.426 -1.45814 0
    endloop
  endfacet
  facet normal 0 0 -1
    outer loop
      vertex -11.9316 -7.97243 0
      vertex -10.426 -1.45814 0
      vertex -11.526 -8.54828 0
    endloop
  endfacet
  facet normal 0 0 -1
    outer loop
      vertex -10.426 -1.45814 0
      vertex -11.9316 -7.97243 0
      vertex -10.4986 -1.49927 0
    endloop
  endfacet
  facet normal 0 0 -1
    outer loop
      vertex -12.3084 -7.37737 0
      vertex -10.4986 -1.49927 0
      vertex -11.9316 -7.97243 0
    endloop
  endfacet
  facet normal 0 0 -1
    outer loop
      vertex -10.4986 -1.49927 0
      vertex -12.3084 -7.37737 0
      vertex -10.5732 -1.53678 0
    endloop
  endfacet
  facet normal 0 0 -1
    outer loop
      vertex -10.5732 -1.53678 0
      vertex -12.3084 -7.37737 0
      vertex -10.6494 -1.57059 0
    endloop
  endfacet
  facet normal 0 0 -1
    outer loop
      vertex -12.6556 -6.76454 0
      vertex -10.6494 -1.57059 0
      vertex -12.3084 -7.37737 0
    endloop
  endfacet
  facet normal 0 0 -1
    outer loop
      vertex -10.6494 -1.57059 0
      vertex -12.6556 -6.76454 0
      vertex -10.7273 -1.60062 0
    endloop
  endfacet
  facet normal 0 0 -1
    outer loop
      vertex -10.7273 -1.60062 0
      vertex -12.6556 -6.76454 0
      vertex -10.8065 -1.6268 0
    endloop
  endfacet
  facet normal 0 0 -1
    outer loop
      vertex -12.9722 -6.13542 0
      vertex -10.8065 -1.6268 0
      vertex -12.6556 -6.76454 0
    endloop
  endfacet
  facet normal 0 0 -1
    outer loop
      vertex -10.8065 -1.6268 0
      vertex -12.9722 -6.13542 0
      vertex -10.8869 -1.64905 0
    endloop
  endfacet
  facet normal 0 0 -1
    outer loop
      vertex -10.8869 -1.64905 0
      vertex -12.9722 -6.13542 0
      vertex -10.9683 -1.66733 0
    endloop
  endfacet
  facet normal 0 0 -1
    outer loop
      vertex -13.2577 -5.49151 0
      vertex -10.9683 -1.66733 0
      vertex -12.9722 -6.13542 0
    endloop
  endfacet
  facet normal 0 0 -1
    outer loop
      vertex -10.9683 -1.66733 0
      vertex -13.2577 -5.49151 0
      vertex -11.0506 -1.6816 0
    endloop
  endfacet
  facet normal 0 0 -1
    outer loop
      vertex -11.0506 -1.6816 0
      vertex -13.2577 -5.49151 0
      vertex -11.1334 -1.69181 0
    endloop
  endfacet
  facet normal 0 0 -1
    outer loop
      vertex -11.1334 -1.69181 0
      vertex -13.2577 -5.49151 0
      vertex -11.2166 -1.69795 0
    endloop
  endfacet
  facet normal 0 0 -1
    outer loop
      vertex -13.5112 -4.83437 0
      vertex -11.2166 -1.69795 0
      vertex -13.2577 -5.49151 0
    endloop
  endfacet
  facet normal 0 0 -1
    outer loop
      vertex -11.2166 -1.69795 0
      vertex -13.5112 -4.83437 0
      vertex -11.3 -1.7 0
    endloop
  endfacet
  facet normal -0 0 -1
    outer loop
      vertex -11.3 -1.7 0
      vertex -13.5112 -4.83437 0
      vertex -11.3834 -1.69795 0
    endloop
  endfacet
  facet normal -0 0 -1
    outer loop
      vertex -11.3834 -1.69795 0
      vertex -13.5112 -4.83437 0
      vertex -11.4666 -1.69181 0
    endloop
  endfacet
  facet normal 0 0 -1
    outer loop
      vertex -13.7321 -4.16558 0
      vertex -11.4666 -1.69181 0
      vertex -13.5112 -4.83437 0
    endloop
  endfacet
  facet normal -0 0 -1
    outer loop
      vertex -11.4666 -1.69181 0
      vertex -13.7321 -4.16558 0
      vertex -11.5494 -1.6816 0
    endloop
  endfacet
  facet normal -0 0 -1
    outer loop
      vertex -11.5494 -1.6816 0
      vertex -13.7321 -4.16558 0
      vertex -11.6317 -1.66733 0
    endloop
  endfacet
  facet normal -0 0 -1
    outer loop
      vertex -11.6317 -1.66733 0
      vertex -13.7321 -4.16558 0
      vertex -11.7131 -1.64905 0
    endloop
  endfacet
  facet normal 0 0 -1
    outer loop
      vertex -13.9199 -3.48676 0
      vertex -11.7131 -1.64905 0
      vertex -13.7321 -4.16558 0
    endloop
  endfacet
  facet normal -0 0 -1
    outer loop
      vertex -11.7131 -1.64905 0
      vertex -13.9199 -3.48676 0
      vertex -11.7935 -1.6268 0
    endloop
  endfacet
  facet normal -0 0 -1
    outer loop
      vertex -11.7935 -1.6268 0
      vertex -13.9199 -3.48676 0
      vertex -11.8727 -1.60062 0
    endloop
  endfacet
  facet normal -0 0 -1
    outer loop
      vertex -11.8727 -1.60062 0
      vertex -13.9199 -3.48676 0
      vertex -11.9506 -1.57059 0
    endloop
  endfacet
  facet normal -0 0 -1
    outer loop
      vertex -11.9506 -1.57059 0
      vertex -13.9199 -3.48676 0
      vertex -12.0268 -1.53678 0
    endloop
  endfacet
  facet normal 0 0 -1
    outer loop
      vertex -14.0743 -2.79955 0
      vertex -12.0268 -1.53678 0
      vertex -13.9199 -3.48676 0
    endloop
  endfacet
  facet normal -0 0 -1
    outer loop
      vertex -12.0268 -1.53678 0
      vertex -14.0743 -2.79955 0
      vertex -12.1014 -1.49927 0
    endloop
  endfacet
  facet normal -0 0 -1
    outer loop
      vertex -12.1014 -1.49927 0
      vertex -14.0743 -2.79955 0
      vertex -12.174 -1.45814 0
    endloop
  endfacet
  facet normal -0 0 -1
    outer loop
      vertex -12.174 -1.45814 0
      vertex -14.0743 -2.79955 0
      vertex -12.2445 -1.4135 0
    endloop
  endfacet
  facet normal -0 0 -1
    outer loop
      vertex -12.2445 -1.4135 0
      vertex -14.0743 -2.79955 0
      vertex -12.3127 -1.36545 0
    endloop
  endfacet
  facet normal 0 0 -1
    outer loop
      vertex -14.1947 -2.10558 0
      vertex -12.3127 -1.36545 0
      vertex -14.0743 -2.79955 0
    endloop
  endfacet
  facet normal -0 0 -1
    outer loop
      vertex -12.3127 -1.36545 0
      vertex -14.1947 -2.10558 0
      vertex -12.3785 -1.31412 0
    endloop
  endfacet
  facet normal -0 0 -1
    outer loop
      vertex -12.3785 -1.31412 0
      vertex -14.1947 -2.10558 0
      vertex -12.4417 -1.25962 0
    endloop
  endfacet
  facet normal -0 0 -1
    outer loop
      vertex -12.4417 -1.25962 0
      vertex -14.1947 -2.10558 0
      vertex -12.5021 -1.20208 0
    endloop
  endfacet
  facet normal -0 0 -1
    outer loop
      vertex -12.5021 -1.20208 0
      vertex -14.1947 -2.10558 0
      vertex -12.5596 -1.14165 0
    endloop
  endfacet
  facet normal -0 0 -1
    outer loop
      vertex -12.5596 -1.14165 0
      vertex -14.1947 -2.10558 0
      vertex -12.6141 -1.07847 0
    endloop
  endfacet
  facet normal 0 0 -1
    outer loop
      vertex -14.2809 -1.40655 0
      vertex -12.6141 -1.07847 0
      vertex -14.1947 -2.10558 0
    endloop
  endfacet
  facet normal -0 0 -1
    outer loop
      vertex -12.6141 -1.07847 0
      vertex -14.2809 -1.40655 0
      vertex -12.6655 -1.01269 0
    endloop
  endfacet
  facet normal -0 0 -1
    outer loop
      vertex -12.6655 -1.01269 0
      vertex -14.2809 -1.40655 0
      vertex -12.7135 -0.944468 0
    endloop
  endfacet
  facet normal -0 0 -1
    outer loop
      vertex -12.7135 -0.944468 0
      vertex -14.2809 -1.40655 0
      vertex -12.7581 -0.873974 0
    endloop
  endfacet
  facet normal -0 0 -1
    outer loop
      vertex -12.7581 -0.873974 0
      vertex -14.2809 -1.40655 0
      vertex -12.7993 -0.801374 0
    endloop
  endfacet
  facet normal -0 0 -1
    outer loop
      vertex -12.7993 -0.801374 0
      vertex -14.2809 -1.40655 0
      vertex -12.8368 -0.726843 0
    endloop
  endfacet
  facet normal -0 0 -1
    outer loop
      vertex -12.8368 -0.726843 0
      vertex -14.2809 -1.40655 0
      vertex -12.8706 -0.650561 0
    endloop
  endfacet
  facet normal 0 0 -1
    outer loop
      vertex -14.3327 -0.704121 0
      vertex -12.8706 -0.650561 0
      vertex -14.2809 -1.40655 0
    endloop
  endfacet
  facet normal -0 0 -1
    outer loop
      vertex -12.8706 -0.650561 0
      vertex -14.3327 -0.704121 0
      vertex -12.9006 -0.572712 0
    endloop
  endfacet
  facet normal 0 0 -1
    outer loop
      vertex 12.9816 -0.249441 0
      vertex 14.35 0 0
      vertex 14.3327 -0.704121 0
    endloop
  endfacet
  facet normal 0 0 -1
    outer loop
      vertex 12.8706 -0.650561 0
      vertex 14.3327 -0.704121 0
      vertex 14.2809 -1.40655 0
    endloop
  endfacet
  facet normal 0 0 -1
    outer loop
      vertex 14.35 0 0
      vertex 12.9918 -0.166629 0
      vertex 12.998 -0.083415 0
    endloop
  endfacet
  facet normal 0 0 -1
    outer loop
      vertex 12.6141 -1.07847 0
      vertex 14.2809 -1.40655 0
      vertex 14.1947 -2.10558 0
    endloop
  endfacet
  facet normal -0 0 -1
    outer loop
      vertex 14.35 0 0
      vertex 12.998 -0.083415 0
      vertex 13 0 0
    endloop
  endfacet
  facet normal 0 0 -1
    outer loop
      vertex 12.3127 -1.36545 0
      vertex 14.1947 -2.10558 0
      vertex 14.0743 -2.79955 0
    endloop
  endfacet
  facet normal 0 0 -1
    outer loop
      vertex 12.998 0.083415 0
      vertex 14.35 0 0
      vertex 13 0 0
    endloop
  endfacet
  facet normal 0 0 -1
    outer loop
      vertex 12.0268 -1.53678 0
      vertex 14.0743 -2.79955 0
      vertex 13.9199 -3.48676 0
    endloop
  endfacet
  facet normal 0 0 -1
    outer loop
      vertex 12.9816 0.249441 0
      vertex 14.35 0 0
      vertex 12.9918 0.166629 0
    endloop
  endfacet
  facet normal 0 0 -1
    outer loop
      vertex 11.7131 -1.64905 0
      vertex 13.9199 -3.48676 0
      vertex 13.7321 -4.16558 0
    endloop
  endfacet
  facet normal 0 0 -1
    outer loop
      vertex 14.35 0 0
      vertex 12.9816 0.249441 0
      vertex 14.3327 0.704121 0
    endloop
  endfacet
  facet normal 0 0 -1
    outer loop
      vertex 11.4666 -1.69181 0
      vertex 13.7321 -4.16558 0
      vertex 13.5112 -4.83437 0
    endloop
  endfacet
  facet normal 0 0 -1
    outer loop
      vertex 12.9673 0.331653 0
      vertex 14.3327 0.704121 0
      vertex 12.9816 0.249441 0
    endloop
  endfacet
  facet normal 0 0 -1
    outer loop
      vertex 11.2166 -1.69795 0
      vertex 13.5112 -4.83437 0
      vertex 13.2577 -5.49151 0
    endloop
  endfacet
  facet normal 0 0 -1
    outer loop
      vertex 12.9268 0.493484 0
      vertex 14.3327 0.704121 0
      vertex 12.9491 0.413066 0
    endloop
  endfacet
  facet normal 0 0 -1
    outer loop
      vertex 12.9006 0.572712 0
      vertex 14.3327 0.704121 0
      vertex 12.9268 0.493484 0
    endloop
  endfacet
  facet normal 0 0 -1
    outer loop
      vertex 12.9491 0.413066 0
      vertex 14.3327 0.704121 0
      vertex 12.9673 0.331653 0
    endloop
  endfacet
  facet normal 0 0 -1
    outer loop
      vertex 12.9918 0.166629 0
      vertex 14.35 0 0
      vertex 12.998 0.083415 0
    endloop
  endfacet
  facet normal 0 0 -1
    outer loop
      vertex 14.35 0 0
      vertex 12.9816 -0.249441 0
      vertex 12.9918 -0.166629 0
    endloop
  endfacet
  facet normal 0 0 -1
    outer loop
      vertex 10.9683 -1.66733 0
      vertex 13.2577 -5.49151 0
      vertex 12.9722 -6.13542 0
    endloop
  endfacet
  facet normal 0 0 -1
    outer loop
      vertex 14.3327 -0.704121 0
      vertex 12.9673 -0.331653 0
      vertex 12.9816 -0.249441 0
    endloop
  endfacet
  facet normal 0 0 -1
    outer loop
      vertex 14.3327 -0.704121 0
      vertex 12.9491 -0.413066 0
      vertex 12.9673 -0.331653 0
    endloop
  endfacet
  facet normal 0 0 -1
    outer loop
      vertex 14.3327 -0.704121 0
      vertex 12.9268 -0.493484 0
      vertex 12.9491 -0.413066 0
    endloop
  endfacet
  facet normal 0 0 -1
    outer loop
      vertex 14.3327 -0.704121 0
      vertex 12.9006 -0.572712 0
      vertex 12.9268 -0.493484 0
    endloop
  endfacet
  facet normal 0 0 -1
    outer loop
      vertex 14.3327 -0.704121 0
      vertex 12.8706 -0.650561 0
      vertex 12.9006 -0.572712 0
    endloop
  endfacet
  facet normal 0 0 -1
    outer loop
      vertex 14.2809 -1.40655 0
      vertex 12.8368 -0.726843 0
      vertex 12.8706 -0.650561 0
    endloop
  endfacet
  facet normal 0 0 -1
    outer loop
      vertex 14.2809 -1.40655 0
      vertex 12.7993 -0.801374 0
      vertex 12.8368 -0.726843 0
    endloop
  endfacet
  facet normal 0 0 -1
    outer loop
      vertex 14.2809 -1.40655 0
      vertex 12.7581 -0.873974 0
      vertex 12.7993 -0.801374 0
    endloop
  endfacet
  facet normal 0 0 -1
    outer loop
      vertex 14.2809 -1.40655 0
      vertex 12.7135 -0.944468 0
      vertex 12.7581 -0.873974 0
    endloop
  endfacet
  facet normal 0 0 -1
    outer loop
      vertex 14.2809 -1.40655 0
      vertex 12.6655 -1.01269 0
      vertex 12.7135 -0.944468 0
    endloop
  endfacet
  facet normal 0 0 -1
    outer loop
      vertex 10.8065 -1.6268 0
      vertex 12.9722 -6.13542 0
      vertex 12.6556 -6.76454 0
    endloop
  endfacet
  facet normal 0 0 -1
    outer loop
      vertex 14.2809 -1.40655 0
      vertex 12.6141 -1.07847 0
      vertex 12.6655 -1.01269 0
    endloop
  endfacet
  facet normal 0 0 -1
    outer loop
      vertex 14.1947 -2.10558 0
      vertex 12.5596 -1.14165 0
      vertex 12.6141 -1.07847 0
    endloop
  endfacet
  facet normal 0 0 -1
    outer loop
      vertex 14.1947 -2.10558 0
      vertex 12.5021 -1.20208 0
      vertex 12.5596 -1.14165 0
    endloop
  endfacet
  facet normal 0 0 -1
    outer loop
      vertex 14.1947 -2.10558 0
      vertex 12.4417 -1.25962 0
      vertex 12.5021 -1.20208 0
    endloop
  endfacet
  facet normal 0 0 -1
    outer loop
      vertex 14.1947 -2.10558 0
      vertex 12.3785 -1.31412 0
      vertex 12.4417 -1.25962 0
    endloop
  endfacet
  facet normal 0 0 -1
    outer loop
      vertex 14.1947 -2.10558 0
      vertex 12.3127 -1.36545 0
      vertex 12.3785 -1.31412 0
    endloop
  endfacet
  facet normal 0 0 -1
    outer loop
      vertex 5.63831 -6.16364 0
      vertex 11.9316 -7.97243 0
      vertex 5.67255 -6.4413 0
    endloop
  endfacet
  facet normal 0 0 -1
    outer loop
      vertex 14.0743 -2.79955 0
      vertex 12.2445 -1.4135 0
      vertex 12.3127 -1.36545 0
    endloop
  endfacet
  facet normal 0 0 -1
    outer loop
      vertex 14.0743 -2.79955 0
      vertex 12.174 -1.45814 0
      vertex 12.2445 -1.4135 0
    endloop
  endfacet
  facet normal 0 0 -1
    outer loop
      vertex 14.0743 -2.79955 0
      vertex 12.1014 -1.49927 0
      vertex 12.174 -1.45814 0
    endloop
  endfacet
  facet normal 0 0 -1
    outer loop
      vertex 14.0743 -2.79955 0
      vertex 12.0268 -1.53678 0
      vertex 12.1014 -1.49927 0
    endloop
  endfacet
  facet normal 0 0 -1
    outer loop
      vertex 13.9199 -3.48676 0
      vertex 11.9506 -1.57059 0
      vertex 12.0268 -1.53678 0
    endloop
  endfacet
  facet normal 0 0 -1
    outer loop
      vertex 11.526 -8.54828 0
      vertex 5.69313 -6.72031 0
      vertex 11.9316 -7.97243 0
    endloop
  endfacet
  facet normal 0 0 -1
    outer loop
      vertex 13.9199 -3.48676 0
      vertex 11.8727 -1.60062 0
      vertex 11.9506 -1.57059 0
    endloop
  endfacet
  facet normal 0 0 -1
    outer loop
      vertex 13.9199 -3.48676 0
      vertex 11.7935 -1.6268 0
      vertex 11.8727 -1.60062 0
    endloop
  endfacet
  facet normal 0 0 -1
    outer loop
      vertex 13.9199 -3.48676 0
      vertex 11.7131 -1.64905 0
      vertex 11.7935 -1.6268 0
    endloop
  endfacet
  facet normal 0 0 -1
    outer loop
      vertex 13.7321 -4.16558 0
      vertex 11.6317 -1.66733 0
      vertex 11.7131 -1.64905 0
    endloop
  endfacet
  facet normal 0 0 -1
    outer loop
      vertex 13.7321 -4.16558 0
      vertex 11.5494 -1.6816 0
      vertex 11.6317 -1.66733 0
    endloop
  endfacet
  facet normal 0 0 -1
    outer loop
      vertex 5.69313 -6.72031 0
      vertex 11.526 -8.54828 0
      vertex 5.7 -7 0
    endloop
  endfacet
  facet normal 0 0 -1
    outer loop
      vertex 13.7321 -4.16558 0
      vertex 11.4666 -1.69181 0
      vertex 11.5494 -1.6816 0
    endloop
  endfacet
  facet normal 0 0 -1
    outer loop
      vertex 13.5112 -4.83437 0
      vertex 11.3834 -1.69795 0
      vertex 11.4666 -1.69181 0
    endloop
  endfacet
  facet normal 0 0 -1
    outer loop
      vertex 13.5112 -4.83437 0
      vertex 11.3 -1.7 0
      vertex 11.3834 -1.69795 0
    endloop
  endfacet
  facet normal 0 0 -1
    outer loop
      vertex 13.5112 -4.83437 0
      vertex 11.2166 -1.69795 0
      vertex 11.3 -1.7 0
    endloop
  endfacet
  facet normal 0 0 -1
    outer loop
      vertex 13.2577 -5.49151 0
      vertex 11.1334 -1.69181 0
      vertex 11.2166 -1.69795 0
    endloop
  endfacet
  facet normal 0 0 -1
    outer loop
      vertex 5.7 -7 0
      vertex 11.526 -8.54828 0
      vertex 11.0927 -9.10354 0
    endloop
  endfacet
  facet normal 0 0 -1
    outer loop
      vertex 13.2577 -5.49151 0
      vertex 11.0506 -1.6816 0
      vertex 11.1334 -1.69181 0
    endloop
  endfacet
  facet normal 0 0 -1
    outer loop
      vertex 13.2577 -5.49151 0
      vertex 10.9683 -1.66733 0
      vertex 11.0506 -1.6816 0
    endloop
  endfacet
  facet normal 0 0 -1
    outer loop
      vertex 12.9722 -6.13542 0
      vertex 10.8869 -1.64905 0
      vertex 10.9683 -1.66733 0
    endloop
  endfacet
  facet normal 0 0 -1
    outer loop
      vertex 12.9722 -6.13542 0
      vertex 10.8065 -1.6268 0
      vertex 10.8869 -1.64905 0
    endloop
  endfacet
  facet normal 0 0 -1
    outer loop
      vertex 12.6556 -6.76454 0
      vertex 10.7273 -1.60062 0
      vertex 10.8065 -1.6268 0
    endloop
  endfacet
  facet normal 0 0 -1
    outer loop
      vertex 5.67255 -6.4413 0
      vertex 11.9316 -7.97243 0
      vertex 5.69313 -6.72031 0
    endloop
  endfacet
  facet normal 0 0 -1
    outer loop
      vertex 5.69313 -7.27969 0
      vertex 11.0927 -9.10354 0
      vertex 10.6326 -9.63687 0
    endloop
  endfacet
  facet normal 0 0 -1
    outer loop
      vertex 12.6556 -6.76454 0
      vertex 10.6494 -1.57059 0
      vertex 10.7273 -1.60062 0
    endloop
  endfacet
  facet normal 0 0 -1
    outer loop
      vertex 11.9316 -7.97243 0
      vertex 5.63831 -6.16364 0
      vertex 12.3084 -7.37737 0
    endloop
  endfacet
  facet normal 0 0 -1
    outer loop
      vertex 5.59048 -5.88799 0
      vertex 12.3084 -7.37737 0
      vertex 5.63831 -6.16364 0
    endloop
  endfacet
  facet normal 0 0 -1
    outer loop
      vertex 12.3084 -7.37737 0
      vertex 5.59048 -5.88799 0
      vertex 12.6556 -6.76454 0
    endloop
  endfacet
  facet normal 0 0 -1
    outer loop
      vertex 12.6556 -6.76454 0
      vertex 5.59048 -5.88799 0
      vertex 10.6494 -1.57059 0
    endloop
  endfacet
  facet normal 0 0 -1
    outer loop
      vertex 5.52918 -5.61501 0
      vertex 10.6494 -1.57059 0
      vertex 5.59048 -5.88799 0
    endloop
  endfacet
  facet normal -0 0 -1
    outer loop
      vertex 10.6494 -1.57059 0
      vertex 5.52918 -5.61501 0
      vertex 10.5732 -1.53678 0
    endloop
  endfacet
  facet normal 0 0 -1
    outer loop
      vertex 5.67255 -7.5587 0
      vertex 10.6326 -9.63687 0
      vertex 10.147 -10.147 0
    endloop
  endfacet
  facet normal -0 0 -1
    outer loop
      vertex 10.5732 -1.53678 0
      vertex 5.52918 -5.61501 0
      vertex 10.4986 -1.49927 0
    endloop
  endfacet
  facet normal 0 0 -1
    outer loop
      vertex 5.45456 -5.34538 0
      vertex 10.4986 -1.49927 0
      vertex 5.52918 -5.61501 0
    endloop
  endfacet
  facet normal -0 0 -1
    outer loop
      vertex 10.4986 -1.49927 0
      vertex 5.45456 -5.34538 0
      vertex 10.426 -1.45814 0
    endloop
  endfacet
  facet normal -0 0 -1
    outer loop
      vertex 10.426 -1.45814 0
      vertex 5.45456 -5.34538 0
      vertex 10.3555 -1.4135 0
    endloop
  endfacet
  facet normal 0 0 -1
    outer loop
      vertex 5.3668 -5.07973 0
      vertex 10.3555 -1.4135 0
      vertex 5.45456 -5.34538 0
    endloop
  endfacet
  facet normal -0 0 -1
    outer loop
      vertex 10.3555 -1.4135 0
      vertex 5.3668 -5.07973 0
      vertex 10.2873 -1.36545 0
    endloop
  endfacet
  facet normal -0 0 -1
    outer loop
      vertex 10.2873 -1.36545 0
      vertex 5.3668 -5.07973 0
      vertex 10.2215 -1.31412 0
    endloop
  endfacet
  facet normal 0 0 -1
    outer loop
      vertex 5.26611 -4.8187 0
      vertex 10.2215 -1.31412 0
      vertex 5.3668 -5.07973 0
    endloop
  endfacet
  facet normal -0 0 -1
    outer loop
      vertex 10.2215 -1.31412 0
      vertex 5.26611 -4.8187 0
      vertex 10.1583 -1.25962 0
    endloop
  endfacet
  facet normal -0 0 -1
    outer loop
      vertex 10.1583 -1.25962 0
      vertex 5.26611 -4.8187 0
      vertex 10.0979 -1.20208 0
    endloop
  endfacet
  facet normal 0 0 -1
    outer loop
      vertex 5.15274 -4.56294 0
      vertex 10.0979 -1.20208 0
      vertex 5.26611 -4.8187 0
    endloop
  endfacet
  facet normal -0 0 -1
    outer loop
      vertex 10.0979 -1.20208 0
      vertex 5.15274 -4.56294 0
      vertex 10.0404 -1.14165 0
    endloop
  endfacet
  facet normal 0 0 -1
    outer loop
      vertex 5.59048 -8.11201 0
      vertex 10.147 -10.147 0
      vertex 9.63687 -10.6326 0
    endloop
  endfacet
  facet normal 0 0 -1
    outer loop
      vertex 5.02695 -4.31304 0
      vertex 10.0404 -1.14165 0
      vertex 5.15274 -4.56294 0
    endloop
  endfacet
  facet normal -0 0 -1
    outer loop
      vertex 10.0404 -1.14165 0
      vertex 5.02695 -4.31304 0
      vertex 9.98588 -1.07847 0
    endloop
  endfacet
  facet normal -0 0 -1
    outer loop
      vertex 9.98588 -1.07847 0
      vertex 5.02695 -4.31304 0
      vertex 9.93455 -1.01269 0
    endloop
  endfacet
  facet normal 0 0 -1
    outer loop
      vertex 4.88905 -4.06961 0
      vertex 9.93455 -1.01269 0
      vertex 5.02695 -4.31304 0
    endloop
  endfacet
  facet normal -0 0 -1
    outer loop
      vertex 9.93455 -1.01269 0
      vertex 4.88905 -4.06961 0
      vertex 9.8865 -0.944468 0
    endloop
  endfacet
  facet normal 0 0 -1
    outer loop
      vertex 5.52918 -8.38499 0
      vertex 9.63687 -10.6326 0
      vertex 9.10354 -11.0927 0
    endloop
  endfacet
  facet normal 0 0 -1
    outer loop
      vertex 12.8706 0.650561 0
      vertex 14.3327 0.704121 0
      vertex 12.9006 0.572712 0
    endloop
  endfacet
  facet normal -0 0 -1
    outer loop
      vertex 14.3327 0.704121 0
      vertex 12.8706 0.650561 0
      vertex 14.2809 1.40655 0
    endloop
  endfacet
  facet normal 0 0 -1
    outer loop
      vertex 12.8368 0.726843 0
      vertex 14.2809 1.40655 0
      vertex 12.8706 0.650561 0
    endloop
  endfacet
  facet normal 0 0 -1
    outer loop
      vertex 12.7993 0.801374 0
      vertex 14.2809 1.40655 0
      vertex 12.8368 0.726843 0
    endloop
  endfacet
  facet normal 0 0 -1
    outer loop
      vertex 12.7581 0.873974 0
      vertex 14.2809 1.40655 0
      vertex 12.7993 0.801374 0
    endloop
  endfacet
  facet normal 0 0 -1
    outer loop
      vertex 12.7135 0.944468 0
      vertex 14.2809 1.40655 0
      vertex 12.7581 0.873974 0
    endloop
  endfacet
  facet normal 0 0 -1
    outer loop
      vertex 12.6655 1.01269 0
      vertex 14.2809 1.40655 0
      vertex 12.7135 0.944468 0
    endloop
  endfacet
  facet normal 0 0 -1
    outer loop
      vertex 12.6141 1.07847 0
      vertex 14.2809 1.40655 0
      vertex 12.6655 1.01269 0
    endloop
  endfacet
  facet normal -0 0 -1
    outer loop
      vertex 14.2809 1.40655 0
      vertex 12.6141 1.07847 0
      vertex 14.1947 2.10558 0
    endloop
  endfacet
  facet normal 0 0 -1
    outer loop
      vertex 12.5596 1.14165 0
      vertex 14.1947 2.10558 0
      vertex 12.6141 1.07847 0
    endloop
  endfacet
  facet normal 0 0 -1
    outer loop
      vertex 12.5021 1.20208 0
      vertex 14.1947 2.10558 0
      vertex 12.5596 1.14165 0
    endloop
  endfacet
  facet normal 0 0 -1
    outer loop
      vertex 12.4417 1.25962 0
      vertex 14.1947 2.10558 0
      vertex 12.5021 1.20208 0
    endloop
  endfacet
  facet normal 0 0 -1
    outer loop
      vertex 12.3785 1.31412 0
      vertex 14.1947 2.10558 0
      vertex 12.4417 1.25962 0
    endloop
  endfacet
  facet normal 0 0 -1
    outer loop
      vertex 12.3127 1.36545 0
      vertex 14.1947 2.10558 0
      vertex 12.3785 1.31412 0
    endloop
  endfacet
  facet normal -0 0 -1
    outer loop
      vertex 14.1947 2.10558 0
      vertex 12.3127 1.36545 0
      vertex 14.0743 2.79955 0
    endloop
  endfacet
  facet normal 0 0 -1
    outer loop
      vertex 12.2445 1.4135 0
      vertex 14.0743 2.79955 0
      vertex 12.3127 1.36545 0
    endloop
  endfacet
  facet normal 0 0 -1
    outer loop
      vertex 12.174 1.45814 0
      vertex 14.0743 2.79955 0
      vertex 12.2445 1.4135 0
    endloop
  endfacet
  facet normal 0 0 -1
    outer loop
      vertex 12.1014 1.49927 0
      vertex 14.0743 2.79955 0
      vertex 12.174 1.45814 0
    endloop
  endfacet
  facet normal 0 0 -1
    outer loop
      vertex 12.0268 1.53678 0
      vertex 14.0743 2.79955 0
      vertex 12.1014 1.49927 0
    endloop
  endfacet
  facet normal -0 0 -1
    outer loop
      vertex 14.0743 2.79955 0
      vertex 12.0268 1.53678 0
      vertex 13.9199 3.48676 0
    endloop
  endfacet
  facet normal 0 0 -1
    outer loop
      vertex 11.9506 1.57059 0
      vertex 13.9199 3.48676 0
      vertex 12.0268 1.53678 0
    endloop
  endfacet
  facet normal 0 0 -1
    outer loop
      vertex 11.8727 1.60062 0
      vertex 13.9199 3.48676 0
      vertex 11.9506 1.57059 0
    endloop
  endfacet
  facet normal 0 0 -1
    outer loop
      vertex 11.7935 1.6268 0
      vertex 13.9199 3.48676 0
      vertex 11.8727 1.60062 0
    endloop
  endfacet
  facet normal 0 0 -1
    outer loop
      vertex 11.7131 1.64905 0
      vertex 13.9199 3.48676 0
      vertex 11.7935 1.6268 0
    endloop
  endfacet
  facet normal -0 0 -1
    outer loop
      vertex 13.9199 3.48676 0
      vertex 11.7131 1.64905 0
      vertex 13.7321 4.16558 0
    endloop
  endfacet
  facet normal 0 0 -1
    outer loop
      vertex 11.6317 1.66733 0
      vertex 13.7321 4.16558 0
      vertex 11.7131 1.64905 0
    endloop
  endfacet
  facet normal 0 0 -1
    outer loop
      vertex 11.5494 1.6816 0
      vertex 13.7321 4.16558 0
      vertex 11.6317 1.66733 0
    endloop
  endfacet
  facet normal 0 0 -1
    outer loop
      vertex 11.4666 1.69181 0
      vertex 13.7321 4.16558 0
      vertex 11.5494 1.6816 0
    endloop
  endfacet
  facet normal -0 0 -1
    outer loop
      vertex 13.7321 4.16558 0
      vertex 11.4666 1.69181 0
      vertex 13.5112 4.83437 0
    endloop
  endfacet
  facet normal 0 0 -1
    outer loop
      vertex 11.3834 1.69795 0
      vertex 13.5112 4.83437 0
      vertex 11.4666 1.69181 0
    endloop
  endfacet
  facet normal 0 0 -1
    outer loop
      vertex 11.3 1.7 0
      vertex 13.5112 4.83437 0
      vertex 11.3834 1.69795 0
    endloop
  endfacet
  facet normal 0 0 -1
    outer loop
      vertex 11.2166 1.69795 0
      vertex 13.5112 4.83437 0
      vertex 11.3 1.7 0
    endloop
  endfacet
  facet normal -0 0 -1
    outer loop
      vertex 13.5112 4.83437 0
      vertex 11.2166 1.69795 0
      vertex 13.2577 5.49151 0
    endloop
  endfacet
  facet normal 0 0 -1
    outer loop
      vertex 11.1334 1.69181 0
      vertex 13.2577 5.49151 0
      vertex 11.2166 1.69795 0
    endloop
  endfacet
  facet normal 0 0 -1
    outer loop
      vertex 11.0506 1.6816 0
      vertex 13.2577 5.49151 0
      vertex 11.1334 1.69181 0
    endloop
  endfacet
  facet normal 0 0 -1
    outer loop
      vertex 10.9683 1.66733 0
      vertex 13.2577 5.49151 0
      vertex 11.0506 1.6816 0
    endloop
  endfacet
  facet normal -0 0 -1
    outer loop
      vertex 13.2577 5.49151 0
      vertex 10.9683 1.66733 0
      vertex 12.9722 6.13542 0
    endloop
  endfacet
  facet normal 0 0 -1
    outer loop
      vertex 10.8869 1.64905 0
      vertex 12.9722 6.13542 0
      vertex 10.9683 1.66733 0
    endloop
  endfacet
  facet normal 0 0 -1
    outer loop
      vertex 10.8065 1.6268 0
      vertex 12.9722 6.13542 0
      vertex 10.8869 1.64905 0
    endloop
  endfacet
  facet normal -0 0 -1
    outer loop
      vertex 12.9722 6.13542 0
      vertex 10.8065 1.6268 0
      vertex 12.6556 6.76454 0
    endloop
  endfacet
  facet normal 0 0 -1
    outer loop
      vertex 10.7273 1.60062 0
      vertex 12.6556 6.76454 0
      vertex 10.8065 1.6268 0
    endloop
  endfacet
  facet normal 0 0 -1
    outer loop
      vertex 10.6494 1.57059 0
      vertex 12.6556 6.76454 0
      vertex 10.7273 1.60062 0
    endloop
  endfacet
  facet normal -0 0 -1
    outer loop
      vertex 12.6556 6.76454 0
      vertex 10.6494 1.57059 0
      vertex 12.3084 7.37737 0
    endloop
  endfacet
  facet normal 0 0 -1
    outer loop
      vertex 5.7 7 0
      vertex 10.6494 1.57059 0
      vertex 10.5732 1.53678 0
    endloop
  endfacet
  facet normal 0 0 -1
    outer loop
      vertex 5.7 7 0
      vertex 10.5732 1.53678 0
      vertex 10.4986 1.49927 0
    endloop
  endfacet
  facet normal 0 0 -1
    outer loop
      vertex 10.6494 1.57059 0
      vertex 5.7 7 0
      vertex 12.3084 7.37737 0
    endloop
  endfacet
  facet normal 0 0 -1
    outer loop
      vertex 5.7 7 0
      vertex 10.4986 1.49927 0
      vertex 10.426 1.45814 0
    endloop
  endfacet
  facet normal -0 0 -1
    outer loop
      vertex 12.3084 7.37737 0
      vertex 5.7 7 0
      vertex 11.9316 7.97243 0
    endloop
  endfacet
  facet normal 0 0 -1
    outer loop
      vertex 5.7 7 0
      vertex 10.426 1.45814 0
      vertex 10.3555 1.4135 0
    endloop
  endfacet
  facet normal 0 0 -1
    outer loop
      vertex 5.7 7 0
      vertex 10.3555 1.4135 0
      vertex 10.2873 1.36545 0
    endloop
  endfacet
  facet normal -0 0 -1
    outer loop
      vertex 11.9316 7.97243 0
      vertex 5.7 7 0
      vertex 11.526 8.54828 0
    endloop
  endfacet
  facet normal 0 0 -1
    outer loop
      vertex 5.7 7 0
      vertex 10.2873 1.36545 0
      vertex 10.2215 1.31412 0
    endloop
  endfacet
  facet normal -0 0 -1
    outer loop
      vertex 11.526 8.54828 0
      vertex 5.7 7 0
      vertex 11.0927 9.10354 0
    endloop
  endfacet
  facet normal 0 0 -1
    outer loop
      vertex 5.7 7 0
      vertex 10.2215 1.31412 0
      vertex 10.1583 1.25962 0
    endloop
  endfacet
  facet normal 0 0 -1
    outer loop
      vertex 5.69313 7.27969 0
      vertex 11.0927 9.10354 0
      vertex 5.7 7 0
    endloop
  endfacet
  facet normal 0 0 -1
    outer loop
      vertex 5.7 7 0
      vertex 10.1583 1.25962 0
      vertex 10.0979 1.20208 0
    endloop
  endfacet
  facet normal 0 0 -1
    outer loop
      vertex 5.7 7 0
      vertex 10.0979 1.20208 0
      vertex 10.0404 1.14165 0
    endloop
  endfacet
  facet normal 0 0 -1
    outer loop
      vertex 5.7 7 0
      vertex 10.0404 1.14165 0
      vertex 9.98588 1.07847 0
    endloop
  endfacet
  facet normal 0 0 -1
    outer loop
      vertex 5.7 7 0
      vertex 9.98588 1.07847 0
      vertex 9.93455 1.01269 0
    endloop
  endfacet
  facet normal 0 0 -1
    outer loop
      vertex 5.7 7 0
      vertex 9.93455 1.01269 0
      vertex 9.8865 0.944468 0
    endloop
  endfacet
  facet normal 0 0 -1
    outer loop
      vertex 5.7 7 0
      vertex 9.8865 0.944468 0
      vertex 9.84186 0.873974 0
    endloop
  endfacet
  facet normal 0 0 -1
    outer loop
      vertex 5.7 7 0
      vertex 9.84186 0.873974 0
      vertex 9.80073 0.801374 0
    endloop
  endfacet
  facet normal 0 0 -1
    outer loop
      vertex 5.7 7 0
      vertex 9.80073 0.801374 0
      vertex 9.76322 0.726843 0
    endloop
  endfacet
  facet normal 0 0 -1
    outer loop
      vertex 5.7 7 0
      vertex 9.76322 0.726843 0
      vertex 9.72941 0.650561 0
    endloop
  endfacet
  facet normal 0 0 -1
    outer loop
      vertex 5.7 7 0
      vertex 9.72941 0.650561 0
      vertex 9.69938 0.572712 0
    endloop
  endfacet
  facet normal 0 0 -1
    outer loop
      vertex 5.7 7 0
      vertex 9.69938 0.572712 0
      vertex 9.6732 0.493484 0
    endloop
  endfacet
  facet normal 0 0 -1
    outer loop
      vertex 5.7 7 0
      vertex 9.6732 0.493484 0
      vertex 9.65095 0.413066 0
    endloop
  endfacet
  facet normal -0 0 -1
    outer loop
      vertex 11.0927 9.10354 0
      vertex 5.69313 7.27969 0
      vertex 10.6326 9.63687 0
    endloop
  endfacet
  facet normal 0 0 -1
    outer loop
      vertex 5.7 7 0
      vertex 9.65095 0.413066 0
      vertex 9.63267 0.331653 0
    endloop
  endfacet
  facet normal 0 0 -1
    outer loop
      vertex 9.60819 0.166629 0
      vertex 5.7 7 0
      vertex 9.6184 0.249441 0
    endloop
  endfacet
  facet normal 0 0 -1
    outer loop
      vertex 9.60205 0.083415 0
      vertex 5.7 7 0
      vertex 9.60819 0.166629 0
    endloop
  endfacet
  facet normal 0 0 -1
    outer loop
      vertex 9.6 0 0
      vertex 5.7 7 0
      vertex 9.60205 0.083415 0
    endloop
  endfacet
  facet normal 0 0 -1
    outer loop
      vertex 4.73938 -3.83325 0
      vertex 9.84186 -0.873974 0
      vertex 4.88905 -4.06961 0
    endloop
  endfacet
  facet normal -0 0 -1
    outer loop
      vertex 9.8865 -0.944468 0
      vertex 4.88905 -4.06961 0
      vertex 9.84186 -0.873974 0
    endloop
  endfacet
  facet normal 0 0 -1
    outer loop
      vertex 9.6184 0.249441 0
      vertex 5.7 7 0
      vertex 9.63267 0.331653 0
    endloop
  endfacet
  facet normal 0 0 -1
    outer loop
      vertex 5.3668 -8.92027 0
      vertex 9.10354 -11.0927 0
      vertex 8.54828 -11.526 0
    endloop
  endfacet
  facet normal 0 0 -1
    outer loop
      vertex 5.67255 7.5587 0
      vertex 10.6326 9.63687 0
      vertex 5.69313 7.27969 0
    endloop
  endfacet
  facet normal 0 0 -1
    outer loop
      vertex 5.26611 -9.1813 0
      vertex 8.54828 -11.526 0
      vertex 7.97243 -11.9316 0
    endloop
  endfacet
  facet normal -0 0 -1
    outer loop
      vertex 10.6326 9.63687 0
      vertex 5.67255 7.5587 0
      vertex 10.147 10.147 0
    endloop
  endfacet
  facet normal 0 0 -1
    outer loop
      vertex 5.02695 -9.68696 0
      vertex 7.97243 -11.9316 0
      vertex 7.37737 -12.3084 0
    endloop
  endfacet
  facet normal 0 0 -1
    outer loop
      vertex 5.63831 7.83636 0
      vertex 10.147 10.147 0
      vertex 5.67255 7.5587 0
    endloop
  endfacet
  facet normal 0 0 -1
    outer loop
      vertex 4.73938 -10.1667 0
      vertex 7.37737 -12.3084 0
      vertex 6.76454 -12.6556 0
    endloop
  endfacet
  facet normal 0 0 -1
    outer loop
      vertex 5.59048 8.11201 0
      vertex 10.147 10.147 0
      vertex 5.63831 7.83636 0
    endloop
  endfacet
  facet normal 0 0 -1
    outer loop
      vertex 4.57828 -10.3955 0
      vertex 6.76454 -12.6556 0
      vertex 6.13542 -12.9722 0
    endloop
  endfacet
  facet normal -0 0 -1
    outer loop
      vertex 10.147 10.147 0
      vertex 5.59048 8.11201 0
      vertex 9.63687 10.6326 0
    endloop
  endfacet
  facet normal 0 0 -1
    outer loop
      vertex 5.52918 8.38499 0
      vertex 9.63687 10.6326 0
      vertex 5.59048 8.11201 0
    endloop
  endfacet
  facet normal 0 0 -1
    outer loop
      vertex 11.0927 -9.10354 0
      vertex 5.69313 -7.27969 0
      vertex 5.7 -7 0
    endloop
  endfacet
  facet normal 0 0 -1
    outer loop
      vertex 10.6326 -9.63687 0
      vertex 5.67255 -7.5587 0
      vertex 5.69313 -7.27969 0
    endloop
  endfacet
  facet normal 0 0 -1
    outer loop
      vertex 10.147 -10.147 0
      vertex 5.63831 -7.83636 0
      vertex 5.67255 -7.5587 0
    endloop
  endfacet
  facet normal 0 0 -1
    outer loop
      vertex 10.147 -10.147 0
      vertex 5.59048 -8.11201 0
      vertex 5.63831 -7.83636 0
    endloop
  endfacet
  facet normal 0 0 -1
    outer loop
      vertex 9.63687 -10.6326 0
      vertex 5.52918 -8.38499 0
      vertex 5.59048 -8.11201 0
    endloop
  endfacet
  facet normal 0 0 -1
    outer loop
      vertex 4.22342 -10.8279 0
      vertex 6.13542 -12.9722 0
      vertex 5.49151 -13.2577 0
    endloop
  endfacet
  facet normal 0 0 -1
    outer loop
      vertex 9.10354 -11.0927 0
      vertex 5.45456 -8.65462 0
      vertex 5.52918 -8.38499 0
    endloop
  endfacet
  facet normal 0 0 -1
    outer loop
      vertex 9.10354 -11.0927 0
      vertex 5.3668 -8.92027 0
      vertex 5.45456 -8.65462 0
    endloop
  endfacet
  facet normal 0 0 -1
    outer loop
      vertex 8.54828 -11.526 0
      vertex 5.26611 -9.1813 0
      vertex 5.3668 -8.92027 0
    endloop
  endfacet
  facet normal 0 0 -1
    outer loop
      vertex 7.97243 -11.9316 0
      vertex 5.15274 -9.43706 0
      vertex 5.26611 -9.1813 0
    endloop
  endfacet
  facet normal 0 0 -1
    outer loop
      vertex 7.97243 -11.9316 0
      vertex 5.02695 -9.68696 0
      vertex 5.15274 -9.43706 0
    endloop
  endfacet
  facet normal 0 0 -1
    outer loop
      vertex 7.37737 -12.3084 0
      vertex 4.88905 -9.93039 0
      vertex 5.02695 -9.68696 0
    endloop
  endfacet
  facet normal 0 0 -1
    outer loop
      vertex 3.82789 -11.2234 0
      vertex 5.49151 -13.2577 0
      vertex 4.83437 -13.5112 0
    endloop
  endfacet
  facet normal 0 0 -1
    outer loop
      vertex 7.37737 -12.3084 0
      vertex 4.73938 -10.1667 0
      vertex 4.88905 -9.93039 0
    endloop
  endfacet
  facet normal 0 0 -1
    outer loop
      vertex 6.76454 -12.6556 0
      vertex 4.57828 -10.3955 0
      vertex 4.73938 -10.1667 0
    endloop
  endfacet
  facet normal 0 0 -1
    outer loop
      vertex 6.13542 -12.9722 0
      vertex 4.40616 -10.616 0
      vertex 4.57828 -10.3955 0
    endloop
  endfacet
  facet normal 0 0 -1
    outer loop
      vertex 6.13542 -12.9722 0
      vertex 4.22342 -10.8279 0
      vertex 4.40616 -10.616 0
    endloop
  endfacet
  facet normal 0 0 -1
    outer loop
      vertex 3.39549 -11.5783 0
      vertex 4.83437 -13.5112 0
      vertex 4.16558 -13.7321 0
    endloop
  endfacet
  facet normal 0 0 -1
    outer loop
      vertex 5.49151 -13.2577 0
      vertex 4.03051 -11.0305 0
      vertex 4.22342 -10.8279 0
    endloop
  endfacet
  facet normal 0 0 -1
    outer loop
      vertex 5.49151 -13.2577 0
      vertex 3.82789 -11.2234 0
      vertex 4.03051 -11.0305 0
    endloop
  endfacet
  facet normal 0 0 -1
    outer loop
      vertex 4.83437 -13.5112 0
      vertex 3.61604 -11.4062 0
      vertex 3.82789 -11.2234 0
    endloop
  endfacet
  facet normal 0 0 -1
    outer loop
      vertex 2.93039 -11.8891 0
      vertex 4.16558 -13.7321 0
      vertex 3.48676 -13.9199 0
    endloop
  endfacet
  facet normal 0 0 -1
    outer loop
      vertex 4.83437 -13.5112 0
      vertex 3.39549 -11.5783 0
      vertex 3.61604 -11.4062 0
    endloop
  endfacet
  facet normal 0 0 -1
    outer loop
      vertex 4.16558 -13.7321 0
      vertex 3.16675 -11.7394 0
      vertex 3.39549 -11.5783 0
    endloop
  endfacet
  facet normal 0 0 -1
    outer loop
      vertex 4.16558 -13.7321 0
      vertex 2.93039 -11.8891 0
      vertex 3.16675 -11.7394 0
    endloop
  endfacet
  facet normal 0 0 -1
    outer loop
      vertex 2.43706 -12.1527 0
      vertex 3.48676 -13.9199 0
      vertex 2.79955 -14.0743 0
    endloop
  endfacet
  facet normal 0 0 -1
    outer loop
      vertex 3.48676 -13.9199 0
      vertex 2.68696 -12.027 0
      vertex 2.93039 -11.8891 0
    endloop
  endfacet
  facet normal 0 0 -1
    outer loop
      vertex 3.48676 -13.9199 0
      vertex 2.43706 -12.1527 0
      vertex 2.68696 -12.027 0
    endloop
  endfacet
  facet normal 0 0 -1
    outer loop
      vertex 2.79955 -14.0743 0
      vertex 2.1813 -12.2661 0
      vertex 2.43706 -12.1527 0
    endloop
  endfacet
  facet normal 0 0 -1
    outer loop
      vertex 1.92027 -12.3668 0
      vertex 2.79955 -14.0743 0
      vertex 2.10558 -14.1947 0
    endloop
  endfacet
  facet normal 0 0 -1
    outer loop
      vertex 2.79955 -14.0743 0
      vertex 1.92027 -12.3668 0
      vertex 2.1813 -12.2661 0
    endloop
  endfacet
  facet normal 0 0 -1
    outer loop
      vertex 2.10558 -14.1947 0
      vertex 1.65462 -12.4546 0
      vertex 1.92027 -12.3668 0
    endloop
  endfacet
  facet normal 0 0 -1
    outer loop
      vertex 1.38499 -12.5292 0
      vertex 2.10558 -14.1947 0
      vertex 1.40655 -14.2809 0
    endloop
  endfacet
  facet normal 0 0 -1
    outer loop
      vertex 2.10558 -14.1947 0
      vertex 1.38499 -12.5292 0
      vertex 1.65462 -12.4546 0
    endloop
  endfacet
  facet normal 0 0 -1
    outer loop
      vertex 1.40655 -14.2809 0
      vertex 1.11201 -12.5905 0
      vertex 1.38499 -12.5292 0
    endloop
  endfacet
  facet normal 0 0 -1
    outer loop
      vertex 1.40655 -14.2809 0
      vertex 0.836363 -12.6383 0
      vertex 1.11201 -12.5905 0
    endloop
  endfacet
  facet normal 0 0 -1
    outer loop
      vertex 0.704121 -14.3327 0
      vertex 0.836363 -12.6383 0
      vertex 1.40655 -14.2809 0
    endloop
  endfacet
  facet normal 0 0 -1
    outer loop
      vertex 0.704121 -14.3327 0
      vertex 0.558697 -12.6726 0
      vertex 0.836363 -12.6383 0
    endloop
  endfacet
  facet normal 0 0 -1
    outer loop
      vertex 0.704121 -14.3327 0
      vertex 0.279685 -12.6931 0
      vertex 0.558697 -12.6726 0
    endloop
  endfacet
  facet normal 0 0 -1
    outer loop
      vertex 0 -14.35 0
      vertex 0.279685 -12.6931 0
      vertex 0.704121 -14.3327 0
    endloop
  endfacet
  facet normal 0 0 -1
    outer loop
      vertex 0 -14.35 0
      vertex 0 -12.7 0
      vertex 0.279685 -12.6931 0
    endloop
  endfacet
  facet normal 0 0 -1
    outer loop
      vertex 0 -14.35 0
      vertex -0.279685 -12.6931 0
      vertex 0 -12.7 0
    endloop
  endfacet
  facet normal 0 0 -1
    outer loop
      vertex -0.704121 -14.3327 0
      vertex -0.279685 -12.6931 0
      vertex 0 -14.35 0
    endloop
  endfacet
  facet normal -0 0 -1
    outer loop
      vertex -0.279685 -12.6931 0
      vertex -0.704121 -14.3327 0
      vertex -0.558697 -12.6726 0
    endloop
  endfacet
  facet normal 0 0 -1
    outer loop
      vertex -0.704121 -14.3327 0
      vertex -0.836363 -12.6383 0
      vertex -0.558697 -12.6726 0
    endloop
  endfacet
  facet normal 0 0 -1
    outer loop
      vertex -1.40655 -14.2809 0
      vertex -0.836363 -12.6383 0
      vertex -0.704121 -14.3327 0
    endloop
  endfacet
  facet normal -0 0 -1
    outer loop
      vertex -0.836363 -12.6383 0
      vertex -1.40655 -14.2809 0
      vertex -1.11201 -12.5905 0
    endloop
  endfacet
  facet normal -0 0 -1
    outer loop
      vertex -1.11201 -12.5905 0
      vertex -1.40655 -14.2809 0
      vertex -1.38499 -12.5292 0
    endloop
  endfacet
  facet normal 0 0 -1
    outer loop
      vertex -2.10558 -14.1947 0
      vertex -1.38499 -12.5292 0
      vertex -1.40655 -14.2809 0
    endloop
  endfacet
  facet normal -0 0 -1
    outer loop
      vertex -1.38499 -12.5292 0
      vertex -2.10558 -14.1947 0
      vertex -1.65462 -12.4546 0
    endloop
  endfacet
  facet normal -0 0 -1
    outer loop
      vertex -1.65462 -12.4546 0
      vertex -2.10558 -14.1947 0
      vertex -1.92027 -12.3668 0
    endloop
  endfacet
  facet normal 0 0 -1
    outer loop
      vertex -2.79955 -14.0743 0
      vertex -1.92027 -12.3668 0
      vertex -2.10558 -14.1947 0
    endloop
  endfacet
  facet normal -0 0 -1
    outer loop
      vertex -1.92027 -12.3668 0
      vertex -2.79955 -14.0743 0
      vertex -2.1813 -12.2661 0
    endloop
  endfacet
  facet normal -0 0 -1
    outer loop
      vertex -2.1813 -12.2661 0
      vertex -2.79955 -14.0743 0
      vertex -2.43706 -12.1527 0
    endloop
  endfacet
  facet normal 0 0 -1
    outer loop
      vertex -3.48676 -13.9199 0
      vertex -2.43706 -12.1527 0
      vertex -2.79955 -14.0743 0
    endloop
  endfacet
  facet normal -0 0 -1
    outer loop
      vertex -2.43706 -12.1527 0
      vertex -3.48676 -13.9199 0
      vertex -2.68696 -12.027 0
    endloop
  endfacet
  facet normal -0 0 -1
    outer loop
      vertex -2.68696 -12.027 0
      vertex -3.48676 -13.9199 0
      vertex -2.93039 -11.8891 0
    endloop
  endfacet
  facet normal 0 0 -1
    outer loop
      vertex -4.16558 -13.7321 0
      vertex -2.93039 -11.8891 0
      vertex -3.48676 -13.9199 0
    endloop
  endfacet
  facet normal -0 0 -1
    outer loop
      vertex -2.93039 -11.8891 0
      vertex -4.16558 -13.7321 0
      vertex -3.16675 -11.7394 0
    endloop
  endfacet
  facet normal -0 0 -1
    outer loop
      vertex -3.16675 -11.7394 0
      vertex -4.16558 -13.7321 0
      vertex -3.39549 -11.5783 0
    endloop
  endfacet
  facet normal 0 0 -1
    outer loop
      vertex -4.83437 -13.5112 0
      vertex -3.39549 -11.5783 0
      vertex -4.16558 -13.7321 0
    endloop
  endfacet
  facet normal -0 0 -1
    outer loop
      vertex -3.39549 -11.5783 0
      vertex -4.83437 -13.5112 0
      vertex -3.61604 -11.4062 0
    endloop
  endfacet
  facet normal -0 0 -1
    outer loop
      vertex -3.61604 -11.4062 0
      vertex -4.83437 -13.5112 0
      vertex -3.82789 -11.2234 0
    endloop
  endfacet
  facet normal 0 0 -1
    outer loop
      vertex -5.49151 -13.2577 0
      vertex -3.82789 -11.2234 0
      vertex -4.83437 -13.5112 0
    endloop
  endfacet
  facet normal -0 0 -1
    outer loop
      vertex -3.82789 -11.2234 0
      vertex -5.49151 -13.2577 0
      vertex -4.03051 -11.0305 0
    endloop
  endfacet
  facet normal -0 0 -1
    outer loop
      vertex -4.03051 -11.0305 0
      vertex -5.49151 -13.2577 0
      vertex -4.22342 -10.8279 0
    endloop
  endfacet
  facet normal 0 0 -1
    outer loop
      vertex -6.13542 -12.9722 0
      vertex -4.22342 -10.8279 0
      vertex -5.49151 -13.2577 0
    endloop
  endfacet
  facet normal -0 0 -1
    outer loop
      vertex -4.22342 -10.8279 0
      vertex -6.13542 -12.9722 0
      vertex -4.40616 -10.616 0
    endloop
  endfacet
  facet normal -0 0 -1
    outer loop
      vertex -4.40616 -10.616 0
      vertex -6.13542 -12.9722 0
      vertex -4.57828 -10.3955 0
    endloop
  endfacet
  facet normal -0 0 -1
    outer loop
      vertex -4.57828 -10.3955 0
      vertex -6.13542 -12.9722 0
      vertex -4.73938 -10.1667 0
    endloop
  endfacet
  facet normal -0 0 -1
    outer loop
      vertex -4.73938 -10.1667 0
      vertex -6.13542 -12.9722 0
      vertex -4.88905 -9.93039 0
    endloop
  endfacet
  facet normal -0 0 -1
    outer loop
      vertex -4.88905 -9.93039 0
      vertex -6.13542 -12.9722 0
      vertex -5.02695 -9.68696 0
    endloop
  endfacet
  facet normal -0 0 -1
    outer loop
      vertex -5.02695 -9.68696 0
      vertex -6.13542 -12.9722 0
      vertex -5.15274 -9.43706 0
    endloop
  endfacet
  facet normal -0 0 -1
    outer loop
      vertex -5.15274 -9.43706 0
      vertex -6.13542 -12.9722 0
      vertex -5.26611 -9.1813 0
    endloop
  endfacet
  facet normal -0 0 -1
    outer loop
      vertex -5.26611 -9.1813 0
      vertex -6.13542 -12.9722 0
      vertex -5.3668 -8.92027 0
    endloop
  endfacet
  facet normal -0 0 -1
    outer loop
      vertex -5.3668 -8.92027 0
      vertex -6.13542 -12.9722 0
      vertex -5.45456 -8.65462 0
    endloop
  endfacet
  facet normal -0 0 -1
    outer loop
      vertex -5.45456 -8.65462 0
      vertex -6.13542 -12.9722 0
      vertex -5.52918 -8.38499 0
    endloop
  endfacet
  facet normal -0 0 -1
    outer loop
      vertex -5.52918 -8.38499 0
      vertex -6.13542 -12.9722 0
      vertex -5.59048 -8.11201 0
    endloop
  endfacet
  facet normal -0 0 -1
    outer loop
      vertex -5.59048 -8.11201 0
      vertex -6.13542 -12.9722 0
      vertex -5.63831 -7.83636 0
    endloop
  endfacet
  facet normal 0 0 -1
    outer loop
      vertex -9.63267 -0.331653 0
      vertex -5.63831 -7.83636 0
      vertex -6.13542 -12.9722 0
    endloop
  endfacet
  facet normal 0 0 -1
    outer loop
      vertex -5.69313 -7.27969 0
      vertex -9.63267 -0.331653 0
      vertex -5.7 -7 0
    endloop
  endfacet
  facet normal 0 0 -1
    outer loop
      vertex -5.67255 -7.5587 0
      vertex -9.63267 -0.331653 0
      vertex -5.69313 -7.27969 0
    endloop
  endfacet
  facet normal 0 0 -1
    outer loop
      vertex -5.63831 -7.83636 0
      vertex -9.63267 -0.331653 0
      vertex -5.67255 -7.5587 0
    endloop
  endfacet
  facet normal 0.659834 -0.254539 -0.706986
    outer loop
      vertex 13.812 -5.72112 0.599999
      vertex 13.2577 -5.49151 0
      vertex 13.5112 -4.83437 0
    endloop
  endfacet
  facet normal -0.788314 0.615274 0
    outer loop
      vertex -12.008 8.9057 0.599999
      vertex -11.5565 9.48418 1.7
      vertex -11.5565 9.48418 0.599999
    endloop
  endfacet
  facet normal -0.788314 0.615274 0
    outer loop
      vertex -11.5565 9.48418 1.7
      vertex -12.008 8.9057 0.599999
      vertex -12.008 8.9057 1.7
    endloop
  endfacet
  facet normal -0.724203 0.689587 0
    outer loop
      vertex -11.0772 10.0398 0.599999
      vertex -10.5712 10.5712 1.7
      vertex -10.5712 10.5712 0.599999
    endloop
  endfacet
  facet normal -0.724203 0.689587 0
    outer loop
      vertex -10.5712 10.5712 1.7
      vertex -11.0772 10.0398 0.599999
      vertex -11.0772 10.0398 1.7
    endloop
  endfacet
  facet normal 0.0245304 0.999699 -0
    outer loop
      vertex 0.733562 14.932 0.599999
      vertex 0 14.95 1.7
      vertex 0.733562 14.932 1.7
    endloop
  endfacet
  facet normal 0.0245304 0.999699 0
    outer loop
      vertex 0 14.95 1.7
      vertex 0.733562 14.932 0.599999
      vertex 0 14.95 0.599999
    endloop
  endfacet
  facet normal 0.646528 -0.286661 -0.706985
    outer loop
      vertex 13.812 -5.72112 0.599999
      vertex 12.9722 -6.13542 0
      vertex 13.2577 -5.49151 0
    endloop
  endfacet
endsolid OpenSCAD_Model
